/**
 * generated by fontconvert.py
 * name: ubuntu_10_bold
 * size: 10
 * mode: 1-bit
 * Command used: fontconvert.py ubuntu_10_bold 10 ../builtinFonts/source/Ubuntu/Ubuntu-Bold.ttf /tmp/NotoSansCJKSC-Bold.ttf --additional-intervals 0x3002,0x3002 --additional-intervals 0x4e00,0x4e00 --additional-intervals 0x4e0a,0x4e0a --additional-intervals 0x4e0b,0x4e0b --additional-intervals 0x4e0d,0x4e0d --additional-intervals 0x4e24,0x4e24 --additional-intervals 0x4e2a,0x4e2a --additional-intervals 0x4e2d,0x4e2d --additional-intervals 0x4e32,0x4e32 --additional-intervals 0x4e3a,0x4e3a --additional-intervals 0x4e3b,0x4e3b --additional-intervals 0x4e49,0x4e49 --additional-intervals 0x4e66,0x4e66 --additional-intervals 0x4e8c,0x4e8c --additional-intervals 0x4eba,0x4eba --additional-intervals 0x4ece,0x4ece --additional-intervals 0x4ed6,0x4ed6 --additional-intervals 0x4ee3,0x4ee3 --additional-intervals 0x4ee5,0x4ee5 --additional-intervals 0x4ef6,0x4ef6 --additional-intervals 0x4f20,0x4f20 --additional-intervals 0x4f4d,0x4f4d --additional-intervals 0x4f4f,0x4f4f --additional-intervals 0x4f53,0x4f53 --additional-intervals 0x4f7f,0x4f7f --additional-intervals 0x4f9b,0x4f9b --additional-intervals 0x4fa7,0x4fa7 --additional-intervals 0x4fdd,0x4fdd --additional-intervals 0x4fee,0x4fee --additional-intervals 0x5012,0x5012 --additional-intervals 0x503c,0x503c --additional-intervals 0x503e,0x503e --additional-intervals 0x5148,0x5148 --additional-intervals 0x5149,0x5149 --additional-intervals 0x5165,0x5165 --additional-intervals 0x5171,0x5171 --additional-intervals 0x5173,0x5173 --additional-intervals 0x5185,0x5185 --additional-intervals 0x518d,0x518d --additional-intervals 0x5199,0x5199 --additional-intervals 0x51d1,0x51d1 --additional-intervals 0x51ed,0x51ed --additional-intervals 0x51fa,0x51fa --additional-intervals 0x5206,0x5206 --additional-intervals 0x5207,0x5207 --additional-intervals 0x521b,0x521b --additional-intervals 0x5220,0x5220 --additional-intervals 0x5230,0x5230 --additional-intervals 0x5236,0x5236 --additional-intervals 0x5237,0x5237 --additional-intervals 0x524d,0x524d --additional-intervals 0x526a,0x526a --additional-intervals 0x529f,0x529f --additional-intervals 0x52a0,0x52a0 --additional-intervals 0x52a1,0x52a1 --additional-intervals 0x52a8,0x52a8 --additional-intervals 0x5339,0x5339 --additional-intervals 0x5360,0x5360 --additional-intervals 0x5361,0x5361 --additional-intervals 0x539f,0x539f --additional-intervals 0x53d6,0x53d6 --additional-intervals 0x53e3,0x53e3 --additional-intervals 0x53ef,0x53ef --additional-intervals 0x53f3,0x53f3 --additional-intervals 0x53f7,0x53f7 --additional-intervals 0x540c,0x540c --additional-intervals 0x540d,0x540d --additional-intervals 0x540e,0x540e --additional-intervals 0x5411,0x5411 --additional-intervals 0x5426,0x5426 --additional-intervals 0x542f,0x542f --additional-intervals 0x544a,0x544a --additional-intervals 0x547d,0x547d --additional-intervals 0x54c8,0x54c8 --additional-intervals 0x5668,0x5668 --additional-intervals 0x56de,0x56de --additional-intervals 0x56e0,0x56e0 --additional-intervals 0x56f4,0x56f4 --additional-intervals 0x56fe,0x56fe --additional-intervals 0x5728,0x5728 --additional-intervals 0x5730,0x5730 --additional-intervals 0x5740,0x5740 --additional-intervals 0x5907,0x5907 --additional-intervals 0x590d,0x590d --additional-intervals 0x5916,0x5916 --additional-intervals 0x5927,0x5927 --additional-intervals 0x5931,0x5931 --additional-intervals 0x59cb,0x59cb --additional-intervals 0x5b57,0x5b57 --additional-intervals 0x5b58,0x5b58 --additional-intervals 0x5b8c,0x5b8c --additional-intervals 0x5b9a,0x5b9a --additional-intervals 0x5bbd,0x5bbd --additional-intervals 0x5bc6,0x5bc6 --additional-intervals 0x5bf9,0x5bf9 --additional-intervals 0x5c01,0x5c01 --additional-intervals 0x5c04,0x5c04 --additional-intervals 0x5c06,0x5c06 --additional-intervals 0x5c0f,0x5c0f --additional-intervals 0x5c31,0x5c31 --additional-intervals 0x5c40,0x5c40 --additional-intervals 0x5c45,0x5c45 --additional-intervals 0x5c4f,0x5c4f --additional-intervals 0x5d29,0x5d29 --additional-intervals 0x5d4c,0x5d4c --additional-intervals 0x5de6,0x5de6 --additional-intervals 0x5df2,0x5df2 --additional-intervals 0x5e03,0x5e03 --additional-intervals 0x5e0c,0x5e0c --additional-intervals 0x5e55,0x5e55 --additional-intervals 0x5e76,0x5e76 --additional-intervals 0x5e94,0x5e94 --additional-intervals 0x5ea6,0x5ea6 --additional-intervals 0x5efa,0x5efa --additional-intervals 0x5f00,0x5f00 --additional-intervals 0x5f0f,0x5f0f --additional-intervals 0x5f15,0x5f15 --additional-intervals 0x5f53,0x5f53 --additional-intervals 0x5f55,0x5f55 --additional-intervals 0x5fd8,0x5fd8 --additional-intervals 0x5ffd,0x5ffd --additional-intervals 0x6001,0x6001 --additional-intervals 0x60a8,0x60a8 --additional-intervals 0x60c5,0x60c5 --additional-intervals 0x6210,0x6210 --additional-intervals 0x6216,0x6216 --additional-intervals 0x622a,0x622a --additional-intervals 0x6237,0x6237 --additional-intervals 0x6240,0x6240 --additional-intervals 0x624b,0x624b --additional-intervals 0x6253,0x6253 --additional-intervals 0x626b,0x626b --additional-intervals 0x627e,0x627e --additional-intervals 0x6297,0x6297 --additional-intervals 0x62a5,0x62a5 --additional-intervals 0x62e9,0x62e9 --additional-intervals 0x6309,0x6309 --additional-intervals 0x6362,0x6362 --additional-intervals 0x636e,0x636e --additional-intervals 0x63a5,0x63a5 --additional-intervals 0x63a7,0x63a7 --additional-intervals 0x63cf,0x63cf --additional-intervals 0x63d0,0x63d0 --additional-intervals 0x63d2,0x63d2 --additional-intervals 0x641c,0x641c --additional-intervals 0x6536,0x6536 --additional-intervals 0x6545,0x6545 --additional-intervals 0x6570,0x6570 --additional-intervals 0x6587,0x6587 --additional-intervals 0x659c,0x659c --additional-intervals 0x65ad,0x65ad --additional-intervals 0x65b0,0x65b0 --additional-intervals 0x65b9,0x65b9 --additional-intervals 0x65e0,0x65e0 --additional-intervals 0x65f6,0x65f6 --additional-intervals 0x6620,0x6620 --additional-intervals 0x662f,0x662f --additional-intervals 0x663e,0x663e --additional-intervals 0x666e,0x666e --additional-intervals 0x66f4,0x66f4 --additional-intervals 0x6700,0x6700 --additional-intervals 0x6709,0x6709 --additional-intervals 0x670d,0x670d --additional-intervals 0x672a,0x672a --additional-intervals 0x672c,0x672c --additional-intervals 0x673a,0x673a --additional-intervals 0x675f,0x675f --additional-intervals 0x6761,0x6761 --additional-intervals 0x6765,0x6765 --additional-intervals 0x677e,0x677e --additional-intervals 0x6790,0x6790 --additional-intervals 0x67e5,0x67e5 --additional-intervals 0x6807,0x6807 --additional-intervals 0x680f,0x680f --additional-intervals 0x6837,0x6837 --additional-intervals 0x6863,0x6863 --additional-intervals 0x68c0,0x68c0 --additional-intervals 0x6a21,0x6a21 --additional-intervals 0x6a2a,0x6a2a --additional-intervals 0x6b21,0x6b21 --additional-intervals 0x6b63,0x6b63 --additional-intervals 0x6b64,0x6b64 --additional-intervals 0x6b65,0x6b65 --additional-intervals 0x6bb5,0x6bb5 --additional-intervals 0x6bcf,0x6bcf --additional-intervals 0x6bd4,0x6bd4 --additional-intervals 0x6ce8,0x6ce8 --additional-intervals 0x6d45,0x6d45 --additional-intervals 0x6d4f,0x6d4f --additional-intervals 0x6d88,0x6d88 --additional-intervals 0x6df1,0x6df1 --additional-intervals 0x6dfb,0x6dfb --additional-intervals 0x6e05,0x6e05 --additional-intervals 0x6e83,0x6e83 --additional-intervals 0x6e90,0x6e90 --additional-intervals 0x6ee4,0x6ee4 --additional-intervals 0x70b9,0x70b9 --additional-intervals 0x70ed,0x70ed --additional-intervals 0x7247,0x7247 --additional-intervals 0x7248,0x7248 --additional-intervals 0x7279,0x7279 --additional-intervals 0x72b6,0x72b6 --additional-intervals 0x7387,0x7387 --additional-intervals 0x7528,0x7528 --additional-intervals 0x7535,0x7535 --additional-intervals 0x754c,0x754c --additional-intervals 0x7565,0x7565 --additional-intervals 0x767e,0x767e --additional-intervals 0x7684,0x7684 --additional-intervals 0x76d8,0x76d8 --additional-intervals 0x76ee,0x76ee --additional-intervals 0x7720,0x7720 --additional-intervals 0x7761,0x7761 --additional-intervals 0x77ed,0x77ed --additional-intervals 0x7801,0x7801 --additional-intervals 0x786e,0x786e --additional-intervals 0x793a,0x793a --additional-intervals 0x79f0,0x79f0 --additional-intervals 0x79fb,0x79fb --additional-intervals 0x7a0b,0x7a0b --additional-intervals 0x7a7a,0x7a7a --additional-intervals 0x7ad6,0x7ad6 --additional-intervals 0x7ae0,0x7ae0 --additional-intervals 0x7aef,0x7aef --additional-intervals 0x7b26,0x7b26 --additional-intervals 0x7b2c,0x7b2c --additional-intervals 0x7b97,0x7b97 --additional-intervals 0x7c4d,0x7c4d --additional-intervals 0x7c97,0x7c97 --additional-intervals 0x7cfb,0x7cfb --additional-intervals 0x7d22,0x7d22 --additional-intervals 0x7d27,0x7d27 --additional-intervals 0x7ebf,0x7ebf --additional-intervals 0x7ec6,0x7ec6 --additional-intervals 0x7ec8,0x7ec8 --additional-intervals 0x7ed3,0x7ed3 --additional-intervals 0x7edc,0x7edc --additional-intervals 0x7edf,0x7edf --additional-intervals 0x7ee7,0x7ee7 --additional-intervals 0x7eea,0x7eea --additional-intervals 0x7eed,0x7eed --additional-intervals 0x7ef4,0x7ef4 --additional-intervals 0x7f13,0x7f13 --additional-intervals 0x7f16,0x7f16 --additional-intervals 0x7f51,0x7f51 --additional-intervals 0x7f6e,0x7f6e --additional-intervals 0x7ffb,0x7ffb --additional-intervals 0x80fd,0x80fd --additional-intervals 0x811a,0x811a --additional-intervals 0x81ea,0x81ea --additional-intervals 0x81f3,0x81f3 --additional-intervals 0x822c,0x822c --additional-intervals 0x8272,0x8272 --additional-intervals 0x8282,0x8282 --additional-intervals 0x8303,0x8303 --additional-intervals 0x83b7,0x83b7 --additional-intervals 0x843d,0x843d --additional-intervals 0x85cf,0x85cf --additional-intervals 0x884c,0x884c --additional-intervals 0x88c1,0x88c1 --additional-intervals 0x892a,0x892a --additional-intervals 0x8981,0x8981 --additional-intervals 0x89c8,0x89c8 --additional-intervals 0x89e3,0x89e3 --additional-intervals 0x8a00,0x8a00 --additional-intervals 0x8ba1,0x8ba1 --additional-intervals 0x8ba2,0x8ba2 --additional-intervals 0x8ba4,0x8ba4 --additional-intervals 0x8bb0,0x8bb0 --additional-intervals 0x8bbe,0x8bbe --additional-intervals 0x8bc1,0x8bc1 --additional-intervals 0x8bd5,0x8bd5 --additional-intervals 0x8be6,0x8be6 --additional-intervals 0x8bed,0x8bed --additional-intervals 0x8bef,0x8bef --additional-intervals 0x8bf7,0x8bf7 --additional-intervals 0x8bfb,0x8bfb --additional-intervals 0x8d25,0x8d25 --additional-intervals 0x8d26,0x8d26 --additional-intervals 0x8d85,0x8d85 --additional-intervals 0x8ddd,0x8ddd --additional-intervals 0x8df3,0x8df3 --additional-intervals 0x8f6c,0x8f6c --additional-intervals 0x8f7d,0x8f7d --additional-intervals 0x8f91,0x8f91 --additional-intervals 0x8f93,0x8f93 --additional-intervals 0x8fb9,0x8fb9 --additional-intervals 0x8fd1,0x8fd1 --additional-intervals 0x8fd4,0x8fd4 --additional-intervals 0x8fdb,0x8fdb --additional-intervals 0x8fdc,0x8fdc --additional-intervals 0x8fde,0x8fde --additional-intervals 0x9000,0x9000 --additional-intervals 0x9002,0x9002 --additional-intervals 0x9006,0x9006 --additional-intervals 0x9009,0x9009 --additional-intervals 0x901a,0x901a --additional-intervals 0x914d,0x914d --additional-intervals 0x91cd,0x91cd --additional-intervals 0x91cf,0x91cf --additional-intervals 0x9488,0x9488 --additional-intervals 0x949f,0x949f --additional-intervals 0x94fe,0x94fe --additional-intervals 0x9519,0x9519 --additional-intervals 0x952e,0x952e --additional-intervals 0x952f,0x952f --additional-intervals 0x955c,0x955c --additional-intervals 0x957f,0x957f --additional-intervals 0x95f4,0x95f4 --additional-intervals 0x9605,0x9605 --additional-intervals 0x9633,0x9633 --additional-intervals 0x9644,0x9644 --additional-intervals 0x9664,0x9664 --additional-intervals 0x9690,0x9690 --additional-intervals 0x969c,0x969c --additional-intervals 0x9762,0x9762 --additional-intervals 0x9875,0x9875 --additional-intervals 0x9879,0x9879 --additional-intervals 0x987a,0x987a --additional-intervals 0x9884,0x9884 --additional-intervals 0x9891,0x9891 --additional-intervals 0x9898,0x9898 --additional-intervals 0x989d,0x989d --additional-intervals 0x9a8c,0x9a8c --additional-intervals 0x9ed8,0x9ed8 --additional-intervals 0x9f50,0x9f50 --additional-intervals 0x9f7f,0x9f7f
 */
#pragma once
#include "EpdFontData.h"

static const uint8_t ubuntu_10_boldBitmaps[40398] = {
    0xFF, 0xFF, 0xFF, 0xFF, 0xFF, 0x0F, 0xFF, 0xF0, 0xFF, 0xFF, 0xEF, 0xEF, 0xE7, 0xE7, 0x1E, 0xF0,
    0xF7, 0x87, 0x3C, 0x39, 0xCF, 0xFF, 0xFF, 0xFC, 0xF7, 0x87, 0x3C, 0x39, 0xC7, 0xFF, 0xFF, 0xFE,
    0xF7, 0x87, 0xBC, 0x39, 0xE1, 0xCE, 0x00, 0x0F, 0x01, 0xE0, 0x7F, 0x9F, 0xF7, 0xFC, 0xF3, 0x9E,
    0x03, 0xF8, 0x3F, 0xC3, 0xFC, 0x1F, 0x80, 0xF7, 0x1E, 0xFF, 0xDF, 0xFB, 0xFC, 0x0F, 0x01, 0xE0,
    0x3C, 0x00, 0x3E, 0x0E, 0x0F, 0xE3, 0xC1, 0xDC, 0xF0, 0x7B, 0xDE, 0x0F, 0x7F, 0x80, 0xEE, 0xF0,
    0x1F, 0xFC, 0x01, 0xF7, 0x7C, 0x01, 0xFF, 0xC0, 0x3B, 0xBC, 0x0F, 0x73, 0x81, 0xCE, 0x70, 0x79,
    0xDE, 0x1E, 0x3F, 0x83, 0xC3, 0xE0, 0x1F, 0x80, 0x7F, 0x80, 0xFF, 0x81, 0xEF, 0x03, 0xDE, 0x07,
    0xF8, 0x07, 0xE0, 0x1F, 0xDE, 0x7F, 0xBC, 0xE7, 0xF3, 0xC7, 0xE7, 0xC7, 0xC7, 0xFF, 0x8F, 0xFF,
    0x8F, 0xF7, 0x80, 0xFF, 0xEE, 0xEE, 0x1C, 0x3C, 0xF1, 0xE7, 0x8F, 0x1C, 0x78, 0xF1, 0xE3, 0xC7,
    0x8F, 0x0E, 0x1E, 0x3C, 0x3C, 0x78, 0x78, 0xE0, 0x63, 0xCF, 0x1E, 0x78, 0xF3, 0xCF, 0x3C, 0x71,
    0xCF, 0x3C, 0xF3, 0xDE, 0x7B, 0xCF, 0x18, 0x0E, 0x03, 0x87, 0xF9, 0xFF, 0x7F, 0xCF, 0xC3, 0xF8,
    0x6C, 0x1E, 0x07, 0x81, 0xE0, 0x78, 0xFF, 0xFF, 0xFF, 0xFC, 0x78, 0x1E, 0x07, 0x81, 0xE0, 0x7B,
    0xDE, 0xEF, 0x78, 0xFF, 0xFF, 0xF8, 0x77, 0xFE, 0xE0, 0x01, 0xE0, 0x3C, 0x0F, 0x01, 0xE0, 0x3C,
    0x0F, 0x01, 0xE0, 0x38, 0x0F, 0x01, 0xE0, 0x78, 0x0F, 0x01, 0xE0, 0x78, 0x0F, 0x01, 0xE0, 0x78,
    0x0F, 0x01, 0xE0, 0x78, 0x00, 0x1F, 0x83, 0xFC, 0x7F, 0xE7, 0xBE, 0x79, 0xEF, 0x1E, 0xF0, 0xFF,
    0x0F, 0xF0, 0xFF, 0x1E, 0x79, 0xE7, 0xBE, 0x7F, 0xE3, 0xFC, 0x1F, 0x80, 0x0F, 0x1F, 0x3F, 0x7F,
    0xFF, 0x7F, 0x0F, 0x0F, 0x0F, 0x0F, 0x0F, 0x0F, 0x0F, 0x0F, 0x0F, 0x3F, 0x8F, 0xF9, 0xFF, 0xBD,
    0xF2, 0x1E, 0x03, 0x80, 0xF0, 0x3C, 0x0F, 0x03, 0xC0, 0xF0, 0x3C, 0x07, 0xFE, 0xFF, 0xDF, 0xF8,
    0x3F, 0x8F, 0xF9, 0xFF, 0x39, 0xE0, 0x3C, 0x0F, 0x87, 0xE0, 0xFE, 0x03, 0xE0, 0x3C, 0x07, 0xB1,
    0xF7, 0xFD, 0xFF, 0x9F, 0xE0, 0x03, 0xC0, 0x7C, 0x0F, 0xC0, 0xFC, 0x1F, 0xC3, 0xFC, 0x3B, 0xC7,
    0xBC, 0xF3, 0xCF, 0xFF, 0xFF, 0xFF, 0xFF, 0x03, 0xC0, 0x3C, 0x03, 0xC0, 0x3F, 0xE7, 0xFC, 0xFF,
    0x9C, 0x03, 0x80, 0x7E, 0x1F, 0xF3, 0xFE, 0x0F, 0xE0, 0x3C, 0x07, 0xB1, 0xF7, 0xFC, 0xFF, 0x9F,
    0xE0, 0x03, 0xC0, 0xFE, 0x1F, 0xE3, 0xF8, 0x78, 0x07, 0xF8, 0x7F, 0xE7, 0xFE, 0xF9, 0xEF, 0x0F,
    0x78, 0xE7, 0xDE, 0x7F, 0xE3, 0xFC, 0x1F, 0x80, 0x7F, 0xE7, 0xFE, 0x7F, 0xE0, 0x3E, 0x03, 0xC0,
    0x78, 0x07, 0x80, 0x70, 0x0F, 0x00, 0xF0, 0x0E, 0x01, 0xE0, 0x1E, 0x01, 0xE0, 0x1E, 0x00, 0x1F,
    0x83, 0xFC, 0x7F, 0xE7, 0x9E, 0x79, 0xE7, 0x9E, 0x7F, 0xC3, 0xFC, 0x3F, 0xE7, 0xBE, 0x70, 0xE7,
    0x9E, 0x7F, 0xE7, 0xFE, 0x3F, 0x80, 0x1F, 0x83, 0xFC, 0x7F, 0xEF, 0xBE, 0xF1, 0xEF, 0x1E, 0xF9,
    0xE7, 0xFE, 0x7F, 0xE3, 0xFE, 0x01, 0xE0, 0xFC, 0x7F, 0xC7, 0xF0, 0x7E, 0x00, 0x77, 0xFE, 0xE0,
    0x00, 0x0E, 0xFF, 0xDC, 0x77, 0xFE, 0xE0, 0x00, 0x00, 0x7B, 0xDE, 0xEF, 0x78, 0x01, 0xC3, 0xF3,
    0xFF, 0xFE, 0xFE, 0x3C, 0x0F, 0xE3, 0xFE, 0x3F, 0xC3, 0xF0, 0x1C, 0xFF, 0xFF, 0xFF, 0xFC, 0x00,
    0x00, 0x3F, 0xFF, 0xFF, 0xFF, 0xE0, 0x3F, 0x0F, 0xF1, 0xFF, 0x1F, 0xC1, 0xF1, 0xFD, 0xFF, 0xFF,
    0x3F, 0x0E, 0x00, 0x7F, 0x3F, 0xEF, 0xF9, 0x9E, 0x07, 0x81, 0xE0, 0xF8, 0x7C, 0x1E, 0x0F, 0x03,
    0xC0, 0x00, 0x3C, 0x0F, 0x03, 0xC0, 0xF0, 0x07, 0xFC, 0x03, 0xFF, 0xE0, 0xFC, 0x7E, 0x3E, 0x03,
    0xE7, 0x3F, 0xDD, 0xEF, 0xFB, 0xB9, 0xEF, 0x7F, 0x79, 0xE7, 0xEF, 0x3C, 0xFD, 0xE7, 0xBF, 0xBC,
    0xF7, 0x73, 0xDE, 0xEF, 0x7F, 0xF8, 0xE7, 0xFE, 0x1E, 0x00, 0x01, 0xF8, 0xC0, 0x1F, 0xFC, 0x00,
    0xFF, 0x80, 0x07, 0xC0, 0x0F, 0x80, 0x1F, 0x80, 0x7F, 0x00, 0xFE, 0x03, 0xDE, 0x07, 0xBC, 0x0E,
    0x3C, 0x3C, 0x78, 0x7F, 0xF1, 0xFF, 0xF3, 0xFF, 0xE7, 0x83, 0xDE, 0x03, 0xFC, 0x07, 0x80, 0xFF,
    0xC7, 0xFF, 0x3F, 0xFD, 0xE3, 0xEF, 0x1F, 0x7F, 0xF3, 0xFF, 0x9F, 0xFE, 0xF1, 0xF7, 0x87, 0xBC,
    0x3D, 0xE3, 0xEF, 0xFF, 0x7F, 0xF3, 0xFF, 0x00, 0x0F, 0xF1, 0xFF, 0x9F, 0xFC, 0xFD, 0xEF, 0x80,
    0x78, 0x03, 0xC0, 0x1E, 0x00, 0xF0, 0x07, 0x80, 0x3E, 0x01, 0xF8, 0xE7, 0xFF, 0x1F, 0xF8, 0x7F,
    0xC0, 0xFF, 0xC3, 0xFF, 0x8F, 0xFF, 0x3C, 0x7E, 0xF0, 0x7B, 0xC1, 0xFF, 0x03, 0xFC, 0x0F, 0xF0,
    0x3F, 0xC1, 0xFF, 0x07, 0xBC, 0x7E, 0xFF, 0xF3, 0xFF, 0x8F, 0xFC, 0x00, 0xFF, 0xFF, 0xFF, 0xFF,
    0xF8, 0x0F, 0x01, 0xE0, 0x3F, 0xF7, 0xFE, 0xFF, 0xDE, 0x03, 0xC0, 0x78, 0x0F, 0xFF, 0xFF, 0xFF,
    0xF8, 0xFF, 0xFF, 0xFF, 0xFF, 0xF8, 0x0F, 0x01, 0xE0, 0x3F, 0xF7, 0xFE, 0xFF, 0xDE, 0x03, 0xC0,
    0x78, 0x0F, 0x01, 0xE0, 0x3C, 0x00, 0x0F, 0xF1, 0xFF, 0x9F, 0xFC, 0xFC, 0xEF, 0x80, 0x78, 0x03,
    0xC0, 0x1E, 0x0F, 0xF0, 0x7F, 0x83, 0xFE, 0x1E, 0xF8, 0xF7, 0xFF, 0x9F, 0xFC, 0x7F, 0xC0, 0xF0,
    0x7F, 0x83, 0xFC, 0x1F, 0xE0, 0xFF, 0x07, 0xF8, 0x3F, 0xFF, 0xFF, 0xFF, 0xFF, 0xFF, 0x83, 0xFC,
    0x1F, 0xE0, 0xFF, 0x07, 0xF8, 0x3F, 0xC1, 0xE0, 0xFF, 0xFF, 0xFF, 0xFF, 0xFF, 0xFF, 0xFF, 0xF0,
    0x03, 0xC0, 0xF0, 0x3C, 0x0F, 0x03, 0xC0, 0xF0, 0x3C, 0x0F, 0x03, 0xC0, 0xF0, 0x3D, 0x9F, 0xFF,
    0xFF, 0xE7, 0xF0, 0xF0, 0xFB, 0xC7, 0xCF, 0x3E, 0x3D, 0xF0, 0xFF, 0x83, 0xFC, 0x0F, 0xE0, 0x3F,
    0xC0, 0xFF, 0x83, 0xDF, 0x0F, 0x3C, 0x3C, 0xF8, 0xF1, 0xF3, 0xC3, 0xCF, 0x0F, 0x80, 0xF0, 0x1E,
    0x03, 0xC0, 0x78, 0x0F, 0x01, 0xE0, 0x3C, 0x07, 0x80, 0xF0, 0x1E, 0x03, 0xC0, 0x78, 0x0F, 0xFF,
    0xFF, 0xFF, 0xF8, 0x78, 0x0F, 0x3E, 0x0F, 0x9F, 0x07, 0xCF, 0xC7, 0xE7, 0xE3, 0xF7, 0xF1, 0xFB,
    0xFD, 0xFD, 0xEE, 0xEF, 0xF7, 0xF7, 0xFB, 0xF3, 0xFC, 0xF9, 0xFE, 0x7C, 0xFF, 0x1C, 0x7F, 0x80,
    0x3F, 0xC0, 0x1E, 0xF0, 0x3F, 0xE0, 0xFF, 0xC3, 0xFF, 0x8F, 0xFE, 0x3F, 0xFC, 0xFF, 0x7B, 0xFD,
    0xEF, 0xF3, 0xFF, 0xC7, 0xFF, 0x1F, 0xFC, 0x3F, 0xF0, 0x7F, 0xC1, 0xFF, 0x03, 0xC0, 0x0F, 0xE0,
    0x7F, 0xE1, 0xFF, 0xE3, 0xE7, 0xEF, 0x83, 0xDE, 0x07, 0xFC, 0x07, 0xF8, 0x0F, 0xF0, 0x1F, 0xE0,
    0x7F, 0xE0, 0xF3, 0xE7, 0xE7, 0xFF, 0x87, 0xFF, 0x03, 0xF8, 0x00, 0xFF, 0xCF, 0xFE, 0xFF, 0xFF,
    0x1F, 0xF0, 0xFF, 0x0F, 0xF3, 0xFF, 0xFF, 0xFF, 0xEF, 0xFC, 0xF0, 0x0F, 0x00, 0xF0, 0x0F, 0x00,
    0xF0, 0x00, 0x0F, 0xE0, 0x7F, 0xE1, 0xFF, 0xE3, 0xE7, 0xEF, 0x83, 0xDE, 0x07, 0xFC, 0x07, 0xF8,
    0x0F, 0xF0, 0x1F, 0xE0, 0x7F, 0xE0, 0xF3, 0xE7, 0xE7, 0xFF, 0x87, 0xFF, 0x07, 0xF8, 0x01, 0xF8,
    0x01, 0xFC, 0x01, 0xF0, 0xFF, 0x87, 0xFF, 0x3F, 0xF9, 0xE7, 0xEF, 0x0F, 0x78, 0x7B, 0xCF, 0xDF,
    0xFE, 0xFF, 0xE7, 0xFE, 0x3C, 0xF1, 0xE7, 0xCF, 0x1F, 0x78, 0x7B, 0xC3, 0xE0, 0x1F, 0xC3, 0xFE,
    0x7F, 0xE7, 0xCC, 0x78, 0x07, 0xC0, 0x7F, 0x83, 0xFC, 0x0F, 0xE0, 0x1F, 0x00, 0xF7, 0x1F, 0x7F,
    0xE7, 0xFE, 0x7F, 0xC0, 0xFF, 0xFF, 0xFF, 0xFF, 0xFE, 0x1E, 0x00, 0xF0, 0x07, 0x80, 0x3C, 0x01,
    0xE0, 0x0F, 0x00, 0x78, 0x03, 0xC0, 0x1E, 0x00, 0xF0, 0x07, 0x80, 0x3C, 0x00, 0xF0, 0x7F, 0x83,
    0xFC, 0x1F, 0xE0, 0xFF, 0x07, 0xF8, 0x3F, 0xC1, 0xFE, 0x0F, 0xF0, 0x7F, 0x83, 0xFC, 0x3F, 0xFB,
    0xE7, 0xFF, 0x1F, 0xF0, 0x7F, 0x00, 0xF0, 0x1F, 0xF0, 0x3D, 0xE0, 0xFB, 0xC1, 0xE7, 0xC3, 0xC7,
    0x8F, 0x0F, 0x1E, 0x1F, 0x3C, 0x1E, 0xF0, 0x3D, 0xE0, 0x3F, 0x80, 0x7F, 0x00, 0x7E, 0x00, 0xF8,
    0x01, 0xF0, 0x00, 0xF0, 0x00, 0xFF, 0x80, 0x1F, 0x78, 0xF1, 0xE7, 0x8F, 0x1E, 0x78, 0xF9, 0xE7,
    0x9F, 0x9E, 0x7D, 0xF9, 0xC3, 0xDF, 0xBC, 0x3F, 0xFF, 0xC3, 0xF9, 0xFC, 0x3F, 0x9F, 0x81, 0xF9,
    0xF8, 0x1F, 0x0F, 0x81, 0xF0, 0xF8, 0x0F, 0x0F, 0x00, 0xF8, 0x7D, 0xF1, 0xE3, 0xCF, 0x8F, 0xFC,
    0x1F, 0xE0, 0x3F, 0x80, 0xFC, 0x01, 0xF0, 0x0F, 0xC0, 0x7F, 0x81, 0xFF, 0x0F, 0xFC, 0x7C, 0xF9,
    0xE1, 0xFF, 0x87, 0xC0, 0xF8, 0x3F, 0xE1, 0xE7, 0xC7, 0x8F, 0x3C, 0x3F, 0xF0, 0x7F, 0x81, 0xFE,
    0x03, 0xF0, 0x0F, 0x80, 0x1E, 0x00, 0x78, 0x01, 0xE0, 0x07, 0x80, 0x1E, 0x00, 0x78, 0x00, 0x7F,
    0xF3, 0xFF, 0x9F, 0xFC, 0x03, 0xE0, 0x3E, 0x03, 0xE0, 0x3E, 0x01, 0xE0, 0x1F, 0x01, 0xF0, 0x0F,
    0x00, 0xF8, 0x07, 0xFF, 0xFF, 0xFF, 0xFF, 0xE0, 0x7E, 0xFD, 0xFB, 0x87, 0x0E, 0x1C, 0x38, 0x70,
    0xE1, 0xC3, 0x87, 0x0E, 0x1C, 0x38, 0x70, 0xFD, 0xFB, 0xF0, 0xF0, 0x0F, 0x01, 0xE0, 0x3C, 0x03,
    0xC0, 0x78, 0x0F, 0x00, 0xF0, 0x1E, 0x03, 0xC0, 0x3C, 0x07, 0x80, 0xF0, 0x0F, 0x01, 0xE0, 0x1C,
    0x03, 0xC0, 0x78, 0x07, 0x80, 0xF0, 0xFF, 0xFF, 0xC7, 0x1C, 0x71, 0xC7, 0x1C, 0x71, 0xC7, 0x1C,
    0x71, 0xC7, 0x1F, 0xFF, 0xFF, 0x0F, 0x01, 0xF0, 0x1F, 0x83, 0xFC, 0x3F, 0xC7, 0x9E, 0x79, 0xEF,
    0x0F, 0x70, 0xE0, 0xFF, 0xFF, 0xFF, 0xFF, 0x80, 0x63, 0xCF, 0x8E, 0x18, 0x3F, 0x87, 0xF8, 0xFF,
    0x19, 0xF3, 0xFE, 0xFF, 0xDE, 0x7F, 0xCF, 0x7F, 0xEF, 0xFC, 0xFF, 0x00, 0xF0, 0x1E, 0x03, 0xC0,
    0x78, 0x0F, 0x01, 0xFF, 0x3F, 0xF7, 0xFF, 0xFB, 0xFE, 0x3F, 0xC7, 0xF8, 0xFF, 0x3F, 0xFF, 0xBF,
    0xF7, 0xF8, 0x1F, 0xCF, 0xF7, 0xFD, 0xF2, 0x78, 0x1E, 0x07, 0x81, 0xF3, 0x7F, 0xCF, 0xF1, 0xFC,
    0x00, 0xF0, 0x0F, 0x00, 0xF0, 0x0F, 0x00, 0xF1, 0xFF, 0x3F, 0xF7, 0xFF, 0x7D, 0xF7, 0x8F, 0x78,
    0xF7, 0x8F, 0x7C, 0xF7, 0xFF, 0x3F, 0xF1, 0xFE, 0x1F, 0x83, 0xFE, 0x7F, 0xE7, 0x9F, 0x7F, 0xF7,
    0xFF, 0x78, 0x07, 0xC6, 0x7F, 0xE3, 0xFE, 0x1F, 0xE0, 0x3F, 0x3F, 0xBF, 0xDF, 0x6F, 0x07, 0xFB,
    0xFD, 0xFE, 0xF0, 0x78, 0x3C, 0x1E, 0x0F, 0x07, 0x83, 0xC1, 0xE0, 0x1F, 0xE7, 0xFD, 0xFF, 0xBE,
    0xF7, 0x9E, 0xF3, 0xDE, 0x7B, 0xFF, 0x3F, 0xE3, 0xFC, 0x07, 0x99, 0xF7, 0xFE, 0xFF, 0x9F, 0xE0,
    0xF0, 0x3C, 0x0F, 0x03, 0xC0, 0xF0, 0x3F, 0xEF, 0xFF, 0xFF, 0xF3, 0xFC, 0xFF, 0x3F, 0xCF, 0xF3,
    0xFC, 0xFF, 0x3F, 0xCF, 0xFF, 0xFF, 0x0F, 0xFF, 0xFF, 0xFF, 0xFF, 0xFF, 0x1E, 0x3C, 0x78, 0xF0,
    0x03, 0xC7, 0x8F, 0x1E, 0x3C, 0x78, 0xF1, 0xE3, 0xC7, 0x8F, 0x1F, 0xFF, 0xF7, 0xC0, 0xF0, 0x1E,
    0x03, 0xC0, 0x78, 0x0F, 0x01, 0xE7, 0xFD, 0xF7, 0xFC, 0xFF, 0x1F, 0xC3, 0xFC, 0x7F, 0x8F, 0x79,
    0xEF, 0xBC, 0xFF, 0x8F, 0xF3, 0xCF, 0x3C, 0xF3, 0xCF, 0x3C, 0xF3, 0xCF, 0x3C, 0xFB, 0xF7, 0x9E,
    0xFF, 0xFC, 0xFF, 0xFE, 0xFF, 0xFF, 0xF7, 0xDF, 0xF3, 0xCF, 0xF3, 0xCF, 0xF3, 0xCF, 0xF3, 0xCF,
    0xF3, 0xCF, 0xF3, 0xCF, 0xF3, 0xCF, 0xFF, 0xBF, 0xEF, 0xFF, 0xCF, 0xF3, 0xFC, 0xFF, 0x3F, 0xCF,
    0xF3, 0xFC, 0xFF, 0x3C, 0x1F, 0xC3, 0xFE, 0x7F, 0xE7, 0xDF, 0x78, 0xF7, 0x8F, 0x78, 0xF7, 0xDF,
    0x7F, 0xE3, 0xFE, 0x1F, 0xC0, 0xFF, 0x1F, 0xFB, 0xFF, 0x79, 0xFF, 0x1F, 0xE3, 0xFC, 0x7F, 0x9F,
    0xFF, 0xDF, 0xFB, 0xFE, 0x78, 0x0F, 0x01, 0xE0, 0x3C, 0x00, 0x1F, 0xE3, 0xFF, 0x7F, 0xF7, 0xCF,
    0x78, 0xF7, 0x8F, 0x78, 0xF7, 0xDF, 0x7F, 0xF3, 0xFF, 0x1F, 0xF0, 0x0F, 0x00, 0xF0, 0x0F, 0x00,
    0xF0, 0xFF, 0xFF, 0xFF, 0xF2, 0xF0, 0xF0, 0xF0, 0xF0, 0xF0, 0xF0, 0xF0, 0x3F, 0x9F, 0xE7, 0xF9,
    0xE6, 0x7F, 0x9F, 0xE3, 0xFD, 0x8F, 0x7F, 0xDF, 0xE7, 0xF0, 0xF0, 0xF0, 0xF0, 0xFF, 0xFF, 0xFF,
    0xF0, 0xF0, 0xF0, 0xF0, 0xFA, 0xFF, 0x7F, 0x3F, 0xF3, 0xFC, 0xFF, 0x3F, 0xCF, 0xF3, 0xFC, 0xFF,
    0x3F, 0xEF, 0xFF, 0xDF, 0xF3, 0xFC, 0xF0, 0xFF, 0x1E, 0x79, 0xE7, 0x9E, 0x7B, 0xC3, 0xFC, 0x3F,
    0x83, 0xF8, 0x1F, 0x81, 0xF0, 0x0F, 0x00, 0xF1, 0xC7, 0x79, 0xE7, 0x9C, 0xF3, 0xCF, 0x7D, 0xE7,
    0xBE, 0xE1, 0xFF, 0xF0, 0xFF, 0xF8, 0x7E, 0xF8, 0x1E, 0x7C, 0x0F, 0x3E, 0x07, 0x8E, 0x00, 0xF1,
    0xE7, 0x9E, 0x3F, 0xC3, 0xF8, 0x1F, 0x80, 0xF0, 0x1F, 0x83, 0xFC, 0x7B, 0xC7, 0x9E, 0xF1, 0xF0,
    0xF0, 0xFF, 0x1E, 0x79, 0xE7, 0x9E, 0x7B, 0xC3, 0xFC, 0x3F, 0x81, 0xF8, 0x1F, 0x81, 0xF0, 0x0F,
    0x01, 0xE0, 0xFE, 0x0F, 0xC0, 0xF8, 0x00, 0x7F, 0xDF, 0xF7, 0xFC, 0x1E, 0x0F, 0x07, 0x83, 0xC1,
    0xE0, 0x7F, 0xFF, 0xFF, 0xFC, 0x0F, 0x1F, 0x3F, 0x3C, 0x3C, 0x3C, 0x3C, 0x3C, 0x7C, 0xF8, 0xF8,
    0xFC, 0x7C, 0x3C, 0x3C, 0x3C, 0x3C, 0x3F, 0x1F, 0x1F, 0x77, 0x77, 0x77, 0x77, 0x77, 0x77, 0x77,
    0x77, 0x77, 0x77, 0xF0, 0xF8, 0xF8, 0x7C, 0x3C, 0x3C, 0x3C, 0x3C, 0x3C, 0x1E, 0x1E, 0x3E, 0x3C,
    0x3C, 0x3C, 0x3C, 0x7C, 0xF8, 0xF8, 0xF0, 0x3C, 0x77, 0xFF, 0x7F, 0xEF, 0xFE, 0xE3, 0xC0, 0xFF,
    0xFF, 0x0F, 0xFF, 0xFF, 0xFF, 0xFF, 0xF0, 0x0F, 0x03, 0xC0, 0xF0, 0x7F, 0x3F, 0xDF, 0xF7, 0xC9,
    0xE0, 0x78, 0x1F, 0x37, 0xFC, 0xFF, 0x1F, 0xC3, 0xC0, 0xF0, 0x3C, 0x0F, 0xC3, 0xF8, 0xFF, 0x1F,
    0x63, 0xC0, 0x78, 0x3F, 0xE7, 0xFC, 0xFF, 0x87, 0x80, 0xF0, 0x1E, 0x03, 0xFE, 0x7F, 0xDF, 0xF8,
    0x00, 0x07, 0x0E, 0xFF, 0xF7, 0xFE, 0x3B, 0xC7, 0x9E, 0x79, 0xE3, 0xBC, 0x7F, 0xEF, 0xFF, 0x70,
    0xC0, 0x78, 0x79, 0xF3, 0xE3, 0xCF, 0x0F, 0x3C, 0x1F, 0xE0, 0x7F, 0x80, 0xFC, 0x0F, 0xFC, 0x3F,
    0xF0, 0x1E, 0x00, 0x78, 0x0F, 0xFC, 0x3F, 0xF0, 0x1E, 0x00, 0x78, 0x00, 0xFF, 0xFF, 0xFF, 0xFF,
    0x00, 0x00, 0xFF, 0xFF, 0xFF, 0xFF, 0x1F, 0xC7, 0xF9, 0xFF, 0x3C, 0xC7, 0x80, 0x7E, 0x0F, 0xE3,
    0xFE, 0x73, 0xDE, 0x39, 0xE7, 0x3F, 0xE3, 0xF8, 0x3F, 0x80, 0xF3, 0x9E, 0x7F, 0xDF, 0xF9, 0xFE,
    0x00, 0x77, 0xFB, 0xDD, 0xE0, 0x0F, 0xE0, 0x7F, 0xE1, 0xF3, 0xE3, 0x80, 0xEE, 0x7D, 0xDD, 0xF9,
    0xFB, 0x93, 0xFF, 0x07, 0xEE, 0x4F, 0xDF, 0x9F, 0x9F, 0x73, 0x80, 0xE7, 0xCF, 0x87, 0xFE, 0x03,
    0xF8, 0x00, 0x7E, 0x7F, 0x0F, 0x7F, 0xFF, 0xFF, 0xFF, 0x7F, 0x00, 0x01, 0xC7, 0x3C, 0xF7, 0xDE,
    0x7B, 0xEF, 0xBC, 0x7B, 0xE7, 0xDE, 0x3C, 0xF1, 0xC7, 0x00, 0x00, 0xFF, 0xFF, 0xFF, 0xFC, 0x07,
    0x01, 0xC0, 0x70, 0x1C, 0x07, 0xFF, 0xFF, 0xF8, 0x0F, 0xE0, 0x7F, 0xE1, 0xF3, 0xE3, 0x80, 0xEE,
    0xFD, 0xDD, 0xFD, 0xFB, 0xBB, 0xF7, 0xE7, 0xEF, 0xCF, 0xDF, 0x9F, 0xBB, 0xF3, 0x80, 0xE7, 0xCF,
    0x87, 0xFE, 0x03, 0xF8, 0x00, 0xFF, 0xFF, 0x7C, 0xFE, 0xEE, 0xEE, 0xFE, 0x7C, 0x1E, 0x07, 0x81,
    0xE0, 0x78, 0xFF, 0xFF, 0xFF, 0xFC, 0x78, 0x1E, 0x07, 0x81, 0xE0, 0x00, 0xFF, 0xFF, 0xFF, 0xFC,
    0x7D, 0xFD, 0xB8, 0xF3, 0xCF, 0x1C, 0x7F, 0xFE, 0xFD, 0xFD, 0x79, 0xE3, 0xE1, 0xD3, 0xFF, 0xFC,
    0x10, 0xE7, 0xBC, 0x60, 0xF3, 0xFC, 0xFF, 0x3F, 0xCF, 0xF3, 0xFC, 0xFF, 0x3F, 0xEF, 0xFF, 0xFF,
    0xFF, 0xFF, 0xC0, 0xF0, 0x3C, 0x0F, 0x00, 0x0F, 0xF8, 0xFF, 0xF7, 0xFF, 0xDF, 0xEF, 0x7F, 0xBD,
    0xFE, 0xF7, 0xFB, 0xDF, 0xEF, 0x3F, 0xBC, 0x3E, 0xF0, 0x7B, 0xC1, 0xEF, 0x07, 0xBC, 0x1E, 0xF0,
    0x7B, 0xC1, 0xEF, 0x07, 0xBC, 0x1E, 0xF0, 0x7B, 0xC0, 0x77, 0xFE, 0xE0, 0x18, 0xE3, 0xDF, 0x7D,
    0xE0, 0x1D, 0xF7, 0xDF, 0x1C, 0x71, 0xC7, 0x1C, 0x3E, 0x3F, 0x9D, 0xFE, 0x7F, 0x3B, 0xBD, 0xFC,
    0x7E, 0x00, 0x03, 0x8E, 0x1E, 0xF0, 0xF3, 0xC3, 0xDF, 0x1F, 0x78, 0xF7, 0xCF, 0x3C, 0x7B, 0xC3,
    0x8E, 0x00, 0x00, 0x3C, 0x1C, 0x0F, 0x87, 0x83, 0xF0, 0xF0, 0x3E, 0x3C, 0x01, 0xC7, 0x80, 0x39,
    0xE0, 0x07, 0x3C, 0xF0, 0xEF, 0x3E, 0x1D, 0xEF, 0xC0, 0x7B, 0xB8, 0x0E, 0x7F, 0x03, 0xCF, 0xE0,
    0x70, 0x1C, 0x1E, 0x03, 0x83, 0x80, 0x00, 0x3C, 0x3C, 0x1F, 0x0F, 0x0F, 0xC7, 0x81, 0xF1, 0xC0,
    0x1C, 0xF0, 0x07, 0x38, 0x01, 0xDE, 0xF8, 0x77, 0x7E, 0x1F, 0xCF, 0xC0, 0xE0, 0xF0, 0x78, 0x78,
    0x1C, 0x3C, 0x0F, 0x0E, 0x03, 0x87, 0xF1, 0xE1, 0xFC, 0x7C, 0x1E, 0x0F, 0xC3, 0xC1, 0xB8, 0xF0,
    0x1E, 0x1E, 0x03, 0xE7, 0x80, 0x1C, 0xE0, 0x13, 0xBC, 0xF7, 0xF7, 0x3E, 0xFD, 0xEF, 0xC0, 0x3B,
    0xB8, 0x0F, 0x7F, 0x01, 0xCF, 0xE0, 0x78, 0x1C, 0x0E, 0x03, 0x83, 0xC0, 0x00, 0x0E, 0x07, 0xC1,
    0xF0, 0x38, 0x00, 0x03, 0x81, 0xE0, 0xF8, 0x7C, 0x1E, 0x0F, 0x03, 0xEE, 0xFF, 0x9F, 0xE3, 0xF8,
    0x03, 0x00, 0x0E, 0x00, 0x1E, 0x00, 0x1E, 0x00, 0x1C, 0x00, 0x00, 0x01, 0xF0, 0x03, 0xE0, 0x07,
    0xE0, 0x1F, 0xC0, 0x3F, 0x80, 0xF7, 0x81, 0xEF, 0x03, 0x8F, 0x0F, 0x1E, 0x1F, 0xFC, 0x7F, 0xFC,
    0xFF, 0xF9, 0xE0, 0xF7, 0x80, 0xFF, 0x01, 0xE0, 0x01, 0x80, 0x03, 0x80, 0x0F, 0x00, 0x3C, 0x00,
    0x70, 0x00, 0x00, 0x01, 0xF0, 0x03, 0xE0, 0x07, 0xE0, 0x1F, 0xC0, 0x3F, 0x80, 0xF7, 0x81, 0xEF,
    0x03, 0x8F, 0x0F, 0x1E, 0x1F, 0xFC, 0x7F, 0xFC, 0xFF, 0xF9, 0xE0, 0xF7, 0x80, 0xFF, 0x01, 0xE0,
    0x01, 0x80, 0x07, 0x00, 0x1F, 0x00, 0x7F, 0x00, 0x44, 0x00, 0x00, 0x01, 0xF0, 0x03, 0xE0, 0x07,
    0xE0, 0x1F, 0xC0, 0x3F, 0x80, 0xF7, 0x81, 0xEF, 0x03, 0x8F, 0x0F, 0x1E, 0x1F, 0xFC, 0x7F, 0xFC,
    0xFF, 0xF9, 0xE0, 0xF7, 0x80, 0xFF, 0x01, 0xE0, 0x0F, 0x60, 0x1F, 0xE0, 0x37, 0x80, 0x00, 0x00,
    0x7C, 0x00, 0xF8, 0x01, 0xF8, 0x07, 0xF0, 0x0F, 0xE0, 0x3D, 0xE0, 0x7B, 0xC0, 0xE3, 0xC3, 0xC7,
    0x87, 0xFF, 0x1F, 0xFF, 0x3F, 0xFE, 0x78, 0x3D, 0xE0, 0x3F, 0xC0, 0x78, 0x1E, 0xE0, 0x3D, 0xE0,
    0x7B, 0x80, 0x00, 0x00, 0x7C, 0x00, 0xF8, 0x01, 0xF8, 0x07, 0xF0, 0x0F, 0xE0, 0x3D, 0xE0, 0x7B,
    0xC0, 0xE3, 0xC3, 0xC7, 0x87, 0xFF, 0x1F, 0xFF, 0x3F, 0xFE, 0x78, 0x3D, 0xE0, 0x3F, 0xC0, 0x78,
    0x07, 0xC0, 0x0D, 0x80, 0x1B, 0x00, 0x3E, 0x00, 0x7C, 0x00, 0xF8, 0x03, 0xF8, 0x07, 0xF0, 0x0F,
    0xF0, 0x3D, 0xE0, 0x7B, 0xC1, 0xE3, 0xC3, 0xC7, 0x87, 0xFF, 0x1F, 0xFF, 0x3F, 0xFE, 0x78, 0x3D,
    0xE0, 0x3F, 0xC0, 0x78, 0x00, 0xFF, 0xF0, 0x07, 0xFF, 0x80, 0x7F, 0xFC, 0x03, 0xF8, 0x00, 0x3F,
    0xC0, 0x03, 0xDE, 0x00, 0x1E, 0xFF, 0x81, 0xE7, 0xFC, 0x0F, 0x3F, 0xE0, 0xFF, 0xE0, 0x0F, 0xFF,
    0x00, 0x7F, 0xF8, 0x07, 0xC3, 0xFF, 0xBC, 0x1F, 0xFF, 0xC0, 0xFF, 0xE0, 0x0F, 0xF1, 0xFF, 0x9F,
    0xFC, 0xFD, 0xEF, 0x80, 0x78, 0x03, 0xC0, 0x1E, 0x00, 0xF0, 0x07, 0x80, 0x3E, 0x00, 0xF8, 0xE7,
    0xFF, 0x1F, 0xF8, 0x3F, 0xC0, 0xE0, 0x07, 0x80, 0x1C, 0x03, 0xE0, 0x1F, 0x00, 0x0C, 0x03, 0x80,
    0x78, 0x07, 0x80, 0x70, 0x00, 0x3F, 0xFF, 0xFF, 0xFF, 0xFE, 0x03, 0xC0, 0x78, 0x0F, 0xFD, 0xFF,
    0xBF, 0xF7, 0x80, 0xF0, 0x1E, 0x03, 0xFF, 0xFF, 0xFF, 0xFE, 0x02, 0x00, 0xE0, 0x3C, 0x0F, 0x01,
    0xC0, 0x00, 0x3F, 0xFF, 0xFF, 0xFF, 0xFE, 0x03, 0xC0, 0x78, 0x0F, 0xFD, 0xFF, 0xBF, 0xF7, 0x80,
    0xF0, 0x1E, 0x03, 0xFF, 0xFF, 0xFF, 0xFE, 0x06, 0x01, 0xE0, 0x7E, 0x1F, 0xC1, 0x98, 0x00, 0x3F,
    0xFF, 0xFF, 0xFF, 0xFE, 0x03, 0xC0, 0x78, 0x0F, 0xFD, 0xFF, 0xBF, 0xF7, 0x80, 0xF0, 0x1E, 0x03,
    0xFF, 0xFF, 0xFF, 0xFE, 0x3B, 0xCF, 0x78, 0xEF, 0x00, 0x0F, 0xFF, 0xFF, 0xFF, 0xFF, 0x80, 0xF0,
    0x1E, 0x03, 0xFF, 0x7F, 0xEF, 0xFD, 0xE0, 0x3C, 0x07, 0x80, 0xFF, 0xFF, 0xFF, 0xFF, 0x80, 0x21,
    0xC7, 0x8F, 0x1C, 0x07, 0x9E, 0x79, 0xE7, 0x9E, 0x79, 0xE7, 0x9E, 0x79, 0xE7, 0x9E, 0x78, 0x33,
    0xDF, 0xEE, 0x03, 0xDE, 0xF7, 0xBD, 0xEF, 0x7B, 0xDE, 0xF7, 0xBD, 0xEF, 0x00, 0x30, 0xF3, 0xF7,
    0xFC, 0xC0, 0x1E, 0x3C, 0x78, 0xF1, 0xE3, 0xC7, 0x8F, 0x1E, 0x3C, 0x78, 0xF1, 0xE3, 0xC7, 0x80,
    0xF7, 0x7B, 0xFD, 0xC0, 0x03, 0xC1, 0xE0, 0xF0, 0x78, 0x3C, 0x1E, 0x0F, 0x07, 0x83, 0xC1, 0xE0,
    0xF0, 0x78, 0x3C, 0x1E, 0x0F, 0x00, 0x3F, 0xE0, 0x7F, 0xF0, 0xFF, 0xF1, 0xE7, 0xE3, 0xC3, 0xE7,
    0x83, 0xFF, 0xC7, 0xFF, 0x8F, 0x3C, 0x1E, 0x78, 0x3C, 0xF0, 0xF9, 0xE7, 0xE3, 0xFF, 0x87, 0xFE,
    0x0F, 0xF8, 0x00, 0x0F, 0x60, 0x7F, 0x81, 0xBC, 0x00, 0x00, 0xF0, 0x3F, 0xE0, 0xFF, 0xC3, 0xFF,
    0x8F, 0xFE, 0x3F, 0xFC, 0xFF, 0x7B, 0xFD, 0xEF, 0xF3, 0xFF, 0xC7, 0xFF, 0x1F, 0xFC, 0x3F, 0xF0,
    0x7F, 0xC1, 0xFF, 0x03, 0xC0, 0x02, 0x00, 0x0E, 0x00, 0x1E, 0x00, 0x1E, 0x00, 0x1C, 0x00, 0x00,
    0x03, 0xF8, 0x1F, 0xF8, 0x7F, 0xF8, 0xF9, 0xFB, 0xE0, 0xF7, 0x81, 0xFF, 0x01, 0xFE, 0x03, 0xFC,
    0x07, 0xF8, 0x1F, 0xF8, 0x3C, 0xF9, 0xF9, 0xFF, 0xE1, 0xFF, 0xC0, 0xFE, 0x00, 0x01, 0x80, 0x07,
    0x80, 0x0F, 0x00, 0x3C, 0x00, 0x60, 0x00, 0x00, 0x03, 0xF8, 0x1F, 0xF8, 0x7F, 0xF8, 0xF9, 0xFB,
    0xE0, 0xF7, 0x81, 0xFF, 0x01, 0xFE, 0x03, 0xFC, 0x07, 0xF8, 0x1F, 0xF8, 0x3C, 0xF9, 0xF9, 0xFF,
    0xE1, 0xFF, 0xC0, 0xFE, 0x00, 0x03, 0x00, 0x0F, 0x00, 0x3F, 0x00, 0x7F, 0x00, 0xCC, 0x00, 0x00,
    0x03, 0xF8, 0x1F, 0xF8, 0x7F, 0xF8, 0xF9, 0xFB, 0xE0, 0xF7, 0x81, 0xFF, 0x01, 0xFE, 0x03, 0xFC,
    0x07, 0xF8, 0x1F, 0xF8, 0x3C, 0xF9, 0xF9, 0xFF, 0xE1, 0xFF, 0xC0, 0xFE, 0x00, 0x0F, 0x60, 0x3F,
    0xC0, 0x37, 0x80, 0x00, 0x00, 0xFE, 0x07, 0xFE, 0x1F, 0xFE, 0x3E, 0x7E, 0xF8, 0x3D, 0xE0, 0x7F,
    0xC0, 0x7F, 0x80, 0xFF, 0x01, 0xFE, 0x07, 0xFE, 0x0F, 0x3E, 0x7E, 0x7F, 0xF8, 0x7F, 0xF0, 0x3F,
    0x80, 0x1C, 0xE0, 0x3D, 0xC0, 0x73, 0x80, 0x00, 0x00, 0xFE, 0x07, 0xFE, 0x1F, 0xFE, 0x3E, 0x7E,
    0xF8, 0x3D, 0xE0, 0x7F, 0xC0, 0x7F, 0x80, 0xFF, 0x01, 0xFE, 0x07, 0xFE, 0x0F, 0x3E, 0x7E, 0x7F,
    0xF8, 0x7F, 0xF0, 0x3F, 0x80, 0x61, 0xBC, 0xFF, 0xF8, 0xFC, 0x3E, 0x0F, 0xC7, 0xFB, 0xCF, 0x61,
    0x80, 0x00, 0x08, 0x1F, 0xF8, 0xFF, 0xF3, 0xFF, 0xC7, 0xCF, 0xDF, 0x1F, 0xBC, 0x7F, 0xF9, 0xEF,
    0xF7, 0x9F, 0xEE, 0x3F, 0xFC, 0xFF, 0xF1, 0xE7, 0xCF, 0xCF, 0xFF, 0x1F, 0xFE, 0x7F, 0xF0, 0x20,
    0x00, 0x0C, 0x00, 0xF0, 0x07, 0xC0, 0x0E, 0x00, 0x30, 0x00, 0x03, 0xC1, 0xFE, 0x0F, 0xF0, 0x7F,
    0x83, 0xFC, 0x1F, 0xE0, 0xFF, 0x07, 0xF8, 0x3F, 0xC1, 0xFE, 0x0F, 0xF0, 0xFF, 0xEF, 0x9F, 0xFC,
    0x7F, 0xC1, 0xFC, 0x00, 0x01, 0x00, 0x1C, 0x01, 0xE0, 0x1E, 0x00, 0xE0, 0x00, 0x03, 0xC1, 0xFE,
    0x0F, 0xF0, 0x7F, 0x83, 0xFC, 0x1F, 0xE0, 0xFF, 0x07, 0xF8, 0x3F, 0xC1, 0xFE, 0x0F, 0xF0, 0xFF,
    0xEF, 0x9F, 0xFC, 0x7F, 0xC1, 0xFC, 0x00, 0x06, 0x00, 0x78, 0x07, 0xE0, 0x3F, 0x80, 0x98, 0x00,
    0x03, 0xC1, 0xFE, 0x0F, 0xF0, 0x7F, 0x83, 0xFC, 0x1F, 0xE0, 0xFF, 0x07, 0xF8, 0x3F, 0xC1, 0xFE,
    0x0F, 0xF0, 0xFF, 0xEF, 0x9F, 0xFC, 0x7F, 0xC1, 0xFC, 0x00, 0x3D, 0xC1, 0xEF, 0x0F, 0x70, 0x00,
    0x0F, 0x07, 0xF8, 0x3F, 0xC1, 0xFE, 0x0F, 0xF0, 0x7F, 0x83, 0xFC, 0x1F, 0xE0, 0xFF, 0x07, 0xF8,
    0x3F, 0xC3, 0xFF, 0xBE, 0x7F, 0xF1, 0xFF, 0x07, 0xF0, 0x01, 0x80, 0x0F, 0x00, 0x3C, 0x01, 0xE0,
    0x07, 0x00, 0x00, 0x0F, 0x83, 0xFE, 0x1E, 0x7C, 0x78, 0xF3, 0xC3, 0xFF, 0x07, 0xF8, 0x1F, 0xE0,
    0x3F, 0x00, 0xF8, 0x01, 0xE0, 0x07, 0x80, 0x1E, 0x00, 0x78, 0x01, 0xE0, 0x07, 0x80, 0xF0, 0x0F,
    0x00, 0xFF, 0xCF, 0xFE, 0xFF, 0xFF, 0x1F, 0xF0, 0xFF, 0x0F, 0xF3, 0xFF, 0xFF, 0xFF, 0xEF, 0xF8,
    0xF0, 0x0F, 0x00, 0xF0, 0x00, 0x3F, 0x83, 0xFE, 0x1F, 0xF1, 0xF7, 0x8F, 0x1C, 0x79, 0xE3, 0xDE,
    0x1E, 0xF0, 0xF7, 0x87, 0xBF, 0x3C, 0xFD, 0xE1, 0xEF, 0x6F, 0x7B, 0xFB, 0xFF, 0xDF, 0xFC, 0x0C,
    0x03, 0x80, 0x78, 0x07, 0x80, 0x70, 0x00, 0x0F, 0xE1, 0xFE, 0x3F, 0xC6, 0x7C, 0xFF, 0xBF, 0xF7,
    0x9F, 0xF3, 0xDF, 0xFB, 0xFF, 0x3F, 0xC0, 0x02, 0x00, 0xE0, 0x3C, 0x0F, 0x00, 0xC0, 0x00, 0x0F,
    0xE1, 0xFE, 0x3F, 0xC6, 0x7C, 0xFF, 0xBF, 0xF7, 0x9F, 0xF3, 0xDF, 0xFB, 0xFF, 0x3F, 0xC0, 0x0C,
    0x01, 0xC0, 0x7C, 0x1F, 0xC1, 0x10, 0x00, 0x0F, 0xE1, 0xFE, 0x3F, 0xC6, 0x7C, 0xFF, 0xBF, 0xF7,
    0x9F, 0xF3, 0xDF, 0xFB, 0xFF, 0x3F, 0xC0, 0x3D, 0x87, 0xF8, 0xDE, 0x00, 0x00, 0x00, 0x7F, 0x0F,
    0xF1, 0xFE, 0x33, 0xE7, 0xFD, 0xFF, 0xBC, 0xFF, 0x9E, 0xFF, 0xDF, 0xF9, 0xFE, 0x3B, 0xCF, 0x78,
    0xEF, 0x00, 0x00, 0x00, 0x7F, 0x0F, 0xF1, 0xFE, 0x33, 0xE7, 0xFD, 0xFF, 0xBC, 0xFF, 0x9E, 0xFF,
    0xDF, 0xF9, 0xFE, 0x0F, 0x03, 0xE0, 0x6E, 0x0F, 0xC1, 0xF0, 0x1E, 0x00, 0x01, 0xFC, 0x3F, 0xC7,
    0xF8, 0xCF, 0x9F, 0xF7, 0xFE, 0xF3, 0xFE, 0x7B, 0xFF, 0x7F, 0xE7, 0xF8, 0x3F, 0xFF, 0x0F, 0xFF,
    0xE3, 0xFF, 0xF8, 0xCF, 0x9F, 0x3F, 0xFF, 0xDF, 0xFF, 0xF7, 0x9E, 0x03, 0xE7, 0xC6, 0x7F, 0xFF,
    0x9F, 0xFF, 0xE3, 0xFF, 0xF8, 0x1F, 0xCF, 0xF7, 0xFD, 0xF2, 0x78, 0x1E, 0x07, 0x81, 0xF3, 0x7F,
    0xCF, 0xF0, 0xFC, 0x3C, 0x07, 0x07, 0xC1, 0xF0, 0x0C, 0x00, 0xE0, 0x0F, 0x00, 0x78, 0x03, 0x00,
    0x00, 0x1F, 0x83, 0xFE, 0x7F, 0xE7, 0x9F, 0x7F, 0xF7, 0xFF, 0x78, 0x07, 0xC6, 0x7F, 0xE3, 0xFE,
    0x1F, 0xE0, 0x03, 0x00, 0x78, 0x07, 0x80, 0xF0, 0x0C, 0x00, 0x00, 0x1F, 0x83, 0xFE, 0x7F, 0xE7,
    0x9F, 0x7F, 0xF7, 0xFF, 0x78, 0x07, 0xC6, 0x7F, 0xE3, 0xFE, 0x1F, 0xE0, 0x06, 0x00, 0xF0, 0x1F,
    0x81, 0xFC, 0x19, 0x80, 0x00, 0x1F, 0x83, 0xFE, 0x7F, 0xE7, 0x9F, 0x7F, 0xF7, 0xFF, 0x78, 0x07,
    0xC6, 0x7F, 0xE3, 0xFE, 0x1F, 0xE0, 0x3D, 0xC3, 0xDE, 0x3D, 0xC0, 0x00, 0x00, 0x01, 0xF8, 0x3F,
    0xE7, 0xFE, 0x79, 0xF7, 0xFF, 0x7F, 0xF7, 0x80, 0x7C, 0x67, 0xFE, 0x3F, 0xE1, 0xFE, 0x63, 0xC7,
    0x8E, 0x18, 0x07, 0x9E, 0x79, 0xE7, 0x9E, 0x79, 0xE7, 0x9E, 0x78, 0x18, 0xF3, 0xDE, 0x60, 0x07,
    0x9E, 0x79, 0xE7, 0x9E, 0x79, 0xE7, 0x9E, 0x78, 0x18, 0x3C, 0x7E, 0x7F, 0x66, 0x00, 0x3C, 0x3C,
    0x3C, 0x3C, 0x3C, 0x3C, 0x3C, 0x3C, 0x3C, 0x3C, 0x3C, 0x73, 0xBF, 0xDC, 0xE0, 0x00, 0x00, 0xF0,
    0x78, 0x3C, 0x1E, 0x0F, 0x07, 0x83, 0xC1, 0xE0, 0xF0, 0x78, 0x3C, 0x07, 0x00, 0x3F, 0x81, 0xFC,
    0x1F, 0xC0, 0x7E, 0x00, 0x78, 0x7F, 0xC7, 0xFE, 0x7F, 0xF3, 0xEF, 0x9E, 0x3C, 0xF1, 0xE7, 0x9F,
    0x3F, 0xF0, 0xFF, 0x03, 0xF0, 0x3D, 0x9F, 0xE7, 0xF8, 0x00, 0x00, 0x3F, 0xEF, 0xFB, 0xFF, 0xF3,
    0xFC, 0xFF, 0x3F, 0xCF, 0xF3, 0xFC, 0xFF, 0x3F, 0xCF, 0x04, 0x00, 0xE0, 0x0F, 0x00, 0x78, 0x03,
    0x80, 0x00, 0x1F, 0xC3, 0xFE, 0x7F, 0xE7, 0xDF, 0x78, 0xF7, 0x8F, 0x78, 0xF7, 0xDF, 0x7F, 0xE3,
    0xFE, 0x1F, 0xC0, 0x03, 0x00, 0x38, 0x07, 0x80, 0xF0, 0x0E, 0x00, 0x00, 0x1F, 0xC3, 0xFE, 0x7F,
    0xE7, 0xDF, 0x78, 0xF7, 0x8F, 0x78, 0xF7, 0xDF, 0x7F, 0xE3, 0xFE, 0x1F, 0xC0, 0x06, 0x00, 0xF0,
    0x1F, 0x81, 0xFC, 0x19, 0x80, 0x00, 0x1F, 0xC3, 0xFE, 0x7F, 0xE7, 0xDF, 0x78, 0xF7, 0x8F, 0x78,
    0xF7, 0xDF, 0x7F, 0xE3, 0xFE, 0x1F, 0xC0, 0x1E, 0xC3, 0xFC, 0x1B, 0xC0, 0x00, 0x00, 0x01, 0xFC,
    0x3F, 0xE7, 0xFE, 0x7D, 0xF7, 0x8F, 0x78, 0xF7, 0x8F, 0x7D, 0xF7, 0xFE, 0x3F, 0xE1, 0xFC, 0x3D,
    0xC3, 0xDE, 0x3D, 0xC0, 0x00, 0x00, 0x01, 0xFC, 0x3F, 0xE7, 0xFE, 0x7D, 0xF7, 0x8F, 0x78, 0xF7,
    0x8F, 0x7D, 0xF7, 0xFE, 0x3F, 0xE1, 0xFC, 0x1E, 0x07, 0x81, 0xE0, 0x78, 0x00, 0x3F, 0xFF, 0xFF,
    0xFF, 0x00, 0x07, 0x81, 0xE0, 0x78, 0x1E, 0x00, 0x00, 0x21, 0xFF, 0x3F, 0xE7, 0xFE, 0x7F, 0xF7,
    0xBF, 0x77, 0xF7, 0xEF, 0x7D, 0xF7, 0xFE, 0x7F, 0xE7, 0xFC, 0x20, 0x00, 0x18, 0x0F, 0x03, 0xC0,
    0x78, 0x0E, 0x00, 0x0F, 0x3F, 0xCF, 0xF3, 0xFC, 0xFF, 0x3F, 0xCF, 0xF3, 0xFE, 0xFF, 0xFD, 0xFF,
    0x3F, 0xC0, 0x06, 0x03, 0xC0, 0xF0, 0x78, 0x18, 0x00, 0x0F, 0x3F, 0xCF, 0xF3, 0xFC, 0xFF, 0x3F,
    0xCF, 0xF3, 0xFE, 0xFF, 0xFD, 0xFF, 0x3F, 0xC0, 0x0C, 0x07, 0x83, 0xF0, 0xFE, 0x33, 0x00, 0x0F,
    0x3F, 0xCF, 0xF3, 0xFC, 0xFF, 0x3F, 0xCF, 0xF3, 0xFE, 0xFF, 0xFD, 0xFF, 0x3F, 0xC0, 0x73, 0x9E,
    0xE7, 0x38, 0x00, 0x00, 0x3C, 0xFF, 0x3F, 0xCF, 0xF3, 0xFC, 0xFF, 0x3F, 0xCF, 0xFB, 0xFF, 0xF7,
    0xFC, 0xFF, 0x03, 0x00, 0x38, 0x07, 0x80, 0xF0, 0x0E, 0x00, 0x00, 0xF0, 0xFF, 0x1E, 0x79, 0xE7,
    0x9E, 0x7B, 0xC3, 0xFC, 0x3F, 0x81, 0xF8, 0x1F, 0x81, 0xF0, 0x0F, 0x01, 0xE0, 0xFE, 0x0F, 0xC0,
    0xF8, 0x00, 0xF0, 0x1E, 0x03, 0xC0, 0x78, 0x0F, 0x01, 0xFE, 0x3F, 0xF7, 0xFE, 0xF3, 0xFE, 0x3F,
    0xC7, 0xF8, 0xFF, 0x3F, 0xFF, 0xBF, 0xF7, 0xFC, 0xF0, 0x1E, 0x03, 0xC0, 0x78, 0x00, 0x39, 0xC3,
    0xBC, 0x39, 0xC0, 0x00, 0x00, 0x0F, 0x0F, 0xF1, 0xE7, 0x9E, 0x79, 0xE7, 0xBC, 0x3F, 0xC3, 0xF8,
    0x1F, 0x81, 0xF8, 0x1F, 0x00, 0xF0, 0x1E, 0x0F, 0xE0, 0xFC, 0x0F, 0x80, 0x0F, 0xE0, 0x1F, 0xC0,
    0x00, 0x00, 0x3E, 0x00, 0x7C, 0x00, 0xFC, 0x03, 0xF8, 0x07, 0xF0, 0x1E, 0xF0, 0x3D, 0xE0, 0x71,
    0xE1, 0xE3, 0xC3, 0xFF, 0x8F, 0xFF, 0x9F, 0xFF, 0x3C, 0x1E, 0xF0, 0x1F, 0xE0, 0x3C, 0x3F, 0x87,
    0xF0, 0x00, 0x00, 0x03, 0xF8, 0x7F, 0x8F, 0xF1, 0x9F, 0x3F, 0xEF, 0xFD, 0xE7, 0xFC, 0xF7, 0xFE,
    0xFF, 0xCF, 0xF0, 0x0E, 0xF0, 0x1F, 0xC0, 0x1F, 0x00, 0x00, 0x00, 0x7C, 0x00, 0xF8, 0x01, 0xF8,
    0x07, 0xF0, 0x0F, 0xE0, 0x3D, 0xE0, 0x7B, 0xC0, 0xE3, 0xC3, 0xC7, 0x87, 0xFF, 0x1F, 0xFF, 0x3F,
    0xFE, 0x78, 0x3D, 0xE0, 0x3F, 0xC0, 0x78, 0x3B, 0xC7, 0xF0, 0x7C, 0x00, 0x00, 0x00, 0x7F, 0x0F,
    0xF1, 0xFE, 0x33, 0xE7, 0xFD, 0xFF, 0xBC, 0xFF, 0x9E, 0xFF, 0xDF, 0xF9, 0xFE, 0x07, 0xC0, 0x07,
    0xC0, 0x07, 0xE0, 0x0F, 0xE0, 0x0F, 0xE0, 0x1E, 0xF0, 0x1E, 0xF0, 0x1C, 0x78, 0x3C, 0x78, 0x3F,
    0xF8, 0x7F, 0xFC, 0x7F, 0xFC, 0x78, 0x3C, 0xF0, 0x1E, 0xF0, 0x1E, 0x00, 0x1E, 0x00, 0x1C, 0x00,
    0x3C, 0x00, 0x3F, 0x00, 0x1F, 0x3F, 0x87, 0xF8, 0xFF, 0x19, 0xF3, 0xFE, 0xFF, 0xDE, 0x7F, 0xCF,
    0x7F, 0xEF, 0xFC, 0xFF, 0x81, 0xE0, 0x78, 0x0F, 0xC0, 0xF8, 0x01, 0x80, 0x1E, 0x00, 0xF0, 0x0F,
    0x00, 0x70, 0x00, 0x00, 0x3F, 0xC7, 0xFE, 0x7F, 0xF3, 0xF7, 0xBE, 0x01, 0xE0, 0x0F, 0x00, 0x78,
    0x03, 0xC0, 0x1E, 0x00, 0xF8, 0x07, 0xE3, 0x9F, 0xFC, 0x7F, 0xE1, 0xFF, 0x00, 0x03, 0x00, 0xE0,
    0x78, 0x3C, 0x0E, 0x00, 0x01, 0xFC, 0xFF, 0x7F, 0xDF, 0x27, 0x81, 0xE0, 0x78, 0x1F, 0x37, 0xFC,
    0xFF, 0x1F, 0xC0, 0x03, 0x00, 0x3C, 0x03, 0xF0, 0x1F, 0xC0, 0xCC, 0x00, 0x00, 0x3F, 0xC7, 0xFE,
    0x7F, 0xF3, 0xF7, 0xBE, 0x01, 0xE0, 0x0F, 0x00, 0x78, 0x03, 0xC0, 0x1E, 0x00, 0xF8, 0x07, 0xE3,
    0x9F, 0xFC, 0x7F, 0xE1, 0xFF, 0x00, 0x06, 0x03, 0xC1, 0xF8, 0x7F, 0x19, 0x80, 0x01, 0xFC, 0xFF,
    0x7F, 0xDF, 0x27, 0x81, 0xE0, 0x78, 0x1F, 0x37, 0xFC, 0xFF, 0x1F, 0xC0, 0x03, 0x80, 0x3C, 0x00,
    0xE0, 0x00, 0x00, 0xFF, 0x1F, 0xF9, 0xFF, 0xCF, 0xDE, 0xF8, 0x07, 0x80, 0x3C, 0x01, 0xE0, 0x0F,
    0x00, 0x78, 0x03, 0xE0, 0x1F, 0x8E, 0x7F, 0xF1, 0xFF, 0x87, 0xFC, 0x07, 0x03, 0xC0, 0x70, 0x00,
    0x00, 0x07, 0xF3, 0xFD, 0xFF, 0x7C, 0x9E, 0x07, 0x81, 0xE0, 0x7C, 0xDF, 0xF3, 0xFC, 0x7F, 0x0C,
    0xC0, 0x7F, 0x03, 0xF0, 0x0F, 0x00, 0x30, 0x00, 0x00, 0x3F, 0xC7, 0xFE, 0x7F, 0xF3, 0xF7, 0xBE,
    0x01, 0xE0, 0x0F, 0x00, 0x78, 0x03, 0xC0, 0x1E, 0x00, 0xF8, 0x07, 0xE3, 0x9F, 0xFC, 0x7F, 0xE1,
    0xFF, 0x00, 0x19, 0x87, 0xF1, 0xF8, 0x3C, 0x06, 0x00, 0x01, 0xFC, 0xFF, 0x7F, 0xDF, 0x27, 0x81,
    0xE0, 0x78, 0x1F, 0x37, 0xFC, 0xFF, 0x1F, 0xC0, 0x09, 0x80, 0x7F, 0x00, 0xF8, 0x03, 0xC0, 0x06,
    0x00, 0x00, 0x0F, 0xFC, 0x3F, 0xF8, 0xFF, 0xF3, 0xC7, 0xEF, 0x07, 0xBC, 0x1F, 0xF0, 0x3F, 0xC0,
    0xFF, 0x03, 0xFC, 0x1F, 0xF0, 0x7B, 0xC7, 0xEF, 0xFF, 0x3F, 0xF8, 0xFF, 0xC0, 0x00, 0xFF, 0x00,
    0xFE, 0x00, 0xFE, 0x00, 0xFE, 0x00, 0xFE, 0x1F, 0xF0, 0x3F, 0xF0, 0x7F, 0xF0, 0x7D, 0xF0, 0x78,
    0xF0, 0x78, 0xF0, 0x78, 0xF0, 0x7C, 0xF0, 0x7F, 0xF0, 0x3F, 0xF0, 0x1F, 0xE0, 0x3F, 0xE0, 0x7F,
    0xF0, 0xFF, 0xF1, 0xE7, 0xE3, 0xC3, 0xE7, 0x83, 0xFF, 0xC7, 0xFF, 0x8F, 0x3C, 0x1E, 0x78, 0x3C,
    0xF0, 0xF9, 0xE7, 0xE3, 0xFF, 0x87, 0xFE, 0x0F, 0xF8, 0x00, 0x00, 0xF0, 0x3F, 0xC1, 0xFE, 0x01,
    0xE0, 0x0F, 0x0F, 0xF8, 0xFF, 0xCF, 0xFE, 0x7D, 0xF3, 0xC7, 0x9E, 0x3C, 0xF1, 0xE7, 0xCF, 0x3F,
    0xF8, 0xFF, 0xC3, 0xFC, 0x3F, 0x87, 0xF0, 0x00, 0x7F, 0xFF, 0xFF, 0xFF, 0xFC, 0x07, 0x80, 0xF0,
    0x1F, 0xFB, 0xFF, 0x7F, 0xEF, 0x01, 0xE0, 0x3C, 0x07, 0xFF, 0xFF, 0xFF, 0xFC, 0x3F, 0xC3, 0xFC,
    0x00, 0x00, 0x00, 0x1F, 0x83, 0xFE, 0x7F, 0xE7, 0x9F, 0x7F, 0xF7, 0xFF, 0x78, 0x07, 0xC6, 0x7F,
    0xE3, 0xFE, 0x1F, 0xE0, 0x3B, 0x87, 0xF0, 0x7C, 0x00, 0x0F, 0xFF, 0xFF, 0xFF, 0xFF, 0x80, 0xF0,
    0x1E, 0x03, 0xFF, 0x7F, 0xEF, 0xFD, 0xE0, 0x3C, 0x07, 0x80, 0xFF, 0xFF, 0xFF, 0xFF, 0x80, 0x3D,
    0xC1, 0xFC, 0x0F, 0x80, 0x00, 0x00, 0x01, 0xF8, 0x3F, 0xE7, 0xFE, 0x79, 0xF7, 0xFF, 0x7F, 0xF7,
    0x80, 0x7C, 0x67, 0xFE, 0x3F, 0xE1, 0xFE, 0x0E, 0x01, 0xE0, 0x38, 0x00, 0x0F, 0xFF, 0xFF, 0xFF,
    0xFF, 0x80, 0xF0, 0x1E, 0x03, 0xFF, 0x7F, 0xEF, 0xFD, 0xE0, 0x3C, 0x07, 0x80, 0xFF, 0xFF, 0xFF,
    0xFF, 0x80, 0x0F, 0x00, 0xF0, 0x0F, 0x00, 0x00, 0x00, 0x01, 0xF8, 0x3F, 0xE7, 0xFE, 0x79, 0xF7,
    0xFF, 0x7F, 0xF7, 0x80, 0x7C, 0x67, 0xFE, 0x3F, 0xE1, 0xFE, 0xFF, 0xEF, 0xFE, 0xFF, 0xEF, 0x00,
    0xF0, 0x0F, 0x00, 0xFF, 0xCF, 0xFC, 0xFF, 0xCF, 0x00, 0xF0, 0x0F, 0x00, 0xFF, 0xEF, 0xFE, 0xFF,
    0xE0, 0x1E, 0x01, 0xC0, 0x3C, 0x03, 0xF0, 0x1F, 0x1F, 0x83, 0xFE, 0x7F, 0xE7, 0x9F, 0x7F, 0xF7,
    0xFF, 0x78, 0x07, 0xC6, 0x7F, 0xE3, 0xFE, 0x1F, 0xE0, 0x3C, 0x03, 0x80, 0x3E, 0x03, 0xE0, 0x19,
    0x87, 0xF0, 0x7E, 0x07, 0x80, 0x60, 0x00, 0x3F, 0xFF, 0xFF, 0xFF, 0xFE, 0x03, 0xC0, 0x78, 0x0F,
    0xFD, 0xFF, 0xBF, 0xF7, 0x80, 0xF0, 0x1E, 0x03, 0xFF, 0xFF, 0xFF, 0xFE, 0x19, 0x81, 0xFC, 0x1F,
    0x80, 0xF0, 0x06, 0x00, 0x00, 0x1F, 0x83, 0xFE, 0x7F, 0xE7, 0x9F, 0x7F, 0xF7, 0xFF, 0x78, 0x07,
    0xC6, 0x7F, 0xE3, 0xFE, 0x1F, 0xE0, 0x03, 0x00, 0x3C, 0x03, 0xF0, 0x1F, 0xC0, 0xCC, 0x00, 0x00,
    0x3F, 0xC7, 0xFE, 0x7F, 0xF3, 0xF3, 0xBE, 0x01, 0xE0, 0x0F, 0x00, 0x78, 0x3F, 0xC1, 0xFE, 0x0F,
    0xF8, 0x7B, 0xE3, 0xDF, 0xFE, 0x7F, 0xF1, 0xFF, 0x00, 0x03, 0x00, 0xF0, 0x3F, 0x0F, 0xE0, 0xCC,
    0x00, 0x07, 0xF9, 0xFF, 0x7F, 0xEF, 0xBD, 0xE7, 0xBC, 0xF7, 0x9E, 0xFF, 0xCF, 0xF8, 0xFF, 0x01,
    0xE6, 0x7D, 0xFF, 0xBF, 0xE7, 0xF8, 0x1E, 0xE0, 0x7F, 0x01, 0xF0, 0x00, 0x00, 0xFF, 0x1F, 0xF9,
    0xFF, 0xCF, 0xCE, 0xF8, 0x07, 0x80, 0x3C, 0x01, 0xE0, 0xFF, 0x07, 0xF8, 0x3F, 0xE1, 0xEF, 0x8F,
    0x7F, 0xF9, 0xFF, 0xC7, 0xFC, 0x1D, 0xC3, 0xF8, 0x3E, 0x00, 0x00, 0x00, 0x3F, 0xCF, 0xFB, 0xFF,
    0x7D, 0xEF, 0x3D, 0xE7, 0xBC, 0xF7, 0xFE, 0x7F, 0xC7, 0xF8, 0x0F, 0x33, 0xEF, 0xFD, 0xFF, 0x3F,
    0xC0, 0x03, 0x80, 0x3C, 0x00, 0xE0, 0x00, 0x00, 0xFF, 0x1F, 0xF9, 0xFF, 0xCF, 0xCE, 0xF8, 0x07,
    0x80, 0x3C, 0x01, 0xE0, 0xFF, 0x07, 0xF8, 0x3F, 0xE1, 0xEF, 0x8F, 0x7F, 0xF9, 0xFF, 0xC7, 0xFC,
    0x07, 0x01, 0xE0, 0x1C, 0x00, 0x00, 0x00, 0x3F, 0xCF, 0xFB, 0xFF, 0x7D, 0xEF, 0x3D, 0xE7, 0xBC,
    0xF7, 0xFE, 0x7F, 0xC7, 0xF8, 0x0F, 0x33, 0xEF, 0xFD, 0xFF, 0x3F, 0xC0, 0x0F, 0xF1, 0xFF, 0x9F,
    0xFC, 0xFC, 0xEF, 0x80, 0x78, 0x03, 0xC0, 0x1E, 0x0F, 0xF0, 0x7F, 0x83, 0xFE, 0x1E, 0xF8, 0xF7,
    0xFF, 0x9F, 0xFC, 0x7F, 0xC0, 0x00, 0x03, 0x80, 0x3C, 0x03, 0xE0, 0x1E, 0x00, 0x03, 0x80, 0xF0,
    0x1C, 0x03, 0x80, 0x00, 0x00, 0x07, 0xF9, 0xFF, 0x7F, 0xEF, 0xBD, 0xE7, 0xBC, 0xF7, 0x9E, 0xFF,
    0xCF, 0xF8, 0xFF, 0x01, 0xE6, 0x7D, 0xFF, 0xBF, 0xE7, 0xF8, 0x03, 0x00, 0x3C, 0x03, 0xF0, 0x3F,
    0x80, 0xCC, 0x00, 0x03, 0xC1, 0xFE, 0x0F, 0xF0, 0x7F, 0x83, 0xFC, 0x1F, 0xE0, 0xFF, 0xFF, 0xFF,
    0xFF, 0xFF, 0xFE, 0x0F, 0xF0, 0x7F, 0x83, 0xFC, 0x1F, 0xE0, 0xFF, 0x07, 0x80, 0x38, 0x3F, 0x8E,
    0xE0, 0x00, 0xF0, 0x3C, 0x0F, 0x03, 0xC0, 0xF0, 0x3F, 0xEF, 0xFF, 0xFF, 0xF3, 0xFC, 0xFF, 0x3F,
    0xCF, 0xF3, 0xFC, 0xFF, 0x3F, 0xCF, 0x3C, 0x3C, 0x3C, 0x3C, 0xFF, 0xFF, 0xFF, 0xFF, 0x3C, 0x3C,
    0x3C, 0x3C, 0x3F, 0xFC, 0x3F, 0xFC, 0x3F, 0xFC, 0x3C, 0x3C, 0x3C, 0x3C, 0x3C, 0x3C, 0x3C, 0x3C,
    0x3C, 0x3C, 0x3C, 0x3C, 0x78, 0x07, 0x80, 0xFF, 0x0F, 0xF0, 0x78, 0x07, 0xFC, 0x7F, 0xE7, 0xFE,
    0x79, 0xE7, 0x8F, 0x78, 0xF7, 0x8F, 0x78, 0xF7, 0x8F, 0x78, 0xF7, 0x8F, 0x7B, 0x7F, 0x9B, 0xC0,
    0x03, 0xC1, 0xE0, 0xF0, 0x78, 0x3C, 0x1E, 0x0F, 0x07, 0x83, 0xC1, 0xE0, 0xF0, 0x78, 0x3C, 0x1E,
    0x0F, 0x00, 0x7B, 0xFF, 0xFE, 0x00, 0x00, 0x3C, 0x3C, 0x3C, 0x3C, 0x3C, 0x3C, 0x3C, 0x3C, 0x3C,
    0x3C, 0x3C, 0x7F, 0x7F, 0x00, 0x3C, 0x3C, 0x3C, 0x3C, 0x3C, 0x3C, 0x3C, 0x3C, 0x3C, 0x3C, 0x3C,
    0x3C, 0x3C, 0x3C, 0x3C, 0xFF, 0xFF, 0x00, 0x00, 0x3C, 0x3C, 0x3C, 0x3C, 0x3C, 0x3C, 0x3C, 0x3C,
    0x3C, 0x3C, 0x3C, 0xEF, 0xFD, 0xF0, 0x07, 0x8F, 0x1E, 0x3C, 0x78, 0xF1, 0xE3, 0xC7, 0x8F, 0x1E,
    0x3C, 0x78, 0xF1, 0xE0, 0xF7, 0x7E, 0x7E, 0x00, 0x00, 0x3C, 0x3C, 0x3C, 0x3C, 0x3C, 0x3C, 0x3C,
    0x3C, 0x3C, 0x3C, 0x3C, 0x79, 0xE7, 0x9E, 0x79, 0xE7, 0x9E, 0x79, 0xE7, 0x9E, 0x79, 0xE7, 0x9E,
    0x73, 0xCF, 0xDF, 0x79, 0xE7, 0x9E, 0x01, 0xE7, 0x9E, 0x79, 0xE7, 0x9E, 0x79, 0xE7, 0x9E, 0x7B,
    0xCF, 0x3E, 0x78, 0x7F, 0x70, 0xFF, 0xFF, 0xFF, 0xFF, 0xFF, 0xFF, 0xFF, 0xF0, 0xFF, 0xFF, 0xFF,
    0xFF, 0xFF, 0xF0, 0xF0, 0x0F, 0xF0, 0x0F, 0xF0, 0x0F, 0xF0, 0x0F, 0xF0, 0x0F, 0xF0, 0x0F, 0xF0,
    0x0F, 0xF0, 0x0F, 0xF0, 0x0F, 0xF0, 0x0F, 0xF0, 0x1E, 0xF3, 0xBE, 0xF3, 0xFE, 0xF3, 0xFC, 0xF3,
    0xF8, 0xF3, 0xFC, 0xFF, 0x3F, 0xCF, 0x00, 0x3C, 0xFF, 0x3F, 0xCF, 0xF3, 0xFC, 0xFF, 0x3F, 0xCF,
    0xF3, 0xFC, 0xFF, 0x3F, 0xCF, 0x03, 0xC7, 0xF1, 0xF8, 0x7C, 0x01, 0x80, 0x3C, 0x07, 0xE0, 0xFE,
    0x06, 0x60, 0x00, 0x03, 0xC0, 0x3C, 0x03, 0xC0, 0x3C, 0x03, 0xC0, 0x3C, 0x03, 0xC0, 0x3C, 0x03,
    0xC0, 0x3C, 0x03, 0xC6, 0x7C, 0xFF, 0xCF, 0xF8, 0x7F, 0x00, 0x0C, 0x0F, 0x0F, 0xC7, 0xE3, 0x30,
    0x00, 0x78, 0x3C, 0x1E, 0x0F, 0x07, 0x83, 0xC1, 0xE0, 0xF0, 0x78, 0x3C, 0x1E, 0x0F, 0x3F, 0x9F,
    0x8F, 0x80, 0xF0, 0xFB, 0xC7, 0xCF, 0x3E, 0x3D, 0xF0, 0xFF, 0x83, 0xFC, 0x0F, 0xE0, 0x3F, 0xC0,
    0xFF, 0x83, 0xDF, 0x0F, 0x3C, 0x3C, 0xF8, 0xF1, 0xF3, 0xC3, 0xCF, 0x0F, 0x80, 0x00, 0x07, 0x00,
    0x1C, 0x00, 0xF0, 0x03, 0x80, 0xF0, 0x1E, 0x03, 0xC0, 0x78, 0x0F, 0x01, 0xE7, 0xFD, 0xF7, 0xFC,
    0xFF, 0x1F, 0xC3, 0xFC, 0x7F, 0x8F, 0x79, 0xEF, 0xBC, 0xFF, 0x8F, 0x00, 0x01, 0xC0, 0x78, 0x1F,
    0x03, 0xC0, 0xF3, 0xEF, 0x7C, 0xFF, 0x8F, 0xF0, 0xFE, 0x0F, 0xF0, 0xFF, 0x0F, 0x78, 0xF7, 0xCF,
    0x3C, 0xF1, 0xE0, 0x18, 0x07, 0x01, 0xE0, 0x78, 0x06, 0x00, 0x00, 0x3C, 0x07, 0x80, 0xF0, 0x1E,
    0x03, 0xC0, 0x78, 0x0F, 0x01, 0xE0, 0x3C, 0x07, 0x80, 0xF0, 0x1E, 0x03, 0xFF, 0xFF, 0xFF, 0xFE,
    0x19, 0xEF, 0xB8, 0x03, 0xCF, 0x3C, 0xF3, 0xCF, 0x3C, 0xF3, 0xCF, 0x3C, 0xF3, 0xEF, 0xDE, 0x78,
    0xF0, 0x1E, 0x03, 0xC0, 0x78, 0x0F, 0x01, 0xE0, 0x3C, 0x07, 0x80, 0xF0, 0x1E, 0x03, 0xC0, 0x78,
    0x0F, 0xFF, 0xFF, 0xFF, 0xF8, 0x00, 0x0F, 0x01, 0xE0, 0x78, 0x0F, 0x00, 0xF3, 0xCF, 0x3C, 0xF3,
    0xCF, 0x3C, 0xF3, 0xCF, 0x3C, 0xFB, 0xF7, 0x9E, 0x01, 0xC7, 0x3C, 0xE0, 0xF0, 0x1E, 0x73, 0xCE,
    0x79, 0xCF, 0x39, 0xE6, 0x3C, 0x07, 0x80, 0xF0, 0x1E, 0x03, 0xC0, 0x78, 0x0F, 0xFF, 0xFF, 0xFF,
    0xF8, 0xF7, 0xF7, 0xF7, 0xF6, 0xF6, 0xF0, 0xF0, 0xF0, 0xF0, 0xF0, 0xF0, 0xF0, 0xF8, 0xFC, 0x78,
    0x78, 0xF0, 0x1E, 0x03, 0xC0, 0x78, 0x0F, 0x3D, 0xE7, 0xBC, 0xF7, 0x9E, 0xF0, 0x1E, 0x03, 0xC0,
    0x78, 0x0F, 0xFF, 0xFF, 0xFF, 0xF8, 0xF0, 0x3C, 0x0F, 0x03, 0xC0, 0xF0, 0x3C, 0xEF, 0x7F, 0xDF,
    0xF3, 0xBC, 0x0F, 0x03, 0xC0, 0xF8, 0x3F, 0x07, 0x81, 0xE0, 0x3C, 0x01, 0xE0, 0x0F, 0x00, 0x78,
    0x03, 0xF8, 0x1F, 0xC0, 0xFE, 0x1F, 0xC0, 0xFC, 0x07, 0xE0, 0x0F, 0x00, 0x78, 0x03, 0xFF, 0x1F,
    0xF8, 0xFF, 0xC0, 0x1E, 0x0F, 0x07, 0x83, 0xC1, 0xF0, 0xFC, 0xFE, 0xFC, 0x7E, 0x0F, 0x07, 0x83,
    0xC1, 0xE0, 0xF8, 0x7C, 0x1E, 0x01, 0x80, 0x0F, 0x00, 0x7C, 0x01, 0xC0, 0x06, 0x00, 0x00, 0x0F,
    0x03, 0xFE, 0x0F, 0xFC, 0x3F, 0xF8, 0xFF, 0xE3, 0xFF, 0xCF, 0xF7, 0xBF, 0xDE, 0xFF, 0x3F, 0xFC,
    0x7F, 0xF1, 0xFF, 0xC3, 0xFF, 0x07, 0xFC, 0x1F, 0xF0, 0x3C, 0x06, 0x03, 0xC1, 0xF0, 0x70, 0x18,
    0x00, 0x0F, 0xFB, 0xFE, 0xFF, 0xFC, 0xFF, 0x3F, 0xCF, 0xF3, 0xFC, 0xFF, 0x3F, 0xCF, 0xF3, 0xC0,
    0xF0, 0x3F, 0xE0, 0xFF, 0xC3, 0xFF, 0x8F, 0xFE, 0x3F, 0xFC, 0xFF, 0x7B, 0xFD, 0xEF, 0xF3, 0xFF,
    0xC7, 0xFF, 0x1F, 0xFC, 0x3F, 0xF0, 0x7F, 0xC1, 0xFF, 0x03, 0xC0, 0x00, 0x03, 0x80, 0x1E, 0x00,
    0xF8, 0x03, 0xC0, 0xFF, 0xBF, 0xEF, 0xFF, 0xCF, 0xF3, 0xFC, 0xFF, 0x3F, 0xCF, 0xF3, 0xFC, 0xFF,
    0x3C, 0x00, 0x0E, 0x07, 0x83, 0xE0, 0xF0, 0x0C, 0xC0, 0x7F, 0x00, 0xFC, 0x01, 0xE0, 0x03, 0x00,
    0x00, 0x0F, 0x03, 0xFE, 0x0F, 0xFC, 0x3F, 0xF8, 0xFF, 0xE3, 0xFF, 0xCF, 0xF7, 0xBF, 0xDE, 0xFF,
    0x3F, 0xFC, 0x7F, 0xF1, 0xFF, 0xC3, 0xFF, 0x07, 0xFC, 0x1F, 0xF0, 0x3C, 0x33, 0x0F, 0xE3, 0xF0,
    0x78, 0x0C, 0x00, 0x0F, 0xFB, 0xFE, 0xFF, 0xFC, 0xFF, 0x3F, 0xCF, 0xF3, 0xFC, 0xFF, 0x3F, 0xCF,
    0xF3, 0xC0, 0x70, 0x03, 0x80, 0x1C, 0x00, 0xE0, 0x0E, 0x00, 0x0F, 0xF0, 0x7F, 0xC3, 0xFF, 0x1E,
    0xF8, 0xF3, 0xC7, 0x9E, 0x3C, 0xF1, 0xE7, 0x8F, 0x3C, 0x79, 0xE3, 0xCF, 0xF0, 0x3F, 0xE0, 0xFF,
    0xC3, 0xFF, 0x8F, 0xFE, 0x3F, 0xFC, 0xFF, 0x7B, 0xFD, 0xEF, 0xF3, 0xFF, 0xC7, 0xFF, 0x1F, 0xFC,
    0x3F, 0xF0, 0x7F, 0xC1, 0xFF, 0x03, 0xC0, 0x1F, 0x01, 0xF8, 0x07, 0xE0, 0x1F, 0x00, 0xFF, 0xBF,
    0xEF, 0xFF, 0xCF, 0xF3, 0xFC, 0xFF, 0x3F, 0xCF, 0xF3, 0xFC, 0xFF, 0x3C, 0x0F, 0x03, 0xC3, 0xF0,
    0xF8, 0x0F, 0xE0, 0x1F, 0xC0, 0x00, 0x00, 0x7F, 0x03, 0xFF, 0x0F, 0xFF, 0x1F, 0x3F, 0x7C, 0x1E,
    0xF0, 0x3F, 0xE0, 0x3F, 0xC0, 0x7F, 0x80, 0xFF, 0x03, 0xFF, 0x07, 0x9F, 0x3F, 0x3F, 0xFC, 0x3F,
    0xF8, 0x1F, 0xC0, 0x1F, 0xC1, 0xFC, 0x00, 0x00, 0x00, 0x1F, 0xC3, 0xFE, 0x7F, 0xE7, 0xDF, 0x78,
    0xF7, 0x8F, 0x78, 0xF7, 0xDF, 0x7F, 0xE3, 0xFE, 0x1F, 0xC0, 0x0E, 0xE0, 0x1F, 0xC0, 0x1F, 0x00,
    0x00, 0x00, 0xFE, 0x07, 0xFE, 0x1F, 0xFE, 0x3E, 0x7E, 0xF8, 0x3D, 0xE0, 0x7F, 0xC0, 0x7F, 0x80,
    0xFF, 0x01, 0xFE, 0x07, 0xFE, 0x0F, 0x3E, 0x7E, 0x7F, 0xF8, 0x7F, 0xF0, 0x3F, 0x80, 0x1D, 0xC1,
    0xFC, 0x0F, 0x80, 0x00, 0x00, 0x01, 0xFC, 0x3F, 0xE7, 0xFE, 0x7D, 0xF7, 0x8F, 0x78, 0xF7, 0x8F,
    0x7D, 0xF7, 0xFE, 0x3F, 0xE1, 0xFC, 0x03, 0x30, 0x0E, 0xF0, 0x3D, 0xC0, 0x77, 0x00, 0xCC, 0x00,
    0x00, 0x03, 0xF8, 0x1F, 0xF8, 0x7F, 0xF8, 0xF9, 0xFB, 0xE0, 0xF7, 0x81, 0xFF, 0x01, 0xFE, 0x03,
    0xFC, 0x07, 0xF8, 0x1F, 0xF8, 0x3C, 0xF9, 0xF9, 0xFF, 0xE1, 0xFF, 0xC0, 0xFE, 0x00, 0x06, 0x60,
    0xEE, 0x1C, 0xE1, 0xDC, 0x19, 0x80, 0x00, 0x1F, 0xC3, 0xFE, 0x7F, 0xE7, 0xDF, 0x78, 0xF7, 0x8F,
    0x78, 0xF7, 0xDF, 0x7F, 0xE3, 0xFE, 0x1F, 0xC0, 0x0F, 0xFF, 0xE3, 0xFF, 0xFE, 0x7F, 0xFF, 0xE7,
    0xE7, 0x80, 0xF8, 0x78, 0x0F, 0x07, 0x80, 0xF0, 0x7F, 0xCF, 0x07, 0xFC, 0xF0, 0x7F, 0xCF, 0x07,
    0x80, 0xF8, 0x78, 0x07, 0xE7, 0x80, 0x7F, 0xFF, 0xF3, 0xFF, 0xFF, 0x0F, 0xFF, 0xF0, 0x1F, 0x9F,
    0x87, 0xFF, 0xF9, 0xFF, 0xFF, 0xBE, 0xFC, 0xF7, 0x8F, 0xFE, 0xF1, 0xFF, 0xDE, 0x3C, 0x03, 0xEF,
    0xE6, 0x7F, 0xFF, 0xC7, 0xFF, 0xF8, 0x7E, 0x7F, 0x00, 0x02, 0x00, 0x38, 0x03, 0xC0, 0x3C, 0x00,
    0xC0, 0x00, 0x03, 0xFE, 0x1F, 0xFC, 0xFF, 0xE7, 0x9F, 0xBC, 0x3D, 0xE1, 0xEF, 0x3F, 0x7F, 0xFB,
    0xFF, 0x9F, 0xF8, 0xF3, 0xC7, 0x9F, 0x3C, 0x7D, 0xE1, 0xEF, 0x0F, 0x80, 0x0C, 0x1E, 0x3E, 0x38,
    0x30, 0x00, 0xFF, 0xFF, 0xFF, 0xF2, 0xF0, 0xF0, 0xF0, 0xF0, 0xF0, 0xF0, 0xF0, 0xFF, 0x87, 0xFF,
    0x3F, 0xF9, 0xE7, 0xEF, 0x0F, 0x78, 0x7B, 0xCF, 0xDF, 0xFE, 0xFF, 0xE7, 0xFE, 0x3C, 0xF1, 0xE7,
    0xCF, 0x1F, 0x78, 0x7B, 0xC3, 0xE0, 0x00, 0x07, 0x00, 0x78, 0x07, 0xC0, 0x3C, 0x00, 0x7F, 0xBF,
    0xDF, 0xEF, 0x27, 0x83, 0xC1, 0xE0, 0xF0, 0x78, 0x3C, 0x1E, 0x00, 0x07, 0x83, 0xC3, 0xC1, 0xE0,
    0x19, 0x81, 0xFC, 0x07, 0xE0, 0x1E, 0x00, 0x60, 0x7F, 0xC3, 0xFF, 0x9F, 0xFC, 0xF3, 0xF7, 0x87,
    0xBC, 0x3D, 0xE7, 0xEF, 0xFF, 0x7F, 0xF3, 0xFF, 0x1E, 0x78, 0xF3, 0xE7, 0x8F, 0xBC, 0x3D, 0xE1,
    0xF0, 0x66, 0x7F, 0x7E, 0x3C, 0x18, 0x00, 0xFF, 0xFF, 0xFF, 0xF2, 0xF0, 0xF0, 0xF0, 0xF0, 0xF0,
    0xF0, 0xF0, 0x03, 0x00, 0x38, 0x07, 0x80, 0xF0, 0x0E, 0x00, 0x00, 0x1F, 0xC3, 0xFE, 0x7F, 0xE7,
    0xCC, 0x78, 0x07, 0xC0, 0x7F, 0x83, 0xFC, 0x0F, 0xE0, 0x1F, 0x00, 0xF7, 0x1F, 0x7F, 0xE7, 0xFE,
    0x7F, 0xC0, 0x06, 0x01, 0xC0, 0xF0, 0x78, 0x1C, 0x00, 0x03, 0xF9, 0xFE, 0x7F, 0x9E, 0x67, 0xF9,
    0xFE, 0x3F, 0xD8, 0xF7, 0xFD, 0xFE, 0x7F, 0x00, 0x06, 0x00, 0xF0, 0x1F, 0x81, 0xFC, 0x19, 0x80,
    0x00, 0x1F, 0xC3, 0xFE, 0x7F, 0xE7, 0xCC, 0x78, 0x07, 0xC0, 0x7F, 0x83, 0xFC, 0x0F, 0xE0, 0x1F,
    0x00, 0xF7, 0x1F, 0x7F, 0xE7, 0xFE, 0x7F, 0xC0, 0x0C, 0x07, 0x83, 0xF0, 0xFE, 0x13, 0x00, 0x03,
    0xF9, 0xFE, 0x7F, 0x9E, 0x67, 0xF9, 0xFE, 0x3F, 0xD8, 0xF7, 0xFD, 0xFE, 0x7F, 0x00, 0x1F, 0xC3,
    0xFE, 0x7F, 0xE7, 0xCC, 0x78, 0x07, 0xC0, 0x7F, 0x83, 0xFC, 0x0F, 0xE0, 0x1F, 0x00, 0xF7, 0x1F,
    0x7F, 0xE7, 0xFE, 0x7F, 0xC0, 0xE0, 0x0F, 0x00, 0x70, 0x1F, 0x01, 0xF0, 0x3F, 0x9F, 0xE7, 0xF9,
    0xE6, 0x7F, 0x9F, 0xE3, 0xFD, 0x8F, 0x7F, 0x9F, 0xE7, 0xF0, 0x70, 0x1E, 0x03, 0x83, 0xE0, 0xF0,
    0x09, 0x81, 0xFC, 0x1F, 0x80, 0xF0, 0x06, 0x00, 0x00, 0x1F, 0xC3, 0xFE, 0x7F, 0xE7, 0xCC, 0x78,
    0x07, 0xC0, 0x7F, 0x83, 0xFC, 0x0F, 0xE0, 0x1F, 0x00, 0xF7, 0x1F, 0x7F, 0xE7, 0xFE, 0x7F, 0xC0,
    0x13, 0x0F, 0xE1, 0xF0, 0x78, 0x0C, 0x00, 0x03, 0xF9, 0xFE, 0x7F, 0x9E, 0x67, 0xF9, 0xFE, 0x3F,
    0xD8, 0xF7, 0xFD, 0xFE, 0x7F, 0x00, 0xFF, 0xFF, 0xFF, 0xFF, 0xFE, 0x1E, 0x00, 0xF0, 0x07, 0x80,
    0x3C, 0x01, 0xE0, 0x0F, 0x00, 0x78, 0x03, 0xC0, 0x1E, 0x00, 0xF0, 0x07, 0x80, 0x3C, 0x00, 0xE0,
    0x07, 0x00, 0xFC, 0x07, 0xC0, 0xF0, 0xF0, 0xF0, 0xFF, 0xFF, 0xFF, 0xF0, 0xF0, 0xF0, 0xF0, 0xFA,
    0xFF, 0x7F, 0x3F, 0x1C, 0x0E, 0x3E, 0x3C, 0x09, 0x80, 0xFE, 0x03, 0xE0, 0x1E, 0x00, 0x60, 0x00,
    0x03, 0xFF, 0xFF, 0xFF, 0xFF, 0xF8, 0x78, 0x03, 0xC0, 0x1E, 0x00, 0xF0, 0x07, 0x80, 0x3C, 0x01,
    0xE0, 0x0F, 0x00, 0x78, 0x03, 0xC0, 0x1E, 0x00, 0xF0, 0x00, 0x0F, 0x0E, 0xFE, 0xFE, 0xF0, 0xFF,
    0xFF, 0xFF, 0xF0, 0xF0, 0xF0, 0xF0, 0xFA, 0xFF, 0x7F, 0x3F, 0xFF, 0xFF, 0xFF, 0xFF, 0xFE, 0x1E,
    0x00, 0xF0, 0x07, 0x80, 0x3C, 0x0F, 0xFC, 0x7F, 0xE0, 0x78, 0x03, 0xC0, 0x1E, 0x00, 0xF0, 0x07,
    0x80, 0x3C, 0x00, 0xF0, 0xF0, 0xF0, 0xFF, 0xFF, 0xFF, 0xF0, 0xFF, 0xFF, 0xF0, 0xFA, 0xFF, 0x7F,
    0x3F, 0x1E, 0xC1, 0xFE, 0x06, 0xF0, 0x00, 0x0F, 0x07, 0xF8, 0x3F, 0xC1, 0xFE, 0x0F, 0xF0, 0x7F,
    0x83, 0xFC, 0x1F, 0xE0, 0xFF, 0x07, 0xF8, 0x3F, 0xC3, 0xFF, 0xBE, 0x7F, 0xF1, 0xFF, 0x07, 0xF0,
    0x3D, 0x9F, 0xE7, 0xF0, 0x00, 0x00, 0x3C, 0xFF, 0x3F, 0xCF, 0xF3, 0xFC, 0xFF, 0x3F, 0xCF, 0xFB,
    0xFF, 0xF7, 0xFC, 0xFF, 0x1F, 0xC0, 0xFE, 0x00, 0x01, 0xE0, 0xFF, 0x07, 0xF8, 0x3F, 0xC1, 0xFE,
    0x0F, 0xF0, 0x7F, 0x83, 0xFC, 0x1F, 0xE0, 0xFF, 0x07, 0xF8, 0x7F, 0xF7, 0xCF, 0xFE, 0x3F, 0xE0,
    0xFE, 0x00, 0x7F, 0x9F, 0xE0, 0x00, 0x00, 0xF3, 0xFC, 0xFF, 0x3F, 0xCF, 0xF3, 0xFC, 0xFF, 0x3F,
    0xEF, 0xFF, 0xDF, 0xF3, 0xFC, 0x1D, 0xC0, 0xFE, 0x03, 0xE0, 0x00, 0x0F, 0x07, 0xF8, 0x3F, 0xC1,
    0xFE, 0x0F, 0xF0, 0x7F, 0x83, 0xFC, 0x1F, 0xE0, 0xFF, 0x07, 0xF8, 0x3F, 0xC3, 0xFF, 0xBE, 0x7F,
    0xF1, 0xFF, 0x07, 0xF0, 0x7B, 0x8F, 0xE1, 0xF0, 0x00, 0x00, 0x3C, 0xFF, 0x3F, 0xCF, 0xF3, 0xFC,
    0xFF, 0x3F, 0xCF, 0xFB, 0xFF, 0xF7, 0xFC, 0xFF, 0x07, 0x00, 0x7C, 0x03, 0x60, 0x1B, 0x00, 0xF8,
    0x07, 0x83, 0xC1, 0xFE, 0x0F, 0xF0, 0x7F, 0x83, 0xFC, 0x1F, 0xE0, 0xFF, 0x07, 0xF8, 0x3F, 0xC1,
    0xFE, 0x0F, 0xF0, 0xFF, 0xEF, 0x9F, 0xFC, 0x7F, 0xC1, 0xFC, 0x00, 0x1E, 0x07, 0xC3, 0xF0, 0xFC,
    0x1F, 0x07, 0x80, 0x03, 0xCF, 0xF3, 0xFC, 0xFF, 0x3F, 0xCF, 0xF3, 0xFC, 0xFF, 0xBF, 0xFF, 0x7F,
    0xCF, 0xF0, 0x06, 0x60, 0x77, 0x83, 0xB8, 0x3B, 0x81, 0x98, 0x00, 0x03, 0xC1, 0xFE, 0x0F, 0xF0,
    0x7F, 0x83, 0xFC, 0x1F, 0xE0, 0xFF, 0x07, 0xF8, 0x3F, 0xC1, 0xFE, 0x0F, 0xF0, 0xFF, 0xEF, 0x9F,
    0xFC, 0x7F, 0xC1, 0xFC, 0x00, 0x1C, 0xC3, 0xB8, 0xEE, 0x3D, 0xC3, 0x30, 0x00, 0x3C, 0xF7, 0x9E,
    0xF3, 0xDE, 0x7B, 0xCF, 0x79, 0xEF, 0x3D, 0xF7, 0xBF, 0xF3, 0xFE, 0x3F, 0xC0, 0xF0, 0x7F, 0x83,
    0xFC, 0x1F, 0xE0, 0xFF, 0x07, 0xF8, 0x3F, 0xC1, 0xFE, 0x0F, 0xF0, 0x7F, 0x83, 0xFC, 0x3F, 0xFB,
    0xE7, 0xFF, 0x1F, 0xF0, 0x7F, 0x00, 0xF0, 0x07, 0x00, 0x3E, 0x01, 0xF0, 0xF3, 0xFC, 0xFF, 0x3F,
    0xCF, 0xF3, 0xFC, 0xFF, 0x3F, 0xEF, 0xFF, 0xDF, 0xF3, 0xFC, 0x0E, 0x07, 0x01, 0xF0, 0x7C, 0x00,
    0x60, 0x00, 0x0F, 0x00, 0x01, 0xF8, 0x00, 0x3F, 0x80, 0x01, 0x98, 0x00, 0x00, 0x00, 0xF0, 0x00,
    0xFF, 0x80, 0x1F, 0x78, 0xF1, 0xE7, 0x8F, 0x1E, 0x78, 0xF9, 0xE7, 0x9F, 0x9E, 0x7D, 0xF9, 0xC3,
    0xDF, 0xBC, 0x3F, 0xFF, 0xC3, 0xF9, 0xFC, 0x3F, 0x9F, 0x81, 0xF9, 0xF8, 0x1F, 0x0F, 0x81, 0xF0,
    0xF8, 0x0F, 0x0F, 0x00, 0x01, 0x80, 0x01, 0xE0, 0x01, 0xF8, 0x00, 0xFE, 0x00, 0x66, 0x00, 0x00,
    0x03, 0xC7, 0x1D, 0xE7, 0x9E, 0x73, 0xCF, 0x3D, 0xF7, 0x9E, 0xFB, 0x87, 0xFF, 0xC3, 0xFF, 0xE1,
    0xFB, 0xE0, 0x79, 0xF0, 0x3C, 0xF8, 0x1E, 0x38, 0x00, 0x03, 0x00, 0x1E, 0x00, 0xFC, 0x07, 0xF0,
    0x0C, 0xC0, 0x00, 0x0F, 0x83, 0xFE, 0x1E, 0x7C, 0x78, 0xF3, 0xC3, 0xFF, 0x07, 0xF8, 0x1F, 0xE0,
    0x3F, 0x00, 0xF8, 0x01, 0xE0, 0x07, 0x80, 0x1E, 0x00, 0x78, 0x01, 0xE0, 0x07, 0x80, 0x06, 0x00,
    0xF0, 0x1F, 0x83, 0xF8, 0x19, 0x80, 0x00, 0xF0, 0xFF, 0x1E, 0x79, 0xE7, 0x9E, 0x7B, 0xC3, 0xFC,
    0x3F, 0x81, 0xF8, 0x1F, 0x81, 0xF0, 0x0F, 0x01, 0xE0, 0xFE, 0x0F, 0xC0, 0xF8, 0x00, 0x1C, 0xE0,
    0x7F, 0x81, 0xCE, 0x00, 0x00, 0xF8, 0x3F, 0xE1, 0xE7, 0xC7, 0x8F, 0x3C, 0x3F, 0xF0, 0x7F, 0x81,
    0xFE, 0x03, 0xF0, 0x0F, 0x80, 0x1E, 0x00, 0x78, 0x01, 0xE0, 0x07, 0x80, 0x1E, 0x00, 0x78, 0x00,
    0x01, 0x00, 0x1C, 0x01, 0xE0, 0x1E, 0x00, 0xE0, 0x00, 0x01, 0xFF, 0xCF, 0xFE, 0x7F, 0xF0, 0x0F,
    0x80, 0xF8, 0x0F, 0x80, 0xF8, 0x07, 0x80, 0x7C, 0x07, 0xC0, 0x3C, 0x03, 0xE0, 0x1F, 0xFF, 0xFF,
    0xFF, 0xFF, 0x80, 0x06, 0x01, 0xC0, 0xF0, 0x78, 0x1C, 0x00, 0x07, 0xFD, 0xFF, 0x7F, 0xC1, 0xE0,
    0xF0, 0x78, 0x3C, 0x1E, 0x07, 0xFF, 0xFF, 0xFF, 0xC0, 0x07, 0x00, 0x78, 0x01, 0xC0, 0x00, 0x07,
    0xFF, 0x3F, 0xF9, 0xFF, 0xC0, 0x3E, 0x03, 0xE0, 0x3E, 0x03, 0xE0, 0x1E, 0x01, 0xF0, 0x1F, 0x00,
    0xF0, 0x0F, 0x80, 0x7F, 0xFF, 0xFF, 0xFF, 0xFE, 0x0E, 0x07, 0x80, 0xE0, 0x00, 0x00, 0x1F, 0xF7,
    0xFD, 0xFF, 0x07, 0x83, 0xC1, 0xE0, 0xF0, 0x78, 0x1F, 0xFF, 0xFF, 0xFF, 0x08, 0x80, 0xFE, 0x03,
    0xE0, 0x0E, 0x00, 0x30, 0x00, 0x01, 0xFF, 0xCF, 0xFE, 0x7F, 0xF0, 0x0F, 0x80, 0xF8, 0x0F, 0x80,
    0xF8, 0x07, 0x80, 0x7C, 0x07, 0xC0, 0x3C, 0x03, 0xE0, 0x1F, 0xFF, 0xFF, 0xFF, 0xFF, 0x80, 0x13,
    0x0F, 0xE3, 0xF0, 0x78, 0x0C, 0x00, 0x07, 0xFD, 0xFF, 0x7F, 0xC1, 0xE0, 0xF0, 0x78, 0x3C, 0x1E,
    0x07, 0xFF, 0xFF, 0xFF, 0xC0, 0x3F, 0x3F, 0xBF, 0xDF, 0x6F, 0x07, 0x83, 0xC1, 0xE0, 0xF0, 0x78,
    0x3C, 0x1E, 0x0F, 0x07, 0x83, 0xC1, 0xE0, 0x00, 0x1E, 0x00, 0x3C, 0x3F, 0xF9, 0xFF, 0xE7, 0xFF,
    0xCF, 0x9F, 0xBE, 0x0F, 0x78, 0x1F, 0xF0, 0x1F, 0xE0, 0x3F, 0xC0, 0x7F, 0x81, 0xFF, 0x83, 0xCF,
    0x9F, 0x9F, 0xFE, 0x1F, 0xFC, 0x0F, 0xE0, 0x00, 0x38, 0x01, 0xC7, 0xFE, 0x7F, 0xE7, 0xFF, 0x3E,
    0xF9, 0xE3, 0xCF, 0x1E, 0x78, 0xF3, 0xEF, 0x9F, 0xFC, 0x7F, 0xC1, 0xFC, 0x00, 0x00, 0x0E, 0x00,
    0x3F, 0xC1, 0xFF, 0x83, 0xEF, 0x07, 0x9E, 0x0F, 0x3C, 0x1E, 0x78, 0x3C, 0xF0, 0x79, 0xE0, 0xF3,
    0xC1, 0xE7, 0x83, 0xCF, 0x0F, 0x9F, 0xBE, 0x1F, 0xFC, 0x1F, 0xF0, 0x1F, 0xC0, 0x00, 0x78, 0x03,
    0xFC, 0xFD, 0xE7, 0xEF, 0x3C, 0x79, 0xE3, 0xCF, 0x1E, 0x78, 0xF3, 0xC7, 0xDE, 0x3F, 0xF0, 0xFF,
    0x83, 0xFC, 0x00, 0x00, 0x00, 0x66, 0x00, 0x00, 0x1F, 0xC0, 0x00, 0x07, 0xE0, 0x00, 0x00, 0xF0,
    0x00, 0x00, 0x18, 0x3F, 0xF0, 0xFF, 0xFF, 0xFE, 0x3F, 0xFF, 0xFF, 0xCF, 0xFF, 0xF1, 0xF8, 0x0F,
    0xBC, 0x1E, 0x07, 0xCF, 0x07, 0xC1, 0xE3, 0xC0, 0xF0, 0xF8, 0xF0, 0x3C, 0x7C, 0x3C, 0x0F, 0x1E,
    0x0F, 0x07, 0xCF, 0x03, 0xC1, 0xE7, 0xC0, 0xF1, 0xF9, 0xE0, 0x3F, 0xFC, 0xFF, 0xFF, 0xFE, 0x3F,
    0xFF, 0xFF, 0x0F, 0xFF, 0x00, 0x00, 0x4C, 0x00, 0x00, 0xFE, 0xFF, 0xC0, 0x7C, 0xFF, 0xE0, 0x78,
    0xFF, 0xF0, 0x30, 0xF1, 0xF8, 0x00, 0xF0, 0x79, 0xFF, 0xF0, 0x7D, 0xFF, 0xF0, 0x3D, 0xFF, 0xF0,
    0x3C, 0x1E, 0xF0, 0x3C, 0x3C, 0xF0, 0x7C, 0x78, 0xF0, 0x78, 0xF0, 0xF1, 0xF9, 0xE0, 0xFF, 0xF1,
    0xFF, 0xFF, 0xE3, 0xFF, 0xFF, 0xC3, 0xFF, 0x00, 0x01, 0x98, 0x01, 0xE7, 0xF0, 0x03, 0xC7, 0xE0,
    0x07, 0x87, 0x80, 0x0F, 0x06, 0x00, 0x1E, 0x00, 0x07, 0xFD, 0xFF, 0x9F, 0xFB, 0xFF, 0x7F, 0xF7,
    0xFE, 0xFB, 0xE0, 0xF9, 0xE3, 0xC3, 0xE3, 0xC7, 0x8F, 0x87, 0x8F, 0x1E, 0x0F, 0x9E, 0x78, 0x1F,
    0xFD, 0xFF, 0x9F, 0xFB, 0xFF, 0x1F, 0xE7, 0xFE, 0xF0, 0x00, 0x7F, 0x80, 0x03, 0xFC, 0x00, 0x1F,
    0xE0, 0x00, 0xFF, 0x00, 0x07, 0xF8, 0x00, 0x3F, 0xC0, 0x01, 0xFE, 0x00, 0x0F, 0xF0, 0x00, 0x7F,
    0x80, 0x03, 0xFC, 0x00, 0x1F, 0xE0, 0x19, 0xFF, 0xFF, 0xFF, 0x7F, 0xFF, 0xFB, 0xFF, 0xFF, 0x80,
    0x00, 0x0E, 0xF0, 0x0F, 0xF0, 0x0F, 0xF0, 0x0E, 0xF0, 0x00, 0xF0, 0x0F, 0xF0, 0x0F, 0xF0, 0x0F,
    0xF0, 0x0F, 0xF0, 0x0F, 0xF0, 0x0F, 0xF0, 0x0F, 0xF0, 0x0F, 0xFF, 0xEF, 0xFF, 0xEF, 0xFF, 0xEF,
    0x00, 0x1F, 0x00, 0x7E, 0x00, 0x7E, 0x00, 0x7C, 0xF1, 0xDE, 0x7F, 0xCF, 0xF8, 0xEF, 0x01, 0xE3,
    0xFC, 0x7F, 0x8F, 0xF1, 0xFE, 0x3F, 0xC7, 0xF8, 0xFF, 0x9F, 0xFB, 0xDE, 0x7B, 0xCF, 0x03, 0xC1,
    0xF8, 0x3F, 0x07, 0xC0, 0xF0, 0x3C, 0x07, 0xFC, 0x1E, 0x03, 0xFF, 0x0F, 0x01, 0xFF, 0xC7, 0x80,
    0xFF, 0xE3, 0xC0, 0x7F, 0xF9, 0xE0, 0x3F, 0xDE, 0xF0, 0x1F, 0xEF, 0x78, 0x0F, 0xF3, 0xFC, 0x07,
    0xF8, 0xFE, 0x03, 0xFC, 0x7F, 0x01, 0xFE, 0x1F, 0x99, 0xFF, 0x07, 0xDF, 0xF7, 0x83, 0xEF, 0xFB,
    0xC0, 0xF7, 0xF8, 0x00, 0x00, 0xFF, 0x03, 0xCF, 0xF8, 0x3C, 0xFF, 0xC3, 0xCF, 0xFE, 0x3C, 0x0F,
    0xE3, 0xCF, 0xFF, 0x3C, 0xFF, 0x7B, 0xCF, 0xF7, 0xBC, 0xFF, 0x3F, 0xCF, 0xF1, 0xFC, 0xFF, 0x1F,
    0xCF, 0xF0, 0xFC, 0xFF, 0x07, 0xCF, 0xF0, 0x7C, 0xFF, 0x03, 0xCF, 0x00, 0x01, 0xF0, 0x00, 0x7F,
    0x00, 0x07, 0xE0, 0x00, 0x7C, 0x00, 0x07, 0x00, 0x07, 0xC0, 0x03, 0xE0, 0x00, 0xE0, 0x00, 0x07,
    0xFC, 0x7B, 0xFE, 0x3D, 0xFF, 0x9E, 0xF3, 0xCF, 0x79, 0xE7, 0xBC, 0xF3, 0xDE, 0x79, 0xEF, 0x3C,
    0xF7, 0x9E, 0x7B, 0xCF, 0x3D, 0xE7, 0x9E, 0x00, 0x0F, 0x00, 0x1F, 0x80, 0x0F, 0xC0, 0x07, 0xC0,
    0x04, 0x40, 0x1F, 0xC0, 0x1F, 0x00, 0x1C, 0x00, 0x10, 0x00, 0x00, 0x01, 0xF0, 0x03, 0xE0, 0x07,
    0xE0, 0x1F, 0xC0, 0x3F, 0x80, 0xF7, 0x81, 0xEF, 0x03, 0x8F, 0x0F, 0x1E, 0x1F, 0xFC, 0x7F, 0xFC,
    0xFF, 0xF9, 0xE0, 0xF7, 0x80, 0xFF, 0x01, 0xE0, 0x19, 0x87, 0xF0, 0x7E, 0x07, 0x80, 0x60, 0x00,
    0x0F, 0xE1, 0xFE, 0x3F, 0xC6, 0x7C, 0xFF, 0xBF, 0xF7, 0x9F, 0xF3, 0xDF, 0xFB, 0xFF, 0x3F, 0xC0,
    0xCD, 0xFF, 0xF3, 0xC3, 0x00, 0x1E, 0x3C, 0x78, 0xF1, 0xE3, 0xC7, 0x8F, 0x1E, 0x3C, 0x78, 0xF1,
    0xE3, 0xC7, 0x80, 0x66, 0x7F, 0x7E, 0x3C, 0x18, 0x00, 0x3C, 0x3C, 0x3C, 0x3C, 0x3C, 0x3C, 0x3C,
    0x3C, 0x3C, 0x3C, 0x3C, 0x0C, 0xC0, 0x1F, 0xC0, 0x3F, 0x00, 0x3C, 0x00, 0x30, 0x00, 0x00, 0x03,
    0xF8, 0x1F, 0xF8, 0x7F, 0xF8, 0xF9, 0xFB, 0xE0, 0xF7, 0x81, 0xFF, 0x01, 0xFE, 0x03, 0xFC, 0x07,
    0xF8, 0x1F, 0xF8, 0x3C, 0xF9, 0xF9, 0xFF, 0xE1, 0xFF, 0xC0, 0xFE, 0x00, 0x19, 0x81, 0xFC, 0x1F,
    0x80, 0xF0, 0x06, 0x00, 0x00, 0x1F, 0xC3, 0xFE, 0x7F, 0xE7, 0xDF, 0x78, 0xF7, 0x8F, 0x78, 0xF7,
    0xDF, 0x7F, 0xE3, 0xFE, 0x1F, 0xC0, 0x09, 0x80, 0xFE, 0x03, 0xE0, 0x1E, 0x00, 0x60, 0x00, 0x03,
    0xC1, 0xFE, 0x0F, 0xF0, 0x7F, 0x83, 0xFC, 0x1F, 0xE0, 0xFF, 0x07, 0xF8, 0x3F, 0xC1, 0xFE, 0x0F,
    0xF0, 0xFF, 0xEF, 0x9F, 0xFC, 0x7F, 0xC1, 0xFC, 0x00, 0x33, 0x0F, 0xE3, 0xF0, 0x78, 0x0C, 0x00,
    0x0F, 0x3F, 0xCF, 0xF3, 0xFC, 0xFF, 0x3F, 0xCF, 0xF3, 0xFE, 0xFF, 0xFD, 0xFF, 0x3F, 0xC0, 0x1F,
    0xC0, 0xFE, 0x00, 0x00, 0x3B, 0x81, 0xDC, 0x0E, 0xE0, 0x00, 0x1E, 0x0F, 0xF0, 0x7F, 0x83, 0xFC,
    0x1F, 0xE0, 0xFF, 0x07, 0xF8, 0x3F, 0xC1, 0xFE, 0x0F, 0xF0, 0x7F, 0x87, 0xFF, 0x7C, 0xFF, 0xE3,
    0xFE, 0x0F, 0xE0, 0x3F, 0x0F, 0xC0, 0x00, 0xEC, 0x7F, 0x8E, 0xC0, 0x03, 0xCF, 0xF3, 0xFC, 0xFF,
    0x3F, 0xCF, 0xF3, 0xFC, 0xFF, 0xBF, 0xFF, 0x7F, 0xCF, 0xF0, 0x01, 0x00, 0x1C, 0x01, 0xE0, 0x7D,
    0x83, 0x9E, 0x1C, 0x60, 0x00, 0x1E, 0x0F, 0xF0, 0x7F, 0x83, 0xFC, 0x1F, 0xE0, 0xFF, 0x07, 0xF8,
    0x3F, 0xC1, 0xFE, 0x0F, 0xF0, 0x7F, 0x87, 0xFF, 0x7C, 0xFF, 0xE3, 0xFE, 0x0F, 0xE0, 0x03, 0x01,
    0xC0, 0xF0, 0x38, 0x7F, 0x9C, 0xF7, 0x38, 0x00, 0xF3, 0xFC, 0xFF, 0x3F, 0xCF, 0xF3, 0xFC, 0xFF,
    0x3F, 0xEF, 0xFF, 0xDF, 0xF3, 0xFC, 0x0F, 0x80, 0x7C, 0x0F, 0xF8, 0x73, 0xC3, 0x8E, 0x00, 0x03,
    0xC1, 0xFE, 0x0F, 0xF0, 0x7F, 0x83, 0xFC, 0x1F, 0xE0, 0xFF, 0x07, 0xF8, 0x3F, 0xC1, 0xFE, 0x0F,
    0xF0, 0xFF, 0xEF, 0x9F, 0xFC, 0x7F, 0xC1, 0xFC, 0x00, 0x00, 0x0C, 0xC3, 0xF0, 0x78, 0x7F, 0x9C,
    0xF7, 0x18, 0x00, 0xF3, 0xFC, 0xFF, 0x3F, 0xCF, 0xF3, 0xFC, 0xFF, 0x3F, 0xEF, 0xFF, 0xDF, 0xF3,
    0xFC, 0x0C, 0x00, 0x70, 0x03, 0xC0, 0x7F, 0xC3, 0x9E, 0x1C, 0x70, 0x00, 0x1E, 0x0F, 0xF0, 0x7F,
    0x83, 0xFC, 0x1F, 0xE0, 0xFF, 0x07, 0xF8, 0x3F, 0xC1, 0xFE, 0x0F, 0xF0, 0x7F, 0x87, 0xFF, 0x7C,
    0xFF, 0xE3, 0xFE, 0x0F, 0xE0, 0x18, 0x0E, 0x01, 0xC0, 0x70, 0x7F, 0x9C, 0xF7, 0x38, 0x00, 0xF3,
    0xFC, 0xFF, 0x3F, 0xCF, 0xF3, 0xFC, 0xFF, 0x3F, 0xEF, 0xFF, 0xDF, 0xF3, 0xFC, 0x7F, 0x87, 0xFC,
    0x7F, 0xE3, 0x3E, 0x00, 0xF7, 0xFF, 0x7F, 0xF7, 0x9E, 0x7F, 0xE3, 0xFC, 0x1F, 0x80, 0x0F, 0xE0,
    0x1F, 0xC0, 0x00, 0x00, 0x77, 0x00, 0xEE, 0x01, 0xDC, 0x00, 0x00, 0x03, 0xE0, 0x07, 0xC0, 0x0F,
    0xC0, 0x3F, 0x80, 0x7F, 0x01, 0xEF, 0x03, 0xDE, 0x07, 0x1E, 0x1E, 0x3C, 0x3F, 0xF8, 0xFF, 0xF9,
    0xFF, 0xF3, 0xC1, 0xEF, 0x01, 0xFE, 0x03, 0xC0, 0x3F, 0x87, 0xF0, 0x00, 0x1D, 0xC3, 0xB8, 0x77,
    0x00, 0x01, 0xFC, 0x3F, 0xC7, 0xF8, 0xCF, 0x9F, 0xF7, 0xFE, 0xF3, 0xFE, 0x7B, 0xFF, 0x7F, 0xE7,
    0xF8, 0x0F, 0xE0, 0x1F, 0xC0, 0x00, 0x00, 0x1C, 0x00, 0x38, 0x00, 0x70, 0x00, 0x00, 0x03, 0xE0,
    0x07, 0xC0, 0x0F, 0xC0, 0x3F, 0x80, 0x7F, 0x01, 0xEF, 0x03, 0xDE, 0x07, 0x1E, 0x1E, 0x3C, 0x3F,
    0xF8, 0xFF, 0xF9, 0xFF, 0xF3, 0xC1, 0xEF, 0x01, 0xFE, 0x03, 0xC0, 0x1F, 0x83, 0xF0, 0x00, 0x07,
    0x00, 0xE0, 0x1C, 0x00, 0x01, 0xFC, 0x3F, 0xC7, 0xF8, 0xCF, 0x9F, 0xF7, 0xFE, 0xF3, 0xFE, 0x7B,
    0xFF, 0x7F, 0xE7, 0xF8, 0x00, 0x7F, 0x00, 0x03, 0xF8, 0x00, 0x00, 0x00, 0x01, 0xFF, 0xE0, 0x0F,
    0xFF, 0x00, 0xFF, 0xF8, 0x07, 0xF0, 0x00, 0x7F, 0x80, 0x07, 0xBC, 0x00, 0x3D, 0xFF, 0x03, 0xCF,
    0xF8, 0x1E, 0x7F, 0xC1, 0xFF, 0xC0, 0x1F, 0xFE, 0x00, 0xFF, 0xF0, 0x0F, 0x87, 0xFF, 0x78, 0x3F,
    0xFF, 0x81, 0xFF, 0xC0, 0x07, 0xF8, 0x01, 0xFE, 0x00, 0x00, 0x00, 0x00, 0x00, 0x3F, 0xFF, 0x0F,
    0xFF, 0xE3, 0xFF, 0xF8, 0xCF, 0x9F, 0x3F, 0xFF, 0xDF, 0xFF, 0xF7, 0x9E, 0x03, 0xE7, 0xC6, 0x7F,
    0xFF, 0x9F, 0xFF, 0xE3, 0xFF, 0xF8, 0x0F, 0xF0, 0x7F, 0xE1, 0xFF, 0xC3, 0xF3, 0x8F, 0x80, 0x1E,
    0x00, 0x3C, 0x1E, 0x78, 0x3C, 0xF1, 0xFD, 0xE3, 0xFB, 0xE1, 0xE3, 0xE3, 0xC7, 0xFF, 0x87, 0xFF,
    0x07, 0xFC, 0x00, 0x1F, 0xE1, 0xFF, 0x1F, 0xF8, 0xFB, 0xC7, 0xBF, 0xBD, 0xFD, 0xE7, 0x8F, 0xFC,
    0x3F, 0xE0, 0xFF, 0x00, 0x78, 0x67, 0xC7, 0xFE, 0x3F, 0xE1, 0xFE, 0x00, 0x04, 0xC0, 0x7F, 0x03,
    0xF0, 0x0F, 0x00, 0x30, 0x00, 0x00, 0x3F, 0xC7, 0xFE, 0x7F, 0xF3, 0xF3, 0xBE, 0x01, 0xE0, 0x0F,
    0x00, 0x78, 0x3F, 0xC1, 0xFE, 0x0F, 0xF8, 0x7B, 0xE3, 0xDF, 0xFE, 0x7F, 0xF1, 0xFF, 0x00, 0x0C,
    0xC3, 0xF8, 0x3F, 0x03, 0xC0, 0x30, 0x00, 0x07, 0xF9, 0xFF, 0x7F, 0xEF, 0xBD, 0xE7, 0xBC, 0xF7,
    0x9E, 0xFF, 0xCF, 0xF8, 0xFF, 0x01, 0xE6, 0x7D, 0xFF, 0xBF, 0xE7, 0xF8, 0x19, 0x80, 0x7F, 0x01,
    0xF8, 0x03, 0xC0, 0x06, 0x00, 0x00, 0x0F, 0x0F, 0xBC, 0x7C, 0xF3, 0xE3, 0xDF, 0x0F, 0xF8, 0x3F,
    0xC0, 0xFE, 0x03, 0xFC, 0x0F, 0xF8, 0x3D, 0xF0, 0xF3, 0xC3, 0xCF, 0x8F, 0x1F, 0x3C, 0x3C, 0xF0,
    0xF8, 0x7E, 0x0F, 0xC0, 0xE0, 0x00, 0x0F, 0x01, 0xE0, 0x3C, 0x07, 0x80, 0xF0, 0x1E, 0x7F, 0xDF,
    0x7F, 0xCF, 0xF1, 0xFC, 0x3F, 0xC7, 0xF8, 0xF7, 0x9E, 0xFB, 0xCF, 0xF8, 0xF0, 0x0F, 0xE0, 0x7F,
    0xE1, 0xFF, 0xE3, 0xE7, 0xEF, 0x83, 0xDE, 0x07, 0xFC, 0x07, 0xF8, 0x0F, 0xF0, 0x1F, 0xE0, 0x7F,
    0xE0, 0xF3, 0xE7, 0xE7, 0xFF, 0x87, 0xFE, 0x03, 0xF8, 0x01, 0xE0, 0x03, 0x80, 0x0F, 0xC0, 0x0F,
    0x80, 0x1F, 0xC3, 0xFE, 0x7F, 0xE7, 0xDF, 0x78, 0xF7, 0x8F, 0x78, 0xF7, 0xDF, 0x7F, 0xE3, 0xFE,
    0x1F, 0xC0, 0x70, 0x0F, 0x00, 0xF8, 0x07, 0x80, 0x0F, 0xE0, 0x1F, 0xC0, 0x00, 0x00, 0x7F, 0x03,
    0xFF, 0x0F, 0xFF, 0x1F, 0x3F, 0x7C, 0x1E, 0xF0, 0x3F, 0xE0, 0x3F, 0xC0, 0x7F, 0x80, 0xFF, 0x03,
    0xFF, 0x07, 0x9F, 0x3F, 0x3F, 0xFC, 0x3F, 0xF0, 0x1F, 0xC0, 0x0F, 0x00, 0x1C, 0x00, 0x7E, 0x00,
    0x7C, 0x00, 0x1F, 0xC1, 0xFC, 0x00, 0x00, 0x00, 0x1F, 0xC3, 0xFE, 0x7F, 0xE7, 0xDF, 0x78, 0xF7,
    0x8F, 0x78, 0xF7, 0xDF, 0x7F, 0xE3, 0xFE, 0x1F, 0xC0, 0x70, 0x0F, 0x00, 0xF8, 0x07, 0x80, 0x19,
    0x81, 0xFC, 0x1F, 0x80, 0xF0, 0x06, 0x00, 0x00, 0x7F, 0xF7, 0xFF, 0x7F, 0xF0, 0x3E, 0x07, 0xC0,
    0xF8, 0x1F, 0xC1, 0xFE, 0x03, 0xF0, 0x0F, 0x00, 0xF7, 0x1F, 0xFF, 0xFF, 0xFE, 0x7F, 0xC0, 0x33,
    0x0F, 0xE3, 0xF0, 0x78, 0x0C, 0x00, 0x00, 0x03, 0xFF, 0xFF, 0xFF, 0xF0, 0x78, 0x3C, 0x1E, 0x0F,
    0xC1, 0xF8, 0x1F, 0x03, 0xC0, 0xFE, 0x7F, 0xFF, 0xFF, 0xBF, 0xC0, 0x33, 0x1F, 0xCF, 0xC3, 0xC0,
    0xC0, 0x00, 0x78, 0x3C, 0x1E, 0x0F, 0x07, 0x83, 0xC1, 0xE0, 0xF0, 0x78, 0x3C, 0x1E, 0x0F, 0x3F,
    0x9F, 0x8F, 0x80, 0xFF, 0xC3, 0xFF, 0xFF, 0xF8, 0xFF, 0xFF, 0xFF, 0x3F, 0xFF, 0xC7, 0xE0, 0x3E,
    0xF0, 0x78, 0x1F, 0x3C, 0x1F, 0x07, 0x8F, 0x03, 0xC3, 0xE3, 0xC0, 0xF1, 0xF0, 0xF0, 0x3C, 0x78,
    0x3C, 0x1F, 0x3C, 0x0F, 0x07, 0x9F, 0x03, 0xC7, 0xE7, 0x80, 0xFF, 0xF3, 0xFF, 0xFF, 0xF8, 0xFF,
    0xFF, 0xFC, 0x3F, 0xFC, 0xFF, 0xC0, 0x00, 0xFF, 0xE0, 0x00, 0xFF, 0xF0, 0x00, 0xF1, 0xF8, 0x00,
    0xF0, 0x79, 0xFF, 0xF0, 0x7D, 0xFF, 0xF0, 0x3D, 0xFF, 0xF0, 0x3C, 0x1E, 0xF0, 0x3C, 0x3C, 0xF0,
    0x7C, 0x78, 0xF0, 0x78, 0xF0, 0xF1, 0xF9, 0xE0, 0xFF, 0xF1, 0xFF, 0xFF, 0xE3, 0xFF, 0xFF, 0xC3,
    0xFF, 0x00, 0xF0, 0x00, 0x01, 0xE0, 0x00, 0x03, 0xC0, 0x00, 0x07, 0x80, 0x00, 0x0F, 0x00, 0x03,
    0xFE, 0xFF, 0xCF, 0xFD, 0xFF, 0xBF, 0xFB, 0xFF, 0x7D, 0xF0, 0x7C, 0xF1, 0xE1, 0xF1, 0xE3, 0xC7,
    0xC3, 0xC7, 0x8F, 0x07, 0xCF, 0x3C, 0x0F, 0xFE, 0xFF, 0xCF, 0xFD, 0xFF, 0x8F, 0xF3, 0xFF, 0x00,
    0x80, 0x0E, 0x00, 0xF0, 0x0F, 0x00, 0x70, 0x00, 0x00, 0x3F, 0xC7, 0xFE, 0x7F, 0xF3, 0xF3, 0xBE,
    0x01, 0xE0, 0x0F, 0x00, 0x78, 0x3F, 0xC1, 0xFE, 0x0F, 0xF8, 0x7B, 0xE3, 0xDF, 0xFE, 0x7F, 0xF1,
    0xFF, 0x00, 0x01, 0x80, 0x38, 0x0F, 0x03, 0xC0, 0x70, 0x00, 0x07, 0xF9, 0xFF, 0x7F, 0xEF, 0xBD,
    0xE7, 0xBC, 0xF7, 0x9E, 0xFF, 0xCF, 0xF8, 0xFF, 0x01, 0xE6, 0x7D, 0xFF, 0xBF, 0xE7, 0xF8, 0xF0,
    0x78, 0x07, 0x83, 0xC0, 0x3C, 0x1E, 0x01, 0xE0, 0xF1, 0xEF, 0x07, 0x8F, 0x78, 0x3C, 0x7B, 0xFF,
    0xE3, 0xDF, 0xFF, 0x1E, 0xFF, 0xF8, 0xF7, 0x83, 0xC7, 0xBC, 0x1E, 0x3D, 0xE0, 0xFB, 0xEF, 0x07,
    0xFF, 0x78, 0x1F, 0xF3, 0xC0, 0x7F, 0x00, 0x7F, 0xC7, 0xFF, 0x3F, 0xFD, 0xE3, 0xEF, 0x0F, 0xF8,
    0x7F, 0xC3, 0xFE, 0x1E, 0xF0, 0xF7, 0x8F, 0xBC, 0xF9, 0xFF, 0x8F, 0xF8, 0x7F, 0x83, 0xF0, 0x1E,
    0x00, 0xF0, 0x07, 0x80, 0x3C, 0x00, 0x04, 0x00, 0x38, 0x00, 0xF0, 0x01, 0xE0, 0x03, 0x00, 0x00,
    0x0F, 0x03, 0xFE, 0x0F, 0xFC, 0x3F, 0xF8, 0xFF, 0xE3, 0xFF, 0xCF, 0xF7, 0xBF, 0xDE, 0xFF, 0x3F,
    0xFC, 0x7F, 0xF1, 0xFF, 0xC3, 0xFF, 0x07, 0xFC, 0x1F, 0xF0, 0x3C, 0x18, 0x0F, 0x03, 0xC0, 0x78,
    0x06, 0x00, 0x0F, 0xFB, 0xFE, 0xFF, 0xFC, 0xFF, 0x3F, 0xCF, 0xF3, 0xFC, 0xFF, 0x3F, 0xCF, 0xF3,
    0xC0, 0x01, 0x80, 0x0F, 0x80, 0x1C, 0x00, 0x00, 0x00, 0x38, 0x00, 0xD8, 0x01, 0xB0, 0x03, 0xE0,
    0x07, 0xC0, 0x1F, 0xC0, 0x3F, 0x80, 0xFF, 0x81, 0xEF, 0x03, 0xDE, 0x0F, 0x1E, 0x1E, 0x3C, 0x3F,
    0xF8, 0xFF, 0xF9, 0xFF, 0xF3, 0xC1, 0xEF, 0x01, 0xFE, 0x03, 0xC0, 0x07, 0x01, 0xE0, 0x70, 0x00,
    0x00, 0xF0, 0x3E, 0x07, 0xC0, 0x78, 0x00, 0x07, 0xF0, 0xFF, 0x1F, 0xE3, 0x3E, 0x7F, 0xDF, 0xFB,
    0xCF, 0xF9, 0xEF, 0xFD, 0xFF, 0x9F, 0xE0, 0x00, 0x06, 0x00, 0x00, 0x78, 0x00, 0x07, 0xC0, 0x00,
    0x38, 0x00, 0x01, 0x80, 0x00, 0x00, 0x00, 0x03, 0xFF, 0xC0, 0x1F, 0xFE, 0x01, 0xFF, 0xF0, 0x0F,
    0xE0, 0x00, 0xFF, 0x00, 0x0F, 0x78, 0x00, 0x7B, 0xFE, 0x07, 0x9F, 0xF0, 0x3C, 0xFF, 0x83, 0xFF,
    0x80, 0x3F, 0xFC, 0x01, 0xFF, 0xE0, 0x1F, 0x0F, 0xFE, 0xF0, 0x7F, 0xFF, 0x03, 0xFF, 0x80, 0x00,
    0x30, 0x00, 0x1E, 0x00, 0x0F, 0x00, 0x03, 0x80, 0x00, 0xC0, 0x00, 0x00, 0x03, 0xFF, 0xF0, 0xFF,
    0xFE, 0x3F, 0xFF, 0x8C, 0xF9, 0xF3, 0xFF, 0xFD, 0xFF, 0xFF, 0x79, 0xE0, 0x3E, 0x7C, 0x67, 0xFF,
    0xF9, 0xFF, 0xFE, 0x3F, 0xFF, 0x80, 0x01, 0x80, 0x07, 0x80, 0x0F, 0x00, 0x3C, 0x00, 0x60, 0x81,
    0xFF, 0x8F, 0xFF, 0x3F, 0xFC, 0x7C, 0xFD, 0xF1, 0xFB, 0xC7, 0xFF, 0x9E, 0xFF, 0x79, 0xFE, 0xE3,
    0xFF, 0xCF, 0xFF, 0x1E, 0x7C, 0xFC, 0xFF, 0xF1, 0xFF, 0xE7, 0xFF, 0x02, 0x00, 0x00, 0x03, 0x00,
    0x38, 0x07, 0x80, 0xF0, 0x0E, 0x00, 0x02, 0x1F, 0xF3, 0xFE, 0x7F, 0xE7, 0xFF, 0x7B, 0xF7, 0x7F,
    0x7E, 0xF7, 0xDF, 0x7F, 0xE7, 0xFE, 0x7F, 0xC2, 0x00, 0x19, 0xC0, 0x3B, 0x80, 0x3B, 0x80, 0x73,
    0x80, 0x66, 0x00, 0x00, 0x01, 0xF0, 0x03, 0xE0, 0x07, 0xE0, 0x1F, 0xC0, 0x3F, 0x80, 0xF7, 0x81,
    0xEF, 0x03, 0x8F, 0x0F, 0x1E, 0x1F, 0xFC, 0x7F, 0xFC, 0xFF, 0xF9, 0xE0, 0xF7, 0x80, 0xFF, 0x01,
    0xE0, 0x67, 0x0E, 0xE1, 0xEE, 0x1D, 0xC1, 0x98, 0x00, 0x0F, 0xE1, 0xFE, 0x3F, 0xC6, 0x7C, 0xFF,
    0xBF, 0xF7, 0x9F, 0xF3, 0xDF, 0xFB, 0xFF, 0x3F, 0xC0, 0x07, 0xC0, 0x1F, 0xC0, 0x3B, 0x80, 0x00,
    0x00, 0x7C, 0x00, 0xF8, 0x01, 0xF8, 0x07, 0xF0, 0x0F, 0xE0, 0x3D, 0xE0, 0x7B, 0xC0, 0xE3, 0xC3,
    0xC7, 0x87, 0xFF, 0x1F, 0xFF, 0x3F, 0xFE, 0x78, 0x3D, 0xE0, 0x3F, 0xC0, 0x78, 0x1F, 0x07, 0xF0,
    0xEE, 0x00, 0x03, 0xF8, 0x7F, 0x8F, 0xF1, 0x9F, 0x3F, 0xEF, 0xFD, 0xE7, 0xFC, 0xF7, 0xFE, 0xFF,
    0xCF, 0xF0, 0x67, 0x0E, 0xE0, 0xEE, 0x1C, 0xE1, 0x98, 0x00, 0x3F, 0xFF, 0xFF, 0xFF, 0xFE, 0x03,
    0xC0, 0x78, 0x0F, 0xFD, 0xFF, 0xBF, 0xF7, 0x80, 0xF0, 0x1E, 0x03, 0xFF, 0xFF, 0xFF, 0xFE, 0x33,
    0x03, 0xB8, 0x39, 0xC1, 0xDC, 0x0C, 0xC0, 0x00, 0x1F, 0x83, 0xFE, 0x7F, 0xE7, 0x9F, 0x7F, 0xF7,
    0xFF, 0x78, 0x07, 0xC6, 0x7F, 0xE3, 0xFE, 0x1F, 0xE0, 0x1F, 0x07, 0xF0, 0xEE, 0x00, 0x0F, 0xFF,
    0xFF, 0xFF, 0xFF, 0x80, 0xF0, 0x1E, 0x03, 0xFF, 0x7F, 0xEF, 0xFD, 0xE0, 0x3C, 0x07, 0x80, 0xFF,
    0xFF, 0xFF, 0xFF, 0x80, 0x0F, 0x81, 0xFC, 0x1D, 0xC0, 0x00, 0x1F, 0x83, 0xFE, 0x7F, 0xE7, 0x9F,
    0x7F, 0xF7, 0xFF, 0x78, 0x07, 0xC6, 0x7F, 0xE3, 0xFE, 0x1F, 0xE0, 0x66, 0x3D, 0xC7, 0x78, 0xEE,
    0x19, 0x80, 0x01, 0xE0, 0x78, 0x1E, 0x07, 0x81, 0xE0, 0x78, 0x1E, 0x07, 0x81, 0xE0, 0x78, 0x1E,
    0x07, 0x81, 0xE0, 0x78, 0x1E, 0x00, 0xE6, 0x77, 0x9D, 0xC7, 0x73, 0x98, 0x00, 0x78, 0x3C, 0x1E,
    0x0F, 0x07, 0x83, 0xC1, 0xE0, 0xF0, 0x78, 0x3C, 0x1E, 0x00, 0x3E, 0x7F, 0x77, 0x00, 0x3C, 0x3C,
    0x3C, 0x3C, 0x3C, 0x3C, 0x3C, 0x3C, 0x3C, 0x3C, 0x3C, 0x3C, 0x3C, 0x3C, 0x3C, 0x7E, 0x7E, 0xF7,
    0x00, 0x3C, 0x3C, 0x3C, 0x3C, 0x3C, 0x3C, 0x3C, 0x3C, 0x3C, 0x3C, 0x3C, 0x39, 0x80, 0x77, 0x80,
    0x77, 0x00, 0x77, 0x00, 0xE6, 0x00, 0x00, 0x03, 0xF8, 0x1F, 0xF8, 0x7F, 0xF8, 0xF9, 0xFB, 0xE0,
    0xF7, 0x81, 0xFF, 0x01, 0xFE, 0x03, 0xFC, 0x07, 0xF8, 0x1F, 0xF8, 0x3C, 0xF9, 0xF9, 0xFF, 0xE1,
    0xFF, 0xC0, 0xFE, 0x00, 0x33, 0x03, 0xB8, 0x39, 0xC1, 0xDC, 0x0C, 0xC0, 0x00, 0x1F, 0xC3, 0xFE,
    0x7F, 0xE7, 0xDF, 0x78, 0xF7, 0x8F, 0x78, 0xF7, 0xDF, 0x7F, 0xE3, 0xFE, 0x1F, 0xC0, 0x07, 0xC0,
    0x1F, 0xC0, 0x3B, 0x80, 0x00, 0x00, 0xFE, 0x07, 0xFE, 0x1F, 0xFE, 0x3E, 0x7E, 0xF8, 0x3D, 0xE0,
    0x7F, 0xC0, 0x7F, 0x80, 0xFF, 0x01, 0xFE, 0x07, 0xFE, 0x0F, 0x3E, 0x7E, 0x7F, 0xF8, 0x7F, 0xF0,
    0x3F, 0x80, 0x0F, 0x81, 0xFC, 0x1D, 0xC0, 0x00, 0x1F, 0xC3, 0xFE, 0x7F, 0xE7, 0xDF, 0x78, 0xF7,
    0x8F, 0x78, 0xF7, 0xDF, 0x7F, 0xE3, 0xFE, 0x1F, 0xC0, 0x66, 0x03, 0xB8, 0x1E, 0xE0, 0x77, 0x01,
    0x98, 0x7F, 0xC3, 0xFF, 0x9F, 0xFC, 0xF3, 0xF7, 0x87, 0xBC, 0x3D, 0xE7, 0xEF, 0xFF, 0x7F, 0xF3,
    0xFF, 0x1E, 0x78, 0xF3, 0xE7, 0x8F, 0xBC, 0x3D, 0xE1, 0xF0, 0xEE, 0x77, 0x1D, 0xCE, 0x73, 0x38,
    0x01, 0xFE, 0xFF, 0x7F, 0xBC, 0x9E, 0x0F, 0x07, 0x83, 0xC1, 0xE0, 0xF0, 0x78, 0x00, 0x1F, 0x01,
    0xFC, 0x0E, 0xF0, 0x00, 0x0F, 0xF8, 0x7F, 0xF3, 0xFF, 0x9E, 0x7E, 0xF0, 0xF7, 0x87, 0xBC, 0xFD,
    0xFF, 0xEF, 0xFE, 0x7F, 0xE3, 0xCF, 0x1E, 0x7C, 0xF1, 0xF7, 0x87, 0xBC, 0x3E, 0x3E, 0x7F, 0xF7,
    0x00, 0xFF, 0xFF, 0xFF, 0xF2, 0xF0, 0xF0, 0xF0, 0xF0, 0xF0, 0xF0, 0xF0, 0x33, 0x03, 0xDC, 0x0E,
    0xF0, 0x3B, 0x80, 0xCC, 0x00, 0x03, 0xC1, 0xFE, 0x0F, 0xF0, 0x7F, 0x83, 0xFC, 0x1F, 0xE0, 0xFF,
    0x07, 0xF8, 0x3F, 0xC1, 0xFE, 0x0F, 0xF0, 0xFF, 0xEF, 0x9F, 0xFC, 0x7F, 0xC1, 0xFC, 0x00, 0xE6,
    0x3B, 0xC7, 0x71, 0xEE, 0x33, 0x80, 0x0F, 0x3F, 0xCF, 0xF3, 0xFC, 0xFF, 0x3F, 0xCF, 0xF3, 0xFE,
    0xFF, 0xFD, 0xFF, 0x3F, 0xC0, 0x0F, 0x80, 0xFE, 0x07, 0x70, 0x00, 0x0F, 0x07, 0xF8, 0x3F, 0xC1,
    0xFE, 0x0F, 0xF0, 0x7F, 0x83, 0xFC, 0x1F, 0xE0, 0xFF, 0x07, 0xF8, 0x3F, 0xC3, 0xFF, 0xBE, 0x7F,
    0xF1, 0xFF, 0x07, 0xF0, 0x1F, 0x0F, 0xE7, 0xB8, 0x00, 0xF3, 0xFC, 0xFF, 0x3F, 0xCF, 0xF3, 0xFC,
    0xFF, 0x3F, 0xEF, 0xFF, 0xDF, 0xF3, 0xFC, 0x1F, 0xC3, 0xFE, 0x7F, 0xE7, 0xCC, 0x78, 0x07, 0xC0,
    0x7F, 0x83, 0xFC, 0x0F, 0xE0, 0x1F, 0x00, 0xF7, 0x1F, 0x7F, 0xE7, 0xFE, 0x7F, 0xC0, 0x00, 0x07,
    0x00, 0xF0, 0x1F, 0x01, 0xE0, 0x3F, 0x9F, 0xE7, 0xF9, 0xE6, 0x7F, 0x9F, 0xE3, 0xFD, 0x8F, 0x7F,
    0xDF, 0xE7, 0xF0, 0x00, 0x0E, 0x07, 0x83, 0xE0, 0xF0, 0xFF, 0xFF, 0xFF, 0xFF, 0xFE, 0x1E, 0x00,
    0xF0, 0x07, 0x80, 0x3C, 0x01, 0xE0, 0x0F, 0x00, 0x78, 0x03, 0xC0, 0x1E, 0x00, 0xF0, 0x07, 0x80,
    0x3C, 0x00, 0x00, 0x07, 0x00, 0x78, 0x07, 0xC0, 0x3C, 0x00, 0xF0, 0xF0, 0xF0, 0xFF, 0xFF, 0xFF,
    0xF0, 0xF0, 0xF0, 0xF0, 0xFA, 0xFF, 0x7F, 0x3F, 0x00, 0x1C, 0x3C, 0x7C, 0x78, 0x7F, 0x1F, 0xF9,
    0xFF, 0x3B, 0xE0, 0x3E, 0x07, 0xC1, 0xF1, 0xFE, 0x3F, 0x87, 0xF8, 0x1F, 0x80, 0xF0, 0x1E, 0x03,
    0xC0, 0xF8, 0x7F, 0xFF, 0xDF, 0xF3, 0xF8, 0x00, 0xFE, 0x3F, 0xCF, 0xF9, 0x1E, 0x0F, 0x8F, 0xC3,
    0xF0, 0xFE, 0x0F, 0x81, 0xE0, 0x78, 0xFE, 0xFF, 0xBF, 0xCF, 0xC0, 0x0C, 0xC0, 0xFE, 0x03, 0xF0,
    0x0F, 0x00, 0x30, 0x00, 0x03, 0xC1, 0xFE, 0x0F, 0xF0, 0x7F, 0x83, 0xFC, 0x1F, 0xE0, 0xFF, 0xFF,
    0xFF, 0xFF, 0xFF, 0xFE, 0x0F, 0xF0, 0x7F, 0x83, 0xFC, 0x1F, 0xE0, 0xFF, 0x07, 0x80, 0x7E, 0x1F,
    0x83, 0x80, 0x00, 0xF0, 0x3C, 0x0F, 0x03, 0xC0, 0xF0, 0x3F, 0xEF, 0xFF, 0xFF, 0xF3, 0xFC, 0xFF,
    0x3F, 0xCF, 0xF3, 0xFC, 0xFF, 0x3F, 0xCF, 0x00, 0x30, 0x3C, 0x1F, 0x07, 0xC0, 0xF0, 0x3C, 0x0F,
    0x03, 0x00, 0x03, 0x03, 0xC3, 0xC3, 0xC7, 0xC7, 0xC3, 0xC0, 0xC0, 0x00, 0x00, 0xFF, 0xFF, 0xF7,
    0xFF, 0xE2, 0x00, 0xF0, 0xF3, 0xC7, 0x8E, 0x78, 0x7F, 0x81, 0xFC, 0x07, 0xC0, 0x3C, 0x00, 0xE0,
    0x02, 0x00, 0x7E, 0x7F, 0xF7, 0x0C, 0x03, 0x80, 0x78, 0x07, 0x80, 0x70, 0x00, 0x3F, 0xFF, 0xFF,
    0xFF, 0xFE, 0x03, 0xC0, 0x78, 0x0F, 0xFD, 0xFF, 0xBF, 0xF7, 0x80, 0xF0, 0x1E, 0x03, 0xFF, 0xFF,
    0xFF, 0xFE, 0x3B, 0xCF, 0x78, 0xEF, 0x00, 0x00, 0x01, 0xFF, 0xFF, 0xFF, 0xFF, 0xF0, 0x1E, 0x03,
    0xC0, 0x7F, 0xEF, 0xFD, 0xFF, 0xBC, 0x07, 0x80, 0xF0, 0x1F, 0xFF, 0xFF, 0xFF, 0xF0, 0xFF, 0xF8,
    0x7F, 0xFC, 0x3F, 0xFE, 0x01, 0xE0, 0x00, 0xF0, 0x00, 0x7F, 0xE0, 0x3F, 0xF8, 0x1F, 0xFE, 0x0F,
    0x1F, 0x07, 0x83, 0x83, 0xC1, 0xE1, 0xE1, 0xE0, 0xF7, 0xF0, 0x7B, 0xF0, 0x3D, 0xF0, 0x02, 0x00,
    0xE0, 0x3C, 0x0F, 0x00, 0xC0, 0x00, 0x3F, 0xFF, 0xFF, 0xFF, 0xFE, 0x03, 0xC0, 0x78, 0x0F, 0x01,
    0xE0, 0x3C, 0x07, 0x80, 0xF0, 0x1E, 0x03, 0xC0, 0x78, 0x0F, 0x00, 0x0F, 0xF1, 0xFF, 0xDF, 0xFC,
    0xF8, 0xEF, 0x80, 0x78, 0x03, 0xFF, 0x1F, 0xF8, 0xFF, 0xC7, 0x80, 0x3E, 0x00, 0xF8, 0xE7, 0xFF,
    0x1F, 0xFC, 0x7F, 0xC0, 0x1F, 0xC3, 0xFE, 0x7F, 0xE7, 0xCC, 0x78, 0x07, 0xC0, 0x7F, 0x83, 0xFC,
    0x0F, 0xE0, 0x1F, 0x00, 0xF7, 0x1F, 0x7F, 0xE7, 0xFE, 0x7F, 0xC0, 0xFF, 0xFF, 0xFF, 0xFF, 0xFF,
    0xFF, 0xFF, 0xF0, 0xF7, 0x7B, 0xFD, 0xC0, 0x03, 0xC1, 0xE0, 0xF0, 0x78, 0x3C, 0x1E, 0x0F, 0x07,
    0x83, 0xC1, 0xE0, 0xF0, 0x78, 0x3C, 0x1E, 0x0F, 0x00, 0x03, 0xC0, 0xF0, 0x3C, 0x0F, 0x03, 0xC0,
    0xF0, 0x3C, 0x0F, 0x03, 0xC0, 0xF0, 0x3D, 0x9F, 0xFF, 0xFF, 0xE7, 0xF0, 0x07, 0xFE, 0x00, 0x0F,
    0xFC, 0x00, 0x1F, 0xF8, 0x00, 0x78, 0xF0, 0x00, 0xF1, 0xE0, 0x01, 0xE3, 0xFF, 0x03, 0xC7, 0xFF,
    0x07, 0x8F, 0xFF, 0x0F, 0x1E, 0x7E, 0x1E, 0x3C, 0x3C, 0x78, 0x78, 0x7B, 0xF0, 0xF1, 0xFF, 0xC1,
    0xFF, 0xFF, 0x83, 0xFF, 0xBC, 0x07, 0xFC, 0x00, 0xF0, 0x78, 0x07, 0x83, 0xC0, 0x3C, 0x1E, 0x01,
    0xE0, 0xF0, 0x0F, 0x07, 0x80, 0x7F, 0xFF, 0xE3, 0xFF, 0xFF, 0xDF, 0xFF, 0xFE, 0xF0, 0x79, 0xFF,
    0x83, 0xC3, 0xFC, 0x1E, 0x1F, 0xE0, 0xF3, 0xFF, 0x07, 0xFF, 0x78, 0x3F, 0xFB, 0xC1, 0xFF, 0x00,
    0xFF, 0xF8, 0xFF, 0xF8, 0xFF, 0xF8, 0x0F, 0x00, 0x0F, 0x00, 0x0F, 0x00, 0x0F, 0xFC, 0x0F, 0xFE,
    0x0F, 0xFE, 0x0F, 0x3F, 0x0F, 0x0F, 0x0F, 0x0F, 0x0F, 0x0F, 0x0F, 0x0F, 0x0F, 0x0F, 0x01, 0x80,
    0x07, 0x00, 0x3C, 0x01, 0xE0, 0x07, 0x00, 0x00, 0x0F, 0x0F, 0xBC, 0x7C, 0xF3, 0xE3, 0xDF, 0x0F,
    0xF8, 0x3F, 0xC0, 0xFE, 0x03, 0xFC, 0x0F, 0xF8, 0x3D, 0xF0, 0xF3, 0xC3, 0xCF, 0x8F, 0x1F, 0x3C,
    0x3C, 0xF0, 0xF8, 0x06, 0x00, 0x3C, 0x00, 0xF8, 0x00, 0xE0, 0x01, 0x80, 0x00, 0x0F, 0x03, 0xFC,
    0x1F, 0xF0, 0xFF, 0xC7, 0xFF, 0x1F, 0xFC, 0xFF, 0xF7, 0xBF, 0xDE, 0xFF, 0xF3, 0xFF, 0x8F, 0xFE,
    0x3F, 0xF0, 0xFF, 0x83, 0xFE, 0x0F, 0xF0, 0x3C, 0x0C, 0xC0, 0x7B, 0x80, 0xFE, 0x01, 0xF0, 0x00,
    0x03, 0xE1, 0xF7, 0x87, 0x9F, 0x1E, 0x3C, 0x78, 0xF3, 0xC1, 0xEF, 0x07, 0xB8, 0x0F, 0xE0, 0x3F,
    0x80, 0x7C, 0x01, 0xF0, 0x4F, 0x81, 0xFE, 0x07, 0xF0, 0x1F, 0x80, 0xF0, 0x7F, 0x83, 0xFC, 0x1F,
    0xE0, 0xFF, 0x07, 0xF8, 0x3F, 0xC1, 0xFE, 0x0F, 0xF0, 0x7F, 0x83, 0xFC, 0x1F, 0xE0, 0xFF, 0xFF,
    0xFF, 0xFF, 0xFF, 0xE0, 0xF0, 0x07, 0x80, 0x3C, 0x01, 0xE0, 0x07, 0xC0, 0x0F, 0x80, 0x1F, 0x80,
    0x7F, 0x00, 0xFE, 0x03, 0xDE, 0x07, 0xBC, 0x0E, 0x3C, 0x3C, 0x78, 0x7F, 0xF1, 0xFF, 0xF3, 0xFF,
    0xE7, 0x83, 0xDE, 0x03, 0xFC, 0x07, 0x80, 0xFF, 0xEF, 0xFE, 0xFF, 0xEF, 0x00, 0xF0, 0x0F, 0xF8,
    0xFF, 0xEF, 0xFF, 0xF3, 0xFF, 0x0F, 0xF0, 0xFF, 0x3F, 0xFF, 0xEF, 0xFE, 0xFF, 0x80, 0xFF, 0xC7,
    0xFF, 0x3F, 0xFD, 0xE3, 0xEF, 0x1F, 0x7F, 0xF3, 0xFF, 0x9F, 0xFE, 0xF1, 0xF7, 0x87, 0xBC, 0x3D,
    0xE3, 0xEF, 0xFF, 0x7F, 0xF3, 0xFF, 0x00, 0xFF, 0xFF, 0xFF, 0xFF, 0xF8, 0x0F, 0x01, 0xE0, 0x3C,
    0x07, 0x80, 0xF0, 0x1E, 0x03, 0xC0, 0x78, 0x0F, 0x01, 0xE0, 0x3C, 0x00, 0x0F, 0xFE, 0x07, 0xFF,
    0x03, 0xFF, 0x81, 0xE3, 0xC0, 0xF1, 0xE0, 0x78, 0xF0, 0x3C, 0x78, 0x1E, 0x3C, 0x0F, 0x1E, 0x0F,
    0x0F, 0x07, 0x87, 0x87, 0xC3, 0xCF, 0xFF, 0xFF, 0xFF, 0xFF, 0xFF, 0xFF, 0xE0, 0x0F, 0xF0, 0x07,
    0xF8, 0x03, 0xFC, 0x01, 0xE0, 0xFF, 0xFF, 0xFF, 0xFF, 0xF8, 0x0F, 0x01, 0xE0, 0x3F, 0xF7, 0xFE,
    0xFF, 0xDE, 0x03, 0xC0, 0x78, 0x0F, 0xFF, 0xFF, 0xFF, 0xF8, 0xF8, 0xF0, 0xF3, 0xE7, 0x8F, 0x8F,
    0x3C, 0xF8, 0x7D, 0xEF, 0x81, 0xFF, 0x7C, 0x07, 0xFF, 0xC0, 0x1F, 0xFC, 0x00, 0xFF, 0xC0, 0x0F,
    0xFF, 0x00, 0x7F, 0xFC, 0x07, 0xFD, 0xF0, 0x7D, 0xE7, 0xC7, 0xCF, 0x1E, 0x3C, 0x78, 0xFB, 0xE3,
    0xC3, 0xE0, 0x3F, 0x87, 0xFE, 0x7F, 0xE3, 0x1F, 0x01, 0xF0, 0x3E, 0x1F, 0xE1, 0xFE, 0x1F, 0xF0,
    0x1F, 0x00, 0xF7, 0x1F, 0x7F, 0xFF, 0xFE, 0x7F, 0xC0, 0xF0, 0x3F, 0xC1, 0xFF, 0x0F, 0xFC, 0x7F,
    0xF1, 0xFF, 0xCF, 0xFF, 0x7B, 0xFD, 0xEF, 0xFF, 0x3F, 0xF8, 0xFF, 0xE3, 0xFF, 0x0F, 0xF8, 0x3F,
    0xE0, 0xFF, 0x03, 0xC0, 0x0C, 0xC0, 0x7B, 0x80, 0xFE, 0x01, 0xF0, 0x00, 0x03, 0xC0, 0xFF, 0x07,
    0xFC, 0x3F, 0xF1, 0xFF, 0xC7, 0xFF, 0x3F, 0xFD, 0xEF, 0xF7, 0xBF, 0xFC, 0xFF, 0xE3, 0xFF, 0x8F,
    0xFC, 0x3F, 0xE0, 0xFF, 0x83, 0xFC, 0x0F, 0xF0, 0xFB, 0xC7, 0xCF, 0x3E, 0x3D, 0xF0, 0xFF, 0x83,
    0xFC, 0x0F, 0xE0, 0x3F, 0xC0, 0xFF, 0x83, 0xDF, 0x0F, 0x3C, 0x3C, 0xF8, 0xF1, 0xF3, 0xC3, 0xCF,
    0x0F, 0x80, 0x07, 0xFE, 0x0F, 0xFC, 0x1F, 0xF8, 0x78, 0xF0, 0xF1, 0xE1, 0xE3, 0xC3, 0xC7, 0x87,
    0x8F, 0x0F, 0x1E, 0x1E, 0x3C, 0x78, 0x7B, 0xF0, 0xFF, 0xC1, 0xFF, 0x83, 0xFC, 0x07, 0x80, 0x78,
    0x0F, 0x3E, 0x0F, 0x9F, 0x07, 0xCF, 0xC7, 0xE7, 0xE3, 0xF7, 0xF1, 0xFB, 0xFD, 0xFD, 0xEE, 0xEF,
    0xF7, 0xF7, 0xFB, 0xF3, 0xFC, 0xF9, 0xFE, 0x7C, 0xFF, 0x1C, 0x7F, 0x80, 0x3F, 0xC0, 0x1E, 0xF0,
    0x7F, 0x83, 0xFC, 0x1F, 0xE0, 0xFF, 0x07, 0xF8, 0x3F, 0xFF, 0xFF, 0xFF, 0xFF, 0xFF, 0x83, 0xFC,
    0x1F, 0xE0, 0xFF, 0x07, 0xF8, 0x3F, 0xC1, 0xE0, 0x0F, 0xE0, 0x7F, 0xE1, 0xFF, 0xE3, 0xE7, 0xEF,
    0x83, 0xDE, 0x07, 0xFC, 0x07, 0xF8, 0x0F, 0xF0, 0x1F, 0xE0, 0x7F, 0xE0, 0xF3, 0xE7, 0xE7, 0xFF,
    0x87, 0xFF, 0x03, 0xF8, 0x00, 0xFF, 0xFF, 0xFF, 0xFF, 0xFF, 0xE0, 0xFF, 0x07, 0xF8, 0x3F, 0xC1,
    0xFE, 0x0F, 0xF0, 0x7F, 0x83, 0xFC, 0x1F, 0xE0, 0xFF, 0x07, 0xF8, 0x3F, 0xC1, 0xE0, 0xFF, 0xCF,
    0xFE, 0xFF, 0xFF, 0x1F, 0xF0, 0xFF, 0x0F, 0xF3, 0xFF, 0xFF, 0xFF, 0xEF, 0xFC, 0xF0, 0x0F, 0x00,
    0xF0, 0x0F, 0x00, 0xF0, 0x00, 0x0F, 0xF1, 0xFF, 0x9F, 0xFC, 0xFD, 0xEF, 0x80, 0x78, 0x03, 0xC0,
    0x1E, 0x00, 0xF0, 0x07, 0x80, 0x3E, 0x01, 0xF8, 0xE7, 0xFF, 0x1F, 0xF8, 0x7F, 0xC0, 0xFF, 0xFF,
    0xFF, 0xFF, 0xFE, 0x1E, 0x00, 0xF0, 0x07, 0x80, 0x3C, 0x01, 0xE0, 0x0F, 0x00, 0x78, 0x03, 0xC0,
    0x1E, 0x00, 0xF0, 0x07, 0x80, 0x3C, 0x00, 0xF8, 0x7D, 0xE1, 0xE7, 0xC7, 0x8F, 0x1E, 0x3C, 0xF0,
    0x7B, 0xC1, 0xEE, 0x03, 0xF8, 0x0F, 0xE0, 0x1F, 0x00, 0x7C, 0x13, 0xE0, 0x7F, 0x81, 0xFC, 0x07,
    0xE0, 0x00, 0x01, 0xE0, 0x00, 0x78, 0x00, 0xFF, 0xC0, 0x7F, 0xFC, 0x3F, 0xFF, 0x1F, 0xFF, 0xE7,
    0x9E, 0x79, 0xE7, 0x8F, 0x79, 0xE3, 0xDE, 0x79, 0xE7, 0xFF, 0xF8, 0xFF, 0xFE, 0x1F, 0xFF, 0x03,
    0xFF, 0x00, 0x1E, 0x00, 0x07, 0x80, 0xF8, 0x7D, 0xF1, 0xE3, 0xCF, 0x8F, 0xFC, 0x1F, 0xE0, 0x3F,
    0x80, 0xFC, 0x01, 0xF0, 0x0F, 0xC0, 0x7F, 0x81, 0xFF, 0x0F, 0xFC, 0x7C, 0xF9, 0xE1, 0xFF, 0x87,
    0xC0, 0xF0, 0x78, 0xF0, 0x78, 0xF0, 0x78, 0xF0, 0x78, 0xF0, 0x78, 0xF0, 0x78, 0xF0, 0x78, 0xF0,
    0x78, 0xF0, 0x78, 0xF0, 0x78, 0xF0, 0x78, 0xF0, 0x78, 0xFF, 0xFF, 0xFF, 0xFF, 0xFF, 0xFF, 0x00,
    0x0F, 0x00, 0x0F, 0x00, 0x0F, 0x00, 0x0F, 0xF0, 0x7F, 0x83, 0xFC, 0x1F, 0xE0, 0xFF, 0x87, 0xBC,
    0x3D, 0xF1, 0xEF, 0xFF, 0x3F, 0xF8, 0xFF, 0xC0, 0x1E, 0x00, 0xF0, 0x07, 0x80, 0x3C, 0x01, 0xE0,
    0xF0, 0xF1, 0xFE, 0x1E, 0x3F, 0xC3, 0xC7, 0xF8, 0x78, 0xFF, 0x0F, 0x1F, 0xE1, 0xE3, 0xFC, 0x3C,
    0x7F, 0x87, 0x8F, 0xF0, 0xF1, 0xFE, 0x1E, 0x3F, 0xC3, 0xC7, 0xF8, 0x78, 0xFF, 0xFF, 0xFF, 0xFF,
    0xFF, 0xFF, 0xFF, 0xF8, 0xF0, 0xF1, 0xE3, 0xC3, 0xC7, 0x8F, 0x0F, 0x1E, 0x3C, 0x3C, 0x78, 0xF0,
    0xF1, 0xE3, 0xC3, 0xC7, 0x8F, 0x0F, 0x1E, 0x3C, 0x3C, 0x78, 0xF0, 0xF1, 0xE3, 0xC3, 0xC7, 0x8F,
    0x0F, 0x1E, 0x3C, 0x3C, 0x78, 0xFF, 0xFF, 0xFF, 0xFF, 0xFF, 0xFF, 0xFF, 0xFF, 0xC0, 0x00, 0x0F,
    0x00, 0x00, 0x3C, 0x00, 0x00, 0xF0, 0x00, 0x03, 0xC0, 0xFF, 0x00, 0xFF, 0x00, 0xFF, 0x00, 0x0F,
    0x00, 0x0F, 0x00, 0x0F, 0xF8, 0x0F, 0xFC, 0x0F, 0xFE, 0x0F, 0x3E, 0x0F, 0x1F, 0x0F, 0x1F, 0x0F,
    0x3E, 0x0F, 0xFE, 0x0F, 0xFC, 0x0F, 0xF8, 0xF0, 0x07, 0xF8, 0x03, 0xFC, 0x01, 0xFE, 0x00, 0xFF,
    0x00, 0x7F, 0xFC, 0x3F, 0xFF, 0x9F, 0xFF, 0xCF, 0xF3, 0xF7, 0xF8, 0x7B, 0xFC, 0x3D, 0xFE, 0x7E,
    0xFF, 0xFE, 0x7F, 0xFF, 0x3F, 0xFE, 0x1E, 0xF0, 0x0F, 0x00, 0xF0, 0x0F, 0x00, 0xF0, 0x0F, 0xFC,
    0xFF, 0xEF, 0xFF, 0xF3, 0xFF, 0x0F, 0xF0, 0xFF, 0x3F, 0xFF, 0xFF, 0xFE, 0xFF, 0x80, 0x3F, 0xC1,
    0xFF, 0x87, 0xFF, 0x1C, 0x7E, 0x00, 0x78, 0x01, 0xE1, 0xFF, 0xC7, 0xFF, 0x1F, 0xFC, 0x01, 0xE0,
    0x07, 0x9C, 0x7E, 0x7F, 0xF1, 0xFF, 0x83, 0xFC, 0x00, 0xF0, 0x3F, 0x87, 0x83, 0xFF, 0x3C, 0x3F,
    0xF9, 0xE3, 0xF3, 0xEF, 0x1E, 0x0F, 0xF9, 0xF0, 0x3F, 0xFF, 0x01, 0xFF, 0xF8, 0x0F, 0xFF, 0xC0,
    0x7F, 0x9F, 0x03, 0xFC, 0x78, 0x3F, 0xE3, 0xF3, 0xEF, 0x0F, 0xFF, 0x78, 0x7F, 0xF3, 0xC0, 0xFE,
    0x00, 0x0F, 0xF8, 0xFF, 0xCF, 0xFE, 0x7C, 0xF7, 0x87, 0xBC, 0x3D, 0xF9, 0xE7, 0xFF, 0x3F, 0xF8,
    0xFF, 0xC7, 0x9E, 0x7C, 0xF3, 0xC7, 0xBE, 0x3D, 0xE1, 0xE0, 0x3F, 0x87, 0xF8, 0xFF, 0x19, 0xF3,
    0xFE, 0xFF, 0xDE, 0x7F, 0xCF, 0x7F, 0xEF, 0xFC, 0xFF, 0x00, 0x03, 0xE0, 0xFE, 0x1F, 0xE3, 0xFC,
    0x7C, 0x07, 0xFC, 0x7F, 0xE7, 0xFE, 0x79, 0xF7, 0x8F, 0x78, 0xF7, 0x8F, 0x7D, 0xF7, 0xFE, 0x3F,
    0xE1, 0xF8, 0xFF, 0x9F, 0xFB, 0xFF, 0x79, 0xEF, 0xFD, 0xFF, 0xBC, 0x7F, 0x8F, 0xFF, 0xFF, 0xFB,
    0xFE, 0x00, 0xFF, 0xFF, 0xFF, 0xFE, 0x0F, 0x07, 0x83, 0xC1, 0xE0, 0xF0, 0x78, 0x3C, 0x00, 0x1F,
    0xF0, 0x7F, 0xC1, 0xFF, 0x07, 0xBC, 0x1E, 0xF0, 0x73, 0xC3, 0xCF, 0x0F, 0x3C, 0xFF, 0xFF, 0xFF,
    0xFF, 0xFF, 0xF8, 0x07, 0xE0, 0x1F, 0x80, 0x70, 0x1F, 0x83, 0xFE, 0x7F, 0xE7, 0x9F, 0x7F, 0xF7,
    0xFF, 0x78, 0x07, 0xC6, 0x7F, 0xE3, 0xFE, 0x1F, 0xE0, 0xF9, 0xE7, 0x9F, 0x7B, 0xE3, 0xDF, 0xF0,
    0x7F, 0xF8, 0x1F, 0xFC, 0x03, 0xFF, 0x01, 0xFF, 0xE0, 0xFF, 0xF8, 0x3D, 0xEF, 0x1E, 0x79, 0xEF,
    0x9E, 0x7C, 0x7F, 0x1F, 0xE7, 0xFD, 0x9F, 0x3F, 0x8F, 0xE0, 0x3D, 0x8F, 0x7F, 0xFF, 0xE7, 0xF0,
    0xF1, 0xFE, 0x7F, 0xDF, 0xFB, 0xFF, 0xFF, 0xFF, 0xFF, 0xFF, 0xEF, 0xF9, 0xFF, 0x3F, 0xC7, 0x80,
    0x31, 0x87, 0x70, 0xFE, 0x0F, 0x80, 0x00, 0x00, 0x3C, 0x7F, 0x9F, 0xF7, 0xFE, 0xFF, 0xFF, 0xFF,
    0xFF, 0xFF, 0xFB, 0xFE, 0x7F, 0xCF, 0xF1, 0xE0, 0xF3, 0xEF, 0x7C, 0xFF, 0x8F, 0xF0, 0xFE, 0x0F,
    0xE0, 0xFF, 0x0F, 0xF8, 0xF7, 0xCF, 0x3C, 0xF1, 0xE0, 0x1F, 0xF1, 0xFF, 0x1F, 0xF1, 0xEF, 0x1E,
    0xF1, 0xEF, 0x3C, 0xF7, 0xCF, 0xFC, 0xFF, 0x8F, 0xF0, 0xF0, 0x70, 0x39, 0xE1, 0xEF, 0x8F, 0xFF,
    0x3F, 0xFD, 0xFF, 0xFF, 0xFF, 0xFF, 0xFF, 0xEF, 0xF7, 0xBF, 0xDE, 0xFF, 0x03, 0xC0, 0xF3, 0xFC,
    0xFF, 0x3F, 0xCF, 0xFF, 0xFF, 0xFF, 0xFF, 0xCF, 0xF3, 0xFC, 0xFF, 0x3C, 0x1F, 0xC3, 0xFE, 0x7F,
    0xE7, 0xDF, 0x78, 0xF7, 0x8F, 0x78, 0xF7, 0xDF, 0x7F, 0xE3, 0xFE, 0x1F, 0xC0, 0xFF, 0xFF, 0xFF,
    0xFF, 0xCF, 0xF3, 0xFC, 0xFF, 0x3F, 0xCF, 0xF3, 0xFC, 0xFF, 0x3C, 0xFF, 0x1F, 0xFB, 0xFF, 0x79,
    0xFF, 0x1F, 0xE3, 0xFC, 0x7F, 0x9F, 0xFF, 0xDF, 0xFB, 0xFE, 0x78, 0x0F, 0x01, 0xE0, 0x3C, 0x00,
    0x1F, 0xCF, 0xF7, 0xFD, 0xF2, 0x78, 0x1E, 0x07, 0x81, 0xF3, 0x7F, 0xCF, 0xF1, 0xFC, 0xFF, 0xFF,
    0xFF, 0xFF, 0x87, 0x00, 0xE0, 0x1C, 0x03, 0x80, 0x70, 0x0E, 0x01, 0xC0, 0x38, 0x00, 0xF0, 0xFF,
    0x1E, 0x79, 0xE7, 0x9E, 0x7B, 0xC3, 0xFC, 0x3F, 0x81, 0xF8, 0x1F, 0x81, 0xF0, 0x0F, 0x01, 0xE0,
    0xFE, 0x0F, 0xC0, 0xF8, 0x00, 0x01, 0xC0, 0x03, 0xC0, 0x03, 0xC0, 0x03, 0xC0, 0x03, 0xC0, 0x0F,
    0xF8, 0x3F, 0xFC, 0x7F, 0xFE, 0x7F, 0xDF, 0x7B, 0xCF, 0x7B, 0xCF, 0x7B, 0xCF, 0x7F, 0xDF, 0x7F,
    0xFE, 0x3F, 0xFC, 0x0F, 0xF8, 0x03, 0xC0, 0x03, 0xC0, 0x03, 0xC0, 0x03, 0xC0, 0xF1, 0xE7, 0x9E,
    0x3F, 0xC3, 0xF8, 0x1F, 0x80, 0xF0, 0x1F, 0x83, 0xFC, 0x7B, 0xC7, 0x9E, 0xF1, 0xF0, 0xF3, 0xCF,
    0x3C, 0xF3, 0xCF, 0x3C, 0xF3, 0xCF, 0x3C, 0xF3, 0xCF, 0x3C, 0xFF, 0xFF, 0xFF, 0xFF, 0xF0, 0x07,
    0x00, 0x70, 0x07, 0x71, 0xEE, 0x3D, 0xC7, 0xB8, 0xF7, 0x9E, 0xFF, 0xDF, 0xF9, 0xFF, 0x01, 0xE0,
    0x3C, 0x07, 0x80, 0xF3, 0xCF, 0xF3, 0xCF, 0xF3, 0xCF, 0xF3, 0xCF, 0xF3, 0xCF, 0xF3, 0xCF, 0xF3,
    0xCF, 0xF3, 0xCF, 0xFF, 0xFF, 0xFF, 0xFF, 0xFF, 0xFF, 0xF3, 0xCF, 0x3C, 0xF3, 0xCF, 0x3C, 0xF3,
    0xCF, 0x3C, 0xF3, 0xCF, 0x3C, 0xF3, 0xCF, 0x3C, 0xF3, 0xCF, 0x3C, 0xFF, 0xFF, 0xFF, 0xFF, 0xFF,
    0xFF, 0xFC, 0x00, 0x0F, 0x00, 0x03, 0xC0, 0x00, 0xF0, 0xFE, 0x07, 0xF0, 0x3F, 0x80, 0x3C, 0x01,
    0xFE, 0x0F, 0xF8, 0x7F, 0xE3, 0xCF, 0x1F, 0xF8, 0xFF, 0xC7, 0xF8, 0xF0, 0x1F, 0xE0, 0x3F, 0xC0,
    0x7F, 0x80, 0xFF, 0xF9, 0xFF, 0xFB, 0xFF, 0xF7, 0xF9, 0xEF, 0xFF, 0xDF, 0xFF, 0xBF, 0xFE, 0x78,
    0xF0, 0x1E, 0x03, 0xC0, 0x78, 0x0F, 0xF9, 0xFF, 0xBF, 0xF7, 0x9E, 0xFF, 0xDF, 0xFB, 0xFE, 0x00,
    0x7F, 0x0F, 0xF1, 0xFF, 0x31, 0xE3, 0xFC, 0x7F, 0xC0, 0xF3, 0x3E, 0x7F, 0xDF, 0xF3, 0xFC, 0x00,
    0xF0, 0xFC, 0x78, 0xFF, 0x3C, 0xFF, 0xDE, 0x7D, 0xEF, 0xFC, 0x7F, 0xFC, 0x3F, 0xFF, 0x1F, 0xE7,
    0x9E, 0xF3, 0xFF, 0x78, 0xFF, 0x3C, 0x3F, 0x00, 0x1F, 0xE7, 0xFD, 0xFF, 0xBC, 0xF7, 0x9E, 0xFF,
    0xDF, 0xF9, 0xFF, 0x3D, 0xEF, 0x3D, 0xE7, 0x80, 0x0C, 0x00, 0xE0, 0x0F, 0x00, 0x78, 0x03, 0x00,
    0x00, 0x1F, 0x83, 0xFE, 0x7F, 0xE7, 0x9F, 0x7F, 0xF7, 0xFF, 0x78, 0x07, 0xC6, 0x7F, 0xE3, 0xFE,
    0x1F, 0xE0, 0x3D, 0xC3, 0xDE, 0x3D, 0xC0, 0x00, 0x00, 0x01, 0xF8, 0x3F, 0xE7, 0xFE, 0x79, 0xF7,
    0xFF, 0x7F, 0xF7, 0x80, 0x7C, 0x67, 0xFE, 0x3F, 0xE1, 0xFE, 0x78, 0x07, 0x80, 0xFF, 0x0F, 0xF0,
    0x78, 0x07, 0xFC, 0x7F, 0xE7, 0xFE, 0x79, 0xE7, 0x8F, 0x78, 0xF7, 0x8F, 0x78, 0xF7, 0x8F, 0x78,
    0xF7, 0x8F, 0x01, 0xF0, 0x7E, 0x07, 0xE0, 0x7C, 0x0C, 0x07, 0x07, 0x87, 0x83, 0x80, 0x03, 0xFF,
    0xFF, 0xFF, 0xF8, 0x3C, 0x1E, 0x0F, 0x07, 0x83, 0xC1, 0xE0, 0xF0, 0x00, 0x1F, 0xC7, 0xF9, 0xFF,
    0x3C, 0x6F, 0xF1, 0xFE, 0x3C, 0x03, 0xE6, 0x7F, 0xC7, 0xFC, 0x7F, 0x00, 0x3F, 0x9F, 0xE7, 0xF9,
    0xE6, 0x7F, 0x9F, 0xE3, 0xFD, 0x8F, 0x7F, 0xDF, 0xE7, 0xF0, 0xFF, 0xFF, 0x0F, 0xFF, 0xFF, 0xFF,
    0xFF, 0xFF, 0x73, 0xBF, 0xDC, 0xE0, 0x00, 0x00, 0xF0, 0x78, 0x3C, 0x1E, 0x0F, 0x07, 0x83, 0xC1,
    0xE0, 0xF0, 0x78, 0x3C, 0x1E, 0x3C, 0x78, 0xF0, 0x03, 0xC7, 0x8F, 0x1E, 0x3C, 0x78, 0xF1, 0xE3,
    0xC7, 0x8F, 0x1F, 0xFF, 0xF7, 0xC0, 0x1F, 0xF0, 0x03, 0xFE, 0x00, 0x7F, 0xC0, 0x0F, 0x78, 0x01,
    0xEF, 0xF8, 0x3D, 0xFF, 0x8F, 0x3F, 0xF3, 0xE7, 0x9F, 0xFC, 0xFF, 0xDF, 0x1F, 0xFB, 0xC3, 0xFE,
    0x00, 0xF3, 0xC0, 0x79, 0xE0, 0x3C, 0xF0, 0x1E, 0x78, 0x0F, 0xFF, 0xE7, 0xFF, 0xFB, 0xFF, 0xFF,
    0xE7, 0x9F, 0xF3, 0xFF, 0xF9, 0xFF, 0xBC, 0x7F, 0x80, 0x78, 0x07, 0x80, 0xFF, 0x0F, 0xF0, 0x78,
    0x07, 0xFC, 0x7F, 0xE7, 0xFE, 0x79, 0xE7, 0x8F, 0x78, 0xF7, 0x8F, 0x78, 0xF7, 0x8F, 0x78, 0xF7,
    0x8F, 0x02, 0x00, 0x70, 0x0F, 0x01, 0xE0, 0x0C, 0x00, 0x00, 0xF3, 0xEF, 0x7C, 0xFF, 0x8F, 0xF0,
    0xFE, 0x0F, 0xE0, 0xFF, 0x0F, 0xF8, 0xF7, 0xCF, 0x3C, 0xF1, 0xE0, 0x18, 0x07, 0x80, 0xF0, 0x0F,
    0x00, 0xE0, 0x00, 0x3C, 0x7F, 0x9F, 0xF7, 0xFE, 0xFF, 0xFF, 0xFF, 0xFF, 0xFF, 0xFB, 0xFE, 0x7F,
    0xCF, 0xF1, 0xE0, 0x19, 0x83, 0xBC, 0x3F, 0x81, 0xF0, 0x00, 0x00, 0x00, 0xF0, 0xFF, 0x1E, 0x79,
    0xE7, 0x9E, 0x7B, 0xC3, 0xFC, 0x3F, 0x81, 0xF8, 0x1F, 0x81, 0xF0, 0x0F, 0x01, 0xE0, 0xFE, 0x0F,
    0xC0, 0xF8, 0x00, 0xF3, 0xFC, 0xFF, 0x3F, 0xCF, 0xF3, 0xFC, 0xFF, 0x3F, 0xCF, 0xFF, 0xFF, 0xFF,
    0xFC, 0x78, 0x1E, 0x07, 0x80, 0x1E, 0x00, 0x3C, 0x03, 0xFF, 0x87, 0xFF, 0x0F, 0xFE, 0x03, 0xC0,
    0x07, 0xFC, 0x0F, 0xFE, 0x1F, 0xFE, 0x3C, 0xFC, 0x78, 0x78, 0xF0, 0xF1, 0xE7, 0xE3, 0xFF, 0x87,
    0xFF, 0x0F, 0xF8, 0x1C, 0x01, 0xE0, 0x0F, 0x00, 0x78, 0x03, 0xC0, 0x7F, 0xE3, 0xFF, 0x1F, 0xF8,
    0x3C, 0x01, 0xE0, 0x0F, 0xF8, 0x7F, 0xE3, 0xCF, 0x9F, 0xFC, 0xFF, 0xC3, 0xFC, 0x0F, 0xE0, 0x7F,
    0xE1, 0xFF, 0xE3, 0xE7, 0xEF, 0x03, 0xDF, 0xF7, 0xFF, 0xFF, 0xFF, 0xFF, 0xFB, 0xFF, 0xE0, 0x7F,
    0xE0, 0xF3, 0xF7, 0xE7, 0xFF, 0x87, 0xFF, 0x03, 0xF8, 0x00, 0x1F, 0xC3, 0xFE, 0x7F, 0xE7, 0xDF,
    0x7E, 0xF7, 0xFF, 0x7F, 0xF7, 0xDF, 0x7F, 0xE3, 0xFE, 0x1F, 0xC0, 0xF0, 0x0F, 0xBE, 0x07, 0xE7,
    0x83, 0xF9, 0xE0, 0xF4, 0x7C, 0x3C, 0x0F, 0x1E, 0x03, 0xC7, 0x80, 0x7B, 0xC0, 0x1E, 0xF0, 0x07,
    0xFC, 0x00, 0xFE, 0x00, 0x3F, 0x80, 0x0F, 0xC0, 0x01, 0xF0, 0x00, 0x7C, 0x00, 0xF0, 0xFF, 0x8F,
    0xDE, 0x7E, 0xF3, 0x87, 0xBC, 0x1D, 0xE0, 0xFE, 0x03, 0xF0, 0x1F, 0x00, 0xF8, 0x03, 0xC0, 0x1E,
    0xE0, 0x0F, 0xE0, 0x0F, 0xC0, 0x00, 0x00, 0xF0, 0x3C, 0xF0, 0x7C, 0xF0, 0xFC, 0xF1, 0xFC, 0xF1,
    0xFC, 0xF3, 0xFC, 0xF7, 0xBC, 0xF7, 0xBC, 0xFF, 0x3C, 0xFE, 0x3C, 0xFE, 0x3C, 0xFC, 0x3C, 0xF8,
    0x3F, 0xF8, 0x3F, 0xF0, 0x3F, 0x00, 0x1E, 0x00, 0x1E, 0x00, 0x3C, 0x00, 0x1C, 0x7B, 0x83, 0xFC,
    0x0F, 0xC0, 0x00, 0x00, 0x00, 0x78, 0xE3, 0xCF, 0x1E, 0xF8, 0xFF, 0xC7, 0xFE, 0x3F, 0xF1, 0xFB,
    0x8F, 0x9C, 0x7C, 0xFB, 0xC7, 0xDE, 0x3E, 0x00, 0xF0, 0x0F, 0x00, 0x30, 0x38, 0x01, 0xC0, 0x3F,
    0xC1, 0xFE, 0x03, 0x80, 0x1F, 0xF0, 0xFF, 0xC7, 0xFF, 0x38, 0xF9, 0xC3, 0xCE, 0x1E, 0x71, 0xF3,
    0xFF, 0x9F, 0xF8, 0xFF, 0x80, 0x78, 0x0F, 0xF0, 0xFF, 0x07, 0x80, 0x7F, 0xC7, 0xFE, 0x79, 0xE7,
    0x9F, 0x7F, 0xE7, 0xFE, 0x7F, 0xC0, 0xFF, 0xCF, 0xFE, 0xFF, 0xFF, 0x1F, 0xF2, 0xFF, 0xFF, 0xF7,
    0xFF, 0xFF, 0xFF, 0xEF, 0xFC, 0xF1, 0xEF, 0x0E, 0xF0, 0x8F, 0x00, 0xF0, 0x00, 0xFF, 0x9F, 0xFB,
    0xFF, 0xF9, 0xFF, 0x1F, 0xE3, 0xFF, 0xFF, 0xFF, 0xFF, 0xFF, 0xFB, 0xFF, 0x78, 0xEF, 0x1D, 0xE1,
    0x3C, 0x00, 0x01, 0xE0, 0x3C, 0x07, 0xFF, 0xFF, 0xFF, 0xFF, 0xFC, 0x07, 0x80, 0xF0, 0x1E, 0x03,
    0xC0, 0x78, 0x0F, 0x01, 0xE0, 0x3C, 0x07, 0x80, 0xF0, 0x1E, 0x00, 0x07, 0x83, 0xC1, 0xFF, 0xFF,
    0xFF, 0xFF, 0xC1, 0xE0, 0xF0, 0x78, 0x3C, 0x1E, 0x0F, 0x07, 0x80, 0x3F, 0xF3, 0xFF, 0x3F, 0xF3,
    0xC0, 0x3C, 0x03, 0xC0, 0xFF, 0x8F, 0xF8, 0xFF, 0x83, 0xC0, 0x3C, 0x03, 0xC0, 0x3C, 0x03, 0xC0,
    0x3C, 0x00, 0x7F, 0xDF, 0xF7, 0xFD, 0xE0, 0x78, 0x3F, 0xCF, 0xF1, 0xE0, 0x78, 0x1E, 0x07, 0x80,
    0xFF, 0xE7, 0xFF, 0x3F, 0xF9, 0xE0, 0x0F, 0x00, 0x78, 0x03, 0xFF, 0x1F, 0xFC, 0xFF, 0xF7, 0x8F,
    0xBC, 0x3D, 0xE0, 0xFF, 0x07, 0xF8, 0x3F, 0xC3, 0xC0, 0x3E, 0x07, 0xF0, 0x3F, 0x01, 0xF0, 0xFF,
    0x9F, 0xF3, 0xFE, 0x78, 0x0F, 0x01, 0xFE, 0x3F, 0xE7, 0xFE, 0xF3, 0xDE, 0x3F, 0xC7, 0x81, 0xE0,
    0xFC, 0x1F, 0x83, 0xE0, 0xF8, 0xF0, 0xF1, 0xF3, 0xC7, 0xC3, 0xCF, 0x3E, 0x0F, 0xBD, 0xF0, 0x1F,
    0xF7, 0xC0, 0x3F, 0xFE, 0x00, 0x7F, 0xF0, 0x01, 0xFF, 0x80, 0x0F, 0xFF, 0x00, 0x3F, 0xFE, 0x01,
    0xFF, 0x7C, 0x0F, 0xBD, 0xF8, 0x7C, 0xF3, 0xF9, 0xE3, 0xC7, 0xEF, 0x8F, 0x0F, 0x80, 0x00, 0x0E,
    0x00, 0x00, 0x38, 0x00, 0x00, 0xE0, 0x00, 0x03, 0x80, 0xF9, 0xE7, 0x9F, 0x7B, 0xE3, 0xDF, 0xF0,
    0x7F, 0xF8, 0x1F, 0xFC, 0x03, 0xFF, 0x01, 0xFF, 0xE0, 0xFF, 0xFC, 0x3D, 0xFF, 0xDE, 0x7B, 0xFF,
    0x9E, 0x7C, 0x00, 0x07, 0x00, 0x01, 0xC0, 0x00, 0x70, 0x3F, 0x87, 0xFE, 0x7F, 0xE3, 0x1F, 0x01,
    0xF0, 0x3E, 0x1F, 0xE1, 0xFE, 0x1F, 0xF0, 0x1F, 0x00, 0xF7, 0x1F, 0x7F, 0xFF, 0xFE, 0x7F, 0xC0,
    0x60, 0x0F, 0x00, 0x70, 0x1F, 0x01, 0xF0, 0x7F, 0x1F, 0xE7, 0xFD, 0x9F, 0x3F, 0x8F, 0xE0, 0x3D,
    0x8F, 0x7F, 0xFF, 0xEF, 0xF8, 0x30, 0x0E, 0x03, 0x83, 0xE0, 0xF8, 0xF0, 0xF9, 0xE3, 0xE3, 0xCF,
    0x87, 0xBE, 0x0F, 0xF8, 0x1F, 0xE0, 0x3F, 0x80, 0x7F, 0x80, 0xFF, 0x81, 0xFF, 0x83, 0xDF, 0x87,
    0x9F, 0x0F, 0x1F, 0xDE, 0x1F, 0xBC, 0x1F, 0x00, 0x0E, 0x00, 0x1C, 0x00, 0x38, 0x00, 0x70, 0xF3,
    0xEF, 0x3C, 0xF7, 0x8F, 0xF0, 0xFE, 0x0F, 0xE0, 0xFF, 0x0F, 0xF8, 0xF7, 0xFF, 0x3F, 0xF1, 0xF0,
    0x0F, 0x00, 0xF0, 0x0F, 0xF0, 0x3E, 0xF0, 0x3C, 0xF6, 0x7C, 0xF6, 0xF8, 0xF7, 0xF0, 0xFF, 0xE0,
    0xFF, 0xE0, 0xFF, 0xE0, 0xF7, 0xF0, 0xF6, 0xF8, 0xF6, 0xF8, 0xF0, 0x7C, 0xF0, 0x3C, 0xF0, 0x3E,
    0xF0, 0x1E, 0xF0, 0xFB, 0xF3, 0xCF, 0xDE, 0x3F, 0xF0, 0xFF, 0x83, 0xFF, 0x0F, 0xFE, 0x3F, 0x78,
    0xF1, 0xF3, 0xC3, 0xEF, 0x07, 0x80, 0x3C, 0x00, 0x78, 0x7F, 0xF9, 0xF7, 0xF7, 0xC3, 0xDF, 0x07,
    0xFC, 0x0F, 0xF0, 0x1F, 0xC0, 0x3F, 0x80, 0x7F, 0x00, 0xFF, 0x81, 0xEF, 0x03, 0xCF, 0x07, 0x9F,
    0x0F, 0x1F, 0x1E, 0x1E, 0x78, 0x07, 0xF7, 0xFF, 0xFD, 0xFF, 0xC7, 0xFC, 0x3F, 0xC1, 0xFC, 0x0F,
    0xF0, 0x7F, 0xC3, 0xDF, 0x1E, 0x7C, 0xF1, 0xE0, 0xFF, 0x1F, 0x7F, 0x9F, 0x3F, 0xCF, 0x01, 0xEF,
    0x00, 0xFF, 0x80, 0x7F, 0x80, 0x3F, 0x80, 0x1F, 0xE0, 0x0F, 0xF0, 0x07, 0xBC, 0x03, 0xDF, 0x01,
    0xE7, 0xC0, 0xF1, 0xE0, 0x78, 0xF8, 0x3C, 0x3E, 0xFE, 0x7B, 0xFB, 0xCF, 0xFE, 0x07, 0xF0, 0x1F,
    0xC0, 0x7F, 0x01, 0xFE, 0x07, 0xFC, 0x1E, 0xF8, 0x79, 0xE1, 0xE7, 0xC0, 0xF0, 0x78, 0xF0, 0x78,
    0xF0, 0x78, 0xF0, 0x78, 0xF0, 0x78, 0xF0, 0x78, 0xFF, 0xF8, 0xFF, 0xF8, 0xFF, 0xF8, 0xF0, 0x78,
    0xF0, 0x78, 0xF0, 0x78, 0xF0, 0x7F, 0xF0, 0x7F, 0xF0, 0x7F, 0x00, 0x0F, 0x00, 0x0F, 0x00, 0x0F,
    0x00, 0x0F, 0xF3, 0xCF, 0x3C, 0xF3, 0xCF, 0x3C, 0xFF, 0xCF, 0xFC, 0xFF, 0xCF, 0x3C, 0xF3, 0xFF,
    0x3F, 0xF3, 0xF0, 0x07, 0x00, 0x70, 0x07, 0xF0, 0x7F, 0xF8, 0x3F, 0xFC, 0x1F, 0xFE, 0x0F, 0x0F,
    0x07, 0x87, 0x83, 0xC3, 0xFF, 0xE1, 0xFF, 0xF0, 0xFF, 0xF8, 0x78, 0x3C, 0x3C, 0x1E, 0x1E, 0x0F,
    0x0F, 0x07, 0x87, 0x83, 0xC3, 0xC1, 0xE0, 0xF3, 0xFF, 0x9F, 0xFC, 0xFF, 0xE7, 0x8F, 0xFC, 0x7F,
    0xE3, 0xFF, 0x1E, 0x78, 0xF3, 0xC7, 0x9E, 0x3C, 0xF0, 0xFF, 0xF8, 0x03, 0xFF, 0xE0, 0x0F, 0xFF,
    0x80, 0x3C, 0x1E, 0x00, 0xF0, 0x78, 0x03, 0xC1, 0xE0, 0x0F, 0x07, 0xFE, 0x3C, 0x1F, 0xFC, 0xF0,
    0x7F, 0xFB, 0xC1, 0xE3, 0xEF, 0x07, 0x87, 0xBC, 0x1E, 0x0F, 0xF0, 0x78, 0x3F, 0xC1, 0xE0, 0xFF,
    0x07, 0x87, 0x80, 0x00, 0x3E, 0x00, 0x03, 0xF8, 0x00, 0x0F, 0xC0, 0x00, 0x3E, 0x00, 0xFF, 0xC0,
    0x7F, 0xE0, 0x3F, 0xF0, 0x1E, 0x78, 0x0F, 0x3F, 0xE7, 0x9F, 0xFB, 0xCF, 0xFD, 0xE7, 0x9F, 0xF3,
    0xC7, 0xF9, 0xE3, 0xFC, 0xF1, 0xE0, 0x01, 0xF0, 0x03, 0xF0, 0x01, 0xF8, 0x00, 0xF8, 0x0F, 0xE0,
    0x3F, 0xE0, 0x7F, 0xE0, 0x7E, 0x60, 0xF8, 0x00, 0xF1, 0xFC, 0xF3, 0xFE, 0xF3, 0xFE, 0xF7, 0xDE,
    0xF7, 0x8E, 0xF7, 0x9E, 0xFF, 0xBE, 0x7F, 0xFE, 0x3F, 0xFC, 0x1F, 0xF0, 0x01, 0xFC, 0x00, 0xFE,
    0x00, 0x7E, 0x00, 0x1E, 0x1F, 0xC1, 0xFE, 0x1F, 0xE0, 0xFF, 0xE7, 0x3F, 0xBB, 0xDD, 0xDC, 0xEF,
    0xEF, 0x7F, 0xF9, 0xFF, 0x87, 0xF8, 0x07, 0xE0, 0x1F, 0x80, 0x7C, 0x0F, 0xF1, 0xFF, 0x9F, 0xFC,
    0xFD, 0xEF, 0x80, 0x78, 0x03, 0xC0, 0x1E, 0x00, 0xF0, 0x07, 0x80, 0x3E, 0x00, 0xF8, 0xE7, 0xFF,
    0x1F, 0xF8, 0x3F, 0xC0, 0xE0, 0x07, 0x80, 0x1C, 0x03, 0xE0, 0x1F, 0x00, 0x1F, 0xCF, 0xF7, 0xFD,
    0xF2, 0x78, 0x1E, 0x07, 0x81, 0xF3, 0x7F, 0xCF, 0xF0, 0xFC, 0x3C, 0x07, 0x07, 0xC1, 0xF0, 0xFF,
    0xFF, 0xFF, 0xFF, 0xFE, 0x1E, 0x00, 0xF0, 0x07, 0x80, 0x3C, 0x01, 0xE0, 0x0F, 0x00, 0x78, 0x03,
    0xC0, 0x1E, 0x00, 0xFE, 0x07, 0xF0, 0x3F, 0x80, 0x3C, 0x01, 0xE0, 0x0F, 0x00, 0x78, 0xFF, 0xFF,
    0xFF, 0xFF, 0x8F, 0x01, 0xE0, 0x3C, 0x07, 0x80, 0xF0, 0x1F, 0x83, 0xF0, 0x7E, 0x01, 0xC0, 0x38,
    0x07, 0x00, 0xF8, 0x3F, 0xE1, 0xE7, 0xC7, 0x8F, 0x3C, 0x3F, 0xF0, 0x7F, 0x81, 0xFE, 0x03, 0xF0,
    0x0F, 0x80, 0x1E, 0x00, 0x78, 0x01, 0xE0, 0x07, 0x80, 0x1E, 0x00, 0x78, 0x00, 0xF1, 0xFF, 0x1E,
    0x79, 0xE7, 0x9E, 0x7B, 0xC3, 0xFC, 0x3F, 0x81, 0xF8, 0x1F, 0x80, 0xF0, 0x0F, 0x00, 0xF0, 0x0F,
    0x00, 0xF0, 0x0F, 0x00, 0xF8, 0x3F, 0xE1, 0xE7, 0x87, 0x8F, 0x3C, 0x3F, 0xF0, 0x7F, 0x81, 0xFE,
    0x03, 0xF0, 0x0F, 0xC0, 0xFF, 0xC3, 0xFF, 0x01, 0xE0, 0x07, 0x80, 0x1E, 0x00, 0x78, 0x00, 0xF1,
    0xFF, 0x1E, 0x79, 0xE7, 0x9E, 0x7B, 0xC3, 0xFC, 0x3F, 0x81, 0xF8, 0x1F, 0x87, 0xFC, 0x7F, 0xC0,
    0xF0, 0x0F, 0x00, 0xF0, 0x0F, 0x00, 0xF8, 0x7C, 0xF8, 0xF0, 0xF3, 0xE1, 0xFF, 0x81, 0xFE, 0x01,
    0xFC, 0x03, 0xF0, 0x03, 0xE0, 0x0F, 0xC0, 0x3F, 0xC0, 0x7F, 0xC1, 0xFF, 0x87, 0xCF, 0xEF, 0x0F,
    0xFE, 0x1F, 0x80, 0x0F, 0x00, 0x1E, 0x00, 0x3C, 0x00, 0x78, 0xF9, 0xE7, 0x9E, 0x3F, 0xC3, 0xF8,
    0x1F, 0x80, 0xF0, 0x1F, 0x83, 0xFC, 0x7F, 0xF7, 0x9F, 0xF1, 0xF0, 0x07, 0x00, 0x70, 0x07, 0xFF,
    0xF7, 0x8F, 0xFF, 0x78, 0xFF, 0xF7, 0x80, 0xF0, 0x78, 0x0F, 0x07, 0x80, 0xF0, 0x78, 0x0F, 0x07,
    0x80, 0xF0, 0x78, 0x0F, 0x07, 0x80, 0xF0, 0x78, 0x0F, 0x07, 0x80, 0xF0, 0x78, 0x0F, 0xFF, 0xE0,
    0xFF, 0xFE, 0x0F, 0xFF, 0xE0, 0x00, 0x0E, 0x00, 0x00, 0xE0, 0x00, 0x0E, 0x00, 0x00, 0xE0, 0xFF,
    0x79, 0xFE, 0xF3, 0xFD, 0xE1, 0xE3, 0xC3, 0xC7, 0x87, 0x8F, 0x0F, 0x1E, 0x1E, 0x3C, 0x3F, 0xFE,
    0x7F, 0xFC, 0xFF, 0xF8, 0x00, 0xF0, 0x01, 0xE0, 0x03, 0xC0, 0xF0, 0xF3, 0xC3, 0xCF, 0x0F, 0x3C,
    0x3C, 0xF0, 0xF3, 0xC3, 0xCF, 0x8F, 0x3F, 0xFC, 0x7F, 0xF0, 0xFF, 0xC0, 0x0F, 0x00, 0x3C, 0x00,
    0xFC, 0x03, 0xF0, 0x0F, 0xC0, 0x0F, 0x00, 0x3C, 0x00, 0xF0, 0x03, 0xC0, 0xF1, 0xE7, 0x8F, 0x3C,
    0x79, 0xE3, 0xCF, 0x9E, 0x7F, 0xF1, 0xFF, 0x87, 0xFC, 0x01, 0xF8, 0x0F, 0xC0, 0x7E, 0x00, 0xF0,
    0x07, 0x80, 0x3C, 0xF0, 0xFF, 0x0F, 0xF0, 0xFF, 0x0F, 0xF0, 0xFF, 0x6F, 0xFE, 0xFF, 0xFF, 0x7F,
    0xF3, 0xFF, 0x06, 0xF0, 0x6F, 0x00, 0xF0, 0x0F, 0x00, 0xF0, 0xF1, 0xFE, 0x3F, 0xC7, 0xFB, 0xFF,
    0xFF, 0xFF, 0xDF, 0xF9, 0xFF, 0x07, 0xE0, 0xFC, 0x07, 0x80, 0xF0, 0x07, 0x80, 0x3C, 0x01, 0xE0,
    0x0F, 0x00, 0x7F, 0xF3, 0xFF, 0xDF, 0xFE, 0xF1, 0xFF, 0x83, 0xFC, 0x1F, 0xE0, 0xFF, 0x07, 0xF8,
    0x3F, 0xC1, 0xE0, 0xF0, 0x3C, 0x0F, 0x03, 0xC0, 0xF0, 0x3F, 0xEF, 0xFF, 0xFF, 0xF3, 0xFC, 0xFF,
    0x3F, 0xCF, 0xF3, 0xFC, 0xFF, 0x3F, 0xCF, 0x01, 0xFE, 0x00, 0xFF, 0xCE, 0x7F, 0xFB, 0xBF, 0x3E,
    0xFF, 0x07, 0xFF, 0xFF, 0xF7, 0xFF, 0xFC, 0xFF, 0xFF, 0x0F, 0x00, 0x03, 0xC0, 0x00, 0xF8, 0x00,
    0x1F, 0x9C, 0x07, 0xFF, 0x80, 0xFF, 0xE0, 0x0F, 0xF0, 0xC3, 0xF3, 0x9F, 0xEE, 0xFF, 0xFF, 0xCF,
    0x7F, 0xFC, 0xFF, 0xF1, 0xE0, 0x03, 0xE6, 0x0F, 0xF8, 0x1F, 0xF0, 0x3F, 0x80, 0x01, 0xFC, 0x00,
    0xFF, 0xC0, 0x7F, 0xFB, 0x9F, 0x3E, 0xEF, 0x87, 0xBF, 0xC0, 0xFF, 0xFF, 0xFD, 0xFF, 0xFF, 0x3F,
    0xFF, 0xC3, 0xC0, 0x00, 0xF8, 0x00, 0x1F, 0x1C, 0x07, 0xFF, 0x80, 0xFF, 0xE0, 0x1F, 0xF0, 0x01,
    0xE0, 0x00, 0x78, 0x00, 0x1E, 0x00, 0x07, 0x80, 0x03, 0xF3, 0x1F, 0xEE, 0xFF, 0xFB, 0xDF, 0xFE,
    0x3D, 0xFF, 0xF3, 0xFF, 0xC7, 0xC6, 0x0F, 0xF8, 0x3F, 0xF0, 0x3F, 0x80, 0x78, 0x01, 0xE0, 0x07,
    0x80, 0xFF, 0xFF, 0xFF, 0xFF, 0xFF, 0xFF, 0xFF, 0xF0, 0x01, 0x98, 0x00, 0x1E, 0xE0, 0x00, 0x7F,
    0x00, 0x01, 0xF0, 0x00, 0x00, 0x00, 0x7C, 0x78, 0x79, 0xF3, 0xC7, 0xC7, 0x9E, 0x7C, 0x3E, 0xF7,
    0xC0, 0xFF, 0xBE, 0x03, 0xFF, 0xE0, 0x0F, 0xFE, 0x00, 0x7F, 0xE0, 0x07, 0xFF, 0x80, 0x3F, 0xFE,
    0x03, 0xFE, 0xF8, 0x3E, 0xF3, 0xE3, 0xE7, 0x8F, 0x1E, 0x3C, 0x7D, 0xF1, 0xE1, 0xF0, 0x03, 0x30,
    0x01, 0xDE, 0x00, 0x7F, 0x00, 0x0F, 0x80, 0x00, 0x00, 0x00, 0x00, 0x0F, 0x9E, 0x79, 0xF7, 0xBE,
    0x3D, 0xFF, 0x07, 0xFF, 0x81, 0xFF, 0xC0, 0x3F, 0xF0, 0x1F, 0xFE, 0x0F, 0xFF, 0x83, 0xDE, 0xF1,
    0xE7, 0x9E, 0xF9, 0xE7, 0xC0, 0xF0, 0xFF, 0x8F, 0xBC, 0xF9, 0xEF, 0x8F, 0x78, 0x7F, 0x83, 0xFF,
    0x1F, 0xFC, 0xFF, 0xF7, 0x9F, 0xBC, 0x3F, 0xE0, 0xFF, 0x07, 0xF8, 0x3F, 0xC3, 0xE0, 0x3E, 0x07,
    0xF0, 0x3F, 0x01, 0xF0, 0xF3, 0xFE, 0x7B, 0xDE, 0x7F, 0x8F, 0xE1, 0xFF, 0x3F, 0xF7, 0xBE, 0xF1,
    0xFE, 0x3F, 0xC7, 0x80, 0xF0, 0x3C, 0x1F, 0x83, 0xE0, 0x0F, 0xFE, 0x03, 0xFF, 0x80, 0xFF, 0xE0,
    0x3C, 0x78, 0x0F, 0x1E, 0x03, 0xC7, 0x80, 0xF1, 0xE0, 0x3C, 0x78, 0x0F, 0x1E, 0x07, 0x87, 0x81,
    0xE1, 0xE1, 0xF8, 0x78, 0xFC, 0x1F, 0xBE, 0x07, 0xEF, 0x01, 0xF8, 0x00, 0x1E, 0x00, 0x0F, 0x00,
    0x03, 0xC0, 0x00, 0x60, 0x1F, 0xF0, 0x7F, 0xC1, 0xFF, 0x07, 0xBC, 0x1E, 0xF0, 0x7B, 0xC3, 0xCF,
    0x1F, 0x3C, 0xFC, 0xFF, 0xE3, 0xFF, 0x0F, 0xC0, 0x0E, 0x00, 0x78, 0x00, 0xC0, 0xF0, 0x7F, 0x83,
    0xFC, 0x1F, 0xE0, 0xFF, 0x07, 0xF8, 0x3F, 0xFF, 0xFF, 0xFF, 0xFF, 0xFF, 0x83, 0xFC, 0x1F, 0xE0,
    0xFF, 0x07, 0xF8, 0x3F, 0xC1, 0xE0, 0x0F, 0x01, 0xF8, 0x0F, 0x80, 0x7C, 0xF1, 0xFE, 0x3F, 0xC7,
    0xF8, 0xFF, 0xFF, 0xFF, 0xFF, 0xFF, 0x8F, 0xF1, 0xFE, 0x3F, 0xC7, 0x01, 0xE0, 0xFC, 0x1F, 0x83,
    0xE0, 0xF0, 0x78, 0xF0, 0x78, 0xF0, 0x78, 0xF0, 0x78, 0xF0, 0x78, 0xF0, 0x78, 0xFF, 0xF8, 0xFF,
    0xF8, 0xFF, 0xF8, 0xF0, 0x78, 0xF0, 0x78, 0xF0, 0x78, 0xF0, 0x7E, 0xF0, 0x7E, 0xF0, 0x7E, 0x00,
    0x1E, 0x00, 0x1C, 0x00, 0x3C, 0x00, 0x18, 0xF3, 0xCF, 0x3C, 0xF3, 0xCF, 0x3C, 0xFF, 0xCF, 0xFC,
    0xFF, 0xCF, 0x3C, 0xF3, 0xFF, 0x3F, 0xF3, 0xF0, 0x0E, 0x01, 0xE0, 0x1C, 0xF0, 0x7F, 0x83, 0xFC,
    0x1F, 0xE0, 0xFF, 0x87, 0xBC, 0x3D, 0xF1, 0xEF, 0xFF, 0x3F, 0xF8, 0xFF, 0xC0, 0x1E, 0x00, 0xF0,
    0x3F, 0x81, 0xFC, 0x0F, 0xE0, 0x78, 0x03, 0xC0, 0x1E, 0x00, 0xF0, 0x71, 0xEE, 0x3D, 0xC7, 0xBC,
    0xF7, 0xFE, 0xFF, 0xCF, 0xF8, 0x0F, 0x01, 0xE0, 0xFC, 0x1F, 0x83, 0x80, 0x70, 0x0E, 0x00, 0x78,
    0x0F, 0x0F, 0x83, 0xE1, 0xF0, 0x7C, 0x3F, 0x1F, 0x87, 0xE3, 0xF1, 0xFC, 0x7E, 0x3F, 0xDF, 0xC7,
    0xBB, 0xBC, 0xF7, 0xF7, 0x9E, 0xFC, 0xF3, 0xCF, 0x9E, 0x79, 0xF3, 0xCF, 0x1C, 0x7F, 0xE0, 0x0F,
    0xFC, 0x01, 0xF8, 0x00, 0x0F, 0x00, 0x03, 0xC0, 0x00, 0x78, 0x00, 0x06, 0x00, 0xF0, 0x78, 0xF8,
    0x78, 0xF8, 0xF8, 0xFC, 0xF8, 0xFD, 0xF8, 0xFF, 0xFC, 0xFF, 0xFC, 0xFF, 0xBC, 0xF7, 0xBF, 0xF7,
    0x3F, 0xE0, 0x3E, 0x00, 0x0E, 0x00, 0x1C, 0x00, 0x1C, 0xFF, 0xFF, 0xFF, 0xFF, 0xFF, 0xFF, 0xFF,
    0xF0, 0x0C, 0x60, 0x1D, 0xC0, 0x3F, 0x80, 0x3E, 0x00, 0x00, 0x00, 0xF8, 0x01, 0xF0, 0x03, 0xF0,
    0x0F, 0xE0, 0x1F, 0xC0, 0x7B, 0xC0, 0xF7, 0x81, 0xC7, 0x87, 0x8F, 0x0F, 0xFE, 0x3F, 0xFE, 0x7F,
    0xFC, 0xF0, 0x7B, 0xC0, 0x7F, 0x80, 0xF0, 0x19, 0x87, 0x78, 0xFE, 0x0F, 0x80, 0x00, 0x00, 0x0F,
    0xE1, 0xFE, 0x3F, 0xC6, 0x7C, 0xFF, 0xBF, 0xF7, 0x9F, 0xF3, 0xDF, 0xFB, 0xFF, 0x3F, 0xC0, 0x1E,
    0xE0, 0x3D, 0xE0, 0x7B, 0x80, 0x00, 0x00, 0x7C, 0x00, 0xF8, 0x01, 0xF8, 0x07, 0xF0, 0x0F, 0xE0,
    0x3D, 0xE0, 0x7B, 0xC0, 0xE3, 0xC3, 0xC7, 0x87, 0xFF, 0x1F, 0xFF, 0x3F, 0xFE, 0x78, 0x3D, 0xE0,
    0x3F, 0xC0, 0x78, 0x3B, 0xCF, 0x78, 0xEF, 0x00, 0x00, 0x00, 0x7F, 0x0F, 0xF1, 0xFE, 0x33, 0xE7,
    0xFD, 0xFF, 0xBC, 0xFF, 0x9E, 0xFF, 0xDF, 0xF9, 0xFE, 0x00, 0xFF, 0xF0, 0x07, 0xFF, 0x80, 0x7F,
    0xFC, 0x03, 0xF8, 0x00, 0x3F, 0xC0, 0x03, 0xDE, 0x00, 0x1E, 0xFF, 0x81, 0xE7, 0xFC, 0x0F, 0x3F,
    0xE0, 0xFF, 0xE0, 0x0F, 0xFF, 0x00, 0x7F, 0xF8, 0x07, 0xC3, 0xFF, 0xBC, 0x1F, 0xFF, 0xC0, 0xFF,
    0xE0, 0x3F, 0xFF, 0x0F, 0xFF, 0xE3, 0xFF, 0xF8, 0xCF, 0x9F, 0x3F, 0xFF, 0xDF, 0xFF, 0xF7, 0x9E,
    0x03, 0xE7, 0xC6, 0x7F, 0xFF, 0x9F, 0xFF, 0xE3, 0xFF, 0xF8, 0x39, 0x87, 0x78, 0xFE, 0x0F, 0x80,
    0x01, 0xFF, 0xFF, 0xFF, 0xFF, 0xF0, 0x1E, 0x03, 0xC0, 0x7F, 0xEF, 0xFD, 0xFF, 0xBC, 0x07, 0x80,
    0xF0, 0x1F, 0xFF, 0xFF, 0xFF, 0xF0, 0x18, 0xC3, 0xDC, 0x1F, 0xC0, 0xF8, 0x00, 0x00, 0x00, 0x1F,
    0x83, 0xFE, 0x7F, 0xE7, 0x9F, 0x7F, 0xF7, 0xFF, 0x78, 0x07, 0xC6, 0x7F, 0xE3, 0xFE, 0x1F, 0xE0,
    0x3F, 0xC1, 0xFF, 0x87, 0xFF, 0x1C, 0x7E, 0x00, 0x78, 0x01, 0xEF, 0xFF, 0xFF, 0xFF, 0xFF, 0xFF,
    0xC1, 0xEF, 0x07, 0xBF, 0x7E, 0x7F, 0xF0, 0xFF, 0x81, 0xFC, 0x00, 0x7F, 0x87, 0xFC, 0x7F, 0xE3,
    0x3E, 0x00, 0xF7, 0xFF, 0x7F, 0xF7, 0x9E, 0x7F, 0xE3, 0xFC, 0x1F, 0x80, 0x3D, 0xC0, 0xF7, 0x83,
    0xDC, 0x00, 0x00, 0x3F, 0xC1, 0xFF, 0x87, 0xFF, 0x1C, 0x7E, 0x00, 0x78, 0x01, 0xEF, 0xFF, 0xFF,
    0xFF, 0xFF, 0xFF, 0xC1, 0xEF, 0x07, 0xBF, 0x7E, 0x7F, 0xF0, 0xFF, 0x81, 0xFC, 0x00, 0x39, 0xC3,
    0xFC, 0x39, 0xC0, 0x00, 0x00, 0x07, 0xF8, 0x7F, 0xC7, 0xFE, 0x33, 0xE0, 0x0F, 0x7F, 0xF7, 0xFF,
    0x79, 0xE7, 0xFE, 0x3F, 0xC1, 0xF8, 0x03, 0xDC, 0x00, 0x1E, 0xF0, 0x00, 0xF7, 0x00, 0x00, 0x00,
    0x0F, 0x8F, 0x0F, 0x3E, 0x78, 0xF8, 0xF3, 0xCF, 0x87, 0xDE, 0xF8, 0x1F, 0xF7, 0xC0, 0x7F, 0xFC,
    0x01, 0xFF, 0xC0, 0x0F, 0xFC, 0x00, 0xFF, 0xF0, 0x07, 0xFF, 0xC0, 0x7F, 0xDF, 0x07, 0xDE, 0x7C,
    0x7C, 0xF1, 0xE3, 0xC7, 0x8F, 0xBE, 0x3C, 0x3E, 0x07, 0x38, 0x01, 0xFE, 0x00, 0x73, 0x80, 0x00,
    0x00, 0x00, 0x00, 0x3E, 0x79, 0xE7, 0xDE, 0xF8, 0xF7, 0xFC, 0x1F, 0xFE, 0x07, 0xFF, 0x00, 0xFF,
    0xC0, 0x7F, 0xF8, 0x3F, 0xFE, 0x0F, 0x7B, 0xC7, 0x9E, 0x7B, 0xE7, 0x9F, 0x39, 0xC3, 0xBC, 0x39,
    0xC0, 0x00, 0x00, 0x03, 0xF8, 0x7F, 0xE7, 0xFE, 0x31, 0xF0, 0x1F, 0x03, 0xE1, 0xFE, 0x1F, 0xE1,
    0xFF, 0x01, 0xF0, 0x0F, 0x71, 0xF7, 0xFF, 0xFF, 0xE7, 0xFC, 0x73, 0x9D, 0xE7, 0x38, 0x00, 0x00,
    0x1F, 0xC7, 0xF9, 0xFF, 0x67, 0xCF, 0xE3, 0xF8, 0x0F, 0x63, 0xDF, 0xFF, 0xF9, 0xFC, 0x7F, 0xF7,
    0xFF, 0x7F, 0xF0, 0x3E, 0x07, 0xC0, 0xF8, 0x1F, 0xC1, 0xFE, 0x03, 0xF0, 0x0F, 0x00, 0xF7, 0x1F,
    0xFF, 0xFF, 0xFE, 0x7F, 0xC0, 0xFF, 0xFF, 0xFF, 0xFC, 0x1E, 0x0F, 0x07, 0x83, 0xF0, 0xFE, 0x07,
    0xC0, 0xF0, 0x3F, 0x9F, 0xFF, 0xFF, 0xEF, 0xF0, 0x0F, 0xE0, 0x3F, 0x80, 0x00, 0x3C, 0x0F, 0xF0,
    0x7F, 0xC3, 0xFF, 0x1F, 0xFC, 0x7F, 0xF3, 0xFF, 0xDE, 0xFF, 0x7B, 0xFF, 0xCF, 0xFE, 0x3F, 0xF8,
    0xFF, 0xC3, 0xFE, 0x0F, 0xF8, 0x3F, 0xC0, 0xF0, 0x3F, 0x87, 0xF0, 0x00, 0x00, 0x0F, 0x1F, 0xE7,
    0xFD, 0xFF, 0xBF, 0xFF, 0xFF, 0xFF, 0xFF, 0xFE, 0xFF, 0x9F, 0xF3, 0xFC, 0x78, 0x1C, 0xE0, 0x7B,
    0x81, 0xCE, 0x00, 0x00, 0xF0, 0x3F, 0xC1, 0xFF, 0x0F, 0xFC, 0x7F, 0xF1, 0xFF, 0xCF, 0xFF, 0x7B,
    0xFD, 0xEF, 0xFF, 0x3F, 0xF8, 0xFF, 0xE3, 0xFF, 0x0F, 0xF8, 0x3F, 0xE0, 0xFF, 0x03, 0xC0, 0x3B,
    0xCF, 0x78, 0xEF, 0x00, 0x00, 0x01, 0xE3, 0xFC, 0xFF, 0xBF, 0xF7, 0xFF, 0xFF, 0xFF, 0xFF, 0xFF,
    0xDF, 0xF3, 0xFE, 0x7F, 0x8F, 0x1E, 0xE0, 0x3D, 0xE0, 0x7B, 0x80, 0x00, 0x00, 0xFE, 0x07, 0xFE,
    0x1F, 0xFE, 0x3E, 0x7E, 0xF8, 0x3D, 0xE0, 0x7F, 0xC0, 0x7F, 0x80, 0xFF, 0x01, 0xFE, 0x07, 0xFE,
    0x0F, 0x3E, 0x7E, 0x7F, 0xF8, 0x7F, 0xF0, 0x3F, 0x80, 0x3D, 0xC3, 0xDE, 0x3D, 0xC0, 0x00, 0x00,
    0x01, 0xFC, 0x3F, 0xE7, 0xFE, 0x7D, 0xF7, 0x8F, 0x78, 0xF7, 0x8F, 0x7D, 0xF7, 0xFE, 0x3F, 0xE1,
    0xFC, 0x0F, 0xE0, 0x7F, 0xE1, 0xFF, 0xE3, 0xE7, 0xEF, 0x83, 0xDE, 0x03, 0xFF, 0xFF, 0xFF, 0xFF,
    0xF0, 0x1F, 0xE0, 0x7F, 0xE0, 0xF3, 0xE7, 0xE7, 0xFF, 0x87, 0xFF, 0x03, 0xF8, 0x00, 0x1F, 0xC3,
    0xFE, 0x7F, 0xE7, 0x9F, 0x7F, 0xF7, 0xFF, 0x78, 0xF7, 0xDF, 0x7F, 0xE3, 0xFE, 0x1F, 0xC0, 0x1E,
    0xE0, 0x3D, 0xE0, 0x7B, 0x80, 0x00, 0x00, 0xFE, 0x07, 0xFE, 0x1F, 0xFE, 0x3E, 0x7E, 0xF8, 0x3D,
    0xE0, 0x3F, 0xFF, 0xFF, 0xFF, 0xFF, 0x01, 0xFE, 0x07, 0xFE, 0x0F, 0x3E, 0x7E, 0x7F, 0xF8, 0x7F,
    0xF0, 0x3F, 0x80, 0x3D, 0xC3, 0xDE, 0x3D, 0xC0, 0x00, 0x00, 0x01, 0xFC, 0x3F, 0xE7, 0xFE, 0x79,
    0xF7, 0xFF, 0x7F, 0xF7, 0x8F, 0x7D, 0xF7, 0xFE, 0x3F, 0xE1, 0xFC, 0x1D, 0xC0, 0xF7, 0x81, 0xDC,
    0x00, 0x00, 0x3F, 0xC1, 0xFF, 0x87, 0xFF, 0x1C, 0x7E, 0x00, 0x78, 0x01, 0xE1, 0xFF, 0xC7, 0xFF,
    0x1F, 0xFC, 0x01, 0xE0, 0x07, 0x9C, 0x7E, 0x7F, 0xF1, 0xFF, 0x83, 0xFC, 0x00, 0x73, 0x8F, 0x71,
    0xCE, 0x00, 0x00, 0x00, 0xFE, 0x1F, 0xE3, 0xFE, 0x63, 0xC7, 0xF8, 0xFF, 0x81, 0xE6, 0x7C, 0xFF,
    0xBF, 0xE7, 0xF8, 0x1F, 0xE0, 0x7F, 0x80, 0x00, 0x3E, 0x1F, 0x78, 0x79, 0xF1, 0xE3, 0xC7, 0x8F,
    0x3C, 0x1E, 0xF0, 0x7B, 0x80, 0xFE, 0x03, 0xF8, 0x07, 0xC0, 0x1F, 0x04, 0xF8, 0x1F, 0xE0, 0x7F,
    0x01, 0xF8, 0x00, 0x3F, 0xC3, 0xFC, 0x00, 0x00, 0x00, 0xF0, 0xFF, 0x1E, 0x79, 0xE7, 0x9E, 0x7B,
    0xC3, 0xFC, 0x3F, 0x81, 0xF8, 0x1F, 0x81, 0xF0, 0x0F, 0x01, 0xE0, 0xFE, 0x0F, 0xC0, 0xF8, 0x00,
    0x1C, 0xE0, 0x7B, 0x81, 0xCE, 0x00, 0x00, 0xF8, 0x7D, 0xE1, 0xE7, 0xC7, 0x8F, 0x1E, 0x3C, 0xF0,
    0x7B, 0xC1, 0xEE, 0x03, 0xF8, 0x0F, 0xE0, 0x1F, 0x00, 0x7C, 0x13, 0xE0, 0x7F, 0x81, 0xFC, 0x07,
    0xE0, 0x00, 0x3B, 0xC7, 0xBC, 0x3B, 0xC0, 0x00, 0x00, 0x0F, 0x0F, 0xF1, 0xE7, 0x9E, 0x79, 0xE7,
    0xBC, 0x3F, 0xC3, 0xF8, 0x1F, 0x81, 0xF8, 0x1F, 0x00, 0xF0, 0x1E, 0x0F, 0xE0, 0xFC, 0x0F, 0x80,
    0x07, 0x70, 0x1D, 0xC0, 0xEE, 0x07, 0x38, 0x0C, 0xC0, 0x00, 0x0F, 0x87, 0xDE, 0x1E, 0x7C, 0x78,
    0xF1, 0xE3, 0xCF, 0x07, 0xBC, 0x1E, 0xE0, 0x3F, 0x80, 0xFE, 0x01, 0xF0, 0x07, 0xC1, 0x3E, 0x07,
    0xF8, 0x1F, 0xC0, 0x7E, 0x00, 0x0C, 0xC1, 0xDE, 0x1D, 0xC3, 0xB8, 0x33, 0x80, 0x00, 0xF0, 0xFF,
    0x1E, 0x79, 0xE7, 0x9E, 0x7B, 0xC3, 0xFC, 0x3F, 0x81, 0xF8, 0x1F, 0x81, 0xF0, 0x0F, 0x01, 0xE0,
    0xFE, 0x0F, 0xC0, 0xF8, 0x00, 0x1D, 0xE1, 0xEF, 0x07, 0x78, 0x00, 0x0F, 0x07, 0xF8, 0x3F, 0xC1,
    0xFE, 0x0F, 0xF8, 0x7B, 0xC3, 0xDF, 0x1E, 0xFF, 0xF3, 0xFF, 0x8F, 0xFC, 0x01, 0xE0, 0x0F, 0x00,
    0x78, 0x03, 0xC0, 0x1E, 0x3B, 0xCF, 0x78, 0xEF, 0x00, 0x00, 0x00, 0xE3, 0xDC, 0x7B, 0x8F, 0x71,
    0xEF, 0x3D, 0xFF, 0xBF, 0xF3, 0xFE, 0x03, 0xC0, 0x78, 0x0F, 0xFF, 0xFF, 0xFF, 0xFF, 0xF8, 0x0F,
    0x01, 0xE0, 0x3C, 0x07, 0x80, 0xF0, 0x1E, 0x03, 0xC0, 0x78, 0x0F, 0xE1, 0xFC, 0x3F, 0x80, 0xF0,
    0x1E, 0x03, 0xC0, 0x78, 0x00, 0xFF, 0xFF, 0xFF, 0xFE, 0x0F, 0x07, 0x83, 0xC1, 0xE0, 0xFC, 0x7E,
    0x3F, 0x03, 0x81, 0xC0, 0xE0, 0x07, 0x38, 0x03, 0xBC, 0x01, 0xCE, 0x00, 0x00, 0x0F, 0x00, 0x7F,
    0x80, 0x3F, 0xC0, 0x1F, 0xE0, 0x0F, 0xF0, 0x07, 0xFF, 0xC3, 0xFF, 0xF9, 0xFF, 0xFC, 0xFF, 0x3F,
    0x7F, 0x87, 0xBF, 0xC3, 0xDF, 0xE7, 0xEF, 0xFF, 0xE7, 0xFF, 0xF3, 0xFF, 0xE1, 0xE0, 0x0E, 0xF0,
    0x3D, 0xE0, 0x3B, 0xC0, 0x00, 0x00, 0x00, 0x1E, 0x03, 0xFC, 0x07, 0xF8, 0x0F, 0xF0, 0x1F, 0xFF,
    0x3F, 0xFF, 0x7F, 0xFE, 0xFF, 0x3D, 0xFF, 0xFB, 0xFF, 0xF7, 0xFF, 0xCF, 0x07, 0xC0, 0x0F, 0x80,
    0x1F, 0x80, 0x7F, 0x00, 0xEE, 0x01, 0xDE, 0x07, 0xBC, 0x0F, 0x38, 0x1C, 0x70, 0x3F, 0xF0, 0xFF,
    0xE1, 0xFF, 0xC3, 0x83, 0xCF, 0x07, 0x9E, 0x0F, 0x3C, 0x0F, 0x00, 0x00, 0x02, 0x00, 0x0E, 0x00,
    0x1E, 0x00, 0x38, 0x00, 0x3F, 0x3F, 0xE7, 0xFD, 0x8F, 0x07, 0xCF, 0xF7, 0xFF, 0xCF, 0xE3, 0xFF,
    0xFF, 0xFD, 0xF7, 0x00, 0x03, 0x01, 0xE0, 0x78, 0x1E, 0x00, 0x03, 0x00, 0x0F, 0x80, 0x0F, 0x00,
    0x1E, 0x00, 0x38, 0x00, 0x00, 0x01, 0xF0, 0x03, 0xE0, 0x07, 0xE0, 0x1F, 0xC0, 0x3B, 0x80, 0x77,
    0x81, 0xEF, 0x03, 0xCE, 0x07, 0x1C, 0x0F, 0xFC, 0x3F, 0xF8, 0x7F, 0xF0, 0xE0, 0xF3, 0xC1, 0xE7,
    0x83, 0xCF, 0x03, 0xC0, 0x1E, 0x07, 0xC0, 0xF0, 0x1C, 0x0E, 0x02, 0x00, 0x00, 0xFC, 0xFF, 0x9F,
    0xF6, 0x3C, 0x1F, 0x3F, 0xDF, 0xFF, 0x3F, 0x8F, 0xFF, 0xFF, 0xF7, 0xDC, 0x00, 0x08, 0x00, 0x38,
    0x1F, 0xE0, 0x7F, 0x80, 0xEE, 0x00, 0x00, 0x01, 0xF0, 0x03, 0xE0, 0x07, 0xE0, 0x1F, 0xC0, 0x3B,
    0x80, 0x77, 0x81, 0xEF, 0x03, 0xCE, 0x07, 0x1C, 0x0F, 0xFC, 0x3F, 0xF8, 0x7F, 0xF0, 0xE0, 0xF3,
    0xC1, 0xE7, 0x83, 0xCF, 0x03, 0xC0, 0x00, 0x60, 0x07, 0x0E, 0xE1, 0xFC, 0x3F, 0x83, 0x10, 0x00,
    0x03, 0xF0, 0xFF, 0x87, 0xFC, 0x63, 0xC0, 0x7C, 0x3F, 0xC7, 0xFC, 0xF3, 0xCE, 0x3C, 0xFF, 0xCF,
    0xFC, 0x7D, 0xC0, 0x30, 0x00, 0x70, 0x00, 0xFF, 0x00, 0x7F, 0x00, 0xEE, 0x00, 0x00, 0x01, 0xF0,
    0x03, 0xE0, 0x07, 0xE0, 0x1F, 0xC0, 0x3B, 0x80, 0x77, 0x81, 0xEF, 0x03, 0xCE, 0x07, 0x1C, 0x0F,
    0xFC, 0x3F, 0xF8, 0x7F, 0xF0, 0xE0, 0xF3, 0xC1, 0xE7, 0x83, 0xCF, 0x03, 0xC0, 0xC0, 0x1C, 0x01,
    0xDC, 0x1F, 0xC1, 0xFC, 0x31, 0x00, 0x00, 0xFC, 0x7F, 0xC7, 0xFC, 0xC7, 0x81, 0xF1, 0xFE, 0x7F,
    0xDE, 0x7B, 0x8F, 0x7F, 0xEF, 0xFC, 0xFB, 0x80, 0x00, 0x20, 0x00, 0xF0, 0x00, 0xF0, 0x3F, 0xC0,
    0xFF, 0x01, 0xDC, 0x00, 0x00, 0x03, 0xE0, 0x07, 0xC0, 0x0F, 0xC0, 0x3F, 0x80, 0x77, 0x00, 0xEF,
    0x03, 0xDE, 0x07, 0x9C, 0x0E, 0x38, 0x1F, 0xF8, 0x7F, 0xF0, 0xFF, 0xE1, 0xC1, 0xE7, 0x83, 0xCF,
    0x07, 0x9E, 0x07, 0x80, 0x00, 0x80, 0x1E, 0x00, 0xE0, 0xEE, 0x1F, 0xC3, 0xF8, 0x31, 0x00, 0x00,
    0x3F, 0x0F, 0xF8, 0x7F, 0xC6, 0x3C, 0x07, 0xC3, 0xFC, 0x7F, 0xCF, 0x3C, 0xE3, 0xCF, 0xFC, 0xFF,
    0xC7, 0xDC, 0x00, 0x60, 0x1F, 0xC0, 0x3F, 0x80, 0x60, 0x00, 0x7C, 0x01, 0xFC, 0x03, 0xB8, 0x00,
    0x00, 0x07, 0xC0, 0x0F, 0x80, 0x1F, 0x80, 0x7F, 0x00, 0xEE, 0x01, 0xDE, 0x07, 0xBC, 0x0F, 0x38,
    0x1C, 0x70, 0x3F, 0xF0, 0xFF, 0xE1, 0xFF, 0xC3, 0x83, 0xCF, 0x07, 0x9E, 0x0F, 0x3C, 0x0F, 0x1D,
    0x8F, 0xE3, 0xF8, 0x78, 0x3F, 0x8F, 0xE1, 0x10, 0x00, 0x3F, 0x3F, 0xE7, 0xFD, 0x8F, 0x07, 0xCF,
    0xF7, 0xFF, 0xCF, 0xE3, 0xFF, 0xFF, 0xFD, 0xF7, 0x03, 0xC0, 0x0F, 0xC0, 0x3F, 0x80, 0x63, 0x80,
    0x00, 0x00, 0xF8, 0x01, 0xF0, 0x03, 0xF0, 0x0F, 0xE0, 0x1D, 0xC0, 0x3B, 0xC0, 0xF7, 0x81, 0xE7,
    0x03, 0x8E, 0x07, 0xFE, 0x1F, 0xFC, 0x3F, 0xF8, 0x70, 0x79, 0xE0, 0xF3, 0xC1, 0xE7, 0x81, 0xE0,
    0x00, 0x00, 0x40, 0x01, 0xC0, 0x03, 0xC0, 0x07, 0x00, 0x1F, 0x0F, 0xE3, 0xF9, 0xC7, 0x20, 0x80,
    0x03, 0xF3, 0xFE, 0x7F, 0xD8, 0xF0, 0x7C, 0xFF, 0x7F, 0xFC, 0xFE, 0x3F, 0xFF, 0xFF, 0xDF, 0x70,
    0x00, 0x30, 0x1E, 0x07, 0x81, 0xE0, 0x00, 0x80, 0x03, 0xC0, 0x07, 0x00, 0x7F, 0x00, 0xD7, 0x01,
    0xFC, 0x01, 0xF0, 0x00, 0x00, 0x07, 0xC0, 0x0F, 0x80, 0x1F, 0x80, 0x7F, 0x00, 0xEE, 0x01, 0xDE,
    0x07, 0xBC, 0x0F, 0x38, 0x1C, 0x70, 0x3F, 0xF0, 0xFF, 0xE1, 0xFF, 0xC3, 0x83, 0xCF, 0x07, 0x9E,
    0x0F, 0x3C, 0x0F, 0x00, 0x01, 0xC0, 0x70, 0x38, 0x7D, 0xDE, 0xE3, 0xF8, 0x7C, 0x00, 0x0F, 0xCF,
    0xF9, 0xFF, 0x63, 0xC1, 0xF3, 0xFD, 0xFF, 0xF3, 0xF8, 0xFF, 0xFF, 0xFF, 0x7D, 0xC0, 0x02, 0x00,
    0x0E, 0x00, 0x1E, 0x00, 0x7F, 0x00, 0xD7, 0x01, 0xFC, 0x01, 0xF0, 0x00, 0x00, 0x07, 0xC0, 0x0F,
    0x80, 0x1F, 0x80, 0x7F, 0x00, 0xEE, 0x01, 0xDE, 0x07, 0xBC, 0x0F, 0x38, 0x1C, 0x70, 0x3F, 0xF0,
    0xFF, 0xE1, 0xFF, 0xC3, 0x83, 0xCF, 0x07, 0x9E, 0x0F, 0x3C, 0x0F, 0x00, 0x06, 0x01, 0xC0, 0x78,
    0x7F, 0xDE, 0xE3, 0xF8, 0x7C, 0x00, 0x0F, 0xCF, 0xF9, 0xFF, 0x63, 0xC1, 0xF3, 0xFD, 0xFF, 0xF3,
    0xF8, 0xFF, 0xFF, 0xFF, 0x7D, 0xC0, 0x03, 0x00, 0x07, 0x00, 0x07, 0x00, 0x7F, 0x00, 0xF7, 0x01,
    0xFC, 0x01, 0xF0, 0x00, 0x00, 0x07, 0xC0, 0x0F, 0x80, 0x1F, 0x80, 0x7F, 0x00, 0xEE, 0x01, 0xDE,
    0x07, 0xBC, 0x0F, 0x38, 0x1C, 0x70, 0x3F, 0xF0, 0xFF, 0xE1, 0xFF, 0xC3, 0x83, 0xCF, 0x07, 0x9E,
    0x0F, 0x3C, 0x0F, 0x0C, 0x07, 0x80, 0xF0, 0x3C, 0x7F, 0xDE, 0xE3, 0xF8, 0x7C, 0x00, 0x0F, 0xCF,
    0xF9, 0xFF, 0x63, 0xC1, 0xF3, 0xFD, 0xFF, 0xF3, 0xF8, 0xFF, 0xFF, 0xFF, 0x7D, 0xC0, 0x0F, 0x60,
    0x1F, 0xC0, 0x37, 0x80, 0x63, 0x00, 0xFE, 0x00, 0xF8, 0x00, 0x00, 0x03, 0xE0, 0x07, 0xC0, 0x0F,
    0xC0, 0x3F, 0x80, 0x77, 0x00, 0xEF, 0x03, 0xDE, 0x07, 0x9C, 0x0E, 0x38, 0x1F, 0xF8, 0x7F, 0xF0,
    0xFF, 0xE1, 0xC1, 0xE7, 0x83, 0xCF, 0x07, 0x9E, 0x07, 0x80, 0x1D, 0x8F, 0xE3, 0x78, 0xC6, 0x3B,
    0x8F, 0xE1, 0xE0, 0x00, 0x3F, 0x3F, 0xE7, 0xFD, 0x8F, 0x07, 0xCF, 0xF7, 0xFF, 0xCF, 0xE3, 0xFF,
    0xFF, 0xFD, 0xF7, 0x0C, 0x60, 0x1C, 0xE0, 0x3F, 0x80, 0x3E, 0x00, 0x00, 0x00, 0xF8, 0x01, 0xF0,
    0x03, 0xF0, 0x0F, 0xE0, 0x1D, 0xC0, 0x3B, 0xC0, 0xF7, 0x81, 0xE7, 0x03, 0x8E, 0x07, 0xFE, 0x1F,
    0xFC, 0x3F, 0xF8, 0x70, 0x79, 0xE0, 0xF3, 0xC1, 0xE7, 0x81, 0xE0, 0x00, 0x00, 0x40, 0x01, 0xC0,
    0x03, 0xC0, 0x07, 0x00, 0x00, 0x1C, 0x77, 0xB8, 0xFE, 0x1F, 0x00, 0x00, 0x00, 0xFC, 0xFF, 0x9F,
    0xF6, 0x3C, 0x1F, 0x3F, 0xDF, 0xFF, 0x3F, 0x8F, 0xFF, 0xFF, 0xF7, 0xDC, 0x00, 0x0C, 0x07, 0x81,
    0xE0, 0x78, 0x7F, 0xEF, 0xFD, 0xFF, 0xB8, 0x07, 0x00, 0xE0, 0x1F, 0xF3, 0xFE, 0x7F, 0xCE, 0x01,
    0xC0, 0x38, 0x07, 0x00, 0xFF, 0xDF, 0xFB, 0xFF, 0x00, 0x00, 0xC0, 0x3C, 0x07, 0x80, 0xF0, 0x0F,
    0x83, 0xFC, 0x3F, 0xE7, 0x8E, 0x70, 0xE7, 0xFF, 0x7F, 0xF7, 0x00, 0x78, 0x03, 0xFC, 0x3F, 0xE0,
    0xFC, 0x00, 0x00, 0x20, 0x0F, 0x00, 0xF0, 0x07, 0x00, 0x0E, 0x01, 0xE0, 0x1C, 0x03, 0x80, 0xE0,
    0x00, 0x1F, 0xFB, 0xFF, 0x7F, 0xEE, 0x01, 0xC0, 0x38, 0x07, 0xFC, 0xFF, 0x9F, 0xF3, 0x80, 0x70,
    0x0E, 0x01, 0xC0, 0x3F, 0xF7, 0xFE, 0xFF, 0xC0, 0x0F, 0x00, 0xF0, 0x07, 0x80, 0x38, 0x07, 0x00,
    0x40, 0x00, 0x00, 0xF8, 0x3F, 0xC3, 0xFE, 0x78, 0xE7, 0x0E, 0x7F, 0xF7, 0xFF, 0x70, 0x07, 0x80,
    0x3F, 0xC3, 0xFE, 0x0F, 0xC0, 0x3C, 0xCF, 0xFD, 0xFF, 0x3B, 0xE0, 0x00, 0xFF, 0xDF, 0xFB, 0xFF,
    0x70, 0x0E, 0x01, 0xC0, 0x3F, 0xE7, 0xFC, 0xFF, 0x9C, 0x03, 0x80, 0x70, 0x0E, 0x01, 0xFF, 0xBF,
    0xF7, 0xFE, 0x1C, 0xE3, 0xFE, 0x3F, 0xE3, 0x3C, 0x00, 0x00, 0x00, 0x0F, 0x83, 0xFC, 0x3F, 0xE7,
    0x8E, 0x70, 0xE7, 0xFF, 0x7F, 0xF7, 0x00, 0x78, 0x03, 0xFC, 0x3F, 0xE0, 0xFC, 0x00, 0x20, 0x07,
    0x0F, 0xE1, 0xFC, 0x39, 0x80, 0x00, 0x7F, 0xE7, 0xFE, 0x7F, 0xE7, 0x00, 0x70, 0x07, 0x00, 0x7F,
    0xC7, 0xFC, 0x7F, 0xC7, 0x00, 0x70, 0x07, 0x00, 0x70, 0x07, 0xFE, 0x7F, 0xE7, 0xFE, 0x00, 0x30,
    0x01, 0xC3, 0xDC, 0x3F, 0xC1, 0xFC, 0x0C, 0x40, 0x00, 0x01, 0xF0, 0x3F, 0xC1, 0xFF, 0x1E, 0x38,
    0xE1, 0xC7, 0xFF, 0x3F, 0xF9, 0xC0, 0x0F, 0x00, 0x3F, 0xC1, 0xFF, 0x03, 0xF0, 0x40, 0x1C, 0x01,
    0xFC, 0x1F, 0xC3, 0x98, 0x00, 0x1F, 0xFB, 0xFF, 0x7F, 0xEE, 0x01, 0xC0, 0x38, 0x07, 0xFC, 0xFF,
    0x9F, 0xF3, 0x80, 0x70, 0x0E, 0x01, 0xC0, 0x3F, 0xF7, 0xFE, 0xFF, 0xC0, 0x60, 0x03, 0x80, 0x0F,
    0xE0, 0x3F, 0x80, 0xFE, 0x06, 0x20, 0x00, 0x00, 0xF8, 0x1F, 0xE0, 0xFF, 0x8F, 0x1C, 0x70, 0xE3,
    0xFF, 0x9F, 0xFC, 0xE0, 0x07, 0x80, 0x1F, 0xE0, 0xFF, 0x81, 0xF8, 0x00, 0xC0, 0x0E, 0x00, 0x70,
    0xFF, 0x1F, 0xE3, 0x98, 0x00, 0x07, 0xFE, 0x7F, 0xE7, 0xFE, 0x70, 0x07, 0x00, 0x70, 0x07, 0xFC,
    0x7F, 0xC7, 0xFC, 0x70, 0x07, 0x00, 0x70, 0x07, 0x00, 0x7F, 0xE7, 0xFE, 0x7F, 0xE0, 0x00, 0x40,
    0x07, 0x80, 0x1C, 0x1E, 0xE1, 0xFE, 0x0F, 0xE0, 0x62, 0x00, 0x00, 0x0F, 0x81, 0xFE, 0x0F, 0xF8,
    0xF1, 0xC7, 0x0E, 0x3F, 0xF9, 0xFF, 0xCE, 0x00, 0x78, 0x01, 0xFE, 0x0F, 0xF8, 0x1F, 0x80, 0x01,
    0xC3, 0xF8, 0xFE, 0x18, 0x00, 0xF0, 0x3F, 0x0E, 0x60, 0x00, 0x7F, 0xEF, 0xFD, 0xFF, 0xB8, 0x07,
    0x00, 0xE0, 0x1F, 0xF3, 0xFE, 0x7F, 0xCE, 0x01, 0xC0, 0x38, 0x07, 0x00, 0xFF, 0xDF, 0xFB, 0xFF,
    0x1E, 0xC1, 0xFC, 0x1F, 0x80, 0xF0, 0x1F, 0x81, 0xFC, 0x10, 0x80, 0x00, 0x0F, 0x83, 0xFC, 0x3F,
    0xE7, 0x8E, 0x70, 0xE7, 0xFF, 0x7F, 0xF7, 0x00, 0x78, 0x03, 0xFC, 0x3F, 0xE0, 0xFC, 0x0F, 0x03,
    0xF0, 0xFF, 0x1C, 0xE0, 0x00, 0xFF, 0xDF, 0xFB, 0xFF, 0x70, 0x0E, 0x01, 0xC0, 0x3F, 0xE7, 0xFC,
    0xFF, 0x9C, 0x03, 0x80, 0x70, 0x0E, 0x01, 0xFF, 0xBF, 0xF7, 0xFE, 0x00, 0x01, 0x80, 0x78, 0x0F,
    0x01, 0xE0, 0x0F, 0x81, 0xF8, 0x3F, 0xC3, 0x8E, 0x10, 0x40, 0x00, 0x0F, 0x83, 0xFC, 0x3F, 0xE7,
    0x8E, 0x70, 0xE7, 0xFF, 0x7F, 0xF7, 0x00, 0x78, 0x03, 0xFC, 0x3F, 0xE0, 0xFC, 0x00, 0x00, 0x20,
    0x0F, 0x00, 0xF0, 0x07, 0x00, 0xE7, 0xDE, 0xF7, 0x01, 0xCE, 0x73, 0x9C, 0xE7, 0x39, 0xCE, 0x73,
    0x9C, 0xE7, 0x38, 0xE7, 0x9E, 0xF7, 0x00, 0x1E, 0xF7, 0xBD, 0xEF, 0x7B, 0xDE, 0xF7, 0xBC, 0x73,
    0x9C, 0xE7, 0x39, 0xCE, 0x73, 0x9C, 0xE7, 0x39, 0xCE, 0x01, 0x1D, 0xE7, 0x00, 0x2F, 0xFF, 0x00,
    0xFF, 0xFF, 0xFF, 0xFF, 0xFF, 0xFF, 0x02, 0xFF, 0xF0, 0x0F, 0xC0, 0xFF, 0xC7, 0xFF, 0x9E, 0x1E,
    0xF0, 0x3F, 0xC0, 0xFF, 0x03, 0xFC, 0x0F, 0xF0, 0x3F, 0xC0, 0xFF, 0x03, 0xFE, 0x0F, 0x78, 0x79,
    0xFF, 0xE3, 0xFF, 0x03, 0xF0, 0x00, 0x00, 0x0C, 0x00, 0x78, 0x01, 0xE0, 0x07, 0x80, 0x0F, 0x81,
    0xFF, 0x0F, 0xF8, 0xF1, 0xE7, 0x8F, 0x38, 0x39, 0xC1, 0xCF, 0x1E, 0x78, 0xF1, 0xFF, 0x0F, 0xF8,
    0x1F, 0x00, 0x00, 0x01, 0x00, 0x1C, 0x01, 0xF0, 0x07, 0x00, 0x07, 0x80, 0x1E, 0x00, 0x38, 0x00,
    0xE0, 0x02, 0x00, 0x3F, 0x03, 0xFF, 0x1F, 0xFE, 0x78, 0x7B, 0xC0, 0xFF, 0x03, 0xFC, 0x0F, 0xF0,
    0x3F, 0xC0, 0xFF, 0x03, 0xFC, 0x0F, 0xF8, 0x3D, 0xE1, 0xE7, 0xFF, 0x8F, 0xFC, 0x0F, 0xC0, 0x0F,
    0x00, 0x7C, 0x01, 0xE0, 0x07, 0x00, 0x70, 0x02, 0x00, 0x00, 0x01, 0xF0, 0x3F, 0xE1, 0xFF, 0x1E,
    0x3C, 0xF1, 0xE7, 0x07, 0x38, 0x39, 0xE3, 0xCF, 0x1E, 0x3F, 0xE1, 0xFF, 0x03, 0xE0, 0x00, 0x00,
    0x00, 0x60, 0x7F, 0x83, 0xFC, 0x1F, 0xE0, 0x21, 0x00, 0xFC, 0x0F, 0xFC, 0x7F, 0xF9, 0xE1, 0xEF,
    0x03, 0xFC, 0x0F, 0xF0, 0x3F, 0xC0, 0xFF, 0x03, 0xFC, 0x0F, 0xF0, 0x3F, 0xE0, 0xF7, 0x87, 0x9F,
    0xFE, 0x3F, 0xF0, 0x3F, 0x00, 0x00, 0x30, 0x01, 0xC1, 0xDC, 0x1F, 0xC1, 0xFC, 0x0C, 0x60, 0x00,
    0x01, 0xF0, 0x3F, 0xE1, 0xFF, 0x1E, 0x3C, 0xF1, 0xE7, 0x07, 0x38, 0x39, 0xE3, 0xCF, 0x1E, 0x3F,
    0xE1, 0xFF, 0x03, 0xE0, 0x00, 0x01, 0xC0, 0x07, 0xF8, 0x0F, 0xF0, 0x1F, 0xE0, 0x21, 0x00, 0xFC,
    0x0F, 0xFC, 0x7F, 0xF9, 0xE1, 0xEF, 0x03, 0xFC, 0x0F, 0xF0, 0x3F, 0xC0, 0xFF, 0x03, 0xFC, 0x0F,
    0xF0, 0x3F, 0xE0, 0xF7, 0x87, 0x9F, 0xFE, 0x3F, 0xF0, 0x3F, 0x00, 0xC0, 0x07, 0x00, 0x1D, 0xC0,
    0x7F, 0x01, 0xFC, 0x0C, 0x60, 0x00, 0x01, 0xF0, 0x3F, 0xE1, 0xFF, 0x1E, 0x3C, 0xF1, 0xE7, 0x07,
    0x38, 0x39, 0xE3, 0xCF, 0x1E, 0x3F, 0xE1, 0xFF, 0x03, 0xE0, 0x00, 0x70, 0x01, 0xE0, 0x7B, 0x83,
    0xFE, 0x1F, 0xE0, 0x21, 0x00, 0xFC, 0x0F, 0xFC, 0x7F, 0xF9, 0xE1, 0xEF, 0x03, 0xFC, 0x0F, 0xF0,
    0x3F, 0xC0, 0xFF, 0x03, 0xFC, 0x0F, 0xF0, 0x3F, 0xE0, 0xF7, 0x87, 0x9F, 0xFE, 0x3F, 0xF0, 0x3F,
    0x00, 0x00, 0x40, 0x07, 0x80, 0x1E, 0x0E, 0xE0, 0xFF, 0x0F, 0xE0, 0x63, 0x00, 0x00, 0x0F, 0x81,
    0xFF, 0x0F, 0xF8, 0xF1, 0xE7, 0x8F, 0x38, 0x39, 0xC1, 0xCF, 0x1E, 0x78, 0xF1, 0xFF, 0x0F, 0xF8,
    0x1F, 0x00, 0x0F, 0x60, 0x7F, 0x81, 0xBC, 0x01, 0xE0, 0x0F, 0xC0, 0x7F, 0x80, 0x84, 0x03, 0xF0,
    0x3F, 0xF1, 0xFF, 0xE7, 0x87, 0xBC, 0x0F, 0xF0, 0x3F, 0xC0, 0xFF, 0x03, 0xFC, 0x0F, 0xF0, 0x3F,
    0xC0, 0xFF, 0x83, 0xDE, 0x1E, 0x7F, 0xF8, 0xFF, 0xC0, 0xFC, 0x00, 0x0E, 0xC0, 0xFE, 0x07, 0xF0,
    0x0E, 0x01, 0xFC, 0x0F, 0xE0, 0x22, 0x00, 0x00, 0x0F, 0x81, 0xFF, 0x0F, 0xF8, 0xF1, 0xE7, 0x8F,
    0x38, 0x39, 0xC1, 0xCF, 0x1E, 0x78, 0xF1, 0xFF, 0x0F, 0xF8, 0x1F, 0x00, 0x0F, 0xC0, 0x3F, 0x01,
    0xCE, 0x02, 0x10, 0x0F, 0xC0, 0xFF, 0xC7, 0xFF, 0x9E, 0x1E, 0xF0, 0x3F, 0xC0, 0xFF, 0x03, 0xFC,
    0x0F, 0xF0, 0x3F, 0xC0, 0xFF, 0x03, 0xFE, 0x0F, 0x78, 0x79, 0xFF, 0xE3, 0xFF, 0x03, 0xF0, 0x00,
    0x00, 0x0C, 0x00, 0x78, 0x01, 0xE0, 0x07, 0x80, 0x0F, 0x80, 0xFE, 0x07, 0xF0, 0x71, 0xC1, 0x04,
    0x00, 0x00, 0x3E, 0x07, 0xFC, 0x3F, 0xE3, 0xC7, 0x9E, 0x3C, 0xE0, 0xE7, 0x07, 0x3C, 0x79, 0xE3,
    0xC7, 0xFC, 0x3F, 0xE0, 0x7C, 0x00, 0x00, 0x04, 0x00, 0x70, 0x07, 0xC0, 0x1C, 0x00, 0x00, 0x00,
    0x01, 0x80, 0x07, 0x90, 0x3E, 0xF0, 0x79, 0xE0, 0x43, 0xC3, 0xFF, 0x1F, 0xFC, 0x7F, 0xF8, 0xF0,
    0xF3, 0xC0, 0xF7, 0x81, 0xEF, 0x03, 0xDE, 0x07, 0xBC, 0x0F, 0x78, 0x1E, 0xF0, 0x3D, 0xF0, 0x79,
    0xF1, 0xE3, 0xFF, 0xC3, 0xFF, 0x01, 0xF8, 0x00, 0x00, 0x00, 0x03, 0x00, 0x1E, 0x00, 0xF0, 0x07,
    0xB8, 0x1C, 0xE0, 0x23, 0x80, 0x0E, 0x0F, 0xF8, 0xFF, 0x83, 0xFE, 0x1E, 0x3C, 0x78, 0xF1, 0xC1,
    0xC7, 0x07, 0x1E, 0x3C, 0x78, 0xF0, 0xFF, 0x83, 0xFE, 0x03, 0xE0, 0x00, 0x00, 0x18, 0x00, 0x78,
    0x10, 0x7C, 0xF0, 0x79, 0xE0, 0x23, 0xC3, 0xFF, 0x1F, 0xFC, 0x7F, 0xF8, 0xF0, 0xF3, 0xC0, 0xF7,
    0x81, 0xEF, 0x03, 0xDE, 0x07, 0xBC, 0x0F, 0x78, 0x1E, 0xF0, 0x3D, 0xF0, 0x79, 0xF1, 0xE3, 0xFF,
    0xC3, 0xFF, 0x01, 0xF8, 0x00, 0x00, 0x00, 0x70, 0x03, 0xC0, 0x07, 0x80, 0x0F, 0x38, 0x1C, 0xE0,
    0x23, 0x80, 0x0E, 0x0F, 0xF8, 0xFF, 0x83, 0xFE, 0x1E, 0x3C, 0x78, 0xF1, 0xC1, 0xC7, 0x07, 0x1E,
    0x3C, 0x78, 0xF0, 0xFF, 0x83, 0xFE, 0x03, 0xE0, 0x07, 0x80, 0x0F, 0x08, 0x0E, 0x78, 0x1C, 0xF0,
    0x21, 0xE1, 0xFF, 0x8F, 0xFE, 0x3F, 0xFC, 0x78, 0x79, 0xE0, 0x7B, 0xC0, 0xF7, 0x81, 0xEF, 0x03,
    0xDE, 0x07, 0xBC, 0x0F, 0x78, 0x1E, 0xF8, 0x3C, 0xF8, 0xF1, 0xFF, 0xE1, 0xFF, 0x80, 0xFC, 0x00,
    0x0F, 0x00, 0x3E, 0x00, 0x78, 0x00, 0xEE, 0x07, 0x38, 0x10, 0xE0, 0x03, 0x83, 0xFE, 0x3F, 0xE0,
    0xFF, 0x87, 0x8F, 0x1E, 0x3C, 0x70, 0x71, 0xC1, 0xC7, 0x8F, 0x1E, 0x3C, 0x3F, 0xE0, 0xFF, 0x80,
    0xF8, 0x00, 0x00, 0x60, 0x3E, 0xE8, 0xFF, 0xF9, 0xDF, 0xF0, 0x01, 0xE1, 0xFF, 0x8F, 0xFE, 0x3F,
    0xFC, 0x78, 0x79, 0xE0, 0x7B, 0xC0, 0xF7, 0x81, 0xEF, 0x03, 0xDE, 0x07, 0xBC, 0x0F, 0x78, 0x1E,
    0xF8, 0x3C, 0xF8, 0xF1, 0xFF, 0xE1, 0xFF, 0x80, 0xFC, 0x00, 0x3C, 0xC0, 0xFF, 0x07, 0xFF, 0x9D,
    0xFE, 0x00, 0x38, 0x00, 0xE0, 0xFF, 0x8F, 0xF8, 0x3F, 0xE1, 0xE3, 0xC7, 0x8F, 0x1C, 0x1C, 0x70,
    0x71, 0xE3, 0xC7, 0x8F, 0x0F, 0xF8, 0x3F, 0xE0, 0x3E, 0x00, 0x00, 0x04, 0x00, 0x3C, 0x00, 0x78,
    0x00, 0xF0, 0xFF, 0xC7, 0xFF, 0x1F, 0xFE, 0x3C, 0x3C, 0xF0, 0x3D, 0xE0, 0x7B, 0xC0, 0xF7, 0x81,
    0xEF, 0x03, 0xDE, 0x07, 0xBC, 0x0F, 0x7C, 0x1E, 0x7C, 0x78, 0xFF, 0xF0, 0xFF, 0xC0, 0x7E, 0x00,
    0x00, 0x00, 0x60, 0x01, 0xE0, 0x03, 0xC0, 0x07, 0x80, 0x00, 0x38, 0x00, 0xE0, 0x03, 0x80, 0x0E,
    0x0F, 0xF8, 0xFF, 0x83, 0xFE, 0x1E, 0x3C, 0x78, 0xF1, 0xC1, 0xC7, 0x07, 0x1E, 0x3C, 0x78, 0xF0,
    0xFF, 0x83, 0xFE, 0x03, 0xE0, 0x00, 0x00, 0x08, 0x00, 0x70, 0x01, 0xE0, 0x07, 0x00, 0xF0, 0x7F,
    0x83, 0xFC, 0x1F, 0xE0, 0xFF, 0x07, 0xF8, 0x3F, 0xC1, 0xFE, 0x0F, 0xF0, 0x7F, 0x83, 0xDC, 0x1E,
    0xF0, 0xF7, 0x8F, 0xBF, 0xF8, 0xFF, 0x81, 0xF8, 0x00, 0x00, 0x10, 0x01, 0xE0, 0x0F, 0x00, 0x70,
    0x00, 0xF1, 0xFE, 0x3F, 0xC7, 0xF8, 0xFF, 0x1F, 0xE3, 0xFC, 0x7F, 0x8F, 0xF1, 0xFF, 0xFD, 0xFF,
    0x9F, 0x70, 0x00, 0x08, 0x03, 0x80, 0x78, 0x0E, 0x00, 0x07, 0x00, 0x3C, 0x00, 0xE0, 0x0F, 0x00,
    0x70, 0x00, 0x03, 0xC1, 0xFE, 0x0F, 0xF0, 0x7F, 0x83, 0xFC, 0x1F, 0xE0, 0xFF, 0x07, 0xF8, 0x3F,
    0xC1, 0xFE, 0x0F, 0x70, 0x7B, 0xC3, 0xDE, 0x3E, 0xFF, 0xE3, 0xFE, 0x07, 0xE0, 0x1E, 0x03, 0xE0,
    0x3C, 0x03, 0x80, 0xE0, 0x00, 0x00, 0x07, 0x8F, 0xF1, 0xFE, 0x3F, 0xC7, 0xF8, 0xFF, 0x1F, 0xE3,
    0xFC, 0x7F, 0x8F, 0xFF, 0xEF, 0xFC, 0xFB, 0x80, 0x00, 0x80, 0x01, 0xC0, 0x03, 0xE7, 0x07, 0xC7,
    0x07, 0x07, 0x00, 0x0F, 0xF0, 0x7E, 0xF0, 0x78, 0xF0, 0x78, 0xF0, 0x78, 0xF0, 0x78, 0xF0, 0x78,
    0xF0, 0x78, 0xF0, 0x78, 0xF0, 0x78, 0xF0, 0x78, 0x70, 0x78, 0x78, 0x78, 0x78, 0xF8, 0x7F, 0xF0,
    0x3F, 0xE0, 0x0F, 0xC0, 0x01, 0x00, 0x0E, 0x00, 0x7C, 0x01, 0xE6, 0x0F, 0x38, 0x38, 0xE0, 0x03,
    0x80, 0x1E, 0xF1, 0xF3, 0xC7, 0x8F, 0x1E, 0x3C, 0x78, 0xF1, 0xE3, 0xC7, 0x8F, 0x1E, 0x3C, 0x78,
    0xF1, 0xE3, 0xFF, 0x87, 0xFE, 0x0F, 0xB8, 0x08, 0x00, 0x1C, 0x00, 0x1F, 0x07, 0x0F, 0x87, 0x07,
    0x07, 0x00, 0x0F, 0xF0, 0x7E, 0xF0, 0x78, 0xF0, 0x78, 0xF0, 0x78, 0xF0, 0x78, 0xF0, 0x78, 0xF0,
    0x78, 0xF0, 0x78, 0xF0, 0x78, 0xF0, 0x78, 0x70, 0x78, 0x78, 0x78, 0x78, 0xF8, 0x7F, 0xF0, 0x3F,
    0xE0, 0x0F, 0xC0, 0x10, 0x00, 0xE0, 0x07, 0xC0, 0x0F, 0x86, 0x1E, 0x38, 0x38, 0xE0, 0x03, 0x80,
    0x1E, 0xF1, 0xF3, 0xC7, 0x8F, 0x1E, 0x3C, 0x78, 0xF1, 0xE3, 0xC7, 0x8F, 0x1E, 0x3C, 0x78, 0xF1,
    0xE3, 0xFF, 0x87, 0xFE, 0x0F, 0xB8, 0x07, 0x00, 0x07, 0x80, 0x03, 0x87, 0x07, 0x87, 0x07, 0x07,
    0x00, 0x0F, 0xF0, 0x7E, 0xF0, 0x78, 0xF0, 0x78, 0xF0, 0x78, 0xF0, 0x78, 0xF0, 0x78, 0xF0, 0x78,
    0xF0, 0x78, 0xF0, 0x78, 0xF0, 0x78, 0x70, 0x78, 0x78, 0x78, 0x78, 0xF8, 0x7F, 0xF0, 0x3F, 0xE0,
    0x0F, 0xC0, 0x1E, 0x00, 0x7C, 0x00, 0xF1, 0x81, 0xCE, 0x0E, 0x38, 0x00, 0xE0, 0x07, 0xBC, 0x7C,
    0xF1, 0xE3, 0xC7, 0x8F, 0x1E, 0x3C, 0x78, 0xF1, 0xE3, 0xC7, 0x8F, 0x1E, 0x3C, 0x78, 0xFF, 0xE1,
    0xFF, 0x83, 0xEE, 0x00, 0x1E, 0x63, 0x3F, 0xF7, 0x3F, 0xE7, 0x3B, 0xE7, 0x00, 0x0F, 0xF0, 0x7E,
    0xF0, 0x78, 0xF0, 0x78, 0xF0, 0x78, 0xF0, 0x78, 0xF0, 0x78, 0xF0, 0x78, 0xF0, 0x78, 0xF0, 0x78,
    0xF0, 0x78, 0x70, 0x78, 0x78, 0x78, 0x78, 0xF8, 0x7F, 0xF0, 0x3F, 0xE0, 0x0F, 0xC0, 0x38, 0xC1,
    0xFF, 0x27, 0xFF, 0x99, 0xEE, 0x00, 0x38, 0x01, 0xEF, 0x1F, 0x3C, 0x78, 0xF1, 0xE3, 0xC7, 0x8F,
    0x1E, 0x3C, 0x78, 0xF1, 0xE3, 0xC7, 0x8F, 0x1E, 0x3F, 0xF8, 0x7F, 0xE0, 0xFB, 0x80, 0x00, 0x00,
    0x00, 0x07, 0x00, 0x07, 0x00, 0x07, 0x00, 0x0F, 0xF0, 0x7E, 0xF0, 0x78, 0xF0, 0x78, 0xF0, 0x78,
    0xF0, 0x78, 0xF0, 0x78, 0xF0, 0x78, 0xF0, 0x78, 0xF0, 0x78, 0xF0, 0x78, 0x70, 0x78, 0x78, 0x78,
    0x78, 0xF8, 0x7F, 0xF0, 0x3F, 0xE0, 0x0F, 0xC0, 0x00, 0x00, 0x02, 0x00, 0x07, 0x80, 0x07, 0x80,
    0x07, 0x00, 0x00, 0x18, 0x00, 0xE0, 0x03, 0x80, 0x0E, 0x00, 0x7B, 0xC7, 0xCF, 0x1E, 0x3C, 0x78,
    0xF1, 0xE3, 0xC7, 0x8F, 0x1E, 0x3C, 0x78, 0xF1, 0xE3, 0xC7, 0x8F, 0xFE, 0x1F, 0xF8, 0x3E, 0xE0,
    0x00, 0x00, 0x60, 0x03, 0xC0, 0x0F, 0x00, 0x3C, 0x00, 0x06, 0x00, 0x38, 0x00, 0xF0, 0x01, 0xE0,
    0x03, 0x80, 0x00, 0x0F, 0x83, 0xFE, 0x1E, 0x7C, 0x78, 0xF3, 0xC3, 0xFF, 0x07, 0xF8, 0x1F, 0xE0,
    0x3F, 0x00, 0xF8, 0x01, 0xE0, 0x07, 0x80, 0x1E, 0x00, 0x78, 0x01, 0xE0, 0x07, 0x80, 0x18, 0x03,
    0xC0, 0x3E, 0x00, 0xE0, 0x06, 0x00, 0x00, 0xF0, 0xFF, 0x1E, 0x79, 0xE7, 0x9E, 0x7B, 0xC3, 0xFC,
    0x3F, 0x81, 0xF8, 0x1F, 0x81, 0xF0, 0x0F, 0x01, 0xE0, 0xFE, 0x0F, 0xC0, 0xF8, 0x00, 0x78, 0x79,
    0xE1, 0xE3, 0x87, 0x0F, 0x3C, 0x1C, 0xF0, 0x7F, 0x81, 0xFE, 0x03, 0xF0, 0x0F, 0xC0, 0x1E, 0x00,
    0x78, 0x01, 0xE0, 0x07, 0x80, 0x1E, 0x00, 0x78, 0x01, 0xE0, 0x00, 0x00, 0x0C, 0x00, 0x78, 0x01,
    0xE0, 0x07, 0x80, 0xF0, 0xFF, 0x0F, 0x78, 0xE7, 0x9E, 0x39, 0xE3, 0xDC, 0x3D, 0xC1, 0xFC, 0x1F,
    0x81, 0xF8, 0x0F, 0x80, 0xF0, 0x0F, 0x00, 0xF0, 0x7E, 0xF7, 0xCF, 0x78, 0xF0, 0x02, 0x07, 0x00,
    0x1E, 0x00, 0x3C, 0x00, 0xE0, 0x03, 0x80, 0x00, 0x07, 0x87, 0x9E, 0x1E, 0x38, 0x70, 0xF3, 0xC1,
    0xCF, 0x07, 0xF8, 0x1F, 0xE0, 0x3F, 0x00, 0xFC, 0x01, 0xE0, 0x07, 0x80, 0x1E, 0x00, 0x78, 0x01,
    0xE0, 0x07, 0x80, 0x1E, 0x00, 0x0E, 0x00, 0xF0, 0x07, 0x80, 0x78, 0x07, 0x00, 0x00, 0x00, 0x0F,
    0x0F, 0xF0, 0xF7, 0x8E, 0x79, 0xE3, 0x9E, 0x3D, 0xC3, 0xDC, 0x1F, 0xC1, 0xF8, 0x1F, 0x80, 0xF8,
    0x0F, 0x00, 0xF0, 0x0F, 0x07, 0xE0, 0x7C, 0x07, 0x80, 0x1F, 0x70, 0x7F, 0xC3, 0xFF, 0x0E, 0x78,
    0x00, 0x01, 0xE1, 0xE7, 0x87, 0x8E, 0x1C, 0x3C, 0xF0, 0x73, 0xC1, 0xFE, 0x07, 0xF8, 0x0F, 0xC0,
    0x3F, 0x00, 0x78, 0x01, 0xE0, 0x07, 0x80, 0x1E, 0x00, 0x78, 0x01, 0xE0, 0x07, 0x80, 0x1C, 0xE3,
    0xEE, 0x3F, 0xE3, 0x3C, 0x00, 0x00, 0x00, 0xF0, 0xFF, 0x0F, 0x78, 0xE7, 0x9E, 0x39, 0xE3, 0xDC,
    0x3D, 0xC1, 0xFC, 0x1F, 0x81, 0xF8, 0x0F, 0x80, 0xF0, 0x0F, 0x00, 0xF0, 0x7E, 0x07, 0xC0, 0x78,
    0x00, 0xFC, 0xFF, 0xFF, 0xC0, 0xFF, 0xFF, 0xF0, 0xFF, 0xFF, 0xFF, 0xFF, 0x80, 0xFF, 0xFF, 0xFF,
    0xFF, 0xFF, 0xFF, 0xFF, 0xFE, 0xFF, 0xFF, 0xFF, 0xFF, 0xFF, 0xFF, 0xFF, 0xFE, 0x9E, 0xF7, 0xBD,
    0xEF, 0x7B, 0xDE, 0xF7, 0xBD, 0xEF, 0x7B, 0xDE, 0xF7, 0xBD, 0xCC, 0x3B, 0xDE, 0xE7, 0x38, 0x7B,
    0xDC, 0xEF, 0x70, 0x7B, 0xDC, 0xEF, 0x70, 0x3B, 0x9E, 0xE7, 0x79, 0xDE, 0x77, 0x9D, 0xE0, 0x7F,
    0xBF, 0xDD, 0xEE, 0xFF, 0x77, 0x38, 0x7F, 0xBF, 0xDD, 0xEE, 0xFF, 0x77, 0x38, 0x0E, 0x03, 0x80,
    0xE0, 0x38, 0xFF, 0xFF, 0xFF, 0xFC, 0x38, 0x0E, 0x03, 0x80, 0xE0, 0x38, 0x0E, 0x03, 0x80, 0xE0,
    0x38, 0x0E, 0x03, 0x00, 0x0E, 0x03, 0x80, 0xE0, 0x38, 0xFF, 0xFF, 0xFF, 0xFC, 0x38, 0x0E, 0x03,
    0x8F, 0xFF, 0xFF, 0xFF, 0xC3, 0x80, 0xE0, 0x38, 0x0E, 0x03, 0x00, 0x3C, 0xFD, 0xFB, 0xF7, 0xE7,
    0x80, 0x20, 0x09, 0xE0, 0x3B, 0xC0, 0x7B, 0x80, 0xE0, 0xF0, 0xE1, 0xFE, 0x3E, 0x3F, 0xC7, 0xC7,
    0xF8, 0x70, 0xF0, 0x10, 0xF9, 0xF7, 0xE7, 0xCF, 0x00, 0x3E, 0x0E, 0x00, 0x0F, 0xE3, 0xC0, 0x01,
    0xDC, 0xF0, 0x00, 0x7B, 0xDE, 0x00, 0x0F, 0x7F, 0x80, 0x00, 0xEE, 0xF0, 0x00, 0x1F, 0xFC, 0x00,
    0x01, 0xF7, 0x7C, 0x3E, 0x01, 0xFF, 0xCF, 0xE0, 0x3B, 0xBF, 0xDC, 0x0F, 0x73, 0xF3, 0x81, 0xCE,
    0x7E, 0x70, 0x79, 0xDF, 0xEE, 0x1E, 0x3F, 0x9F, 0xC3, 0xC3, 0xE1, 0xF0, 0x7B, 0xDC, 0xE7, 0x39,
    0x80, 0x7B, 0xDE, 0xF7, 0x3D, 0xCE, 0x73, 0x9C, 0xE6, 0x38, 0x00, 0xF0, 0xE0, 0xE0, 0x00, 0x38,
    0xF3, 0xE7, 0x9F, 0x1E, 0x3E, 0x3C, 0x38, 0x00, 0x00, 0xE1, 0xE3, 0xC3, 0xC7, 0xCF, 0x3C, 0x78,
    0xE0, 0x00, 0x00, 0x00, 0x61, 0xC3, 0x71, 0xC6, 0x39, 0xCC, 0x1C, 0x18, 0x0E, 0x30, 0x07, 0x60,
    0x73, 0xC7, 0x71, 0xC7, 0x73, 0xE7, 0x06, 0x30, 0x0C, 0x18, 0x19, 0xCC, 0x31, 0xC6, 0x61, 0xC3,
    0x00, 0x00, 0x30, 0xC7, 0x9E, 0x79, 0xE7, 0x9E, 0x79, 0xE7, 0x8E, 0x70, 0xE7, 0x0E, 0x70, 0xE7,
    0x0E, 0x70, 0xE3, 0x0C, 0x00, 0x07, 0x8E, 0x79, 0xE7, 0x9E, 0x78, 0xE0, 0x00, 0xE0, 0x00, 0x59,
    0x00, 0x1F, 0xF0, 0x01, 0xFC, 0x00, 0x1F, 0x00, 0x0F, 0xF8, 0x00, 0xB6, 0x00, 0x07, 0x00, 0x0C,
    0x46, 0x01, 0x80, 0xC1, 0xB6, 0xDB, 0x3F, 0xDF, 0xE3, 0xE0, 0xF0, 0xFE, 0x7F, 0x9F, 0xEF, 0xF2,
    0x68, 0xB6, 0x0C, 0x06, 0x00, 0x00, 0xE0, 0x3C, 0x0F, 0x01, 0xE0, 0x78, 0x0F, 0x03, 0xC0, 0x78,
    0x1E, 0x03, 0xC0, 0xF0, 0x1E, 0x07, 0x80, 0xE0, 0x3C, 0x00, 0x0E, 0x07, 0x83, 0xF9, 0xFC, 0x7F,
    0xFF, 0xE7, 0x7D, 0xDE, 0x03, 0xC0, 0xF0, 0x3C, 0x0E, 0x07, 0x81, 0xE0, 0x78, 0x3C, 0x0F, 0x03,
    0xC1, 0xE0, 0x78, 0x1E, 0x07, 0x01, 0xE0, 0x70, 0x00, 0x00, 0x01, 0xE0, 0x70, 0x1E, 0x0F, 0x81,
    0xE0, 0xF8, 0x1E, 0x07, 0x00, 0x0E, 0x0E, 0x3F, 0x8E, 0x7F, 0xCE, 0x77, 0xCE, 0x03, 0xCE, 0x03,
    0xCE, 0x07, 0x8E, 0x07, 0x8E, 0x0F, 0x0E, 0x1E, 0x0E, 0x1E, 0x0E, 0x1E, 0x0E, 0x00, 0x00, 0x1E,
    0x0E, 0x1E, 0x1F, 0x1E, 0x1F, 0x1E, 0x0E, 0x70, 0x78, 0x79, 0xFC, 0x7B, 0xFE, 0x79, 0xDE, 0x78,
    0x0F, 0x78, 0x0E, 0x70, 0x1E, 0x70, 0x3C, 0x70, 0x3C, 0x70, 0x78, 0x70, 0x70, 0x30, 0x70, 0x00,
    0x00, 0x78, 0x70, 0x78, 0xF8, 0x78, 0xF8, 0x78, 0x70, 0x1C, 0x0E, 0x3E, 0xDF, 0xE3, 0xC7, 0xFB,
    0xEC, 0x38, 0x1C, 0x04, 0x07, 0x0B, 0x6F, 0xF9, 0xF1, 0xFD, 0xFF, 0x59, 0x0E, 0x00, 0x7C, 0x7E,
    0xFE, 0xE7, 0xE7, 0xE7, 0xFE, 0x7E, 0x7C, 0x1E, 0x3E, 0x7E, 0x6E, 0xFF, 0xFF, 0x0E, 0x0E, 0x7E,
    0xFD, 0xC3, 0xE7, 0xE1, 0xD3, 0xFF, 0xFC, 0x1E, 0x3E, 0x78, 0x7E, 0xFE, 0xEE, 0xFE, 0x7E, 0x3C,
    0xFE, 0xFE, 0x0E, 0x1C, 0x1C, 0x38, 0x38, 0x38, 0x7C, 0x7E, 0xEE, 0x7E, 0x7E, 0xFE, 0xEF, 0xFE,
    0x7E, 0x7C, 0x7E, 0xEE, 0xEE, 0x7E, 0x7E, 0x1E, 0x7C, 0x78, 0x7C, 0x7E, 0xFE, 0xE7, 0xE7, 0xE7,
    0xFE, 0x7E, 0x7C, 0x1D, 0xF7, 0xDF, 0x1C, 0x71, 0xC7, 0x1C, 0x7D, 0xFD, 0xB8, 0xF3, 0xCF, 0x1C,
    0x7F, 0xFE, 0xFD, 0xFD, 0x79, 0xE3, 0xE1, 0xD3, 0xFF, 0xFC, 0x1E, 0x3E, 0x7E, 0x6E, 0xFF, 0xFF,
    0x0E, 0x0E, 0x7E, 0xFD, 0xC3, 0xE7, 0xE1, 0xD3, 0xFF, 0xFC, 0x1E, 0x3E, 0x78, 0x7E, 0xFE, 0xEE,
    0xFE, 0x7E, 0x3C, 0xFE, 0xFE, 0x0E, 0x1C, 0x1C, 0x38, 0x38, 0x38, 0x7C, 0x7E, 0xEE, 0x7E, 0x7E,
    0xFE, 0xEF, 0xFE, 0x7E, 0x7C, 0x7E, 0xEE, 0xEE, 0x7E, 0x7E, 0x1E, 0x7C, 0x78, 0x00, 0x01, 0xC0,
    0xE7, 0x3B, 0x9D, 0xEE, 0x7F, 0xB9, 0xFE, 0xE7, 0xFB, 0x9F, 0xFF, 0xFF, 0xFC, 0xFF, 0xE3, 0xFF,
    0x0F, 0xFC, 0x3E, 0xF0, 0xFB, 0xC3, 0xEF, 0x07, 0x3C, 0x03, 0xC3, 0xFC, 0x7F, 0x81, 0xE3, 0xFC,
    0xFF, 0x9F, 0xF7, 0x9E, 0xF3, 0xDE, 0x7B, 0xDF, 0x3F, 0xE3, 0xFC, 0x00, 0x1F, 0xF7, 0xFE, 0x07,
    0xF0, 0xFF, 0x1F, 0xE1, 0xF2, 0x3C, 0x07, 0xFE, 0x7F, 0xC3, 0xC0, 0x7F, 0xC7, 0xFC, 0x3C, 0x01,
    0xF3, 0x1F, 0xF0, 0xFF, 0x07, 0xF0, 0xFF, 0xFF, 0xFF, 0xFF, 0xF0, 0xF0, 0x0F, 0xC0, 0xFC, 0x0F,
    0xC3, 0xF0, 0x3F, 0xC3, 0xFC, 0x1F, 0xC3, 0xF0, 0x3F, 0x03, 0xF0, 0x0F, 0x00, 0x3F, 0x87, 0xFC,
    0x3F, 0xC3, 0x3E, 0xFF, 0xFF, 0xFF, 0x1F, 0x83, 0xF0, 0xFF, 0xFF, 0xFF, 0x78, 0x07, 0xCC, 0x7F,
    0xE3, 0xFE, 0x1F, 0xC0, 0x7F, 0xFB, 0xFF, 0xC1, 0xF0, 0x03, 0x87, 0xFF, 0x3F, 0xF8, 0x0F, 0x01,
    0xF8, 0x7F, 0x83, 0xF8, 0x1F, 0x00, 0x7C, 0x01, 0xF0, 0x07, 0xC0, 0x1E, 0x00, 0x07, 0x00, 0x00,
    0xF0, 0x00, 0x1E, 0x00, 0x03, 0xC0, 0x00, 0x7F, 0xFF, 0xF7, 0xFF, 0xFF, 0x3E, 0x00, 0x01, 0xE0,
    0x00, 0x0F, 0x00, 0x00, 0x70, 0x00, 0x00, 0x00, 0x00, 0x04, 0x01, 0xC0, 0x7C, 0x1F, 0xC7, 0xFD,
    0xFF, 0xDB, 0xB0, 0x70, 0x0E, 0x01, 0xC0, 0x38, 0x07, 0x00, 0xE0, 0x1C, 0x03, 0x80, 0x70, 0x0E,
    0x01, 0xC0, 0x38, 0x07, 0x00, 0x00, 0x07, 0x00, 0x00, 0x38, 0x00, 0x01, 0xE0, 0x00, 0x07, 0xCF,
    0xFF, 0xFF, 0x7F, 0xFF, 0xF8, 0x00, 0x0F, 0x80, 0x00, 0x78, 0x00, 0x07, 0x80, 0x00, 0x38, 0x00,
    0x00, 0x00, 0x0C, 0x01, 0xC0, 0x38, 0x07, 0x00, 0xE0, 0x1C, 0x03, 0x80, 0x70, 0x0E, 0x01, 0xC0,
    0x38, 0x07, 0x00, 0xE0, 0xDD, 0xBF, 0xFB, 0xFE, 0x3F, 0x83, 0xE0, 0x38, 0x02, 0x00, 0x07, 0x07,
    0x00, 0x78, 0x38, 0x07, 0x81, 0xE0, 0x78, 0x07, 0xC7, 0xFF, 0xFF, 0x3F, 0xFF, 0xF8, 0xF8, 0x0F,
    0x83, 0xC0, 0x78, 0x0F, 0x07, 0x80, 0x38, 0x38, 0x00, 0x00, 0x00, 0x00, 0x01, 0xC0, 0x38, 0x0F,
    0x83, 0xF8, 0xFF, 0xBF, 0xFB, 0x76, 0x0E, 0x01, 0xC0, 0x38, 0x07, 0x00, 0xE0, 0xDD, 0xBF, 0xFB,
    0xFE, 0x3F, 0x83, 0xE0, 0x38, 0x02, 0x00, 0xFF, 0x01, 0xFE, 0x03, 0xFE, 0x03, 0xE0, 0x07, 0xE0,
    0x0F, 0xE0, 0x19, 0xE0, 0x31, 0xE0, 0x21, 0xE0, 0x01, 0xE0, 0x01, 0xE0, 0x01, 0xE0, 0x01, 0xE0,
    0x01, 0xC0, 0x01, 0x00, 0x00, 0x8E, 0x01, 0xFF, 0x01, 0xFE, 0x00, 0x3E, 0x00, 0x7E, 0x00, 0xFE,
    0x01, 0xEE, 0x03, 0xCE, 0x07, 0x84, 0x0F, 0x00, 0x1E, 0x00, 0x3C, 0x00, 0x78, 0x00, 0x70, 0x00,
    0x20, 0x00, 0x20, 0x00, 0x70, 0x00, 0x78, 0x00, 0x3C, 0x00, 0x1E, 0x00, 0x0F, 0x00, 0x07, 0x80,
    0x03, 0xCE, 0x01, 0xEE, 0x00, 0xFE, 0x00, 0x7E, 0x00, 0x3E, 0x01, 0xFE, 0x01, 0xFE, 0x00, 0xFF,
    0x00, 0x04, 0x00, 0x1C, 0x00, 0x78, 0x01, 0xE0, 0x07, 0x80, 0x1E, 0x08, 0x78, 0x31, 0xE0, 0x67,
    0x80, 0xFE, 0x01, 0xF8, 0x03, 0xE0, 0x0F, 0xF8, 0x1F, 0xE0, 0x3C, 0xC0, 0x00, 0xFF, 0xFF, 0xFF,
    0xFF, 0xFF, 0xFF, 0xFF, 0x8F, 0xE0, 0x01, 0xFE, 0x00, 0x3F, 0xC0, 0x07, 0xC0, 0x00, 0xFC, 0x00,
    0x1F, 0xC0, 0x03, 0xBC, 0x00, 0x73, 0xC0, 0x04, 0x3C, 0x00, 0x03, 0xC0, 0x00, 0x3C, 0x00, 0x03,
    0xC0, 0x00, 0x3C, 0x00, 0x03, 0x80, 0x00, 0x20, 0xE1, 0x80, 0x07, 0x1C, 0x00, 0x39, 0xE0, 0x01,
    0xFE, 0x00, 0x0F, 0xFF, 0xFF, 0x7F, 0xFF, 0xFB, 0xFC, 0x00, 0x1D, 0xE0, 0x00, 0xE7, 0x80, 0x07,
    0x1C, 0x20, 0x00, 0x47, 0x8E, 0x00, 0x1C, 0x70, 0x00, 0xF3, 0x80, 0x03, 0xFF, 0xFF, 0xFF, 0xFF,
    0xFF, 0xFF, 0x00, 0x07, 0xB8, 0x00, 0x79, 0xC0, 0x07, 0x8E, 0x00, 0x18, 0x60, 0x00, 0x02, 0x00,
    0x00, 0x38, 0x00, 0x01, 0xE0, 0x00, 0x07, 0xCF, 0xFF, 0xFF, 0x7F, 0xFF, 0xF8, 0x00, 0x0F, 0x80,
    0x00, 0x78, 0x00, 0x07, 0x80, 0x10, 0x38, 0x01, 0xC0, 0x80, 0x1E, 0x00, 0x01, 0xE0, 0x00, 0x1E,
    0x00, 0x01, 0xFF, 0xFF, 0xCF, 0xFF, 0xFE, 0x3C, 0x00, 0x00, 0xF0, 0x00, 0x03, 0xC0, 0x00, 0x0C,
    0x00, 0x00, 0x00, 0x03, 0x00, 0x60, 0x30, 0x0F, 0x03, 0x01, 0xF8, 0x30, 0x3F, 0xC3, 0x07, 0xFE,
    0x30, 0x7E, 0xE3, 0x06, 0xE4, 0x30, 0x0E, 0x03, 0x00, 0xE0, 0x30, 0x0E, 0x03, 0x00, 0xE0, 0x30,
    0x0E, 0x03, 0x00, 0xE3, 0xB7, 0x0E, 0x3F, 0xF0, 0xE3, 0xFE, 0x0E, 0x0F, 0xC0, 0xE0, 0x78, 0x0E,
    0x07, 0x80, 0xE0, 0x30, 0x06, 0x00, 0x00, 0x78, 0x00, 0x07, 0x80, 0x00, 0x78, 0x00, 0x07, 0xFF,
    0xFF, 0x3F, 0xFF, 0xF8, 0xF8, 0x00, 0x03, 0xC0, 0x00, 0x0F, 0x00, 0x00, 0x38, 0x10, 0x00, 0x81,
    0xC0, 0x00, 0x0F, 0x00, 0x00, 0x3C, 0x00, 0x01, 0xF3, 0xFF, 0xFF, 0xDF, 0xFF, 0xFE, 0x00, 0x03,
    0xE0, 0x00, 0x3C, 0x00, 0x01, 0xC0, 0x00, 0x04, 0x00, 0x03, 0x00, 0x00, 0x38, 0x00, 0x03, 0xC0,
    0x00, 0x3C, 0x00, 0x03, 0xFF, 0xFF, 0x3F, 0xFF, 0xF8, 0x00, 0x00, 0x00, 0x00, 0x00, 0x00, 0x00,
    0x00, 0x00, 0x00, 0x00, 0x00, 0x00, 0x00, 0x00, 0x0F, 0xFF, 0xFF, 0x7F, 0xFF, 0xF0, 0x00, 0x0F,
    0x00, 0x00, 0xF0, 0x00, 0x0F, 0x00, 0x00, 0x30, 0x00, 0x00, 0x06, 0x00, 0x00, 0x78, 0x00, 0x01,
    0xE0, 0x00, 0x07, 0x8F, 0xFF, 0xFE, 0x7F, 0xFF, 0xF8, 0x00, 0x00, 0x00, 0x00, 0x00, 0x00, 0x00,
    0x00, 0x00, 0x00, 0x00, 0x00, 0x00, 0x00, 0x00, 0x07, 0xFF, 0xFF, 0x1F, 0xFF, 0xF8, 0x78, 0x00,
    0x01, 0xE0, 0x00, 0x07, 0x00, 0x00, 0x18, 0x00, 0x00, 0x00, 0x00, 0x00, 0x38, 0x00, 0x03, 0x80,
    0x00, 0x78, 0x00, 0x0F, 0xFF, 0xF1, 0xFF, 0xFF, 0x3C, 0x00, 0x07, 0x80, 0x00, 0x78, 0x00, 0x03,
    0xC0, 0x00, 0x1F, 0xFF, 0xF0, 0xFF, 0xFF, 0x07, 0x00, 0x00, 0x38, 0x00, 0x03, 0x80, 0x00, 0x00,
    0x00, 0x00, 0x00, 0x00, 0x00, 0xE0, 0x00, 0x03, 0x80, 0x00, 0x1E, 0x0F, 0xFF, 0xF8, 0x7F, 0xFF,
    0xE0, 0x00, 0x07, 0x80, 0x00, 0x1E, 0x00, 0x00, 0xF0, 0x00, 0x0F, 0x3F, 0xFF, 0xF1, 0xFF, 0xFF,
    0x00, 0x00, 0xF0, 0x00, 0x07, 0x00, 0x00, 0x70, 0x00, 0x00, 0x00, 0x00, 0x00, 0x00, 0x18, 0x70,
    0x01, 0xC3, 0xC0, 0x1E, 0x0F, 0x00, 0xFF, 0xF8, 0x0F, 0xFF, 0xE0, 0xF0, 0x07, 0x8F, 0x00, 0x1E,
    0xF8, 0x00, 0xF1, 0xE0, 0x0F, 0x07, 0xFF, 0xF0, 0x3F, 0xFF, 0x00, 0xF0, 0x78, 0x03, 0x83, 0x80,
    0x0C, 0x38, 0x00, 0x00, 0x00, 0x00, 0x00, 0x00, 0x18, 0x00, 0x03, 0x80, 0x00, 0x78, 0x00, 0x0C,
    0xFF, 0xF1, 0x80, 0x03, 0x30, 0x00, 0x36, 0x00, 0x03, 0x60, 0x00, 0x33, 0x00, 0x03, 0x18, 0x00,
    0x30, 0xCF, 0xFF, 0x07, 0x80, 0x00, 0x38, 0x00, 0x01, 0x80, 0x00, 0x00, 0x00, 0x01, 0x00, 0x07,
    0x00, 0x1B, 0x00, 0x63, 0x01, 0x83, 0x06, 0x03, 0x18, 0x07, 0x7C, 0x1F, 0x08, 0x20, 0x10, 0x40,
    0x20, 0x80, 0x41, 0x00, 0x82, 0x01, 0x04, 0x02, 0x08, 0x04, 0x10, 0x08, 0x20, 0x10, 0x40, 0x3F,
    0x80, 0x00, 0x00, 0x00, 0x01, 0x00, 0x00, 0x1C, 0x00, 0x01, 0xE0, 0xFF, 0xF7, 0x08, 0x00, 0x18,
    0x80, 0x00, 0xC8, 0x00, 0x06, 0x80, 0x00, 0x68, 0x00, 0x0C, 0x80, 0x01, 0x8F, 0xFF, 0x70, 0x00,
    0x1E, 0x00, 0x01, 0xC0, 0x00, 0x10, 0x00, 0x00, 0x00, 0x0F, 0xE0, 0x10, 0x40, 0x20, 0x80, 0x41,
    0x00, 0x82, 0x01, 0x04, 0x02, 0x08, 0x04, 0x10, 0x08, 0x20, 0x10, 0x40, 0x20, 0x87, 0xC1, 0xF6,
    0x00, 0xC6, 0x03, 0x06, 0x0C, 0x06, 0x30, 0x06, 0xC0, 0x07, 0x00, 0x04, 0x00, 0x06, 0x00, 0x00,
    0xE0, 0x30, 0x0E, 0x07, 0x80, 0xE0, 0xFC, 0x0E, 0x1F, 0xE0, 0xE3, 0xFF, 0x0E, 0x3B, 0x70, 0xE3,
    0x33, 0x0E, 0x03, 0x00, 0xE0, 0x30, 0x0E, 0x03, 0x00, 0xE0, 0x30, 0x0E, 0x03, 0x06, 0xEE, 0x30,
    0x7F, 0xE3, 0x07, 0xFC, 0x30, 0x3F, 0x83, 0x01, 0xF0, 0x30, 0x0E, 0x03, 0x00, 0x60, 0x30, 0x00,
    0x00, 0x70, 0x01, 0xF8, 0x01, 0xEE, 0x00, 0xE7, 0x00, 0xF1, 0xC0, 0x70, 0xFF, 0xF8, 0x3F, 0xF8,
    0x1C, 0x38, 0x07, 0x1C, 0x03, 0x9C, 0x00, 0xEE, 0x00, 0x7E, 0x00, 0x1F, 0x00, 0x0F, 0x00, 0x03,
    0x80, 0x00, 0x80, 0x00, 0x00, 0x00, 0x3F, 0x83, 0xFC, 0x3F, 0xE3, 0x3F, 0x00, 0xF1, 0xFF, 0x3F,
    0xF7, 0xFF, 0x7D, 0xFF, 0x0F, 0xF0, 0xF7, 0xBE, 0x7F, 0xE7, 0xFC, 0x1F, 0x80, 0x7F, 0xFD, 0xFF,
    0xF0, 0x01, 0xC0, 0x07, 0x00, 0x1C, 0x00, 0x70, 0x01, 0xDF, 0xFF, 0x7F, 0xFC, 0x00, 0x70, 0x01,
    0xC0, 0x07, 0x00, 0x1C, 0x00, 0x77, 0xFF, 0xDF, 0xFF, 0x07, 0xF2, 0x0F, 0xFF, 0x8F, 0xFF, 0xC7,
    0x83, 0xC7, 0x03, 0xF3, 0x83, 0xFB, 0x83, 0xDD, 0xC3, 0xC6, 0xE3, 0xC3, 0x33, 0xC3, 0x9F, 0xC1,
    0xCF, 0xC1, 0xE3, 0xC1, 0xE3, 0xFF, 0xE1, 0xFF, 0xE0, 0x4F, 0xE0, 0x07, 0x80, 0x0F, 0x80, 0x3F,
    0x00, 0x7F, 0x00, 0xFE, 0x03, 0xDC, 0x07, 0xBC, 0x1E, 0x78, 0x3C, 0x78, 0x78, 0xF1, 0xE1, 0xE3,
    0xC1, 0xE7, 0xFF, 0xDF, 0xFF, 0xBF, 0xFF, 0x80, 0x7F, 0xFF, 0x7F, 0xFF, 0x7F, 0xFF, 0x78, 0x0F,
    0x38, 0x1E, 0x3C, 0x1E, 0x3C, 0x3C, 0x1E, 0x3C, 0x1E, 0x3C, 0x0E, 0x78, 0x0F, 0x78, 0x07, 0x70,
    0x07, 0xF0, 0x07, 0xE0, 0x03, 0xE0, 0x03, 0xE0, 0x0F, 0xFF, 0x8F, 0xFF, 0xCF, 0xC0, 0x0F, 0x00,
    0x07, 0x00, 0x07, 0x00, 0x03, 0xFF, 0xFF, 0xFF, 0xFF, 0xF0, 0x00, 0x38, 0x00, 0x1E, 0x00, 0x07,
    0xC0, 0x01, 0xFF, 0xF8, 0x7F, 0xFC, 0x01, 0xC0, 0x00, 0xE0, 0x03, 0xFF, 0xE3, 0xFF, 0xF3, 0xFC,
    0x03, 0xCE, 0x01, 0xC7, 0x01, 0xC3, 0x80, 0xFF, 0xFF, 0xFF, 0xFF, 0xFC, 0x70, 0x0E, 0x38, 0x07,
    0x9C, 0x01, 0xFE, 0x00, 0x7F, 0xFE, 0x1F, 0xFF, 0x01, 0xC0, 0x00, 0xE0, 0x00, 0x0F, 0xE7, 0xFD,
    0xFF, 0x3C, 0x0F, 0x01, 0xFF, 0x3F, 0xE7, 0x00, 0xF0, 0x1F, 0xB1, 0xFE, 0x1F, 0xE0, 0x60, 0xFF,
    0xF8, 0x7F, 0xFE, 0x00, 0x1F, 0x80, 0x01, 0xE0, 0x00, 0x70, 0x00, 0x3B, 0xFF, 0xFF, 0xFF, 0xFF,
    0x00, 0x07, 0x80, 0x03, 0x80, 0x03, 0xC0, 0x0F, 0xCF, 0xFF, 0xC7, 0xFF, 0xC0, 0xFF, 0xFF, 0xFF,
    0xFF, 0xFF, 0xE0, 0xFF, 0x07, 0xF8, 0x3F, 0xC1, 0xFE, 0x0F, 0xF0, 0x7F, 0x83, 0xFC, 0x1F, 0xE0,
    0xFF, 0x07, 0xF8, 0x3F, 0xC1, 0xFE, 0x0F, 0xF0, 0x78, 0xFF, 0xFF, 0xFF, 0xFF, 0xBC, 0x03, 0xC0,
    0x7C, 0x07, 0x80, 0x78, 0x0F, 0x01, 0xE0, 0x78, 0x1E, 0x07, 0xC0, 0xF0, 0x3F, 0xFF, 0xFF, 0xFF,
    0xE0, 0xFF, 0xFF, 0xFF, 0xFC, 0x7F, 0xFF, 0x7F, 0xFF, 0x00, 0x00, 0x00, 0x00, 0x01, 0xC0, 0x01,
    0xC0, 0x01, 0xC0, 0x01, 0xC0, 0x01, 0xC0, 0x01, 0xC0, 0x7F, 0xFF, 0x7F, 0xFF, 0x01, 0xC0, 0x01,
    0xC0, 0x01, 0xC0, 0x01, 0xC0, 0x01, 0xC0, 0x01, 0x80, 0x00, 0xE0, 0x3C, 0x0F, 0x01, 0xE0, 0x78,
    0x0F, 0x03, 0xC0, 0x78, 0x1E, 0x03, 0xC0, 0xF0, 0x1E, 0x07, 0x80, 0xE0, 0x3C, 0x00, 0x77, 0xFE,
    0xE0, 0x00, 0x3C, 0x00, 0xE0, 0x07, 0x80, 0x1E, 0x00, 0x70, 0x03, 0xC0, 0x0F, 0x0E, 0x38, 0xFD,
    0xE1, 0xF7, 0x87, 0xFC, 0x03, 0xF0, 0x0F, 0xC0, 0x1E, 0x00, 0x78, 0x00, 0x00, 0x00, 0x0F, 0xC3,
    0xF7, 0xFD, 0xFD, 0xCF, 0xF8, 0xE0, 0xF8, 0x38, 0x3E, 0x07, 0x3F, 0xE1, 0xFF, 0x7F, 0x3F, 0x0F,
    0xC0, 0x00, 0x00, 0x3D, 0xF3, 0xFF, 0xFF, 0xEF, 0xCE, 0x7F, 0xFB, 0xBF, 0xFC, 0xF7, 0xC0, 0xE0,
    0x00, 0xE0, 0x00, 0xE0, 0x00, 0xE0, 0x00, 0xE0, 0x00, 0xE0, 0x00, 0xE0, 0x00, 0xE0, 0x00, 0xE0,
    0x00, 0xE0, 0x00, 0xE0, 0x00, 0xE0, 0x00, 0xE0, 0x00, 0xE0, 0x00, 0xFF, 0xFF, 0xFF, 0xFF, 0x00,
    0x02, 0x00, 0x01, 0xC0, 0x00, 0xF0, 0x00, 0x78, 0x00, 0x3C, 0x00, 0x1E, 0x00, 0x0F, 0x00, 0x07,
    0x80, 0x03, 0xC0, 0x01, 0xE0, 0x00, 0xF0, 0x00, 0x78, 0x00, 0x3F, 0xFF, 0xDF, 0xFF, 0xF0, 0x00,
    0x00, 0xFF, 0xFF, 0xFF, 0xFF, 0xFF, 0xF8, 0x01, 0x80, 0x0F, 0x00, 0x39, 0x81, 0xE7, 0x07, 0x3C,
    0x3C, 0xE0, 0xE7, 0x87, 0x9C, 0x1C, 0xF0, 0xF3, 0x83, 0x9E, 0x1E, 0x70, 0x73, 0xC1, 0xCE, 0x00,
    0x78, 0x01, 0xC0, 0x00, 0x00, 0x01, 0x80, 0x0F, 0x00, 0x39, 0x87, 0xE7, 0x3F, 0x3C, 0x7C, 0xE0,
    0xF7, 0x87, 0xFC, 0x1F, 0xF0, 0xF7, 0x83, 0x9E, 0x1E, 0x7C, 0x73, 0xF1, 0xCE, 0x80, 0x78, 0x01,
    0xC0, 0x00, 0x00, 0x00, 0x00, 0x00, 0xC0, 0x00, 0x70, 0x00, 0x78, 0x00, 0x3E, 0x00, 0x3F, 0x00,
    0x1D, 0xC0, 0x1C, 0xE0, 0x0E, 0x38, 0x0E, 0x1E, 0x07, 0x07, 0x07, 0x03, 0xC3, 0x80, 0xE3, 0x80,
    0x79, 0xC0, 0x1D, 0xC0, 0x0F, 0xE0, 0x03, 0x00, 0xE0, 0x03, 0x70, 0x03, 0xDC, 0x01, 0xCE, 0x01,
    0xE3, 0x80, 0xE1, 0xC0, 0xF0, 0x70, 0x70, 0x38, 0x78, 0x0E, 0x38, 0x07, 0x38, 0x01, 0xDC, 0x00,
    0xFC, 0x00, 0x3E, 0x00, 0x1E, 0x00, 0x07, 0x00, 0x03, 0x00, 0x00, 0x80, 0x00, 0x0F, 0xE0, 0x3F,
    0xE0, 0xFF, 0xE3, 0xC1, 0xE7, 0x01, 0xCC, 0x03, 0xB8, 0x03, 0x70, 0x06, 0xE0, 0x0D, 0xC0, 0x1B,
    0x80, 0x37, 0x00, 0x6E, 0x00, 0xDC, 0x01, 0xB8, 0x03, 0x70, 0x06, 0xE0, 0x0D, 0xC0, 0x1B, 0x80,
    0x37, 0x00, 0x6E, 0x00, 0xDC, 0x01, 0xB8, 0x03, 0x70, 0x06, 0xE0, 0x0D, 0xC0, 0x19, 0x80, 0x73,
    0x80, 0xE7, 0x83, 0xC7, 0xFF, 0x07, 0xFC, 0x07, 0xF0, 0x00, 0x07, 0xC7, 0xE3, 0xF3, 0xE1, 0xE0,
    0xF0, 0x78, 0x3C, 0x1E, 0x0F, 0x07, 0x83, 0xC1, 0xE0, 0xF0, 0x78, 0x3C, 0x7E, 0x3E, 0x1F, 0x00,
    0x00, 0x0F, 0x87, 0x87, 0xC7, 0xC7, 0xC7, 0xE3, 0x83, 0xC1, 0xC1, 0xC0, 0xE0, 0xE0, 0x70, 0x70,
    0x38, 0x38, 0x1C, 0x1C, 0x0E, 0x0E, 0x07, 0x07, 0x03, 0x83, 0x81, 0xC1, 0xC0, 0xE0, 0xE0, 0x70,
    0x70, 0x38, 0x38, 0x3C, 0x1C, 0x7E, 0x7E, 0x3E, 0x3E, 0x1E, 0x1E, 0x00, 0x07, 0x9E, 0xF8, 0x7D,
    0xF7, 0xC7, 0xFF, 0xFC, 0x3C, 0xE3, 0x81, 0xC7, 0x1C, 0x0E, 0x38, 0xE0, 0x71, 0xC7, 0x03, 0x8E,
    0x38, 0x1C, 0x71, 0xC0, 0xE3, 0x8E, 0x07, 0x1C, 0x70, 0x38, 0xE3, 0x81, 0xC7, 0x1C, 0x0E, 0x38,
    0xE0, 0x71, 0xC7, 0x03, 0x8E, 0x78, 0x1C, 0xF3, 0xC7, 0xFF, 0xFC, 0x3E, 0xFB, 0xE1, 0xE7, 0x9E,
    0x00, 0x07, 0x87, 0xC7, 0xE3, 0x81, 0xC0, 0xE0, 0xF8, 0xFE, 0xFF, 0x6E, 0xF7, 0x7F, 0xE7, 0xF1,
    0xF0, 0x70, 0x38, 0x3C, 0x7E, 0x3E, 0x1E, 0x00, 0x03, 0x80, 0x0F, 0x00, 0x1F, 0x00, 0x1C, 0x00,
    0x00, 0x00, 0x00, 0x00, 0x00, 0x00, 0x00, 0x00, 0x00, 0x00, 0x01, 0xC0, 0x77, 0x81, 0xFF, 0x03,
    0xCE, 0x03, 0x80, 0x70, 0x1D, 0xE0, 0x3B, 0xC0, 0xFB, 0x80, 0xE0, 0x00, 0x00, 0x00, 0x00, 0x00,
    0x00, 0x00, 0x00, 0x00, 0x00, 0x00, 0x0E, 0x00, 0x3E, 0x00, 0x78, 0x00, 0x70, 0x00, 0x77, 0xBE,
    0xE0, 0x00, 0x00, 0x00, 0x1D, 0xFF, 0x38, 0x70, 0x1D, 0xE0, 0x3B, 0xC0, 0xFB, 0x80, 0xE0, 0x00,
    0x00, 0x00, 0x00, 0x00, 0x00, 0x00, 0x00, 0x00, 0x00, 0x01, 0xC0, 0x77, 0x81, 0xFF, 0x03, 0xCE,
    0x03, 0x80, 0x00, 0x00, 0x01, 0xF0, 0x7F, 0x1F, 0x87, 0xFC, 0xE0, 0x7C, 0xEE, 0x07, 0x83, 0x70,
    0x78, 0x19, 0xCF, 0x81, 0xCF, 0xF8, 0x7E, 0x3F, 0x03, 0xE0, 0x00, 0x00, 0x00, 0x1F, 0x02, 0x3F,
    0x87, 0x7F, 0xFF, 0x71, 0xFE, 0x60, 0xFC, 0x00, 0x00, 0x00, 0x00, 0x7F, 0xFF, 0x7F, 0xFF, 0x00,
    0x00, 0x00, 0x00, 0x1F, 0x07, 0x3F, 0xCF, 0x7B, 0xFE, 0x60, 0xFC, 0x00, 0x00, 0x7F, 0xFF, 0x7F,
    0xFF, 0x00, 0x00, 0x00, 0x00, 0x7F, 0xFF, 0x7F, 0xFF, 0x3C, 0x77, 0xEF, 0x7F, 0xEF, 0xFE, 0xE3,
    0xC0, 0x00, 0x3C, 0x77, 0xFF, 0x7F, 0xEF, 0xFE, 0xE3, 0xC0, 0x00, 0x00, 0x01, 0xF0, 0x7F, 0x1F,
    0x87, 0xFC, 0xE0, 0x7D, 0xEE, 0x07, 0x83, 0x70, 0x78, 0x1F, 0x83, 0x81, 0xCF, 0xFC, 0x7E, 0x7F,
    0xC3, 0xF1, 0xF8, 0x1E, 0x00, 0x00, 0x00, 0x00, 0x00, 0x01, 0xFF, 0xFC, 0x0F, 0xFF, 0xE0, 0x00,
    0x00, 0x03, 0xFF, 0xF8, 0x1F, 0xFF, 0xC0, 0x00, 0x00, 0x00, 0x01, 0x80, 0xE0, 0x3B, 0xFF, 0xFF,
    0xFF, 0xF0, 0xE0, 0x70, 0xFF, 0xFF, 0xFF, 0xFD, 0xC0, 0x70, 0x18, 0x00, 0xFF, 0xFF, 0xFF, 0xFC,
    0x00, 0x00, 0x00, 0x00, 0x00, 0x1F, 0xFF, 0xFF, 0xFF, 0x80, 0x00, 0x00, 0x00, 0x00, 0x03, 0xFF,
    0xFF, 0xFF, 0xF0, 0x00, 0x40, 0x01, 0xC0, 0x03, 0x87, 0xFF, 0xFF, 0xFF, 0xE0, 0x38, 0x00, 0xE0,
    0x7F, 0xFF, 0xFF, 0xFE, 0x0E, 0x00, 0x1C, 0x07, 0xFF, 0xFF, 0xFF, 0xE1, 0xC0, 0x03, 0x80, 0x02,
    0x00, 0x03, 0xCF, 0xFF, 0xFF, 0xFE, 0xF8, 0x3F, 0xEF, 0xFC, 0xFF, 0x03, 0xC0, 0x0F, 0xFF, 0xFF,
    0xFF, 0xC0, 0xF0, 0x3F, 0xCF, 0xFD, 0xFF, 0x07, 0xDF, 0xFF, 0xFF, 0xFC, 0xF0, 0x00, 0x0F, 0xFF,
    0xFF, 0xFF, 0xC0, 0x00, 0x03, 0x00, 0x0F, 0xC0, 0x3F, 0xC0, 0x7F, 0x81, 0xFE, 0x07, 0xF8, 0x03,
    0xFC, 0x00, 0x3F, 0xC0, 0x03, 0xFC, 0x00, 0x7F, 0x80, 0x07, 0xE0, 0x00, 0x60, 0x00, 0x07, 0xFF,
    0xFF, 0xFF, 0xFE, 0x00, 0x00, 0x00, 0x00, 0x7F, 0xFF, 0xFF, 0xFF, 0xE0, 0x60, 0x00, 0x7E, 0x00,
    0x3F, 0xC0, 0x03, 0xFC, 0x00, 0x3F, 0xC0, 0x07, 0xF8, 0x01, 0xFE, 0x07, 0xF8, 0x1F, 0xE0, 0x3F,
    0xC0, 0x3F, 0x00, 0x1C, 0x00, 0x00, 0x00, 0x07, 0xFF, 0xFF, 0xFF, 0xFE, 0x00, 0x00, 0x00, 0x00,
    0x7F, 0xFF, 0xFF, 0xFF, 0xE0, 0x00, 0x18, 0x30, 0x03, 0xC7, 0x80, 0x3C, 0x78, 0x03, 0xCF, 0x80,
    0x7C, 0xF0, 0x07, 0x8F, 0x00, 0xF9, 0xF0, 0x0F, 0x1E, 0x00, 0x79, 0xF0, 0x01, 0xE3, 0xC0, 0x07,
    0xCF, 0x80, 0x0F, 0x1E, 0x00, 0x3E, 0x78, 0x00, 0x78, 0xF0, 0x01, 0xE3, 0xC0, 0x03, 0x0E, 0x00,
    0x00, 0x00, 0x60, 0xC0, 0x03, 0x8F, 0x00, 0x0F, 0x3E, 0x00, 0x3C, 0x78, 0x00, 0xF9, 0xF0, 0x01,
    0xE3, 0xC0, 0x07, 0xCF, 0x00, 0x0F, 0x1E, 0x00, 0x78, 0xF0, 0x07, 0x8F, 0x00, 0xF9, 0xE0, 0x0F,
    0x1E, 0x01, 0xF3, 0xE0, 0x1E, 0x3C, 0x01, 0xE7, 0xC0, 0x0C, 0x18, 0x00, 0x00, 0x00, 0x00, 0x00,
    0xC0, 0x00, 0x61, 0x80, 0x33, 0xE0, 0x1F, 0xE0, 0x0F, 0xC0, 0x1F, 0x80, 0x3F, 0x00, 0x7F, 0x80,
    0xFC, 0xC0, 0x7E, 0x60, 0x0F, 0xF0, 0x01, 0xF8, 0x00, 0x7E, 0x00, 0x0F, 0xC0, 0x03, 0xF8, 0x01,
    0xBF, 0x00, 0xC7, 0x00, 0x60, 0x80, 0x01, 0x80, 0x30, 0xC0, 0x3E, 0x60, 0x0F, 0xF0, 0x01, 0xF8,
    0x00, 0x3F, 0x00, 0x07, 0xE0, 0x03, 0xF8, 0x01, 0xBF, 0x00, 0xCF, 0xC0, 0x7F, 0x80, 0x3F, 0x00,
    0x7E, 0x00, 0x7E, 0x00, 0xFE, 0x01, 0xFB, 0x00, 0x71, 0x80, 0x20, 0xC0, 0x00, 0x00, 0x03, 0x00,
    0x07, 0xC0, 0x1F, 0xE0, 0x3F, 0x80, 0xFF, 0x01, 0xFE, 0x03, 0xF8, 0x00, 0xFF, 0x00, 0x0F, 0xE0,
    0x01, 0xFC, 0x00, 0x3F, 0xC0, 0x03, 0xF0, 0x00, 0x78, 0x00, 0x08, 0xFC, 0x0C, 0xFF, 0x8F, 0xFB,
    0xFF, 0x70, 0x7F, 0x00, 0x00, 0x00, 0x60, 0x00, 0x7C, 0x00, 0x3F, 0xC0, 0x07, 0xF8, 0x00, 0x7F,
    0x00, 0x0F, 0xF0, 0x00, 0xFE, 0x01, 0xFE, 0x03, 0xF8, 0x07, 0xF0, 0x1F, 0xE0, 0x1F, 0x80, 0x0F,
    0x00, 0x00, 0x00, 0x00, 0xFC, 0x0C, 0xFF, 0x8F, 0xFB, 0xFF, 0x70, 0x7F, 0x00, 0x00, 0x00, 0x00,
    0x03, 0x00, 0x07, 0xC0, 0x1F, 0xE0, 0x7F, 0x81, 0xFF, 0x03, 0xFC, 0x03, 0xFC, 0x00, 0x3F, 0xC0,
    0x47, 0xFC, 0x7C, 0x7F, 0xBF, 0xC7, 0xE7, 0xFC, 0x60, 0x7F, 0x80, 0x07, 0xF8, 0x01, 0xFE, 0x07,
    0xF8, 0x1F, 0xF0, 0x3F, 0xC0, 0x3F, 0x00, 0x1C, 0x00, 0x00, 0x20, 0x00, 0x1F, 0x00, 0x07, 0xF8,
    0x00, 0x7F, 0xC0, 0x03, 0xFC, 0x00, 0x1F, 0xE0, 0x03, 0xFC, 0x07, 0xF8, 0x0F, 0xF1, 0x9F, 0xF1,
    0xE7, 0xE3, 0xFD, 0xC7, 0xF8, 0x0F, 0xF8, 0x0F, 0xF0, 0x07, 0xF8, 0x00, 0x7F, 0xC0, 0x03, 0xFC,
    0x00, 0x1F, 0xE0, 0x00, 0xFC, 0x00, 0x0E, 0x0F, 0xFF, 0x8F, 0xFF, 0xCF, 0xC0, 0x0F, 0x00, 0x07,
    0x00, 0x07, 0x00, 0x03, 0x80, 0x01, 0xC0, 0x00, 0xE0, 0x00, 0x38, 0x00, 0x1E, 0x00, 0x07, 0xC0,
    0x01, 0xFF, 0xF8, 0x7F, 0xFC, 0xFF, 0xF8, 0x7F, 0xFE, 0x00, 0x1F, 0x80, 0x01, 0xE0, 0x00, 0x70,
    0x00, 0x18, 0x00, 0x0E, 0x00, 0x07, 0x00, 0x03, 0x80, 0x03, 0x80, 0x03, 0xC0, 0x0F, 0xCF, 0xFF,
    0xC7, 0xFF, 0xC0, 0x00, 0x04, 0x00, 0x07, 0x03, 0xFF, 0xE3, 0xFF, 0xF3, 0xF3, 0xC3, 0xC1, 0xC1,
    0xC1, 0xE1, 0xC0, 0xE0, 0xE0, 0xF0, 0x70, 0x70, 0x38, 0x78, 0x0E, 0x38, 0x07, 0xBC, 0x01, 0xFC,
    0x00, 0x7F, 0xFE, 0x1F, 0xFF, 0x0E, 0x00, 0x03, 0x00, 0x00, 0x00, 0x30, 0x00, 0x3C, 0x3F, 0xFE,
    0x1F, 0xFF, 0x80, 0x0F, 0xE0, 0x0E, 0x78, 0x07, 0x1C, 0x07, 0x06, 0x03, 0x83, 0x83, 0x81, 0xC1,
    0xC0, 0xE1, 0xC0, 0xE0, 0xE0, 0xF0, 0xF3, 0xF3, 0xFF, 0xF1, 0xFF, 0xF0, 0x38, 0x00, 0x18, 0x00,
    0x00, 0x00, 0x00, 0x0F, 0xFF, 0xCF, 0xFF, 0xEF, 0x80, 0x07, 0x00, 0x07, 0x00, 0x03, 0x80, 0x01,
    0xC0, 0x00, 0x70, 0x00, 0x3E, 0x00, 0x0F, 0xFF, 0xE3, 0xFF, 0xF0, 0x00, 0x00, 0x00, 0x00, 0x00,
    0x01, 0xFF, 0xFF, 0xFF, 0xFF, 0x80, 0x00, 0x00, 0x00, 0x00, 0x7F, 0xFE, 0x3F, 0xFF, 0x80, 0x03,
    0xE0, 0x00, 0x70, 0x00, 0x18, 0x00, 0x0E, 0x00, 0x06, 0x00, 0x07, 0x00, 0x0F, 0xBF, 0xFF, 0x9F,
    0xFF, 0x80, 0x00, 0x00, 0x00, 0x00, 0x00, 0x01, 0xFF, 0xFF, 0xFF, 0xFF, 0x80, 0x00, 0x00, 0x00,
    0x00, 0x0F, 0xFF, 0xCF, 0xFF, 0xEF, 0x80, 0x07, 0x00, 0x07, 0x00, 0x03, 0x80, 0x01, 0xC0, 0x00,
    0x70, 0x00, 0x3E, 0x00, 0x0F, 0xFF, 0xE3, 0xFF, 0xF0, 0x00, 0x00, 0x06, 0x00, 0x07, 0x81, 0xFF,
    0xFF, 0xFF, 0xFF, 0x81, 0xC0, 0x00, 0x60, 0x00, 0x00, 0x00, 0x7F, 0xFE, 0x3F, 0xFF, 0x80, 0x03,
    0xE0, 0x00, 0x70, 0x00, 0x18, 0x00, 0x0E, 0x00, 0x06, 0x00, 0x07, 0x00, 0x0F, 0xBF, 0xFF, 0x9F,
    0xFF, 0x80, 0x00, 0x00, 0x06, 0x00, 0x07, 0x81, 0xFF, 0xFF, 0xFF, 0xFF, 0x81, 0xC0, 0x00, 0x60,
    0x00, 0x07, 0xF0, 0x0F, 0xFC, 0x0F, 0xFF, 0x07, 0xBB, 0xC7, 0x1C, 0xF3, 0x8E, 0x3B, 0x87, 0x1D,
    0xDF, 0xFE, 0xEF, 0xFB, 0x70, 0xE3, 0x9C, 0x71, 0xCE, 0x39, 0xE3, 0xDD, 0xE1, 0xFF, 0xE0, 0x3F,
    0xE0, 0x0F, 0xE0, 0x07, 0xF0, 0x0F, 0xFC, 0x0F, 0xFF, 0x07, 0x83, 0xC7, 0x00, 0xF3, 0x80, 0x3B,
    0x80, 0x1D, 0xDF, 0xFE, 0xEF, 0xFB, 0x70, 0x03, 0x9C, 0x01, 0xCE, 0x01, 0xE3, 0xC1, 0xE1, 0xFF,
    0xE0, 0x3F, 0xE0, 0x0F, 0xE0, 0x07, 0xF0, 0x0F, 0xFC, 0x0F, 0xFF, 0x07, 0x83, 0xC7, 0x63, 0xF3,
    0xBB, 0xBB, 0x9F, 0xDD, 0xC7, 0xC6, 0xE3, 0xE3, 0x73, 0xFB, 0x9D, 0xDD, 0xCE, 0xC7, 0xE3, 0xC1,
    0xE1, 0xFF, 0xE0, 0x7F, 0xE0, 0x0F, 0xE0, 0x07, 0xF0, 0x0F, 0xFC, 0x0F, 0xFF, 0x07, 0x83, 0xC7,
    0x03, 0xF3, 0x83, 0xBB, 0x83, 0xDD, 0xC3, 0xC6, 0xE3, 0xC3, 0x73, 0xC3, 0x9D, 0xC1, 0xCE, 0xC1,
    0xE3, 0xC1, 0xE1, 0xFF, 0xE0, 0x7F, 0xE0, 0x0F, 0xE0, 0x07, 0xF0, 0x0F, 0xFC, 0x0F, 0xFF, 0x07,
    0x83, 0xC7, 0x80, 0xF3, 0x80, 0x39, 0xC0, 0x1D, 0xC3, 0x8E, 0xE1, 0xC3, 0x70, 0xE3, 0x9C, 0x01,
    0xCE, 0x01, 0xE3, 0x81, 0xE1, 0xFF, 0xE0, 0x7F, 0xE0, 0x0F, 0xE0, 0x00, 0x00, 0x7F, 0xFF, 0xFF,
    0xFF, 0xFC, 0x00, 0x7E, 0x41, 0x3F, 0x71, 0xDF, 0xBD, 0xEF, 0xCF, 0xE7, 0xE3, 0xE3, 0xF1, 0xF1,
    0xF9, 0xFC, 0xFD, 0xEF, 0x7E, 0xE3, 0xBF, 0x20, 0x9F, 0x80, 0x0F, 0xFF, 0xFF, 0xFF, 0xFF, 0x80,
    0x00, 0x00, 0x00, 0xE0, 0x00, 0x38, 0x00, 0x0E, 0x00, 0x03, 0x80, 0x00, 0xE0, 0x00, 0x38, 0x00,
    0x0E, 0x00, 0x03, 0x80, 0x00, 0xE0, 0x00, 0x38, 0x00, 0x0E, 0x00, 0x03, 0x80, 0x00, 0xE0, 0x1F,
    0xFF, 0xF7, 0xFF, 0xFC, 0x00, 0x00, 0x00, 0x00, 0x80, 0x00, 0x60, 0x00, 0x38, 0x00, 0x1E, 0x00,
    0x0F, 0x80, 0x07, 0xE0, 0x03, 0xD8, 0x01, 0xE6, 0x00, 0xF1, 0x80, 0x78, 0x60, 0x3C, 0x18, 0x1E,
    0x06, 0x0F, 0x01, 0x83, 0x80, 0x61, 0xE0, 0x18, 0xFF, 0xFE, 0x7F, 0xFF, 0x80, 0x00, 0x03, 0x80,
    0x0F, 0xF0, 0x3F, 0xF8, 0x7F, 0xE0, 0x7F, 0xC0, 0x07, 0xFF, 0x00, 0x1F, 0xF8, 0x00, 0x7E, 0x00,
    0x01, 0x9F, 0xFF, 0xF7, 0xFF, 0xFD, 0x80, 0x00, 0x7E, 0x00, 0x1F, 0xF8, 0x00, 0xFF, 0xE0, 0x03,
    0xFE, 0x07, 0xFF, 0x0F, 0xFC, 0x07, 0xF0, 0x01, 0xE0, 0x00, 0x70, 0x00, 0x7F, 0x80, 0x1F, 0xF8,
    0x00, 0xFF, 0xC0, 0x0F, 0xF8, 0x7F, 0xE1, 0xFF, 0x81, 0xFC, 0x00, 0x60, 0x00, 0x7F, 0xFF, 0xFF,
    0xFF, 0xE0, 0x00, 0x70, 0x01, 0xF8, 0x0F, 0xFC, 0x7F, 0xF0, 0xFF, 0x80, 0x3F, 0xF0, 0x01, 0xFF,
    0x80, 0x0F, 0xE0, 0x00, 0xF0, 0x20, 0x40, 0x8E, 0x1C, 0x39, 0xC7, 0x8F, 0x38, 0x70, 0xE0, 0x3C,
    0x7E, 0xE7, 0xE7, 0x66, 0x7E, 0x1C, 0xFF, 0xFF, 0xF7, 0xFF, 0xFF, 0xBF, 0xFF, 0xFC, 0x00, 0xE0,
    0x00, 0x0E, 0x00, 0x00, 0xE0, 0x00, 0x0E, 0x00, 0x00, 0xE0, 0x00, 0x0E, 0x00, 0x00, 0xFF, 0xE0,
    0x0F, 0xFE, 0x00, 0xFF, 0xE0, 0x0E, 0x00, 0x00, 0xE0, 0x00, 0x0E, 0x00, 0x00, 0xE0, 0x00, 0x0E,
    0x00, 0x00, 0xE0, 0x00, 0x0E, 0x00, 0x7F, 0xFF, 0xF7, 0xFF, 0xFF, 0x7F, 0xFF, 0xF0, 0xFF, 0xFF,
    0xFF, 0xFF, 0xFF, 0xFF, 0xFF, 0x80, 0xF0, 0x00, 0x1E, 0x00, 0x03, 0xC0, 0x00, 0x7E, 0x00, 0x0F,
    0xE0, 0x01, 0xFF, 0x00, 0x3F, 0xF8, 0x07, 0x9F, 0x00, 0xF1, 0xC0, 0x1E, 0x18, 0x03, 0xC0, 0x00,
    0x78, 0x00, 0x0F, 0x00, 0x01, 0xE0, 0x00, 0x3C, 0x00, 0x07, 0x80, 0x00, 0x7F, 0xFF, 0xF3, 0xFF,
    0xFF, 0x9F, 0xFF, 0xFC, 0x00, 0xF0, 0x00, 0x0F, 0x00, 0x00, 0xF8, 0x00, 0x07, 0xF8, 0x00, 0x7F,
    0xE0, 0x0F, 0xFF, 0x80, 0xFB, 0xBF, 0x1F, 0x9C, 0xFC, 0xF8, 0xE1, 0xE7, 0x87, 0x07, 0x10, 0x38,
    0x10, 0x01, 0xC0, 0x00, 0x0E, 0x00, 0x00, 0x70, 0x00, 0x03, 0x80, 0x00, 0x1C, 0x00, 0xFF, 0xFF,
    0xFF, 0xFF, 0xFF, 0xFF, 0xFF, 0x83, 0x9E, 0x00, 0x73, 0xC0, 0xFF, 0xFF, 0x9F, 0xFF, 0xF3, 0xFF,
    0xFE, 0x77, 0x3D, 0xCE, 0xF7, 0xB9, 0xDE, 0xFF, 0x3B, 0xFF, 0xE7, 0xFF, 0xFC, 0xFD, 0xEF, 0x9F,
    0xBC, 0xF3, 0xE3, 0x0E, 0x78, 0x4F, 0xCE, 0x01, 0xF9, 0xC0, 0x3E, 0x00, 0x00, 0x30, 0x00, 0x03,
    0xC0, 0x00, 0x3E, 0x00, 0x03, 0xF8, 0x00, 0x3F, 0xE0, 0x07, 0xC7, 0xC0, 0xFD, 0xDF, 0x9F, 0xCE,
    0x7F, 0x7C, 0x71, 0xF1, 0x83, 0x83, 0x00, 0x1C, 0x00, 0x00, 0xE0, 0x00, 0x07, 0x00, 0x00, 0x38,
    0x00, 0x01, 0xC0, 0x00, 0x0E, 0x00, 0x00, 0x70, 0x00, 0x03, 0x80, 0x00, 0x1C, 0x00, 0x00, 0xE0,
    0x00, 0x00, 0xE0, 0x00, 0x1C, 0x00, 0x03, 0x80, 0x00, 0x70, 0x0F, 0xFF, 0xFD, 0xFF, 0xFF, 0xBF,
    0xFF, 0xF7, 0x87, 0x0E, 0xF0, 0xE1, 0xDE, 0x1C, 0x3B, 0xC3, 0x87, 0x7F, 0xFF, 0xEF, 0xFF, 0xFD,
    0xFF, 0xFF, 0x9C, 0x38, 0x70, 0x07, 0x00, 0x00, 0xE0, 0x00, 0x1C, 0x00, 0x03, 0x80, 0x00, 0x70,
    0x00, 0x00, 0xE0, 0x00, 0x1C, 0x00, 0xFF, 0xFE, 0x3F, 0xFF, 0xE7, 0xFF, 0xFC, 0xF1, 0xC7, 0x9F,
    0xFF, 0xF3, 0xFF, 0xFE, 0x7F, 0xFF, 0xC0, 0x1C, 0x01, 0xFF, 0xFF, 0x3F, 0xFF, 0xE7, 0xFF, 0xFC,
    0xE1, 0xC3, 0x9F, 0xFF, 0xF3, 0xFF, 0xFE, 0x7F, 0xFF, 0xCC, 0x1C, 0x00, 0x03, 0x80, 0x00, 0x70,
    0x00, 0x11, 0xC0, 0x07, 0x38, 0x00, 0xF7, 0x00, 0x0E, 0xE0, 0x01, 0x9C, 0x01, 0xFF, 0xFF, 0xBF,
    0xFF, 0xF7, 0xFF, 0xFE, 0x03, 0x81, 0xC0, 0x76, 0x38, 0x1F, 0xC7, 0x03, 0xFC, 0xE0, 0xF3, 0xDC,
    0x1E, 0x3B, 0x87, 0x84, 0xF1, 0xE0, 0x1E, 0x7C, 0x03, 0xDF, 0x07, 0xF1, 0xC0, 0x7E, 0x00, 0x0F,
    0x80, 0x01, 0x80, 0x00, 0x7C, 0x00, 0x07, 0xC0, 0x00, 0x78, 0x07, 0xFF, 0xFC, 0xFF, 0xFF, 0x9F,
    0xFF, 0xF0, 0x07, 0x00, 0x00, 0xE0, 0x00, 0x1C, 0x00, 0xFF, 0xFE, 0x1F, 0xFF, 0xC3, 0xFF, 0xF8,
    0x01, 0xC0, 0x00, 0x38, 0x00, 0x07, 0x00, 0xFF, 0xFF, 0xFF, 0xFF, 0xFF, 0xFF, 0xFF, 0x80, 0x00,
    0x60, 0x00, 0x07, 0x00, 0x00, 0x3C, 0x38, 0x38, 0xE3, 0xC1, 0xC7, 0x1C, 0x0F, 0x3D, 0xE0, 0x78,
    0x8F, 0x01, 0xC0, 0xF0, 0x0F, 0x07, 0x80, 0x3C, 0x78, 0x00, 0xF7, 0x80, 0x07, 0xFC, 0x00, 0x1F,
    0xC0, 0x00, 0x7C, 0x00, 0x07, 0xF0, 0x00, 0xFF, 0xE0, 0x1F, 0xDF, 0xC3, 0xF8, 0x3F, 0x9F, 0x80,
    0xFC, 0xE0, 0x00, 0xC0, 0x01, 0xC2, 0x00, 0x1C, 0x78, 0x01, 0xC7, 0xE7, 0xFF, 0xFE, 0x7F, 0xFF,
    0xE7, 0xFF, 0xF0, 0x01, 0xC7, 0x00, 0x1C, 0x70, 0x01, 0xC7, 0x0F, 0xFF, 0xFE, 0xFF, 0xFF, 0xEF,
    0xFF, 0xFE, 0x01, 0xC0, 0xE0, 0x1C, 0x0E, 0x01, 0xC1, 0xE0, 0x1D, 0xFE, 0x01, 0xDF, 0xC0, 0x1C,
    0xFC, 0x01, 0xC0, 0x00, 0x1C, 0x00, 0x7F, 0xFF, 0x8F, 0xFF, 0xF0, 0xFF, 0xFE, 0x00, 0x00, 0x00,
    0x00, 0x00, 0x00, 0x00, 0x00, 0x00, 0x00, 0x00, 0x00, 0x00, 0x00, 0x00, 0x00, 0x00, 0x00, 0x00,
    0x00, 0x00, 0x0F, 0xFF, 0xFF, 0xFF, 0xFF, 0xFF, 0xFF, 0xF8, 0x00, 0x70, 0x00, 0x07, 0x80, 0x00,
    0x3C, 0x00, 0x01, 0xE0, 0x00, 0x0F, 0x00, 0x00, 0x78, 0x00, 0x03, 0xC0, 0x00, 0x1F, 0x00, 0x00,
    0xF8, 0x00, 0x0F, 0xC0, 0x00, 0x7F, 0x00, 0x07, 0xB8, 0x00, 0x3D, 0xE0, 0x03, 0xC7, 0x80, 0x3E,
    0x3C, 0x03, 0xE0, 0xF8, 0x3E, 0x03, 0xE3, 0xE0, 0x0F, 0x9E, 0x00, 0x3C, 0x60, 0x00, 0xC0, 0x00,
    0x04, 0x00, 0x78, 0x38, 0x03, 0xC3, 0xC0, 0x1E, 0x1E, 0x00, 0xF0, 0xF0, 0x07, 0x87, 0x80, 0x3C,
    0x3C, 0x01, 0xE1, 0xE0, 0x0F, 0x0F, 0x00, 0x7C, 0x78, 0x03, 0xF7, 0xC0, 0x3F, 0xBF, 0x01, 0xFF,
    0xF8, 0x0E, 0x7F, 0xE0, 0xF3, 0xF7, 0x07, 0x87, 0x3C, 0x78, 0x79, 0xF3, 0xC7, 0x87, 0xBC, 0x3C,
    0x1C, 0x60, 0xC0, 0x40, 0x06, 0x0E, 0x00, 0x78, 0x70, 0x03, 0xBB, 0x80, 0x3D, 0xDC, 0xC1, 0xCE,
    0xFF, 0x1E, 0x77, 0xF9, 0xF3, 0xFF, 0xDF, 0xBF, 0xEE, 0xFF, 0xFE, 0x73, 0xFF, 0x73, 0x9F, 0xFB,
    0x9C, 0x39, 0xDF, 0xE1, 0xCE, 0xFE, 0x0E, 0x77, 0xF0, 0x73, 0xB8, 0x83, 0x9C, 0x07, 0x1C, 0xE0,
    0x70, 0xE7, 0xFF, 0x87, 0x1F, 0xFC, 0x38, 0x3F, 0x80, 0x02, 0x18, 0x80, 0x38, 0xEE, 0x01, 0xC7,
    0x78, 0x1E, 0x39, 0xE1, 0xE1, 0xC7, 0x0F, 0x0E, 0x00, 0xF8, 0x7F, 0xCF, 0xFF, 0xFE, 0xFF, 0xFF,
    0xF7, 0xFF, 0xE0, 0x1F, 0x87, 0x80, 0x3C, 0x1C, 0x01, 0xE0, 0xE0, 0x0F, 0x07, 0x00, 0x78, 0x3C,
    0xC3, 0xC1, 0xE7, 0x1E, 0x07, 0xF0, 0xF0, 0x3F, 0x87, 0x80, 0xFC, 0x3C, 0x03, 0xC0, 0x00, 0x00,
    0x00, 0x38, 0x03, 0x83, 0x98, 0x38, 0x3B, 0xC3, 0x83, 0x9E, 0x38, 0x39, 0xE3, 0x83, 0x8F, 0x38,
    0x38, 0x77, 0x83, 0x84, 0x78, 0x38, 0x07, 0x03, 0x80, 0x70, 0x39, 0x8F, 0x03, 0xF8, 0xE0, 0x3F,
    0xDF, 0x07, 0xF3, 0xF8, 0xFE, 0x7F, 0xCF, 0x8F, 0xBE, 0x63, 0xF1, 0xF0, 0x1E, 0x0E, 0x00, 0x80,
    0x40, 0x0E, 0x0E, 0x00, 0x7F, 0x70, 0x03, 0xBB, 0x80, 0x3D, 0xDC, 0x01, 0xDF, 0xFE, 0x1E, 0xFF,
    0xF1, 0xF7, 0xFF, 0x9F, 0xF9, 0xC0, 0xFF, 0x8E, 0x03, 0xE4, 0x70, 0x1F, 0xFF, 0xFC, 0x3F, 0xFF,
    0xE1, 0xFF, 0xFF, 0x0E, 0x07, 0x00, 0x70, 0x38, 0x03, 0x81, 0xC0, 0x1C, 0x0E, 0x00, 0xE0, 0x70,
    0x07, 0x03, 0x80, 0x38, 0x1C, 0x00, 0x06, 0x1C, 0x00, 0x78, 0xE0, 0x03, 0xFF, 0xF8, 0x3F, 0xFF,
    0xC1, 0xDF, 0xFE, 0x1E, 0x1C, 0x01, 0xFF, 0xFF, 0xDF, 0xFF, 0xFE, 0xFF, 0xFF, 0xF3, 0xE3, 0x80,
    0x1F, 0x3F, 0xF0, 0x39, 0xFF, 0xE1, 0xCF, 0xFE, 0x0E, 0x01, 0xE0, 0x70, 0xDE, 0x03, 0x8F, 0xE0,
    0x1C, 0x3F, 0x00, 0xE0, 0xFC, 0x07, 0x01, 0xE0, 0x38, 0x06, 0x00, 0x00, 0x00, 0x00, 0x71, 0xE0,
    0x0F, 0x1E, 0x00, 0xE0, 0xE0, 0x1F, 0xFF, 0xE1, 0xDF, 0xFF, 0x3D, 0xFF, 0xF7, 0xC2, 0x08, 0x7C,
    0xF1, 0xEF, 0xC7, 0x1C, 0x7C, 0x71, 0xC7, 0xC7, 0x1C, 0x1C, 0x71, 0xC1, 0xC7, 0x1C, 0x1C, 0x7B,
    0x81, 0xC7, 0xB8, 0x1C, 0x3B, 0x81, 0xDF, 0xFF, 0x1F, 0xFF, 0xF1, 0xFF, 0xFF, 0x1C, 0x00, 0x00,
    0x06, 0x1C, 0x00, 0x78, 0xF0, 0x03, 0x83, 0x80, 0x3C, 0x1C, 0x01, 0xDF, 0xFF, 0x1E, 0xFF, 0xF9,
    0xF7, 0xFF, 0xDF, 0x81, 0xC0, 0xFC, 0x0E, 0x03, 0xE0, 0x70, 0x17, 0x3F, 0xFC, 0x39, 0xFF, 0xE1,
    0xCF, 0xFF, 0x0E, 0x07, 0x00, 0x70, 0x38, 0x03, 0x81, 0xC0, 0x1C, 0x0E, 0x00, 0xFF, 0xFF, 0xC7,
    0xFF, 0xFE, 0x3B, 0xFF, 0xE0, 0x0E, 0x1E, 0x00, 0x70, 0xF0, 0x07, 0x87, 0x80, 0x38, 0x3C, 0x03,
    0xFF, 0xFF, 0x1F, 0xFF, 0xF9, 0xFF, 0xFF, 0xDF, 0x87, 0xE0, 0xFC, 0x7F, 0x83, 0xE3, 0xFC, 0x1F,
    0x3F, 0xF0, 0x39, 0xFF, 0x81, 0xDD, 0xEE, 0x0F, 0xEF, 0x78, 0x7F, 0xFF, 0xE3, 0xFF, 0xFE, 0x1D,
    0x7F, 0xA0, 0xE0, 0xF0, 0x07, 0x07, 0x80, 0x38, 0x3C, 0x00, 0x07, 0x0E, 0x00, 0x78, 0x70, 0x03,
    0xFF, 0xFE, 0x3F, 0xFF, 0xF1, 0xDF, 0xFF, 0x1E, 0x07, 0x01, 0xF7, 0xFF, 0xDF, 0xBF, 0xFE, 0xFD,
    0xCE, 0x73, 0xEE, 0x73, 0x97, 0x7F, 0xFC, 0x3B, 0xFF, 0xE1, 0xDD, 0xE0, 0x0E, 0xFF, 0x00, 0x73,
    0xF0, 0x03, 0x8F, 0x80, 0x1C, 0xFF, 0x80, 0xFF, 0xFF, 0xC7, 0xF9, 0xFC, 0x3B, 0x01, 0xE0, 0x0E,
    0x71, 0xC0, 0x73, 0x9E, 0x07, 0x9C, 0xF0, 0x3C, 0xE7, 0x83, 0xDF, 0xFF, 0x1E, 0xFF, 0xF9, 0xF7,
    0xFF, 0xDF, 0x8E, 0x78, 0xFC, 0x73, 0xC3, 0xE3, 0x9E, 0x17, 0x1C, 0xF0, 0x3F, 0xFF, 0xF1, 0xFF,
    0xFF, 0x8F, 0xFF, 0xF8, 0x71, 0xC6, 0x03, 0x8E, 0x78, 0x1C, 0xF1, 0xE0, 0xFF, 0x07, 0x87, 0xF0,
    0x1C, 0x3B, 0x00, 0xC0, 0x1C, 0x00, 0x71, 0xFF, 0xC7, 0x3F, 0xFF, 0xF3, 0xF1, 0xFF, 0x3F, 0xFF,
    0xF7, 0xFF, 0xFF, 0x7F, 0xFF, 0xFF, 0xFF, 0xFF, 0xFF, 0xFF, 0xF7, 0xFF, 0xFF, 0x7F, 0xFF, 0xF3,
    0xFF, 0xFF, 0x3F, 0xFF, 0xF3, 0xFF, 0xFF, 0x3F, 0xFF, 0xF3, 0xBF, 0x17, 0x39, 0xF8, 0x73, 0xBB,
    0x87, 0x3F, 0x9D, 0xF3, 0xF0, 0xDE, 0x00, 0x00, 0x00, 0x06, 0x00, 0x00, 0x7F, 0xFF, 0x03, 0xBF,
    0xF8, 0x3D, 0xFF, 0xC1, 0xCE, 0x0E, 0x1E, 0x70, 0x71, 0xF3, 0xFF, 0x9F, 0x9F, 0xFC, 0xFC, 0xFF,
    0xE3, 0xE0, 0x70, 0x17, 0xFF, 0xFC, 0x3F, 0xFF, 0xE1, 0xDF, 0xFF, 0x0E, 0x3F, 0xC0, 0x71, 0xFF,
    0x03, 0xBF, 0xFC, 0x1F, 0xEE, 0xF8, 0xFE, 0x73, 0xC7, 0x63, 0x8C, 0x38, 0x1C, 0x00, 0x0E, 0x1C,
    0x00, 0xF1, 0xE0, 0x07, 0x0F, 0xFC, 0x38, 0xFF, 0xC3, 0xCF, 0x9E, 0x1C, 0xFF, 0xE1, 0xEF, 0x7E,
    0x1F, 0x73, 0xF8, 0xFB, 0xFF, 0xFB, 0xDF, 0xDF, 0x9E, 0xFB, 0xDC, 0x77, 0x7D, 0x03, 0xBB, 0xDC,
    0x1D, 0xDB, 0xE0, 0xEE, 0xFD, 0xC7, 0x77, 0xBE, 0x3B, 0x17, 0xE1, 0xC3, 0xFE, 0x0E, 0x1F, 0xC0,
    0x70, 0xF0, 0x00, 0x1C, 0x00, 0x01, 0xC0, 0x07, 0x1F, 0xFF, 0xF3, 0xFF, 0xFF, 0x39, 0xDB, 0xF3,
    0x9F, 0xBF, 0x7B, 0xFF, 0xFF, 0xFF, 0xFF, 0xFB, 0xEF, 0xF7, 0x8E, 0xBF, 0x78, 0xE3, 0xF3, 0xFF,
    0xFF, 0x3F, 0xFF, 0xF3, 0x8E, 0x3F, 0x38, 0xE3, 0xF3, 0x8F, 0xC7, 0x3F, 0xFC, 0x73, 0xFF, 0xC7,
    0x3F, 0x83, 0xF3, 0x80, 0x3E, 0x10, 0x00, 0x00, 0x0E, 0x0E, 0x00, 0x70, 0x70, 0x03, 0xFF, 0xFC,
    0x3F, 0xFF, 0xE1, 0xC1, 0xE0, 0x1E, 0x0E, 0x01, 0xF7, 0xFF, 0x8F, 0xBF, 0xFC, 0xFD, 0xC0, 0xE3,
    0xEF, 0xFF, 0x1F, 0x7F, 0xF8, 0x7B, 0xFF, 0xC3, 0xDF, 0xFE, 0x1E, 0xE0, 0x70, 0xF7, 0xFF, 0x87,
    0xBF, 0xFC, 0x3D, 0xC0, 0xE1, 0xFF, 0xFF, 0xCF, 0xFF, 0xFE, 0x30, 0x00, 0x00, 0x1C, 0x00, 0x00,
    0xE1, 0xFF, 0xC7, 0xEF, 0xFE, 0x7F, 0x0F, 0x03, 0xB8, 0x70, 0x3D, 0xCF, 0xF9, 0xEF, 0xFF, 0xDF,
    0x7F, 0xFE, 0xFB, 0x9F, 0x77, 0xDC, 0xFB, 0x9E, 0xE7, 0xDC, 0x77, 0x3E, 0xE3, 0xBF, 0xF7, 0x1D,
    0xFF, 0xB8, 0xFF, 0xFD, 0xC7, 0x70, 0xF8, 0x3A, 0x0F, 0xE1, 0xC0, 0xF7, 0x8E, 0x0F, 0x1C, 0x70,
    0x70, 0x60, 0x0E, 0x70, 0x00, 0xE7, 0x00, 0x0E, 0x70, 0x01, 0xFF, 0xFC, 0x1F, 0xFF, 0xC3, 0xFF,
    0xFC, 0x38, 0x70, 0x03, 0x87, 0x00, 0x10, 0x70, 0x07, 0xFF, 0xFF, 0x7F, 0xFF, 0xF7, 0xFF, 0xFF,
    0x07, 0x9E, 0x00, 0x79, 0xE0, 0x07, 0x1E, 0x60, 0xF1, 0xE7, 0x1E, 0x1E, 0x77, 0xE1, 0xFF, 0x7C,
    0x0F, 0xF3, 0x00, 0x7C, 0x00, 0x70, 0x00, 0xC3, 0x8F, 0x0F, 0x1C, 0x78, 0x38, 0xE3, 0x81, 0xE7,
    0x3C, 0x07, 0x39, 0xC0, 0x39, 0xCE, 0x00, 0x0E, 0x00, 0x7F, 0xFF, 0xF3, 0xFF, 0xFF, 0x9F, 0xFF,
    0xFC, 0x07, 0x3C, 0x00, 0x79, 0xE0, 0x03, 0xCF, 0x00, 0x1C, 0x78, 0x81, 0xE3, 0xCE, 0x1F, 0x1E,
    0x73, 0xF0, 0xFF, 0xBF, 0x03, 0xFC, 0xE0, 0x1F, 0xC0, 0x00, 0x00, 0x00, 0x03, 0x00, 0x00, 0x1C,
    0x00, 0x00, 0xF0, 0x00, 0x03, 0xC0, 0x00, 0x0F, 0x00, 0x00, 0x78, 0x00, 0x03, 0xE0, 0x00, 0x1F,
    0x80, 0x00, 0xFC, 0x00, 0x0F, 0xF0, 0x00, 0x7B, 0x80, 0x07, 0x9E, 0x00, 0x3C, 0x78, 0x03, 0xC3,
    0xE0, 0x3C, 0x0F, 0x03, 0xE0, 0x3E, 0x7E, 0x01, 0xFB, 0xE0, 0x07, 0x8E, 0x00, 0x0C, 0x00, 0x00,
    0x00, 0x07, 0x0F, 0x00, 0x70, 0xF0, 0x07, 0x0F, 0x00, 0x70, 0xF0, 0x7F, 0xFF, 0xF7, 0xFF, 0xFF,
    0x7F, 0xFF, 0xF0, 0x70, 0xF0, 0x07, 0x0F, 0x00, 0x70, 0xF0, 0x7F, 0xFF, 0xF7, 0xFF, 0xFF, 0x7F,
    0xFF, 0xF0, 0x00, 0x00, 0x07, 0x8F, 0x00, 0xF8, 0xF8, 0x1F, 0x07, 0xC7, 0xE0, 0x3E, 0x7C, 0x01,
    0xF3, 0x00, 0x0E, 0x06, 0x03, 0x00, 0x78, 0x3C, 0x01, 0xC1, 0xE0, 0x0F, 0x1E, 0x03, 0xFF, 0xFE,
    0x1F, 0xFF, 0xF0, 0xFF, 0xFF, 0x80, 0x0E, 0x00, 0x00, 0x70, 0x00, 0x03, 0x80, 0x1F, 0xFF, 0xFC,
    0xFF, 0xFF, 0xE7, 0xFF, 0xFF, 0x00, 0x7E, 0x00, 0x07, 0xF8, 0x00, 0xFF, 0xE0, 0x1F, 0xCF, 0xE3,
    0xF8, 0x3F, 0x9F, 0x80, 0x7C, 0x70, 0x00, 0xC0, 0x00, 0xE0, 0x00, 0x1C, 0x00, 0x03, 0x80, 0x3F,
    0xFF, 0xEF, 0xFF, 0xFD, 0xFF, 0xFF, 0xBC, 0x38, 0x77, 0x87, 0x0E, 0xF1, 0xE1, 0xDE, 0x3E, 0x3B,
    0xC7, 0xE7, 0x79, 0xFE, 0xEF, 0x79, 0xFD, 0xFE, 0x3F, 0xBF, 0x83, 0xF7, 0xE0, 0x2E, 0xF0, 0x01,
    0xDE, 0x01, 0xFB, 0xC0, 0x3F, 0x78, 0x07, 0xC0, 0x00, 0x00, 0x7F, 0xFF, 0xF3, 0xFF, 0xFF, 0x9F,
    0xFF, 0xF8, 0x00, 0xE0, 0x01, 0xFF, 0xFC, 0x0F, 0xFF, 0xE0, 0x7F, 0xFF, 0x03, 0x8E, 0x38, 0x1F,
    0xFF, 0xC0, 0xFF, 0xFE, 0x07, 0x1C, 0x70, 0xFF, 0xFF, 0xEF, 0xFF, 0xFF, 0xFF, 0xFF, 0xFC, 0x70,
    0x07, 0x03, 0x80, 0x38, 0x1C, 0x0F, 0xC0, 0xE0, 0x7E, 0x07, 0x03, 0xE0, 0xFF, 0xFF, 0xFF, 0xFF,
    0xFF, 0xFF, 0xFF, 0xF7, 0x80, 0xFE, 0xFF, 0xFE, 0x1F, 0xFE, 0x03, 0xFF, 0xC0, 0x70, 0x00, 0x1F,
    0xFF, 0x03, 0xFF, 0xF0, 0x7F, 0xFE, 0x00, 0x01, 0xCF, 0xFF, 0xF9, 0xFF, 0xFF, 0x1F, 0xFD, 0xC0,
    0x00, 0x38, 0x00, 0xFF, 0x00, 0x1F, 0xE0, 0x01, 0xF8, 0x00, 0x00, 0x00, 0x00, 0x1C, 0x03, 0x80,
    0xE0, 0x3C, 0xFF, 0xF8, 0xF7, 0xFF, 0xC3, 0x83, 0x80, 0x1F, 0xFF, 0xF0, 0x7F, 0xFF, 0x82, 0x0E,
    0x00, 0x07, 0xFF, 0xF0, 0x3F, 0xFF, 0x80, 0xF8, 0xF0, 0x3F, 0xFF, 0xE3, 0xFF, 0xFF, 0x1F, 0x8E,
    0x30, 0xE7, 0xFF, 0x0F, 0x3F, 0xF8, 0x78, 0x7F, 0x87, 0x8F, 0xFF, 0x1C, 0xF8, 0xFC, 0x07, 0x00,
    0xC0, 0x06, 0x00, 0xC0, 0x7F, 0xFF, 0x07, 0xFF, 0xF8, 0x3B, 0xFE, 0x03, 0xC1, 0xE0, 0x7F, 0xFF,
    0xFB, 0xFF, 0xFF, 0xCF, 0x81, 0xC0, 0x1C, 0x0E, 0x00, 0xEF, 0xFF, 0x87, 0x7F, 0xFC, 0x3F, 0xFC,
    0x00, 0x7F, 0xF0, 0x03, 0xFF, 0x80, 0x3C, 0x1C, 0x01, 0xE0, 0xE6, 0x3E, 0x07, 0x3B, 0xE0, 0x3F,
    0x9E, 0x01, 0xFC, 0x40, 0x03, 0xC0, 0x00, 0xE0, 0x00, 0x38, 0x07, 0x8E, 0x39, 0xE3, 0x8E, 0x78,
    0xE3, 0x9E, 0x38, 0xE7, 0x8E, 0x39, 0xFF, 0xFE, 0x7F, 0xFF, 0x8F, 0xFF, 0xE7, 0x0E, 0x1F, 0xC3,
    0x87, 0xF0, 0xE1, 0xFC, 0x38, 0x7F, 0x0E, 0x1F, 0xC3, 0x87, 0xFF, 0xFF, 0xFF, 0xFF, 0xF7, 0xFF,
    0xFC, 0x00, 0x07, 0x03, 0x06, 0x00, 0x1C, 0x70, 0x01, 0xE3, 0xC0, 0x1E, 0x0F, 0x00, 0xF0, 0x78,
    0x0F, 0x01, 0xE0, 0xF8, 0x07, 0x8F, 0x80, 0x3E, 0x7F, 0xFF, 0xF1, 0xFF, 0xFF, 0x03, 0xFF, 0xE0,
    0x03, 0x87, 0x00, 0x1C, 0x38, 0x01, 0xE1, 0xC0, 0x1E, 0x0E, 0x01, 0xF0, 0x70, 0x1F, 0x07, 0x83,
    0xF1, 0xFC, 0x0F, 0x0F, 0xC0, 0x60, 0x3C, 0x00, 0x00, 0x00, 0x01, 0xCF, 0xFF, 0x1C, 0xFF, 0xF1,
    0xCF, 0xFF, 0x1C, 0x1C, 0x71, 0xF9, 0xC7, 0xFF, 0x9C, 0x7F, 0xF9, 0xC7, 0xFC, 0x1C, 0x71, 0xC1,
    0xC7, 0x1C, 0x1C, 0x71, 0xCB, 0xC7, 0x1F, 0xB8, 0xF3, 0xFB, 0x8F, 0x3F, 0xF8, 0xF3, 0xCF, 0x0F,
    0x30, 0xF0, 0xE0, 0x3E, 0x7E, 0x01, 0xC7, 0xE0, 0x18, 0x78, 0x03, 0x00, 0x70, 0x78, 0x0F, 0x07,
    0x86, 0xF0, 0xFC, 0xFF, 0x1F, 0xEF, 0xF3, 0xCF, 0xFF, 0x78, 0x7F, 0xFF, 0xFF, 0xFF, 0x7F, 0xFF,
    0xF3, 0xFE, 0xFF, 0x3C, 0xEF, 0xF3, 0xCE, 0xFF, 0x3C, 0xEF, 0xF3, 0xFE, 0xFF, 0x3F, 0xC6, 0xF3,
    0xC3, 0x8F, 0x3C, 0x38, 0xF1, 0xFF, 0x7F, 0x1F, 0xF7, 0xE0, 0x00, 0x7E, 0x3E, 0xF8, 0x73, 0xEF,
    0x87, 0x3E, 0xFB, 0xF3, 0x6D, 0xBF, 0x36, 0xDB, 0xF3, 0x6D, 0xBF, 0x36, 0xDB, 0xF3, 0x6D, 0xBF,
    0xFF, 0xFF, 0xFF, 0xFF, 0xFF, 0x7F, 0xFF, 0xF3, 0x7D, 0xBF, 0x77, 0xDB, 0xF7, 0x7D, 0xBF, 0x77,
    0xDB, 0xF7, 0x7D, 0x87, 0x77, 0xD8, 0x77, 0xFF, 0x9F, 0xFF, 0xF9, 0xF7, 0xFF, 0x9E, 0x00, 0x00,
    0x00, 0x00, 0x00, 0xFF, 0xFE, 0x1F, 0xFF, 0xFB, 0xFF, 0xF7, 0x73, 0xB8, 0xEE, 0xF3, 0x9D, 0xDF,
    0xFB, 0xBB, 0xFF, 0x77, 0x7F, 0xEE, 0xE1, 0xC1, 0xDC, 0x38, 0x3B, 0xFF, 0xF7, 0x7F, 0xFE, 0xEE,
    0xFF, 0x9D, 0xC3, 0x83, 0xB8, 0x7F, 0x07, 0xFF, 0xE0, 0xFF, 0xF8, 0xFF, 0xE0, 0x1F, 0x00, 0x01,
    0x80, 0x37, 0x00, 0x73, 0xF0, 0x07, 0x7F, 0x07, 0x77, 0xFF, 0x77, 0x7F, 0xF7, 0x7F, 0xFF, 0x77,
    0xFF, 0xF7, 0x7F, 0xFF, 0xF7, 0xFF, 0xFF, 0x70, 0x70, 0x77, 0x3F, 0xF7, 0x77, 0xFF, 0x77, 0x7F,
    0xF7, 0x77, 0x77, 0x77, 0x77, 0x70, 0x77, 0x77, 0x07, 0x77, 0xF0, 0x77, 0x7F, 0x3F, 0x77, 0x03,
    0xF0, 0x70, 0x3E, 0x00, 0x00, 0x77, 0xFF, 0x07, 0x7F, 0xF7, 0x77, 0xFF, 0x77, 0x70, 0x77, 0x77,
    0xFF, 0x77, 0x7F, 0xF7, 0x77, 0xFF, 0x77, 0x73, 0x87, 0x77, 0xFF, 0x77, 0x7F, 0xF7, 0x77, 0xFB,
    0x77, 0x7F, 0xB7, 0x77, 0xFB, 0x77, 0x7F, 0xB7, 0x77, 0xFB, 0x07, 0x7F, 0xF0, 0x7E, 0xFF, 0x3F,
    0xE3, 0x83, 0xF2, 0x38, 0x3E, 0x0E, 0x03, 0x80, 0xF0, 0x78, 0x07, 0x07, 0x07, 0xFF, 0xFF, 0x7F,
    0xFF, 0xF7, 0xFF, 0xFF, 0x00, 0x00, 0xE3, 0xFE, 0xEE, 0x3F, 0xEE, 0xE3, 0x9E, 0xEE, 0x3F, 0xEE,
    0xE3, 0xFE, 0xEE, 0x38, 0xEE, 0xE3, 0x8E, 0xEE, 0x3F, 0xEE, 0xE3, 0xFE, 0xEE, 0x38, 0xEC, 0xE3,
    0x9E, 0x7E, 0x3B, 0xE7, 0xE3, 0xBC, 0x3C, 0x00, 0x00, 0x00, 0x07, 0x07, 0x00, 0x70, 0x70, 0x7F,
    0xFF, 0xF7, 0xFF, 0xFF, 0x3F, 0xC0, 0xC3, 0xFF, 0xDC, 0x38, 0xFD, 0xC3, 0xFF, 0xDC, 0x3F, 0xFD,
    0xC3, 0xFF, 0xDC, 0x3F, 0xED, 0xC3, 0xBC, 0x3C, 0x39, 0x83, 0x87, 0xFF, 0xFE, 0x7F, 0xFF, 0xE0,
    0x1C, 0x1E, 0x03, 0xC1, 0xC1, 0xF8, 0x1C, 0x7F, 0x1F, 0xC7, 0xE0, 0xF8, 0x00, 0x00, 0x00, 0x00,
    0x0E, 0x00, 0x00, 0xE0, 0x7F, 0x8E, 0x0F, 0xF8, 0xE0, 0xFF, 0xFF, 0xF1, 0xC7, 0xFF, 0x1C, 0x7F,
    0xF1, 0xC1, 0xE7, 0x1C, 0x1E, 0x71, 0xC1, 0xC7, 0x1C, 0x1C, 0x71, 0xC9, 0xC7, 0x1F, 0xBC, 0x7F,
    0xFF, 0x8F, 0xFF, 0xF8, 0xF7, 0xC7, 0x8E, 0x40, 0xF0, 0xE0, 0x3E, 0x7E, 0x01, 0xC7, 0xE0, 0x08,
    0x78, 0x1C, 0x00, 0x01, 0xC0, 0x00, 0x1C, 0x1F, 0xE1, 0xC1, 0xFF, 0x7F, 0xFF, 0xF7, 0xFF, 0xCF,
    0x7F, 0xFC, 0xF1, 0xCF, 0xCF, 0x1C, 0xFC, 0xF1, 0xCF, 0xCF, 0x1C, 0xFC, 0xF1, 0xDF, 0xCF, 0x3D,
    0xFC, 0xF3, 0x9F, 0xCF, 0x39, 0xFC, 0xF3, 0x9D, 0xFF, 0x79, 0xDF, 0xFF, 0xFD, 0xFF, 0xF7, 0xDC,
    0xF6, 0x71, 0xC6, 0x01, 0xC0, 0x00, 0x1E, 0x00, 0x01, 0xFF, 0xF8, 0x1F, 0xFF, 0xC3, 0xF0, 0x7C,
    0x1F, 0xEF, 0xC0, 0xCF, 0xF8, 0x01, 0xFF, 0xFC, 0x7F, 0xFF, 0xF3, 0xFE, 0x7F, 0x8C, 0x3C, 0x00,
    0x3F, 0xFF, 0x83, 0xFF, 0xFE, 0x1F, 0xFF, 0xF0, 0x07, 0x07, 0x80, 0x78, 0x38, 0x0F, 0x81, 0xC1,
    0xF8, 0x1E, 0x1F, 0x8F, 0xF0, 0x70, 0x7F, 0x00, 0x00, 0x00, 0x00, 0x00, 0x07, 0x03, 0xFC, 0xF0,
    0x7F, 0xCF, 0x07, 0xFC, 0xF0, 0x00, 0x3F, 0xF0, 0x03, 0xFF, 0x7F, 0xFF, 0xF7, 0xFE, 0xF7, 0x7F,
    0xEE, 0x71, 0xC0, 0xE7, 0x1D, 0x8E, 0x71, 0xDC, 0xE7, 0x39, 0xCE, 0x73, 0xBF, 0xE7, 0x7F, 0xFC,
    0x77, 0xFF, 0xCF, 0x7C, 0x7C, 0xF2, 0x07, 0xFE, 0x00, 0x73, 0xE0, 0x03, 0x38, 0xFF, 0xFF, 0xFF,
    0xFF, 0xFF, 0xFF, 0xFF, 0xF9, 0xCE, 0x0F, 0x39, 0xC1, 0xE7, 0x38, 0x3C, 0xE7, 0x07, 0x9C, 0xE0,
    0xF7, 0x9C, 0xDE, 0xE3, 0x9F, 0xFC, 0x73, 0xFF, 0x0F, 0xFF, 0xE0, 0xFD, 0xF8, 0x0F, 0x3C, 0x00,
    0x07, 0xFF, 0xFF, 0xFF, 0xFF, 0xFF, 0xFF, 0xFC, 0x01, 0xC0, 0x00, 0xF0, 0x00, 0x3C, 0x00, 0x0F,
    0xFF, 0x03, 0xFF, 0xC0, 0xFF, 0xF0, 0x3C, 0x00, 0x0F, 0x00, 0x03, 0xC0, 0x1F, 0xFF, 0xCF, 0xFF,
    0xF3, 0xFF, 0xFC, 0xF0, 0x07, 0x3C, 0x01, 0xCF, 0x00, 0x73, 0xC0, 0x1C, 0xFF, 0xFF, 0x3F, 0xFF,
    0xCF, 0xFF, 0xF3, 0xC0, 0x1C, 0x00, 0xF0, 0x00, 0x0F, 0x00, 0x00, 0xFF, 0xC0, 0x0F, 0xFC, 0x00,
    0xFF, 0xC0, 0x0F, 0x00, 0x00, 0xF0, 0x07, 0xFF, 0xFF, 0x7F, 0xFF, 0xF7, 0xFF, 0xFF, 0x00, 0xF0,
    0x00, 0x0F, 0x80, 0x00, 0xFE, 0x00, 0x0F, 0xFC, 0x00, 0xFF, 0xE0, 0x0F, 0x3E, 0x00, 0xF0, 0xC0,
    0x0F, 0x00, 0x00, 0xF0, 0x00, 0x0F, 0x00, 0x3F, 0xFF, 0xF3, 0xFF, 0xFF, 0x3F, 0xFF, 0xF3, 0x83,
    0x80, 0x3B, 0xFF, 0xE3, 0xBF, 0xFE, 0x3B, 0x81, 0xE3, 0xBF, 0xFE, 0x3B, 0xFF, 0xE3, 0xB8, 0x1E,
    0x3B, 0xFF, 0xE3, 0xBF, 0xFE, 0x79, 0x1C, 0x87, 0xBD, 0xFC, 0x73, 0xDD, 0xC7, 0x79, 0xDE, 0xFF,
    0x7C, 0xFE, 0xEF, 0xC7, 0x20, 0x78, 0x00, 0x7F, 0xE0, 0x03, 0xFF, 0xFF, 0x9F, 0xFF, 0xFC, 0x77,
    0xFF, 0xE3, 0xFD, 0xC7, 0x1F, 0xEE, 0x70, 0xEF, 0x33, 0x87, 0x79, 0xDC, 0x3B, 0xCE, 0xE1, 0xFE,
    0x7E, 0x0F, 0xF1, 0xF0, 0x77, 0x8F, 0x83, 0xBE, 0x78, 0x3F, 0xF3, 0xC3, 0xFF, 0xBF, 0x0F, 0xFB,
    0xFC, 0x43, 0xFE, 0xF0, 0x1F, 0xE3, 0x80, 0xF6, 0x08, 0xFF, 0xFF, 0xFF, 0xFF, 0xFF, 0xFF, 0xFC,
    0x00, 0x7E, 0x00, 0x3F, 0x00, 0x1F, 0x80, 0x0F, 0xC0, 0x07, 0xE0, 0x03, 0xF0, 0x01, 0xF8, 0x00,
    0xFC, 0x00, 0x7E, 0x00, 0x3F, 0xFF, 0xFF, 0xFF, 0xFF, 0xFF, 0xFF, 0xE0, 0x03, 0xF0, 0x01, 0xC0,
    0x7F, 0xFF, 0xF7, 0xFF, 0xFF, 0x7F, 0xFF, 0xF0, 0x00, 0x3C, 0x00, 0x03, 0xC1, 0xFF, 0x3C, 0x1F,
    0xF3, 0xC1, 0xFF, 0x3C, 0x1C, 0x73, 0xC1, 0xC7, 0x3C, 0x1C, 0x73, 0xC1, 0xFF, 0x3C, 0x1F, 0xF3,
    0xC1, 0xFF, 0x3C, 0x1C, 0x03, 0xC1, 0x80, 0x3C, 0x00, 0x3F, 0xC0, 0x03, 0xFC, 0x00, 0x1F, 0x80,
    0x01, 0xE0, 0x00, 0x1E, 0x00, 0x01, 0xC0, 0x07, 0xFF, 0xFF, 0x7F, 0xFF, 0xF7, 0xFF, 0xFF, 0x03,
    0x80, 0x00, 0x78, 0x00, 0x0F, 0x00, 0x00, 0xFF, 0xFC, 0x1F, 0xFF, 0xE3, 0xFF, 0xFE, 0x7F, 0x01,
    0xEF, 0xF0, 0x1E, 0x77, 0x01, 0xE2, 0x70, 0x1E, 0x07, 0xFF, 0xE0, 0x7F, 0xFE, 0x07, 0xFF, 0xE0,
    0x70, 0x1E, 0x1F, 0xFF, 0x07, 0xFF, 0xF0, 0xFF, 0xFE, 0x1C, 0x03, 0xC3, 0x80, 0x78, 0x7F, 0xFF,
    0x0F, 0xFF, 0xE0, 0xFF, 0xF8, 0xFF, 0xFF, 0xFF, 0xFF, 0xFF, 0xFF, 0xFF, 0x8F, 0x00, 0x01, 0xFF,
    0xF0, 0x3F, 0xFF, 0x0F, 0xFF, 0xC0, 0x00, 0x38, 0x00, 0x07, 0x00, 0x1F, 0xE0, 0x03, 0xF8, 0x00,
    0x7F, 0x00, 0x00, 0x00, 0xFF, 0xFF, 0xFF, 0xFF, 0xFF, 0xFF, 0xFF, 0xF0, 0x00, 0xFE, 0xFF, 0xFF,
    0xDF, 0xFF, 0xF8, 0x00, 0x7F, 0x00, 0x0F, 0xE7, 0xFD, 0xFC, 0xFF, 0xBF, 0x9C, 0x77, 0xF3, 0x8E,
    0xFE, 0x71, 0xDF, 0xCF, 0xFB, 0xF9, 0xFF, 0x7F, 0x38, 0x0F, 0xE7, 0x07, 0xFC, 0x00, 0xFB, 0x80,
    0x1F, 0x00, 0x00, 0x00, 0x01, 0xE0, 0x00, 0xF0, 0x00, 0x7F, 0xFC, 0x3F, 0xFF, 0x3F, 0xFF, 0x9F,
    0x01, 0xE7, 0xF0, 0xF0, 0xDE, 0xF8, 0x07, 0xFC, 0x00, 0x7E, 0x00, 0x7F, 0xFC, 0xFF, 0xFF, 0xFF,
    0xFF, 0xDF, 0xC0, 0x72, 0x70, 0x1C, 0x1C, 0x07, 0x07, 0xFF, 0xC1, 0xFF, 0xF0, 0x7F, 0xFC, 0x1C,
    0x07, 0x00, 0x03, 0xC0, 0x7F, 0xFF, 0x0F, 0xFF, 0xF8, 0x7F, 0xFC, 0x03, 0xC0, 0x00, 0x1E, 0x00,
    0x00, 0xFF, 0xFF, 0xE7, 0xFF, 0xFF, 0x3F, 0xFF, 0xF1, 0xE0, 0x00, 0x0F, 0xFF, 0xF8, 0x7F, 0xFF,
    0xC3, 0xFF, 0xFE, 0x1D, 0xC0, 0x70, 0xEE, 0x03, 0x8F, 0x70, 0x1C, 0x7B, 0xFF, 0xE7, 0x9F, 0xFF,
    0x3C, 0xFF, 0xF8, 0xC7, 0x01, 0xC0, 0x01, 0xE0, 0x00, 0x3C, 0x00, 0x07, 0x00, 0x3F, 0xFF, 0xEF,
    0xFF, 0xFD, 0xFF, 0xFF, 0xBC, 0x00, 0x77, 0x80, 0x0E, 0xF7, 0xFD, 0xDE, 0xFF, 0xBB, 0xDF, 0xF7,
    0x7B, 0x8E, 0xEF, 0x71, 0xDD, 0xEF, 0xFB, 0xBD, 0xFF, 0x77, 0xBF, 0xCE, 0xF7, 0x01, 0xDE, 0x01,
    0xFB, 0xC0, 0x3F, 0x78, 0x07, 0xE0, 0x7F, 0xFF, 0xF3, 0xFF, 0xFF, 0x9F, 0xFF, 0xFC, 0x01, 0xE0,
    0x00, 0x3F, 0x70, 0x07, 0xFF, 0xE0, 0xFF, 0xDF, 0x9F, 0xEE, 0x3E, 0x7C, 0x70, 0xF3, 0x83, 0x81,
    0x03, 0xFF, 0xE0, 0x3F, 0xFF, 0x81, 0xFF, 0xFC, 0x0E, 0x01, 0xE0, 0x70, 0x0F, 0x03, 0xFF, 0xF8,
    0x1F, 0xFF, 0xC0, 0xFF, 0xFE, 0x07, 0x00, 0x70, 0x00, 0x70, 0x00, 0x0E, 0x00, 0x01, 0xE0, 0x0F,
    0xFF, 0xF1, 0xFF, 0xFE, 0x3F, 0xFF, 0xC7, 0x00, 0x38, 0xFF, 0xFF, 0x1F, 0xFF, 0xE3, 0xFF, 0xFC,
    0x70, 0x00, 0x0F, 0xFF, 0xF3, 0xFF, 0xFE, 0x7F, 0xFF, 0xCE, 0xE0, 0x39, 0xDC, 0x07, 0x7B, 0xFF,
    0xEF, 0x7F, 0xFF, 0xCF, 0xFF, 0xB1, 0xC0, 0x70, 0x00, 0x00, 0x1C, 0xF0, 0x03, 0x9E, 0x00, 0xF3,
    0xC0, 0x1F, 0xFF, 0xE7, 0xFF, 0xFD, 0xFF, 0xFF, 0x3C, 0x3C, 0x07, 0xFF, 0xFF, 0xFF, 0xFF, 0xFF,
    0xFF, 0xFC, 0x00, 0x00, 0x0F, 0xFF, 0xC3, 0xFF, 0xF8, 0x7F, 0xFF, 0x0F, 0x00, 0xE1, 0xE0, 0x1C,
    0x3F, 0xFF, 0x87, 0xFF, 0xF0, 0xFF, 0xFE, 0x1E, 0x01, 0xC0, 0x00, 0x00, 0x00, 0x03, 0x80, 0x00,
    0x3E, 0x00, 0x03, 0xF8, 0x00, 0x7F, 0xE0, 0x0F, 0xEF, 0xC1, 0xFF, 0xFF, 0xDF, 0xFF, 0xFE, 0x7F,
    0xFE, 0xF0, 0x00, 0x00, 0x0F, 0xFF, 0xF8, 0x7F, 0xFF, 0xC3, 0xFF, 0xFE, 0x1C, 0xFE, 0x70, 0xE7,
    0xF3, 0x87, 0xFF, 0x9C, 0x3F, 0xFF, 0xE1, 0xFF, 0xFF, 0x0E, 0x0F, 0x60, 0x70, 0x78, 0x00, 0x01,
    0xC0, 0x00, 0x00, 0x1C, 0x00, 0x01, 0xC0, 0xFE, 0x3E, 0x0F, 0xE3, 0xF0, 0xFE, 0x7F, 0x0E, 0xEF,
    0x3C, 0xEF, 0xE3, 0xEE, 0xFF, 0xFF, 0xEF, 0xFF, 0xEE, 0xF7, 0xF4, 0xEE, 0x00, 0x0E, 0xEF, 0xFC,
    0xFE, 0xFF, 0xCF, 0xEF, 0xFC, 0xFC, 0xE3, 0xCE, 0x0E, 0x3C, 0xE0, 0xFF, 0xC0, 0x0F, 0xFC, 0x00,
    0xFF, 0xC0, 0x0E, 0x3C, 0x3F, 0xDF, 0xE1, 0xFE, 0xFF, 0x0E, 0x77, 0x38, 0x73, 0xB9, 0xC3, 0xFD,
    0xFE, 0x1F, 0xEF, 0xF0, 0x07, 0xBE, 0x00, 0x3C, 0xF0, 0x7F, 0xFF, 0xF3, 0xFF, 0xFF, 0x9F, 0xFF,
    0xFC, 0x7C, 0x0F, 0xCF, 0xFD, 0xFF, 0xBF, 0xEF, 0xF9, 0xFF, 0x7F, 0x87, 0x3B, 0x9C, 0x3F, 0xDF,
    0xE1, 0xFE, 0xFF, 0x0F, 0xF7, 0xF8, 0xFF, 0xFF, 0xFF, 0xFF, 0xFF, 0xFF, 0xFF, 0xF0, 0x00, 0xFE,
    0x7F, 0x9F, 0xCF, 0xFB, 0xF9, 0xFF, 0x7F, 0x38, 0xEF, 0xE7, 0x1D, 0xFC, 0xE3, 0xBF, 0x9F, 0xF7,
    0xF3, 0xFE, 0xFE, 0x7F, 0xDF, 0xC0, 0x03, 0xF8, 0x00, 0x7F, 0xFF, 0xFF, 0xFF, 0xFF, 0xFF, 0xFF,
    0xFF, 0x80, 0x07, 0x80, 0x7F, 0xFF, 0xDF, 0xFF, 0xFF, 0xFF, 0xFF, 0xF0, 0x70, 0x7E, 0x0E, 0x0F,
    0xC1, 0xC1, 0xFB, 0xFF, 0xBF, 0xFF, 0xF7, 0xFF, 0xFE, 0xFC, 0x3C, 0x1F, 0x87, 0x83, 0xF0, 0xFC,
    0x7E, 0x3F, 0xCF, 0xCF, 0x7D, 0xFF, 0xC3, 0xBF, 0x70, 0x77, 0xE4, 0x00, 0xFF, 0xFF, 0xFF, 0xFF,
    0xFF, 0xF0, 0x00, 0x70, 0x7F, 0xFF, 0xDF, 0xFF, 0xFF, 0xFF, 0xFF, 0xF0, 0x70, 0x7E, 0x0E, 0x0F,
    0xFF, 0xFD, 0xFF, 0xFF, 0xBF, 0x07, 0x07, 0xEF, 0xFC, 0xFD, 0xFF, 0x9F, 0x83, 0x83, 0xFF, 0xFF,
    0xFF, 0xFF, 0xFF, 0xC1, 0xDD, 0xF8, 0x3F, 0xBF, 0x07, 0xF7, 0xE0, 0xE0, 0xFF, 0xFF, 0xFF, 0xFF,
    0xFF, 0xF0, 0x00, 0x70, 0xFF, 0xFF, 0xFF, 0xFF, 0xFF, 0xFF, 0xFF, 0xF1, 0xE0, 0xFE, 0x7F, 0xFF,
    0xDF, 0xFF, 0xFF, 0xEF, 0x7F, 0x7F, 0xCF, 0xE7, 0xFD, 0xFF, 0xFF, 0xFF, 0xFF, 0x7F, 0xFD, 0xFC,
    0xFE, 0x77, 0x9F, 0xCF, 0xF3, 0xF9, 0xFF, 0x7F, 0x01, 0xEF, 0xFF, 0xFF, 0xFF, 0xFF, 0xFF, 0xFF,
    0xFF, 0x80, 0x01, 0xC0, 0x00, 0x1C, 0x00, 0x01, 0xC0, 0x07, 0xFF, 0xFF, 0x7F, 0xFF, 0xF7, 0xFF,
    0xFF, 0x07, 0x0E, 0x00, 0xF0, 0xE0, 0x1E, 0x0E, 0x03, 0xE0, 0xE0, 0x7C, 0xFF, 0xEF, 0xCF, 0xFE,
    0x7C, 0xFF, 0xE7, 0xC0, 0xE0, 0x1C, 0x0E, 0x01, 0xC0, 0xE0, 0x1C, 0x0E, 0x01, 0xDF, 0xFF, 0x1D,
    0xFF, 0xF1, 0xDF, 0xFF, 0x1C, 0x07, 0x00, 0xE0, 0x78, 0x07, 0x3B, 0xC0, 0x39, 0xFE, 0x81, 0xCF,
    0xFF, 0x7F, 0xFF, 0xFB, 0xFF, 0xFF, 0xCF, 0xFF, 0xEE, 0x1D, 0xFF, 0x70, 0xEF, 0xFB, 0x87, 0x7F,
    0xDC, 0x3F, 0xFF, 0xE1, 0xFF, 0xFE, 0x1F, 0xFF, 0xF3, 0xFB, 0xFC, 0x8F, 0x1E, 0x07, 0x60, 0xF0,
    0x78, 0x03, 0xFF, 0x80, 0x1F, 0xFC, 0x00, 0x3F, 0x80, 0x1C, 0x07, 0x00, 0xE0, 0x38, 0x07, 0x01,
    0xC0, 0x38, 0x0E, 0x01, 0xC0, 0x70, 0x7F, 0xF3, 0x83, 0xFF, 0x9C, 0x0F, 0xFC, 0xFE, 0x1C, 0xE7,
    0xF0, 0xE7, 0x3F, 0x87, 0x39, 0xC0, 0x3B, 0xCE, 0x01, 0xFE, 0x70, 0x3F, 0xF3, 0x83, 0xFB, 0x9C,
    0x0F, 0x1C, 0xE0, 0x43, 0xFF, 0xF0, 0x1F, 0xFF, 0xC0, 0xFF, 0xFE, 0x01, 0xC0, 0x00, 0x1F, 0xF8,
    0x01, 0xFF, 0xF0, 0x3F, 0xFF, 0x03, 0xF0, 0xF0, 0x3F, 0xEF, 0x80, 0xCF, 0xF0, 0x00, 0xFF, 0xE0,
    0xFF, 0xFF, 0xFF, 0xFC, 0xFF, 0x9F, 0xFF, 0xFC, 0x3F, 0xFF, 0x81, 0xFF, 0xFC, 0x0E, 0x39, 0xE0,
    0x7F, 0xFF, 0x03, 0xFF, 0xF8, 0x1C, 0x73, 0xC0, 0xFF, 0xFE, 0x07, 0xFF, 0xF0, 0x38, 0x07, 0x80,
    0x0E, 0x00, 0x00, 0x70, 0x00, 0x07, 0xFF, 0xFC, 0x7F, 0xFF, 0xE7, 0x80, 0x00, 0x3F, 0xFF, 0xE1,
    0xFF, 0xFF, 0x01, 0xFF, 0xF8, 0x0F, 0xFF, 0xC0, 0x70, 0x0E, 0x03, 0xFF, 0xF0, 0x1F, 0xFF, 0x80,
    0x7F, 0xF8, 0x0F, 0xFF, 0xE0, 0xFE, 0x3E, 0x07, 0x7F, 0xE0, 0x11, 0xFE, 0x01, 0xFF, 0xFF, 0xBF,
    0xFF, 0xFC, 0xFE, 0x0F, 0xE0, 0x00, 0x00, 0x00, 0x0E, 0x0E, 0x00, 0xF0, 0x70, 0x07, 0x83, 0x80,
    0x3F, 0xFC, 0x01, 0xFF, 0xE0, 0x1F, 0xF7, 0x00, 0xE3, 0xBE, 0x0F, 0x1D, 0xF8, 0x7D, 0xEF, 0xE7,
    0xFF, 0x7F, 0x0F, 0xF3, 0xBC, 0x1F, 0x9C, 0xE0, 0x78, 0xE2, 0x03, 0xC7, 0x00, 0x3C, 0x38, 0x03,
    0xE1, 0xC0, 0x7E, 0x0E, 0x07, 0xE0, 0x70, 0x1E, 0x03, 0x80, 0x60, 0x1C, 0x00, 0x00, 0x70, 0x00,
    0x03, 0x80, 0x00, 0x1C, 0x00, 0x01, 0xE0, 0x00, 0x0F, 0x00, 0x00, 0x78, 0x01, 0xFF, 0xFF, 0xCF,
    0xFF, 0xFE, 0x7F, 0xFF, 0xF0, 0x07, 0xC0, 0x00, 0x7F, 0x00, 0x03, 0xF8, 0x00, 0x3D, 0xE0, 0x01,
    0xEF, 0x00, 0x1E, 0x3C, 0x01, 0xE0, 0xF0, 0x3F, 0x07, 0xE3, 0xF0, 0x1F, 0x9E, 0x00, 0x7C, 0x60,
    0x00, 0xC0, 0x0C, 0x70, 0x00, 0xF3, 0x80, 0x07, 0x9C, 0x00, 0x3F, 0xFF, 0x83, 0xFF, 0xFC, 0x1F,
    0xFF, 0xE1, 0xE1, 0xC0, 0x0F, 0x0E, 0x00, 0x30, 0x70, 0x03, 0xFF, 0xFF, 0x9F, 0xFF, 0xFC, 0xFF,
    0xFF, 0xE0, 0x1F, 0x80, 0x00, 0xFE, 0x00, 0x0F, 0x78, 0x01, 0xFB, 0xE0, 0x1F, 0x8F, 0xC3, 0xF8,
    0x3F, 0xDF, 0x00, 0x7C, 0x60, 0x00, 0xC0, 0x1C, 0x0E, 0x01, 0xE0, 0xF0, 0x0E, 0x07, 0x00, 0x70,
    0x7B, 0x8F, 0xF3, 0x9E, 0x7F, 0xBC, 0x71, 0xFD, 0xFF, 0xC7, 0xFF, 0xFE, 0x77, 0xFF, 0xFB, 0xBB,
    0xC1, 0x9D, 0xC0, 0x00, 0xFE, 0xFF, 0xC7, 0xE7, 0xFE, 0x0F, 0x3F, 0xF0, 0x7D, 0xC3, 0x83, 0xFE,
    0x1C, 0x3F, 0x7F, 0xE3, 0xDB, 0xFF, 0x1C, 0x1F, 0xF8, 0xC0, 0xE1, 0xC0, 0x00, 0x00, 0x00, 0x3C,
    0x00, 0x07, 0x80, 0x7F, 0xFF, 0xFF, 0xFF, 0xFF, 0xFF, 0xFF, 0xF8, 0x00, 0x7F, 0xFF, 0xFF, 0x1F,
    0xFE, 0x01, 0xFF, 0xC0, 0x01, 0xE0, 0x00, 0x78, 0x0F, 0xFF, 0xFF, 0xFF, 0xFF, 0xFF, 0xFF, 0xF8,
    0x07, 0x00, 0x00, 0xE0, 0x00, 0x1C, 0x00, 0x3F, 0x80, 0x07, 0xF0, 0x00, 0x7C, 0x00, 0x01, 0xC0,
    0x00, 0x0E, 0x00, 0x00, 0x70, 0x00, 0xFF, 0xFF, 0xE7, 0xFF, 0xFF, 0x3F, 0xFF, 0xF8, 0x1C, 0x00,
    0x01, 0xFF, 0xFC, 0x1E, 0xFF, 0xE1, 0xF3, 0xFE, 0x1F, 0x03, 0xE1, 0xF8, 0x1E, 0x07, 0xDF, 0xFF,
    0x3E, 0xFF, 0xF8, 0x77, 0xFF, 0xC3, 0x81, 0xC0, 0x1C, 0x0E, 0x00, 0xE3, 0xF0, 0x07, 0x1F, 0x80,
    0x38, 0x7C, 0x00, 0x00, 0x00, 0x00, 0x00, 0x00, 0x00, 0x07, 0x80, 0x00, 0x3C, 0x00, 0xFF, 0xFF,
    0xC7, 0xFF, 0xFF, 0x3F, 0xFF, 0xF9, 0xC0, 0x03, 0xCE, 0xFF, 0xFE, 0x77, 0xFF, 0x60, 0x3F, 0xF8,
    0x00, 0x00, 0x00, 0xFF, 0xFF, 0xE7, 0xFF, 0xFF, 0x3F, 0xFF, 0xF8, 0x0E, 0x78, 0x00, 0xF3, 0xC4,
    0x07, 0x9E, 0x70, 0xF8, 0xF3, 0x9F, 0x87, 0xFC, 0xF8, 0x1F, 0xE3, 0x00, 0x7C, 0x00, 0x00, 0x00,
    0x00, 0x07, 0x80, 0x00, 0x3C, 0x00, 0xFF, 0xFF, 0xE7, 0xFF, 0xFF, 0x3F, 0xFF, 0xF9, 0xC0, 0x03,
    0xCF, 0xFF, 0xFE, 0x7F, 0xFF, 0xF0, 0x7F, 0xFC, 0x00, 0x1C, 0x00, 0x1C, 0xE0, 0x00, 0xE7, 0xFC,
    0x0F, 0x3F, 0xE0, 0x79, 0xFF, 0x03, 0xEE, 0x00, 0x3F, 0xF0, 0x01, 0xFF, 0x80, 0x1E, 0xFF, 0xFD,
    0xE1, 0xFF, 0xE2, 0x03, 0xFF, 0x00, 0x00, 0x00, 0x00, 0x07, 0x80, 0x0F, 0xFF, 0xF8, 0xFF, 0xFF,
    0xE7, 0xFF, 0xFF, 0x39, 0xC7, 0x39, 0xFF, 0xFF, 0xC3, 0xFF, 0xF8, 0x03, 0x8E, 0x00, 0x1C, 0x70,
    0x07, 0xFF, 0xE0, 0x3F, 0xFF, 0x01, 0xE0, 0x38, 0x0F, 0x79, 0xC0, 0x7B, 0xCE, 0x03, 0xDF, 0x70,
    0x1F, 0xFB, 0xB0, 0x1F, 0xC3, 0x87, 0xFF, 0x1C, 0xFF, 0x7F, 0xE7, 0xC1, 0xFE, 0x10, 0x00, 0x00,
    0x00, 0x00, 0x00, 0x07, 0x80, 0x0F, 0xFF, 0xF8, 0xFF, 0xFF, 0xE7, 0xFF, 0xFF, 0x38, 0xF3, 0x79,
    0xC7, 0xFF, 0xC3, 0x7F, 0xF0, 0x3F, 0xBD, 0xE3, 0xDF, 0xDF, 0x1D, 0xFC, 0xFC, 0x7F, 0xFE, 0xEF,
    0xFF, 0xF0, 0x3E, 0x38, 0x00, 0xF1, 0xC7, 0x03, 0x8E, 0x38, 0x1C, 0x71, 0xC0, 0xFF, 0xFE, 0x07,
    0xFF, 0xF0, 0x3F, 0xFF, 0x80, 0x00, 0x1C, 0x00, 0x00, 0x01, 0xC0, 0x00, 0x0E, 0x1F, 0xE0, 0x70,
    0xFF, 0x83, 0x87, 0xFC, 0x1C, 0x00, 0xFF, 0xFC, 0x0F, 0xFF, 0xE6, 0x7F, 0xFE, 0x7B, 0x81, 0xC1,
    0xFD, 0xCE, 0x07, 0xEE, 0x70, 0x1E, 0x7B, 0x80, 0xF9, 0xDC, 0x07, 0xEE, 0xE0, 0x7F, 0xA7, 0x03,
    0xFC, 0x38, 0x7C, 0xC1, 0xC3, 0xC0, 0x7E, 0x1C, 0x03, 0xF0, 0x40, 0x0F, 0x00, 0x0E, 0x01, 0xE0,
    0x70, 0x0F, 0x0F, 0xF0, 0x78, 0xFF, 0x83, 0xC7, 0xFC, 0x1E, 0x07, 0x1F, 0xF8, 0x38, 0xFF, 0xCF,
    0xFF, 0xFE, 0x7F, 0xE1, 0xE3, 0xFE, 0xEF, 0x03, 0x87, 0x78, 0xFF, 0xBF, 0xC7, 0xFE, 0xFE, 0x3F,
    0xF7, 0xF0, 0x38, 0x37, 0x81, 0xCC, 0x3C, 0x7F, 0xE1, 0xE7, 0xFF, 0x3F, 0x3F, 0xE1, 0xF0, 0x80,
    0x0F, 0x80, 0x07, 0x01, 0xC0, 0x70, 0x0E, 0x0F, 0xF0, 0x70, 0x7F, 0x83, 0x83, 0x9F, 0xFF, 0x1F,
    0xFF, 0xF8, 0xFF, 0xFF, 0xC7, 0x38, 0x38, 0x3F, 0xD9, 0xC1, 0xFE, 0xEE, 0x0E, 0x77, 0x71, 0xFF,
    0x9F, 0x8F, 0xFC, 0xFC, 0x3F, 0xE7, 0xE0, 0x7F, 0x07, 0x07, 0xB8, 0x38, 0x7D, 0xC1, 0xC7, 0xCE,
    0x7E, 0x1D, 0xF3, 0xF0, 0x0F, 0x8F, 0x80, 0x00, 0x00, 0x00, 0x0E, 0x0E, 0x00, 0xE1, 0xE0, 0x0E,
    0x3F, 0xF6, 0xEF, 0xFF, 0xFF, 0xF1, 0xE7, 0xEF, 0xFC, 0x3E, 0x1F, 0x81, 0xE7, 0xF0, 0x0F, 0xFD,
    0xC0, 0xEF, 0x1C, 0x1F, 0xFF, 0xF3, 0xFF, 0xFF, 0xFF, 0xFF, 0xF7, 0xEF, 0x1C, 0x6E, 0x71, 0xC0,
    0xE7, 0x9C, 0x0E, 0x39, 0xC0, 0xE3, 0xFC, 0x0E, 0x0F, 0xC0, 0xE0, 0xF8, 0x00, 0x00, 0x00, 0x00,
    0x70, 0x00, 0x03, 0x80, 0x00, 0x1C, 0x00, 0x00, 0xE0, 0x00, 0x07, 0x00, 0x0E, 0x38, 0xC0, 0x79,
    0xCF, 0x03, 0x8E, 0x78, 0x3C, 0x71, 0xE1, 0xE3, 0x8F, 0x0F, 0x1C, 0x3C, 0xF0, 0xE1, 0xE7, 0x87,
    0x07, 0x78, 0x38, 0x3D, 0xC1, 0xC1, 0xE0, 0x0E, 0x0C, 0x00, 0x70, 0x00, 0x3F, 0x80, 0x01, 0xFC,
    0x00, 0x07, 0xC0, 0x00, 0x00, 0x00, 0x00, 0x0E, 0x07, 0x00, 0x70, 0x3E, 0x1F, 0xF1, 0xF8, 0xFF,
    0xCE, 0xE7, 0xFE, 0x77, 0x00, 0x0F, 0xF9, 0xFF, 0xFF, 0xCF, 0xFF, 0xFE, 0x71, 0xC7, 0x03, 0x8E,
    0x3C, 0x1F, 0xF3, 0xE0, 0xFF, 0x9F, 0x03, 0xFC, 0xF8, 0x1F, 0xE7, 0xC1, 0xFB, 0xFE, 0x0F, 0xDF,
    0xF6, 0x7E, 0xFF, 0xBB, 0x73, 0xDD, 0xC7, 0x9E, 0x7E, 0x3C, 0x63, 0xE0, 0x1F, 0xFF, 0xC1, 0xFF,
    0xFC, 0x1C, 0x01, 0xC1, 0xC0, 0x1C, 0x1F, 0xFF, 0xC1, 0xFF, 0xFC, 0x1C, 0x00, 0x03, 0xFF, 0xFE,
    0x3F, 0xFF, 0xF3, 0xFF, 0xFF, 0x38, 0x00, 0xF3, 0xBF, 0xEF, 0x3B, 0xFE, 0xF3, 0xB8, 0xEE, 0x7B,
    0x8E, 0xE7, 0x3F, 0xEE, 0xF3, 0xFF, 0xE6, 0x38, 0x7E, 0x21, 0x03, 0xC0, 0x00, 0x00, 0x3F, 0xFF,
    0xE3, 0xFF, 0xFE, 0x3F, 0xFF, 0xE3, 0xFF, 0xFE, 0x3F, 0xFF, 0xE3, 0xFF, 0xFE, 0x3C, 0x1C, 0x03,
    0xFF, 0xFF, 0x3F, 0xFF, 0xF3, 0xFF, 0xFF, 0x38, 0x1C, 0x03, 0x9F, 0xFC, 0x3B, 0xFF, 0xE3, 0xBF,
    0xFE, 0x7B, 0x81, 0xE7, 0xB8, 0x1E, 0x73, 0xFF, 0xEF, 0x3F, 0xFE, 0x63, 0xFF, 0xE0, 0x3F, 0xFF,
    0xE3, 0xFF, 0xFE, 0x38, 0x00, 0xE3, 0x80, 0x0E, 0x3F, 0xFF, 0xE3, 0xFF, 0xFE, 0x39, 0xC3, 0xC3,
    0x9E, 0x38, 0x3F, 0xFF, 0xF3, 0xFF, 0xFF, 0x38, 0xE7, 0x83, 0x8E, 0x78, 0x3F, 0xFF, 0xF3, 0xFF,
    0xFF, 0x79, 0xE7, 0x87, 0x3C, 0x78, 0x77, 0xC7, 0x8F, 0x78, 0x78, 0x63, 0x03, 0x80, 0x00, 0x70,
    0x07, 0x0E, 0x1C, 0xE1, 0xC3, 0x9F, 0xFF, 0xF3, 0xFF, 0xFE, 0x7F, 0xFF, 0xC0, 0x00, 0x01, 0xFE,
    0xFF, 0x3F, 0xDF, 0xE7, 0x3B, 0x9C, 0xFF, 0x7F, 0x9F, 0xEF, 0xF3, 0x9D, 0xCE, 0x7F, 0xBF, 0xCF,
    0xF7, 0xFB, 0x8E, 0xE7, 0x71, 0xF8, 0xEE, 0x7F, 0x7F, 0xDF, 0xEF, 0xB3, 0xD8, 0xF0, 0x00, 0x00,
    0x38, 0x70, 0xE1, 0xC3, 0x87, 0x0E, 0x1C, 0x38, 0x7F, 0xFF, 0xC3, 0xFF, 0xFE, 0x1C, 0xEF, 0x00,
    0xE7, 0x70, 0x0F, 0xFF, 0xFE, 0xFF, 0xFF, 0xF7, 0xFF, 0xE3, 0x8E, 0x7F, 0xFC, 0x73, 0xFF, 0xE3,
    0xFF, 0xFE, 0x1F, 0xE3, 0xC0, 0xE7, 0x1E, 0x07, 0x39, 0xF8, 0x3F, 0xDF, 0xE1, 0xFF, 0xE7, 0x8F,
    0xFE, 0x1C, 0x70, 0x20, 0x40, 0x01, 0xC0, 0x00, 0x1C, 0x00, 0x01, 0xC0, 0x07, 0xFF, 0xFF, 0x7F,
    0xFF, 0xF7, 0xFF, 0xFF, 0x03, 0x80, 0x00, 0x78, 0x00, 0x07, 0x00, 0x00, 0x7F, 0xFE, 0x0F, 0xFF,
    0xF0, 0xFF, 0xFF, 0x1E, 0x1C, 0x01, 0xC1, 0xC0, 0x3C, 0x1C, 0x07, 0x81, 0xC0, 0xF0, 0x1C, 0x07,
    0x7F, 0xFF, 0x67, 0xFF, 0xF0, 0x7F, 0xFF, 0x7F, 0xFF, 0x87, 0xFF, 0xF8, 0x7F, 0xFF, 0x80, 0x00,
    0x78, 0x30, 0x07, 0x87, 0x80, 0x78, 0x78, 0x07, 0x87, 0xFF, 0xF8, 0x7F, 0xFF, 0x87, 0xFF, 0xF8,
    0x78, 0x07, 0x87, 0x80, 0x00, 0x78, 0x00, 0xC7, 0x80, 0x0E, 0x78, 0x00, 0xE7, 0x80, 0x1E, 0x3F,
    0xFF, 0xE3, 0xFF, 0xFC, 0x0F, 0xFF, 0x80, 0x01, 0xC0, 0x00, 0x1C, 0x00, 0x01, 0xC0, 0x07, 0xFF,
    0xFF, 0x7F, 0xFF, 0xF7, 0xFF, 0xFF, 0x07, 0x38, 0x00, 0xF3, 0x80, 0x1F, 0xFF, 0xE1, 0xFF, 0xFE,
    0x3F, 0xFF, 0xEF, 0xE3, 0x8E, 0xFE, 0x38, 0xE6, 0xE3, 0x8E, 0x0E, 0x38, 0xE0, 0xE3, 0xFE, 0x0E,
    0x3F, 0xE0, 0xE3, 0xBC, 0x00, 0x38, 0x00, 0x03, 0x80, 0x0E, 0x03, 0x81, 0xFC, 0xFC, 0x0F, 0xFF,
    0x80, 0xFF, 0xF0, 0x7F, 0xFF, 0xC3, 0xFE, 0x7C, 0x19, 0xC1, 0x87, 0xFF, 0xFF, 0x7F, 0xFF, 0xF7,
    0xFF, 0xFF, 0x0F, 0x38, 0x01, 0xFF, 0xFC, 0x7F, 0xFF, 0xCF, 0xFF, 0xFC, 0x7E, 0x39, 0xC2, 0xE3,
    0x9C, 0x0E, 0x39, 0xC0, 0xE3, 0xFC, 0x0E, 0x3F, 0xC0, 0x63, 0x80, 0x07, 0x8E, 0x03, 0xFF, 0xFF,
    0x9F, 0xFF, 0xFC, 0x0F, 0x1C, 0x01, 0xFF, 0xFC, 0x0F, 0xFF, 0xE0, 0x7F, 0xFF, 0x03, 0xFF, 0xF8,
    0x1C, 0x01, 0xC0, 0xFF, 0xFE, 0x07, 0xFF, 0xF0, 0xFF, 0xFF, 0xE7, 0xFF, 0xFF, 0x0F, 0xBB, 0xE1,
    0xFF, 0xFF, 0xDF, 0xFF, 0xFE, 0x7E, 0x73, 0xA0, 0x73, 0xFC, 0x03, 0x9D, 0xE0, 0x1C, 0xE0, 0x00,
    0x06, 0x03, 0x80, 0xF0, 0x78, 0x07, 0x07, 0x80, 0x78, 0xF0, 0x7F, 0xFF, 0xF7, 0xFF, 0xFF, 0x7F,
    0xFF, 0xF0, 0x78, 0xF0, 0x07, 0x8F, 0x00, 0x78, 0xF0, 0x7F, 0xFF, 0xF7, 0xFF, 0xFF, 0x7F, 0xFF,
    0xF0, 0x70, 0xF0, 0x0F, 0x0F, 0x00, 0xF0, 0xF0, 0x1E, 0x0F, 0x07, 0xE0, 0xF0, 0x7C, 0x0F, 0x03,
    0x00, 0xF0, 0x00, 0x00, 0x00, 0x00, 0x00, 0x00, 0x03, 0xC0, 0x00, 0x1E, 0x00, 0x7F, 0xFF, 0xE3,
    0xFF, 0xFF, 0x1F, 0xFF, 0xF8, 0xE0, 0x00, 0x07, 0x0E, 0x1C, 0x3F, 0x78, 0xE1, 0xFD, 0xCF, 0x0E,
    0xEE, 0x78, 0x77, 0x73, 0x83, 0xBF, 0xFC, 0x1C, 0xEF, 0xC0, 0xE7, 0x6E, 0x0F, 0x38, 0xE0, 0x78,
    0x07, 0x03, 0xFF, 0xFF, 0x9F, 0xFF, 0xFD, 0xFF, 0xFF, 0xE6, 0x00, 0x00, 0x00, 0x00, 0x00, 0x00,
    0x78, 0x00, 0x01, 0xC0, 0x0F, 0xFF, 0xFC, 0x7F, 0xFF, 0xE3, 0xFF, 0xFF, 0x1C, 0x71, 0xC0, 0xFF,
    0xFF, 0xC7, 0xFF, 0xFE, 0x38, 0xE3, 0x81, 0xC7, 0xFC, 0x0E, 0x3F, 0xE0, 0x70, 0x00, 0x03, 0xFF,
    0xFE, 0x1F, 0xFF, 0xF1, 0xE7, 0x9F, 0x0E, 0x3F, 0xF0, 0x70, 0xFF, 0x03, 0xFF, 0xFF, 0xBF, 0xFF,
    0xFC, 0x4F, 0x03, 0xC0, 0x00, 0x00, 0x00, 0x00, 0xE0, 0x1F, 0xBF, 0xF8, 0xFD, 0xFF, 0xC7, 0xE1,
    0xCE, 0x0F, 0xFF, 0xF8, 0x77, 0xFF, 0xC7, 0x03, 0x9C, 0x7F, 0xFF, 0xE3, 0xF7, 0xFF, 0x1F, 0x87,
    0x00, 0x5D, 0xFF, 0xC7, 0xFF, 0xFE, 0x3F, 0x0E, 0x00, 0xF7, 0xFF, 0xC7, 0xBF, 0xFE, 0x3E, 0x1C,
    0x01, 0xFF, 0xE0, 0x1F, 0xFF, 0xFC, 0xE7, 0xFF, 0xE2, 0x01, 0xFE, 0x00, 0x7F, 0xFF, 0xE7, 0xFF,
    0xFF, 0x7F, 0xFF, 0xF0, 0x78, 0x70, 0x07, 0x87, 0x00, 0x78, 0x70, 0x07, 0x87, 0x00, 0x78, 0x70,
    0x7F, 0xFF, 0xF7, 0xFF, 0xFF, 0x7F, 0xFF, 0xF0, 0x70, 0x70, 0x0F, 0x07, 0x00, 0xF0, 0x70, 0x1E,
    0x07, 0x03, 0xE0, 0x70, 0x7C, 0x07, 0x07, 0x80, 0x70, 0x30, 0x07, 0x00, 0x00, 0x3B, 0x80, 0x03,
    0xBC, 0x00, 0x39, 0xCF, 0xFF, 0xFE, 0xFF, 0xFF, 0xEF, 0xFF, 0xFE, 0x00, 0x3C, 0x00, 0x03, 0xC0,
    0x7F, 0xFC, 0x0F, 0xFF, 0xC0, 0xFF, 0xDC, 0x00, 0xE1, 0xC0, 0x0E, 0x1C, 0x00, 0xE1, 0xE4, 0x0E,
    0x1E, 0x60, 0xFE, 0xE7, 0xFF, 0xEF, 0xFF, 0xFE, 0xFE, 0xFE, 0x07, 0xEC, 0x00, 0x3C, 0x00, 0x03,
    0x9F, 0xF8, 0xF7, 0xFE, 0x3D, 0xFF, 0x8F, 0x00, 0xE3, 0xCF, 0xF8, 0xF7, 0xFE, 0x3D, 0xFF, 0x8F,
    0x70, 0x03, 0xDC, 0x00, 0xF7, 0xFE, 0x3F, 0xFF, 0x8F, 0xFF, 0xE3, 0xC0, 0x38, 0xF0, 0x1E, 0x3C,
    0x07, 0x8F, 0x01, 0xC3, 0xC7, 0xF0, 0xF1, 0xFC, 0x3C, 0x3C, 0x0F, 0x01, 0xC0, 0x70, 0xE3, 0xFC,
    0x71, 0xEE, 0x38, 0xE7, 0x9C, 0xF1, 0xCE, 0x70, 0xC7, 0x39, 0xFF, 0xFF, 0xFF, 0xFF, 0xFF, 0xFF,
    0xC0, 0x01, 0xE0, 0x00, 0xF7, 0xFF, 0xFB, 0xFF, 0xFD, 0xFF, 0xFE, 0x00, 0x0F, 0xFF, 0xFF, 0xFF,
    0xFF, 0xFF, 0xFF, 0xE0, 0x00, 0xF0, 0x00, 0x00, 0x0F, 0xFF, 0xF1, 0xFF, 0xFE, 0x3F, 0xFF, 0xC3,
    0xFF, 0xF8, 0x7F, 0xFF, 0x0F, 0xFF, 0xE0, 0x00, 0x3C, 0xFF, 0xFF, 0xFF, 0xFF, 0xFF, 0xFF, 0xFF,
    0x3E, 0x7B, 0xE3, 0xEF, 0xF8, 0x3F, 0xFE, 0x03, 0xFF, 0x81, 0xFF, 0xF8, 0xFF, 0xEF, 0xFF, 0x9C,
    0xFD, 0x9F, 0x87, 0x03, 0xE0, 0x00, 0x00, 0x00, 0x00, 0x00, 0x00, 0x03, 0x80, 0x00, 0x1C, 0x00,
    0xFF, 0xFF, 0xE7, 0xFF, 0xFF, 0x3F, 0xFF, 0xF8, 0x78, 0x00, 0x03, 0xC0, 0x00, 0x1F, 0xFF, 0xE0,
    0xFF, 0xFF, 0x07, 0xFF, 0xF8, 0x00, 0xC0, 0x00, 0x0F, 0x00, 0x00, 0x3C, 0x20, 0xFD, 0xE7, 0x87,
    0xE7, 0x1C, 0x7F, 0x13, 0xF3, 0xB8, 0x1F, 0xBD, 0xFF, 0xFC, 0x47, 0xFE, 0x00, 0x1F, 0xC0, 0x00,
    0x07, 0x00, 0x00, 0x78, 0x00, 0x03, 0xFF, 0xF8, 0x3F, 0xFF, 0xC3, 0xFF, 0xFE, 0x3D, 0xEF, 0x71,
    0xDE, 0xF3, 0x81, 0xF7, 0xBC, 0x1F, 0x79, 0xE1, 0xF7, 0x8E, 0x07, 0x7B, 0xF0, 0x01, 0xCF, 0x83,
    0x77, 0x74, 0x1F, 0xBC, 0xF1, 0xDC, 0xF3, 0x8E, 0xE6, 0xFE, 0x77, 0x07, 0x77, 0xBF, 0xFB, 0x80,
    0xFF, 0xC0, 0x01, 0xF8, 0x00, 0x00, 0x00, 0x00, 0x03, 0x80, 0x00, 0x1C, 0x00, 0xFF, 0xFF, 0xE7,
    0xFF, 0xFF, 0x3F, 0xFF, 0xF8, 0x07, 0xF0, 0x00, 0x3F, 0xC0, 0x03, 0xCF, 0x00, 0x7F, 0x7C, 0x0F,
    0xFD, 0xFC, 0xFD, 0xFF, 0xE7, 0xC3, 0x8F, 0x18, 0x78, 0x30, 0xFD, 0xE7, 0x07, 0xE7, 0x1C, 0x3F,
    0x3B, 0xF3, 0xB8, 0x3F, 0x9D, 0xFF, 0xFC, 0xE7, 0xFE, 0xE0, 0x0F, 0xC0, 0x00, 0x07, 0x70, 0x00,
    0xFF, 0x00, 0x1E, 0xFF, 0xF3, 0xDF, 0xFF, 0x7F, 0xCE, 0xEF, 0xD8, 0xEE, 0x7C, 0xFE, 0xC7, 0xCF,
    0xFE, 0x1D, 0xEE, 0xE1, 0xDC, 0xE7, 0x1C, 0xBE, 0x61, 0xC3, 0xE0, 0x1C, 0xF0, 0x43, 0xF7, 0x9E,
    0x3F, 0x38, 0xE7, 0xF3, 0xBF, 0x77, 0x07, 0xF7, 0x7F, 0xF7, 0x37, 0xFF, 0x40, 0x1F, 0xC0, 0x1C,
    0x0E, 0x00, 0xEF, 0xFF, 0x87, 0xFF, 0xFC, 0x3C, 0x1C, 0x07, 0xFF, 0xFE, 0x3F, 0xFF, 0xF1, 0xFF,
    0xFF, 0xDF, 0xFF, 0xFF, 0xFF, 0xFF, 0xF7, 0xEF, 0xFF, 0x07, 0x7F, 0xF8, 0x3B, 0x81, 0xC1, 0xDF,
    0xFE, 0x0E, 0xFF, 0xF0, 0x77, 0x03, 0x83, 0xBF, 0xFC, 0x1D, 0xFF, 0xE0, 0xEE, 0x07, 0x07, 0x70,
    0xF8, 0x3B, 0x87, 0x80, 0x00, 0x00, 0x00, 0x00, 0x00, 0x00, 0x01, 0xFC, 0x00, 0x0F, 0xF0, 0x00,
    0x7B, 0xC3, 0xFF, 0xFF, 0x1F, 0xFF, 0xF8, 0xFF, 0xFF, 0xC7, 0x03, 0x80, 0x38, 0x1C, 0xE1, 0xFE,
    0xEF, 0x0F, 0xF7, 0x70, 0x7F, 0xBF, 0x83, 0x9D, 0xFC, 0x1C, 0xE7, 0xC0, 0xE7, 0x3E, 0x07, 0xF9,
    0xE6, 0x7F, 0xDF, 0x33, 0xBF, 0xFB, 0x9C, 0x3F, 0xFD, 0xE1, 0xF7, 0xE6, 0x06, 0x1E, 0x00, 0x00,
    0x00, 0x00, 0x00, 0x00, 0x03, 0xB8, 0x00, 0x3F, 0xC0, 0x03, 0x9C, 0xFF, 0xFF, 0xEF, 0xFF, 0xFE,
    0xFF, 0xFF, 0xE0, 0x03, 0x90, 0x7F, 0xB9, 0xC7, 0xFB, 0xDC, 0x73, 0xBF, 0xC7, 0x3B, 0xF8, 0x73,
    0x9F, 0x87, 0xF9, 0xF0, 0x7F, 0x9F, 0x00, 0x0D, 0xE6, 0x1F, 0xFE, 0x7F, 0xFF, 0xFE, 0xFF, 0xFF,
    0xEF, 0x1F, 0x7E, 0x00, 0xE3, 0xC0, 0x00, 0x00, 0x07, 0x0E, 0x80, 0x38, 0x7E, 0x1F, 0xFB, 0xF8,
    0xFF, 0xDD, 0xE0, 0x70, 0xE6, 0x3F, 0xFF, 0xF9, 0xFF, 0xFF, 0xC3, 0xF1, 0xC0, 0x3F, 0x8E, 0xE1,
    0xFF, 0xF7, 0x1F, 0xFF, 0xB9, 0xF7, 0x1F, 0x87, 0xFE, 0xFC, 0x1F, 0xF3, 0xC0, 0xFF, 0x9E, 0x87,
    0xFD, 0xF6, 0x3B, 0x8F, 0xF1, 0xFF, 0xFF, 0x8F, 0xFF, 0x7C, 0x70, 0x21, 0xC0, 0x00, 0x00, 0x00,
    0x0E, 0x00, 0x01, 0xC0, 0x00, 0x3C, 0x01, 0xFF, 0xFC, 0x3F, 0xFF, 0x87, 0xFF, 0xF0, 0xE0, 0x0E,
    0x1C, 0x01, 0xC3, 0x80, 0x38, 0x7F, 0xFF, 0x0F, 0xFF, 0xE3, 0xFF, 0xFC, 0x78, 0x03, 0x8E, 0x00,
    0x01, 0xC0, 0x00, 0x38, 0x00, 0x0F, 0x00, 0x01, 0xC0, 0x00, 0x78, 0x00, 0x06, 0x00, 0x00, 0x00,
    0x00, 0x00, 0x00, 0x80, 0x60, 0x7E, 0x7F, 0x9F, 0xFF, 0xFC, 0xFF, 0xBF, 0x87, 0x81, 0xC0, 0x3F,
    0xEE, 0x01, 0xFF, 0x70, 0x0F, 0xFB, 0xFF, 0x79, 0xDF, 0xFB, 0xCE, 0xFF, 0x9F, 0xF7, 0x78, 0xFF,
    0xBB, 0xC7, 0xFF, 0xDE, 0x38, 0x1C, 0xF1, 0xC0, 0xE7, 0x8E, 0x0F, 0x3C, 0x70, 0x79, 0xE7, 0x87,
    0x8F, 0x38, 0x38, 0x78, 0xC0, 0xC3, 0xC0, 0x00, 0x0F, 0x81, 0xFF, 0xFE, 0x0F, 0xFF, 0xF0, 0x7F,
    0xF0, 0x00, 0x07, 0x00, 0x00, 0x38, 0x00, 0xFF, 0xFF, 0x87, 0xFF, 0xFC, 0x3F, 0xFF, 0xE0, 0x03,
    0x80, 0x00, 0x1C, 0x01, 0xFF, 0xFF, 0xEF, 0xFF, 0xFF, 0x3F, 0xFF, 0xF8, 0x01, 0xC0, 0x00, 0x0E,
    0x00, 0x00, 0x70, 0x00, 0x3F, 0x80, 0x01, 0xFC, 0x00, 0x0F, 0xC0, 0x00, 0x00, 0x00, 0x00, 0x1C,
    0x00, 0x00, 0xF3, 0xFF, 0x87, 0xBF, 0xFE, 0x3D, 0xFF, 0xF7, 0xF8, 0x38, 0x3F, 0xC1, 0xC1, 0xFE,
    0x0E, 0x03, 0xC0, 0x70, 0x1E, 0x03, 0x80, 0xFC, 0x1C, 0x1F, 0xE0, 0xE1, 0xFF, 0x07, 0x07, 0xE0,
    0x38, 0x3F, 0x01, 0xC0, 0x78, 0x0E, 0x03, 0xC0, 0x70, 0x1E, 0x03, 0x83, 0xE1, 0xFC, 0x1F, 0x07,
    0xE0, 0xF8, 0x3E, 0x00, 0x1C, 0x00, 0x01, 0xC0, 0x00, 0x1C, 0xFF, 0xF1, 0xCF, 0xFF, 0xFF, 0xFF,
    0xFF, 0xF8, 0x0F, 0x7F, 0x80, 0xF1, 0xC0, 0x0F, 0x1C, 0x7F, 0xF1, 0xFF, 0xFF, 0xFF, 0xFF, 0xFF,
    0xF8, 0x0F, 0x7C, 0x00, 0xF1, 0xC0, 0x0F, 0x1C, 0x00, 0xF1, 0xC0, 0x0F, 0x1C, 0xFF, 0xF7, 0xCF,
    0xFF, 0x7C, 0x7F, 0xF7, 0xC0, 0x0E, 0x1C, 0x3D, 0x80, 0xE1, 0xFE, 0x07, 0x0F, 0xF8, 0x38, 0x7B,
    0xCF, 0xF3, 0xCF, 0x7F, 0x9F, 0xF9, 0xFF, 0xFF, 0xC3, 0x9F, 0xF8, 0x1C, 0x1C, 0xE0, 0xF8, 0xE7,
    0x1F, 0xE7, 0x79, 0xFE, 0x3F, 0x87, 0xC0, 0xFC, 0x2E, 0x07, 0xC0, 0x70, 0x3C, 0xC3, 0x87, 0xE7,
    0x1C, 0x7F, 0xF3, 0xEF, 0xFF, 0x9F, 0x3C, 0xFC, 0xF0, 0x83, 0xC0, 0x00, 0x00, 0x00, 0x00, 0x00,
    0x00, 0xE0, 0xF0, 0x07, 0x03, 0x80, 0x38, 0x1C, 0x01, 0xCF, 0xFF, 0x7F, 0xFF, 0xFF, 0xFF, 0xFF,
    0xEF, 0xE0, 0x00, 0x1C, 0x3F, 0xC0, 0xE3, 0xFE, 0x07, 0xDF, 0xF0, 0xFE, 0xF3, 0x8F, 0xF7, 0x9C,
    0x7E, 0x3C, 0xE1, 0x71, 0xC7, 0x03, 0x8E, 0x3C, 0x1C, 0x71, 0xF8, 0xE7, 0x8F, 0xDF, 0x78, 0x7E,
    0xFF, 0xC3, 0xF7, 0x9C, 0x1F, 0x00, 0x00, 0x00, 0x1C, 0x00, 0x00, 0xE7, 0xFF, 0x07, 0x3F, 0xF8,
    0x39, 0xFF, 0xCF, 0xFE, 0x0E, 0x7F, 0xF7, 0xF1, 0xFF, 0x9F, 0x83, 0x9C, 0x00, 0x1C, 0xFF, 0xF0,
    0xFF, 0xFF, 0xBF, 0xFF, 0xF9, 0xFF, 0xFD, 0xCF, 0xCE, 0xFE, 0x2E, 0x77, 0xF0, 0x73, 0x9F, 0x03,
    0x9C, 0xF8, 0x1C, 0xEF, 0xE7, 0xE7, 0xFF, 0xBF, 0x3F, 0xBC, 0xF1, 0xF8, 0xC0, 0x00, 0x00, 0x00,
    0x1C, 0x00, 0x00, 0xE7, 0xFF, 0x07, 0x3F, 0xF8, 0x39, 0xFF, 0xCF, 0xF3, 0xFC, 0x7F, 0x8F, 0xC1,
    0xFC, 0x7E, 0x03, 0x9F, 0xFE, 0x1D, 0xFB, 0xF8, 0xFF, 0x77, 0x9F, 0xE3, 0x89, 0xFF, 0xFF, 0xC7,
    0xCF, 0xFE, 0x2E, 0x3F, 0xF0, 0x73, 0xFF, 0xC3, 0xBF, 0xFE, 0x1D, 0xFF, 0xF3, 0xE0, 0x70, 0x1F,
    0x03, 0x80, 0xF0, 0x1C, 0x00, 0x1C, 0x0E, 0x00, 0xE0, 0x70, 0x07, 0x3F, 0xFC, 0x39, 0xFF, 0xEF,
    0xFF, 0xFF, 0x7F, 0xFE, 0x39, 0xFF, 0xF1, 0xC3, 0x83, 0x80, 0x1D, 0xFF, 0xF8, 0xFF, 0xFF, 0xCF,
    0xFF, 0xFD, 0xFE, 0xF3, 0x8F, 0xE7, 0x1C, 0x7E, 0x7F, 0xE0, 0x71, 0xFE, 0x03, 0x83, 0xF0, 0x1C,
    0x1F, 0xC3, 0xE7, 0xFF, 0x9F, 0x7E, 0x3C, 0xF1, 0xC0, 0xC0, 0x00, 0x00, 0x00, 0x1C, 0x3C, 0x00,
    0xE1, 0xE0, 0x07, 0x1F, 0xF8, 0x39, 0xFF, 0xCF, 0xFE, 0x3C, 0x7F, 0xFF, 0xF1, 0xFF, 0xFF, 0x83,
    0x9D, 0xDC, 0x1C, 0xEE, 0xE0, 0xF7, 0x77, 0x1F, 0xFB, 0xB9, 0xFF, 0xDD, 0xCF, 0xDF, 0xFF, 0x3E,
    0xFF, 0xF8, 0x70, 0x7C, 0x03, 0x87, 0xF0, 0x3C, 0xFB, 0xE3, 0xFF, 0x8F, 0xDE, 0xF0, 0x1C, 0xE3,
    0x00, 0x40, 0x1C, 0x00, 0x00, 0xE7, 0xFF, 0x87, 0x3F, 0xFC, 0x39, 0xFF, 0xEF, 0xFE, 0x07, 0x7F,
    0xFF, 0xF9, 0xFF, 0xFF, 0xC3, 0x9C, 0xE0, 0x1C, 0xE7, 0x00, 0xFF, 0xFF, 0xBF, 0xFF, 0xFD, 0xFF,
    0xCE, 0x0F, 0xDC, 0x70, 0x0E, 0xFF, 0xF8, 0x77, 0xFF, 0xC3, 0xBF, 0x0E, 0x1F, 0xF8, 0x73, 0xFD,
    0xFF, 0x9E, 0xEF, 0xFC, 0xC2, 0x70, 0xE0, 0x1C, 0x0E, 0x00, 0xE0, 0x70, 0x07, 0x3F, 0xFC, 0x39,
    0xFF, 0xEF, 0xE7, 0x1C, 0x7F, 0x3D, 0xE1, 0xF8, 0xEE, 0x03, 0xBF, 0xFE, 0x1D, 0xFF, 0xF0, 0xF0,
    0xE0, 0x1F, 0x87, 0x01, 0xFF, 0xFF, 0xFF, 0xDF, 0xFF, 0xBE, 0x38, 0xE0, 0x73, 0xEF, 0x03, 0x9F,
    0xF0, 0x1C, 0x3F, 0x83, 0xE7, 0xFF, 0x1E, 0x7F, 0xFC, 0xF3, 0xE1, 0xC0, 0x00, 0x00, 0x00, 0x1C,
    0x0E, 0x00, 0xE0, 0x70, 0x07, 0x03, 0xC0, 0x3B, 0xFF, 0xEF, 0xFF, 0xFF, 0x7F, 0xE8, 0xB9, 0xFF,
    0xEF, 0xC3, 0x8F, 0x78, 0x1D, 0xF1, 0xF0, 0xFF, 0x07, 0x8F, 0xBF, 0xF9, 0xFF, 0xFF, 0xCF, 0xCF,
    0xFE, 0x3E, 0x07, 0x00, 0x70, 0x38, 0x03, 0x81, 0xC0, 0x3C, 0x0E, 0x03, 0xDF, 0xFF, 0xDE, 0xFF,
    0xFE, 0xC3, 0xFF, 0xE0, 0x1C, 0x39, 0xC1, 0xC3, 0x9C, 0x1C, 0x39, 0xC1, 0xDF, 0xFF, 0xFF, 0xFF,
    0xFF, 0xFF, 0xFF, 0x7E, 0x39, 0xC1, 0xC3, 0x9C, 0x1C, 0xFF, 0xF1, 0xEF, 0xFF, 0xFF, 0xFF, 0xFF,
    0xEE, 0xE7, 0x7C, 0xFF, 0xF1, 0xCF, 0xFF, 0x1C, 0xEE, 0xF1, 0xCE, 0xE7, 0x3C, 0xFF, 0xF7, 0x8F,
    0xFF, 0x78, 0xFF, 0xF6, 0x0E, 0x07, 0x1C, 0x00, 0x00, 0xE7, 0xFF, 0x07, 0x3F, 0xF8, 0x39, 0xFF,
    0xCF, 0xFF, 0xFE, 0x7F, 0xF0, 0x71, 0xFB, 0xFF, 0x83, 0x9F, 0xFC, 0x1C, 0x00, 0x00, 0xFF, 0xFF,
    0xBF, 0xFF, 0xFD, 0xFE, 0x9C, 0x0F, 0xCE, 0xE0, 0x2E, 0x77, 0xF0, 0x73, 0xBF, 0x83, 0xBF, 0xC0,
    0x3D, 0xFE, 0x03, 0xFF, 0xFF, 0xDE, 0xE3, 0xFC, 0xC2, 0x01, 0xC0, 0x3C, 0x00, 0xE3, 0xC7, 0xFE,
    0x3C, 0xFF, 0xE3, 0xCF, 0xF8, 0x7E, 0x0E, 0x07, 0xFF, 0xFF, 0x7F, 0xFF, 0xF3, 0xCF, 0xFF, 0x3C,
    0x3E, 0x03, 0xEF, 0xFF, 0x3F, 0xFF, 0xFF, 0xFE, 0xE7, 0xFC, 0xEE, 0x77, 0xCF, 0xFF, 0x3C, 0xFF,
    0xF3, 0xCE, 0xE7, 0x3C, 0xFF, 0xF7, 0xCF, 0xFF, 0x7C, 0xFF, 0xF7, 0x8E, 0x07, 0x1C, 0x0E, 0x00,
    0xE1, 0xF0, 0x07, 0x3F, 0xFC, 0x39, 0xFF, 0xE7, 0xEC, 0xE7, 0x7F, 0xFF, 0xFB, 0xFF, 0xFF, 0xC3,
    0x99, 0xCE, 0x1C, 0xFF, 0xF0, 0xFF, 0xFF, 0x9F, 0xC3, 0x81, 0xFE, 0x1C, 0x0F, 0xCF, 0xFF, 0x3E,
    0x7F, 0xF0, 0x73, 0xC7, 0x83, 0x8F, 0xF8, 0x1C, 0x3F, 0x83, 0xEF, 0xFF, 0x9F, 0xFF, 0xFC, 0xF3,
    0xC1, 0xE0, 0x00, 0x00, 0x00, 0x03, 0x8E, 0x00, 0x1C, 0xF0, 0x1E, 0xE7, 0x00, 0xF7, 0x38, 0x07,
    0xB9, 0xFF, 0xBD, 0xDF, 0xFD, 0xEE, 0xFF, 0xCF, 0x7F, 0x1C, 0x7B, 0xFC, 0xE3, 0xDF, 0xEF, 0x1E,
    0xFF, 0x70, 0xF7, 0x1F, 0x87, 0xF8, 0xFC, 0x3F, 0xC3, 0xC1, 0xFE, 0x1E, 0x0F, 0x71, 0xF8, 0x23,
    0x9F, 0xE0, 0x1F, 0xFF, 0x80, 0xFF, 0x3C, 0x07, 0x60, 0xC0, 0x00, 0x00, 0x00, 0x0E, 0x0E, 0x00,
    0x70, 0xF0, 0x03, 0x87, 0x80, 0x1C, 0x38, 0x0F, 0xFF, 0xFF, 0xFF, 0xFF, 0xFD, 0xFF, 0xFF, 0xC1,
    0xCF, 0x9C, 0x0E, 0x7C, 0xE3, 0xFF, 0xEF, 0x1F, 0xFF, 0xF0, 0xFF, 0x9F, 0x87, 0x1C, 0xF8, 0x38,
    0xE3, 0xC1, 0xC7, 0x1E, 0x0F, 0xF9, 0xF8, 0x7F, 0xFF, 0xE3, 0xFF, 0xEF, 0x9C, 0x1E, 0x3C, 0x00,
    0xC0, 0xC0, 0x3F, 0xCE, 0x03, 0xFF, 0x70, 0x0F, 0xFB, 0x80, 0x7F, 0x9C, 0x07, 0xFF, 0xFF, 0x3F,
    0xFF, 0xF8, 0x7F, 0x7F, 0xCF, 0xFF, 0xDC, 0xFF, 0xFE, 0xE3, 0x73, 0xFE, 0x03, 0x8F, 0xF0, 0xFF,
    0xCF, 0x87, 0xFE, 0x7C, 0x1C, 0xE1, 0xC0, 0xFF, 0x1F, 0x07, 0xF1, 0xF8, 0x1F, 0xDF, 0xE3, 0xFF,
    0xE7, 0xFF, 0x3E, 0x1C, 0xE0, 0x60, 0x40, 0x00, 0x00, 0x00, 0x07, 0x80, 0x00, 0x1C, 0x00, 0x00,
    0xF0, 0x07, 0xFF, 0xFF, 0x3F, 0xFF, 0xF9, 0xFF, 0xFF, 0xC1, 0xC0, 0xF0, 0x07, 0x07, 0x80, 0x38,
    0x78, 0x01, 0xE3, 0xC0, 0x07, 0xBC, 0x00, 0x1F, 0xC0, 0x00, 0xFE, 0x00, 0x03, 0xE0, 0x00, 0x3F,
    0xC0, 0x07, 0xFF, 0x01, 0xFE, 0xFF, 0x3F, 0xC1, 0xFC, 0xF8, 0x03, 0xE7, 0x00, 0x06, 0x00, 0x03,
    0x00, 0xE0, 0x38, 0x07, 0x03, 0xF3, 0xB8, 0x3F, 0xFF, 0xC3, 0xDF, 0xFE, 0x7F, 0xFB, 0xF3, 0xFF,
    0x83, 0x8F, 0xFB, 0x1C, 0x07, 0x3E, 0xE3, 0xFF, 0xFF, 0x1F, 0xFB, 0xF8, 0xFF, 0xC9, 0xE0, 0x70,
    0x3F, 0x9F, 0xEF, 0xFD, 0xFF, 0xFF, 0xCE, 0xFF, 0xDC, 0xF7, 0xE0, 0xE3, 0xFB, 0x07, 0x07, 0xC0,
    0x38, 0x3C, 0x01, 0xC0, 0x47, 0x01, 0xCE, 0xFC, 0xFE, 0xFF, 0xFF, 0xEF, 0xFF, 0xF0, 0xFF, 0xFC,
    0x0F, 0xFB, 0xC0, 0xFF, 0xFC, 0x0F, 0xFF, 0xFF, 0xE7, 0xBF, 0xFE, 0xFB, 0xFE, 0xEF, 0xF9, 0xCF,
    0xFF, 0x9C, 0xFF, 0xF9, 0xCF, 0xF3, 0x9C, 0xF7, 0x39, 0xCF, 0xFB, 0x9C, 0xFF, 0xF9, 0xCF, 0xFF,
    0x9C, 0x00, 0x71, 0xC0, 0x03, 0x1C, 0x00, 0x00, 0x00, 0x00, 0x00, 0x00, 0x70, 0x07, 0x03, 0x83,
    0xFC, 0xFF, 0xFF, 0xC7, 0xFF, 0xF0, 0x1C, 0xEE, 0x00, 0xEF, 0x70, 0x07, 0x73, 0x80, 0xFF, 0xFF,
    0xFF, 0xFF, 0xFF, 0xC3, 0x87, 0xFC, 0x1C, 0x3B, 0xC7, 0xFF, 0xDE, 0x3F, 0xFE, 0xF0, 0xFB, 0x77,
    0x8F, 0xFB, 0xBC, 0x7E, 0xFD, 0xE7, 0x77, 0xCF, 0x1F, 0x8E, 0x78, 0x3C, 0x73, 0xC0, 0x01, 0x1E,
    0x00, 0x00, 0x00, 0x00, 0x07, 0x00, 0x00, 0x70, 0x00, 0x07, 0x80, 0x7F, 0xFF, 0xF7, 0xFF, 0xFF,
    0x7F, 0xFF, 0xF0, 0x38, 0x00, 0x03, 0x80, 0x00, 0x3F, 0xFC, 0x03, 0xFF, 0xC0, 0x7F, 0xFC, 0x07,
    0x81, 0xC0, 0x78, 0x1C, 0x0F, 0x01, 0xC0, 0xF0, 0x3C, 0x1E, 0x03, 0xC3, 0xE0, 0x78, 0x7C, 0x7F,
    0x87, 0x83, 0xF0, 0x20, 0x3E, 0x00, 0x3F, 0xFF, 0xE1, 0xFF, 0xFF, 0x0F, 0xFF, 0xF8, 0x01, 0xE0,
    0x00, 0x0F, 0x00, 0x00, 0x70, 0x01, 0xFF, 0xFF, 0xCF, 0xFF, 0xFE, 0x7F, 0xFF, 0xF0, 0x0F, 0xC0,
    0x00, 0x7E, 0x00, 0x03, 0xF0, 0x00, 0x3F, 0x80, 0x03, 0xDC, 0x38, 0x3E, 0xE1, 0xC7, 0xE7, 0x8E,
    0x7E, 0x3F, 0xF3, 0xE0, 0xFF, 0x8C, 0x03, 0xF8, 0x00, 0x03, 0x8F, 0xE0, 0x38, 0xFF, 0x03, 0x8F,
    0xF0, 0x38, 0xE7, 0xFF, 0xFE, 0x7F, 0xFF, 0xE7, 0xFF, 0xEF, 0xF0, 0x38, 0xFF, 0x63, 0x8F, 0xFF,
    0x38, 0xE7, 0x7B, 0x8E, 0x73, 0xB8, 0xE7, 0x3F, 0x8F, 0xF1, 0xB8, 0xFF, 0x03, 0x8F, 0xF0, 0x38,
    0xE0, 0x03, 0x8E, 0x03, 0xF8, 0x00, 0x1F, 0x80, 0x01, 0xE0, 0x00, 0x1C, 0x0F, 0xC1, 0xC0, 0xFE,
    0x1C, 0x0F, 0xEF, 0xFE, 0xEE, 0xFF, 0xEE, 0xEF, 0xFE, 0xEE, 0xFC, 0xEF, 0xEF, 0xCE, 0xFE, 0xFC,
    0xEF, 0xEF, 0xCE, 0xEF, 0xFF, 0xFE, 0xFF, 0xFF, 0xEF, 0xFF, 0xEF, 0xE1, 0xF0, 0xFE, 0x3F, 0x0F,
    0xE7, 0xF8, 0xE0, 0xF3, 0xCE, 0x3F, 0x1E, 0x03, 0xC1, 0xE0, 0x18, 0x06, 0x1F, 0xFF, 0xC0, 0xFF,
    0xFE, 0x07, 0x00, 0x70, 0x3F, 0xFF, 0x81, 0xFF, 0xFC, 0x0F, 0xFF, 0xE0, 0x7F, 0xFF, 0x00, 0x00,
    0x00, 0x7F, 0xFF, 0xF3, 0xFF, 0xFF, 0x9F, 0xFF, 0xF8, 0x1C, 0xFF, 0x81, 0xE7, 0xFE, 0x0F, 0x3F,
    0xF0, 0xFD, 0xC0, 0x07, 0xFE, 0x00, 0xFB, 0xFF, 0xF3, 0x8F, 0xFF, 0x88, 0x0F, 0xFC, 0x1F, 0xFF,
    0xC0, 0xFF, 0xFE, 0x07, 0x00, 0x70, 0x3F, 0xFF, 0x81, 0xFF, 0xFC, 0x0E, 0x00, 0xE0, 0x70, 0x07,
    0x03, 0xFF, 0xF8, 0x1F, 0xFF, 0xC0, 0x0C, 0xE0, 0x0E, 0xF7, 0x38, 0x77, 0xBB, 0xC1, 0xFD, 0xDC,
    0x0F, 0xEF, 0xE0, 0x3F, 0x76, 0x1F, 0xFF, 0xFE, 0xFF, 0xFF, 0xFF, 0xFF, 0xFF, 0xC0, 0x06, 0x07,
    0x00, 0xF0, 0x70, 0x07, 0x0F, 0x03, 0xFF, 0xFE, 0x3F, 0xFF, 0xE1, 0xDD, 0xDC, 0x1D, 0xDD, 0xC1,
    0xDD, 0xF8, 0x7F, 0xFF, 0xF7, 0xFF, 0xFF, 0x00, 0x00, 0x01, 0xFF, 0xFC, 0x1F, 0xFF, 0xC1, 0xC0,
    0x3C, 0x1F, 0xFF, 0xC1, 0xFF, 0xFC, 0x1C, 0x03, 0xC1, 0xFF, 0xFC, 0x1F, 0xFF, 0xC1, 0xC0, 0x1C,
    0x7F, 0xFF, 0xF3, 0xFF, 0xFF, 0x9F, 0xFF, 0xFC, 0x00, 0xE0, 0x01, 0xFF, 0xFE, 0x0F, 0xFF, 0xF0,
    0x71, 0xC7, 0x83, 0xFF, 0xFC, 0x1F, 0xFF, 0xE0, 0xE3, 0x8F, 0x07, 0xFF, 0xF8, 0x3F, 0xFF, 0xC1,
    0xEF, 0x00, 0x0F, 0xF0, 0x00, 0x3F, 0x80, 0x01, 0xFF, 0xC0, 0x7F, 0xFF, 0xFB, 0xF3, 0xFF, 0x8E,
    0x00, 0xFC, 0x1F, 0xFF, 0xC0, 0xFF, 0xFE, 0x07, 0x00, 0xF0, 0x3F, 0xFF, 0x81, 0xFF, 0xFC, 0x0F,
    0xFF, 0xE0, 0x7F, 0xFF, 0x00, 0x00, 0x00, 0x7F, 0xFF, 0xF3, 0xFF, 0xFF, 0x8E, 0x70, 0x00, 0x7F,
    0xFF, 0xE3, 0xFF, 0xFF, 0x1F, 0xEE, 0x70, 0xFF, 0x3F, 0x87, 0x39, 0xF8, 0x7F, 0xE7, 0xC3, 0xFF,
    0xFF, 0x9F, 0xFF, 0xFC, 0x03, 0xB0, 0xC0, 0x01, 0xC0, 0x00, 0x1C, 0x00, 0x7F, 0xFF, 0xF7, 0xFF,
    0xFF, 0x7F, 0xFF, 0xF0, 0x78, 0x00, 0x0F, 0xFF, 0x80, 0xFF, 0xFC, 0x1F, 0xFF, 0xC3, 0xF0, 0x1C,
    0xFF, 0xFF, 0xC7, 0xFF, 0xFC, 0x67, 0x03, 0xC0, 0x70, 0x3C, 0x07, 0xFF, 0xC0, 0x7F, 0xFC, 0x07,
    0x01, 0xC0, 0x70, 0xFC, 0x07, 0x0F, 0xC0, 0x70, 0xF8, 0x3F, 0xFF, 0xF1, 0xFF, 0xFF, 0x8F, 0xFF,
    0xFC, 0x77, 0xE1, 0xE3, 0xFF, 0x3F, 0x1F, 0xF9, 0xF0, 0xFF, 0xC0, 0x07, 0x7F, 0xFE, 0x33, 0xFF,
    0xF3, 0xFF, 0xFF, 0x9F, 0xFF, 0xB8, 0xFF, 0xEF, 0xC7, 0x3F, 0x7E, 0x39, 0xF9, 0xE1, 0xCF, 0xCF,
    0x0E, 0x7E, 0xFC, 0x7F, 0xFF, 0xFF, 0x7F, 0xF3, 0x9B, 0xDD, 0x0C, 0x00, 0x00, 0x00, 0x00, 0x70,
    0x00, 0x03, 0x80, 0x00, 0x1C, 0x00, 0x7F, 0xFF, 0x83, 0xFF, 0xFE, 0x1F, 0xFF, 0xF0, 0x01, 0xC0,
    0x00, 0x0E, 0x00, 0x7F, 0xFF, 0xF3, 0xFF, 0xFF, 0x9F, 0xFF, 0xFC, 0x03, 0xF8, 0x00, 0x3F, 0xE0,
    0x03, 0xFF, 0x80, 0x3D, 0xFE, 0x07, 0xCE, 0xFC, 0xFC, 0x73, 0xF3, 0xC3, 0x87, 0x9C, 0x1C, 0x18,
    0x00, 0xE0, 0x00, 0x00, 0x70, 0x00, 0x03, 0x80, 0x00, 0x1C, 0x00, 0x00, 0xE0, 0x07, 0xFF, 0xFF,
    0x3F, 0xFF, 0xF9, 0xFF, 0xFF, 0xC0, 0x7F, 0xC0, 0x07, 0xFE, 0x00, 0x3B, 0xF8, 0x03, 0xDD, 0xE0,
    0x3C, 0xEF, 0x01, 0xE7, 0x3C, 0x1E, 0x38, 0xF3, 0xFF, 0xFF, 0xCF, 0xFF, 0xFE, 0x6F, 0xFF, 0x60,
    0x03, 0x80, 0x00, 0x1C, 0x00, 0x00, 0xE0, 0x00, 0x0E, 0x00, 0x00, 0x71, 0xFE, 0x03, 0x8F, 0xF0,
    0x1C, 0x7F, 0x87, 0xFB, 0x9C, 0x3F, 0xDC, 0xE1, 0xFE, 0xE7, 0x03, 0xC7, 0x38, 0x1E, 0x39, 0xC1,
    0xF9, 0xCE, 0x0F, 0xEE, 0x70, 0xFF, 0xF3, 0x87, 0xFF, 0x9C, 0x77, 0x38, 0xE3, 0xB9, 0xC7, 0xE9,
    0xDE, 0x3F, 0x0E, 0xE1, 0xF8, 0x7F, 0x0F, 0xC3, 0xF0, 0x7C, 0x1C, 0x81, 0xC0, 0x00, 0x70, 0x00,
    0x03, 0x80, 0x1F, 0xFF, 0xFC, 0xFF, 0xFF, 0xE7, 0xFF, 0xFE, 0x00, 0x38, 0x00, 0xFF, 0xFF, 0x87,
    0xFF, 0xFC, 0x3F, 0xFF, 0xE1, 0xE3, 0x8F, 0x0F, 0xFF, 0xF8, 0x7F, 0xFF, 0xC3, 0xFF, 0xFE, 0x00,
    0xFE, 0x00, 0x1F, 0xFC, 0x01, 0xFF, 0xF0, 0x3F, 0x77, 0xE3, 0xE3, 0x9F, 0x9E, 0x1C, 0x3C, 0x40,
    0xE0, 0x40, 0x01, 0xC0, 0x00, 0x1E, 0x00, 0x01, 0xFF, 0xE0, 0x1F, 0xFF, 0x03, 0xF8, 0xF0, 0x3F,
    0xEF, 0x80, 0xE7, 0xF0, 0x00, 0x7F, 0xC0, 0x3F, 0xFF, 0xF7, 0xFE, 0xFF, 0x9F, 0x9C, 0xFC, 0xE0,
    0xE0, 0x41, 0xFF, 0xFC, 0x0F, 0xFF, 0xE0, 0x19, 0xC8, 0x01, 0xEE, 0xF0, 0x3E, 0x77, 0xC3, 0xEF,
    0x9F, 0x0E, 0x7C, 0x78, 0x03, 0xC1, 0x00, 0x00, 0x70, 0x00, 0x03, 0x80, 0x0F, 0xFF, 0xF8, 0x7F,
    0xFF, 0xC3, 0xFF, 0xFE, 0x0E, 0x38, 0xE0, 0x79, 0xCF, 0x01, 0xCE, 0x70, 0x0F, 0x77, 0x83, 0xFF,
    0xFF, 0x9F, 0xFF, 0xFC, 0xFF, 0xFF, 0xE0, 0x1F, 0xC0, 0x01, 0xFF, 0x00, 0x3F, 0xFC, 0x03, 0xEE,
    0xF8, 0x7E, 0x73, 0xF7, 0xE3, 0x8F, 0x9C, 0x1C, 0x1C, 0x00, 0xE0, 0x00, 0x1C, 0x11, 0x80, 0xE1,
    0xFE, 0x07, 0x0E, 0xF0, 0x38, 0x73, 0x8F, 0xFF, 0x9E, 0x7F, 0xF8, 0xF1, 0xFF, 0xF3, 0xC3, 0xDF,
    0xDE, 0x3F, 0xEE, 0x71, 0xFA, 0xF1, 0x0F, 0xE7, 0x80, 0xFF, 0x39, 0x07, 0xDB, 0xDC, 0x7E, 0x9C,
    0xE3, 0xF1, 0xE7, 0x8B, 0x8F, 0x3C, 0x1C, 0xFF, 0xF0, 0xE7, 0xFF, 0x87, 0x3F, 0xFC, 0x38, 0x80,
    0xC0, 0x1E, 0x00, 0xC0, 0xF0, 0x7F, 0x07, 0x8F, 0xF8, 0x3C, 0x7E, 0x07, 0xFF, 0x80, 0x3F, 0xFC,
    0x01, 0xFE, 0xE0, 0x03, 0xC7, 0xFF, 0x3E, 0x3F, 0xF9, 0xF9, 0xFF, 0x8F, 0xFE, 0x70, 0xFF, 0xF3,
    0x87, 0xF7, 0x1C, 0x7F, 0x38, 0xE3, 0xF9, 0xC7, 0x0B, 0xCE, 0x38, 0x1E, 0xF1, 0xC0, 0xF7, 0x0E,
    0x07, 0xB8, 0x70, 0x3C, 0x83, 0x80, 0x00, 0x70, 0x00, 0x03, 0x80, 0x1F, 0xFF, 0xF8, 0xFF, 0xFF,
    0xE7, 0xFF, 0xFF, 0x03, 0xFF, 0x00, 0x3F, 0xFE, 0x07, 0xEE, 0xFC, 0xFC, 0x71, 0xF3, 0xFF, 0xFF,
    0x8B, 0xFF, 0xE8, 0x1C, 0x0F, 0x00, 0xFF, 0xF8, 0x07, 0xFF, 0xC0, 0x3F, 0xFE, 0x01, 0xFF, 0xF0,
    0x00, 0x00, 0x03, 0xFF, 0xFF, 0x9F, 0xFF, 0xFC, 0xFF, 0xFF, 0xC0, 0x1C, 0x00, 0x00, 0xE1, 0xFF,
    0x07, 0x1F, 0xF8, 0x38, 0xFF, 0xC7, 0xF8, 0x00, 0x7F, 0xC0, 0x03, 0xFF, 0xFF, 0xC3, 0xDF, 0xFE,
    0x3E, 0xFF, 0xF1, 0xF8, 0x78, 0x0F, 0xE3, 0xC0, 0xFF, 0xFF, 0xC7, 0xD7, 0xFE, 0x7E, 0x7F, 0xF9,
    0xF3, 0xBD, 0xCB, 0x9D, 0xEE, 0x1D, 0xCF, 0x70, 0xE7, 0xF9, 0x87, 0x07, 0x80, 0x38, 0x38, 0x00,
    0x1C, 0x30, 0xE1, 0xC7, 0x8E, 0x1C, 0x39, 0xC1, 0xC3, 0xDC, 0x7F, 0xFF, 0xF7, 0xFF, 0xFF, 0x7F,
    0xFF, 0xF1, 0xE0, 0x00, 0x3E, 0x00, 0x03, 0xF0, 0x00, 0x3F, 0xFF, 0xE7, 0xF7, 0xFE, 0x7F, 0x7F,
    0xEF, 0xC0, 0x00, 0xFC, 0x00, 0x05, 0xC0, 0x00, 0x1D, 0xFF, 0xF1, 0xDF, 0xFF, 0x1D, 0xFF, 0xF1,
    0xC0, 0x00, 0x1C, 0x70, 0xE0, 0xE3, 0x87, 0x07, 0x1E, 0x78, 0x38, 0x73, 0x87, 0xFF, 0xFF, 0x3F,
    0xFF, 0xF9, 0xFF, 0xFF, 0xC3, 0x81, 0xE0, 0x3E, 0x7F, 0xE1, 0xFB, 0xFF, 0x0F, 0xDF, 0xF8, 0xFE,
    0x1E, 0x07, 0xFF, 0xFF, 0x7E, 0xFF, 0xF9, 0xF7, 0xFF, 0xCB, 0x81, 0xE0, 0x1C, 0x0F, 0x00, 0xE0,
    0x78, 0x07, 0x03, 0xC0, 0x38, 0x1E, 0x00, 0x1C, 0x0E, 0x01, 0xC4, 0xE4, 0x1C, 0xEE, 0x71, 0xCE,
    0xEF, 0x7F, 0xFE, 0xE7, 0xFF, 0xEE, 0x7F, 0xFF, 0xC1, 0xC0, 0xE4, 0x3E, 0xFF, 0xF3, 0xFF, 0xFF,
    0x3F, 0xFF, 0xF7, 0xF8, 0x07, 0x7F, 0xFF, 0xFF, 0xCF, 0xFF, 0xFC, 0xFF, 0xF5, 0xC0, 0x07, 0x1D,
    0xFF, 0xF1, 0xDF, 0xFF, 0x1D, 0xFF, 0xF1, 0xC0, 0x07, 0x00, 0x00, 0x00, 0xE0, 0x70, 0x07, 0x07,
    0x80, 0x38, 0x3E, 0x01, 0xC3, 0xF8, 0x7F, 0xBD, 0xE3, 0xFF, 0xC7, 0xCF, 0xFC, 0x3F, 0x3F, 0xFF,
    0xF1, 0xFB, 0xFC, 0x8F, 0x80, 0x00, 0xFF, 0x9C, 0xC7, 0xFE, 0xEE, 0x7E, 0x77, 0x73, 0xF3, 0xBB,
    0x0F, 0x8F, 0xF8, 0x5C, 0x61, 0x80, 0xEF, 0xFF, 0x07, 0x7F, 0xFC, 0x3B, 0xFF, 0xE1, 0xC0, 0x00,
    0x00, 0x1C, 0x39, 0xC0, 0xE1, 0xCE, 0x07, 0x7F, 0xFC, 0x3B, 0xFF, 0xE7, 0xE3, 0x9C, 0x7F, 0xFF,
    0xF3, 0xFB, 0xFF, 0x83, 0x9C, 0x1C, 0x3E, 0xFF, 0xE1, 0xFF, 0xFF, 0x0F, 0xFF, 0xF8, 0xFF, 0xFF,
    0xCF, 0xE0, 0xE0, 0x7E, 0xFF, 0xF9, 0xF7, 0xFF, 0xCB, 0x87, 0xF0, 0x1C, 0x7F, 0xE0, 0xEF, 0xCF,
    0xC7, 0x7C, 0x3C, 0x3B, 0x80, 0xC0, 0x1C, 0x39, 0xC0, 0xE1, 0xCE, 0x07, 0x3F, 0xFC, 0x39, 0xFF,
    0xE7, 0xF3, 0x9C, 0x3F, 0xFF, 0xFD, 0xFF, 0xFF, 0xE3, 0x81, 0xC0, 0x3E, 0xFF, 0xF1, 0xF7, 0xFF,
    0x8F, 0xFB, 0x9C, 0xFF, 0xFF, 0xE7, 0xFF, 0xFF, 0x7E, 0x77, 0x3B, 0xF3, 0xFF, 0xCB, 0x9F, 0xFE,
    0x1C, 0x39, 0xC0, 0xE7, 0xCF, 0x87, 0x7C, 0x3E, 0x39, 0x80, 0x60, 0x00, 0x70, 0x01, 0x07, 0x80,
    0x1C, 0x3C, 0x00, 0xF9, 0xFF, 0xC3, 0xEF, 0xFF, 0x0E, 0xFF, 0xF8, 0x27, 0x73, 0xC0, 0x7B, 0x9C,
    0x07, 0xDC, 0xE0, 0x1C, 0xEE, 0x03, 0x47, 0x90, 0x3C, 0x7C, 0x01, 0xC3, 0xF0, 0x1E, 0x1F, 0x81,
    0xE1, 0xFE, 0x0F, 0x1F, 0x78, 0xF1, 0xF3, 0xE1, 0xBF, 0x0F, 0x81, 0xF0, 0x3C, 0x07, 0x00, 0x40,
    0x00, 0x00, 0x00, 0x7F, 0xFF, 0xF7, 0xFF, 0xFF, 0x7F, 0xFF, 0xF0, 0x07, 0x80, 0x00, 0x78, 0x00,
    0x07, 0x80, 0x1C, 0x78, 0x01, 0xC7, 0xFE, 0x1C, 0x7F, 0xE1, 0xC7, 0xFE, 0x1C, 0x78, 0x01, 0xC7,
    0x80, 0x1C, 0x78, 0x01, 0xC7, 0x80, 0x1C, 0x78, 0x07, 0xFF, 0xFF, 0x7F, 0xFF, 0xF7, 0xFF, 0xFF,
    0x03, 0x8E, 0x00, 0x1C, 0x70, 0x00, 0xE3, 0x80, 0x07, 0x1C, 0x03, 0xB8, 0xE0, 0x1D, 0xC7, 0x30,
    0xEF, 0xFF, 0xC7, 0x7F, 0xFE, 0x3B, 0xFF, 0xC1, 0xDC, 0x78, 0x0E, 0xE3, 0x80, 0x77, 0x1C, 0x03,
    0xB8, 0xE0, 0x1D, 0xC7, 0x10, 0xEE, 0x38, 0xE7, 0x7D, 0xC7, 0x3F, 0xFE, 0x7F, 0xFF, 0xFF, 0x9F,
    0xF3, 0xFC, 0xF0, 0x0F, 0xC0, 0x00, 0x78, 0x00, 0xE7, 0xFC, 0x0E, 0x7F, 0xE0, 0xE7, 0xFE, 0x0E,
    0x78, 0x00, 0xE7, 0x80, 0x7F, 0xFF, 0xF7, 0xFF, 0xFF, 0x7F, 0xFF, 0xF0, 0x77, 0x0C, 0x0F, 0x71,
    0xE1, 0xE7, 0x3C, 0x7C, 0x77, 0xC7, 0x87, 0xF8, 0x30, 0x7F, 0x00, 0x0F, 0xE0, 0x0F, 0xF8, 0x07,
    0xFF, 0x00, 0x7F, 0x80, 0x03, 0xC0, 0x00, 0x00, 0x00, 0x00, 0x1C, 0x00, 0x07, 0xFF, 0xF0, 0x7F,
    0x7F, 0x83, 0xC3, 0xDC, 0x1C, 0x1C, 0xE0, 0xFE, 0xE7, 0x07, 0xF7, 0x38, 0x3F, 0xF9, 0xF1, 0xC3,
    0x8F, 0x8F, 0xFC, 0x00, 0x7F, 0xFF, 0xC3, 0xF7, 0xFE, 0x1C, 0x1C, 0xF0, 0xFE, 0xF7, 0x1F, 0xF3,
    0xF8, 0xFF, 0x8F, 0x87, 0xC0, 0xFC, 0x0E, 0x3F, 0xFC, 0x71, 0xFB, 0xE3, 0x87, 0x06, 0x00, 0x07,
    0x00, 0x00, 0x78, 0x00, 0x03, 0xFF, 0xFC, 0x3F, 0xFF, 0xE3, 0xFF, 0xFE, 0x1E, 0x00, 0x01, 0xFF,
    0xFF, 0x0F, 0xFF, 0xF8, 0x0F, 0xFF, 0xC0, 0x73, 0xDE, 0x3F, 0xFF, 0xFF, 0xFF, 0xFF, 0xF7, 0xCF,
    0x3F, 0x0E, 0x7D, 0xC0, 0x7F, 0xFF, 0x83, 0xFF, 0xFE, 0x1F, 0xFF, 0xF0, 0x00, 0x3C, 0x00, 0x07,
    0xE0, 0x00, 0x3E, 0x00, 0x70, 0x78, 0x0E, 0x0F, 0x01, 0xC1, 0xE0, 0x38, 0x3C, 0x47, 0x07, 0x9C,
    0xE0, 0xF7, 0xDF, 0xFF, 0xFB, 0xFF, 0xFC, 0x7F, 0xFF, 0x0E, 0x0F, 0xC1, 0xC1, 0xE0, 0x38, 0x3C,
    0x07, 0x07, 0x88, 0xE0, 0xF1, 0xDC, 0x7E, 0x3B, 0xFF, 0xC7, 0x7F, 0xF8, 0xFF, 0xEF, 0xFF, 0xE0,
    0xFF, 0x30, 0x0F, 0xC0, 0x10, 0x1C, 0x01, 0xE0, 0xF0, 0x0F, 0x83, 0x80, 0x1C, 0x1C, 0x00, 0x5F,
    0xFF, 0x00, 0xFF, 0xF9, 0xC7, 0xFF, 0xCF, 0x81, 0xC0, 0x7C, 0x0E, 0x00, 0xE0, 0x70, 0x00, 0x3F,
    0xF8, 0x09, 0xFF, 0xC0, 0xEF, 0xFE, 0x07, 0x07, 0x00, 0x78, 0x38, 0x03, 0x81, 0xC0, 0x3C, 0x0E,
    0x03, 0xDF, 0xFF, 0xDE, 0xFF, 0xFE, 0x67, 0xFF, 0xE0, 0x10, 0x3B, 0x01, 0xE1, 0xFC, 0x0F, 0x8E,
    0xF0, 0x1C, 0x73, 0xC0, 0x43, 0xFE, 0x01, 0xFF, 0xF1, 0x8F, 0xFF, 0x1F, 0x3F, 0x00, 0x7C, 0x3F,
    0xF0, 0xDF, 0xFF, 0x80, 0xFF, 0xFC, 0x17, 0xF8, 0xE1, 0xE1, 0xDF, 0x0E, 0x0F, 0xF0, 0x70, 0x7F,
    0x87, 0x83, 0xF6, 0x38, 0xFF, 0x73, 0xDF, 0xFF, 0x9C, 0x79, 0xFC, 0x63, 0x03, 0xC0, 0x00, 0xC0,
    0x73, 0x1C, 0x07, 0x78, 0xE3, 0x73, 0xFF, 0xF7, 0x1F, 0xFF, 0x70, 0x7F, 0xF7, 0x20, 0x73, 0x7F,
    0x37, 0x37, 0x7F, 0xF3, 0x73, 0xBF, 0x37, 0x11, 0xF3, 0x70, 0x1E, 0x37, 0x18, 0xE3, 0x71, 0xDF,
    0x37, 0x39, 0xFB, 0x73, 0xBF, 0xB7, 0x7F, 0xB8, 0x77, 0xFB, 0x9F, 0x77, 0x01, 0xF0, 0x20, 0x1E,
    0x00, 0x00, 0x00, 0x30, 0x0E, 0x43, 0xDC, 0xE7, 0x3F, 0xEE, 0xF1, 0xEE, 0xEE, 0x0C, 0xEF, 0xE0,
    0x04, 0xE4, 0x71, 0xFF, 0xEF, 0x9F, 0xFE, 0x7D, 0xFF, 0xE1, 0x9E, 0x0E, 0x01, 0xFF, 0xE0, 0x9F,
    0xFE, 0x0D, 0xE0, 0xE1, 0xFE, 0x0E, 0x1D, 0xFF, 0xE3, 0xDF, 0xFE, 0x39, 0xE0, 0xE7, 0x9E, 0x3E,
    0x71, 0xE3, 0xE3, 0x1E, 0x3E, 0x00, 0x00, 0x00, 0x30, 0x00, 0x03, 0xFF, 0xFF, 0x9F, 0xFF, 0xFC,
    0x3F, 0x02, 0xE0, 0x3F, 0x37, 0x00, 0xFB, 0xF1, 0xC3, 0xCF, 0x1F, 0x7C, 0x3C, 0x7D, 0xDE, 0xE0,
    0xC4, 0xF2, 0x00, 0xFF, 0xFC, 0x17, 0xFF, 0xE1, 0xDF, 0xFE, 0x0E, 0x3F, 0xC0, 0xE3, 0xFF, 0x07,
    0x3F, 0xFC, 0x7F, 0xDE, 0xF3, 0xBC, 0xF3, 0x9C, 0xC7, 0x88, 0x40, 0x3C, 0x00, 0x30, 0x00, 0x03,
    0xEF, 0xFF, 0x8F, 0xFF, 0xFC, 0x3B, 0xFF, 0xC0, 0x83, 0xC0, 0x01, 0xFF, 0xF9, 0x8F, 0xFF, 0xCF,
    0x7F, 0xFE, 0x7C, 0xF3, 0xC0, 0xCF, 0x0F, 0x00, 0xFF, 0x7E, 0x0F, 0xF9, 0xE1, 0xFF, 0xEE, 0x0E,
    0xFF, 0xF0, 0xF7, 0xFF, 0xC7, 0x7F, 0xEE, 0x3B, 0xBF, 0xFB, 0xDB, 0xF9, 0x9C, 0x3E, 0x00, 0x60,
    0xF0, 0x00, 0x00, 0x1C, 0x01, 0xDF, 0xFF, 0x1F, 0xFF, 0xFC, 0x78, 0x38, 0x00, 0x9F, 0xFE, 0x00,
    0xFF, 0xF1, 0xCF, 0xFF, 0xDF, 0xFF, 0xFE, 0x7F, 0xFF, 0xF0, 0xCF, 0xFF, 0x00, 0x7F, 0xF8, 0x13,
    0x81, 0xC1, 0xDF, 0xFE, 0x0E, 0xFF, 0xF0, 0x77, 0x03, 0x87, 0xBF, 0xFC, 0x39, 0xFF, 0xE3, 0xCE,
    0x0F, 0x1C, 0x71, 0xF8, 0x23, 0x87, 0x80, 0x00, 0x00, 0x00, 0x10, 0x0E, 0x03, 0xDF, 0xFE, 0x3F,
    0xFF, 0xE1, 0xFC, 0xEE, 0x0D, 0xFF, 0xE0, 0x1F, 0xFE, 0x20, 0x0E, 0x07, 0xBF, 0xFF, 0x7F, 0xFF,
    0xF3, 0x9F, 0xFE, 0x09, 0xFF, 0xE0, 0x1F, 0xFE, 0x0F, 0xEE, 0xE1, 0xFE, 0xEE, 0x1D, 0xEE, 0xE3,
    0xDF, 0xEE, 0x3C, 0x3F, 0xC7, 0x9F, 0xFF, 0x39, 0xF1, 0xF1, 0x1C, 0x06, 0x30, 0x00, 0x03, 0xFF,
    0xFF, 0x8F, 0xFF, 0xFC, 0x3F, 0xFF, 0xE0, 0x3C, 0x70, 0x01, 0xFF, 0xF9, 0xCF, 0xFF, 0xDF, 0xFF,
    0x0E, 0x7B, 0xFF, 0xF0, 0xDF, 0xFF, 0x80, 0xFE, 0x1C, 0x27, 0x7F, 0xE1, 0xFB, 0xFF, 0x0F, 0xC3,
    0x90, 0xFE, 0xFF, 0x87, 0xFF, 0xFE, 0x7F, 0xF7, 0x73, 0xFF, 0xBB, 0xDF, 0xDF, 0xCC, 0x6C, 0x3C,
    0x00, 0x00, 0x00, 0x00, 0x00, 0x1C, 0x01, 0xC0, 0xFF, 0x1F, 0x07, 0xFC, 0x78, 0x38, 0x00, 0xFF,
    0xFF, 0x01, 0xFF, 0xF9, 0x8E, 0xE1, 0xDF, 0x7F, 0xFE, 0x7B, 0xFF, 0xC0, 0xDD, 0xC3, 0x80, 0xE7,
    0xF8, 0x37, 0x3F, 0xC1, 0xF8, 0x60, 0x0F, 0xEF, 0xF0, 0xFF, 0xEF, 0x87, 0xFF, 0x7E, 0x7F, 0xF9,
    0xF3, 0xBE, 0xE7, 0xDF, 0xB7, 0xFC, 0x0C, 0x1F, 0x00, 0x00, 0x00, 0x00, 0x00, 0x70, 0x00, 0x03,
    0x80, 0x00, 0x1F, 0xF8, 0x00, 0xFF, 0xC0, 0x07, 0xFE, 0x00, 0x38, 0x00, 0x7F, 0xFF, 0x03, 0xFF,
    0xF8, 0x1F, 0xFF, 0xC0, 0xE0, 0x0E, 0x07, 0x00, 0x70, 0x3F, 0xFF, 0x81, 0xFF, 0xFC, 0x0F, 0xFF,
    0xE0, 0x00, 0x01, 0x07, 0xF3, 0xB8, 0x3B, 0xDD, 0xE3, 0xCE, 0xF7, 0xBC, 0x73, 0x9C, 0xE3, 0x9C,
    0xC0, 0x0E, 0x1C, 0x00, 0x70, 0xE0, 0x03, 0x87, 0x00, 0xFF, 0xFF, 0x87, 0xFF, 0xFC, 0x3F, 0xCE,
    0xE0, 0x3E, 0x77, 0x07, 0xFF, 0x38, 0xFF, 0xF9, 0xC3, 0xF3, 0xEE, 0x1B, 0x9F, 0xFC, 0x1D, 0xFF,
    0xF7, 0xDF, 0x3F, 0x1E, 0x70, 0x78, 0xC1, 0x03, 0x07, 0xBB, 0xBC, 0x39, 0xDC, 0xE3, 0xCE, 0xF7,
    0x9C, 0x73, 0x9C, 0xE3, 0x98, 0xE0, 0x1C, 0x1C, 0x03, 0x83, 0x80, 0x70, 0x70, 0x0E, 0x0E, 0x01,
    0xC1, 0xC0, 0x3F, 0xFF, 0xC7, 0xFF, 0xF8, 0xFF, 0xFF, 0x1C, 0x00, 0x03, 0x80, 0x00, 0x7F, 0xFE,
    0x0F, 0xFF, 0xC1, 0xFF, 0xF8, 0x78, 0x0F, 0x0F, 0x01, 0xE1, 0xC0, 0x3C, 0x78, 0x07, 0x9E, 0x00,
    0xF1, 0xC0, 0x1E, 0x10, 0x03, 0xC0, 0x37, 0x01, 0xE3, 0xF9, 0xFF, 0x9F, 0xCF, 0xFC, 0xFE, 0x7E,
    0x07, 0xF3, 0x80, 0x3F, 0xDC, 0x01, 0xFF, 0xFF, 0xCF, 0xFF, 0xFE, 0x78, 0x3F, 0xF3, 0xC1, 0xF7,
    0x1F, 0xFF, 0xB8, 0xFF, 0xFF, 0xC7, 0xFF, 0x7E, 0x39, 0xFB, 0xE1, 0xCF, 0xCF, 0x0E, 0x7E, 0xF8,
    0x73, 0xFF, 0xE7, 0x9F, 0xFF, 0xB8, 0xFF, 0xBC, 0xC7, 0xD8, 0xC0, 0x00, 0x00, 0x00, 0x0E, 0x07,
    0x00, 0x70, 0x38, 0x1F, 0x9F, 0xFC, 0xFC, 0xFF, 0xE7, 0xF7, 0xFE, 0x3F, 0x83, 0x81, 0xFF, 0xFF,
    0xFD, 0xDF, 0xFF, 0xEE, 0xFF, 0xF1, 0x70, 0x0E, 0x03, 0xFF, 0xFC, 0xFF, 0xFF, 0xE7, 0xF7, 0xFF,
    0x3F, 0x3C, 0xE1, 0x38, 0xE7, 0x01, 0xC7, 0xB8, 0x0E, 0x19, 0xC0, 0x70, 0x7E, 0x03, 0x81, 0xF0,
    0x1C, 0x0F, 0x00, 0x00, 0x00, 0x00, 0x0E, 0x0E, 0x40, 0x70, 0x7E, 0x03, 0x83, 0xF8, 0xFC, 0x1D,
    0xE7, 0xE0, 0xE7, 0x3F, 0x07, 0x20, 0xFF, 0xFF, 0xC7, 0xFF, 0xFE, 0x0F, 0xFF, 0xF0, 0x70, 0xF0,
    0x03, 0x87, 0xC0, 0x7C, 0x3E, 0x07, 0xE3, 0xF8, 0x7F, 0x1F, 0xC1, 0xB9, 0xEF, 0x09, 0xCF, 0x3C,
    0x0E, 0xF1, 0xF0, 0x7F, 0x07, 0xC3, 0xF8, 0x1C, 0x1D, 0x80, 0x40, 0x00, 0xF0, 0x07, 0xFF, 0xFF,
    0x7F, 0xFF, 0xF7, 0xFF, 0xFF, 0x10, 0xEC, 0xC7, 0x9D, 0xEE, 0x3F, 0xFD, 0xE1, 0xDF, 0xBC, 0x0D,
    0xFD, 0x81, 0xFF, 0xFC, 0x7F, 0xFF, 0xF7, 0xBF, 0xFF, 0x23, 0xF6, 0x67, 0xFF, 0xFF, 0x7F, 0xFF,
    0xF7, 0xFF, 0xFF, 0x00, 0x70, 0x00, 0x07, 0x00, 0x00, 0x70, 0x00, 0x07, 0x00, 0x1F, 0xFF, 0xE3,
    0xFF, 0xFC, 0x7F, 0xFF, 0x8E, 0x38, 0x71, 0xC7, 0x0E, 0x3F, 0xFF, 0xC7, 0xFF, 0xF8, 0xFF, 0xFF,
    0x1C, 0x70, 0xE3, 0x8E, 0x1C, 0x7F, 0xFF, 0x9F, 0xFF, 0xF3, 0xFF, 0xFE, 0x70, 0xE1, 0xCE, 0x1C,
    0x3B, 0xC3, 0x87, 0x70, 0x77, 0xFE, 0x0E, 0xFD, 0x81, 0xDF, 0x00, 0x00, 0x00, 0x01, 0xC0, 0x00,
    0x38, 0x00, 0x07, 0x00, 0x7F, 0xFF, 0xCF, 0xFF, 0xF9, 0xFF, 0xFF, 0x38, 0x71, 0xE7, 0xFF, 0xFC,
    0xFF, 0xFF, 0x9F, 0xFF, 0xF3, 0x87, 0x1E, 0x70, 0xE3, 0xCF, 0xFF, 0xF9, 0xFF, 0xFF, 0x3F, 0xFF,
    0xF7, 0x0E, 0x0F, 0x01, 0xC1, 0xC0, 0x3F, 0xF8, 0x07, 0xFF, 0x00, 0x7F, 0x80, 0x00, 0x00, 0x00,
    0xFF, 0xFE, 0x07, 0xFF, 0xF0, 0x38, 0xE3, 0x81, 0xFF, 0xFC, 0x0F, 0xFF, 0xE0, 0x71, 0xC7, 0x03,
    0x8E, 0x38, 0x1F, 0xFF, 0xC0, 0xFF, 0xFE, 0x01, 0xE3, 0xC0, 0x3E, 0x0F, 0x87, 0xF8, 0xFF, 0x3F,
    0xC7, 0xF8, 0xCE, 0x39, 0x80, 0xF1, 0xC0, 0x0F, 0x0E, 0x01, 0xF8, 0x70, 0x0F, 0x83, 0x80, 0x38,
    0x1C, 0x00, 0x00, 0x00, 0x00, 0x00, 0x00, 0x00, 0x01, 0xC0, 0xFF, 0x3C, 0x0F, 0xF7, 0xFE, 0xFF,
    0x7F, 0xCF, 0xFF, 0x3C, 0xFF, 0xFB, 0xCF, 0xFF, 0xF8, 0xFF, 0x9F, 0x0F, 0xF1, 0xF0, 0xFF, 0x7F,
    0x8F, 0xFF, 0xBF, 0xFF, 0xF1, 0xFF, 0xFF, 0xFE, 0xFF, 0xFF, 0xCF, 0xF7, 0xFC, 0xFF, 0x71, 0xCE,
    0x07, 0x1C, 0xC0, 0x7F, 0xC0, 0x07, 0xFC, 0x00, 0x7F, 0xC0, 0xFF, 0xFF, 0xFF, 0xFF, 0xFF, 0xFF,
    0xFF, 0x80, 0xF0, 0x00, 0x1E, 0x00, 0x7F, 0xFF, 0x0F, 0xFF, 0xE1, 0xFF, 0xFC, 0x38, 0x03, 0x87,
    0x00, 0x70, 0xFF, 0xFE, 0x1F, 0xFF, 0xC3, 0xFF, 0xF8, 0x70, 0x07, 0x0E, 0x00, 0xE1, 0xFF, 0xFC,
    0x3F, 0xFF, 0x87, 0xFF, 0xF0, 0xE0, 0x0E, 0x00, 0x1C, 0x1C, 0x03, 0x87, 0x80, 0x70, 0xE0, 0x3F,
    0x9F, 0xFF, 0xFF, 0xFF, 0xFF, 0xFF, 0xF8, 0xFC, 0x3F, 0x1F, 0x07, 0xE3, 0xF8, 0xFF, 0xF7, 0x1F,
    0xFE, 0xF3, 0xFF, 0xCF, 0x7E, 0x38, 0xEF, 0xC7, 0x1D, 0xF8, 0xE1, 0x7F, 0xFC, 0x0E, 0xFF, 0x81,
    0xDF, 0xF3, 0xFB, 0x80, 0x7E, 0x70, 0x07, 0x80, 0x00, 0x70, 0x00, 0x07, 0x80, 0x03, 0xFF, 0xF0,
    0x1F, 0xFF, 0x80, 0xEF, 0x1C, 0x07, 0x3C, 0xE1, 0xFF, 0xFF, 0xCF, 0xFF, 0xFE, 0x7F, 0xFF, 0xF1,
    0xE7, 0x9E, 0x1E, 0x1F, 0xF0, 0x70, 0x2F, 0x01, 0xFF, 0xFC, 0x0F, 0xFF, 0xE0, 0x77, 0x77, 0x03,
    0xBB, 0xB8, 0x1D, 0xDD, 0xC7, 0xFF, 0xFF, 0xBF, 0xFF, 0xFC, 0xFF, 0xFF, 0xE0, 0x7F, 0xFF, 0x7F,
    0xFF, 0x7F, 0xFF, 0x70, 0x07, 0x70, 0x07, 0x7F, 0xFF, 0x7F, 0xFF, 0x7F, 0xFF, 0x70, 0x07, 0x70,
    0x07, 0x7F, 0xFF, 0x7F, 0xFF, 0x7F, 0xFF, 0x70, 0x07, 0x70, 0x07, 0x7F, 0xFF, 0x7F, 0xFF, 0x7F,
    0xFF, 0x70, 0x07, 0xFF, 0xFF, 0xEF, 0xFF, 0xFE, 0xFF, 0xFF, 0xEE, 0xFE, 0x1E, 0xEF, 0xFF, 0xEF,
    0xFF, 0xFE, 0xFF, 0xFF, 0xEE, 0xFE, 0xE0, 0xEF, 0xEE, 0x0F, 0xFF, 0xFE, 0xFF, 0xFF, 0xEE, 0xFF,
    0xFE, 0xEF, 0xE7, 0x0F, 0xFE, 0x74, 0xFF, 0xE7, 0x7F, 0xDF, 0xFF, 0xE1, 0xFF, 0xE0, 0x3F, 0x9E,
    0x01, 0x80, 0xC0, 0x00, 0x7F, 0x8F, 0xDF, 0xFC, 0xFD, 0xFF, 0x8F, 0xC1, 0xC0, 0xEC, 0x1C, 0x0F,
    0xFF, 0xFE, 0xFF, 0xFF, 0xEF, 0xDF, 0xFE, 0xEC, 0xFD, 0xCE, 0xFF, 0xFE, 0xFF, 0xFF, 0xEF, 0xFF,
    0xFE, 0xEC, 0xFD, 0xCE, 0xFF, 0xFE, 0xFF, 0xFF, 0xEF, 0xDF, 0xFE, 0xFC, 0x1C, 0x0E, 0x1F, 0xFC,
    0x01, 0xFF, 0xC0, 0x1F, 0xFC, 0x38, 0x00, 0x01, 0xC3, 0xFF, 0x9E, 0x1F, 0xFC, 0xFF, 0xFF, 0xE7,
    0xF8, 0x00, 0x3F, 0x1F, 0xFB, 0xB8, 0xFF, 0xCD, 0xC7, 0xFE, 0x7F, 0xB8, 0xF7, 0xFD, 0xC7, 0xBF,
    0xEF, 0xFC, 0x1C, 0x7F, 0xE1, 0xE3, 0xFE, 0x0F, 0x9C, 0x70, 0x7E, 0xF7, 0x87, 0xF3, 0xB8, 0x3B,
    0x9D, 0xC3, 0xCF, 0xFF, 0xDC, 0x3F, 0xFE, 0x41, 0xFF, 0xE0, 0x00, 0x00, 0x07, 0xFF, 0xFE, 0x7F,
    0xFF, 0xC7, 0xF7, 0xFC, 0x3C, 0x39, 0xC3, 0x83, 0x9C, 0x38, 0x39, 0xC3, 0xF7, 0x9C, 0x7F, 0x71,
    0xCF, 0xF7, 0xFF, 0xFF, 0x7F, 0xFF, 0xF0, 0x7F, 0x7F, 0x00, 0x73, 0xF7, 0xF7, 0x3F, 0xFF, 0xF3,
    0xFF, 0xFF, 0x3F, 0x00, 0xE3, 0xF0, 0x7E, 0x38, 0x07, 0xE0, 0x00, 0x7C, 0x00, 0x00, 0x00, 0x00,
    0x38, 0x07, 0xFB, 0x80, 0x7F, 0xFF, 0xC7, 0xF7, 0xFC, 0x3C, 0xF3, 0xC3, 0x9E, 0x78, 0x39, 0xFF,
    0xF3, 0xFF, 0xFF, 0x7F, 0x77, 0x77, 0xF7, 0xFF, 0xFF, 0x7F, 0xFF, 0xF7, 0x77, 0x7F, 0x77, 0x73,
    0xF7, 0xFF, 0x3F, 0xFF, 0xF3, 0xFE, 0x77, 0x3F, 0xE7, 0x73, 0xFE, 0x7F, 0x39, 0xC7, 0xF0, 0x0C,
    0x0E, 0x1F, 0xFF, 0xC1, 0xFF, 0xFC, 0x1F, 0xFF, 0xC0, 0x00, 0x00, 0x00, 0x00, 0x07, 0xFF, 0xFF,
    0x7F, 0xFF, 0xF7, 0xFF, 0xFF, 0x00, 0x70, 0x00, 0x87, 0x18, 0x1E, 0x73, 0x81, 0xE7, 0x3C, 0x3C,
    0x71, 0xE3, 0xC7, 0x1E, 0x78, 0x70, 0xFF, 0x07, 0x0F, 0x77, 0xF0, 0x70, 0x3F, 0x00, 0x03, 0xE0,
    0x00, 0x03, 0x38, 0x03, 0xFD, 0xC0, 0x1F, 0xEF, 0xFC, 0xF8, 0xFF, 0xE1, 0xC7, 0xFF, 0x0E, 0x7B,
    0xB9, 0xFF, 0xDF, 0x8F, 0xFC, 0xEC, 0x7F, 0x77, 0xE0, 0xF3, 0xFF, 0x0F, 0xDD, 0xF8, 0x7F, 0xEF,
    0xE7, 0xF7, 0x77, 0x7E, 0xFB, 0xBB, 0xF3, 0x9D, 0xCB, 0x9C, 0xEE, 0x1C, 0x47, 0x20, 0xE0, 0xF8,
    0x07, 0x07, 0xC0, 0x38, 0x3C, 0x00, 0x07, 0x0F, 0x03, 0xF8, 0xF0, 0x1F, 0xCF, 0xF8, 0xF8, 0xFF,
    0xC1, 0xCF, 0x9E, 0x0E, 0x7F, 0xE3, 0xFE, 0x7E, 0x1F, 0xF7, 0xE0, 0x7F, 0xFF, 0x81, 0xF7, 0xF8,
    0x0F, 0xDB, 0xFC, 0x7F, 0x7F, 0xE7, 0xFF, 0xCF, 0x7E, 0xFF, 0xF3, 0xF1, 0xFF, 0x8F, 0x81, 0xF8,
    0x5C, 0x1F, 0x80, 0xE7, 0xF0, 0x07, 0x7F, 0x00, 0x39, 0xC0, 0x00, 0x03, 0x00, 0x03, 0xFF, 0xFF,
    0xBF, 0xFF, 0xFC, 0xFC, 0xE1, 0xE1, 0xE7, 0x0F, 0x0F, 0x38, 0x7B, 0xFF, 0xFF, 0xDF, 0xFF, 0xFE,
    0x7F, 0x80, 0x00, 0xFB, 0xFF, 0x8F, 0xFF, 0xFC, 0x7F, 0xFF, 0xC7, 0xF8, 0x70, 0x7F, 0xBF, 0xFB,
    0xF9, 0xFF, 0xCB, 0xC0, 0xE0, 0x1E, 0x07, 0x00, 0xF7, 0xFF, 0xC7, 0xBF, 0xFE, 0x1D, 0xFF, 0xE0,
    0x00, 0x00, 0x00, 0x3C, 0x00, 0x07, 0x80, 0x7F, 0xFF, 0xFF, 0xFF, 0xFF, 0xFF, 0xFF, 0xF8, 0x00,
    0x3F, 0x38, 0xE7, 0xFF, 0xBF, 0xEF, 0xE3, 0xFB, 0xF0, 0x1F, 0xBF, 0xFF, 0xE1, 0xFF, 0xF0, 0x3F,
    0xFE, 0x00, 0x38, 0x00, 0x07, 0x00, 0x00, 0xE0, 0x00, 0x1C, 0x03, 0xFF, 0xFF, 0xFF, 0xFF, 0xFF,
    0xFF, 0xFE, 0x06, 0x00, 0x06, 0x7F, 0xFC, 0x77, 0xFF, 0xC7, 0x77, 0xFC, 0x77, 0x73, 0x87, 0x73,
    0xF8, 0x77, 0x3F, 0x07, 0x73, 0xF0, 0x77, 0xFF, 0xE7, 0x7F, 0xFE, 0x67, 0xE1, 0xC0, 0x0E, 0x00,
    0x7F, 0xFF, 0xC7, 0xFF, 0xFC, 0x7F, 0xFF, 0xC0, 0xE0, 0xE0, 0x0F, 0x1E, 0x0F, 0xFF, 0xFE, 0xFF,
    0xFF, 0xEF, 0xFF, 0xFE, 0x00, 0x00, 0x00, 0x0F, 0x00, 0x00, 0x70, 0x03, 0xFF, 0xFE, 0x3F, 0xFF,
    0xE0, 0x70, 0xF0, 0x7F, 0xFF, 0xF7, 0xFF, 0xFF, 0x00, 0x00, 0x01, 0xFF, 0xFC, 0x1F, 0xFF, 0xC1,
    0xFF, 0xFC, 0x1F, 0xFF, 0xC1, 0xC0, 0x1C, 0x1F, 0xFF, 0xC1, 0xFF, 0xFC, 0x00, 0x70, 0x07, 0xFF,
    0xFF, 0x7F, 0xFF, 0xF0, 0x07, 0x00, 0x00, 0x70, 0x00, 0x18, 0x0E, 0x00, 0xE7, 0x73, 0x87, 0x3B,
    0x9C, 0xFF, 0xDC, 0xEF, 0xFF, 0xFF, 0x7F, 0xFF, 0xF8, 0x11, 0xFF, 0x8E, 0xFF, 0xFE, 0x77, 0xFF,
    0xF3, 0xBF, 0xFF, 0x9D, 0x83, 0x80, 0xED, 0xFF, 0xE7, 0xEF, 0xFF, 0x1F, 0x7F, 0xF8, 0x7F, 0xFF,
    0xDF, 0xFF, 0xFE, 0xFF, 0xFF, 0xF3, 0xC7, 0xFF, 0x80, 0x3F, 0xFC, 0x01, 0xFF, 0xE0, 0x1C, 0x1E,
    0x01, 0xC1, 0xE0, 0x3F, 0xFF, 0xF7, 0xFF, 0xFF, 0x7F, 0x7B, 0x8F, 0x77, 0x3C, 0x67, 0x31, 0xC0,
    0xF0, 0x3C, 0x1F, 0xFF, 0xF1, 0xFF, 0xFF, 0x3F, 0xFF, 0xF7, 0xE0, 0x3C, 0xFE, 0xE3, 0xC7, 0xEF,
    0x3C, 0x3E, 0x73, 0xC1, 0xE7, 0xBC, 0x1E, 0x33, 0xC1, 0xE1, 0xFC, 0x1E, 0x1F, 0x81, 0xE0, 0xF8,
    0x1C, 0x0E, 0x00, 0xE0, 0x70, 0x0F, 0xFF, 0xFC, 0x7F, 0xFF, 0xE7, 0xFB, 0xDC, 0x39, 0xDC, 0xE0,
    0xFF, 0xFF, 0x07, 0xFF, 0xF8, 0x00, 0x71, 0xC0, 0xFF, 0xFE, 0x07, 0xFF, 0xF0, 0x38, 0xE0, 0x01,
    0xC7, 0x00, 0x1F, 0xFF, 0xF0, 0xFF, 0xFF, 0x80, 0xFE, 0x1C, 0x0F, 0xF7, 0xE3, 0xF3, 0xBF, 0x1F,
    0x1D, 0xF0, 0x60, 0xE0, 0x00, 0x1C, 0x0C, 0x03, 0xC1, 0xE0, 0x3F, 0xFF, 0xF7, 0xFF, 0xFF, 0xF7,
    0x7B, 0x83, 0xFF, 0xFC, 0x1F, 0xFF, 0xC1, 0xFF, 0xFC, 0x1F, 0xFF, 0xC1, 0xFF, 0xFC, 0x1F, 0xFF,
    0xC1, 0xFF, 0xFC, 0x1F, 0xFF, 0xC0, 0x38, 0xF0, 0x7F, 0xFF, 0xF7, 0xFF, 0xFF, 0x0F, 0x0F, 0x07,
    0xF0, 0xF0, 0x7E, 0x0F, 0x03, 0x80, 0x70, 0x1C, 0x0E, 0x01, 0xC1, 0xE0, 0x3F, 0xFF, 0xF7, 0xFF,
    0xFF, 0xFF, 0xBB, 0x87, 0xF1, 0xDC, 0x7F, 0xFF, 0xF7, 0xFF, 0xFF, 0x0E, 0x1D, 0xC7, 0xF9, 0xDC,
    0x7F, 0xFF, 0xF0, 0xE7, 0xFF, 0x7F, 0xFF, 0xE7, 0xFF, 0xFE, 0x1F, 0x38, 0xE3, 0xFB, 0xFE, 0x7F,
    0xFF, 0xEF, 0xFB, 0xFE, 0x6E, 0x3F, 0xE0, 0xE3, 0x8E, 0x0E, 0x00, 0x03, 0x7F, 0xFF, 0x1B, 0xFF,
    0xF8, 0xFF, 0x7F, 0xC7, 0xFB, 0x8E, 0x3F, 0xDC, 0x70, 0xFC, 0xFF, 0x8F, 0xF7, 0xFC, 0x7F, 0xBF,
    0xE3, 0xFD, 0xC7, 0x07, 0xCE, 0x38, 0x7E, 0x7F, 0xC3, 0xFB, 0xFE, 0x3F, 0xDF, 0xF3, 0xFE, 0xE3,
    0x8D, 0xC7, 0x1C, 0x6E, 0x38, 0xE2, 0x77, 0xFF, 0xC3, 0xBF, 0xFE, 0x1D, 0xFF, 0xE0, 0x00, 0x0F,
    0x83, 0xFF, 0xFC, 0x3F, 0xFF, 0xC3, 0xFF, 0xC0, 0x03, 0xC7, 0x00, 0xF9, 0xF0, 0x1F, 0xFE, 0x01,
    0xFF, 0xD0, 0x1F, 0xF7, 0x80, 0x7C, 0x38, 0x3F, 0xFF, 0xC3, 0xFF, 0xFE, 0x3F, 0xF8, 0xE0, 0x47,
    0x34, 0x0F, 0x77, 0x81, 0xE7, 0x7C, 0x7C, 0x73, 0xE7, 0xBF, 0x0F, 0x33, 0xF0, 0x60, 0x3E, 0x00,
    0x00, 0x70, 0x03, 0xFF, 0xFE, 0x7F, 0xFF, 0xF7, 0xFF, 0xFF, 0x00, 0x70, 0x07, 0xFF, 0xFF, 0x7F,
    0xFF, 0xF7, 0x1E, 0x47, 0x73, 0xCE, 0x77, 0xF9, 0xF7, 0x1F, 0xFF, 0x00, 0xFF, 0xB8, 0x0F, 0xFF,
    0xC3, 0xFF, 0xFE, 0x3F, 0xF8, 0xF3, 0xF7, 0x7C, 0x1F, 0x77, 0xC7, 0xFF, 0x3E, 0x7F, 0xF0, 0xF3,
    0x1F, 0x06, 0x07, 0x7F, 0xC3, 0x7F, 0xFE, 0x3F, 0xFF, 0xE3, 0xF3, 0x9C, 0x3F, 0x1F, 0xC3, 0xF1,
    0xF8, 0x3F, 0x7F, 0xC3, 0xFF, 0xFF, 0x07, 0xF9, 0xE0, 0xF9, 0xC2, 0x1F, 0xFE, 0x01, 0xFF, 0xB8,
    0x0F, 0xE7, 0xC3, 0xFF, 0xFE, 0x3F, 0xFF, 0xF3, 0xFF, 0x36, 0x1F, 0x77, 0x87, 0xE7, 0x7E, 0x7D,
    0xF1, 0xF3, 0x1F, 0x06, 0x0C, 0x0F, 0x80, 0x70, 0x7E, 0x07, 0x83, 0xF8, 0x38, 0x1D, 0xC3, 0xF3,
    0xFE, 0x1D, 0xFF, 0xF9, 0xFF, 0xFE, 0x0F, 0xED, 0xC6, 0x7F, 0x0F, 0xF3, 0xF7, 0xFF, 0x87, 0x3F,
    0xF8, 0x7F, 0xFE, 0xE7, 0xF8, 0x7F, 0x3F, 0x83, 0xF1, 0x84, 0x1F, 0x01, 0xF1, 0xF4, 0x7F, 0xBF,
    0xB3, 0xF7, 0xFF, 0x9C, 0x3E, 0x7C, 0x00, 0xC3, 0xE0, 0x0E, 0x00, 0x00, 0xEF, 0xFF, 0x1E, 0xFF,
    0xF1, 0xCF, 0xFF, 0x3C, 0xE7, 0x77, 0xBE, 0x77, 0xFF, 0xE7, 0x7F, 0xFE, 0x77, 0x7F, 0xFF, 0xF1,
    0xEF, 0xFF, 0x3C, 0xFF, 0xF7, 0xFE, 0x77, 0xFF, 0xE7, 0x77, 0xEE, 0x77, 0x40, 0xE7, 0x70, 0x7E,
    0x77, 0xFF, 0xFF, 0xFF, 0xFF, 0xFF, 0x78, 0xFF, 0xF0, 0x06, 0x07, 0x0C, 0x1E, 0x00, 0xF0, 0xE0,
    0x07, 0x0F, 0xF8, 0x78, 0xFF, 0xC3, 0xAF, 0xDE, 0x3F, 0xFF, 0xE3, 0xFF, 0xFF, 0x1F, 0xE9, 0xF0,
    0x7E, 0x1F, 0xC0, 0xE3, 0xFF, 0x8F, 0x7E, 0x7E, 0xFF, 0xFD, 0xEF, 0xF5, 0xFA, 0x3F, 0x07, 0xE1,
    0x00, 0x8E, 0x01, 0xF7, 0x80, 0xFF, 0xFF, 0x87, 0xFC, 0xFF, 0x3C, 0x00, 0xF8, 0x00, 0x01, 0x80,
    0x0C, 0x07, 0x01, 0xE0, 0x70, 0x1E, 0xFF, 0xF3, 0xCF, 0xFF, 0x3B, 0xFF, 0xF7, 0xB8, 0x70, 0x7F,
    0x87, 0x0F, 0xF7, 0xFF, 0xFF, 0x7F, 0xF7, 0xE7, 0xFF, 0x3C, 0x00, 0x07, 0xFB, 0xFE, 0xFF, 0xFF,
    0xE7, 0xF7, 0xFE, 0x60, 0x70, 0xE0, 0x7F, 0x0E, 0xFF, 0xFF, 0xEF, 0xFF, 0xFE, 0xFC, 0x7F, 0xE0,
    0x07, 0x0E, 0x00, 0x00, 0x00, 0x60, 0xE0, 0x07, 0x8F, 0x00, 0x38, 0x7F, 0xC3, 0xC7, 0xFE, 0x1D,
    0x7F, 0xF1, 0xFF, 0xE7, 0x1F, 0xFF, 0xF8, 0xFF, 0xDF, 0x83, 0xF1, 0xFC, 0x17, 0x3F, 0xFC, 0x7F,
    0xF3, 0xE7, 0xFF, 0xFF, 0x7F, 0xFF, 0xF1, 0xE1, 0xFF, 0x88, 0x6E, 0x1C, 0x3F, 0x70, 0xE7, 0xFB,
    0xFF, 0x1E, 0x1F, 0xF8, 0xC0, 0xFF, 0xC0, 0x07, 0x0E, 0x00, 0x00, 0x00, 0x00, 0x60, 0x70, 0x07,
    0x83, 0x80, 0x38, 0x1E, 0x03, 0xCF, 0xFF, 0x1D, 0x7F, 0xF9, 0xFF, 0xFF, 0xDF, 0xE7, 0xB8, 0xFF,
    0x79, 0xE3, 0xF7, 0xFF, 0x87, 0x3F, 0xFC, 0x7F, 0xFF, 0xE7, 0xF3, 0xB8, 0x7F, 0x9D, 0xC1, 0xE0,
    0xEE, 0x00, 0xEF, 0x76, 0x3F, 0xF3, 0xBF, 0xFF, 0x9D, 0x9E, 0x78, 0xFC, 0xC3, 0xC7, 0xE0, 0x08,
    0x00, 0x00, 0x00, 0x00, 0x00, 0xE0, 0x1C, 0x07, 0xB8, 0xE0, 0x39, 0xF7, 0xE3, 0xCF, 0xFF, 0x1C,
    0x7F, 0xF1, 0xFF, 0xBF, 0x8E, 0xFD, 0x7C, 0xFF, 0xFF, 0xF7, 0xF7, 0xFF, 0x9F, 0x39, 0xF0, 0x79,
    0xDF, 0x87, 0xFE, 0xFE, 0x7F, 0xFF, 0xF9, 0xFB, 0xFF, 0xC8, 0x1F, 0x74, 0x1F, 0xE3, 0x87, 0xFF,
    0xFF, 0xBF, 0xBF, 0xFE, 0xC1, 0xFF, 0xF0, 0x0C, 0x1E, 0x00, 0xF0, 0xF3, 0x87, 0x3F, 0xFC, 0x39,
    0xFF, 0xC3, 0xA7, 0xFE, 0x1D, 0xCF, 0xE1, 0xDF, 0xFF, 0xDF, 0xFF, 0xFF, 0x7F, 0xFF, 0xFB, 0xF1,
    0xF0, 0x0F, 0xFF, 0xFC, 0xFF, 0xFF, 0xEF, 0xFF, 0x8F, 0x3E, 0x7C, 0x78, 0x00, 0xFF, 0xC0, 0xF7,
    0xFE, 0x7F, 0xB8, 0xF7, 0xF9, 0xFF, 0x9C, 0x0F, 0xFC, 0x00, 0x71, 0xC0, 0x0C, 0x0E, 0x00, 0xF0,
    0x70, 0x07, 0x1F, 0xF8, 0x38, 0xFF, 0xC3, 0xA0, 0xE0, 0x1F, 0xFF, 0xF9, 0xDF, 0xFF, 0xDF, 0xC6,
    0x0E, 0x7E, 0x7F, 0xE3, 0xE3, 0xFB, 0x0F, 0xFF, 0xC0, 0xFE, 0xEE, 0x0F, 0xFF, 0xFF, 0x38, 0xFF,
    0xF8, 0x3F, 0xFF, 0x8F, 0xE7, 0xF8, 0xFE, 0x7F, 0xE3, 0xC7, 0xC7, 0x90, 0x7C, 0x1C, 0x01, 0x80,
    0x40, 0x0C, 0x19, 0x00, 0xF1, 0xFC, 0x07, 0x0E, 0xE0, 0x38, 0x77, 0x83, 0xA7, 0xFF, 0x1D, 0xFF,
    0xF9, 0xDF, 0xFF, 0xDF, 0xFE, 0x70, 0xFE, 0xFF, 0xF3, 0xE7, 0xFF, 0x8F, 0x1F, 0xF8, 0xFE, 0xE7,
    0x0F, 0xF7, 0xFF, 0x3F, 0x3F, 0xF9, 0x81, 0xFF, 0x83, 0xFE, 0x70, 0xFF, 0xFF, 0xFB, 0xF3, 0xFF,
    0xDC, 0x1F, 0xFC, 0x00, 0xE0, 0x00, 0x0C, 0x07, 0xE0, 0xF7, 0xFF, 0x87, 0x3F, 0xF8, 0x78, 0xDD,
    0xE3, 0xA7, 0xEE, 0x3F, 0xBF, 0xE1, 0xDF, 0xFF, 0xDF, 0xFF, 0xFE, 0xFE, 0x38, 0x03, 0xEF, 0xFF,
    0x8F, 0x7F, 0xFC, 0xFE, 0x70, 0x0F, 0xF7, 0xFE, 0x3F, 0xBF, 0xF1, 0x8D, 0xF7, 0x83, 0xFF, 0xF8,
    0xFF, 0xEF, 0x87, 0xFF, 0xFF, 0x9C, 0xFF, 0xFE, 0x02, 0x71, 0xE0, 0x00, 0x00, 0x01, 0xC0, 0xE0,
    0x1C, 0x0F, 0x01, 0xCF, 0xFF, 0x38, 0xFF, 0xF3, 0xEE, 0x07, 0x77, 0xE0, 0x77, 0xFF, 0xFF, 0xFE,
    0xFF, 0xF7, 0xEE, 0x00, 0x1C, 0xFF, 0xF3, 0xAF, 0xFF, 0x7E, 0xF7, 0xFF, 0xEF, 0x7F, 0x79, 0xFF,
    0xF0, 0xFF, 0xFF, 0x3F, 0xF7, 0xFF, 0xFF, 0x7F, 0xFB, 0xB7, 0xF6, 0x3B, 0x7F, 0x01, 0x37, 0xE0,
    0xFF, 0xFF, 0xFF, 0xFF, 0xFF, 0xFF, 0xFF, 0xF0, 0xC7, 0xFE, 0x38, 0xFF, 0xF7, 0xDF, 0xFF, 0xFF,
    0xFF, 0xFF, 0xEF, 0xEF, 0xBD, 0xFC, 0xF3, 0xBF, 0x9E, 0x7F, 0xF3, 0xFF, 0xFE, 0xFF, 0xFF, 0xFD,
    0xFF, 0xFF, 0x3C, 0x7F, 0xE7, 0x8F, 0xE8, 0x6F, 0xFC, 0x01, 0xFB, 0x80, 0x3F, 0x00, 0x00, 0x00,
    0x7F, 0xFF, 0xCF, 0xFF, 0xF9, 0xCE, 0xE7, 0x3F, 0xFF, 0xE7, 0xFF, 0xFD, 0xFF, 0xFF, 0xFF, 0xFF,
    0xF8, 0x0E, 0x00, 0x3F, 0xFF, 0x87, 0xFF, 0xF0, 0xFF, 0xFE, 0x1F, 0xFF, 0xC3, 0xFF, 0xF8, 0x7F,
    0xFF, 0x0F, 0xFF, 0xE1, 0xFF, 0xFC, 0xFF, 0xFF, 0xFF, 0xFF, 0xFC, 0x1F, 0xC0, 0x07, 0xFF, 0xFF,
    0x7F, 0xBF, 0xF7, 0xFC, 0x67, 0x3F, 0xC6, 0xF7, 0xFF, 0x7F, 0xFF, 0xFF, 0xF1, 0xF9, 0xFF, 0x3F,
    0xDE, 0xFF, 0xFD, 0x67, 0xEE, 0x8E, 0x77, 0xFD, 0xEF, 0x7F, 0xFF, 0xF7, 0xEF, 0xFF, 0x7F, 0xF7,
    0xF7, 0xFC, 0x67, 0x7E, 0xC6, 0x77, 0xFC, 0x67, 0x7F, 0xDF, 0xF7, 0x0D, 0xEF, 0x1C, 0x1C, 0x00,
    0xFC, 0xE2, 0x0F, 0xE7, 0x78, 0x73, 0xBF, 0xC7, 0xFF, 0xF8, 0x3F, 0xFE, 0x19, 0xFB, 0xF1, 0xC0,
    0x03, 0xFE, 0x7F, 0xDF, 0xF3, 0xFE, 0x1E, 0x1E, 0x77, 0x10, 0xFF, 0xB9, 0xC7, 0xFD, 0xFF, 0x3C,
    0xEF, 0xF1, 0xFF, 0x7E, 0x0F, 0xFB, 0x84, 0x79, 0xDC, 0x3B, 0xFE, 0xFF, 0xDF, 0xF7, 0xFC, 0xFF,
    0x1F, 0xE0, 0x00, 0x70, 0x07, 0xE7, 0x3F, 0x7E, 0x73, 0xF7, 0xFF, 0xFF, 0x77, 0xFF, 0xF7, 0xEF,
    0xFF, 0x7E, 0x73, 0xF7, 0xE7, 0x3F, 0x77, 0xFF, 0xF7, 0x7F, 0xFF, 0x7F, 0xFF, 0xF7, 0xEF, 0xBF,
    0x7E, 0xFB, 0xF7, 0x6F, 0xFF, 0x76, 0xDF, 0xF6, 0x7F, 0xFF, 0x67, 0xFF, 0xCE, 0xFC, 0xF8, 0xFE,
    0x03, 0x8F, 0xE0, 0x38, 0x00, 0x00, 0x00, 0x03, 0xC0, 0x01, 0xE0, 0x00, 0xF0, 0x0F, 0xFF, 0xE7,
    0xFF, 0xF3, 0xFF, 0xF9, 0xC0, 0x1C, 0xFF, 0xFE, 0x7F, 0xFF, 0x3F, 0xFF, 0x9C, 0x01, 0xCE, 0x00,
    0xE7, 0xFF, 0xF3, 0xFF, 0xF9, 0xFF, 0xFC, 0xE0, 0x0E, 0x7F, 0xFF, 0x3F, 0xFF, 0x9F, 0xFF, 0xCE,
    0x00, 0xE0, 0x7F, 0xFF, 0xF7, 0xFF, 0xFF, 0x7F, 0xFF, 0xE0, 0x78, 0xF0, 0x0F, 0x0F, 0x81, 0xE0,
    0x7C, 0x3F, 0xFF, 0xE3, 0xFF, 0xFF, 0x1F, 0xF0, 0xE0, 0x07, 0x00, 0x1F, 0xFF, 0xC1, 0xFF, 0xFC,
    0x1F, 0xFF, 0xC0, 0x07, 0x00, 0x00, 0x70, 0x00, 0x07, 0x00, 0x7F, 0xFF, 0xF7, 0xFF, 0xFF, 0x7F,
    0xFF, 0xF0, 0x0E, 0x00, 0x00, 0x70, 0xFE, 0x0F, 0xF7, 0xF0, 0x7F, 0xBB, 0x83, 0x9D, 0xDC, 0x1E,
    0xEE, 0xE0, 0xFF, 0xE3, 0xE7, 0xFF, 0x1F, 0x3F, 0xD0, 0x07, 0xFF, 0xFF, 0xBF, 0xFF, 0xFC, 0xFF,
    0xFF, 0xC7, 0xDD, 0xCE, 0x3F, 0xEF, 0xF1, 0xDF, 0x3F, 0x0E, 0xF9, 0xF0, 0x71, 0xCF, 0xC3, 0x8F,
    0xFF, 0xBD, 0xFF, 0xFC, 0xCF, 0x70, 0xC0, 0x00, 0x00, 0x00, 0x03, 0x80, 0x00, 0x1F, 0xE0, 0x01,
    0xFF, 0xC0, 0x1F, 0xFE, 0x01, 0xE1, 0xE0, 0x3E, 0x1E, 0x03, 0xFF, 0xFF, 0x0F, 0xFF, 0xF8, 0x7F,
    0xFF, 0xC0, 0xE3, 0x8E, 0x07, 0x1C, 0x70, 0x3F, 0xFF, 0x81, 0xFF, 0xFC, 0x0F, 0xFF, 0xE0, 0x70,
    0x01, 0xC3, 0x80, 0x0E, 0x1C, 0x00, 0xF0, 0xFF, 0xFF, 0x83, 0xFF, 0xF8, 0x07, 0xFF, 0x00, 0x0E,
    0x1E, 0x01, 0xC3, 0xC3, 0xFF, 0xFF, 0xFF, 0xFF, 0xFF, 0xFF, 0xFE, 0x1C, 0x3C, 0x03, 0x83, 0x83,
    0xFF, 0xFC, 0x7F, 0xFF, 0xCF, 0xFF, 0xF8, 0x0E, 0x0F, 0x01, 0xC1, 0xE0, 0x38, 0x3C, 0x07, 0x07,
    0x80, 0xE7, 0xE0, 0x1C, 0xFC, 0x03, 0x9F, 0x80, 0x70, 0x00, 0x0E, 0x00, 0x01, 0xC0, 0x00, 0x07,
    0x07, 0x03, 0xFF, 0xFF, 0x9F, 0xFF, 0xFC, 0xFF, 0xFF, 0xE0, 0x70, 0x70, 0x03, 0x83, 0x80, 0x73,
    0xFF, 0x87, 0xDF, 0xFC, 0x1E, 0xFF, 0xE1, 0x37, 0x07, 0x1E, 0x38, 0x38, 0xF9, 0xC1, 0xC3, 0xEE,
    0x7E, 0x07, 0xF3, 0xE0, 0x3F, 0x9C, 0x03, 0xDC, 0x0F, 0x3E, 0xF0, 0x73, 0xE7, 0xFF, 0x8E, 0x1F,
    0xFC, 0x60, 0x7F, 0x80, 0x07, 0x0F, 0x03, 0xFF, 0xFF, 0x9F, 0xFF, 0xFC, 0xFF, 0xFF, 0xE0, 0x70,
    0xF0, 0x1F, 0x87, 0xE0, 0xFC, 0x3F, 0x83, 0xC1, 0xDC, 0x7E, 0xFF, 0xF7, 0xFF, 0xFF, 0x99, 0xFF,
    0xFC, 0x1E, 0x1E, 0x01, 0xF1, 0xF0, 0x3F, 0x8F, 0x83, 0xFC, 0x7E, 0x0E, 0xE7, 0xF8, 0x07, 0x7B,
    0xC0, 0x7F, 0xCF, 0x8F, 0xFC, 0x3C, 0x7D, 0xC0, 0xC0, 0x00, 0x00, 0x00, 0x07, 0x0F, 0x03, 0xFF,
    0xFF, 0x9F, 0xFF, 0xFC, 0xFF, 0xFF, 0xE1, 0x73, 0xE0, 0x1E, 0x3C, 0x00, 0xFB, 0xFF, 0x83, 0xFF,
    0xFC, 0x07, 0xFB, 0xC3, 0x9F, 0xFC, 0x3F, 0x5F, 0xF0, 0x7F, 0xFF, 0xF1, 0xBF, 0x1F, 0x07, 0xFF,
    0xF0, 0x3F, 0xFF, 0x83, 0xF8, 0x3C, 0x3D, 0xC1, 0xE3, 0xCF, 0xFF, 0x1C, 0x7F, 0xF8, 0x63, 0x83,
    0x80, 0x07, 0x8E, 0x03, 0xFF, 0xFF, 0x9F, 0xFF, 0xFC, 0x0F, 0x1F, 0xC0, 0x30, 0xFF, 0x3F, 0xFF,
    0xF9, 0xFF, 0xFF, 0xCF, 0xC0, 0xE0, 0x7F, 0xFF, 0x73, 0xFF, 0xFF, 0x1F, 0xED, 0xF8, 0xDF, 0xFF,
    0xCF, 0xFF, 0xFE, 0x7F, 0xFF, 0xE1, 0xFF, 0xFF, 0x0F, 0xF6, 0x76, 0x7D, 0xFF, 0xBB, 0xEF, 0xFF,
    0xFF, 0x67, 0xFC, 0x98, 0x19, 0xE0, 0x06, 0x00, 0x00, 0x7B, 0xFF, 0x87, 0x9F, 0xFC, 0x78, 0xFF,
    0xEF, 0x80, 0x00, 0x3B, 0xC0, 0x01, 0xBC, 0x00, 0x01, 0xFF, 0xFE, 0x3E, 0xFF, 0xF3, 0xF7, 0xFF,
    0xBF, 0x80, 0xF1, 0xFC, 0x07, 0x87, 0xE0, 0x3C, 0x0F, 0x01, 0xE0, 0x78, 0x0F, 0x03, 0xC0, 0x78,
    0x1E, 0x03, 0xC0, 0xF0, 0xFC, 0x07, 0x87, 0xE0, 0x3C, 0x3F, 0x00, 0x00, 0x00, 0x00, 0x07, 0x0E,
    0x80, 0x38, 0x7E, 0x1F, 0xFB, 0xF8, 0xFF, 0xDD, 0xE0, 0x70, 0xE6, 0x3F, 0xFF, 0xF9, 0xFF, 0xFF,
    0xCF, 0xFF, 0xFE, 0x07, 0x0E, 0x00, 0x3C, 0x77, 0x1F, 0xFF, 0xB8, 0xFF, 0xFF, 0xC1, 0xE6, 0xFC,
    0x3F, 0xFB, 0xE3, 0xFF, 0x9E, 0x8F, 0xBF, 0xF6, 0x1F, 0xFF, 0xF1, 0xFF, 0xFF, 0x87, 0x8E, 0x7C,
    0x20, 0x21, 0xC0, 0x18, 0x00, 0x01, 0xC6, 0x7F, 0x8F, 0x73, 0xFC, 0x39, 0xD8, 0xE7, 0xEE, 0xFF,
    0x3F, 0x3F, 0xF8, 0x38, 0x31, 0xC3, 0xBD, 0xFE, 0x1F, 0xEF, 0xF1, 0xFF, 0x60, 0x1F, 0xBB, 0xFC,
    0xFD, 0xDF, 0xEF, 0xEE, 0xDE, 0x3F, 0x7F, 0xF0, 0xE3, 0xFF, 0xC7, 0x1F, 0xCE, 0x39, 0xF0, 0x21,
    0xDF, 0xFF, 0xCE, 0xEF, 0xFE, 0x73, 0x1F, 0xE0, 0x00, 0x00, 0x00, 0x3F, 0xFF, 0xE7, 0xFF, 0xFF,
    0x7F, 0xFF, 0xF0, 0x39, 0xC0, 0x3F, 0xFF, 0xE3, 0xFF, 0xFE, 0x3B, 0x9C, 0xE3, 0xB9, 0xCE, 0x3F,
    0xFF, 0xE3, 0xFF, 0xFE, 0x01, 0xC0, 0x07, 0xFF, 0xFF, 0x7F, 0xFF, 0xF7, 0xFF, 0xFF, 0x0F, 0xCF,
    0x01, 0xFF, 0xE0, 0x07, 0xFF, 0x07, 0xFF, 0xFE, 0x7F, 0xEF, 0xE3, 0xF0, 0x1C, 0x07, 0x38, 0x0E,
    0xE7, 0x01, 0xDC, 0xFF, 0xBB, 0xBF, 0xF7, 0x77, 0xFE, 0xEF, 0xEE, 0x1D, 0xF9, 0xE0, 0x3B, 0x1C,
    0x1F, 0xFF, 0x07, 0xFF, 0xF0, 0xFF, 0xFE, 0x1C, 0x71, 0xC3, 0x8E, 0x38, 0x71, 0xC7, 0x0E, 0x7E,
    0xE1, 0xDF, 0xC0, 0x0F, 0xF8, 0xFF, 0xFF, 0x1F, 0xFC, 0xFF, 0xBC, 0x1F, 0xE0, 0x1C, 0x00, 0x00,
    0xE1, 0xFF, 0x8F, 0xEF, 0xFC, 0x7F, 0x1C, 0xE7, 0xB8, 0xE7, 0x7F, 0xEF, 0x3B, 0xFF, 0xF7, 0xCE,
    0xDF, 0x3C, 0x36, 0xDF, 0x81, 0xFE, 0xFC, 0x0F, 0xF7, 0xFC, 0x6D, 0xFF, 0xE3, 0x6F, 0xBC, 0x1F,
    0xF9, 0xC1, 0xFF, 0xFF, 0xEE, 0xDF, 0xFF, 0x76, 0xFF, 0xF3, 0xB6, 0x1C, 0x39, 0xF0, 0xE1, 0xC3,
    0x87, 0x00, 0x00, 0x00, 0x00, 0x00, 0xE0, 0x00, 0x0F, 0x00, 0x00, 0x78, 0x07, 0xFF, 0xFF, 0x7F,
    0xFF, 0xF0, 0x00, 0x00, 0x1F, 0xFF, 0xC1, 0xFF, 0xFC, 0x00, 0x00, 0x00, 0x00, 0x00, 0x1F, 0xFF,
    0xC1, 0xFF, 0xFC, 0x00, 0x00, 0x01, 0xFF, 0xFC, 0x1F, 0xFF, 0xC1, 0xE0, 0x3C, 0x1C, 0x03, 0xC1,
    0xFF, 0xFC, 0x1F, 0xFF, 0xC1, 0xC0, 0x3C, 0x18, 0x0F, 0x01, 0xE0, 0x78, 0x0F, 0x83, 0xC0, 0x3E,
    0x1E, 0x00, 0xE0, 0xF0, 0x02, 0x07, 0x81, 0xF8, 0x3C, 0x1F, 0xFF, 0xFF, 0xFF, 0xFF, 0xF8, 0xFF,
    0xFF, 0x87, 0x83, 0xC0, 0x3C, 0x1E, 0x01, 0xE0, 0xF0, 0x0F, 0xC7, 0x80, 0x7E, 0x3C, 0x03, 0xF1,
    0xE0, 0x1F, 0x8F, 0x01, 0xF0, 0x78, 0x07, 0x03, 0xC0, 0x30, 0x1E, 0x00, 0x10, 0x00, 0x01, 0xE7,
    0xFF, 0x8F, 0xBF, 0xFE, 0x3D, 0xFF, 0xF0, 0xC0, 0x38, 0x00, 0x01, 0xC1, 0xF8, 0x0E, 0x0F, 0xC0,
    0x70, 0x7E, 0x03, 0x80, 0x70, 0x1C, 0x03, 0x80, 0xE0, 0x1C, 0x07, 0x00, 0xE0, 0x38, 0x07, 0x61,
    0xC0, 0x3F, 0x0E, 0x01, 0xF8, 0x70, 0x1F, 0x83, 0x80, 0xF1, 0xFC, 0x07, 0x0F, 0xE0, 0x00, 0x3E,
    0x00, 0x18, 0x0E, 0x01, 0xE0, 0x70, 0x0F, 0x83, 0x80, 0x1E, 0x1C, 0x00, 0x60, 0xE0, 0x00, 0x07,
    0x01, 0xF8, 0x38, 0x1F, 0xC1, 0xC0, 0xFE, 0x0F, 0x00, 0x70, 0x78, 0x03, 0x87, 0xC0, 0x1C, 0x3E,
    0x00, 0xE1, 0xF8, 0x07, 0xDF, 0xC0, 0x3E, 0xFF, 0x03, 0xFF, 0x38, 0x1F, 0xF9, 0xE0, 0xFF, 0x87,
    0x87, 0x38, 0x1C, 0x00, 0x80, 0x40, 0x10, 0x00, 0x01, 0xC7, 0xFF, 0x0F, 0x3F, 0xF8, 0x3D, 0xFF,
    0xC0, 0xE0, 0x0E, 0x02, 0x00, 0x71, 0xF0, 0x03, 0x9F, 0xC0, 0x1C, 0xFE, 0x7F, 0xE0, 0xF3, 0xFF,
    0x07, 0x9F, 0xF8, 0x3C, 0xE1, 0xC1, 0xE7, 0x00, 0x0F, 0x38, 0x00, 0x7F, 0xC1, 0xC3, 0xFE, 0x0E,
    0x1F, 0x70, 0x70, 0xF3, 0xFF, 0x87, 0x1F, 0xFC, 0x10, 0x3F, 0x80, 0x10, 0x3F, 0x81, 0xE3, 0xFE,
    0x0F, 0x9F, 0xF0, 0x3C, 0xE3, 0x80, 0xC7, 0x1C, 0x00, 0x78, 0xE3, 0xF7, 0xC7, 0xDF, 0xBC, 0x3E,
    0xFC, 0xC0, 0x40, 0xE7, 0xFF, 0x07, 0x3F, 0xF8, 0x39, 0xFF, 0xC1, 0xC7, 0x1C, 0x0F, 0xBD, 0xE0,
    0x7C, 0xFE, 0x03, 0xE3, 0xE0, 0x3E, 0x7F, 0xC1, 0xFF, 0xFF, 0x86, 0x7C, 0xFC, 0x23, 0x80, 0xC0,
    0x10, 0x00, 0x01, 0xC7, 0xFF, 0x8F, 0x3F, 0xFC, 0x3D, 0xFF, 0xE0, 0xE0, 0x70, 0x06, 0x03, 0x81,
    0xF0, 0x1C, 0x1F, 0x8E, 0xE0, 0xFC, 0x77, 0xF0, 0xE3, 0xBF, 0x87, 0x1D, 0xFC, 0x38, 0xEE, 0x01,
    0xC7, 0x70, 0x0F, 0xBB, 0x80, 0x7F, 0xDC, 0x03, 0xFE, 0xE0, 0x3F, 0xFF, 0xF1, 0xEF, 0xFF, 0xCE,
    0x7F, 0xFE, 0x20, 0x00, 0x00, 0x20, 0x0F, 0xC7, 0x00, 0xFE, 0x7C, 0x0F, 0xE3, 0xC0, 0xF6, 0x1B,
    0xFF, 0xE0, 0x3F, 0xFE, 0xFB, 0xFF, 0xEF, 0x80, 0x70, 0xF8, 0x07, 0x03, 0x9F, 0xF0, 0x39, 0xFF,
    0x03, 0x9F, 0xF0, 0x38, 0xE7, 0x03, 0x8E, 0x74, 0x3E, 0xEF, 0x63, 0xEF, 0xFF, 0x3F, 0xFF, 0xE7,
    0xDF, 0x3E, 0x31, 0x83, 0xE2, 0x00, 0x1C, 0x10, 0x30, 0xE1, 0xC3, 0xC7, 0x0F, 0x0E, 0x78, 0x3C,
    0x73, 0x80, 0xCF, 0xFF, 0x00, 0x7F, 0xF8, 0x03, 0xFF, 0xDF, 0x81, 0xE0, 0xFC, 0x7F, 0xE7, 0xE3,
    0xFF, 0x07, 0x1F, 0xF8, 0x38, 0x1E, 0x01, 0xCF, 0xFF, 0x0E, 0xFF, 0xF8, 0x7F, 0xFF, 0xC3, 0xF1,
    0xE0, 0x1F, 0x0F, 0x01, 0xF0, 0x78, 0x0E, 0x03, 0xC0, 0x20, 0x0E, 0x00, 0x10, 0xFF, 0xE1, 0xCF,
    0xFF, 0x8F, 0x7F, 0xFC, 0x3C, 0x38, 0x01, 0xC3, 0xCC, 0x04, 0x7F, 0xF1, 0xF3, 0xFF, 0x1F, 0x87,
    0x38, 0xFD, 0xFF, 0xF0, 0xFF, 0xFF, 0xC7, 0xFF, 0xFE, 0x38, 0x00, 0x01, 0xCF, 0xFE, 0x0E, 0x7F,
    0xF0, 0x7F, 0xFF, 0x83, 0xFC, 0x1C, 0x1F, 0xE0, 0xE1, 0xF7, 0xFF, 0x06, 0x3F, 0xF8, 0x21, 0xFF,
    0xC0, 0x10, 0x00, 0x01, 0xC7, 0xFF, 0x0F, 0x3F, 0xF8, 0x3D, 0xFF, 0xC0, 0xCE, 0x0E, 0x00, 0x7F,
    0xF1, 0xF3, 0xFF, 0x9F, 0x8F, 0xFC, 0xFC, 0xFF, 0xE0, 0xE7, 0xFF, 0x87, 0x3F, 0xFC, 0x38, 0x1C,
    0x01, 0xDF, 0xFF, 0x8E, 0xFF, 0xFC, 0x7F, 0xFF, 0xC3, 0xE7, 0xF0, 0x3F, 0x7F, 0xE1, 0xFF, 0xCF,
    0xC6, 0x7C, 0x3C, 0x21, 0x80, 0xC0, 0x30, 0x0E, 0x01, 0xCF, 0xFF, 0x8F, 0x7F, 0xFC, 0x3C, 0x1C,
    0x00, 0xCF, 0xFE, 0x00, 0x7F, 0xF1, 0xF7, 0xFF, 0xDF, 0xBF, 0xFF, 0xFD, 0xFF, 0xF0, 0xE7, 0xFF,
    0x07, 0x3F, 0xF8, 0x39, 0xC1, 0xC1, 0xCF, 0xFE, 0x0E, 0xFF, 0xF0, 0x7F, 0x83, 0x83, 0xFF, 0xFC,
    0x1E, 0xFF, 0xE1, 0xE7, 0x07, 0x0E, 0x38, 0xF8, 0x21, 0xC7, 0x80, 0x00, 0x00, 0x00, 0x10, 0x0E,
    0x01, 0xC0, 0x70, 0x0F, 0x3F, 0xF8, 0x3D, 0xFF, 0xC0, 0xC0, 0xE0, 0x00, 0xFF, 0xFB, 0xF7, 0xFF,
    0xDF, 0x8D, 0xEE, 0xFC, 0x7F, 0xE0, 0xE7, 0xFB, 0x07, 0x7F, 0xC0, 0x39, 0xFC, 0x01, 0xDF, 0xFF,
    0x0F, 0xFF, 0xF8, 0x7F, 0xFF, 0x83, 0xE7, 0xF8, 0x1E, 0x7B, 0xE1, 0xEF, 0xC7, 0x8E, 0x78, 0x1C,
    0x23, 0x80, 0x60, 0x00, 0x0E, 0x03, 0xFE, 0x70, 0x1F, 0xF3, 0x80, 0xFF, 0x9C, 0x07, 0xFD, 0xFF,
    0x3F, 0xEF, 0xF9, 0xFF, 0xFF, 0xCF, 0xFF, 0x1C, 0x7F, 0xFC, 0xE3, 0xFF, 0xE7, 0x1F, 0xFF, 0x70,
    0xFF, 0x9F, 0x87, 0xFC, 0xFC, 0x3F, 0xE3, 0xC0, 0x74, 0x1E, 0x03, 0xF0, 0xF8, 0x3F, 0xCF, 0xE3,
    0xCF, 0xFF, 0xBC, 0x7F, 0x3C, 0xC1, 0x30, 0x40, 0x00, 0x38, 0x03, 0xFD, 0xC7, 0x1F, 0xEE, 0x38,
    0xE7, 0x73, 0xC7, 0xFB, 0xBC, 0x3F, 0xDF, 0xC1, 0xFE, 0xFE, 0x0F, 0xF7, 0x60, 0x7F, 0xFF, 0xF3,
    0xFF, 0xFF, 0x9F, 0xFF, 0xFC, 0xFF, 0x77, 0x07, 0xFB, 0xB8, 0x3F, 0xDD, 0xE1, 0xFC, 0xE7, 0x03,
    0xE7, 0x7C, 0x3F, 0x3F, 0xF3, 0x9F, 0xFF, 0xBC, 0x7F, 0x1C, 0xC0, 0x60, 0x40, 0x0E, 0x00, 0x00,
    0x71, 0xFF, 0x9F, 0xFF, 0xFC, 0xFF, 0x9C, 0xE3, 0xF8, 0xE7, 0x07, 0x0F, 0x79, 0xFF, 0xFF, 0x8F,
    0xFF, 0x7C, 0x7F, 0xF0, 0x03, 0xF1, 0xFF, 0x1F, 0xEF, 0xF8, 0xFF, 0xF9, 0xC7, 0xFF, 0xCE, 0x3F,
    0x1E, 0x71, 0xF8, 0xFF, 0x8F, 0xC7, 0xFC, 0x7F, 0x80, 0x07, 0x7F, 0xFF, 0xF9, 0xFF, 0xFC, 0xC1,
    0xFF, 0xE0, 0x7F, 0xFF, 0xF3, 0xFF, 0xFF, 0x9C, 0xFF, 0xFC, 0xE7, 0xF0, 0x07, 0x3F, 0x80, 0x3F,
    0xFF, 0xF1, 0xFF, 0xFF, 0x81, 0xCF, 0xFC, 0x6E, 0x78, 0xE3, 0xFF, 0xC7, 0x1F, 0xFF, 0xF8, 0xFF,
    0xFF, 0xC7, 0xE7, 0xFE, 0x3F, 0x7C, 0x01, 0xFF, 0xE0, 0x1F, 0xFF, 0xFE, 0xFF, 0x7F, 0xFF, 0xC3,
    0xFF, 0xC0, 0x00, 0x00, 0x00, 0x3B, 0x83, 0xF9, 0xDC, 0x1F, 0xCE, 0xE0, 0xEF, 0xF7, 0xE7, 0x7F,
    0xBF, 0x3B, 0xFD, 0xF9, 0xFD, 0xEF, 0x8F, 0xEF, 0x7C, 0x0E, 0x7B, 0xC3, 0xF1, 0xDE, 0x1F, 0xCE,
    0xF8, 0xFF, 0xF7, 0xE7, 0xFF, 0xBF, 0xBF, 0x7D, 0xD9, 0xFE, 0xEE, 0x0F, 0xFF, 0x77, 0xFF, 0xF3,
    0xBF, 0xEF, 0x9F, 0x90, 0x38, 0xFC, 0x00, 0x81, 0xC0, 0x1C, 0x07, 0x00, 0xE0, 0x38, 0x1F, 0xEF,
    0xF9, 0xFF, 0xFF, 0xEF, 0xFF, 0xFF, 0x1F, 0x07, 0x00, 0xF9, 0xFF, 0xEF, 0xCF, 0xFF, 0x7E, 0x7F,
    0xF3, 0xFC, 0xE0, 0x1F, 0xEF, 0xFC, 0xFF, 0x7F, 0xE0, 0xE3, 0xFE, 0x0F, 0xE1, 0xE3, 0xFF, 0x7F,
    0x1F, 0xF7, 0xF0, 0x7E, 0x0F, 0x80, 0x70, 0x3E, 0x03, 0x80, 0xF0, 0x1C, 0x01, 0x80, 0x07, 0x0E,
    0x40, 0x38, 0x7E, 0x0F, 0xFF, 0xF8, 0x7F, 0xFD, 0xE0, 0x70, 0xE6, 0x3F, 0xFF, 0xF9, 0xFF, 0xFF,
    0xC1, 0xC1, 0xC8, 0x7F, 0xFE, 0xE3, 0xFF, 0xF7, 0x0F, 0xE3, 0xF8, 0x77, 0x0F, 0x87, 0xFF, 0x7C,
    0x1F, 0xFB, 0xE0, 0x8E, 0x1E, 0x87, 0xFE, 0xF6, 0x7F, 0xFF, 0xF3, 0xFF, 0xFF, 0x80, 0xEF, 0x7C,
    0x07, 0x31, 0xC0, 0x1C, 0x00, 0x00, 0xE3, 0xFF, 0x1F, 0xFF, 0xF9, 0xFF, 0xE1, 0xCF, 0xFF, 0xFE,
    0x1C, 0x3F, 0xF0, 0xFB, 0xFF, 0xC7, 0xDF, 0xFE, 0x7E, 0x70, 0xE3, 0xFF, 0x87, 0x1F, 0xFF, 0xF8,
    0xFE, 0xFF, 0xC0, 0xE7, 0xFE, 0x0F, 0xFF, 0xF3, 0xFF, 0xC3, 0x9F, 0xFF, 0xFE, 0x6E, 0xFF, 0xF0,
    0x77, 0xFF, 0x03, 0x98, 0x38, 0x1C, 0x01, 0xC0, 0x18, 0x07, 0x01, 0xC0, 0x78, 0x1F, 0xC7, 0xE1,
    0xFE, 0xFF, 0xCF, 0xFF, 0x9F, 0x9C, 0xFF, 0xF8, 0xFB, 0xFF, 0xCF, 0xC0, 0x00, 0x7E, 0xFF, 0xF7,
    0xFF, 0xFF, 0x9F, 0xFB, 0xFC, 0xFF, 0xFF, 0xE0, 0xEF, 0xFF, 0x1F, 0xF7, 0xFB, 0xFF, 0xFF, 0xCF,
    0xDF, 0xFE, 0x6E, 0xEF, 0xF0, 0x77, 0x73, 0x83, 0xBF, 0xFC, 0x1D, 0xFB, 0xC0, 0x30, 0x1C, 0x03,
    0xC0, 0xE0, 0x0F, 0x07, 0x00, 0x3F, 0xFF, 0xE1, 0xDF, 0xFF, 0x00, 0xFF, 0xF8, 0x00, 0xF3, 0xDF,
    0x87, 0x9E, 0xFC, 0x38, 0xF7, 0xE1, 0xC7, 0x87, 0x1E, 0x3C, 0x38, 0xE1, 0xE1, 0xCF, 0x0E, 0x0E,
    0xF7, 0xF0, 0x7F, 0x9F, 0x87, 0xF0, 0xF8, 0x7F, 0xC0, 0xFF, 0xFF, 0xFF, 0xD8, 0xFF, 0xFC, 0xC0,
    0xFF, 0xE0, 0x30, 0x1F, 0xE3, 0xC7, 0xFF, 0x8F, 0x3F, 0xF0, 0x39, 0xC0, 0x01, 0xCE, 0x00, 0x04,
    0x70, 0x00, 0x03, 0xFF, 0xCF, 0x9F, 0xFE, 0x7C, 0xFF, 0xF3, 0xE7, 0x1C, 0x07, 0x38, 0xE0, 0x3B,
    0xC7, 0x01, 0xDE, 0x38, 0x0E, 0xE1, 0xC0, 0x7F, 0x0E, 0x07, 0xF0, 0x70, 0x7F, 0xC0, 0xF7, 0xFF,
    0xFF, 0x98, 0xFF, 0xFC, 0x40, 0xFF, 0xC0, 0x00, 0x00, 0xC3, 0x87, 0xFF, 0x1E, 0x7F, 0xFC, 0x7B,
    0xFF, 0x81, 0xDE, 0x00, 0x00, 0xFF, 0xF0, 0x07, 0xFF, 0x80, 0x3F, 0xFC, 0xFD, 0xF9, 0xE7, 0xEF,
    0xFE, 0x1F, 0x7F, 0xF0, 0x3B, 0x9F, 0x01, 0xFC, 0xF8, 0x0F, 0xFF, 0xF0, 0x7F, 0xFF, 0x87, 0xF7,
    0x1C, 0x7F, 0xE0, 0x77, 0xFF, 0xFF, 0x98, 0xFF, 0xFC, 0xC0, 0xFF, 0xC0, 0x30, 0x33, 0x83, 0xC3,
    0xDC, 0x1F, 0x1E, 0xE0, 0x7B, 0xFF, 0xE1, 0xDF, 0xFF, 0x00, 0xFF, 0xF8, 0x01, 0xEE, 0x0F, 0x8F,
    0x70, 0x7C, 0x73, 0x83, 0xEF, 0xFF, 0x87, 0x7F, 0xFC, 0x3B, 0xFF, 0xE1, 0xCF, 0x38, 0x0E, 0x71,
    0xC0, 0x77, 0x8E, 0x07, 0xD8, 0x70, 0x7F, 0xC1, 0xF7, 0xFF, 0xFF, 0x98, 0xFF, 0xFC, 0x40, 0xFF,
    0xC0, 0x00, 0x00, 0x03, 0x87, 0xFF, 0x1F, 0x3F, 0xF8, 0x7D, 0xFF, 0x81, 0xC0, 0x00, 0x04, 0x00,
    0x00, 0x0F, 0xFF, 0xDF, 0xFF, 0xFE, 0xFD, 0xFF, 0xF3, 0xE3, 0xB8, 0x07, 0x1D, 0xC0, 0x38, 0xEE,
    0x41, 0xCF, 0x77, 0x0E, 0xF3, 0xF8, 0x7F, 0x1F, 0xC3, 0xF8, 0x7C, 0x7F, 0x80, 0x77, 0xFF, 0xFF,
    0x9C, 0x7F, 0xFC, 0x40, 0x7F, 0xC0, 0x30, 0x38, 0x03, 0xC1, 0xC0, 0x0F, 0xFF, 0xFC, 0x3F, 0xFF,
    0xE1, 0xDF, 0xFE, 0x00, 0x77, 0x80, 0x07, 0xBC, 0x1F, 0xBF, 0xFC, 0xFD, 0xFF, 0xE3, 0xEF, 0xFF,
    0x07, 0x03, 0xC0, 0x3F, 0xFF, 0xE1, 0xFF, 0xFF, 0x0F, 0xFF, 0xF8, 0x70, 0x3C, 0x07, 0x81, 0xE0,
    0x7F, 0xCF, 0x7F, 0xFF, 0xFF, 0xD8, 0xFF, 0xFC, 0xC0, 0xFF, 0xE0, 0x00, 0x00, 0x01, 0x87, 0xFE,
    0x1E, 0x3F, 0xF0, 0x79, 0xC3, 0x81, 0xCF, 0xFC, 0x04, 0x7F, 0xE0, 0x03, 0x87, 0x0F, 0x9F, 0xF8,
    0xFC, 0xFF, 0xE7, 0xE7, 0x67, 0x87, 0x3B, 0xFC, 0x39, 0xDF, 0x81, 0xCF, 0xFC, 0x0E, 0xFE, 0xF0,
    0x77, 0xF3, 0xC3, 0xFC, 0x0C, 0x7F, 0xC0, 0x77, 0xFF, 0xFF, 0x98, 0x7F, 0xFC, 0xC0, 0x3F, 0x00,
    0x00, 0x00, 0xC1, 0x83, 0xFF, 0x1E, 0x7F, 0xF8, 0xF9, 0xDF, 0x03, 0xC0, 0xE0, 0x0D, 0xFF, 0xF8,
    0x0F, 0xFF, 0xCF, 0xBF, 0xFE, 0xFC, 0x0E, 0x07, 0xE7, 0xFF, 0x07, 0x3F, 0xF8, 0x39, 0xC1, 0xC1,
    0xCE, 0x0E, 0x0E, 0x70, 0x70, 0x73, 0xFF, 0x83, 0x9F, 0xFC, 0x7F, 0xC0, 0x37, 0xFF, 0xFF, 0x98,
    0x7F, 0xFC, 0x40, 0x3F, 0x00, 0x00, 0x00, 0x00, 0x07, 0x0E, 0x1C, 0x3C, 0x70, 0xF0, 0xE7, 0x03,
    0xFF, 0xFF, 0x0F, 0xFF, 0xF8, 0x47, 0xFF, 0xC0, 0x3B, 0xDC, 0xFD, 0xDE, 0xE7, 0xEE, 0xF7, 0x1F,
    0x77, 0xB8, 0x3B, 0xFF, 0xC1, 0xDF, 0xFE, 0x0E, 0xFF, 0xF0, 0x70, 0xF0, 0x03, 0x8F, 0x80, 0x1D,
    0xF8, 0x01, 0xFF, 0x80, 0x1F, 0xFF, 0xFF, 0xEF, 0xFF, 0xE6, 0x1F, 0xFF, 0x00, 0x00, 0x00, 0x00,
    0x0E, 0x03, 0x87, 0x70, 0x1E, 0x3B, 0x80, 0x7B, 0xFF, 0xC1, 0xDF, 0xFE, 0x0D, 0xE7, 0x00, 0x06,
    0x38, 0x00, 0x7F, 0xFE, 0x7F, 0xFF, 0xF3, 0xEF, 0xFF, 0x9F, 0x1E, 0xE0, 0x38, 0xE7, 0x41, 0xCF,
    0x3B, 0x0E, 0xF9, 0xDC, 0x7F, 0x8F, 0xC3, 0xF8, 0x7E, 0x3F, 0x01, 0xE3, 0xFF, 0xFF, 0x9E, 0xFF,
    0xFC, 0xE1, 0xFF, 0xE0, 0x00, 0x00, 0x00, 0x00, 0x00, 0x01, 0x8F, 0xFF, 0x1E, 0x7F, 0xF8, 0x78,
    0xFF, 0x81, 0xE7, 0xF8, 0x04, 0xFF, 0xF8, 0x07, 0xFF, 0xC0, 0x39, 0xCE, 0xFD, 0xFF, 0xF7, 0xEF,
    0xFF, 0x9F, 0x73, 0x9C, 0x3B, 0xFF, 0xE1, 0xDF, 0xFF, 0x0E, 0xE7, 0x38, 0x77, 0x3F, 0xC7, 0xF9,
    0xFC, 0x7F, 0xC0, 0xF7, 0xBF, 0xFF, 0x98, 0x7F, 0xFC, 0x40, 0x00, 0x00, 0xFF, 0xFF, 0xF7, 0xFF,
    0xFF, 0x9F, 0xF7, 0xFC, 0x3E, 0x00, 0xE7, 0xFC, 0x07, 0x3F, 0xE0, 0x39, 0xFB, 0x7F, 0xCF, 0xDB,
    0xFE, 0x7E, 0xDF, 0xF3, 0xDE, 0xE3, 0x9E, 0xF7, 0x1C, 0xE1, 0xB8, 0x07, 0xFD, 0xC0, 0x3F, 0xEE,
    0x19, 0xC3, 0x70, 0xEF, 0xFB, 0x8E, 0x7F, 0xDF, 0xF3, 0x86, 0xFF, 0x98, 0x31, 0xF0, 0x00, 0x1F,
    0x83, 0xFF, 0xFC, 0x1F, 0xFF, 0xC1, 0xFF, 0x00, 0x7F, 0xFF, 0xF7, 0xFF, 0xFF, 0x1F, 0xFF, 0xC1,
    0xFF, 0xFC, 0x1C, 0x71, 0xC1, 0xFF, 0xFC, 0x1F, 0xFF, 0xC1, 0xFF, 0xFC, 0x1F, 0xFF, 0xC0, 0x07,
    0x00, 0x3F, 0xFF, 0xE3, 0xFF, 0xFE, 0x00, 0x70, 0x07, 0xFF, 0xFF, 0x7F, 0xFF, 0xF0, 0x0F, 0xFF,
    0x81, 0xFF, 0xFC, 0x1F, 0xFF, 0xC1, 0xFF, 0xFC, 0x1F, 0xFF, 0xC1, 0xFF, 0xFC, 0x00, 0x00, 0x07,
    0xFF, 0xFF, 0x7F, 0xFF, 0xF1, 0xFF, 0xFC, 0x1F, 0xFF, 0xC1, 0xFF, 0xFC, 0x1F, 0xFF, 0xC1, 0xFF,
    0xFC, 0x1F, 0xFF, 0xC3, 0xFF, 0xFC, 0x3F, 0xFF, 0xC7, 0xFF, 0xFF, 0x7F, 0xFF, 0xF0, 0x1C, 0x07,
    0x03, 0xC0, 0x70, 0x3F, 0x87, 0x07, 0xF8, 0x70, 0xFF, 0x87, 0x0F, 0x00, 0x70, 0x7F, 0x87, 0x03,
    0xFF, 0xFF, 0x3F, 0xFF, 0xF0, 0xE7, 0xFF, 0x7F, 0x87, 0x07, 0xF8, 0x70, 0x7F, 0x87, 0x00, 0xE0,
    0x70, 0x0E, 0x07, 0x00, 0xF8, 0x70, 0x1F, 0xC7, 0x01, 0xF8, 0x70, 0x1E, 0x07, 0x01, 0x80, 0x70,
    0x1C, 0x07, 0x03, 0xC0, 0x70, 0x3F, 0x87, 0x07, 0xF8, 0x70, 0xFF, 0xFF, 0xFF, 0x07, 0xFF, 0x7F,
    0xFF, 0xF7, 0xFF, 0x77, 0x3F, 0x77, 0x71, 0xE7, 0x77, 0x7F, 0xFF, 0xF7, 0xFF, 0xFF, 0x7F, 0xFF,
    0xF1, 0xE7, 0x77, 0x1E, 0x77, 0x31, 0xF8, 0x70, 0x1F, 0x87, 0x01, 0xF8, 0x70, 0x3E, 0x07, 0x01,
    0x80, 0x70, 0x38, 0x07, 0x01, 0xCE, 0x38, 0x1F, 0xF1, 0xC0, 0xFF, 0xFF, 0xEF, 0xEF, 0xFF, 0x70,
    0x77, 0xC1, 0xF8, 0x7E, 0x0F, 0xFF, 0xF0, 0x3F, 0xFF, 0xF0, 0xCF, 0xFF, 0x8F, 0x38, 0xE0, 0xFF,
    0xC7, 0x07, 0xFF, 0xFF, 0x0C, 0x7F, 0xF8, 0x6B, 0x8E, 0x03, 0xDC, 0x70, 0x3F, 0xFF, 0x91, 0xFF,
    0xFF, 0xCE, 0x67, 0xFC, 0x22, 0x07, 0xE0, 0x18, 0x1D, 0xC1, 0xE0, 0xEE, 0x0F, 0xFF, 0xF8, 0xFF,
    0xFF, 0xEF, 0xFF, 0xFF, 0x78, 0x0E, 0xE1, 0xFF, 0xFF, 0xC7, 0xFF, 0xFE, 0x3F, 0xFF, 0xF0, 0xE0,
    0x00, 0x1F, 0xCF, 0xF8, 0xFF, 0x7F, 0xC7, 0xFB, 0x8E, 0x0E, 0x1C, 0x70, 0x70, 0xFF, 0x83, 0xF7,
    0xFC, 0x1F, 0xB8, 0xE0, 0xFD, 0xFF, 0x07, 0x8F, 0xF8, 0x30, 0x61, 0xC0, 0x38, 0x23, 0x01, 0xCF,
    0x98, 0x0F, 0xFF, 0xF8, 0xFF, 0xFF, 0xCF, 0xEF, 0xFF, 0xF0, 0x7F, 0xFD, 0xFB, 0x0D, 0x8F, 0xFF,
    0xFC, 0x3F, 0xFF, 0xE0, 0xCB, 0x98, 0x1F, 0xFF, 0xFC, 0xFF, 0xFF, 0xE7, 0xFF, 0x30, 0x0C, 0xFF,
    0xF8, 0x6B, 0xFF, 0xC3, 0xFE, 0x60, 0x3F, 0xFF, 0x01, 0xFF, 0xFF, 0xCE, 0xE3, 0xFC, 0x02, 0x00,
    0x00, 0x1C, 0x00, 0x01, 0xE3, 0xFF, 0x8F, 0xDF, 0xFC, 0xFE, 0xE0, 0xEF, 0xF7, 0x07, 0x70, 0x3F,
    0xF9, 0xFD, 0xFF, 0xC7, 0xEE, 0x70, 0x3F, 0x73, 0x80, 0xE3, 0xFF, 0xDF, 0xFF, 0xFE, 0xFF, 0xC7,
    0x07, 0xFE, 0x38, 0x0E, 0x7F, 0xF8, 0x77, 0xFF, 0xC3, 0xFF, 0x0E, 0x1F, 0xF8, 0x71, 0xFF, 0xFF,
    0x8F, 0x7F, 0xFC, 0x21, 0x78, 0xE0, 0x00, 0x00, 0x00, 0xE0, 0x38, 0x0F, 0x1F, 0xFC, 0x7F, 0xFF,
    0xE7, 0xFB, 0x9C, 0x7F, 0x8E, 0xE3, 0x83, 0xFF, 0xCF, 0xFF, 0xFE, 0x3F, 0x00, 0x01, 0xFB, 0xFF,
    0x87, 0x1F, 0xFC, 0xFE, 0xFF, 0xE7, 0xFF, 0xFF, 0x3F, 0xF8, 0x38, 0x71, 0xFF, 0xC3, 0xAF, 0xFC,
    0x1F, 0x9F, 0x80, 0xFD, 0xFD, 0x8F, 0xDE, 0xEE, 0x7B, 0xE3, 0xE1, 0x8E, 0x1F, 0x00, 0x00, 0x00,
    0x1E, 0x02, 0x01, 0xE0, 0x78, 0x1E, 0x0F, 0x81, 0xE3, 0xF0, 0x1E, 0xFC, 0x01, 0xFF, 0x80, 0x1E,
    0xE0, 0x01, 0xE0, 0x00, 0xFF, 0xFF, 0xEF, 0xFF, 0xFE, 0xFF, 0xFF, 0xE1, 0xE7, 0x00, 0x1E, 0x78,
    0x01, 0xE3, 0xC0, 0x1E, 0x1E, 0x01, 0xFF, 0xF8, 0x1F, 0xEF, 0xE3, 0xFE, 0x3E, 0x1F, 0x81, 0xC1,
    0x80, 0x00, 0x70, 0x00, 0x0E, 0x7F, 0xFD, 0xEF, 0xFF, 0x9D, 0xFF, 0xF1, 0x00, 0x0F, 0xC0, 0x01,
    0xF9, 0xFF, 0x3F, 0x3F, 0xE7, 0xE7, 0x1C, 0xFC, 0xE3, 0x9F, 0x9F, 0xF3, 0xF3, 0xFE, 0x7E, 0x71,
    0xCF, 0xCE, 0x39, 0xF9, 0xFF, 0x3F, 0x3F, 0xE7, 0xE0, 0x00, 0xFC, 0x00, 0x7F, 0x80, 0x0F, 0xF0,
    0x01, 0xE0, 0x00, 0x00, 0x60, 0x00, 0x0E, 0x7F, 0xFD, 0xEF, 0xFF, 0x9D, 0xFF, 0xF1, 0x71, 0xCF,
    0xCF, 0x79, 0xF8, 0xEE, 0x3F, 0x7F, 0xE7, 0xEF, 0xFC, 0xFD, 0xC3, 0x9F, 0xB8, 0x73, 0xF7, 0xFE,
    0x7E, 0xFF, 0xCF, 0xC7, 0xE1, 0xF8, 0xFD, 0x3F, 0x3B, 0xBF, 0xFF, 0x7E, 0xFD, 0xC7, 0xFF, 0xA0,
    0x0F, 0xF0, 0x01, 0xE0, 0x00, 0x00, 0x00, 0x00, 0x1F, 0xFF, 0xFB, 0xFF, 0xFF, 0xFF, 0xFF, 0xFE,
    0xEE, 0x1F, 0xDD, 0xC3, 0xFF, 0xB8, 0x7F, 0xE7, 0x0F, 0xEE, 0xFF, 0xFD, 0xDF, 0xFF, 0x9F, 0xFF,
    0xF3, 0xF0, 0xFF, 0xFE, 0x1F, 0xFF, 0xC3, 0xFF, 0xB8, 0x7F, 0x07, 0x0F, 0xE0, 0xFF, 0xFC, 0x1F,
    0xFF, 0x83, 0xFF, 0xF0, 0x70, 0xF0, 0x00, 0x71, 0xCF, 0xE7, 0x1C, 0xFE, 0xF1, 0xCF, 0xEE, 0x1C,
    0xEE, 0xFF, 0xEF, 0xDF, 0xFF, 0xFF, 0xFF, 0xFF, 0xFE, 0x1C, 0xFF, 0xE9, 0xCE, 0xFF, 0xDC, 0xEE,
    0xFD, 0xCE, 0xEE, 0xFC, 0xEE, 0xEF, 0xCF, 0xEE, 0xDC, 0xFC, 0xE1, 0xCE, 0x0E, 0x1C, 0xE0, 0xE1,
    0xCE, 0x0E, 0x7C, 0xE0, 0xE7, 0xCE, 0x0E, 0x78, 0x00, 0x00, 0x00, 0x00, 0x00, 0x00, 0x00, 0xE0,
    0xFE, 0x1E, 0x0F, 0xE3, 0xE0, 0xFE, 0x7F, 0x8E, 0xDF, 0x7C, 0xFF, 0xE3, 0xFF, 0xFF, 0xFE, 0xFD,
    0xFF, 0xCF, 0xCF, 0xF8, 0xEE, 0x1E, 0x0E, 0xFF, 0xFE, 0xEF, 0xFF, 0xEE, 0xFF, 0xFE, 0xFE, 0x9E,
    0x8F, 0xCF, 0xFC, 0xF9, 0xDF, 0xEE, 0x3D, 0xEE, 0xE3, 0xFE, 0xFE, 0x17, 0xC6, 0xE0, 0x3C, 0x00,
    0x00, 0x70, 0x0F, 0xE7, 0x00, 0xFE, 0xFF, 0x8F, 0xFF, 0xF8, 0xEF, 0xC7, 0x0F, 0xDF, 0xFC, 0xFD,
    0xFF, 0xCF, 0xC0, 0x1C, 0xFC, 0xFF, 0xCE, 0xEF, 0xFC, 0xEE, 0x01, 0xCE, 0xFF, 0xFC, 0xEF, 0xFF,
    0xCF, 0xE3, 0xC0, 0xFF, 0xFF, 0xCE, 0x3F, 0xFC, 0xE3, 0xE7, 0xEE, 0x7F, 0x3E, 0xE7, 0x7F, 0xEE,
    0x37, 0xF4, 0x40, 0x00, 0x00, 0x00, 0x00, 0x00, 0x01, 0xC0, 0xFF, 0xFF, 0xEF, 0xFF, 0xFE, 0xFE,
    0x73, 0x8E, 0xFF, 0xFE, 0xFF, 0xFF, 0xEF, 0xC0, 0x00, 0xFD, 0xFF, 0xCF, 0xDF, 0xFC, 0xEF, 0xC1,
    0xCE, 0xFF, 0xFC, 0xEF, 0xFF, 0xCF, 0xFF, 0xFC, 0xFF, 0xFF, 0xCF, 0xC1, 0xE0, 0xE3, 0xFF, 0xEE,
    0x3F, 0xFE, 0xE0, 0x1E, 0x0E, 0x01, 0xE0, 0xE0, 0x1E, 0x00, 0xFF, 0xFF, 0xFF, 0xFF, 0xFF, 0xFF,
    0xFF, 0x80, 0xF0, 0x07, 0xFF, 0xFC, 0xFF, 0xFF, 0x9F, 0xFF, 0xF3, 0xB9, 0xCE, 0x77, 0xF9, 0xCE,
    0xFF, 0x39, 0xDC, 0xE7, 0x3B, 0x9C, 0xE7, 0x7F, 0x9C, 0xEF, 0xF3, 0x9D, 0xCE, 0x73, 0xFF, 0xFE,
    0x7F, 0xFF, 0xCF, 0xFF, 0xF9, 0xC0, 0x07, 0x00, 0x7F, 0xFF, 0xF7, 0xFF, 0xFF, 0x7F, 0xFF, 0xF0,
    0x0E, 0x00, 0x1F, 0xFF, 0xC1, 0xFF, 0xFC, 0x1F, 0xFF, 0xC1, 0xC2, 0x1C, 0x1C, 0x71, 0xC1, 0xC7,
    0x1C, 0x1C, 0x71, 0xC1, 0xC7, 0x1C, 0x1C, 0x71, 0xC1, 0xCF, 0xDC, 0x1D, 0xFF, 0xC0, 0x7F, 0xFC,
    0x7F, 0xC7, 0xF7, 0xF0, 0x1F, 0x38, 0x00, 0x60, 0x00, 0xFF, 0xF7, 0xFF, 0xFF, 0xBF, 0xFF, 0xFD,
    0xFE, 0xFF, 0xC1, 0xCF, 0xFE, 0x0E, 0x7F, 0xF0, 0x73, 0x9B, 0x83, 0x9D, 0xDC, 0x1C, 0xEE, 0xE0,
    0xE7, 0x77, 0x07, 0x7B, 0xB8, 0x3F, 0xDD, 0xCF, 0xFE, 0xEE, 0x7F, 0x7F, 0x73, 0xC0, 0x7E, 0x00,
    0x0F, 0xFC, 0x01, 0xF9, 0xF0, 0x1F, 0x83, 0x80, 0x70, 0x08, 0x01, 0x80, 0x03, 0x8F, 0xFF, 0x9F,
    0x7F, 0xFC, 0xFF, 0x8F, 0x07, 0xFF, 0xFE, 0x3F, 0xFF, 0xF9, 0xFF, 0xFF, 0xCF, 0xFF, 0x0E, 0x7F,
    0xFF, 0x73, 0xFF, 0xFB, 0x9F, 0xFF, 0xDC, 0xFF, 0xFE, 0xE7, 0xFF, 0xF7, 0x3F, 0xFF, 0xB9, 0xFF,
    0xFF, 0xCF, 0xF9, 0xF8, 0xEF, 0xDF, 0xE7, 0x0F, 0xE7, 0xB8, 0x7F, 0x1C, 0xC0, 0x60, 0x40, 0x00,
    0x00, 0x03, 0xFF, 0xFF, 0xDF, 0xFF, 0xFE, 0xFF, 0x7F, 0xE3, 0xF3, 0xFE, 0x3F, 0x1F, 0xF8, 0xF8,
    0xFF, 0xC3, 0xE7, 0x0E, 0xFF, 0xFF, 0x77, 0xFF, 0xFB, 0x9F, 0xFF, 0xDC, 0x3B, 0x7E, 0xE1, 0xFB,
    0xF7, 0x0E, 0xDF, 0xB8, 0x70, 0xFD, 0xC3, 0x81, 0xF8, 0x1C, 0x1F, 0xE3, 0xE3, 0xEF, 0x9F, 0x3E,
    0x3C, 0xF8, 0xE0, 0x60, 0x00, 0x00, 0x00, 0x07, 0x00, 0x01, 0xB9, 0xFF, 0x9D, 0xFF, 0xFC, 0xEF,
    0xBF, 0xE7, 0x70, 0x38, 0x3B, 0x8F, 0xFB, 0xFF, 0xFF, 0xDF, 0xFF, 0xAE, 0x7F, 0xDF, 0xF1, 0xF6,
    0xFF, 0x9F, 0xBF, 0xFC, 0xFD, 0xBF, 0xE7, 0xFD, 0xFF, 0x77, 0xEF, 0xB9, 0xBE, 0x7D, 0xC0, 0xF3,
    0xF8, 0x1F, 0x0F, 0xE3, 0xF1, 0xF7, 0x9F, 0x1F, 0x1C, 0xE0, 0x70, 0x60, 0x7F, 0xFF, 0xF3, 0xFF,
    0xFF, 0x9C, 0x71, 0xC0, 0xFF, 0xBF, 0xE7, 0xFD, 0xFF, 0x3F, 0xEC, 0x39, 0xFF, 0x6F, 0xC0, 0x03,
    0x6E, 0x7F, 0xFB, 0x73, 0xFF, 0xDB, 0x8F, 0x87, 0xDC, 0x7C, 0x3E, 0xE7, 0xFC, 0x7C, 0x3F, 0xEF,
    0xF1, 0xF9, 0xF3, 0xCF, 0xE7, 0x0E, 0xEF, 0xFF, 0xF7, 0x1F, 0xFF, 0x88, 0x00, 0x00, 0x0E, 0x00,
    0x00, 0x71, 0xFF, 0x9F, 0xFF, 0xFC, 0xFF, 0xFF, 0xE7, 0xCE, 0x70, 0x3E, 0x7F, 0xF8, 0xFF, 0xFF,
    0xCF, 0xFB, 0x6E, 0xFF, 0xDB, 0xF3, 0xFC, 0xDF, 0x8F, 0xF6, 0xFD, 0xFF, 0xF6, 0xE7, 0x9F, 0xF7,
    0x3F, 0xEF, 0xB8, 0xFF, 0x7D, 0xC7, 0x39, 0xF8, 0x39, 0xCF, 0xE1, 0xFF, 0xF7, 0x8F, 0xFF, 0x1E,
    0x73, 0xE0, 0x60, 0x00, 0x00, 0x00, 0x00, 0x38, 0x1F, 0xC3, 0xC0, 0xFE, 0x1F, 0x00, 0x71, 0xFC,
    0x1B, 0x9F, 0xF1, 0xDF, 0xE7, 0xCE, 0xFE, 0x1F, 0x77, 0xFF, 0xF3, 0xBE, 0xFE, 0x9D, 0xC0, 0x00,
    0xFF, 0x6E, 0xE7, 0xFF, 0x77, 0x01, 0xDF, 0xB8, 0x3E, 0xFF, 0x9F, 0xF7, 0x7C, 0xFF, 0xB8, 0xC2,
    0x1C, 0x0E, 0x01, 0xFF, 0xFC, 0x3E, 0xFF, 0xE1, 0xF0, 0x00, 0x00, 0x00, 0x03, 0x03, 0xFF, 0x1E,
    0x1F, 0xF8, 0xF8, 0xFF, 0xC7, 0xC7, 0xFE, 0x37, 0x3F, 0xF1, 0x81, 0xFF, 0xFF, 0xCF, 0xFF, 0xFE,
    0x7F, 0xFF, 0xF0, 0x30, 0x3C, 0x1F, 0xF9, 0xE0, 0xFF, 0xCF, 0x03, 0xE0, 0x7C, 0x3F, 0xF7, 0xE1,
    0xFF, 0xBB, 0x07, 0xFB, 0xDC, 0x7F, 0xFC, 0xF3, 0xFF, 0xE3, 0xDB, 0xCE, 0x1C, 0xD8, 0x20, 0x40,
    0x00, 0x00, 0x00, 0x03, 0x80, 0x00, 0x1E, 0x00, 0xFF, 0xFF, 0xE7, 0xFF, 0xFF, 0x07, 0xC7, 0xC0,
    0x1F, 0x7C, 0x00, 0x7F, 0xC0, 0x01, 0xFE, 0x00, 0xFF, 0xFF, 0x9F, 0xFF, 0xFC, 0xFE, 0x07, 0xE3,
    0x70, 0x70, 0x03, 0x83, 0x80, 0x1C, 0x1C, 0x00, 0xE0, 0xE0, 0x0F, 0x07, 0x00, 0x70, 0x38, 0x0F,
    0x81, 0xC0, 0x78, 0x0E, 0x01, 0x80, 0x70, 0x00, 0x00, 0x70, 0x00, 0xE7, 0x00, 0x0E, 0x7F, 0xC0,
    0xE7, 0xFC, 0x0E, 0x70, 0x07, 0xFF, 0xFF, 0x7F, 0xFF, 0xF7, 0xFF, 0xFF, 0x38, 0x70, 0xE3, 0x87,
    0x0E, 0x38, 0x70, 0xE3, 0x8F, 0x0E, 0x39, 0xFC, 0xE3, 0x9F, 0xEE, 0x3F, 0xCF, 0xE3, 0xF8, 0x7E,
    0x3F, 0xFF, 0xE3, 0xFF, 0xFE, 0x3F, 0xFF, 0xE0, 0x00, 0x0E, 0x3F, 0x1F, 0xBF, 0x9F, 0xFF, 0xDF,
    0xFF, 0x6F, 0xAF, 0x07, 0x87, 0xFB, 0xFF, 0xFD, 0xFF, 0xFE, 0xFF, 0xF0, 0x78, 0x78, 0x3C, 0x3C,
    0x1E, 0x1E, 0x0F, 0x0F, 0x07, 0x87, 0x83, 0xC3, 0xC1, 0xE1, 0xE0, 0xF0, 0x3F, 0x7B, 0xFB, 0xFF,
    0xDF, 0xF0, 0xFF, 0x00, 0x7F, 0xBF, 0xFD, 0xFF, 0xEF, 0xF0, 0x7F, 0x83, 0xFC, 0x1F, 0xE0, 0xFF,
    0x07, 0xF8, 0x3F, 0xC1, 0xFE, 0x0F, 0x3F, 0x78, 0xFE, 0xF3, 0xFD, 0xE7, 0xC3, 0xCF, 0x07, 0x9F,
    0xEF, 0x3F, 0xDE, 0x7F, 0xBC, 0xF0, 0x79, 0xE0, 0xF3, 0xC1, 0xE7, 0x83, 0xCF, 0x07, 0xDE, 0x0F,
    0xBC, 0x1F, 0x78, 0x1E, 0x3F, 0x1F, 0xB9, 0xFC, 0xFF, 0xFF, 0xF7, 0xF7, 0xFE, 0xDF, 0x4E, 0xF0,
    0x78, 0x03, 0xFD, 0xFE, 0xFF, 0xF7, 0xFB, 0xFF, 0xDF, 0xEF, 0xF0, 0x78, 0x3F, 0xC1, 0xE0, 0xFF,
    0x07, 0x83, 0xFC, 0x1E, 0x0F, 0xF0, 0x78, 0x3F, 0xC1, 0xE0, 0xFF, 0x07, 0x83, 0xFC, 0x1E, 0x0F,
    0x3F, 0x1F, 0xBC, 0xFE, 0x7F, 0x7B, 0xFD, 0xFC, 0xF7, 0xDB, 0xE9, 0xEF, 0x07, 0x83, 0xDF, 0xEF,
    0xF7, 0xBF, 0xDF, 0xEF, 0x7F, 0xBF, 0xDE, 0xF0, 0x78, 0x3D, 0xE0, 0xF0, 0x7B, 0xC1, 0xE0, 0xF7,
    0x83, 0xC1, 0xEF, 0x07, 0x83, 0xDE, 0x0F, 0x07, 0xFC, 0x1E, 0x0F, 0xF8, 0x3C, 0x0F,
};

static const EpdGlyph ubuntu_10_boldGlyphs[] = {
    { 0, 0, 0, 0, 0, 0, 0 }, // U+0000
    { 0, 0, 0, 0, 0, 0, 0 }, // U+0008
    { 0, 0, 80, 0, 0, 0, 0 }, // U+0009
    { 0, 0, 80, 0, 0, 0, 0 }, // U+000D
    { 0, 0, 0, 0, 0, 0, 0 }, // U+001D
    { 0, 0, 80, 0, 0, 0, 0 }, // U+0020
    { 4, 15, 95, 1, 15, 8, 0 }, // !
    { 8, 6, 155, 1, 16, 6, 8 }, // "
    { 13, 15, 233, 1, 15, 25, 14 }, // #
    { 11, 19, 189, 0, 16, 27, 39 }, // $
    { 19, 15, 306, 0, 15, 36, 66 }, // %
    { 15, 15, 235, 0, 15, 29, 102 }, // &
    { 4, 6, 82, 1, 16, 3, 131 }, // '
    { 7, 20, 119, 1, 16, 18, 134 }, // (
    { 6, 20, 119, 0, 16, 15, 152 }, // )
    { 10, 8, 167, 0, 15, 10, 167 }, // *
    { 10, 11, 189, 1, 12, 14, 177 }, // +
    { 5, 6, 82, 0, 3, 4, 191 }, // ,
    { 7, 3, 113, 0, 8, 3, 195 }, // -
    { 5, 4, 82, 0, 4, 3, 198 }, // .
    { 11, 20, 146, -1, 16, 28, 201 }, // /
    { 12, 15, 189, 0, 15, 23, 229 }, // 0
    { 8, 15, 189, 1, 15, 15, 252 }, // 1
    { 11, 15, 189, 0, 15, 21, 267 }, // 2
    { 11, 15, 189, 0, 15, 21, 288 }, // 3
    { 12, 15, 189, 0, 15, 23, 309 }, // 4
    { 11, 15, 189, 0, 15, 21, 332 }, // 5
    { 12, 15, 189, 0, 15, 23, 353 }, // 6
    { 12, 15, 189, 0, 15, 23, 376 }, // 7
    { 12, 15, 189, 0, 15, 23, 399 }, // 8
    { 12, 15, 189, 0, 15, 23, 422 }, // 9
    { 5, 11, 82, 0, 11, 7, 445 }, // :
    { 5, 14, 82, 0, 11, 9, 452 }, // ;
    { 10, 11, 189, 1, 12, 14, 461 }, // <
    { 10, 8, 189, 1, 10, 10, 475 }, // =
    { 10, 11, 189, 1, 12, 14, 485 }, // >
    { 10, 16, 152, 0, 16, 20, 499 }, // ?
    { 19, 18, 325, 1, 15, 43, 519 }, // @
    { 15, 15, 240, 0, 15, 29, 562 }, // A
    { 13, 15, 224, 1, 15, 25, 591 }, // B
    { 13, 15, 216, 1, 15, 25, 616 }, // C
    { 14, 15, 246, 1, 15, 27, 641 }, // D
    { 11, 15, 202, 1, 15, 21, 668 }, // E
    { 11, 15, 191, 1, 15, 21, 689 }, // F
    { 13, 15, 234, 1, 15, 25, 710 }, // G
    { 13, 15, 245, 1, 15, 25, 735 }, // H
    { 4, 15, 105, 1, 15, 8, 760 }, // I
    { 10, 15, 176, 0, 15, 19, 768 }, // J
    { 14, 15, 228, 1, 15, 27, 787 }, // K
    { 11, 15, 188, 1, 15, 21, 814 }, // L
    { 17, 15, 299, 1, 15, 32, 835 }, // M
    { 14, 15, 252, 1, 15, 27, 867 }, // N
    { 15, 15, 263, 1, 15, 29, 894 }, // O
    { 12, 15, 215, 1, 15, 23, 923 }, // P
    { 15, 18, 263, 1, 15, 34, 946 }, // Q
    { 13, 15, 222, 1, 15, 25, 980 }, // R
    { 12, 15, 194, 0, 15, 23, 1005 }, // S
    { 13, 15, 205, 0, 15, 25, 1028 }, // T
    { 13, 15, 236, 1, 15, 25, 1053 }, // U
    { 15, 15, 241, 0, 15, 29, 1078 }, // V
    { 20, 15, 316, 0, 15, 38, 1107 }, // W
    { 14, 15, 225, 0, 15, 27, 1145 }, // X
    { 14, 15, 220, 0, 15, 27, 1172 }, // Y
    { 13, 15, 203, 0, 15, 25, 1199 }, // Z
    { 7, 20, 124, 1, 16, 18, 1224 }, // [
    { 11, 20, 146, -1, 16, 28, 1242 }, // <backslash>
    { 6, 20, 124, 0, 16, 15, 1270 }, // ]
    { 12, 9, 189, 0, 15, 14, 1285 }, // ^
    { 11, 3, 167, 0, -1, 5, 1299 }, // _
    { 6, 5, 95, 0, 17, 4, 1304 }, // `
    { 11, 11, 184, 0, 11, 16, 1308 }, // a
    { 11, 16, 201, 1, 16, 22, 1324 }, // b
    { 10, 11, 167, 0, 11, 14, 1346 }, // c
    { 12, 16, 201, 0, 16, 24, 1360 }, // d
    { 12, 11, 195, 0, 11, 17, 1384 }, // e
    { 9, 16, 141, 1, 16, 18, 1401 }, // f
    { 11, 15, 198, 0, 11, 21, 1419 }, // g
    { 10, 16, 196, 1, 16, 20, 1440 }, // h
    { 4, 16, 96, 1, 16, 8, 1460 }, // i
    { 7, 20, 96, -2, 16, 18, 1468 }, // j
    { 11, 16, 193, 1, 16, 22, 1486 }, // k
    { 6, 16, 105, 1, 16, 12, 1508 }, // l
    { 16, 11, 287, 1, 11, 22, 1520 }, // m
    { 10, 11, 196, 1, 11, 14, 1542 }, // n
    { 12, 11, 202, 0, 11, 17, 1556 }, // o
    { 11, 15, 201, 1, 11, 21, 1573 }, // p
    { 12, 15, 201, 0, 11, 23, 1594 }, // q
    { 8, 11, 141, 1, 11, 11, 1617 }, // r
    { 10, 11, 162, 0, 11, 14, 1628 }, // s
    { 8, 14, 148, 1, 14, 14, 1642 }, // t
    { 10, 11, 196, 1, 11, 14, 1656 }, // u
    { 12, 11, 183, 0, 11, 17, 1670 }, // v
    { 17, 11, 261, 0, 11, 24, 1687 }, // w
    { 12, 11, 185, 0, 11, 17, 1711 }, // x
    { 12, 15, 182, 0, 11, 23, 1728 }, // y
    { 10, 11, 167, 0, 11, 14, 1751 }, // z
    { 8, 20, 124, 0, 16, 20, 1765 }, // {
    { 4, 20, 107, 1, 16, 10, 1785 }, // |
    { 8, 20, 124, 0, 16, 20, 1795 }, // }
    { 12, 5, 189, 0, 9, 8, 1815 }, // ~
    { 0, 0, 80, 0, 0, 0, 1823 }, // U+00A0
    { 4, 15, 95, 1, 11, 8, 1823 }, // U+00A1
    { 10, 16, 189, 0, 14, 20, 1831 }, // U+00A2
    { 11, 15, 189, 0, 15, 21, 1851 }, // U+00A3
    { 12, 11, 189, 0, 13, 17, 1872 }, // U+00A4
    { 14, 15, 189, -1, 15, 27, 1889 }, // U+00A5
    { 4, 20, 101, 1, 16, 10, 1916 }, // U+00A6
    { 11, 19, 172, 0, 15, 27, 1926 }, // U+00A7
    { 9, 3, 179, 1, 16, 4, 1953 }, // U+00A8
    { 15, 15, 265, 1, 15, 29, 1957 }, // U+00A9
    { 8, 8, 133, 0, 15, 8, 1986 }, // U+00AA
    { 12, 11, 199, 0, 11, 17, 1994 }, // U+00AB
    { 10, 8, 189, 1, 9, 10, 2011 }, // U+00AC
    { 7, 3, 113, 0, 8, 3, 2021 }, // U+00AD
    { 15, 15, 265, 1, 15, 29, 2024 }, // U+00AE
    { 8, 2, 125, 0, 15, 2, 2053 }, // U+00AF
    { 8, 6, 121, 0, 16, 6, 2055 }, // U+00B0
    { 10, 15, 189, 1, 15, 19, 2061 }, // U+00B1
    { 7, 9, 121, 0, 15, 8, 2080 }, // U+00B2
    { 7, 9, 121, 0, 15, 8, 2088 }, // U+00B3
    { 6, 5, 95, 0, 17, 4, 2096 }, // U+00B4
    { 10, 15, 198, 1, 11, 19, 2100 }, // U+00B5
    { 14, 19, 237, 0, 15, 34, 2119 }, // U+00B6
    { 5, 4, 82, 0, 9, 3, 2153 }, // U+00B7
    { 6, 6, 109, 0, 1, 5, 2156 }, // U+00B8
    { 6, 9, 121, 0, 15, 7, 2161 }, // U+00B9
    { 9, 8, 152, 0, 15, 9, 2168 }, // U+00BA
    { 13, 11, 199, 0, 11, 18, 2177 }, // U+00BB
    { 19, 15, 293, 0, 15, 36, 2195 }, // U+00BC
    { 18, 15, 293, 0, 15, 34, 2231 }, // U+00BD
    { 19, 15, 293, 0, 15, 36, 2265 }, // U+00BE
    { 10, 15, 152, 0, 11, 19, 2301 }, // U+00BF
    { 15, 21, 240, 0, 21, 40, 2320 }, // U+00C0
    { 15, 21, 240, 0, 21, 40, 2360 }, // U+00C1
    { 15, 21, 240, 0, 21, 40, 2400 }, // U+00C2
    { 15, 19, 240, 0, 19, 36, 2440 }, // U+00C3
    { 15, 19, 240, 0, 19, 36, 2476 }, // U+00C4
    { 15, 19, 240, 0, 19, 36, 2512 }, // U+00C5
    { 21, 15, 331, 0, 15, 40, 2548 }, // U+00C6
    { 13, 20, 216, 1, 15, 33, 2588 }, // U+00C7
    { 11, 21, 202, 1, 21, 29, 2621 }, // U+00C8
    { 11, 21, 202, 1, 21, 29, 2650 }, // U+00C9
    { 11, 21, 202, 1, 21, 29, 2679 }, // U+00CA
    { 11, 19, 202, 1, 19, 27, 2708 }, // U+00CB
    { 6, 21, 105, 0, 21, 16, 2735 }, // U+00CC
    { 5, 21, 105, 1, 21, 14, 2751 }, // U+00CD
    { 7, 21, 105, 0, 21, 19, 2765 }, // U+00CE
    { 9, 19, 105, -1, 19, 22, 2784 }, // U+00CF
    { 15, 15, 249, 0, 15, 29, 2806 }, // U+00D0
    { 14, 19, 252, 1, 19, 34, 2835 }, // U+00D1
    { 15, 21, 263, 1, 21, 40, 2869 }, // U+00D2
    { 15, 21, 263, 1, 21, 40, 2909 }, // U+00D3
    { 15, 21, 263, 1, 21, 40, 2949 }, // U+00D4
    { 15, 19, 263, 1, 19, 36, 2989 }, // U+00D5
    { 15, 19, 263, 1, 19, 36, 3025 }, // U+00D6
    { 10, 9, 189, 1, 11, 12, 3061 }, // U+00D7
    { 15, 17, 263, 1, 16, 32, 3073 }, // U+00D8
    { 13, 21, 236, 1, 21, 35, 3105 }, // U+00D9
    { 13, 21, 236, 1, 21, 35, 3140 }, // U+00DA
    { 13, 21, 236, 1, 21, 35, 3175 }, // U+00DB
    { 13, 19, 236, 1, 19, 31, 3210 }, // U+00DC
    { 14, 21, 220, 0, 21, 37, 3241 }, // U+00DD
    { 12, 15, 215, 1, 15, 23, 3278 }, // U+00DE
    { 13, 16, 220, 1, 16, 26, 3301 }, // U+00DF
    { 11, 17, 184, 0, 17, 24, 3327 }, // U+00E0
    { 11, 17, 184, 0, 17, 24, 3351 }, // U+00E1
    { 11, 17, 184, 0, 17, 24, 3375 }, // U+00E2
    { 11, 16, 184, 0, 16, 22, 3399 }, // U+00E3
    { 11, 16, 184, 0, 16, 22, 3421 }, // U+00E4
    { 11, 18, 184, 0, 18, 25, 3443 }, // U+00E5
    { 18, 11, 291, 0, 11, 25, 3468 }, // U+00E6
    { 10, 15, 167, 0, 11, 19, 3493 }, // U+00E7
    { 12, 17, 195, 0, 17, 26, 3512 }, // U+00E8
    { 12, 17, 195, 0, 17, 26, 3538 }, // U+00E9
    { 12, 17, 195, 0, 17, 26, 3564 }, // U+00EA
    { 12, 16, 195, 0, 16, 24, 3590 }, // U+00EB
    { 6, 17, 96, 0, 17, 13, 3614 }, // U+00EC
    { 6, 17, 96, 0, 17, 13, 3627 }, // U+00ED
    { 8, 17, 96, -1, 17, 17, 3640 }, // U+00EE
    { 9, 16, 96, -2, 16, 18, 3657 }, // U+00EF
    { 13, 16, 200, 0, 16, 26, 3675 }, // U+00F0
    { 10, 16, 196, 1, 16, 20, 3701 }, // U+00F1
    { 12, 17, 202, 0, 17, 26, 3721 }, // U+00F2
    { 12, 17, 202, 0, 17, 26, 3747 }, // U+00F3
    { 12, 17, 202, 0, 17, 26, 3773 }, // U+00F4
    { 12, 16, 202, 0, 16, 24, 3799 }, // U+00F5
    { 12, 16, 202, 0, 16, 24, 3823 }, // U+00F6
    { 10, 13, 189, 1, 13, 17, 3847 }, // U+00F7
    { 12, 13, 202, 0, 12, 20, 3864 }, // U+00F8
    { 10, 17, 196, 1, 17, 22, 3884 }, // U+00F9
    { 10, 17, 196, 1, 17, 22, 3906 }, // U+00FA
    { 10, 17, 196, 1, 17, 22, 3928 }, // U+00FB
    { 10, 16, 196, 1, 16, 20, 3950 }, // U+00FC
    { 12, 21, 182, 0, 17, 32, 3970 }, // U+00FD
    { 11, 20, 201, 1, 16, 28, 4002 }, // U+00FE
    { 12, 20, 182, 0, 16, 30, 4030 }, // U+00FF
    { 15, 18, 240, 0, 18, 34, 4060 }, // U+0100
    { 11, 15, 184, 0, 15, 21, 4094 }, // U+0101
    { 15, 19, 240, 0, 19, 36, 4115 }, // U+0102
    { 11, 16, 184, 0, 16, 22, 4151 }, // U+0103
    { 16, 20, 240, 0, 15, 40, 4173 }, // U+0104
    { 11, 15, 184, 0, 11, 21, 4213 }, // U+0105
    { 13, 21, 216, 1, 21, 35, 4234 }, // U+0106
    { 10, 17, 167, 0, 17, 22, 4269 }, // U+0107
    { 13, 21, 216, 1, 21, 35, 4291 }, // U+0108
    { 10, 17, 167, 0, 17, 22, 4326 }, // U+0109
    { 13, 19, 216, 1, 19, 31, 4348 }, // U+010A
    { 10, 16, 167, 0, 16, 20, 4379 }, // U+010B
    { 13, 21, 216, 1, 21, 35, 4399 }, // U+010C
    { 10, 17, 167, 0, 17, 22, 4434 }, // U+010D
    { 14, 21, 246, 1, 21, 37, 4456 }, // U+010E
    { 16, 16, 228, 0, 16, 32, 4493 }, // U+010F
    { 15, 15, 249, 0, 15, 29, 4525 }, // U+0110
    { 13, 16, 202, 0, 16, 26, 4554 }, // U+0111
    { 11, 18, 202, 1, 18, 25, 4580 }, // U+0112
    { 12, 15, 195, 0, 15, 23, 4605 }, // U+0113
    { 11, 19, 202, 1, 19, 27, 4628 }, // U+0114
    { 12, 16, 195, 0, 16, 24, 4655 }, // U+0115
    { 11, 19, 202, 1, 19, 27, 4679 }, // U+0116
    { 12, 16, 195, 0, 16, 24, 4706 }, // U+0117
    { 12, 20, 202, 1, 15, 30, 4730 }, // U+0118
    { 12, 15, 195, 0, 11, 23, 4760 }, // U+0119
    { 11, 21, 202, 1, 21, 29, 4783 }, // U+011A
    { 12, 17, 195, 0, 17, 26, 4812 }, // U+011B
    { 13, 21, 234, 1, 21, 35, 4838 }, // U+011C
    { 11, 21, 198, 0, 17, 29, 4873 }, // U+011D
    { 13, 19, 234, 1, 19, 31, 4902 }, // U+011E
    { 11, 20, 198, 0, 16, 28, 4933 }, // U+011F
    { 13, 19, 234, 1, 19, 31, 4961 }, // U+0120
    { 11, 20, 198, 0, 16, 28, 4992 }, // U+0121
    { 13, 20, 234, 1, 15, 33, 5020 }, // U+0122
    { 11, 21, 198, 0, 17, 29, 5053 }, // U+0123
    { 13, 21, 245, 1, 21, 35, 5082 }, // U+0124
    { 10, 20, 196, 1, 20, 25, 5117 }, // U+0125
    { 16, 15, 252, 0, 15, 30, 5142 }, // U+0126
    { 12, 16, 200, 0, 16, 24, 5172 }, // U+0127
    { 9, 19, 105, -1, 19, 22, 5196 }, // U+0128
    { 8, 16, 96, -1, 16, 16, 5218 }, // U+0129
    { 8, 18, 105, -1, 18, 18, 5234 }, // U+012A
    { 8, 15, 96, -1, 15, 15, 5252 }, // U+012B
    { 7, 19, 105, 0, 19, 17, 5267 }, // U+012C
    { 8, 16, 96, -1, 16, 16, 5284 }, // U+012D
    { 6, 20, 105, 0, 15, 15, 5300 }, // U+012E
    { 6, 21, 96, 0, 16, 16, 5315 }, // U+012F
    { 4, 19, 105, 1, 19, 10, 5331 }, // U+0130
    { 4, 11, 96, 1, 11, 6, 5341 }, // U+0131
    { 16, 15, 280, 1, 15, 30, 5347 }, // U+0132
    { 10, 20, 192, 1, 16, 25, 5377 }, // U+0133
    { 12, 21, 176, 0, 21, 32, 5402 }, // U+0134
    { 9, 21, 96, -2, 17, 24, 5434 }, // U+0135
    { 14, 20, 228, 1, 15, 35, 5458 }, // U+0136
    { 11, 21, 193, 1, 16, 29, 5493 }, // U+0137
    { 12, 11, 194, 1, 11, 17, 5522 }, // U+0138
    { 11, 21, 188, 1, 21, 29, 5539 }, // U+0139
    { 6, 21, 105, 1, 21, 16, 5568 }, // U+013A
    { 11, 20, 188, 1, 15, 28, 5584 }, // U+013B
    { 6, 21, 105, 1, 16, 16, 5612 }, // U+013C
    { 11, 15, 188, 1, 15, 21, 5628 }, // U+013D
    { 8, 16, 123, 1, 16, 16, 5649 }, // U+013E
    { 11, 15, 188, 1, 15, 21, 5665 }, // U+013F
    { 10, 16, 173, 1, 16, 20, 5686 }, // U+0140
    { 13, 15, 198, 0, 15, 25, 5706 }, // U+0141
    { 9, 16, 121, -1, 16, 18, 5731 }, // U+0142
    { 14, 21, 252, 1, 21, 37, 5749 }, // U+0143
    { 10, 17, 196, 1, 17, 22, 5786 }, // U+0144
    { 14, 20, 252, 1, 15, 35, 5808 }, // U+0145
    { 10, 16, 196, 1, 11, 20, 5843 }, // U+0146
    { 14, 21, 252, 1, 21, 37, 5863 }, // U+0147
    { 10, 17, 196, 1, 17, 22, 5900 }, // U+0148
    { 13, 16, 206, -1, 16, 26, 5922 }, // U+0149
    { 14, 19, 252, 1, 15, 34, 5948 }, // U+014A
    { 10, 15, 196, 1, 11, 19, 5982 }, // U+014B
    { 15, 18, 263, 1, 18, 34, 6001 }, // U+014C
    { 12, 15, 202, 0, 15, 23, 6035 }, // U+014D
    { 15, 19, 263, 1, 19, 36, 6058 }, // U+014E
    { 12, 16, 202, 0, 16, 24, 6094 }, // U+014F
    { 15, 21, 263, 1, 21, 40, 6118 }, // U+0150
    { 12, 17, 202, 0, 17, 26, 6158 }, // U+0151
    { 20, 15, 332, 1, 15, 38, 6184 }, // U+0152
    { 19, 11, 312, 0, 11, 27, 6222 }, // U+0153
    { 13, 21, 222, 1, 21, 35, 6249 }, // U+0154
    { 8, 17, 141, 1, 17, 17, 6284 }, // U+0155
    { 13, 20, 222, 1, 15, 33, 6301 }, // U+0156
    { 9, 16, 141, 0, 11, 18, 6334 }, // U+0157
    { 13, 20, 222, 1, 20, 33, 6352 }, // U+0158
    { 8, 17, 141, 1, 17, 17, 6385 }, // U+0159
    { 12, 21, 194, 0, 21, 32, 6402 }, // U+015A
    { 10, 17, 162, 0, 17, 22, 6434 }, // U+015B
    { 12, 21, 194, 0, 21, 32, 6456 }, // U+015C
    { 10, 17, 162, 0, 17, 22, 6488 }, // U+015D
    { 12, 20, 194, 0, 15, 30, 6510 }, // U+015E
    { 10, 16, 162, 0, 11, 20, 6540 }, // U+015F
    { 12, 21, 194, 0, 21, 32, 6560 }, // U+0160
    { 10, 17, 162, 0, 17, 22, 6592 }, // U+0161
    { 13, 19, 205, 0, 15, 31, 6614 }, // U+0162
    { 8, 18, 148, 1, 14, 18, 6645 }, // U+0163
    { 13, 21, 205, 0, 21, 35, 6663 }, // U+0164
    { 8, 16, 148, 1, 16, 16, 6698 }, // U+0165
    { 13, 15, 205, 0, 15, 25, 6714 }, // U+0166
    { 8, 14, 148, 1, 14, 14, 6739 }, // U+0167
    { 13, 19, 236, 1, 19, 31, 6753 }, // U+0168
    { 10, 16, 196, 1, 16, 20, 6784 }, // U+0169
    { 13, 18, 236, 1, 18, 30, 6804 }, // U+016A
    { 10, 15, 196, 1, 15, 19, 6834 }, // U+016B
    { 13, 19, 236, 1, 19, 31, 6853 }, // U+016C
    { 10, 16, 196, 1, 16, 20, 6884 }, // U+016D
    { 13, 21, 236, 1, 21, 35, 6904 }, // U+016E
    { 10, 18, 196, 1, 18, 23, 6939 }, // U+016F
    { 13, 21, 236, 1, 21, 35, 6962 }, // U+0170
    { 11, 17, 196, 1, 17, 24, 6997 }, // U+0171
    { 13, 19, 236, 1, 15, 31, 7021 }, // U+0172
    { 10, 15, 196, 1, 11, 19, 7052 }, // U+0173
    { 20, 21, 316, 0, 21, 53, 7071 }, // U+0174
    { 17, 17, 261, 0, 17, 37, 7124 }, // U+0175
    { 14, 21, 220, 0, 21, 37, 7161 }, // U+0176
    { 12, 21, 182, 0, 17, 32, 7198 }, // U+0177
    { 14, 19, 220, 0, 19, 34, 7230 }, // U+0178
    { 13, 21, 203, 0, 21, 35, 7264 }, // U+0179
    { 10, 17, 167, 0, 17, 22, 7299 }, // U+017A
    { 13, 19, 203, 0, 19, 31, 7321 }, // U+017B
    { 10, 16, 167, 0, 16, 20, 7352 }, // U+017C
    { 13, 21, 203, 0, 21, 35, 7372 }, // U+017D
    { 10, 17, 167, 0, 17, 22, 7407 }, // U+017E
    { 9, 16, 110, 1, 16, 18, 7429 }, // U+017F
    { 15, 17, 263, 1, 17, 32, 7447 }, // U+01A0
    { 13, 13, 202, 0, 13, 22, 7479 }, // U+01A1
    { 15, 17, 249, 1, 17, 32, 7501 }, // U+01AF
    { 13, 13, 209, 1, 13, 22, 7533 }, // U+01B0
    { 26, 20, 433, 1, 20, 65, 7555 }, // U+01C4
    { 24, 17, 405, 1, 17, 51, 7620 }, // U+01C5
    { 23, 17, 365, 0, 17, 49, 7671 }, // U+01C6
    { 21, 15, 363, 1, 15, 40, 7720 }, // U+01C7
    { 16, 20, 283, 1, 16, 40, 7760 }, // U+01C8
    { 11, 20, 201, 1, 16, 28, 7800 }, // U+01C9
    { 25, 15, 427, 1, 15, 47, 7828 }, // U+01CA
    { 20, 20, 348, 1, 16, 50, 7875 }, // U+01CB
    { 17, 20, 293, 1, 16, 43, 7925 }, // U+01CC
    { 15, 21, 240, 0, 21, 40, 7968 }, // U+01CD
    { 11, 17, 184, 0, 17, 24, 8008 }, // U+01CE
    { 7, 21, 105, 0, 21, 19, 8032 }, // U+01CF
    { 8, 17, 96, -1, 17, 17, 8051 }, // U+01D0
    { 15, 21, 263, 1, 21, 40, 8068 }, // U+01D1
    { 12, 17, 202, 0, 17, 26, 8108 }, // U+01D2
    { 13, 21, 236, 1, 21, 35, 8134 }, // U+01D3
    { 10, 17, 196, 1, 17, 22, 8169 }, // U+01D4
    { 13, 22, 236, 1, 22, 36, 8191 }, // U+01D5
    { 10, 18, 196, 1, 18, 23, 8227 }, // U+01D6
    { 13, 22, 236, 1, 22, 36, 8250 }, // U+01D7
    { 10, 19, 196, 1, 19, 24, 8286 }, // U+01D8
    { 13, 21, 236, 1, 21, 35, 8310 }, // U+01D9
    { 10, 19, 196, 1, 19, 24, 8345 }, // U+01DA
    { 13, 22, 236, 1, 22, 36, 8369 }, // U+01DB
    { 10, 19, 196, 1, 19, 24, 8405 }, // U+01DC
    { 12, 11, 195, 0, 11, 17, 8429 }, // U+01DD
    { 15, 22, 240, 0, 22, 42, 8446 }, // U+01DE
    { 11, 18, 184, 0, 18, 25, 8488 }, // U+01DF
    { 15, 22, 240, 0, 22, 42, 8513 }, // U+01E0
    { 11, 18, 184, 0, 18, 25, 8555 }, // U+01E1
    { 21, 18, 331, 0, 18, 48, 8580 }, // U+01E2
    { 18, 15, 291, 0, 15, 34, 8628 }, // U+01E3
    { 15, 15, 243, 1, 15, 29, 8662 }, // U+01E4
    { 13, 15, 201, 0, 11, 25, 8691 }, // U+01E5
    { 13, 21, 234, 1, 21, 35, 8716 }, // U+01E6
    { 11, 21, 198, 0, 17, 29, 8751 }, // U+01E7
    { 14, 21, 228, 1, 21, 37, 8780 }, // U+01E8
    { 11, 20, 193, 1, 20, 28, 8817 }, // U+01E9
    { 15, 19, 263, 1, 15, 36, 8845 }, // U+01EA
    { 12, 15, 202, 0, 11, 23, 8881 }, // U+01EB
    { 15, 22, 263, 1, 18, 42, 8904 }, // U+01EC
    { 12, 19, 202, 0, 15, 29, 8946 }, // U+01ED
    { 12, 21, 205, 0, 21, 32, 8975 }, // U+01EE
    { 10, 22, 172, 0, 18, 28, 9007 }, // U+01EF
    { 9, 21, 96, -2, 17, 24, 9035 }, // U+01F0
    { 26, 15, 433, 1, 15, 49, 9059 }, // U+01F1
    { 24, 15, 405, 1, 15, 45, 9108 }, // U+01F2
    { 23, 16, 365, 0, 16, 46, 9153 }, // U+01F3
    { 13, 21, 234, 1, 21, 35, 9199 }, // U+01F4
    { 11, 21, 198, 0, 17, 29, 9234 }, // U+01F5
    { 21, 15, 354, 1, 15, 40, 9263 }, // U+01F6
    { 13, 19, 224, 1, 15, 31, 9303 }, // U+01F7
    { 14, 21, 252, 1, 21, 37, 9334 }, // U+01F8
    { 10, 17, 196, 1, 17, 22, 9371 }, // U+01F9
    { 15, 22, 240, 0, 22, 42, 9393 }, // U+01FA
    { 11, 20, 184, 0, 20, 28, 9435 }, // U+01FB
    { 21, 21, 331, 0, 21, 56, 9463 }, // U+01FC
    { 18, 17, 291, 0, 17, 39, 9519 }, // U+01FD
    { 15, 21, 263, 1, 20, 40, 9558 }, // U+01FE
    { 12, 18, 202, 0, 17, 27, 9598 }, // U+01FF
    { 15, 21, 240, 0, 21, 40, 9625 }, // U+0200
    { 11, 17, 184, 0, 17, 24, 9665 }, // U+0201
    { 15, 19, 240, 0, 19, 36, 9689 }, // U+0202
    { 11, 15, 184, 0, 15, 21, 9725 }, // U+0203
    { 11, 21, 202, 1, 21, 29, 9746 }, // U+0204
    { 12, 17, 195, 0, 17, 26, 9775 }, // U+0205
    { 11, 19, 202, 1, 19, 27, 9801 }, // U+0206
    { 12, 15, 195, 0, 15, 23, 9828 }, // U+0207
    { 10, 21, 105, -2, 21, 27, 9851 }, // U+0208
    { 9, 17, 96, -2, 17, 20, 9878 }, // U+0209
    { 8, 19, 105, -1, 19, 19, 9898 }, // U+020A
    { 8, 15, 96, -1, 15, 15, 9917 }, // U+020B
    { 15, 21, 263, 1, 21, 40, 9932 }, // U+020C
    { 12, 17, 202, 0, 17, 26, 9972 }, // U+020D
    { 15, 19, 263, 1, 19, 36, 9998 }, // U+020E
    { 12, 15, 202, 0, 15, 23, 10034 }, // U+020F
    { 13, 20, 222, 1, 20, 33, 10057 }, // U+0210
    { 9, 17, 141, 0, 17, 20, 10090 }, // U+0211
    { 13, 19, 222, 1, 19, 31, 10110 }, // U+0212
    { 8, 15, 141, 1, 15, 15, 10141 }, // U+0213
    { 13, 21, 236, 1, 21, 35, 10156 }, // U+0214
    { 10, 17, 196, 1, 17, 22, 10191 }, // U+0215
    { 13, 19, 236, 1, 19, 31, 10213 }, // U+0216
    { 10, 15, 196, 1, 15, 19, 10244 }, // U+0217
    { 12, 20, 194, 0, 15, 30, 10263 }, // U+0218
    { 10, 16, 162, 0, 11, 20, 10293 }, // U+0219
    { 13, 20, 205, 0, 15, 33, 10313 }, // U+021A
    { 8, 19, 148, 1, 14, 19, 10346 }, // U+021B
    { 11, 19, 189, 0, 15, 27, 10365 }, // U+021C
    { 10, 15, 159, 0, 11, 19, 10392 }, // U+021D
    { 13, 21, 245, 1, 21, 35, 10411 }, // U+021E
    { 10, 20, 196, 1, 20, 25, 10446 }, // U+021F
    { 9, 9, 0, 2, 16, 11, 10471 }, // U+0300
    { 9, 9, 0, 2, 16, 11, 10482 }, // U+0301
    { 8, 2, 0, -4, 16, 2, 10493 }, // U+0304
    { 5, 5, 0, 4, 18, 4, 10495 }, // U+0307
    { 13, 9, 0, 0, 15, 15, 10499 }, // U+030C
    { 8, 3, 130, 0, 15, 3, 10514 }, // U+0311
    { 11, 21, 202, 1, 21, 29, 10517 }, // U+0400
    { 11, 20, 202, 1, 20, 28, 10546 }, // U+0401
    { 17, 15, 271, 0, 15, 32, 10574 }, // U+0402
    { 11, 21, 198, 1, 21, 29, 10606 }, // U+0403
    { 13, 15, 229, 1, 15, 25, 10635 }, // U+0404
    { 12, 15, 194, 0, 15, 23, 10660 }, // U+0405
    { 4, 15, 105, 1, 15, 8, 10683 }, // U+0406
    { 9, 19, 105, -1, 19, 22, 10691 }, // U+0407
    { 10, 15, 176, 0, 15, 19, 10713 }, // U+0408
    { 23, 15, 377, 0, 15, 44, 10732 }, // U+0409
    { 21, 15, 358, 1, 15, 40, 10776 }, // U+040A
    { 16, 15, 257, 0, 15, 30, 10816 }, // U+040B
    { 14, 21, 228, 1, 21, 37, 10846 }, // U+040C
    { 14, 21, 252, 1, 21, 37, 10883 }, // U+040D
    { 14, 20, 217, 0, 20, 35, 10920 }, // U+040E
    { 13, 19, 243, 1, 15, 31, 10955 }, // U+040F
    { 15, 15, 240, 0, 15, 29, 10986 }, // U+0410
    { 12, 15, 217, 1, 15, 23, 11015 }, // U+0411
    { 13, 15, 224, 1, 15, 25, 11038 }, // U+0412
    { 11, 15, 198, 1, 15, 21, 11063 }, // U+0413
    { 17, 19, 274, 0, 15, 41, 11084 }, // U+0414
    { 11, 15, 202, 1, 15, 21, 11125 }, // U+0415
    { 21, 15, 328, 0, 15, 40, 11146 }, // U+0416
    { 12, 15, 203, 0, 15, 23, 11186 }, // U+0417
    { 14, 15, 252, 1, 15, 27, 11209 }, // U+0418
    { 14, 20, 252, 1, 20, 35, 11236 }, // U+0419
    { 14, 15, 228, 1, 15, 27, 11271 }, // U+041A
    { 15, 15, 263, 0, 15, 29, 11298 }, // U+041B
    { 17, 15, 299, 1, 15, 32, 11327 }, // U+041C
    { 13, 15, 245, 1, 15, 25, 11359 }, // U+041D
    { 15, 15, 263, 1, 15, 29, 11384 }, // U+041E
    { 13, 15, 243, 1, 15, 25, 11413 }, // U+041F
    { 12, 15, 215, 1, 15, 23, 11438 }, // U+0420
    { 13, 15, 216, 1, 15, 25, 11461 }, // U+0421
    { 13, 15, 205, 0, 15, 25, 11486 }, // U+0422
    { 14, 15, 217, 0, 15, 27, 11511 }, // U+0423
    { 18, 16, 290, 0, 16, 36, 11538 }, // U+0424
    { 14, 15, 225, 0, 15, 27, 11574 }, // U+0425
    { 16, 19, 263, 1, 15, 38, 11601 }, // U+0426
    { 13, 15, 227, 0, 15, 25, 11639 }, // U+0427
    { 19, 15, 340, 1, 15, 36, 11664 }, // U+0428
    { 22, 19, 360, 1, 15, 53, 11700 }, // U+0429
    { 16, 15, 258, 0, 15, 30, 11753 }, // U+042A
    { 17, 15, 309, 1, 15, 32, 11783 }, // U+042B
    { 12, 15, 220, 1, 15, 23, 11815 }, // U+042C
    { 14, 15, 227, 0, 15, 27, 11838 }, // U+042D
    { 21, 15, 360, 1, 15, 40, 11865 }, // U+042E
    { 13, 15, 230, 0, 15, 25, 11905 }, // U+042F
    { 11, 11, 184, 0, 11, 16, 11930 }, // U+0430
    { 12, 16, 200, 0, 16, 24, 11946 }, // U+0431
    { 11, 11, 199, 1, 11, 16, 11970 }, // U+0432
    { 9, 11, 151, 1, 11, 13, 11986 }, // U+0433
    { 14, 14, 226, 0, 11, 25, 11999 }, // U+0434
    { 12, 11, 195, 0, 11, 17, 12024 }, // U+0435
    { 18, 11, 283, 0, 11, 25, 12041 }, // U+0436
    { 10, 11, 165, 0, 11, 14, 12066 }, // U+0437
    { 11, 11, 206, 1, 11, 16, 12080 }, // U+0438
    { 11, 17, 206, 1, 17, 24, 12096 }, // U+0439
    { 12, 11, 195, 1, 11, 17, 12120 }, // U+043A
    { 12, 11, 209, 0, 11, 17, 12137 }, // U+043B
    { 14, 11, 254, 1, 11, 20, 12154 }, // U+043C
    { 10, 11, 198, 1, 11, 14, 12174 }, // U+043D
    { 12, 11, 202, 0, 11, 17, 12188 }, // U+043E
    { 10, 11, 198, 1, 11, 14, 12205 }, // U+043F
    { 11, 15, 201, 1, 11, 21, 12219 }, // U+0440
    { 10, 11, 167, 0, 11, 14, 12240 }, // U+0441
    { 11, 11, 175, 0, 11, 16, 12254 }, // U+0442
    { 12, 15, 182, 0, 11, 23, 12270 }, // U+0443
    { 16, 20, 265, 0, 16, 40, 12293 }, // U+0444
    { 12, 11, 185, 0, 11, 17, 12333 }, // U+0445
    { 12, 14, 211, 1, 11, 21, 12350 }, // U+0446
    { 11, 11, 189, 0, 11, 16, 12371 }, // U+0447
    { 16, 11, 287, 1, 11, 22, 12387 }, // U+0448
    { 18, 14, 300, 1, 11, 32, 12409 }, // U+0449
    { 13, 11, 213, 0, 11, 18, 12441 }, // U+044A
    { 15, 11, 275, 1, 11, 21, 12459 }, // U+044B
    { 11, 11, 188, 1, 11, 16, 12480 }, // U+044C
    { 11, 11, 174, 0, 11, 16, 12496 }, // U+044D
    { 17, 11, 291, 1, 11, 24, 12512 }, // U+044E
    { 11, 11, 195, 0, 11, 16, 12536 }, // U+044F
    { 12, 17, 195, 0, 17, 26, 12552 }, // U+0450
    { 12, 16, 195, 0, 16, 24, 12578 }, // U+0451
    { 12, 20, 200, 0, 16, 30, 12602 }, // U+0452
    { 9, 17, 151, 1, 17, 20, 12632 }, // U+0453
    { 11, 11, 174, 0, 11, 16, 12652 }, // U+0454
    { 10, 11, 162, 0, 11, 14, 12668 }, // U+0455
    { 4, 16, 96, 1, 16, 8, 12682 }, // U+0456
    { 9, 16, 96, -2, 16, 18, 12690 }, // U+0457
    { 7, 20, 96, -2, 16, 18, 12708 }, // U+0458
    { 19, 11, 301, 0, 11, 27, 12726 }, // U+0459
    { 17, 11, 289, 1, 11, 24, 12753 }, // U+045A
    { 12, 16, 200, 0, 16, 24, 12777 }, // U+045B
    { 12, 17, 195, 1, 17, 26, 12801 }, // U+045C
    { 11, 17, 206, 1, 17, 24, 12827 }, // U+045D
    { 12, 21, 182, 0, 17, 32, 12851 }, // U+045E
    { 10, 14, 198, 1, 11, 18, 12883 }, // U+045F
    { 15, 16, 249, 0, 16, 30, 12901 }, // U+0462
    { 13, 16, 212, 0, 16, 26, 12931 }, // U+0463
    { 15, 15, 263, 1, 15, 29, 12957 }, // U+0472
    { 12, 11, 202, 0, 11, 17, 12986 }, // U+0473
    { 18, 15, 264, 0, 15, 34, 13003 }, // U+0474
    { 13, 11, 199, 0, 11, 18, 13037 }, // U+0475
    { 16, 23, 276, 1, 19, 46, 13055 }, // U+048A
    { 13, 19, 210, 1, 16, 31, 13101 }, // U+048B
    { 13, 15, 220, 0, 15, 25, 13132 }, // U+048C
    { 12, 11, 189, 0, 11, 17, 13157 }, // U+048D
    { 12, 15, 218, 1, 15, 23, 13174 }, // U+048E
    { 11, 15, 205, 1, 11, 21, 13197 }, // U+048F
    { 11, 18, 191, 1, 18, 25, 13218 }, // U+0490
    { 9, 14, 154, 1, 14, 16, 13243 }, // U+0491
    { 12, 15, 211, 1, 15, 23, 13259 }, // U+0492
    { 10, 11, 175, 1, 11, 14, 13282 }, // U+0493
    { 13, 19, 225, 1, 15, 31, 13296 }, // U+0494
    { 11, 15, 190, 1, 11, 21, 13327 }, // U+0495
    { 22, 19, 341, 0, 15, 53, 13348 }, // U+0496
    { 18, 14, 291, 0, 11, 32, 13401 }, // U+0497
    { 12, 20, 203, 0, 15, 30, 13433 }, // U+0498
    { 10, 16, 165, 0, 11, 20, 13463 }, // U+0499
    { 15, 19, 246, 1, 15, 36, 13483 }, // U+049A
    { 12, 14, 202, 1, 11, 21, 13519 }, // U+049B
    { 16, 15, 261, 1, 15, 30, 13540 }, // U+049C
    { 14, 11, 227, 1, 11, 20, 13570 }, // U+049D
    { 15, 16, 236, 0, 16, 30, 13590 }, // U+049E
    { 13, 12, 202, 0, 12, 20, 13620 }, // U+049F
    { 17, 15, 266, 0, 15, 32, 13640 }, // U+04A0
    { 14, 11, 219, 0, 11, 20, 13672 }, // U+04A1
    { 16, 19, 269, 1, 15, 38, 13692 }, // U+04A2
    { 12, 14, 212, 1, 11, 21, 13730 }, // U+04A3
    { 17, 15, 279, 1, 15, 32, 13751 }, // U+04A4
    { 13, 11, 218, 1, 11, 18, 13783 }, // U+04A5
    { 22, 19, 370, 1, 15, 53, 13801 }, // U+04A6
    { 17, 15, 291, 1, 11, 32, 13854 }, // U+04A7
    { 16, 19, 267, 1, 15, 38, 13886 }, // U+04A8
    { 13, 14, 211, 0, 11, 23, 13924 }, // U+04A9
    { 13, 20, 216, 1, 15, 33, 13947 }, // U+04AA
    { 10, 15, 167, 0, 11, 19, 13980 }, // U+04AB
    { 13, 19, 205, 0, 15, 31, 13999 }, // U+04AC
    { 11, 14, 168, 0, 11, 20, 14030 }, // U+04AD
    { 14, 15, 220, 0, 15, 27, 14050 }, // U+04AE
    { 12, 15, 183, 0, 11, 23, 14077 }, // U+04AF
    { 14, 15, 220, 0, 15, 27, 14100 }, // U+04B0
    { 12, 15, 183, 0, 11, 23, 14127 }, // U+04B1
    { 15, 19, 239, 0, 15, 36, 14150 }, // U+04B2
    { 12, 14, 196, 0, 11, 21, 14186 }, // U+04B3
    { 20, 19, 313, 0, 15, 48, 14207 }, // U+04B4
    { 15, 14, 232, 0, 11, 27, 14255 }, // U+04B5
    { 14, 19, 241, 1, 15, 34, 14282 }, // U+04B6
    { 13, 14, 196, 0, 11, 23, 14316 }, // U+04B7
    { 12, 15, 227, 1, 15, 23, 14339 }, // U+04B8
    { 11, 11, 187, 0, 11, 16, 14362 }, // U+04B9
    { 13, 15, 233, 1, 15, 25, 14378 }, // U+04BA
    { 10, 16, 196, 1, 16, 20, 14403 }, // U+04BB
    { 18, 15, 293, 0, 15, 34, 14423 }, // U+04BC
    { 14, 11, 236, 0, 11, 20, 14457 }, // U+04BD
    { 18, 19, 293, 0, 15, 43, 14477 }, // U+04BE
    { 14, 14, 236, 0, 11, 25, 14520 }, // U+04BF
    { 4, 15, 105, 1, 15, 8, 14545 }, // U+04C0
    { 21, 20, 328, 0, 20, 53, 14553 }, // U+04C1
    { 18, 17, 283, 0, 17, 39, 14606 }, // U+04C2
    { 13, 19, 234, 1, 15, 31, 14645 }, // U+04C3
    { 11, 15, 191, 1, 11, 21, 14676 }, // U+04C4
    { 18, 19, 277, 0, 15, 43, 14697 }, // U+04C5
    { 14, 14, 225, 0, 11, 25, 14740 }, // U+04C6
    { 13, 19, 245, 1, 15, 31, 14765 }, // U+04C7
    { 11, 15, 200, 1, 11, 21, 14796 }, // U+04C8
    { 16, 19, 262, 1, 15, 38, 14817 }, // U+04C9
    { 12, 14, 209, 1, 11, 21, 14855 }, // U+04CA
    { 13, 19, 227, 0, 15, 31, 14876 }, // U+04CB
    { 11, 14, 189, 0, 11, 20, 14907 }, // U+04CC
    { 19, 19, 317, 1, 15, 46, 14927 }, // U+04CD
    { 16, 14, 265, 1, 11, 28, 14973 }, // U+04CE
    { 4, 15, 96, 1, 15, 8, 15001 }, // U+04CF
    { 15, 20, 240, 0, 20, 38, 15009 }, // U+04D0
    { 11, 17, 184, 0, 17, 24, 15047 }, // U+04D1
    { 15, 19, 240, 0, 19, 36, 15071 }, // U+04D2
    { 11, 16, 184, 0, 16, 22, 15107 }, // U+04D3
    { 21, 15, 331, 0, 15, 40, 15129 }, // U+04D4
    { 18, 11, 291, 0, 11, 25, 15169 }, // U+04D5
    { 11, 20, 202, 1, 20, 28, 15194 }, // U+04D6
    { 12, 17, 195, 0, 17, 26, 15222 }, // U+04D7
    { 14, 15, 243, 1, 15, 27, 15248 }, // U+04D8
    { 12, 11, 195, 0, 11, 17, 15275 }, // U+04D9
    { 14, 19, 243, 1, 19, 34, 15292 }, // U+04DA
    { 12, 16, 195, 0, 16, 24, 15326 }, // U+04DB
    { 21, 19, 328, 0, 19, 50, 15350 }, // U+04DC
    { 18, 16, 283, 0, 16, 36, 15400 }, // U+04DD
    { 12, 20, 203, 0, 20, 30, 15436 }, // U+04DE
    { 10, 16, 165, 0, 16, 20, 15466 }, // U+04DF
    { 12, 15, 205, 0, 15, 23, 15486 }, // U+04E0
    { 10, 15, 172, 0, 11, 19, 15509 }, // U+04E1
    { 14, 18, 252, 1, 18, 32, 15528 }, // U+04E2
    { 11, 15, 206, 1, 15, 21, 15560 }, // U+04E3
    { 14, 19, 252, 1, 19, 34, 15581 }, // U+04E4
    { 11, 16, 206, 1, 16, 22, 15615 }, // U+04E5
    { 15, 19, 263, 1, 19, 36, 15637 }, // U+04E6
    { 12, 16, 202, 0, 16, 24, 15673 }, // U+04E7
    { 15, 15, 263, 1, 15, 29, 15697 }, // U+04E8
    { 12, 11, 202, 0, 11, 17, 15726 }, // U+04E9
    { 15, 19, 263, 1, 19, 36, 15743 }, // U+04EA
    { 12, 16, 202, 0, 16, 24, 15779 }, // U+04EB
    { 14, 19, 227, 0, 19, 34, 15803 }, // U+04EC
    { 11, 16, 174, 0, 16, 22, 15837 }, // U+04ED
    { 14, 18, 217, 0, 18, 32, 15859 }, // U+04EE
    { 12, 19, 182, 0, 15, 29, 15891 }, // U+04EF
    { 14, 19, 217, 0, 19, 34, 15920 }, // U+04F0
    { 12, 20, 182, 0, 16, 30, 15954 }, // U+04F1
    { 14, 21, 217, 0, 21, 37, 15984 }, // U+04F2
    { 12, 21, 182, 0, 17, 32, 16021 }, // U+04F3
    { 13, 19, 227, 0, 19, 31, 16053 }, // U+04F4
    { 11, 16, 189, 0, 16, 22, 16084 }, // U+04F5
    { 11, 19, 198, 1, 15, 27, 16106 }, // U+04F6
    { 9, 14, 151, 1, 11, 16, 16133 }, // U+04F7
    { 17, 19, 309, 1, 19, 41, 16149 }, // U+04F8
    { 15, 16, 275, 1, 16, 30, 16190 }, // U+04F9
    { 15, 21, 214, -1, 16, 40, 16220 }, // U+1EA0
    { 10, 17, 197, 1, 12, 22, 16260 }, // U+1EA1
    { 15, 22, 214, -1, 22, 42, 16282 }, // U+1EA2
    { 10, 19, 197, 1, 19, 24, 16324 }, // U+1EA3
    { 15, 22, 214, -1, 22, 42, 16348 }, // U+1EA4
    { 12, 19, 197, 1, 19, 29, 16390 }, // U+1EA5
    { 15, 22, 214, -1, 22, 42, 16419 }, // U+1EA6
    { 11, 19, 197, 0, 19, 27, 16461 }, // U+1EA7
    { 15, 23, 214, -1, 23, 44, 16488 }, // U+1EA8
    { 12, 20, 197, 1, 20, 30, 16532 }, // U+1EA9
    { 15, 24, 214, -1, 24, 45, 16562 }, // U+1EAA
    { 10, 20, 197, 1, 20, 25, 16607 }, // U+1EAB
    { 15, 26, 214, -1, 21, 49, 16632 }, // U+1EAC
    { 10, 23, 197, 1, 18, 29, 16681 }, // U+1EAD
    { 15, 24, 214, -1, 24, 45, 16710 }, // U+1EAE
    { 10, 21, 197, 1, 21, 27, 16755 }, // U+1EAF
    { 15, 24, 214, -1, 24, 45, 16782 }, // U+1EB0
    { 10, 21, 197, 1, 21, 27, 16827 }, // U+1EB1
    { 15, 24, 214, -1, 24, 45, 16854 }, // U+1EB2
    { 10, 21, 197, 1, 21, 27, 16899 }, // U+1EB3
    { 15, 23, 214, -1, 23, 44, 16926 }, // U+1EB4
    { 10, 20, 197, 1, 20, 25, 16970 }, // U+1EB5
    { 15, 26, 214, -1, 21, 49, 16995 }, // U+1EB6
    { 10, 24, 197, 1, 19, 30, 17044 }, // U+1EB7
    { 11, 21, 205, 1, 16, 29, 17074 }, // U+1EB8
    { 12, 17, 194, 0, 12, 26, 17103 }, // U+1EB9
    { 11, 22, 205, 1, 22, 31, 17129 }, // U+1EBA
    { 12, 19, 194, 0, 19, 29, 17160 }, // U+1EBB
    { 11, 21, 205, 1, 21, 29, 17189 }, // U+1EBC
    { 12, 18, 194, 0, 18, 27, 17218 }, // U+1EBD
    { 12, 22, 205, 1, 22, 33, 17245 }, // U+1EBE
    { 13, 19, 194, 0, 19, 31, 17278 }, // U+1EBF
    { 11, 22, 205, 1, 22, 31, 17309 }, // U+1EC0
    { 13, 19, 194, -1, 19, 31, 17340 }, // U+1EC1
    { 12, 23, 205, 1, 23, 35, 17371 }, // U+1EC2
    { 13, 20, 194, 0, 20, 33, 17406 }, // U+1EC3
    { 11, 24, 205, 1, 24, 33, 17439 }, // U+1EC4
    { 12, 20, 194, 0, 20, 30, 17472 }, // U+1EC5
    { 11, 26, 205, 1, 21, 36, 17502 }, // U+1EC6
    { 12, 23, 194, 0, 18, 35, 17538 }, // U+1EC7
    { 5, 22, 110, 1, 22, 14, 17573 }, // U+1EC8
    { 5, 19, 101, 1, 19, 12, 17587 }, // U+1EC9
    { 5, 21, 110, 1, 16, 14, 17599 }, // U+1ECA
    { 4, 23, 101, 1, 18, 12, 17613 }, // U+1ECB
    { 14, 21, 257, 1, 16, 37, 17625 }, // U+1ECC
    { 13, 17, 209, 0, 12, 28, 17662 }, // U+1ECD
    { 14, 21, 257, 1, 21, 37, 17690 }, // U+1ECE
    { 13, 19, 209, 0, 19, 31, 17727 }, // U+1ECF
    { 14, 22, 257, 1, 22, 39, 17758 }, // U+1ED0
    { 13, 19, 209, 0, 19, 31, 17797 }, // U+1ED1
    { 14, 22, 257, 1, 22, 39, 17828 }, // U+1ED2
    { 13, 19, 209, 0, 19, 31, 17867 }, // U+1ED3
    { 14, 22, 257, 1, 22, 39, 17898 }, // U+1ED4
    { 13, 20, 209, 0, 20, 33, 17937 }, // U+1ED5
    { 14, 23, 257, 1, 23, 41, 17970 }, // U+1ED6
    { 13, 20, 209, 0, 20, 33, 18011 }, // U+1ED7
    { 14, 25, 257, 1, 20, 44, 18044 }, // U+1ED8
    { 13, 23, 209, 0, 18, 38, 18088 }, // U+1ED9
    { 15, 22, 257, 1, 22, 42, 18126 }, // U+1EDA
    { 14, 20, 209, 0, 20, 35, 18168 }, // U+1EDB
    { 15, 22, 257, 1, 22, 42, 18203 }, // U+1EDC
    { 14, 20, 209, 0, 20, 35, 18245 }, // U+1EDD
    { 15, 21, 257, 1, 21, 40, 18280 }, // U+1EDE
    { 14, 19, 209, 0, 19, 34, 18320 }, // U+1EDF
    { 15, 21, 257, 1, 21, 40, 18354 }, // U+1EE0
    { 14, 18, 209, 0, 18, 32, 18394 }, // U+1EE1
    { 15, 25, 257, 1, 20, 47, 18426 }, // U+1EE2
    { 14, 21, 209, 0, 16, 37, 18473 }, // U+1EE3
    { 13, 21, 249, 1, 16, 35, 18510 }, // U+1EE4
    { 11, 17, 212, 1, 12, 24, 18545 }, // U+1EE5
    { 13, 22, 249, 1, 22, 36, 18569 }, // U+1EE6
    { 11, 19, 212, 1, 19, 27, 18605 }, // U+1EE7
    { 16, 22, 256, 1, 22, 44, 18632 }, // U+1EE8
    { 14, 20, 212, 1, 20, 35, 18676 }, // U+1EE9
    { 16, 22, 256, 1, 22, 44, 18711 }, // U+1EEA
    { 14, 20, 212, 1, 20, 35, 18755 }, // U+1EEB
    { 16, 22, 256, 1, 22, 44, 18790 }, // U+1EEC
    { 14, 19, 212, 1, 19, 34, 18834 }, // U+1EED
    { 16, 21, 256, 1, 21, 42, 18868 }, // U+1EEE
    { 14, 18, 212, 1, 18, 32, 18910 }, // U+1EEF
    { 16, 26, 256, 1, 21, 52, 18942 }, // U+1EF0
    { 14, 22, 212, 1, 17, 39, 18994 }, // U+1EF1
    { 14, 21, 220, 0, 21, 37, 19033 }, // U+1EF2
    { 12, 21, 182, 0, 17, 32, 19070 }, // U+1EF3
    { 14, 21, 193, -1, 16, 37, 19102 }, // U+1EF4
    { 12, 18, 191, 0, 12, 27, 19139 }, // U+1EF5
    { 14, 22, 193, -1, 22, 39, 19166 }, // U+1EF6
    { 12, 24, 191, 0, 19, 36, 19205 }, // U+1EF7
    { 14, 21, 193, -1, 21, 37, 19241 }, // U+1EF8
    { 12, 23, 191, 0, 18, 35, 19278 }, // U+1EF9
    { 0, 0, 167, 0, 0, 0, 19313 }, // U+2002
    { 0, 0, 333, 0, 0, 0, 19313 }, // U+2003
    { 7, 1, 333, 7, 8, 1, 19313 }, // U+2010
    { 6, 3, 123, 1, 7, 3, 19314 }, // U+2011
    { 10, 2, 181, 1, 7, 3, 19317 }, // U+2012
    { 11, 3, 167, 0, 8, 5, 19320 }, // U+2013
    { 21, 3, 333, 0, 8, 8, 19325 }, // U+2014
    { 21, 3, 333, 0, 8, 8, 19333 }, // U+2015
    { 5, 22, 333, 8, 19, 14, 19341 }, // U+2016
    { 5, 6, 81, 0, 16, 4, 19355 }, // U+2018
    { 5, 6, 81, 0, 16, 4, 19359 }, // U+2019
    { 5, 6, 81, 0, 3, 4, 19363 }, // U+201A
    { 10, 6, 151, 0, 16, 8, 19367 }, // U+201C
    { 9, 6, 151, 0, 16, 7, 19375 }, // U+201D
    { 9, 6, 151, 0, 3, 7, 19382 }, // U+201E
    { 10, 18, 165, 0, 15, 23, 19389 }, // U+2020
    { 10, 18, 165, 0, 15, 23, 19412 }, // U+2021
    { 7, 6, 121, 0, 10, 6, 19435 }, // U+2022
    { 15, 4, 333, 3, 10, 8, 19441 }, // U+2025
    { 19, 4, 333, 1, 4, 10, 19449 }, // U+2026
    { 7, 6, 333, 7, 11, 6, 19459 }, // U+2027
    { 27, 15, 440, 0, 15, 51, 19465 }, // U+2030
    { 5, 7, 108, 1, 16, 5, 19516 }, // U+2032
    { 10, 7, 191, 1, 16, 9, 19521 }, // U+2033
    { 7, 4, 333, 6, 21, 4, 19530 }, // U+2035
    { 7, 11, 109, 0, 11, 10, 19534 }, // U+2039
    { 7, 11, 109, 0, 11, 10, 19544 }, // U+203A
    { 16, 16, 333, 2, 16, 32, 19554 }, // U+203B
    { 12, 17, 226, 1, 17, 26, 19586 }, // U+203C
    { 19, 17, 333, 1, 16, 41, 19612 }, // U+2042
    { 11, 15, 51, -4, 15, 21, 19653 }, // U+2044
    { 20, 17, 324, 0, 17, 43, 19674 }, // U+2047
    { 16, 17, 277, 0, 17, 34, 19717 }, // U+2048
    { 16, 17, 277, 1, 17, 34, 19751 }, // U+2049
    { 9, 18, 333, 6, 17, 21, 19785 }, // U+2051
    { 8, 9, 121, 0, 15, 9, 19806 }, // U+2070
    { 8, 8, 121, 0, 15, 8, 19815 }, // U+2074
    { 7, 9, 121, 0, 15, 8, 19823 }, // U+2075
    { 8, 9, 121, 0, 15, 9, 19831 }, // U+2076
    { 8, 8, 121, 0, 15, 8, 19840 }, // U+2077
    { 8, 9, 121, 0, 15, 9, 19848 }, // U+2078
    { 8, 9, 121, 0, 15, 9, 19857 }, // U+2079
    { 8, 9, 121, 0, 9, 9, 19866 }, // U+2080
    { 6, 9, 121, 0, 9, 7, 19875 }, // U+2081
    { 7, 9, 121, 0, 9, 8, 19882 }, // U+2082
    { 7, 9, 121, 0, 9, 8, 19890 }, // U+2083
    { 8, 8, 121, 0, 9, 8, 19898 }, // U+2084
    { 7, 9, 121, 0, 9, 8, 19906 }, // U+2085
    { 8, 9, 121, 0, 9, 9, 19914 }, // U+2086
    { 8, 8, 121, 0, 9, 8, 19923 }, // U+2087
    { 8, 9, 121, 0, 9, 9, 19931 }, // U+2088
    { 8, 9, 121, 0, 9, 9, 19940 }, // U+2089
    { 14, 16, 197, -1, 16, 28, 19949 }, // U+20A9
    { 11, 16, 197, 1, 16, 22, 19977 }, // U+20AB
    { 12, 15, 189, 0, 15, 23, 19999 }, // U+20AC
    { 12, 15, 189, 0, 15, 23, 20022 }, // U+20AE
    { 12, 15, 189, 0, 15, 23, 20045 }, // U+20B4
    { 13, 15, 189, 0, 15, 25, 20068 }, // U+20B9
    { 20, 11, 333, 0, 13, 28, 20093 }, // U+2190
    { 11, 20, 333, 5, 18, 28, 20121 }, // U+2191
    { 21, 11, 333, 0, 13, 29, 20149 }, // U+2192
    { 11, 20, 333, 5, 18, 28, 20178 }, // U+2193
    { 21, 11, 333, 0, 13, 29, 20206 }, // U+2194
    { 11, 20, 333, 5, 18, 28, 20235 }, // U+2195
    { 15, 15, 333, 3, 15, 29, 20263 }, // U+2196
    { 16, 15, 333, 2, 15, 30, 20292 }, // U+2197
    { 16, 15, 333, 2, 16, 30, 20322 }, // U+2198
    { 15, 15, 333, 3, 16, 29, 20352 }, // U+2199
    { 19, 18, 333, 1, 18, 43, 20381 }, // U+21B8
    { 21, 20, 333, 0, 18, 53, 20424 }, // U+21B9
    { 21, 20, 333, 0, 18, 53, 20477 }, // U+21C4
    { 20, 20, 333, 0, 18, 50, 20530 }, // U+21C5
    { 21, 20, 333, 0, 18, 53, 20580 }, // U+21C6
    { 21, 18, 333, 0, 17, 48, 20633 }, // U+21CB
    { 21, 18, 333, 0, 17, 48, 20681 }, // U+21CC
    { 20, 16, 333, 0, 16, 40, 20729 }, // U+21D0
    { 21, 16, 333, 0, 16, 42, 20769 }, // U+21D2
    { 21, 16, 333, 0, 16, 42, 20811 }, // U+21D4
    { 20, 16, 333, 0, 16, 40, 20853 }, // U+21E6
    { 15, 19, 333, 3, 18, 36, 20893 }, // U+21E7
    { 20, 16, 333, 1, 16, 40, 20929 }, // U+21E8
    { 15, 19, 333, 3, 17, 36, 20969 }, // U+21E9
    { 20, 20, 333, 0, 18, 50, 21005 }, // U+21F5
    { 17, 18, 333, 2, 17, 39, 21055 }, // U+2200
    { 12, 15, 204, 0, 15, 23, 21094 }, // U+2202
    { 14, 16, 333, 3, 16, 28, 21117 }, // U+2203
    { 17, 16, 333, 2, 16, 34, 21145 }, // U+2205
    { 15, 15, 231, 0, 15, 29, 21179 }, // U+2206
    { 16, 16, 333, 2, 15, 32, 21208 }, // U+2207
    { 17, 14, 333, 2, 15, 30, 21240 }, // U+2208
    { 17, 18, 333, 2, 17, 39, 21270 }, // U+2209
    { 11, 13, 333, 5, 12, 18, 21309 }, // U+220A
    { 17, 14, 333, 2, 15, 30, 21327 }, // U+220B
    { 13, 17, 243, 1, 15, 28, 21357 }, // U+220F
    { 11, 17, 181, 0, 15, 24, 21385 }, // U+2211
    { 10, 3, 189, 1, 8, 4, 21409 }, // U+2212
    { 16, 18, 333, 2, 16, 36, 21413 }, // U+2213
    { 11, 15, 51, -4, 15, 21, 21449 }, // U+2215
    { 5, 4, 82, 0, 9, 3, 21470 }, // U+2219
    { 14, 15, 201, 0, 15, 27, 21473 }, // U+221A
    { 18, 10, 333, 0, 13, 23, 21500 }, // U+221D
    { 13, 7, 212, 0, 10, 12, 21523 }, // U+221E
    { 16, 16, 333, 3, 16, 32, 21535 }, // U+221F
    { 18, 15, 333, 1, 15, 34, 21567 }, // U+2220
    { 3, 15, 333, 9, 15, 6, 21601 }, // U+2223
    { 14, 17, 333, 3, 16, 30, 21607 }, // U+2225
    { 14, 17, 333, 3, 16, 30, 21637 }, // U+2226
    { 17, 17, 333, 2, 17, 37, 21667 }, // U+2227
    { 17, 17, 333, 2, 16, 37, 21704 }, // U+2228
    { 15, 16, 333, 3, 16, 30, 21741 }, // U+2229
    { 15, 16, 333, 3, 16, 30, 21771 }, // U+222A
    { 9, 21, 134, 0, 16, 24, 21801 }, // U+222B
    { 17, 20, 333, 2, 18, 43, 21825 }, // U+222C
    { 21, 20, 333, 0, 18, 53, 21868 }, // U+222D
    { 9, 20, 333, 6, 18, 23, 21921 }, // U+222E
    { 15, 14, 333, 3, 15, 27, 21944 }, // U+2234
    { 15, 14, 333, 3, 15, 27, 21971 }, // U+2235
    { 5, 14, 333, 8, 15, 9, 21998 }, // U+2236
    { 15, 14, 333, 3, 15, 27, 22007 }, // U+2237
    { 21, 10, 333, 0, 13, 27, 22034 }, // U+223D
    { 16, 10, 333, 2, 13, 20, 22061 }, // U+2243
    { 16, 12, 333, 2, 14, 24, 22081 }, // U+2245
    { 12, 11, 189, 0, 12, 17, 22105 }, // U+2248
    { 21, 18, 333, 0, 17, 48, 22122 }, // U+224C
    { 10, 14, 189, 1, 14, 18, 22170 }, // U+2260
    { 15, 12, 333, 3, 14, 23, 22188 }, // U+2261
    { 15, 16, 333, 3, 16, 30, 22211 }, // U+2262
    { 10, 13, 189, 1, 13, 17, 22241 }, // U+2264
    { 10, 13, 189, 1, 13, 17, 22258 }, // U+2265
    { 17, 19, 333, 2, 18, 41, 22275 }, // U+2266
    { 17, 19, 333, 2, 18, 41, 22316 }, // U+2267
    { 21, 17, 333, 0, 16, 45, 22357 }, // U+226A
    { 21, 17, 333, 0, 16, 45, 22402 }, // U+226B
    { 17, 18, 333, 2, 17, 39, 22447 }, // U+226E
    { 17, 18, 333, 2, 17, 39, 22486 }, // U+226F
    { 17, 19, 333, 2, 17, 41, 22525 }, // U+2272
    { 17, 19, 333, 2, 17, 41, 22566 }, // U+2273
    { 17, 20, 333, 2, 18, 43, 22607 }, // U+2276
    { 18, 20, 333, 1, 18, 45, 22650 }, // U+2277
    { 17, 14, 333, 2, 15, 30, 22695 }, // U+2282
    { 17, 14, 333, 2, 15, 30, 22725 }, // U+2283
    { 17, 18, 333, 2, 17, 39, 22755 }, // U+2284
    { 17, 18, 333, 2, 17, 39, 22794 }, // U+2285
    { 17, 18, 333, 2, 17, 39, 22833 }, // U+2286
    { 17, 18, 333, 2, 17, 39, 22872 }, // U+2287
    { 17, 19, 333, 2, 17, 41, 22911 }, // U+228A
    { 17, 19, 333, 2, 17, 41, 22952 }, // U+228B
    { 17, 16, 333, 2, 16, 34, 22993 }, // U+2295
    { 17, 16, 333, 2, 16, 34, 23027 }, // U+2296
    { 17, 16, 333, 2, 16, 34, 23061 }, // U+2297
    { 17, 16, 333, 2, 16, 34, 23095 }, // U+2298
    { 17, 16, 333, 2, 16, 34, 23129 }, // U+2299
    { 17, 18, 333, 2, 17, 39, 23163 }, // U+22A0
    { 18, 16, 333, 1, 16, 36, 23202 }, // U+22A5
    { 18, 17, 333, 1, 17, 39, 23238 }, // U+22BF
    { 18, 20, 333, 1, 18, 45, 23277 }, // U+22DA
    { 17, 20, 333, 2, 18, 43, 23322 }, // U+22DB
    { 19, 4, 333, 1, 10, 10, 23365 }, // U+22EF
    { 8, 7, 333, 0, 5, 7, 23375 }, // U+3002
    { 21, 3, 333, 0, 10, 8, 23382 }, // U+4E00
    { 20, 19, 333, 0, 18, 48, 23390 }, // U+4E0A
    { 19, 19, 333, 1, 17, 46, 23438 }, // U+4E0B
    { 21, 19, 333, 0, 17, 50, 23484 }, // U+4E0D
    { 19, 19, 333, 1, 17, 46, 23534 }, // U+4E24
    { 21, 20, 333, 0, 18, 53, 23580 }, // U+4E2A
    { 19, 20, 333, 1, 18, 48, 23633 }, // U+4E2D
    { 19, 20, 333, 1, 18, 48, 23681 }, // U+4E32
    { 19, 20, 333, 1, 18, 48, 23729 }, // U+4E3A
    { 19, 19, 333, 1, 18, 46, 23777 }, // U+4E3B
    { 21, 20, 333, 0, 18, 53, 23823 }, // U+4E49
    { 20, 20, 333, 1, 18, 50, 23876 }, // U+4E66
    { 19, 15, 333, 1, 15, 36, 23926 }, // U+4E8C
    { 21, 20, 333, 0, 18, 53, 23962 }, // U+4EBA
    { 21, 20, 333, 0, 18, 53, 24015 }, // U+4ECE
    { 21, 20, 333, 0, 18, 53, 24068 }, // U+4ED6
    { 21, 21, 333, 0, 18, 56, 24121 }, // U+4EE3
    { 20, 19, 333, 1, 17, 48, 24177 }, // U+4EE5
    { 21, 20, 333, 0, 18, 53, 24225 }, // U+4EF6
    { 21, 20, 333, 0, 18, 53, 24278 }, // U+4F20
    { 20, 21, 333, 0, 19, 53, 24331 }, // U+4F4D
    { 21, 20, 333, 0, 18, 53, 24384 }, // U+4F4F
    { 21, 20, 333, 0, 18, 53, 24437 }, // U+4F53
    { 21, 20, 333, 0, 18, 53, 24490 }, // U+4F7F
    { 21, 20, 333, 0, 18, 53, 24543 }, // U+4F9B
    { 20, 21, 333, 0, 18, 53, 24596 }, // U+4FA7
    { 21, 20, 333, 0, 18, 53, 24649 }, // U+4FDD
    { 21, 20, 333, 0, 18, 53, 24702 }, // U+4FEE
    { 20, 21, 333, 0, 18, 53, 24755 }, // U+5012
    { 21, 20, 333, 0, 18, 53, 24808 }, // U+503C
    { 21, 20, 333, 0, 18, 53, 24861 }, // U+503E
    { 20, 20, 333, 0, 18, 50, 24914 }, // U+5148
    { 21, 21, 333, 0, 18, 56, 24964 }, // U+5149
    { 21, 20, 333, 0, 18, 53, 25020 }, // U+5165
    { 20, 20, 333, 0, 18, 50, 25073 }, // U+5171
    { 21, 20, 333, 0, 18, 53, 25123 }, // U+5173
    { 19, 21, 333, 1, 18, 50, 25176 }, // U+5185
    { 21, 19, 333, 0, 17, 50, 25226 }, // U+518D
    { 19, 20, 333, 1, 17, 48, 25276 }, // U+5199
    { 21, 20, 333, 0, 18, 53, 25324 }, // U+51D1
    { 21, 20, 333, 0, 18, 53, 25377 }, // U+51ED
    { 18, 20, 333, 1, 18, 45, 25430 }, // U+51FA
    { 21, 20, 333, 0, 18, 53, 25475 }, // U+5206
    { 20, 20, 333, 0, 18, 50, 25528 }, // U+5207
    { 20, 20, 333, 0, 18, 50, 25578 }, // U+521B
    { 20, 21, 333, 0, 18, 53, 25628 }, // U+5220
    { 19, 20, 333, 1, 18, 48, 25681 }, // U+5230
    { 20, 20, 333, 0, 18, 50, 25729 }, // U+5236
    { 20, 20, 333, 0, 18, 50, 25779 }, // U+5237
    { 20, 21, 333, 0, 18, 53, 25829 }, // U+524D
    { 20, 21, 333, 0, 18, 53, 25882 }, // U+526A
    { 20, 20, 333, 0, 18, 50, 25935 }, // U+529F
    { 20, 20, 333, 0, 18, 50, 25985 }, // U+52A0
    { 21, 21, 333, 0, 18, 56, 26035 }, // U+52A1
    { 20, 20, 333, 0, 18, 50, 26091 }, // U+52A8
    { 19, 18, 333, 1, 17, 43, 26141 }, // U+5339
    { 18, 20, 333, 2, 18, 45, 26184 }, // U+5360
    { 20, 20, 333, 0, 18, 50, 26229 }, // U+5361
    { 20, 19, 333, 0, 17, 48, 26279 }, // U+539F
    { 21, 19, 333, 0, 17, 50, 26327 }, // U+53D6
    { 17, 18, 333, 2, 16, 39, 26377 }, // U+53E3
    { 20, 19, 333, 0, 17, 48, 26416 }, // U+53EF
    { 20, 20, 333, 0, 18, 50, 26464 }, // U+53F3
    { 19, 21, 333, 1, 18, 50, 26514 }, // U+53F7
    { 19, 20, 333, 1, 17, 48, 26564 }, // U+540C
    { 18, 20, 333, 0, 18, 45, 26612 }, // U+540D
    { 21, 20, 333, 0, 18, 53, 26657 }, // U+540E
    { 19, 20, 333, 1, 18, 48, 26710 }, // U+5411
    { 21, 19, 333, 0, 17, 50, 26758 }, // U+5426
    { 19, 21, 333, 0, 18, 50, 26808 }, // U+542F
    { 19, 20, 333, 1, 18, 48, 26858 }, // U+544A
    { 21, 21, 333, 0, 19, 56, 26906 }, // U+547D
    { 20, 20, 333, 1, 18, 50, 26962 }, // U+54C8
    { 21, 19, 333, 0, 17, 50, 27012 }, // U+5668
    { 19, 19, 333, 1, 17, 46, 27062 }, // U+56DE
    { 19, 20, 333, 1, 18, 48, 27108 }, // U+56E0
    { 19, 20, 333, 1, 18, 48, 27156 }, // U+56F4
    { 19, 19, 333, 1, 17, 46, 27204 }, // U+56FE
    { 20, 20, 333, 0, 18, 50, 27250 }, // U+5728
    { 21, 20, 333, 0, 18, 53, 27300 }, // U+5730
    { 21, 19, 333, 0, 18, 50, 27353 }, // U+5740
    { 21, 20, 333, 0, 18, 53, 27403 }, // U+5907
    { 21, 21, 333, 0, 18, 56, 27456 }, // U+590D
    { 21, 20, 333, 0, 18, 53, 27512 }, // U+5916
    { 21, 20, 333, 0, 18, 53, 27565 }, // U+5927
    { 21, 20, 333, 0, 18, 53, 27618 }, // U+5931
    { 21, 20, 333, 0, 18, 53, 27671 }, // U+59CB
    { 19, 21, 333, 1, 19, 50, 27724 }, // U+5B57
    { 21, 21, 333, 0, 18, 56, 27774 }, // U+5B58
    { 21, 21, 333, 0, 19, 56, 27830 }, // U+5B8C
    { 21, 21, 333, 0, 19, 56, 27886 }, // U+5B9A
    { 21, 22, 333, 0, 19, 58, 27942 }, // U+5BBD
    { 21, 21, 333, 0, 19, 56, 28000 }, // U+5BC6
    { 21, 20, 333, 0, 18, 53, 28056 }, // U+5BF9
    { 21, 20, 333, 0, 18, 53, 28109 }, // U+5C01
    { 21, 21, 333, 0, 18, 56, 28162 }, // U+5C04
    { 20, 21, 333, 0, 18, 53, 28218 }, // U+5C06
    { 21, 21, 333, 0, 18, 56, 28271 }, // U+5C0F
    { 21, 20, 333, 0, 18, 53, 28327 }, // U+5C31
    { 20, 20, 333, 0, 17, 50, 28380 }, // U+5C40
    { 20, 19, 333, 0, 17, 48, 28430 }, // U+5C45
    { 20, 19, 333, 0, 17, 48, 28478 }, // U+5C4F
    { 19, 21, 333, 0, 18, 50, 28526 }, // U+5D29
    { 21, 20, 333, 0, 18, 53, 28576 }, // U+5D4C
    { 20, 20, 333, 0, 18, 50, 28629 }, // U+5DE6
    { 20, 19, 333, 1, 17, 48, 28679 }, // U+5DF2
    { 20, 20, 333, 0, 18, 50, 28727 }, // U+5E03
    { 20, 20, 333, 0, 18, 50, 28777 }, // U+5E0C
    { 21, 20, 333, 0, 18, 53, 28827 }, // U+5E55
    { 20, 21, 333, 0, 18, 53, 28880 }, // U+5E76
    { 21, 22, 333, 0, 19, 58, 28933 }, // U+5E94
    { 21, 20, 333, 0, 18, 53, 28991 }, // U+5EA6
    { 21, 21, 333, 0, 19, 56, 29044 }, // U+5EFA
    { 20, 19, 333, 0, 17, 48, 29100 }, // U+5F00
    { 20, 20, 333, 1, 18, 50, 29148 }, // U+5F0F
    { 18, 20, 333, 1, 18, 45, 29198 }, // U+5F15
    { 17, 20, 333, 2, 18, 43, 29243 }, // U+5F53
    { 19, 21, 333, 1, 18, 50, 29286 }, // U+5F55
    { 21, 21, 333, 0, 19, 56, 29336 }, // U+5FD8
    { 21, 20, 333, 0, 18, 53, 29392 }, // U+5FFD
    { 21, 21, 333, 0, 19, 56, 29445 }, // U+6001
    { 20, 20, 333, 0, 18, 50, 29501 }, // U+60A8
    { 21, 21, 333, 0, 18, 56, 29551 }, // U+60C5
    { 21, 22, 333, 0, 19, 58, 29607 }, // U+6210
    { 20, 22, 333, 1, 19, 55, 29665 }, // U+6216
    { 21, 20, 333, 0, 18, 53, 29720 }, // U+622A
    { 19, 22, 333, 0, 19, 53, 29773 }, // U+6237
    { 21, 20, 333, 0, 18, 53, 29826 }, // U+6240
    { 21, 21, 333, 0, 18, 56, 29879 }, // U+624B
    { 21, 20, 333, 0, 18, 53, 29935 }, // U+6253
    { 20, 20, 333, 0, 18, 50, 29988 }, // U+626B
    { 21, 21, 333, 0, 18, 56, 30038 }, // U+627E
    { 21, 22, 333, 0, 19, 58, 30094 }, // U+6297
    { 21, 21, 333, 0, 18, 56, 30152 }, // U+62A5
    { 21, 20, 333, 0, 18, 53, 30208 }, // U+62E9
    { 21, 21, 333, 0, 18, 56, 30261 }, // U+6309
    { 21, 20, 333, 0, 18, 53, 30317 }, // U+6362
    { 21, 20, 333, 0, 18, 53, 30370 }, // U+636E
    { 21, 21, 333, 0, 18, 56, 30423 }, // U+63A5
    { 21, 20, 333, 0, 18, 53, 30479 }, // U+63A7
    { 20, 20, 333, 0, 18, 50, 30532 }, // U+63CF
    { 21, 20, 333, 0, 18, 53, 30582 }, // U+63D0
    { 20, 20, 333, 0, 18, 50, 30635 }, // U+63D2
    { 21, 21, 333, 0, 18, 56, 30685 }, // U+641C
    { 21, 21, 333, 0, 18, 56, 30741 }, // U+6536
    { 21, 20, 333, 0, 18, 53, 30797 }, // U+6545
    { 21, 20, 333, 0, 18, 53, 30850 }, // U+6570
    { 21, 21, 333, 0, 19, 56, 30903 }, // U+6587
    { 21, 20, 333, 0, 18, 53, 30959 }, // U+659C
    { 20, 21, 333, 1, 18, 53, 31012 }, // U+65AD
    { 21, 21, 333, 0, 19, 56, 31065 }, // U+65B0
    { 20, 21, 333, 0, 19, 53, 31121 }, // U+65B9
    { 21, 19, 333, 0, 17, 50, 31174 }, // U+65E0
    { 20, 20, 333, 1, 18, 50, 31224 }, // U+65F6
    { 20, 20, 333, 1, 18, 50, 31274 }, // U+6620
    { 21, 19, 333, 0, 17, 50, 31324 }, // U+662F
    { 21, 18, 333, 0, 17, 48, 31374 }, // U+663E
    { 20, 20, 333, 0, 18, 50, 31422 }, // U+666E
    { 21, 19, 333, 0, 17, 50, 31472 }, // U+66F4
    { 21, 20, 333, 0, 18, 53, 31522 }, // U+6700
    { 20, 20, 333, 0, 18, 50, 31575 }, // U+6709
    { 21, 20, 333, 0, 17, 53, 31625 }, // U+670D
    { 21, 20, 333, 0, 18, 53, 31678 }, // U+672A
    { 21, 20, 333, 0, 18, 53, 31731 }, // U+672C
    { 21, 20, 333, 0, 18, 53, 31784 }, // U+673A
    { 21, 20, 333, 0, 18, 53, 31837 }, // U+675F
    { 21, 20, 333, 0, 18, 53, 31890 }, // U+6761
    { 21, 20, 333, 0, 18, 53, 31943 }, // U+6765
    { 21, 20, 333, 0, 18, 53, 31996 }, // U+677E
    { 21, 20, 333, 0, 18, 53, 32049 }, // U+6790
    { 21, 20, 333, 0, 18, 53, 32102 }, // U+67E5
    { 21, 20, 333, 0, 18, 53, 32155 }, // U+6807
    { 20, 20, 333, 0, 18, 50, 32208 }, // U+680F
    { 21, 20, 333, 0, 18, 53, 32258 }, // U+6837
    { 20, 20, 333, 0, 18, 50, 32311 }, // U+6863
    { 21, 21, 333, 0, 19, 56, 32361 }, // U+68C0
    { 21, 20, 333, 0, 18, 53, 32417 }, // U+6A21
    { 21, 20, 333, 0, 18, 53, 32470 }, // U+6A2A
    { 21, 21, 333, 0, 18, 56, 32523 }, // U+6B21
    { 20, 18, 333, 0, 17, 45, 32579 }, // U+6B63
    { 21, 20, 333, 0, 18, 53, 32624 }, // U+6B64
    { 20, 20, 333, 0, 18, 50, 32677 }, // U+6B65
    { 21, 21, 333, 0, 19, 56, 32727 }, // U+6BB5
    { 21, 20, 333, 0, 18, 53, 32783 }, // U+6BCF
    { 19, 20, 333, 1, 18, 48, 32836 }, // U+6BD4
    { 21, 20, 333, 0, 18, 53, 32884 }, // U+6CE8
    { 21, 20, 333, 0, 18, 53, 32937 }, // U+6D45
    { 20, 21, 333, 0, 18, 53, 32990 }, // U+6D4F
    { 20, 21, 333, 0, 18, 53, 33043 }, // U+6D88
    { 21, 20, 333, 0, 18, 53, 33096 }, // U+6DF1
    { 21, 20, 333, 0, 18, 53, 33149 }, // U+6DFB
    { 21, 21, 333, 0, 18, 56, 33202 }, // U+6E05
    { 20, 20, 333, 0, 18, 50, 33258 }, // U+6E83
    { 21, 21, 333, 0, 18, 56, 33308 }, // U+6E90
    { 21, 21, 333, 0, 18, 56, 33364 }, // U+6EE4
    { 21, 20, 333, 0, 18, 53, 33420 }, // U+70B9
    { 21, 20, 333, 0, 18, 53, 33473 }, // U+70ED
    { 19, 20, 333, 0, 18, 48, 33526 }, // U+7247
    { 21, 21, 333, 0, 18, 56, 33574 }, // U+7248
    { 21, 21, 333, 0, 18, 56, 33630 }, // U+7279
    { 21, 20, 333, 0, 18, 53, 33686 }, // U+72B6
    { 20, 20, 333, 0, 18, 50, 33739 }, // U+7387
    { 19, 20, 333, 0, 17, 48, 33789 }, // U+7528
    { 19, 20, 333, 2, 18, 48, 33837 }, // U+7535
    { 21, 21, 333, 0, 18, 56, 33885 }, // U+754C
    { 20, 21, 333, 1, 19, 53, 33941 }, // U+7565
    { 19, 19, 333, 1, 17, 46, 33994 }, // U+767E
    { 19, 20, 333, 1, 18, 48, 34040 }, // U+7684
    { 21, 20, 333, 0, 18, 53, 34088 }, // U+76D8
    { 16, 19, 333, 2, 17, 38, 34141 }, // U+76EE
    { 20, 19, 333, 1, 17, 48, 34179 }, // U+7720
    { 20, 20, 333, 1, 18, 50, 34227 }, // U+7761
    { 21, 20, 333, 0, 18, 53, 34277 }, // U+77ED
    { 20, 21, 333, 0, 18, 53, 34330 }, // U+7801
    { 20, 20, 333, 0, 18, 50, 34383 }, // U+786E
    { 20, 19, 333, 0, 17, 48, 34433 }, // U+793A
    { 21, 20, 333, 0, 18, 53, 34481 }, // U+79F0
    { 21, 20, 333, 0, 18, 53, 34534 }, // U+79FB
    { 21, 20, 333, 0, 18, 53, 34587 }, // U+7A0B
    { 19, 21, 333, 1, 19, 50, 34640 }, // U+7A7A
    { 20, 20, 333, 1, 18, 50, 34690 }, // U+7AD6
    { 20, 21, 333, 0, 19, 53, 34740 }, // U+7AE0
    { 21, 20, 333, 0, 18, 53, 34793 }, // U+7AEF
    { 20, 20, 333, 0, 18, 50, 34846 }, // U+7B26
    { 21, 20, 333, 0, 18, 53, 34896 }, // U+7B2C
    { 20, 20, 333, 0, 18, 50, 34949 }, // U+7B97
    { 20, 20, 333, 0, 18, 50, 34999 }, // U+7C4D
    { 21, 20, 333, 0, 18, 53, 35049 }, // U+7C97
    { 20, 20, 333, 0, 18, 50, 35102 }, // U+7CFB
    { 20, 20, 333, 0, 18, 50, 35152 }, // U+7D22
    { 20, 20, 333, 0, 18, 50, 35202 }, // U+7D27
    { 21, 20, 333, 0, 18, 53, 35252 }, // U+7EBF
    { 20, 20, 333, 0, 18, 50, 35305 }, // U+7EC6
    { 21, 20, 333, 0, 18, 53, 35355 }, // U+7EC8
    { 20, 20, 333, 0, 18, 50, 35408 }, // U+7ED3
    { 21, 21, 333, 0, 19, 56, 35458 }, // U+7EDC
    { 21, 21, 333, 0, 19, 56, 35514 }, // U+7EDF
    { 21, 20, 333, 0, 19, 53, 35570 }, // U+7EE7
    { 21, 20, 333, 0, 18, 53, 35623 }, // U+7EEA
    { 21, 20, 333, 0, 18, 53, 35676 }, // U+7EED
    { 21, 20, 333, 0, 18, 53, 35729 }, // U+7EF4
    { 21, 20, 333, 0, 18, 53, 35782 }, // U+7F13
    { 20, 21, 333, 0, 19, 53, 35835 }, // U+7F16
    { 19, 20, 333, 1, 17, 48, 35888 }, // U+7F51
    { 19, 18, 333, 1, 17, 43, 35936 }, // U+7F6E
    { 20, 20, 333, 0, 18, 50, 35979 }, // U+7FFB
    { 21, 20, 333, 0, 18, 53, 36029 }, // U+80FD
    { 20, 21, 333, 0, 18, 53, 36082 }, // U+811A
    { 17, 20, 333, 2, 18, 43, 36135 }, // U+81EA
    { 20, 19, 333, 0, 17, 48, 36178 }, // U+81F3
    { 21, 21, 333, 0, 18, 56, 36226 }, // U+822C
    { 21, 20, 333, 0, 18, 53, 36282 }, // U+8272
    { 19, 20, 333, 1, 18, 48, 36335 }, // U+8282
    { 21, 20, 333, 0, 18, 53, 36383 }, // U+8303
    { 21, 21, 333, 0, 18, 56, 36436 }, // U+83B7
    { 21, 20, 333, 0, 18, 53, 36492 }, // U+843D
    { 21, 20, 333, 0, 18, 53, 36545 }, // U+85CF
    { 21, 21, 333, 0, 18, 56, 36598 }, // U+884C
    { 21, 20, 333, 0, 18, 53, 36654 }, // U+88C1
    { 21, 21, 333, 0, 18, 56, 36707 }, // U+892A
    { 20, 20, 333, 0, 18, 50, 36763 }, // U+8981
    { 19, 20, 333, 1, 18, 48, 36813 }, // U+89C8
    { 21, 21, 333, 0, 18, 56, 36861 }, // U+89E3
    { 20, 20, 333, 0, 18, 50, 36917 }, // U+8A00
    { 21, 20, 333, 0, 18, 53, 36967 }, // U+8BA1
    { 21, 20, 333, 0, 18, 53, 37020 }, // U+8BA2
    { 21, 20, 333, 0, 18, 53, 37073 }, // U+8BA4
    { 21, 20, 333, 0, 18, 53, 37126 }, // U+8BB0
    { 21, 20, 333, 0, 18, 53, 37179 }, // U+8BBE
    { 21, 20, 333, 0, 18, 53, 37232 }, // U+8BC1
    { 20, 20, 333, 1, 18, 50, 37285 }, // U+8BD5
    { 21, 20, 333, 0, 18, 53, 37335 }, // U+8BE6
    { 21, 20, 333, 0, 18, 53, 37388 }, // U+8BED
    { 21, 20, 333, 0, 18, 53, 37441 }, // U+8BEF
    { 21, 21, 333, 0, 18, 56, 37494 }, // U+8BF7
    { 21, 20, 333, 0, 18, 53, 37550 }, // U+8BFB
    { 21, 20, 333, 0, 18, 53, 37603 }, // U+8D25
    { 21, 20, 333, 0, 18, 53, 37656 }, // U+8D26
    { 21, 20, 333, 0, 18, 53, 37709 }, // U+8D85
    { 21, 19, 333, 0, 17, 50, 37762 }, // U+8DDD
    { 21, 20, 333, 0, 18, 53, 37812 }, // U+8DF3
    { 21, 20, 333, 0, 18, 53, 37865 }, // U+8F6C
    { 21, 20, 333, 0, 18, 53, 37918 }, // U+8F7D
    { 21, 20, 333, 0, 18, 53, 37971 }, // U+8F91
    { 21, 20, 333, 0, 18, 53, 38024 }, // U+8F93
    { 21, 20, 333, 0, 18, 53, 38077 }, // U+8FB9
    { 21, 20, 333, 0, 18, 53, 38130 }, // U+8FD1
    { 21, 20, 333, 0, 18, 53, 38183 }, // U+8FD4
    { 21, 20, 333, 0, 18, 53, 38236 }, // U+8FDB
    { 21, 20, 333, 0, 18, 53, 38289 }, // U+8FDC
    { 21, 20, 333, 0, 18, 53, 38342 }, // U+8FDE
    { 21, 20, 333, 0, 18, 53, 38395 }, // U+9000
    { 21, 20, 333, 0, 18, 53, 38448 }, // U+9002
    { 21, 22, 333, 0, 19, 58, 38501 }, // U+9006
    { 21, 21, 333, 0, 18, 56, 38559 }, // U+9009
    { 21, 20, 333, 0, 18, 53, 38615 }, // U+901A
    { 21, 19, 333, 0, 17, 50, 38668 }, // U+914D
    { 20, 19, 333, 0, 18, 48, 38718 }, // U+91CD
    { 20, 19, 333, 0, 18, 48, 38766 }, // U+91CF
    { 20, 20, 333, 0, 18, 50, 38814 }, // U+9488
    { 20, 20, 333, 0, 18, 50, 38864 }, // U+949F
    { 21, 20, 333, 0, 18, 53, 38914 }, // U+94FE
    { 21, 20, 333, 0, 18, 53, 38967 }, // U+9519
    { 21, 20, 333, 0, 18, 53, 39020 }, // U+952E
    { 21, 20, 333, 0, 18, 53, 39073 }, // U+952F
    { 21, 22, 333, 0, 19, 58, 39126 }, // U+955C
    { 20, 20, 333, 1, 18, 50, 39184 }, // U+957F
    { 19, 21, 333, 1, 18, 50, 39234 }, // U+95F4
    { 19, 21, 333, 1, 18, 50, 39284 }, // U+9605
    { 19, 20, 333, 1, 18, 48, 39334 }, // U+9633
    { 20, 21, 333, 1, 18, 53, 39382 }, // U+9644
    { 20, 21, 333, 1, 19, 53, 39435 }, // U+9664
    { 20, 21, 333, 1, 18, 53, 39488 }, // U+9690
    { 20, 21, 333, 1, 19, 53, 39541 }, // U+969C
    { 19, 19, 333, 1, 17, 46, 39594 }, // U+9762
    { 20, 19, 333, 0, 17, 48, 39640 }, // U+9875
    { 21, 19, 333, 0, 17, 50, 39688 }, // U+9879
    { 21, 20, 333, 0, 18, 53, 39738 }, // U+987A
    { 21, 21, 333, 0, 18, 56, 39791 }, // U+9884
    { 21, 20, 333, 0, 18, 53, 39847 }, // U+9891
    { 21, 19, 333, 0, 17, 50, 39900 }, // U+9898
    { 21, 20, 333, 0, 18, 53, 39950 }, // U+989D
    { 21, 21, 333, 0, 19, 56, 40003 }, // U+9A8C
    { 21, 20, 333, 0, 18, 53, 40059 }, // U+9ED8
    { 21, 21, 333, 0, 19, 56, 40112 }, // U+9F50
    { 20, 20, 333, 0, 18, 50, 40168 }, // U+9F7F
    { 17, 16, 280, 1, 16, 34, 40218 }, // U+FB00
    { 13, 16, 236, 1, 16, 26, 40252 }, // U+FB01
    { 15, 16, 245, 1, 16, 30, 40278 }, // U+FB02
    { 22, 16, 376, 1, 16, 44, 40308 }, // U+FB03
    { 23, 16, 385, 1, 16, 46, 40352 }, // U+FB04
};

static const EpdUnicodeInterval ubuntu_10_boldIntervals[] = {
    { 0x0, 0x0, 0x0 },
    { 0x8, 0x9, 0x1 },
    { 0xD, 0xD, 0x3 },
    { 0x1D, 0x1D, 0x4 },
    { 0x20, 0x7E, 0x5 },
    { 0xA0, 0xFF, 0x64 },
    { 0x100, 0x17F, 0xC4 },
    { 0x1A0, 0x1A1, 0x144 },
    { 0x1AF, 0x1B0, 0x146 },
    { 0x1C4, 0x21F, 0x148 },
    { 0x300, 0x301, 0x1A4 },
    { 0x304, 0x304, 0x1A6 },
    { 0x307, 0x307, 0x1A7 },
    { 0x30C, 0x30C, 0x1A8 },
    { 0x311, 0x311, 0x1A9 },
    { 0x400, 0x45F, 0x1AA },
    { 0x462, 0x463, 0x20A },
    { 0x472, 0x475, 0x20C },
    { 0x48A, 0x4F9, 0x210 },
    { 0x1EA0, 0x1EF9, 0x280 },
    { 0x2002, 0x2003, 0x2DA },
    { 0x2010, 0x2016, 0x2DC },
    { 0x2018, 0x201A, 0x2E3 },
    { 0x201C, 0x201E, 0x2E6 },
    { 0x2020, 0x2022, 0x2E9 },
    { 0x2025, 0x2027, 0x2EC },
    { 0x2030, 0x2030, 0x2EF },
    { 0x2032, 0x2033, 0x2F0 },
    { 0x2035, 0x2035, 0x2F2 },
    { 0x2039, 0x203C, 0x2F3 },
    { 0x2042, 0x2042, 0x2F7 },
    { 0x2044, 0x2044, 0x2F8 },
    { 0x2047, 0x2049, 0x2F9 },
    { 0x2051, 0x2051, 0x2FC },
    { 0x2070, 0x2070, 0x2FD },
    { 0x2074, 0x2079, 0x2FE },
    { 0x2080, 0x2089, 0x304 },
    { 0x20A9, 0x20A9, 0x30E },
    { 0x20AB, 0x20AC, 0x30F },
    { 0x20AE, 0x20AE, 0x311 },
    { 0x20B4, 0x20B4, 0x312 },
    { 0x20B9, 0x20B9, 0x313 },
    { 0x2190, 0x2199, 0x314 },
    { 0x21B8, 0x21B9, 0x31E },
    { 0x21C4, 0x21C6, 0x320 },
    { 0x21CB, 0x21CC, 0x323 },
    { 0x21D0, 0x21D0, 0x325 },
    { 0x21D2, 0x21D2, 0x326 },
    { 0x21D4, 0x21D4, 0x327 },
    { 0x21E6, 0x21E9, 0x328 },
    { 0x21F5, 0x21F5, 0x32C },
    { 0x2200, 0x2200, 0x32D },
    { 0x2202, 0x2203, 0x32E },
    { 0x2205, 0x220B, 0x330 },
    { 0x220F, 0x220F, 0x337 },
    { 0x2211, 0x2213, 0x338 },
    { 0x2215, 0x2215, 0x33B },
    { 0x2219, 0x221A, 0x33C },
    { 0x221D, 0x2220, 0x33E },
    { 0x2223, 0x2223, 0x342 },
    { 0x2225, 0x222E, 0x343 },
    { 0x2234, 0x2237, 0x34D },
    { 0x223D, 0x223D, 0x351 },
    { 0x2243, 0x2243, 0x352 },
    { 0x2245, 0x2245, 0x353 },
    { 0x2248, 0x2248, 0x354 },
    { 0x224C, 0x224C, 0x355 },
    { 0x2260, 0x2262, 0x356 },
    { 0x2264, 0x2267, 0x359 },
    { 0x226A, 0x226B, 0x35D },
    { 0x226E, 0x226F, 0x35F },
    { 0x2272, 0x2273, 0x361 },
    { 0x2276, 0x2277, 0x363 },
    { 0x2282, 0x2287, 0x365 },
    { 0x228A, 0x228B, 0x36B },
    { 0x2295, 0x2299, 0x36D },
    { 0x22A0, 0x22A0, 0x372 },
    { 0x22A5, 0x22A5, 0x373 },
    { 0x22BF, 0x22BF, 0x374 },
    { 0x22DA, 0x22DB, 0x375 },
    { 0x22EF, 0x22EF, 0x377 },
    { 0x3002, 0x3002, 0x378 },
    { 0x4E00, 0x4E00, 0x379 },
    { 0x4E0A, 0x4E0A, 0x37A },
    { 0x4E0B, 0x4E0B, 0x37B },
    { 0x4E0D, 0x4E0D, 0x37C },
    { 0x4E24, 0x4E24, 0x37D },
    { 0x4E2A, 0x4E2A, 0x37E },
    { 0x4E2D, 0x4E2D, 0x37F },
    { 0x4E32, 0x4E32, 0x380 },
    { 0x4E3A, 0x4E3A, 0x381 },
    { 0x4E3B, 0x4E3B, 0x382 },
    { 0x4E49, 0x4E49, 0x383 },
    { 0x4E66, 0x4E66, 0x384 },
    { 0x4E8C, 0x4E8C, 0x385 },
    { 0x4EBA, 0x4EBA, 0x386 },
    { 0x4ECE, 0x4ECE, 0x387 },
    { 0x4ED6, 0x4ED6, 0x388 },
    { 0x4EE3, 0x4EE3, 0x389 },
    { 0x4EE5, 0x4EE5, 0x38A },
    { 0x4EF6, 0x4EF6, 0x38B },
    { 0x4F20, 0x4F20, 0x38C },
    { 0x4F4D, 0x4F4D, 0x38D },
    { 0x4F4F, 0x4F4F, 0x38E },
    { 0x4F53, 0x4F53, 0x38F },
    { 0x4F7F, 0x4F7F, 0x390 },
    { 0x4F9B, 0x4F9B, 0x391 },
    { 0x4FA7, 0x4FA7, 0x392 },
    { 0x4FDD, 0x4FDD, 0x393 },
    { 0x4FEE, 0x4FEE, 0x394 },
    { 0x5012, 0x5012, 0x395 },
    { 0x503C, 0x503C, 0x396 },
    { 0x503E, 0x503E, 0x397 },
    { 0x5148, 0x5148, 0x398 },
    { 0x5149, 0x5149, 0x399 },
    { 0x5165, 0x5165, 0x39A },
    { 0x5171, 0x5171, 0x39B },
    { 0x5173, 0x5173, 0x39C },
    { 0x5185, 0x5185, 0x39D },
    { 0x518D, 0x518D, 0x39E },
    { 0x5199, 0x5199, 0x39F },
    { 0x51D1, 0x51D1, 0x3A0 },
    { 0x51ED, 0x51ED, 0x3A1 },
    { 0x51FA, 0x51FA, 0x3A2 },
    { 0x5206, 0x5206, 0x3A3 },
    { 0x5207, 0x5207, 0x3A4 },
    { 0x521B, 0x521B, 0x3A5 },
    { 0x5220, 0x5220, 0x3A6 },
    { 0x5230, 0x5230, 0x3A7 },
    { 0x5236, 0x5236, 0x3A8 },
    { 0x5237, 0x5237, 0x3A9 },
    { 0x524D, 0x524D, 0x3AA },
    { 0x526A, 0x526A, 0x3AB },
    { 0x529F, 0x529F, 0x3AC },
    { 0x52A0, 0x52A0, 0x3AD },
    { 0x52A1, 0x52A1, 0x3AE },
    { 0x52A8, 0x52A8, 0x3AF },
    { 0x5339, 0x5339, 0x3B0 },
    { 0x5360, 0x5360, 0x3B1 },
    { 0x5361, 0x5361, 0x3B2 },
    { 0x539F, 0x539F, 0x3B3 },
    { 0x53D6, 0x53D6, 0x3B4 },
    { 0x53E3, 0x53E3, 0x3B5 },
    { 0x53EF, 0x53EF, 0x3B6 },
    { 0x53F3, 0x53F3, 0x3B7 },
    { 0x53F7, 0x53F7, 0x3B8 },
    { 0x540C, 0x540C, 0x3B9 },
    { 0x540D, 0x540D, 0x3BA },
    { 0x540E, 0x540E, 0x3BB },
    { 0x5411, 0x5411, 0x3BC },
    { 0x5426, 0x5426, 0x3BD },
    { 0x542F, 0x542F, 0x3BE },
    { 0x544A, 0x544A, 0x3BF },
    { 0x547D, 0x547D, 0x3C0 },
    { 0x54C8, 0x54C8, 0x3C1 },
    { 0x5668, 0x5668, 0x3C2 },
    { 0x56DE, 0x56DE, 0x3C3 },
    { 0x56E0, 0x56E0, 0x3C4 },
    { 0x56F4, 0x56F4, 0x3C5 },
    { 0x56FE, 0x56FE, 0x3C6 },
    { 0x5728, 0x5728, 0x3C7 },
    { 0x5730, 0x5730, 0x3C8 },
    { 0x5740, 0x5740, 0x3C9 },
    { 0x5907, 0x5907, 0x3CA },
    { 0x590D, 0x590D, 0x3CB },
    { 0x5916, 0x5916, 0x3CC },
    { 0x5927, 0x5927, 0x3CD },
    { 0x5931, 0x5931, 0x3CE },
    { 0x59CB, 0x59CB, 0x3CF },
    { 0x5B57, 0x5B57, 0x3D0 },
    { 0x5B58, 0x5B58, 0x3D1 },
    { 0x5B8C, 0x5B8C, 0x3D2 },
    { 0x5B9A, 0x5B9A, 0x3D3 },
    { 0x5BBD, 0x5BBD, 0x3D4 },
    { 0x5BC6, 0x5BC6, 0x3D5 },
    { 0x5BF9, 0x5BF9, 0x3D6 },
    { 0x5C01, 0x5C01, 0x3D7 },
    { 0x5C04, 0x5C04, 0x3D8 },
    { 0x5C06, 0x5C06, 0x3D9 },
    { 0x5C0F, 0x5C0F, 0x3DA },
    { 0x5C31, 0x5C31, 0x3DB },
    { 0x5C40, 0x5C40, 0x3DC },
    { 0x5C45, 0x5C45, 0x3DD },
    { 0x5C4F, 0x5C4F, 0x3DE },
    { 0x5D29, 0x5D29, 0x3DF },
    { 0x5D4C, 0x5D4C, 0x3E0 },
    { 0x5DE6, 0x5DE6, 0x3E1 },
    { 0x5DF2, 0x5DF2, 0x3E2 },
    { 0x5E03, 0x5E03, 0x3E3 },
    { 0x5E0C, 0x5E0C, 0x3E4 },
    { 0x5E55, 0x5E55, 0x3E5 },
    { 0x5E76, 0x5E76, 0x3E6 },
    { 0x5E94, 0x5E94, 0x3E7 },
    { 0x5EA6, 0x5EA6, 0x3E8 },
    { 0x5EFA, 0x5EFA, 0x3E9 },
    { 0x5F00, 0x5F00, 0x3EA },
    { 0x5F0F, 0x5F0F, 0x3EB },
    { 0x5F15, 0x5F15, 0x3EC },
    { 0x5F53, 0x5F53, 0x3ED },
    { 0x5F55, 0x5F55, 0x3EE },
    { 0x5FD8, 0x5FD8, 0x3EF },
    { 0x5FFD, 0x5FFD, 0x3F0 },
    { 0x6001, 0x6001, 0x3F1 },
    { 0x60A8, 0x60A8, 0x3F2 },
    { 0x60C5, 0x60C5, 0x3F3 },
    { 0x6210, 0x6210, 0x3F4 },
    { 0x6216, 0x6216, 0x3F5 },
    { 0x622A, 0x622A, 0x3F6 },
    { 0x6237, 0x6237, 0x3F7 },
    { 0x6240, 0x6240, 0x3F8 },
    { 0x624B, 0x624B, 0x3F9 },
    { 0x6253, 0x6253, 0x3FA },
    { 0x626B, 0x626B, 0x3FB },
    { 0x627E, 0x627E, 0x3FC },
    { 0x6297, 0x6297, 0x3FD },
    { 0x62A5, 0x62A5, 0x3FE },
    { 0x62E9, 0x62E9, 0x3FF },
    { 0x6309, 0x6309, 0x400 },
    { 0x6362, 0x6362, 0x401 },
    { 0x636E, 0x636E, 0x402 },
    { 0x63A5, 0x63A5, 0x403 },
    { 0x63A7, 0x63A7, 0x404 },
    { 0x63CF, 0x63CF, 0x405 },
    { 0x63D0, 0x63D0, 0x406 },
    { 0x63D2, 0x63D2, 0x407 },
    { 0x641C, 0x641C, 0x408 },
    { 0x6536, 0x6536, 0x409 },
    { 0x6545, 0x6545, 0x40A },
    { 0x6570, 0x6570, 0x40B },
    { 0x6587, 0x6587, 0x40C },
    { 0x659C, 0x659C, 0x40D },
    { 0x65AD, 0x65AD, 0x40E },
    { 0x65B0, 0x65B0, 0x40F },
    { 0x65B9, 0x65B9, 0x410 },
    { 0x65E0, 0x65E0, 0x411 },
    { 0x65F6, 0x65F6, 0x412 },
    { 0x6620, 0x6620, 0x413 },
    { 0x662F, 0x662F, 0x414 },
    { 0x663E, 0x663E, 0x415 },
    { 0x666E, 0x666E, 0x416 },
    { 0x66F4, 0x66F4, 0x417 },
    { 0x6700, 0x6700, 0x418 },
    { 0x6709, 0x6709, 0x419 },
    { 0x670D, 0x670D, 0x41A },
    { 0x672A, 0x672A, 0x41B },
    { 0x672C, 0x672C, 0x41C },
    { 0x673A, 0x673A, 0x41D },
    { 0x675F, 0x675F, 0x41E },
    { 0x6761, 0x6761, 0x41F },
    { 0x6765, 0x6765, 0x420 },
    { 0x677E, 0x677E, 0x421 },
    { 0x6790, 0x6790, 0x422 },
    { 0x67E5, 0x67E5, 0x423 },
    { 0x6807, 0x6807, 0x424 },
    { 0x680F, 0x680F, 0x425 },
    { 0x6837, 0x6837, 0x426 },
    { 0x6863, 0x6863, 0x427 },
    { 0x68C0, 0x68C0, 0x428 },
    { 0x6A21, 0x6A21, 0x429 },
    { 0x6A2A, 0x6A2A, 0x42A },
    { 0x6B21, 0x6B21, 0x42B },
    { 0x6B63, 0x6B63, 0x42C },
    { 0x6B64, 0x6B64, 0x42D },
    { 0x6B65, 0x6B65, 0x42E },
    { 0x6BB5, 0x6BB5, 0x42F },
    { 0x6BCF, 0x6BCF, 0x430 },
    { 0x6BD4, 0x6BD4, 0x431 },
    { 0x6CE8, 0x6CE8, 0x432 },
    { 0x6D45, 0x6D45, 0x433 },
    { 0x6D4F, 0x6D4F, 0x434 },
    { 0x6D88, 0x6D88, 0x435 },
    { 0x6DF1, 0x6DF1, 0x436 },
    { 0x6DFB, 0x6DFB, 0x437 },
    { 0x6E05, 0x6E05, 0x438 },
    { 0x6E83, 0x6E83, 0x439 },
    { 0x6E90, 0x6E90, 0x43A },
    { 0x6EE4, 0x6EE4, 0x43B },
    { 0x70B9, 0x70B9, 0x43C },
    { 0x70ED, 0x70ED, 0x43D },
    { 0x7247, 0x7247, 0x43E },
    { 0x7248, 0x7248, 0x43F },
    { 0x7279, 0x7279, 0x440 },
    { 0x72B6, 0x72B6, 0x441 },
    { 0x7387, 0x7387, 0x442 },
    { 0x7528, 0x7528, 0x443 },
    { 0x7535, 0x7535, 0x444 },
    { 0x754C, 0x754C, 0x445 },
    { 0x7565, 0x7565, 0x446 },
    { 0x767E, 0x767E, 0x447 },
    { 0x7684, 0x7684, 0x448 },
    { 0x76D8, 0x76D8, 0x449 },
    { 0x76EE, 0x76EE, 0x44A },
    { 0x7720, 0x7720, 0x44B },
    { 0x7761, 0x7761, 0x44C },
    { 0x77ED, 0x77ED, 0x44D },
    { 0x7801, 0x7801, 0x44E },
    { 0x786E, 0x786E, 0x44F },
    { 0x793A, 0x793A, 0x450 },
    { 0x79F0, 0x79F0, 0x451 },
    { 0x79FB, 0x79FB, 0x452 },
    { 0x7A0B, 0x7A0B, 0x453 },
    { 0x7A7A, 0x7A7A, 0x454 },
    { 0x7AD6, 0x7AD6, 0x455 },
    { 0x7AE0, 0x7AE0, 0x456 },
    { 0x7AEF, 0x7AEF, 0x457 },
    { 0x7B26, 0x7B26, 0x458 },
    { 0x7B2C, 0x7B2C, 0x459 },
    { 0x7B97, 0x7B97, 0x45A },
    { 0x7C4D, 0x7C4D, 0x45B },
    { 0x7C97, 0x7C97, 0x45C },
    { 0x7CFB, 0x7CFB, 0x45D },
    { 0x7D22, 0x7D22, 0x45E },
    { 0x7D27, 0x7D27, 0x45F },
    { 0x7EBF, 0x7EBF, 0x460 },
    { 0x7EC6, 0x7EC6, 0x461 },
    { 0x7EC8, 0x7EC8, 0x462 },
    { 0x7ED3, 0x7ED3, 0x463 },
    { 0x7EDC, 0x7EDC, 0x464 },
    { 0x7EDF, 0x7EDF, 0x465 },
    { 0x7EE7, 0x7EE7, 0x466 },
    { 0x7EEA, 0x7EEA, 0x467 },
    { 0x7EED, 0x7EED, 0x468 },
    { 0x7EF4, 0x7EF4, 0x469 },
    { 0x7F13, 0x7F13, 0x46A },
    { 0x7F16, 0x7F16, 0x46B },
    { 0x7F51, 0x7F51, 0x46C },
    { 0x7F6E, 0x7F6E, 0x46D },
    { 0x7FFB, 0x7FFB, 0x46E },
    { 0x80FD, 0x80FD, 0x46F },
    { 0x811A, 0x811A, 0x470 },
    { 0x81EA, 0x81EA, 0x471 },
    { 0x81F3, 0x81F3, 0x472 },
    { 0x822C, 0x822C, 0x473 },
    { 0x8272, 0x8272, 0x474 },
    { 0x8282, 0x8282, 0x475 },
    { 0x8303, 0x8303, 0x476 },
    { 0x83B7, 0x83B7, 0x477 },
    { 0x843D, 0x843D, 0x478 },
    { 0x85CF, 0x85CF, 0x479 },
    { 0x884C, 0x884C, 0x47A },
    { 0x88C1, 0x88C1, 0x47B },
    { 0x892A, 0x892A, 0x47C },
    { 0x8981, 0x8981, 0x47D },
    { 0x89C8, 0x89C8, 0x47E },
    { 0x89E3, 0x89E3, 0x47F },
    { 0x8A00, 0x8A00, 0x480 },
    { 0x8BA1, 0x8BA1, 0x481 },
    { 0x8BA2, 0x8BA2, 0x482 },
    { 0x8BA4, 0x8BA4, 0x483 },
    { 0x8BB0, 0x8BB0, 0x484 },
    { 0x8BBE, 0x8BBE, 0x485 },
    { 0x8BC1, 0x8BC1, 0x486 },
    { 0x8BD5, 0x8BD5, 0x487 },
    { 0x8BE6, 0x8BE6, 0x488 },
    { 0x8BED, 0x8BED, 0x489 },
    { 0x8BEF, 0x8BEF, 0x48A },
    { 0x8BF7, 0x8BF7, 0x48B },
    { 0x8BFB, 0x8BFB, 0x48C },
    { 0x8D25, 0x8D25, 0x48D },
    { 0x8D26, 0x8D26, 0x48E },
    { 0x8D85, 0x8D85, 0x48F },
    { 0x8DDD, 0x8DDD, 0x490 },
    { 0x8DF3, 0x8DF3, 0x491 },
    { 0x8F6C, 0x8F6C, 0x492 },
    { 0x8F7D, 0x8F7D, 0x493 },
    { 0x8F91, 0x8F91, 0x494 },
    { 0x8F93, 0x8F93, 0x495 },
    { 0x8FB9, 0x8FB9, 0x496 },
    { 0x8FD1, 0x8FD1, 0x497 },
    { 0x8FD4, 0x8FD4, 0x498 },
    { 0x8FDB, 0x8FDB, 0x499 },
    { 0x8FDC, 0x8FDC, 0x49A },
    { 0x8FDE, 0x8FDE, 0x49B },
    { 0x9000, 0x9000, 0x49C },
    { 0x9002, 0x9002, 0x49D },
    { 0x9006, 0x9006, 0x49E },
    { 0x9009, 0x9009, 0x49F },
    { 0x901A, 0x901A, 0x4A0 },
    { 0x914D, 0x914D, 0x4A1 },
    { 0x91CD, 0x91CD, 0x4A2 },
    { 0x91CF, 0x91CF, 0x4A3 },
    { 0x9488, 0x9488, 0x4A4 },
    { 0x949F, 0x949F, 0x4A5 },
    { 0x94FE, 0x94FE, 0x4A6 },
    { 0x9519, 0x9519, 0x4A7 },
    { 0x952E, 0x952E, 0x4A8 },
    { 0x952F, 0x952F, 0x4A9 },
    { 0x955C, 0x955C, 0x4AA },
    { 0x957F, 0x957F, 0x4AB },
    { 0x95F4, 0x95F4, 0x4AC },
    { 0x9605, 0x9605, 0x4AD },
    { 0x9633, 0x9633, 0x4AE },
    { 0x9644, 0x9644, 0x4AF },
    { 0x9664, 0x9664, 0x4B0 },
    { 0x9690, 0x9690, 0x4B1 },
    { 0x969C, 0x969C, 0x4B2 },
    { 0x9762, 0x9762, 0x4B3 },
    { 0x9875, 0x9875, 0x4B4 },
    { 0x9879, 0x9879, 0x4B5 },
    { 0x987A, 0x987A, 0x4B6 },
    { 0x9884, 0x9884, 0x4B7 },
    { 0x9891, 0x9891, 0x4B8 },
    { 0x9898, 0x9898, 0x4B9 },
    { 0x989D, 0x989D, 0x4BA },
    { 0x9A8C, 0x9A8C, 0x4BB },
    { 0x9ED8, 0x9ED8, 0x4BC },
    { 0x9F50, 0x9F50, 0x4BD },
    { 0x9F7F, 0x9F7F, 0x4BE },
    { 0xFB00, 0xFB04, 0x4BF },
};

static const EpdKernClassEntry ubuntu_10_boldKernLeftClasses[] = {
    { 0x0022, 1 }, // "
    { 0x0026, 2 }, // &
    { 0x0027, 1 }, // '
    { 0x0028, 3 }, // (
    { 0x0029, 4 }, // )
    { 0x002A, 5 }, // *
    { 0x002C, 6 }, // ,
    { 0x002D, 7 }, // -
    { 0x002E, 6 }, // .
    { 0x002F, 8 }, // /
    { 0x003A, 9 }, // :
    { 0x003B, 9 }, // ;
    { 0x0040, 10 }, // @
    { 0x0041, 11 }, // A
    { 0x0042, 12 }, // B
    { 0x0043, 13 }, // C
    { 0x0044, 14 }, // D
    { 0x0045, 15 }, // E
    { 0x0046, 16 }, // F
    { 0x0047, 17 }, // G
    { 0x0048, 18 }, // H
    { 0x0049, 18 }, // I
    { 0x004A, 19 }, // J
    { 0x004B, 20 }, // K
    { 0x004C, 21 }, // L
    { 0x004D, 22 }, // M
    { 0x004E, 18 }, // N
    { 0x004F, 23 }, // O
    { 0x0050, 24 }, // P
    { 0x0051, 25 }, // Q
    { 0x0052, 26 }, // R
    { 0x0053, 27 }, // S
    { 0x0054, 28 }, // T
    { 0x0055, 29 }, // U
    { 0x0056, 30 }, // V
    { 0x0057, 31 }, // W
    { 0x0058, 32 }, // X
    { 0x0059, 33 }, // Y
    { 0x005A, 34 }, // Z
    { 0x005B, 35 }, // [
    { 0x005C, 36 }, // <backslash>
    { 0x005D, 37 }, // ]
    { 0x0061, 38 }, // a
    { 0x0062, 39 }, // b
    { 0x0063, 40 }, // c
    { 0x0064, 41 }, // d
    { 0x0066, 42 }, // f
    { 0x0067, 43 }, // g
    { 0x0068, 44 }, // h
    { 0x0069, 45 }, // i
    { 0x006A, 46 }, // j
    { 0x006B, 47 }, // k
    { 0x006C, 48 }, // l
    { 0x006D, 49 }, // m
    { 0x006E, 49 }, // n
    { 0x006F, 50 }, // o
    { 0x0070, 39 }, // p
    { 0x0071, 51 }, // q
    { 0x0072, 52 }, // r
    { 0x0073, 53 }, // s
    { 0x0074, 54 }, // t
    { 0x0075, 55 }, // u
    { 0x0076, 56 }, // v
    { 0x0077, 57 }, // w
    { 0x0078, 58 }, // x
    { 0x0079, 59 }, // y
    { 0x007A, 60 }, // z
    { 0x007B, 61 }, // {
    { 0x007D, 62 }, // }
    { 0x00A1, 63 }, // U+00A1
    { 0x00AB, 64 }, // U+00AB
    { 0x00BB, 65 }, // U+00BB
    { 0x00BF, 66 }, // U+00BF
    { 0x00C0, 11 }, // U+00C0
    { 0x00C1, 11 }, // U+00C1
    { 0x00C2, 11 }, // U+00C2
    { 0x00C3, 11 }, // U+00C3
    { 0x00C4, 11 }, // U+00C4
    { 0x00C5, 11 }, // U+00C5
    { 0x00C6, 15 }, // U+00C6
    { 0x00C7, 13 }, // U+00C7
    { 0x00C8, 15 }, // U+00C8
    { 0x00C9, 15 }, // U+00C9
    { 0x00CA, 15 }, // U+00CA
    { 0x00CB, 15 }, // U+00CB
    { 0x00CC, 18 }, // U+00CC
    { 0x00CD, 18 }, // U+00CD
    { 0x00CE, 18 }, // U+00CE
    { 0x00CF, 18 }, // U+00CF
    { 0x00D0, 14 }, // U+00D0
    { 0x00D1, 18 }, // U+00D1
    { 0x00D2, 23 }, // U+00D2
    { 0x00D3, 23 }, // U+00D3
    { 0x00D4, 23 }, // U+00D4
    { 0x00D5, 23 }, // U+00D5
    { 0x00D6, 23 }, // U+00D6
    { 0x00D8, 23 }, // U+00D8
    { 0x00D9, 29 }, // U+00D9
    { 0x00DA, 29 }, // U+00DA
    { 0x00DB, 29 }, // U+00DB
    { 0x00DC, 29 }, // U+00DC
    { 0x00DD, 33 }, // U+00DD
    { 0x00DE, 67 }, // U+00DE
    { 0x00DF, 68 }, // U+00DF
    { 0x00E0, 38 }, // U+00E0
    { 0x00E1, 38 }, // U+00E1
    { 0x00E2, 38 }, // U+00E2
    { 0x00E3, 38 }, // U+00E3
    { 0x00E4, 38 }, // U+00E4
    { 0x00E5, 38 }, // U+00E5
    { 0x00E7, 40 }, // U+00E7
    { 0x00EC, 45 }, // U+00EC
    { 0x00ED, 45 }, // U+00ED
    { 0x00EE, 45 }, // U+00EE
    { 0x00EF, 45 }, // U+00EF
    { 0x00F0, 69 }, // U+00F0
    { 0x00F1, 49 }, // U+00F1
    { 0x00F2, 50 }, // U+00F2
    { 0x00F3, 50 }, // U+00F3
    { 0x00F4, 50 }, // U+00F4
    { 0x00F5, 50 }, // U+00F5
    { 0x00F6, 50 }, // U+00F6
    { 0x00F8, 50 }, // U+00F8
    { 0x00F9, 55 }, // U+00F9
    { 0x00FA, 55 }, // U+00FA
    { 0x00FB, 55 }, // U+00FB
    { 0x00FC, 55 }, // U+00FC
    { 0x00FD, 59 }, // U+00FD
    { 0x00FE, 70 }, // U+00FE
    { 0x00FF, 59 }, // U+00FF
    { 0x0100, 11 }, // U+0100
    { 0x0101, 38 }, // U+0101
    { 0x0102, 11 }, // U+0102
    { 0x0103, 38 }, // U+0103
    { 0x0104, 11 }, // U+0104
    { 0x0105, 38 }, // U+0105
    { 0x0106, 13 }, // U+0106
    { 0x0107, 40 }, // U+0107
    { 0x0108, 13 }, // U+0108
    { 0x0109, 40 }, // U+0109
    { 0x010A, 13 }, // U+010A
    { 0x010B, 40 }, // U+010B
    { 0x010C, 13 }, // U+010C
    { 0x010D, 40 }, // U+010D
    { 0x010E, 14 }, // U+010E
    { 0x010F, 71 }, // U+010F
    { 0x0110, 14 }, // U+0110
    { 0x0111, 41 }, // U+0111
    { 0x0112, 15 }, // U+0112
    { 0x0114, 15 }, // U+0114
    { 0x0116, 15 }, // U+0116
    { 0x0118, 15 }, // U+0118
    { 0x011A, 15 }, // U+011A
    { 0x011C, 17 }, // U+011C
    { 0x011D, 43 }, // U+011D
    { 0x011E, 17 }, // U+011E
    { 0x011F, 43 }, // U+011F
    { 0x0120, 17 }, // U+0120
    { 0x0121, 43 }, // U+0121
    { 0x0122, 17 }, // U+0122
    { 0x0123, 43 }, // U+0123
    { 0x0124, 18 }, // U+0124
    { 0x0125, 44 }, // U+0125
    { 0x0126, 18 }, // U+0126
    { 0x0127, 44 }, // U+0127
    { 0x0128, 18 }, // U+0128
    { 0x0129, 45 }, // U+0129
    { 0x012A, 18 }, // U+012A
    { 0x012B, 45 }, // U+012B
    { 0x012C, 18 }, // U+012C
    { 0x012D, 45 }, // U+012D
    { 0x012E, 18 }, // U+012E
    { 0x012F, 45 }, // U+012F
    { 0x0130, 18 }, // U+0130
    { 0x0131, 45 }, // U+0131
    { 0x0132, 19 }, // U+0132
    { 0x0133, 46 }, // U+0133
    { 0x0134, 19 }, // U+0134
    { 0x0135, 46 }, // U+0135
    { 0x0136, 20 }, // U+0136
    { 0x0137, 47 }, // U+0137
    { 0x0138, 47 }, // U+0138
    { 0x0139, 21 }, // U+0139
    { 0x013A, 48 }, // U+013A
    { 0x013B, 21 }, // U+013B
    { 0x013C, 48 }, // U+013C
    { 0x013D, 21 }, // U+013D
    { 0x013E, 71 }, // U+013E
    { 0x013F, 21 }, // U+013F
    { 0x0140, 48 }, // U+0140
    { 0x0141, 21 }, // U+0141
    { 0x0142, 48 }, // U+0142
    { 0x0143, 18 }, // U+0143
    { 0x0144, 49 }, // U+0144
    { 0x0145, 18 }, // U+0145
    { 0x0146, 49 }, // U+0146
    { 0x0147, 18 }, // U+0147
    { 0x0148, 49 }, // U+0148
    { 0x0149, 49 }, // U+0149
    { 0x014A, 72 }, // U+014A
    { 0x014B, 73 }, // U+014B
    { 0x014C, 23 }, // U+014C
    { 0x014D, 50 }, // U+014D
    { 0x014E, 23 }, // U+014E
    { 0x014F, 50 }, // U+014F
    { 0x0150, 23 }, // U+0150
    { 0x0151, 50 }, // U+0151
    { 0x0152, 15 }, // U+0152
    { 0x0154, 26 }, // U+0154
    { 0x0155, 52 }, // U+0155
    { 0x0156, 26 }, // U+0156
    { 0x0157, 52 }, // U+0157
    { 0x0158, 26 }, // U+0158
    { 0x0159, 52 }, // U+0159
    { 0x015A, 27 }, // U+015A
    { 0x015B, 53 }, // U+015B
    { 0x015C, 27 }, // U+015C
    { 0x015D, 53 }, // U+015D
    { 0x015E, 27 }, // U+015E
    { 0x015F, 53 }, // U+015F
    { 0x0160, 27 }, // U+0160
    { 0x0161, 53 }, // U+0161
    { 0x0162, 28 }, // U+0162
    { 0x0163, 54 }, // U+0163
    { 0x0164, 28 }, // U+0164
    { 0x0165, 54 }, // U+0165
    { 0x0166, 28 }, // U+0166
    { 0x0167, 54 }, // U+0167
    { 0x0168, 29 }, // U+0168
    { 0x0169, 55 }, // U+0169
    { 0x016A, 29 }, // U+016A
    { 0x016B, 55 }, // U+016B
    { 0x016C, 29 }, // U+016C
    { 0x016D, 55 }, // U+016D
    { 0x016E, 29 }, // U+016E
    { 0x016F, 55 }, // U+016F
    { 0x0170, 29 }, // U+0170
    { 0x0171, 55 }, // U+0171
    { 0x0172, 29 }, // U+0172
    { 0x0173, 55 }, // U+0173
    { 0x0174, 31 }, // U+0174
    { 0x0175, 57 }, // U+0175
    { 0x0176, 33 }, // U+0176
    { 0x0177, 59 }, // U+0177
    { 0x0178, 33 }, // U+0178
    { 0x0179, 34 }, // U+0179
    { 0x017A, 60 }, // U+017A
    { 0x017B, 34 }, // U+017B
    { 0x017C, 60 }, // U+017C
    { 0x017D, 34 }, // U+017D
    { 0x017E, 60 }, // U+017E
    { 0x017F, 42 }, // U+017F
    { 0x01A0, 74 }, // U+01A0
    { 0x01C4, 34 }, // U+01C4
    { 0x01C5, 60 }, // U+01C5
    { 0x01C6, 60 }, // U+01C6
    { 0x01C7, 19 }, // U+01C7
    { 0x01C8, 46 }, // U+01C8
    { 0x01C9, 46 }, // U+01C9
    { 0x01CA, 19 }, // U+01CA
    { 0x01CB, 46 }, // U+01CB
    { 0x01CC, 46 }, // U+01CC
    { 0x01CD, 11 }, // U+01CD
    { 0x01CE, 38 }, // U+01CE
    { 0x01CF, 18 }, // U+01CF
    { 0x01D0, 45 }, // U+01D0
    { 0x01D1, 23 }, // U+01D1
    { 0x01D2, 50 }, // U+01D2
    { 0x01D3, 29 }, // U+01D3
    { 0x01D4, 55 }, // U+01D4
    { 0x01D5, 29 }, // U+01D5
    { 0x01D6, 55 }, // U+01D6
    { 0x01D7, 29 }, // U+01D7
    { 0x01D8, 55 }, // U+01D8
    { 0x01D9, 29 }, // U+01D9
    { 0x01DA, 55 }, // U+01DA
    { 0x01DB, 29 }, // U+01DB
    { 0x01DC, 55 }, // U+01DC
    { 0x01DD, 50 }, // U+01DD
    { 0x01DE, 11 }, // U+01DE
    { 0x01DF, 38 }, // U+01DF
    { 0x01E0, 11 }, // U+01E0
    { 0x01E1, 38 }, // U+01E1
    { 0x01E2, 15 }, // U+01E2
    { 0x01E4, 17 }, // U+01E4
    { 0x01E5, 43 }, // U+01E5
    { 0x01E6, 17 }, // U+01E6
    { 0x01E7, 43 }, // U+01E7
    { 0x01E8, 20 }, // U+01E8
    { 0x01E9, 47 }, // U+01E9
    { 0x01EA, 23 }, // U+01EA
    { 0x01EB, 50 }, // U+01EB
    { 0x01EC, 23 }, // U+01EC
    { 0x01ED, 50 }, // U+01ED
    { 0x01EE, 75 }, // U+01EE
    { 0x01EF, 76 }, // U+01EF
    { 0x01F0, 46 }, // U+01F0
    { 0x01F1, 34 }, // U+01F1
    { 0x01F2, 60 }, // U+01F2
    { 0x01F3, 60 }, // U+01F3
    { 0x01F4, 17 }, // U+01F4
    { 0x01F5, 43 }, // U+01F5
    { 0x01F6, 55 }, // U+01F6
    { 0x01F7, 77 }, // U+01F7
    { 0x01F8, 18 }, // U+01F8
    { 0x01F9, 49 }, // U+01F9
    { 0x01FA, 11 }, // U+01FA
    { 0x01FB, 38 }, // U+01FB
    { 0x01FC, 15 }, // U+01FC
    { 0x01FE, 23 }, // U+01FE
    { 0x01FF, 50 }, // U+01FF
    { 0x0200, 11 }, // U+0200
    { 0x0201, 38 }, // U+0201
    { 0x0202, 11 }, // U+0202
    { 0x0203, 38 }, // U+0203
    { 0x0204, 15 }, // U+0204
    { 0x0206, 15 }, // U+0206
    { 0x0208, 18 }, // U+0208
    { 0x0209, 45 }, // U+0209
    { 0x020A, 18 }, // U+020A
    { 0x020B, 45 }, // U+020B
    { 0x020C, 23 }, // U+020C
    { 0x020D, 50 }, // U+020D
    { 0x020E, 23 }, // U+020E
    { 0x020F, 50 }, // U+020F
    { 0x0210, 26 }, // U+0210
    { 0x0211, 52 }, // U+0211
    { 0x0212, 26 }, // U+0212
    { 0x0213, 52 }, // U+0213
    { 0x0214, 29 }, // U+0214
    { 0x0215, 55 }, // U+0215
    { 0x0216, 29 }, // U+0216
    { 0x0217, 55 }, // U+0217
    { 0x0218, 27 }, // U+0218
    { 0x0219, 53 }, // U+0219
    { 0x021A, 28 }, // U+021A
    { 0x021B, 54 }, // U+021B
    { 0x021C, 78 }, // U+021C
    { 0x021E, 18 }, // U+021E
    { 0x021F, 44 }, // U+021F
    { 0x0400, 79 }, // U+0400
    { 0x0401, 79 }, // U+0401
    { 0x0402, 80 }, // U+0402
    { 0x0403, 81 }, // U+0403
    { 0x0404, 82 }, // U+0404
    { 0x0405, 83 }, // U+0405
    { 0x0406, 18 }, // U+0406
    { 0x0407, 18 }, // U+0407
    { 0x0408, 84 }, // U+0408
    { 0x0409, 85 }, // U+0409
    { 0x040A, 85 }, // U+040A
    { 0x040B, 86 }, // U+040B
    { 0x040C, 87 }, // U+040C
    { 0x040D, 18 }, // U+040D
    { 0x040E, 88 }, // U+040E
    { 0x040F, 18 }, // U+040F
    { 0x0410, 89 }, // U+0410
    { 0x0411, 80 }, // U+0411
    { 0x0412, 90 }, // U+0412
    { 0x0413, 81 }, // U+0413
    { 0x0414, 91 }, // U+0414
    { 0x0415, 79 }, // U+0415
    { 0x0416, 92 }, // U+0416
    { 0x0417, 93 }, // U+0417
    { 0x0418, 18 }, // U+0418
    { 0x0419, 18 }, // U+0419
    { 0x041A, 87 }, // U+041A
    { 0x041C, 94 }, // U+041C
    { 0x041D, 18 }, // U+041D
    { 0x041E, 95 }, // U+041E
    { 0x041F, 18 }, // U+041F
    { 0x0420, 96 }, // U+0420
    { 0x0421, 82 }, // U+0421
    { 0x0422, 97 }, // U+0422
    { 0x0423, 88 }, // U+0423
    { 0x0424, 98 }, // U+0424
    { 0x0425, 99 }, // U+0425
    { 0x0426, 91 }, // U+0426
    { 0x0428, 18 }, // U+0428
    { 0x0429, 91 }, // U+0429
    { 0x042A, 85 }, // U+042A
    { 0x042B, 18 }, // U+042B
    { 0x042C, 85 }, // U+042C
    { 0x042D, 100 }, // U+042D
    { 0x042E, 95 }, // U+042E
    { 0x0430, 101 }, // U+0430
    { 0x0431, 102 }, // U+0431
    { 0x0432, 103 }, // U+0432
    { 0x0433, 104 }, // U+0433
    { 0x0434, 105 }, // U+0434
    { 0x0435, 106 }, // U+0435
    { 0x0436, 107 }, // U+0436
    { 0x0437, 108 }, // U+0437
    { 0x043A, 109 }, // U+043A
    { 0x043B, 110 }, // U+043B
    { 0x043C, 111 }, // U+043C
    { 0x043D, 112 }, // U+043D
    { 0x043E, 113 }, // U+043E
    { 0x043F, 112 }, // U+043F
    { 0x0440, 114 }, // U+0440
    { 0x0441, 115 }, // U+0441
    { 0x0442, 116 }, // U+0442
    { 0x0443, 117 }, // U+0443
    { 0x0444, 118 }, // U+0444
    { 0x0445, 119 }, // U+0445
    { 0x0446, 105 }, // U+0446
    { 0x0447, 112 }, // U+0447
    { 0x0448, 112 }, // U+0448
    { 0x0449, 105 }, // U+0449
    { 0x044A, 120 }, // U+044A
    { 0x044B, 112 }, // U+044B
    { 0x044C, 120 }, // U+044C
    { 0x044D, 121 }, // U+044D
    { 0x044E, 122 }, // U+044E
    { 0x044F, 123 }, // U+044F
    { 0x0450, 106 }, // U+0450
    { 0x0451, 106 }, // U+0451
    { 0x0452, 124 }, // U+0452
    { 0x0453, 104 }, // U+0453
    { 0x0454, 125 }, // U+0454
    { 0x0455, 126 }, // U+0455
    { 0x0456, 127 }, // U+0456
    { 0x0457, 127 }, // U+0457
    { 0x0458, 128 }, // U+0458
    { 0x0459, 120 }, // U+0459
    { 0x045A, 120 }, // U+045A
    { 0x045B, 129 }, // U+045B
    { 0x045C, 109 }, // U+045C
    { 0x045E, 117 }, // U+045E
    { 0x045F, 130 }, // U+045F
    { 0x0462, 80 }, // U+0462
    { 0x0463, 131 }, // U+0463
    { 0x0472, 95 }, // U+0472
    { 0x0473, 113 }, // U+0473
    { 0x0474, 132 }, // U+0474
    { 0x0475, 133 }, // U+0475
    { 0x048A, 91 }, // U+048A
    { 0x048B, 105 }, // U+048B
    { 0x048C, 85 }, // U+048C
    { 0x048D, 120 }, // U+048D
    { 0x048F, 114 }, // U+048F
    { 0x0490, 81 }, // U+0490
    { 0x0491, 104 }, // U+0491
    { 0x0492, 81 }, // U+0492
    { 0x0493, 104 }, // U+0493
    { 0x0494, 80 }, // U+0494
    { 0x0495, 134 }, // U+0495
    { 0x0496, 92 }, // U+0496
    { 0x0497, 107 }, // U+0497
    { 0x0498, 93 }, // U+0498
    { 0x0499, 108 }, // U+0499
    { 0x049A, 87 }, // U+049A
    { 0x049B, 109 }, // U+049B
    { 0x049C, 87 }, // U+049C
    { 0x049D, 109 }, // U+049D
    { 0x049E, 87 }, // U+049E
    { 0x049F, 109 }, // U+049F
    { 0x04A0, 87 }, // U+04A0
    { 0x04A1, 109 }, // U+04A1
    { 0x04A2, 91 }, // U+04A2
    { 0x04A3, 105 }, // U+04A3
    { 0x04A4, 97 }, // U+04A4
    { 0x04A5, 104 }, // U+04A5
    { 0x04A6, 85 }, // U+04A6
    { 0x04A7, 135 }, // U+04A7
    { 0x04A8, 136 }, // U+04A8
    { 0x04A9, 137 }, // U+04A9
    { 0x04AA, 82 }, // U+04AA
    { 0x04AB, 115 }, // U+04AB
    { 0x04AC, 97 }, // U+04AC
    { 0x04AD, 116 }, // U+04AD
    { 0x04AE, 138 }, // U+04AE
    { 0x04AF, 139 }, // U+04AF
    { 0x04B0, 138 }, // U+04B0
    { 0x04B1, 139 }, // U+04B1
    { 0x04B2, 99 }, // U+04B2
    { 0x04B3, 119 }, // U+04B3
    { 0x04B4, 91 }, // U+04B4
    { 0x04B5, 105 }, // U+04B5
    { 0x04B6, 91 }, // U+04B6
    { 0x04B7, 105 }, // U+04B7
    { 0x04BA, 140 }, // U+04BA
    { 0x04BB, 141 }, // U+04BB
    { 0x04BC, 142 }, // U+04BC
    { 0x04BE, 142 }, // U+04BE
    { 0x04C0, 18 }, // U+04C0
    { 0x04C1, 92 }, // U+04C1
    { 0x04C2, 107 }, // U+04C2
    { 0x04C3, 143 }, // U+04C3
    { 0x04C4, 144 }, // U+04C4
    { 0x04C6, 105 }, // U+04C6
    { 0x04C7, 84 }, // U+04C7
    { 0x04C8, 145 }, // U+04C8
    { 0x04C9, 91 }, // U+04C9
    { 0x04CA, 105 }, // U+04CA
    { 0x04CC, 112 }, // U+04CC
    { 0x04CD, 91 }, // U+04CD
    { 0x04CE, 105 }, // U+04CE
    { 0x04CF, 18 }, // U+04CF
    { 0x04D0, 89 }, // U+04D0
    { 0x04D1, 101 }, // U+04D1
    { 0x04D2, 89 }, // U+04D2
    { 0x04D3, 101 }, // U+04D3
    { 0x04D4, 146 }, // U+04D4
    { 0x04D5, 147 }, // U+04D5
    { 0x04D6, 79 }, // U+04D6
    { 0x04D7, 106 }, // U+04D7
    { 0x04D8, 148 }, // U+04D8
    { 0x04DA, 148 }, // U+04DA
    { 0x04DC, 92 }, // U+04DC
    { 0x04DD, 107 }, // U+04DD
    { 0x04DE, 93 }, // U+04DE
    { 0x04DF, 108 }, // U+04DF
    { 0x04E0, 149 }, // U+04E0
    { 0x04E1, 150 }, // U+04E1
    { 0x04E2, 18 }, // U+04E2
    { 0x04E4, 18 }, // U+04E4
    { 0x04E6, 95 }, // U+04E6
    { 0x04E7, 113 }, // U+04E7
    { 0x04E8, 95 }, // U+04E8
    { 0x04E9, 113 }, // U+04E9
    { 0x04EA, 95 }, // U+04EA
    { 0x04EB, 113 }, // U+04EB
    { 0x04EC, 100 }, // U+04EC
    { 0x04ED, 108 }, // U+04ED
    { 0x04EE, 88 }, // U+04EE
    { 0x04EF, 117 }, // U+04EF
    { 0x04F0, 88 }, // U+04F0
    { 0x04F1, 117 }, // U+04F1
    { 0x04F2, 88 }, // U+04F2
    { 0x04F3, 117 }, // U+04F3
    { 0x04F6, 81 }, // U+04F6
    { 0x04F7, 104 }, // U+04F7
    { 0x04F8, 18 }, // U+04F8
    { 0x04F9, 112 }, // U+04F9
    { 0x1EA0, 151 }, // U+1EA0
    { 0x1EA1, 152 }, // U+1EA1
    { 0x1EA2, 151 }, // U+1EA2
    { 0x1EA3, 152 }, // U+1EA3
    { 0x1EA4, 151 }, // U+1EA4
    { 0x1EA5, 152 }, // U+1EA5
    { 0x1EA6, 151 }, // U+1EA6
    { 0x1EA7, 152 }, // U+1EA7
    { 0x1EA8, 151 }, // U+1EA8
    { 0x1EA9, 152 }, // U+1EA9
    { 0x1EAA, 151 }, // U+1EAA
    { 0x1EAB, 152 }, // U+1EAB
    { 0x1EAC, 151 }, // U+1EAC
    { 0x1EAD, 152 }, // U+1EAD
    { 0x1EAE, 151 }, // U+1EAE
    { 0x1EAF, 152 }, // U+1EAF
    { 0x1EB0, 151 }, // U+1EB0
    { 0x1EB1, 152 }, // U+1EB1
    { 0x1EB2, 151 }, // U+1EB2
    { 0x1EB3, 152 }, // U+1EB3
    { 0x1EB4, 151 }, // U+1EB4
    { 0x1EB5, 152 }, // U+1EB5
    { 0x1EB6, 151 }, // U+1EB6
    { 0x1EB7, 152 }, // U+1EB7
    { 0x1EB8, 153 }, // U+1EB8
    { 0x1EB9, 154 }, // U+1EB9
    { 0x1EBA, 153 }, // U+1EBA
    { 0x1EBB, 154 }, // U+1EBB
    { 0x1EBC, 153 }, // U+1EBC
    { 0x1EBD, 154 }, // U+1EBD
    { 0x1EBE, 153 }, // U+1EBE
    { 0x1EBF, 154 }, // U+1EBF
    { 0x1EC0, 153 }, // U+1EC0
    { 0x1EC1, 154 }, // U+1EC1
    { 0x1EC2, 153 }, // U+1EC2
    { 0x1EC3, 154 }, // U+1EC3
    { 0x1EC4, 153 }, // U+1EC4
    { 0x1EC5, 154 }, // U+1EC5
    { 0x1EC6, 153 }, // U+1EC6
    { 0x1EC7, 154 }, // U+1EC7
    { 0x1ECC, 155 }, // U+1ECC
    { 0x1ECD, 156 }, // U+1ECD
    { 0x1ECE, 155 }, // U+1ECE
    { 0x1ECF, 156 }, // U+1ECF
    { 0x1ED0, 155 }, // U+1ED0
    { 0x1ED1, 156 }, // U+1ED1
    { 0x1ED2, 155 }, // U+1ED2
    { 0x1ED3, 156 }, // U+1ED3
    { 0x1ED4, 155 }, // U+1ED4
    { 0x1ED5, 156 }, // U+1ED5
    { 0x1ED6, 155 }, // U+1ED6
    { 0x1ED7, 156 }, // U+1ED7
    { 0x1ED8, 155 }, // U+1ED8
    { 0x1ED9, 156 }, // U+1ED9
    { 0x1EDB, 157 }, // U+1EDB
    { 0x1EDD, 157 }, // U+1EDD
    { 0x1EDF, 157 }, // U+1EDF
    { 0x1EE1, 157 }, // U+1EE1
    { 0x1EE3, 157 }, // U+1EE3
    { 0x1EE4, 158 }, // U+1EE4
    { 0x1EE5, 159 }, // U+1EE5
    { 0x1EE6, 158 }, // U+1EE6
    { 0x1EE7, 159 }, // U+1EE7
    { 0x1EE8, 160 }, // U+1EE8
    { 0x1EE9, 161 }, // U+1EE9
    { 0x1EEA, 160 }, // U+1EEA
    { 0x1EEB, 161 }, // U+1EEB
    { 0x1EEC, 160 }, // U+1EEC
    { 0x1EED, 161 }, // U+1EED
    { 0x1EEE, 160 }, // U+1EEE
    { 0x1EEF, 161 }, // U+1EEF
    { 0x1EF0, 160 }, // U+1EF0
    { 0x1EF1, 161 }, // U+1EF1
    { 0x1EF2, 33 }, // U+1EF2
    { 0x1EF3, 59 }, // U+1EF3
    { 0x1EF4, 162 }, // U+1EF4
    { 0x1EF5, 163 }, // U+1EF5
    { 0x1EF6, 162 }, // U+1EF6
    { 0x1EF7, 163 }, // U+1EF7
    { 0x1EF8, 162 }, // U+1EF8
    { 0x1EF9, 163 }, // U+1EF9
    { 0x2011, 164 }, // U+2011
    { 0x2012, 164 }, // U+2012
    { 0x2013, 7 }, // U+2013
    { 0x2014, 7 }, // U+2014
    { 0x2018, 165 }, // U+2018
    { 0x2019, 166 }, // U+2019
    { 0x201A, 167 }, // U+201A
    { 0x201C, 165 }, // U+201C
    { 0x201D, 166 }, // U+201D
    { 0x201E, 167 }, // U+201E
    { 0x2026, 6 }, // U+2026
    { 0x2039, 64 }, // U+2039
    { 0x203A, 65 }, // U+203A
    { 0xFB00, 42 }, // U+FB00
    { 0xFB01, 45 }, // U+FB01
    { 0xFB02, 48 }, // U+FB02
    { 0xFB03, 45 }, // U+FB03
    { 0xFB04, 48 }, // U+FB04
};

static const EpdKernClassEntry ubuntu_10_boldKernRightClasses[] = {
    { 0x0021, 1 }, // !
    { 0x0022, 2 }, // "
    { 0x0026, 3 }, // &
    { 0x0027, 2 }, // '
    { 0x0028, 4 }, // (
    { 0x0029, 5 }, // )
    { 0x002A, 6 }, // *
    { 0x002C, 7 }, // ,
    { 0x002D, 8 }, // -
    { 0x002E, 7 }, // .
    { 0x002F, 9 }, // /
    { 0x003A, 10 }, // :
    { 0x003B, 10 }, // ;
    { 0x003F, 11 }, // ?
    { 0x0040, 12 }, // @
    { 0x0041, 13 }, // A
    { 0x0042, 14 }, // B
    { 0x0043, 15 }, // C
    { 0x0044, 14 }, // D
    { 0x0045, 14 }, // E
    { 0x0046, 14 }, // F
    { 0x0047, 16 }, // G
    { 0x0048, 14 }, // H
    { 0x0049, 14 }, // I
    { 0x004A, 17 }, // J
    { 0x004B, 14 }, // K
    { 0x004C, 14 }, // L
    { 0x004D, 18 }, // M
    { 0x004E, 14 }, // N
    { 0x004F, 19 }, // O
    { 0x0050, 14 }, // P
    { 0x0051, 19 }, // Q
    { 0x0052, 14 }, // R
    { 0x0053, 20 }, // S
    { 0x0054, 21 }, // T
    { 0x0055, 22 }, // U
    { 0x0056, 23 }, // V
    { 0x0057, 24 }, // W
    { 0x0058, 25 }, // X
    { 0x0059, 26 }, // Y
    { 0x005A, 27 }, // Z
    { 0x005B, 28 }, // [
    { 0x005C, 29 }, // <backslash>
    { 0x005D, 30 }, // ]
    { 0x0061, 31 }, // a
    { 0x0062, 32 }, // b
    { 0x0063, 33 }, // c
    { 0x0064, 34 }, // d
    { 0x0065, 33 }, // e
    { 0x0066, 35 }, // f
    { 0x0067, 33 }, // g
    { 0x0068, 36 }, // h
    { 0x0069, 37 }, // i
    { 0x006A, 38 }, // j
    { 0x006B, 36 }, // k
    { 0x006C, 36 }, // l
    { 0x006D, 39 }, // m
    { 0x006E, 39 }, // n
    { 0x006F, 34 }, // o
    { 0x0070, 39 }, // p
    { 0x0071, 33 }, // q
    { 0x0072, 39 }, // r
    { 0x0073, 40 }, // s
    { 0x0074, 41 }, // t
    { 0x0075, 42 }, // u
    { 0x0076, 43 }, // v
    { 0x0077, 44 }, // w
    { 0x0078, 45 }, // x
    { 0x0079, 46 }, // y
    { 0x007A, 47 }, // z
    { 0x007B, 48 }, // {
    { 0x007D, 49 }, // }
    { 0x00AB, 50 }, // U+00AB
    { 0x00BB, 51 }, // U+00BB
    { 0x00C0, 13 }, // U+00C0
    { 0x00C1, 13 }, // U+00C1
    { 0x00C2, 13 }, // U+00C2
    { 0x00C3, 13 }, // U+00C3
    { 0x00C4, 13 }, // U+00C4
    { 0x00C5, 13 }, // U+00C5
    { 0x00C6, 52 }, // U+00C6
    { 0x00C7, 15 }, // U+00C7
    { 0x00C8, 14 }, // U+00C8
    { 0x00C9, 14 }, // U+00C9
    { 0x00CA, 14 }, // U+00CA
    { 0x00CB, 14 }, // U+00CB
    { 0x00CC, 14 }, // U+00CC
    { 0x00CD, 14 }, // U+00CD
    { 0x00CE, 14 }, // U+00CE
    { 0x00CF, 14 }, // U+00CF
    { 0x00D0, 14 }, // U+00D0
    { 0x00D1, 14 }, // U+00D1
    { 0x00D2, 19 }, // U+00D2
    { 0x00D3, 19 }, // U+00D3
    { 0x00D4, 19 }, // U+00D4
    { 0x00D5, 19 }, // U+00D5
    { 0x00D6, 19 }, // U+00D6
    { 0x00D8, 19 }, // U+00D8
    { 0x00D9, 22 }, // U+00D9
    { 0x00DA, 22 }, // U+00DA
    { 0x00DB, 22 }, // U+00DB
    { 0x00DC, 22 }, // U+00DC
    { 0x00DD, 26 }, // U+00DD
    { 0x00DF, 53 }, // U+00DF
    { 0x00E0, 31 }, // U+00E0
    { 0x00E1, 31 }, // U+00E1
    { 0x00E2, 31 }, // U+00E2
    { 0x00E3, 31 }, // U+00E3
    { 0x00E4, 54 }, // U+00E4
    { 0x00E5, 31 }, // U+00E5
    { 0x00E6, 31 }, // U+00E6
    { 0x00E7, 33 }, // U+00E7
    { 0x00E8, 33 }, // U+00E8
    { 0x00E9, 33 }, // U+00E9
    { 0x00EA, 33 }, // U+00EA
    { 0x00EB, 33 }, // U+00EB
    { 0x00EC, 55 }, // U+00EC
    { 0x00ED, 37 }, // U+00ED
    { 0x00EE, 56 }, // U+00EE
    { 0x00EF, 57 }, // U+00EF
    { 0x00F0, 58 }, // U+00F0
    { 0x00F1, 39 }, // U+00F1
    { 0x00F2, 34 }, // U+00F2
    { 0x00F3, 34 }, // U+00F3
    { 0x00F4, 34 }, // U+00F4
    { 0x00F5, 34 }, // U+00F5
    { 0x00F6, 34 }, // U+00F6
    { 0x00F8, 34 }, // U+00F8
    { 0x00F9, 42 }, // U+00F9
    { 0x00FA, 42 }, // U+00FA
    { 0x00FB, 42 }, // U+00FB
    { 0x00FC, 42 }, // U+00FC
    { 0x00FD, 46 }, // U+00FD
    { 0x00FF, 46 }, // U+00FF
    { 0x0100, 13 }, // U+0100
    { 0x0101, 31 }, // U+0101
    { 0x0102, 13 }, // U+0102
    { 0x0103, 31 }, // U+0103
    { 0x0104, 13 }, // U+0104
    { 0x0105, 31 }, // U+0105
    { 0x0106, 15 }, // U+0106
    { 0x0107, 33 }, // U+0107
    { 0x0108, 15 }, // U+0108
    { 0x0109, 33 }, // U+0109
    { 0x010A, 15 }, // U+010A
    { 0x010B, 33 }, // U+010B
    { 0x010C, 15 }, // U+010C
    { 0x010D, 33 }, // U+010D
    { 0x010E, 14 }, // U+010E
    { 0x010F, 34 }, // U+010F
    { 0x0111, 34 }, // U+0111
    { 0x0112, 14 }, // U+0112
    { 0x0113, 33 }, // U+0113
    { 0x0114, 14 }, // U+0114
    { 0x0115, 33 }, // U+0115
    { 0x0116, 14 }, // U+0116
    { 0x0117, 33 }, // U+0117
    { 0x0118, 14 }, // U+0118
    { 0x0119, 33 }, // U+0119
    { 0x011A, 14 }, // U+011A
    { 0x011B, 33 }, // U+011B
    { 0x011C, 16 }, // U+011C
    { 0x011D, 33 }, // U+011D
    { 0x011E, 16 }, // U+011E
    { 0x011F, 33 }, // U+011F
    { 0x0120, 16 }, // U+0120
    { 0x0121, 33 }, // U+0121
    { 0x0122, 16 }, // U+0122
    { 0x0123, 33 }, // U+0123
    { 0x0124, 14 }, // U+0124
    { 0x0125, 36 }, // U+0125
    { 0x0126, 14 }, // U+0126
    { 0x0127, 36 }, // U+0127
    { 0x0128, 14 }, // U+0128
    { 0x0129, 59 }, // U+0129
    { 0x012A, 14 }, // U+012A
    { 0x012B, 60 }, // U+012B
    { 0x012C, 14 }, // U+012C
    { 0x012D, 61 }, // U+012D
    { 0x012E, 14 }, // U+012E
    { 0x012F, 37 }, // U+012F
    { 0x0130, 14 }, // U+0130
    { 0x0131, 37 }, // U+0131
    { 0x0132, 14 }, // U+0132
    { 0x0133, 37 }, // U+0133
    { 0x0134, 17 }, // U+0134
    { 0x0135, 38 }, // U+0135
    { 0x0136, 14 }, // U+0136
    { 0x0137, 36 }, // U+0137
    { 0x0139, 14 }, // U+0139
    { 0x013A, 36 }, // U+013A
    { 0x013B, 14 }, // U+013B
    { 0x013C, 36 }, // U+013C
    { 0x013D, 14 }, // U+013D
    { 0x013E, 36 }, // U+013E
    { 0x013F, 14 }, // U+013F
    { 0x0140, 36 }, // U+0140
    { 0x0141, 14 }, // U+0141
    { 0x0142, 36 }, // U+0142
    { 0x0143, 14 }, // U+0143
    { 0x0144, 39 }, // U+0144
    { 0x0145, 14 }, // U+0145
    { 0x0146, 39 }, // U+0146
    { 0x0147, 14 }, // U+0147
    { 0x0148, 39 }, // U+0148
    { 0x0149, 39 }, // U+0149
    { 0x014A, 62 }, // U+014A
    { 0x014B, 63 }, // U+014B
    { 0x014C, 19 }, // U+014C
    { 0x014D, 34 }, // U+014D
    { 0x014E, 19 }, // U+014E
    { 0x014F, 34 }, // U+014F
    { 0x0150, 19 }, // U+0150
    { 0x0151, 34 }, // U+0151
    { 0x0152, 19 }, // U+0152
    { 0x0153, 34 }, // U+0153
    { 0x0154, 14 }, // U+0154
    { 0x0155, 39 }, // U+0155
    { 0x0156, 14 }, // U+0156
    { 0x0157, 39 }, // U+0157
    { 0x0158, 14 }, // U+0158
    { 0x0159, 39 }, // U+0159
    { 0x015A, 20 }, // U+015A
    { 0x015B, 40 }, // U+015B
    { 0x015C, 20 }, // U+015C
    { 0x015D, 40 }, // U+015D
    { 0x015E, 20 }, // U+015E
    { 0x015F, 40 }, // U+015F
    { 0x0160, 20 }, // U+0160
    { 0x0161, 40 }, // U+0161
    { 0x0162, 21 }, // U+0162
    { 0x0163, 41 }, // U+0163
    { 0x0164, 21 }, // U+0164
    { 0x0165, 41 }, // U+0165
    { 0x0166, 21 }, // U+0166
    { 0x0167, 41 }, // U+0167
    { 0x0168, 22 }, // U+0168
    { 0x0169, 42 }, // U+0169
    { 0x016A, 22 }, // U+016A
    { 0x016B, 42 }, // U+016B
    { 0x016C, 22 }, // U+016C
    { 0x016D, 42 }, // U+016D
    { 0x016E, 22 }, // U+016E
    { 0x016F, 42 }, // U+016F
    { 0x0170, 22 }, // U+0170
    { 0x0171, 42 }, // U+0171
    { 0x0172, 22 }, // U+0172
    { 0x0173, 42 }, // U+0173
    { 0x0174, 24 }, // U+0174
    { 0x0175, 44 }, // U+0175
    { 0x0176, 26 }, // U+0176
    { 0x0177, 46 }, // U+0177
    { 0x0178, 26 }, // U+0178
    { 0x0179, 27 }, // U+0179
    { 0x017A, 47 }, // U+017A
    { 0x017B, 27 }, // U+017B
    { 0x017C, 47 }, // U+017C
    { 0x017D, 27 }, // U+017D
    { 0x017E, 47 }, // U+017E
    { 0x017F, 35 }, // U+017F
    { 0x01A0, 19 }, // U+01A0
    { 0x01A1, 34 }, // U+01A1
    { 0x01AF, 22 }, // U+01AF
    { 0x01B0, 42 }, // U+01B0
    { 0x01C4, 14 }, // U+01C4
    { 0x01C5, 14 }, // U+01C5
    { 0x01C6, 34 }, // U+01C6
    { 0x01C7, 14 }, // U+01C7
    { 0x01C8, 14 }, // U+01C8
    { 0x01C9, 36 }, // U+01C9
    { 0x01CA, 14 }, // U+01CA
    { 0x01CB, 14 }, // U+01CB
    { 0x01CC, 39 }, // U+01CC
    { 0x01CD, 13 }, // U+01CD
    { 0x01CE, 31 }, // U+01CE
    { 0x01CF, 14 }, // U+01CF
    { 0x01D0, 37 }, // U+01D0
    { 0x01D1, 19 }, // U+01D1
    { 0x01D2, 34 }, // U+01D2
    { 0x01D3, 22 }, // U+01D3
    { 0x01D4, 42 }, // U+01D4
    { 0x01D5, 22 }, // U+01D5
    { 0x01D6, 42 }, // U+01D6
    { 0x01D7, 22 }, // U+01D7
    { 0x01D8, 42 }, // U+01D8
    { 0x01D9, 22 }, // U+01D9
    { 0x01DA, 42 }, // U+01DA
    { 0x01DB, 22 }, // U+01DB
    { 0x01DC, 42 }, // U+01DC
    { 0x01DD, 64 }, // U+01DD
    { 0x01DE, 13 }, // U+01DE
    { 0x01DF, 31 }, // U+01DF
    { 0x01E0, 13 }, // U+01E0
    { 0x01E1, 31 }, // U+01E1
    { 0x01E2, 52 }, // U+01E2
    { 0x01E3, 31 }, // U+01E3
    { 0x01E4, 16 }, // U+01E4
    { 0x01E5, 33 }, // U+01E5
    { 0x01E6, 16 }, // U+01E6
    { 0x01E7, 33 }, // U+01E7
    { 0x01E8, 14 }, // U+01E8
    { 0x01E9, 36 }, // U+01E9
    { 0x01EA, 19 }, // U+01EA
    { 0x01EB, 34 }, // U+01EB
    { 0x01EC, 19 }, // U+01EC
    { 0x01ED, 34 }, // U+01ED
    { 0x01EE, 65 }, // U+01EE
    { 0x01F0, 38 }, // U+01F0
    { 0x01F1, 14 }, // U+01F1
    { 0x01F2, 14 }, // U+01F2
    { 0x01F3, 34 }, // U+01F3
    { 0x01F4, 16 }, // U+01F4
    { 0x01F5, 33 }, // U+01F5
    { 0x01F8, 14 }, // U+01F8
    { 0x01F9, 39 }, // U+01F9
    { 0x01FA, 13 }, // U+01FA
    { 0x01FB, 31 }, // U+01FB
    { 0x01FC, 52 }, // U+01FC
    { 0x01FD, 31 }, // U+01FD
    { 0x01FE, 19 }, // U+01FE
    { 0x01FF, 34 }, // U+01FF
    { 0x0200, 13 }, // U+0200
    { 0x0201, 31 }, // U+0201
    { 0x0202, 13 }, // U+0202
    { 0x0203, 31 }, // U+0203
    { 0x0204, 14 }, // U+0204
    { 0x0205, 33 }, // U+0205
    { 0x0206, 14 }, // U+0206
    { 0x0207, 33 }, // U+0207
    { 0x0208, 14 }, // U+0208
    { 0x0209, 37 }, // U+0209
    { 0x020A, 14 }, // U+020A
    { 0x020B, 37 }, // U+020B
    { 0x020C, 19 }, // U+020C
    { 0x020D, 34 }, // U+020D
    { 0x020E, 19 }, // U+020E
    { 0x020F, 34 }, // U+020F
    { 0x0210, 14 }, // U+0210
    { 0x0211, 39 }, // U+0211
    { 0x0212, 14 }, // U+0212
    { 0x0213, 39 }, // U+0213
    { 0x0214, 22 }, // U+0214
    { 0x0215, 42 }, // U+0215
    { 0x0216, 22 }, // U+0216
    { 0x0217, 42 }, // U+0217
    { 0x0218, 20 }, // U+0218
    { 0x0219, 40 }, // U+0219
    { 0x021A, 21 }, // U+021A
    { 0x021B, 41 }, // U+021B
    { 0x021C, 66 }, // U+021C
    { 0x021D, 67 }, // U+021D
    { 0x021E, 14 }, // U+021E
    { 0x021F, 36 }, // U+021F
    { 0x0402, 68 }, // U+0402
    { 0x0404, 69 }, // U+0404
    { 0x0405, 70 }, // U+0405
    { 0x0408, 71 }, // U+0408
    { 0x0409, 72 }, // U+0409
    { 0x040B, 68 }, // U+040B
    { 0x040E, 73 }, // U+040E
    { 0x0410, 74 }, // U+0410
    { 0x0414, 75 }, // U+0414
    { 0x0416, 76 }, // U+0416
    { 0x0417, 77 }, // U+0417
    { 0x041B, 72 }, // U+041B
    { 0x041C, 78 }, // U+041C
    { 0x041E, 79 }, // U+041E
    { 0x0421, 69 }, // U+0421
    { 0x0422, 68 }, // U+0422
    { 0x0423, 73 }, // U+0423
    { 0x0424, 80 }, // U+0424
    { 0x0425, 81 }, // U+0425
    { 0x0427, 82 }, // U+0427
    { 0x042D, 83 }, // U+042D
    { 0x042F, 84 }, // U+042F
    { 0x0430, 85 }, // U+0430
    { 0x0431, 86 }, // U+0431
    { 0x0432, 87 }, // U+0432
    { 0x0433, 88 }, // U+0433
    { 0x0434, 89 }, // U+0434
    { 0x0435, 90 }, // U+0435
    { 0x0436, 91 }, // U+0436
    { 0x0437, 92 }, // U+0437
    { 0x0438, 88 }, // U+0438
    { 0x0439, 88 }, // U+0439
    { 0x043A, 88 }, // U+043A
    { 0x043B, 93 }, // U+043B
    { 0x043C, 94 }, // U+043C
    { 0x043D, 88 }, // U+043D
    { 0x043E, 95 }, // U+043E
    { 0x043F, 88 }, // U+043F
    { 0x0440, 96 }, // U+0440
    { 0x0441, 97 }, // U+0441
    { 0x0442, 98 }, // U+0442
    { 0x0443, 99 }, // U+0443
    { 0x0444, 100 }, // U+0444
    { 0x0445, 101 }, // U+0445
    { 0x0446, 88 }, // U+0446
    { 0x0447, 102 }, // U+0447
    { 0x0448, 88 }, // U+0448
    { 0x0449, 103 }, // U+0449
    { 0x044A, 104 }, // U+044A
    { 0x044B, 88 }, // U+044B
    { 0x044C, 88 }, // U+044C
    { 0x044D, 105 }, // U+044D
    { 0x044E, 106 }, // U+044E
    { 0x044F, 107 }, // U+044F
    { 0x0450, 90 }, // U+0450
    { 0x0451, 90 }, // U+0451
    { 0x0452, 108 }, // U+0452
    { 0x0453, 88 }, // U+0453
    { 0x0454, 109 }, // U+0454
    { 0x0455, 110 }, // U+0455
    { 0x0456, 111 }, // U+0456
    { 0x0457, 112 }, // U+0457
    { 0x0458, 113 }, // U+0458
    { 0x0459, 93 }, // U+0459
    { 0x045A, 88 }, // U+045A
    { 0x045B, 114 }, // U+045B
    { 0x045C, 88 }, // U+045C
    { 0x045D, 88 }, // U+045D
    { 0x045E, 99 }, // U+045E
    { 0x045F, 103 }, // U+045F
    { 0x0462, 68 }, // U+0462
    { 0x0463, 115 }, // U+0463
    { 0x0472, 79 }, // U+0472
    { 0x0473, 95 }, // U+0473
    { 0x0475, 99 }, // U+0475
    { 0x048B, 88 }, // U+048B
    { 0x048D, 116 }, // U+048D
    { 0x048F, 96 }, // U+048F
    { 0x0491, 88 }, // U+0491
    { 0x0493, 88 }, // U+0493
    { 0x0495, 88 }, // U+0495
    { 0x0496, 76 }, // U+0496
    { 0x0497, 91 }, // U+0497
    { 0x0498, 77 }, // U+0498
    { 0x0499, 92 }, // U+0499
    { 0x049B, 88 }, // U+049B
    { 0x049D, 88 }, // U+049D
    { 0x049F, 88 }, // U+049F
    { 0x04A1, 88 }, // U+04A1
    { 0x04A3, 88 }, // U+04A3
    { 0x04A5, 88 }, // U+04A5
    { 0x04A7, 88 }, // U+04A7
    { 0x04A8, 117 }, // U+04A8
    { 0x04A9, 118 }, // U+04A9
    { 0x04AA, 69 }, // U+04AA
    { 0x04AB, 97 }, // U+04AB
    { 0x04AC, 68 }, // U+04AC
    { 0x04AD, 98 }, // U+04AD
    { 0x04AE, 119 }, // U+04AE
    { 0x04AF, 120 }, // U+04AF
    { 0x04B0, 119 }, // U+04B0
    { 0x04B1, 120 }, // U+04B1
    { 0x04B2, 81 }, // U+04B2
    { 0x04B3, 101 }, // U+04B3
    { 0x04B4, 68 }, // U+04B4
    { 0x04B5, 98 }, // U+04B5
    { 0x04B6, 82 }, // U+04B6
    { 0x04B7, 102 }, // U+04B7
    { 0x04B8, 82 }, // U+04B8
    { 0x04B9, 102 }, // U+04B9
    { 0x04BB, 121 }, // U+04BB
    { 0x04BC, 122 }, // U+04BC
    { 0x04BD, 123 }, // U+04BD
    { 0x04BE, 122 }, // U+04BE
    { 0x04BF, 123 }, // U+04BF
    { 0x04C1, 76 }, // U+04C1
    { 0x04C2, 91 }, // U+04C2
    { 0x04C4, 88 }, // U+04C4
    { 0x04C5, 72 }, // U+04C5
    { 0x04C6, 93 }, // U+04C6
    { 0x04C8, 88 }, // U+04C8
    { 0x04CA, 88 }, // U+04CA
    { 0x04CB, 82 }, // U+04CB
    { 0x04CC, 102 }, // U+04CC
    { 0x04CE, 94 }, // U+04CE
    { 0x04D0, 74 }, // U+04D0
    { 0x04D1, 85 }, // U+04D1
    { 0x04D2, 74 }, // U+04D2
    { 0x04D3, 85 }, // U+04D3
    { 0x04D4, 124 }, // U+04D4
    { 0x04D5, 125 }, // U+04D5
    { 0x04D7, 90 }, // U+04D7
    { 0x04D8, 126 }, // U+04D8
    { 0x04D9, 127 }, // U+04D9
    { 0x04DA, 126 }, // U+04DA
    { 0x04DB, 127 }, // U+04DB
    { 0x04DC, 76 }, // U+04DC
    { 0x04DD, 91 }, // U+04DD
    { 0x04DE, 77 }, // U+04DE
    { 0x04DF, 92 }, // U+04DF
    { 0x04E0, 128 }, // U+04E0
    { 0x04E1, 129 }, // U+04E1
    { 0x04E3, 88 }, // U+04E3
    { 0x04E5, 88 }, // U+04E5
    { 0x04E6, 79 }, // U+04E6
    { 0x04E7, 95 }, // U+04E7
    { 0x04E8, 79 }, // U+04E8
    { 0x04E9, 95 }, // U+04E9
    { 0x04EA, 79 }, // U+04EA
    { 0x04EB, 95 }, // U+04EB
    { 0x04EC, 83 }, // U+04EC
    { 0x04ED, 92 }, // U+04ED
    { 0x04EE, 73 }, // U+04EE
    { 0x04EF, 99 }, // U+04EF
    { 0x04F0, 73 }, // U+04F0
    { 0x04F1, 99 }, // U+04F1
    { 0x04F2, 73 }, // U+04F2
    { 0x04F3, 99 }, // U+04F3
    { 0x04F4, 82 }, // U+04F4
    { 0x04F5, 102 }, // U+04F5
    { 0x04F7, 88 }, // U+04F7
    { 0x04F9, 88 }, // U+04F9
    { 0x1EA0, 130 }, // U+1EA0
    { 0x1EA1, 131 }, // U+1EA1
    { 0x1EA2, 130 }, // U+1EA2
    { 0x1EA3, 131 }, // U+1EA3
    { 0x1EA4, 130 }, // U+1EA4
    { 0x1EA5, 131 }, // U+1EA5
    { 0x1EA6, 130 }, // U+1EA6
    { 0x1EA7, 131 }, // U+1EA7
    { 0x1EA8, 130 }, // U+1EA8
    { 0x1EA9, 131 }, // U+1EA9
    { 0x1EAA, 130 }, // U+1EAA
    { 0x1EAB, 131 }, // U+1EAB
    { 0x1EAC, 130 }, // U+1EAC
    { 0x1EAD, 131 }, // U+1EAD
    { 0x1EAE, 130 }, // U+1EAE
    { 0x1EAF, 131 }, // U+1EAF
    { 0x1EB0, 130 }, // U+1EB0
    { 0x1EB1, 131 }, // U+1EB1
    { 0x1EB2, 130 }, // U+1EB2
    { 0x1EB3, 131 }, // U+1EB3
    { 0x1EB4, 130 }, // U+1EB4
    { 0x1EB5, 131 }, // U+1EB5
    { 0x1EB6, 130 }, // U+1EB6
    { 0x1EB7, 131 }, // U+1EB7
    { 0x1EB9, 132 }, // U+1EB9
    { 0x1EBB, 132 }, // U+1EBB
    { 0x1EBD, 132 }, // U+1EBD
    { 0x1EBF, 132 }, // U+1EBF
    { 0x1EC1, 132 }, // U+1EC1
    { 0x1EC3, 132 }, // U+1EC3
    { 0x1EC5, 132 }, // U+1EC5
    { 0x1EC7, 132 }, // U+1EC7
    { 0x1EC9, 133 }, // U+1EC9
    { 0x1ECB, 133 }, // U+1ECB
    { 0x1ECC, 134 }, // U+1ECC
    { 0x1ECD, 132 }, // U+1ECD
    { 0x1ECE, 134 }, // U+1ECE
    { 0x1ECF, 132 }, // U+1ECF
    { 0x1ED0, 134 }, // U+1ED0
    { 0x1ED1, 132 }, // U+1ED1
    { 0x1ED2, 134 }, // U+1ED2
    { 0x1ED3, 132 }, // U+1ED3
    { 0x1ED4, 134 }, // U+1ED4
    { 0x1ED5, 132 }, // U+1ED5
    { 0x1ED6, 134 }, // U+1ED6
    { 0x1ED7, 132 }, // U+1ED7
    { 0x1ED8, 134 }, // U+1ED8
    { 0x1ED9, 132 }, // U+1ED9
    { 0x1EDA, 134 }, // U+1EDA
    { 0x1EDB, 132 }, // U+1EDB
    { 0x1EDC, 134 }, // U+1EDC
    { 0x1EDD, 132 }, // U+1EDD
    { 0x1EDE, 134 }, // U+1EDE
    { 0x1EDF, 132 }, // U+1EDF
    { 0x1EE0, 134 }, // U+1EE0
    { 0x1EE1, 132 }, // U+1EE1
    { 0x1EE2, 134 }, // U+1EE2
    { 0x1EE3, 132 }, // U+1EE3
    { 0x1EE4, 135 }, // U+1EE4
    { 0x1EE5, 136 }, // U+1EE5
    { 0x1EE6, 135 }, // U+1EE6
    { 0x1EE7, 136 }, // U+1EE7
    { 0x1EE8, 135 }, // U+1EE8
    { 0x1EE9, 136 }, // U+1EE9
    { 0x1EEA, 135 }, // U+1EEA
    { 0x1EEB, 136 }, // U+1EEB
    { 0x1EEC, 135 }, // U+1EEC
    { 0x1EED, 136 }, // U+1EED
    { 0x1EEE, 135 }, // U+1EEE
    { 0x1EEF, 136 }, // U+1EEF
    { 0x1EF0, 135 }, // U+1EF0
    { 0x1EF1, 136 }, // U+1EF1
    { 0x1EF2, 26 }, // U+1EF2
    { 0x1EF3, 46 }, // U+1EF3
    { 0x1EF4, 137 }, // U+1EF4
    { 0x1EF5, 138 }, // U+1EF5
    { 0x1EF6, 137 }, // U+1EF6
    { 0x1EF7, 138 }, // U+1EF7
    { 0x1EF8, 137 }, // U+1EF8
    { 0x1EF9, 138 }, // U+1EF9
    { 0x2011, 139 }, // U+2011
    { 0x2012, 139 }, // U+2012
    { 0x2013, 8 }, // U+2013
    { 0x2014, 8 }, // U+2014
    { 0x2018, 140 }, // U+2018
    { 0x2019, 141 }, // U+2019
    { 0x201A, 142 }, // U+201A
    { 0x201C, 140 }, // U+201C
    { 0x201D, 141 }, // U+201D
    { 0x201E, 142 }, // U+201E
    { 0x2026, 7 }, // U+2026
    { 0x2039, 50 }, // U+2039
    { 0x203A, 51 }, // U+203A
    { 0x2047, 143 }, // U+2047
    { 0x2048, 143 }, // U+2048
    { 0xFB00, 35 }, // U+FB00
    { 0xFB01, 35 }, // U+FB01
    { 0xFB02, 35 }, // U+FB02
    { 0xFB03, 35 }, // U+FB03
    { 0xFB04, 35 }, // U+FB04
};

static const int8_t ubuntu_10_boldKernMatrix[] = {
       0,    0,    0,    0,    0,    0,    0,    0,    0,    0,    0,    0,  -17,    0,    0,    0,  -29,    0,    0,    0,    0,    0,    6,    6,    0,    0,    0,    0,    0,    0,    0,    0,    0,    0,    0,    0,    0,    0,    0,    0,    0,    0,    0,    0,    0,    0,    0,    0,    0,    0,    0,  -36,    0,    0,    0,    0,    0,    0,    0,    0,    0,    0,    0,    0,    0,    0,    0,    6,    0,    0,  -32,  -21,    0,  -19,  -19,    0,    0,    0,    0,   -5,    0,    4,    0,    0,   -5,    0,    0,    0,  -14,  -10,    0,    0,  -15,   -5,  -10,    0,  -11,    0,    0,  -16,    0,    0,    0,    0,    0,    0,   -6,    4,   -8,   -5,    0,    0,    0,    4,    0,    0,    0,  -10,    0,    0,    0,    0,    0,  -33,   -5,    0,   -4,    0,    0,    0,    0,    0,    0,    0,    0,    0,    0,    0,    0,    0,    0,    0,    0,
       0,    0,    0,    0,    0,    0,    0,    0,    0,    0,    0,    0,   10,    0,   -7,   -7,    7,    0,   -7,    0,  -27,    0,  -23,  -13,    3,  -33,    0,    0,    0,    0,   -7,    0,   -7,   -7,    0,    0,    0,    0,    0,    0,    0,    0,  -12,  -10,    3,  -12,    0,    0,    0,    0,    0,    0,    0,   -7,    0,    0,    0,    0,    0,    0,    0,    0,    0,    0,    0,    0,    0,    0,    0,    0,    0,    0,    0,    0,    0,    0,    0,    0,    0,    0,    0,    0,    0,    0,    0,    0,    0,    0,    0,    0,    0,    0,    0,    0,    0,    0,    0,    0,    0,    0,    0,    0,    0,    0,    0,    0,    0,    0,    0,    0,    0,    0,    0,    0,    0,    0,    0,    0,    0,    0,    0,    0,    0,    0,    0,    0,    0,    0,    0,    0,    0,    0,    0,    0,    0,    0,    0,    0,    0,    0,    0,    0,    0,
       0,    0,    0,  -10,   27,   -7,    0,   -3,    0,    0,    0,  -10,    0,    0,   -7,   -7,    0,    0,   -7,    0,    8,    0,   10,    9,    9,   11,    3,    0,    0,    0,   -8,    0,  -10,  -10,   -4,    0,    4,   28,   -7,   -6,    0,   -8,   -3,   -3,    0,   10,    0,    0,    0,    0,    0,    0,   -5,   -8,    4,    4,    4,  -10,    4,    4,    4,    0,    0,    0,    0,    0,    0,    8,   -7,   -4,    0,    0,    6,    0,    7,    7,    0,    0,   -7,  -10,    9,    0,    0,    0,   -8,   -4,   -5,   -5,    7,   -8,    0,    0,    0,   -3,  -10,    0,   -8,    0,   10,  -12,    0,   -7,   -5,    0,    0,   -5,    0,    6,   -6,   -6,    4,    4,   28,    6,    0,    0,  -11,  -10,    8,    0,    0,    0,   -5,    4,   -6,   -4,   -6,    0,    4,    0,    0,    0,    0,    0,    0,    0,    0,    0,    0,    0,    0,    0,    0,
       0,    0,    0,   -8,    0,   -6,    0,    7,    0,    0,    0,   -4,   -7,    0,    0,    0,   -4,    0,    0,    0,   -6,    0,  -11,   -4,   -7,  -13,   -4,    0,    0,    0,    0,    0,    0,    0,    0,    0,    0,    0,    0,    0,    0,    0,    0,    0,   -5,    0,    0,    0,    0,    0,    0,   -7,    0,    0,    0,    0,    0,    0,    0,    0,    0,   -7,    0,    0,    0,    0,    0,   -6,    0,   -5,   -4,    0,   -7,   -7,    0,   -5,   -5,    0,    0,    0,   -7,    0,   -7,   -7,    0,    0,    0,    0,    0,    0,    0,    0,    0,    0,    0,    0,    0,    0,    0,    0,   -5,    0,    0,    0,    0,    0,    0,   -6,    0,    0,    0,    0,    0,    0,    0,    0,    0,    0,  -11,    0,    0,    0,    0,    0,    0,    0,    0,   -6,   -6,    0,    0,    0,    0,    0,    0,    0,    0,    0,    0,    0,    0,    0,    0,
       0,    0,    0,    0,    0,    0,    0,    0,    0,    0,    0,   -6,  -27,    0,    0,    0,  -35,   -3,    0,    0,    0,    0,    0,    0,   -7,   -3,    0,    0,    0,    0,   -6,    0,  -10,  -10,    0,    0,    0,   -3,    0,   -3,    0,    0,    5,    5,    4,    5,    0,    0,    0,    0,    0,  -46,    0,   -6,    0,    0,    0,  -16,    0,    0,    0,   -4,    0,    0,    0,    0,    0,    0,    0,    0,  -35,  -25,   -4,  -27,  -24,   -6,   -5,   -3,    0,    0,   -7,    0,   -5,    0,   -6,    0,    0,    0,  -15,   -5,    0,    0,  -15,   -5,  -10,    0,   -5,    0,    0,   -6,    4,    0,    0,    0,    0,    0,   -4,    0,   -3,   -3,    0,    0,   -3,    0,    0,    0,    0,   -5,    0,    0,    0,    0,    0,  -24,   -4,   -4,    0,   -4,    0,    0,    0,    0,    0,    0,    0,    0,    0,    0,    0,    0,    0,    0,    0,
       0,    0,    0,    0,    0,    0,    0,    0,    0,    0,    0,    0,   10,    0,  -13,  -13,   13,    0,  -13,    4,  -27,  -10,  -27,  -14,    8,  -32,    7,    0,    0,    0,  -10,    0,  -10,  -10,    0,    0,    0,    0,    0,    0,    0,    0,  -19,  -18,    7,  -19,    6,    0,    0,    0,    0,    8,    0,  -10,    0,    0,    0,   -7,    0,    0,    0,    0,    0,    0,    0,    0,    0,  -27,   -5,    4,   13,    8,    0,   10,    9,    4,    5,    0,  -13,  -13,    8,  -25,    0,    0,    0,    0,    0,    0,    9,    0,    0,    5,    9,    0,  -10,    0,    0,  -12,  -10,    0,    7,  -15,    0,   -6,    5,    0,    0,    0,    0,    0,    0,    0,    0,    0,   -5,    0,   -6,    0,  -21,  -11,    0,  -28,  -16,   10,    0,   -3,    0,    4,  -14,    0,    0,    0,    0,    0,    0,    0,    0,    0,    0,    0,    0,    0,    0,
       0,    0,    0,    0,    0,    0,    0,    0,    0,    0,    0,    0,    0,    0,    7,    7,   -5,    0,    7,    0,  -18,    0,  -10,    0,  -11,  -22,   -3,    0,    0,    0,    5,    0,    4,    4,    7,    0,    0,    0,    0,    0,    0,    0,    0,    3,   -7,    0,    0,    0,    0,    0,    0,  -15,    0,    5,    0,    0,    0,    4,    0,    0,    0,    6,    0,    0,    0,    0,    0,  -18,    7,   -3,   -5,    0,   -8,    0,    0,  -10,    0,    0,    7,    6,  -11,    0,   -5,    0,    5,    8,    4,    4,    0,    8,   -8,    0,    0,    0,    4,    4,    8,    0,    0,    8,   -7,    7,    4,    0,    0,    4,    4,    0,   10,    0,    4,    4,    4,    0,    0,    5,    7,    8,  -15,    0,    4,    0,    9,    0,    0,    7,    8,   -5,    0,    0,    0,    0,    0,    0,    0,    0,    0,    0,    0,    0,    0,    0,    0,
       0,    0,    0,    0,    0,    0,    0,    0,    0,    0,    0,  -12,  -22,    0,   -8,   -8,  -24,    0,   -8,    0,   14,    0,   16,   14,   11,   17,    6,    0,    0,    0,  -13,    6,  -19,  -19,    0,    6,    5,    5,  -11,  -10,    0,   -6,    0,    0,    0,    0,   -3,    0,    0,    0,    0,  -40,    0,  -13,    5,    5,    5,  -16,    5,    5,    5,    0,    0,    0,    0,    0,    0,   14,   -6,    0,  -24,  -18,    7,  -22,  -17,    9,    0,    0,   -8,   -6,   11,    4,    0,   -6,  -13,   -4,   -5,   -5,  -15,  -11,    0,    0,  -15,   -9,  -19,   -5,  -11,    0,    0,  -12,    0,    0,   -5,    0,    0,   -4,   -9,    8,   -9,  -10,    5,    5,    5,    8,    0,    0,   -6,  -11,   10,    0,    0,    0,    0,  -18,   -7,    0,   -6,    0,   -3,    0,    0,    0,    0,    0,    0,    0,    0,    0,    0,    0,    0,    0,    0,
       0,    0,    0,    0,    0,    0,    0,    0,    0,    0,    0,    0,    6,    0,    0,    0,    8,    0,    0,    0,  -21,    0,   -4,    0,    5,  -13,    4,    0,    0,    0,    0,    0,    0,    0,    0,    0,    0,    0,    0,    0,    0,    0,    5,    5,    4,    5,    3,    0,    0,    0,    0,    5,    0,    0,    0,    0,    0,    0,    0,    0,    0,    0,    0,    0,    0,    0,    0,  -21,    0,    0,    8,    0,    0,    6,    0,    0,    0,    0,    0,    0,    5,    0,    0,    0,    0,    0,    0,    0,    0,    0,    0,    0,    5,    0,    0,    0,    0,    0,    0,    0,    4,    0,    0,    0,    0,    0,    0,    0,    0,    0,    0,    0,    0,    0,    5,    5,    0,    0,   -7,    0,    0,    5,    5,    7,    0,    0,    0,    0,    0,    0,    0,    0,    0,    0,    0,    0,    0,    0,    0,    0,    0,    0,    0,
       0,    0,    0,    0,    0,    0,    0,    0,    0,    0,    0,    0,   -7,    0,    0,    0,   -6,    0,    0,    0,  -12,    0,  -10,   -4,   -8,  -14,   -4,    0,    0,    0,    0,    0,    0,    0,    0,    0,    0,    0,    0,    0,    0,    0,    0,    0,   -3,    0,    0,    0,    0,    0,    0,  -18,    0,    0,    0,    0,    0,    0,    0,    0,    0,   -5,    0,    0,    0,    0,    0,  -12,    0,   -4,   -6,    0,   -8,   -7,    0,  -11,   -6,    0,    0,    0,   -8,    0,   -9,   -6,    0,    0,    0,    0,    0,    0,    0,    0,    0,    0,    0,    0,    0,    0,    0,    0,   -3,    0,    0,    0,    0,    0,    0,   -5,    0,    0,    0,    0,    0,    0,    0,    0,    0,    0,  -12,    0,    0,    0,    0,   -6,    0,    0,    0,   -6,    0,    0,    0,    0,    0,    0,    0,    0,    0,    0,    0,    0,    0,    0,    0,
       0,  -17,    0,   -6,    0,  -27,   10,    0,    8,    6,  -11,    0,   12,    0,   -8,   -8,   11,    0,   -8,    6,  -27,   -7,  -22,  -13,   12,  -33,    8,    0,  -27,   -9,   -4,    0,   -4,   -4,    0,    0,    0,    0,    0,    3,    0,    0,  -12,   -9,    8,  -12,    5,   -3,    0,   -5,    4,    7,    0,   -4,    0,    0,    0,   -5,    0,    0,    0,    0,    0,    0,    0,  -15,    0,    0,    0,    0,    0,    0,    0,    0,    0,    0,    0,    0,    0,    0,    0,    0,    0,    0,    0,    0,    0,    0,    0,    0,    0,    0,    0,    0,    0,    0,    0,    0,    0,    0,    0,    0,    0,    0,    0,    0,    0,    0,    0,    0,    0,    0,    0,    0,    0,    0,    0,    0,    0,    0,    0,    0,    0,    0,    0,    0,    0,    0,    0,    0,    0,    0,    0,    0,    0,    0,    0,    0,    0,  -25,  -22,   14,    0,
       0,    0,    0,    0,   -4,   -4,    0,    4,  -10,    4,   -7,    0,   -3,    0,    0,    0,    0,    0,    0,    0,   -6,    0,  -10,   -3,   -7,  -11,    0,    0,   -7,   -8,    0,    0,    0,    0,    0,    0,    0,    0,    0,    0,    0,    0,   -3,    0,   -3,   -3,   -3,    0,   -3,    3,    4,   -9,    0,    0,    0,    0,    0,    0,    0,    0,    0,    0,    0,    0,    0,   -5,    0,    0,    0,    0,    0,    0,    0,    0,    0,    0,    0,    0,    0,    0,    0,    0,    0,    0,    0,    0,    0,    0,    0,    0,    0,    0,    0,    0,    0,    0,    0,    0,    0,    0,    0,    0,    0,    0,    0,    0,    0,    0,    0,    0,    0,    0,    0,    0,    0,    0,    0,    0,    0,    0,    0,    0,    0,    0,    0,    0,    0,    0,    0,    0,    0,    0,    0,    0,    0,    0,    0,    0,    0,    0,    0,    4,    0,
       0,    0,    3,   -4,    5,   -3,    8,   -4,    4,    6,    5,    0,    9,    0,   -8,   -8,   10,    0,   -8,    6,    7,    0,    7,    6,    9,    8,    6,    0,    7,    9,    3,    0,   -4,   -4,    0,    0,    0,    0,    0,    2,    0,   -4,    0,    0,    8,    0,    5,    0,    0,   -8,    5,    9,    0,    3,    0,    0,    0,   -3,    0,    0,    0,    0,    0,    0,    0,    0,    0,    0,    0,    0,    0,    0,    0,    0,    0,    0,    0,    0,    0,    0,    0,    0,    0,    0,    0,    0,    0,    0,    0,    0,    0,    0,    0,    0,    0,    0,    0,    0,    0,    0,    0,    0,    0,    0,    0,    0,    0,    0,    0,    0,    0,    0,    0,    0,    0,    0,    0,    0,    0,    0,    0,    0,    0,    0,    0,    0,    0,    0,    0,    0,    0,    0,    0,    0,    0,    0,    0,    0,    0,    7,   12,   13,    0,
       0,    0,    0,    0,   -7,    0,  -13,    7,  -17,    0,   -6,    0,   -8,    0,    0,    0,   -8,    0,    0,    0,   -8,    0,   -8,   -3,  -13,  -15,   -3,    0,    0,   -7,    0,    0,    0,    0,    0,    0,    0,    0,    0,    0,    0,    0,    0,    0,    0,    0,    0,    0,   -5,    3,    0,  -20,    0,    0,    0,    0,    0,    0,    0,    0,    0,    0,    0,    0,   -5,   -7,    0,    0,    0,    0,    0,    0,    0,    0,    0,    0,    0,    0,    0,    0,    0,    0,    0,    0,    0,    0,    0,    0,    0,    0,    0,    0,    0,    0,    0,    0,    0,    0,    0,    0,    0,    0,    0,    0,    0,    0,    0,    0,    0,    0,    0,    0,    0,    0,    0,    0,    0,    0,    0,    0,    0,    0,    0,    0,    0,    0,    0,    0,    0,    0,    0,    0,    0,    0,    0,    0,    0,    0,    0,    0,    3,   -4,    0,
       0,    0,    0,    0,    0,    0,    0,    0,    0,    0,    0,    0,    0,    0,    0,    0,    8,    0,   -6,    0,    0,    0,    4,    0,    7,    3,    4,    0,    0,    0,   -4,    0,   -4,   -4,    0,    0,    0,    0,    0,    0,    0,    0,    0,    0,    7,    0,    0,    0,    0,    0,    4,    6,    0,   -4,    0,    0,    0,   -3,    0,    0,    0,    3,    0,    0,    0,    0,    0,    0,    0,    0,    0,    0,    0,    0,    0,    0,    0,    0,    0,    0,    0,    0,    0,    0,    0,    0,    0,    0,    0,    0,    0,    0,    0,    0,    0,    0,    0,    0,    0,    0,    0,    0,    0,    0,    0,    0,    0,    0,    0,    0,    0,    0,    0,    0,    0,    0,    0,    0,    0,    0,    0,    0,    0,    0,    0,    0,    0,    0,    0,    0,    0,    0,    0,    0,    0,    0,    0,    0,    0,    4,    6,   13,    0,
       0,    0,   -7,   -5,    7,    0,  -21,    5,  -26,    0,    7,   -3,  -16,    0,   -3,   -3,  -25,   -3,   -3,    0,    7,    0,    9,    7,    4,    9,    0,    0,   10,    9,   -8,    0,   -3,   -3,    0,    0,    0,    0,   -7,   -4,    0,   -7,    0,    0,   -3,    0,   -7,    0,    0,    0,   -4,  -39,    0,   -8,    0,    0,    0,   -3,    0,    0,    0,    0,    0,    0,    0,    0,    0,    0,    0,    0,    0,    0,    0,    0,    0,    0,    0,    0,    0,    0,    0,    0,    0,    0,    0,    0,    0,    0,    0,    0,    0,    0,    0,    0,    0,    0,    0,    0,    0,    0,    0,    0,    0,    0,    0,    0,    0,    0,    0,    0,    0,    0,    0,    0,    0,    0,    0,    0,    0,    0,    0,    0,    0,    0,    0,    0,    0,    0,    0,    0,    0,    0,    0,    0,    0,    0,    0,    0,    0,   13,   12,  -21,    0,
       0,    0,    0,    0,    0,   -9,    7,    6,    0,    3,    0,    0,    0,    0,    0,    0,    0,    0,    0,    0,   -3,    0,   -7,   -7,    0,   -7,    0,    0,    0,    0,    0,    0,    0,    0,    0,    0,    0,    0,    0,    0,    0,    0,   -4,    0,    0,   -4,    0,    0,    0,    0,    0,    0,    0,    0,    0,    0,    0,    0,    0,    0,    0,    0,    0,    0,    0,    0,    0,    0,    0,    0,    0,    0,    0,    0,    0,    0,    0,    0,    0,    0,    0,    0,    0,    0,    0,    0,    0,    0,    0,    0,    0,    0,    0,    0,    0,    0,    0,    0,    0,    0,    0,    0,    0,    0,    0,    0,    0,    0,    0,    0,    0,    0,    0,    0,    0,    0,    0,    0,    0,    0,    0,    0,    0,    0,    0,    0,    0,    0,    0,    0,    0,    0,    0,    0,    0,    0,    0,    0,    0,   -3,    0,    8,    0,
       0,    0,    0,    0,    0,    0,    0,    0,   -3,    0,    0,    0,    0,    0,    0,    0,    0,    0,    0,    0,    0,    0,    0,    0,    0,    0,    0,    0,    0,    0,    0,    0,    0,    0,    0,    0,    0,    0,    0,    0,    0,    0,    0,    0,    0,    0,    0,    0,    0,    0,    0,    0,    0,    0,    0,    0,    0,    0,    0,    0,    0,    0,    0,    0,    0,    0,    0,    0,    0,    0,    0,    0,    0,    0,    0,    0,    0,    0,    0,    0,    0,    0,    0,    0,    0,    0,    0,    0,    0,    0,    0,    0,    0,    0,    0,    0,    0,    0,    0,    0,    0,    0,    0,    0,    0,    0,    0,    0,    0,    0,    0,    0,    0,    0,    0,    0,    0,    0,    0,    0,    0,    0,    0,    0,    0,    0,    0,    0,    0,    0,    0,    0,    0,    0,    0,    0,    0,    0,    0,    0,    0,    0,    0,
       0,    0,    0,    0,    0,    0,    0,    0,  -10,    0,    0,    0,   -6,    0,    0,    0,   -4,    0,    0,    0,    0,    0,    0,    0,    0,    0,    0,    0,    3,    0,    0,    0,    0,    0,    0,    0,    0,    0,    0,    0,    0,    0,    0,    0,    0,    0,    0,    0,    0,    0,    3,  -13,    0,    0,    0,    0,    0,    0,    0,    0,    0,    0,    0,    0,    0,    0,    0,    0,    0,    0,    0,    0,    0,    0,    0,    0,    0,    0,    0,    0,    0,    0,    0,    0,    0,    0,    0,    0,    0,    0,    0,    0,    0,    0,    0,    0,    0,    0,    0,    0,    0,    0,    0,    0,    0,    0,    0,    0,    0,    0,    0,    0,    0,    0,    0,    0,    0,    0,    0,    0,    0,    0,    0,    0,    0,    0,    0,    0,    0,    0,    0,    0,    0,    0,    0,    0,    0,    0,    0,    5,    5,    0,    0,
       0,    0,   -7,   -6,    8,  -13,   10,  -17,    8,    3,    0,   -5,    8,    0,  -18,  -18,    7,    0,  -18,    0,    8,    0,    6,    4,   12,    6,    8,    0,    7,    9,   -3,    0,  -13,  -13,    0,    0,    0,    0,    0,    3,   -3,  -11,  -15,  -15,   11,  -15,    7,   -4,    0,  -17,    0,    9,    0,   -3,    0,    0,   14,  -11,   12,   10,    3,    0,    0,   -6,    0,    0,    0,    0,    0,    0,    0,    0,    0,    0,    0,    0,    0,    0,    0,    0,    0,    0,    0,    0,    0,    0,    0,    0,    0,    0,    0,    0,    0,    0,    0,    0,    0,    0,    0,    0,    0,    0,    0,    0,    0,    0,    0,    0,    0,    0,    0,    0,    0,    0,    0,    0,    0,    0,    0,    0,    0,    0,    0,    0,    0,    0,    0,    0,    0,    0,    0,    0,    0,    0,    0,    0,    0,    0,    0,    0,    0,   10,    0,
       3,  -32,    3,    0,    0,  -34,   13,   -7,    6,    8,  -12,    0,   10,    0,   -7,   -7,   10,    3,   -7,    6,  -26,   -3,  -28,  -17,   10,  -33,    6,    0,  -27,  -11,    4,    0,    0,    0,    0,    0,    0,    0,    0,    3,    0,    0,  -16,  -10,   10,  -16,    5,   -5,   -4,   -6,    7,   10,    0,    4,    0,    0,    0,    0,    0,    0,    0,    0,    0,    0,    0,  -17,    0,    0,    0,    0,    0,    0,    0,    0,    0,    0,    0,    0,    0,    0,    0,    0,    0,    0,    0,    0,    0,    0,    0,    0,    0,    0,    0,    0,    0,    0,    0,    0,    0,    0,    0,    0,    0,    0,    0,    0,    0,    0,    0,    0,    0,    0,    0,    0,    0,    0,    0,    0,    0,    0,    0,    0,    0,    0,    0,    0,    0,    0,    0,    0,    0,    0,    0,    0,    0,    0,    0,    0,    0,  -21,  -18,   16,    0,
       0,    0,    0,    0,    0,   -3,    0,    0,   -3,    0,   -5,    0,    0,    0,    0,    0,    0,    0,    0,    0,   -3,    0,   -3,    0,    0,   -5,    0,    0,   -7,    0,    0,    0,    0,    0,    0,    0,    0,    0,    0,    0,    0,    0,    0,    0,    0,    0,    0,    0,    0,    0,    0,    0,    0,    0,    0,    0,    0,    0,    0,    0,    0,    0,    0,    0,    0,    0,    0,    0,    0,    0,    0,    0,    0,    0,    0,    0,    0,    0,    0,    0,    0,    0,    0,    0,    0,    0,    0,    0,    0,    0,    0,    0,    0,    0,    0,    0,    0,    0,    0,    0,    0,    0,    0,    0,    0,    0,    0,    0,    0,    0,    0,    0,    0,    0,    0,    0,    0,    0,    0,    0,    0,    0,    0,    0,    0,    0,    0,    0,    0,    0,    0,    0,    0,    0,    0,    0,    0,    0,    0,   -7,   -5,    0,    0,
       0,    0,    0,    0,   -7,    0,  -13,    7,  -17,    0,   -6,    0,   -8,    0,    0,    0,   -8,    0,    0,    0,   -8,    0,   -8,   -3,  -13,  -15,   -3,    0,    0,   -7,    0,    0,    0,    0,    0,    0,    0,    0,    0,    0,    0,    0,    0,    0,    0,    0,    0,    0,   -4,    3,    0,  -20,    0,    0,    0,    0,    0,    0,    0,    0,    0,    0,    0,    0,   -4,   -7,    0,    0,    0,    0,    0,    0,    0,    0,    0,    0,    0,    0,    0,    0,    0,    0,    0,    0,    0,    0,    0,    0,    0,    0,    0,    0,    0,    0,    0,    0,    0,    0,    0,    0,    0,    0,    0,    0,    0,    0,    0,    0,    0,    0,    0,    0,    0,    0,    0,    0,    0,    0,    0,    0,    0,    0,    0,    0,    0,    0,    0,    0,    0,    0,    0,    0,    0,    0,    0,    0,    0,    0,    0,    0,    3,   -4,    0,
       0,    0,   -7,    0,   -3,    0,  -35,    0,  -26,    4,    0,    0,  -23,    0,    0,    0,  -30,    0,    0,    0,    4,    0,    0,    0,   -7,   -3,    0,   -5,    0,   -4,   -7,    0,   -5,   -5,    0,    0,    0,    0,    0,    0,    0,    0,    7,    7,    4,    7,    0,    0,   -3,   -3,    4,  -42,    0,   -7,    0,    0,    0,   -8,    0,    0,    0,    0,    0,    0,    0,    0,    0,    0,    0,    0,    0,    0,    0,    0,    0,    0,    0,    0,    0,    0,    0,    0,    0,    0,    0,    0,    0,    0,    0,    0,    0,    0,    0,    0,    0,    0,    0,    0,    0,    0,    0,    0,    0,    0,    0,    0,    0,    0,    0,    0,    0,    0,    0,    0,    0,    0,    0,    0,    0,    0,    0,    0,    0,    0,    0,    0,    0,    0,    0,    0,    0,    0,    0,    0,    0,    0,    0,    0,    0,   10,   10,  -31,    0,
       0,    0,    0,    0,   -7,    0,  -13,    7,  -17,    0,   -6,    0,   -8,    0,    0,    0,   -8,    0,    0,    0,   -8,    0,   -8,   -3,  -13,  -15,   -3,    0,    0,   -7,    0,    0,    0,    0,    0,    0,    0,    5,    0,    0,    0,    0,    0,    0,    0,    0,    0,    0,    0,    3,    0,  -20,    0,    0,    0,    0,    0,    0,    0,    0,    0,    0,    0,    0,   -4,    0,    0,    0,    0,    0,    0,    0,    0,    0,    0,    0,    0,    0,    0,    0,    0,    0,    0,    0,    0,    0,    0,    0,    0,    0,    0,    0,    0,    0,    0,    0,    0,    0,    0,    0,    0,    0,    0,    0,    0,    0,    0,    0,    0,    0,    0,    0,    0,    0,    0,    0,    0,    0,    0,    0,    0,    0,    0,    0,    0,    0,    0,    0,    0,    0,    0,    0,    0,    0,    0,    0,    0,    0,    0,    0,    3,   -4,    0,
       0,    0,    0,    0,    0,   -3,    8,   -7,    6,    4,   -5,   -3,   10,    0,   -6,   -6,    9,    0,   -6,    0,   -3,   -3,   -5,    0,    7,  -11,    6,    0,   -3,   -8,   -8,    0,   -8,   -8,    0,    0,    0,    0,    0,    0,   -3,   -3,    0,    0,    6,    0,    3,    0,    0,   -7,    0,    7,    0,   -8,    0,    0,    0,   -9,    0,    0,    0,    0,    0,    0,    0,    0,    0,    0,    0,    0,    0,    0,    0,    0,    0,    0,    0,    0,    0,    0,    0,    0,    0,    0,    0,    0,    0,    0,    0,    0,    0,    0,    0,    0,    0,    0,    0,    0,    0,    0,    0,    0,    0,    0,    0,    0,    0,    0,    0,    0,    0,    0,    0,    0,    0,    0,    0,    0,    0,    0,    0,    0,    0,    0,    0,    0,    0,    0,    0,    0,    0,    0,    0,    0,    0,    0,    0,    0,    0,    4,    4,   11,    0,
       0,    0,    0,    0,   -3,  -12,    3,    9,   -5,    0,   -3,    0,    0,    0,    0,    0,    0,    0,    0,    0,   -7,    0,   -3,   -3,    0,   -3,    0,    0,    0,    0,    4,    0,    0,    0,    0,    0,    0,    0,    0,    0,    0,    0,   -5,   -4,   -4,   -5,    0,    0,    0,    5,    0,   -7,    0,    4,    0,    0,    0,    0,    0,    0,    0,    0,    0,    0,    0,    0,    0,    0,    0,    0,    0,    0,    0,    0,    0,    0,    0,    0,    0,    0,    0,    0,    0,    0,    0,    0,    0,    0,    0,    0,    0,    0,    0,    0,    0,    0,    0,    0,    0,    0,    0,    0,    0,    0,    0,    0,    0,    0,    0,    0,    0,    0,    0,    0,    0,    0,    0,    0,    0,    0,    0,    0,    0,    0,    0,    0,    0,    0,    0,    0,    0,    0,    0,    0,    0,    0,    0,    0,    0,   -7,    0,    6,    0,
       0,    0,   -7,   -6,    8,    0,  -27,  -18,  -33,  -20,    9,  -12,  -27,    0,   -8,   -8,  -28,   -3,   -8,    0,    9,    0,   10,    9,    9,   11,    3,    0,   13,   10,  -25,    0,  -25,  -25,    0,    0,    0,    0,  -23,  -24,    0,  -23,  -25,  -25,  -25,  -25,  -24,   -6,    0,  -25,  -22,  -38,    0,  -25,   -3,    9,   15,  -31,   15,   11,   10,    0,  -18,  -20,    0,    0,    0,    0,    0,    0,    0,    0,    0,    0,    0,    0,    0,    0,    0,    0,    0,    0,    0,    0,    0,    0,    0,    0,    0,    0,    0,    0,    0,    0,    0,    0,    0,    0,    0,    0,    0,    0,    0,    0,    0,    0,    0,    0,    0,    0,    0,    0,    0,    0,    0,    0,    0,    0,    0,    0,    0,    0,    0,    0,    0,    0,    0,    0,    0,    0,    0,    0,    0,    0,    0,    0,    0,    0,    0,    9,    7,  -18,    0,
       0,    0,    0,    0,    0,    0,  -10,    0,  -18,    3,    0,    0,   -7,    0,    0,    0,   -6,    0,    0,    0,    0,    0,    0,    0,    0,    0,    0,    0,    3,    0,    0,    0,    0,    0,    0,    0,    0,    0,    0,    0,    0,    0,    0,    0,    0,    0,    0,    0,    0,    0,    0,  -18,    0,    0,    0,    0,    0,    0,    0,    0,    0,    0,    0,    0,    0,    0,    0,    0,    0,    0,    0,    0,    0,    0,    0,    0,    0,    0,    0,    0,    0,    0,    0,    0,    0,    0,    0,    0,    0,    0,    0,    0,    0,    0,    0,    0,    0,    0,    0,    0,    0,    0,    0,    0,    0,    0,    0,    0,    0,    0,    0,    0,    0,    0,    0,    0,    0,    0,    0,    0,    0,    0,    0,    0,    0,    0,    0,    0,    0,    0,    0,    0,    0,    0,    0,    0,    0,    0,    0,    2,    8,    0,    0,
       0,    6,  -10,  -10,   11,    0,  -27,  -10,  -31,   -4,    9,  -10,  -22,    0,   -8,   -8,  -29,   -3,   -8,    0,   11,    0,   12,   11,   11,   13,    5,    0,   13,   12,  -14,    0,  -18,  -18,    0,    0,    0,    0,   -8,  -13,    0,   -7,    0,    0,    0,    0,   -4,   -6,    0,  -13,    0,  -49,    0,  -14,    7,    0,   17,  -20,   15,   12,   11,    0,   -6,   -7,    0,    0,    0,    0,    0,    0,    0,    0,    0,    0,    0,    0,    0,    0,    0,    0,    0,    0,    0,    0,    0,    0,    0,    0,    0,    0,    0,    0,    0,    0,    0,    0,    0,    0,    0,    0,    0,    0,    0,    0,    0,    0,    0,    0,    0,    0,    0,    0,    0,    0,    0,    0,    0,    0,    0,    0,    0,    0,    0,    0,    0,    0,    0,    0,    0,    0,    0,    0,    0,    0,    0,    0,    0,    0,    0,    9,   12,  -21,    0,
       0,    6,   -7,   -4,    9,    0,  -15,    0,  -21,    0,    8,   -4,  -13,    0,   -3,   -3,  -16,    0,   -3,    0,    9,    0,   11,    9,    9,   12,    4,    0,   13,   11,   -9,    0,  -11,  -11,    0,    0,    0,    0,   -5,   -5,    0,   -5,    4,    4,    3,    4,    0,   -3,    0,   -5,    0,  -18,    0,   -9,    0,    0,   15,  -12,   14,    0,    0,    0,    0,    0,    0,    0,    0,    0,    0,    0,    0,    0,    0,    0,    0,    0,    0,    0,    0,    0,    0,    0,    0,    0,    0,    0,    0,    0,    0,    0,    0,    0,    0,    0,    0,    0,    0,    0,    0,    0,    0,    0,    0,    0,    0,    0,    0,    0,    0,    0,    0,    0,    0,    0,    0,    0,    0,    0,    0,    0,    0,    0,    0,    0,    0,    0,    0,    0,    0,    0,    0,    0,    0,    0,    0,    0,    0,    0,    0,    9,   13,   -8,    0,
       0,    0,   -7,   -6,    9,   -9,    8,  -11,    8,    6,    7,   -5,   12,    0,  -13,  -13,    8,    0,  -13,    6,    9,    0,   10,    9,   12,   11,    8,    0,   10,   10,  -10,    0,  -10,  -10,    0,    0,    0,    0,    0,    3,    0,   -8,   -8,   -8,    8,   -8,    5,   -4,    0,  -12,    0,   12,    0,  -10,    0,    0,   13,   -7,   13,    7,    3,    0,    0,   -5,    0,    0,    0,    0,    0,    0,    0,    0,    0,    0,    0,    0,    0,    0,    0,    0,    0,    0,    0,    0,    0,    0,    0,    0,    0,    0,    0,    0,    0,    0,    0,    0,    0,    0,    0,    0,    0,    0,    0,    0,    0,    0,    0,    0,    0,    0,    0,    0,    0,    0,    0,    0,    0,    0,    0,    0,    0,    0,    0,    0,    0,    0,    0,    0,    0,    0,    0,    0,    0,    0,    0,    0,    0,    0,    0,    3,    5,   11,    0,
       4,    0,  -17,  -13,   11,   -3,  -32,  -22,  -33,  -13,   10,  -20,  -33,    0,  -15,  -15,  -28,   -5,  -15,   -3,   11,    0,   13,   11,   11,   14,    6,    0,   13,   13,  -24,    0,  -29,  -29,    0,    0,    0,    0,  -12,  -23,    0,  -11,   -3,    0,   -7,   -3,  -12,   -5,    0,  -26,   -9,  -48,    0,  -42,    0,    0,   18,  -30,   15,   13,    6,    0,  -10,  -11,    0,    0,    0,    0,    0,    0,    0,    0,    0,    0,    0,    0,    0,    0,    0,    0,    0,    0,    0,    0,    0,    0,    0,    0,    0,    0,    0,    0,    0,    0,    0,    0,    0,    0,    0,    0,    0,    0,    0,    0,    0,    0,    0,    0,    0,    0,    0,    0,    0,    0,    0,    0,    0,    0,    0,    0,    0,    0,    0,    0,    0,    0,    0,    0,    0,    0,    0,    0,    0,    0,    0,    0,    0,    0,    0,    8,   10,  -22,    0,
       0,    0,   -3,    0,    5,    0,    9,   -7,    0,    5,    5,   -3,    9,    0,   -4,   -4,    9,    0,   -4,    4,    5,    0,    7,    5,    9,    8,    4,    0,    7,    7,    4,    0,   -3,   -3,    0,    0,    0,    0,    0,    0,    0,    0,    0,    0,    8,    0,    4,    0,    0,  -10,    5,    9,    0,    4,    0,    3,   12,    0,   11,    3,    0,    0,    0,    0,    0,    0,    0,    0,    0,    0,    0,    0,    0,    0,    0,    0,    0,    0,    0,    0,    0,    0,    0,    0,    0,    0,    0,    0,    0,    0,    0,    0,    0,    0,    0,    0,    0,    0,    0,    0,    0,    0,    0,    0,    0,    0,    0,    0,    0,    0,    0,    0,    0,    0,    0,    0,    0,    0,    0,    0,    0,    0,    0,    0,    0,    0,    0,    0,    0,    0,    0,    0,    0,    0,    0,    0,    0,    0,    0,    7,   10,   14,    0,
       0,    0,    0,    0,    0,    0,    0,    0,    0,    0,    0,    0,   -9,    0,   -7,   -7,   -9,    0,   -7,    0,   10,    0,   12,   10,   10,   13,    5,    0,    0,   30,  -12,    0,  -12,  -12,    0,    0,    3,   31,  -11,  -11,    0,  -12,  -10,  -10,  -10,   10,  -10,    0,    0,    0,    0,   -9,    0,  -12,    3,    3,    3,  -13,    3,    3,    3,    0,    0,    0,    0,    0,    0,   10,  -10,   -5,   -9,   -9,    6,   -9,    6,    8,    0,    0,   -7,  -13,   10,    0,    0,  -11,  -12,   -7,   -9,   -7,    6,  -11,   -7,   -8,   -7,   -9,  -12,    0,  -11,   -8,   10,  -13,  -10,  -12,   -4,   -8,   -8,   -7,   -9,    7,   -9,  -11,    3,    3,   31,    7,   -6,   -5,  -12,  -12,    9,   -7,    0,    0,   -7,    0,   -9,    0,   -9,    0,    4,    0,    0,    0,    0,    0,    0,    0,    0,    0,    0,    0,    0,    0,    0,
       0,    0,    0,    0,    0,    0,    0,    0,    0,    0,    0,    0,    7,  -10,  -13,  -13,    3,  -10,  -13,    0,  -30,  -13,  -37,  -23,    7,  -37,    3,    0,    0,    0,   -8,    0,   -8,   -8,    0,    0,    0,   47,    0,    0,   -3,   -7,  -10,   -7,    0,   20,    0,    0,    0,    0,    0,    7,    0,   -8,    0,    0,    0,   -7,    0,    0,    0,    0,    0,    0,    0,    0,    0,    0,    0,    0,    0,    0,    0,    0,    0,    0,    0,    0,    0,    0,    0,    0,    0,    0,    0,    0,    0,    0,    0,    0,    0,    0,    0,    0,    0,    0,    0,    0,    0,    0,    0,    0,    0,    0,    0,    0,    0,    0,    0,    0,    0,    0,    0,    0,    0,    0,    0,    0,    0,    0,    0,    0,    0,    0,    0,    0,    0,    0,    0,    0,    0,    0,    0,    0,    0,    0,    0,    0,    0,    0,    0,    0,    0,
       0,    0,    0,    0,    0,    0,    0,    0,    0,    0,    0,    0,    0,    0,    0,    0,    0,    0,    0,    0,    0,    0,    0,    0,    0,    0,    0,    0,    0,    0,    0,    0,    0,    0,    0,    0,    0,   11,    0,    0,    0,    0,    0,    0,    0,    0,    0,    0,    0,    0,    0,    0,    0,    0,    0,    0,    0,    0,    0,    0,    0,    0,    0,    0,    0,    0,    0,    0,   -3,   -3,    0,    0,    0,    0,    0,    0,    0,    0,   -3,   -5,    0,    0,   -4,   -4,    0,    0,    0,    0,    0,    0,    0,    0,    0,    0,    0,    0,    0,    0,    0,   -5,    0,    0,    0,    0,    0,    0,    0,    0,    0,    0,    0,    0,   11,    0,    0,    0,   -6,   -5,    0,    0,    0,    0,    0,    0,    0,   -3,    0,    0,   -4,    0,    0,    0,    0,    0,    0,    0,    0,    0,    0,    0,    0,    0,    0,
       0,   -5,    0,    0,   -7,  -10,    0,    0,    0,    0,  -11,    0,    0,    0,    0,    0,    0,    0,    0,    0,    0,    0,    0,    0,    0,    0,    0,    0,  -13,  -11,    0,    0,    0,    0,    0,    0,    0,    0,    0,    0,    0,    0,   -4,   -3,    0,   -4,    0,    0,   -6,    0,    0,    0,    0,    0,    0,    0,    0,    0,    0,    0,    0,    0,    0,    0,    0,    0,    0,    0,    0,    0,    0,    0,    0,    0,    0,    0,    0,    0,    0,    0,    0,    0,    0,    0,    0,    0,    0,    0,    0,    0,    0,    0,    0,    0,    0,    0,    0,    0,    0,    0,    0,    0,    0,    0,    0,    0,    0,    0,    0,    0,    0,    0,    0,    0,    0,    0,    0,    0,    0,    0,    0,    0,    0,    0,    0,    0,    0,    0,    0,    0,    0,    0,    0,    0,    0,    0,    0,    0,    0,   -7,   -7,    4,    0,
       0,   -6,    0,    0,   -8,  -10,  -10,    4,   -9,    0,   -9,    0,    0,    0,    0,    0,    0,    0,    0,    0,    0,    0,    0,    0,    0,    0,    0,    0,  -17,  -12,    0,    0,    0,    0,    0,    0,    0,    0,    0,    0,    0,    0,   -5,   -4,   -6,   -5,   -3,    0,   -6,    4,    0,    0,    0,    0,    0,    0,    0,    0,    0,    0,    0,    0,    0,    0,    0,    0,    0,    0,    0,    0,    0,    0,    0,    0,    0,    0,    0,    0,    0,    0,    0,    0,    0,    0,    0,    0,    0,    0,    0,    0,    0,    0,    0,    0,    0,    0,    0,    0,    0,    0,    0,    0,    0,    0,    0,    0,    0,    0,    0,    0,    0,    0,    0,    0,    0,    0,    0,    0,    0,    0,    0,    0,    0,    0,    0,    0,    0,    0,    0,    0,    0,    0,    0,    0,    0,    0,    0,    0,    0,   -9,   -8,    0,    0,
       0,    0,    0,    0,    0,    0,    6,   -3,    0,    3,   -4,   -3,    0,    0,    0,    0,    0,    0,    0,    0,    0,    0,    0,    0,    0,    0,    0,    0,    0,  -12,   -8,    0,   -8,   -8,    0,    0,    0,    0,    0,    0,    0,    0,    3,    3,    4,    3,    0,    0,    0,   -5,    0,    0,    0,   -8,    0,    0,    0,  -10,    0,    0,    0,    0,    0,    0,    0,    0,    0,    0,    0,    0,    0,    0,    0,    0,    0,    0,    0,    0,    0,    0,    0,    0,    0,    0,    0,    0,    0,    0,    0,    0,    0,    0,    0,    0,    0,    0,    0,    0,    0,    0,    0,    0,    0,    0,    0,    0,    0,    0,    0,    0,    0,    0,    0,    0,    0,    0,    0,    0,    0,    0,    0,    0,    0,    0,    0,    0,    0,    0,    0,    0,    0,    0,    0,    0,    0,    0,    0,    0,    0,    4,    8,    8,    0,
       0,    0,    0,    0,   -7,   -8,    0,    7,    0,    0,  -12,    0,    0,    0,    0,    0,    0,    0,    0,    0,    0,    0,    0,    0,    0,    0,    0,    0,  -20,  -11,    0,    0,    0,    0,    0,    0,    0,    0,    0,    0,    0,    0,   -5,   -3,    0,   -5,    0,    0,    0,    0,    0,    0,    0,    0,    0,    0,    0,    0,    0,    0,    0,    0,    0,    0,    0,    0,    0,    0,    0,    0,    0,    0,    0,    0,    0,    0,    0,    0,    0,    0,    0,    0,    0,    0,    0,    0,    0,    0,    0,    0,    0,    0,    0,    0,    0,    0,    0,    0,    0,    0,    0,    0,    0,    0,    0,    0,    0,    0,    0,    0,    0,    0,    0,    0,    0,    0,    0,    0,    0,    0,    0,    0,    0,    0,    0,    0,    0,    0,    0,    0,    0,    0,    0,    0,    0,    0,    0,    0,    0,    4,    5,    3,    0,
       0,    0,    0,    0,   18,    8,  -20,    0,  -21,    6,    9,    0,    0,    0,    0,    0,    0,    0,    0,    0,    0,    0,    0,    0,    0,    0,    0,    0,   27,   17,   -3,    0,   -3,   -3,    0,    0,    4,    4,    0,    0,    0,    0,    9,    9,    7,    9,    0,    0,   10,   -3,    6,    0,    0,   -3,   11,    4,   21,   -7,   19,   17,   19,    0,    0,    0,    0,    0,    0,    0,    0,    0,    0,    0,    0,    0,    0,    0,    0,    0,    0,    0,    0,    0,    0,    0,    0,    0,    0,    0,    0,    0,    0,    0,    0,    0,    0,    0,    0,    0,    0,    0,    0,    0,    0,    0,    0,    0,    0,    0,    0,    0,    0,    0,    0,    0,    0,    0,    0,    0,    0,    0,    0,    0,    0,    0,    0,    0,    0,    0,    0,    0,    0,    0,    0,    0,    0,    0,    0,    0,    0,   13,   18,  -19,    0,
       0,    0,    0,    0,   -4,   -8,    0,    0,    0,    0,   -8,    0,    0,    0,    0,    0,    0,    0,    0,    0,    0,    0,    0,    0,    0,    0,    0,    0,  -10,  -11,    0,    0,    0,    0,    0,    0,    0,    9,    0,    0,    0,    0,   -5,   -3,    0,   -5,    0,    0,    0,    0,    0,    0,    0,    0,    0,    0,    0,    0,    0,    0,    0,    0,    0,    0,    0,    0,    0,    0,    0,    0,    0,    0,    0,    0,    0,    0,    0,    0,    0,    0,    0,    0,    0,    0,    0,    0,    0,    0,    0,    0,    0,    0,    0,    0,    0,    0,    0,    0,    0,    0,    0,    0,    0,    0,    0,    0,    0,    0,    0,    0,    0,    0,    0,    0,    0,    0,    0,    0,    0,    0,    0,    0,    0,    0,    0,    0,    0,    0,    0,    0,    0,    0,    0,    0,    0,    0,    0,    0,    0,   -8,   -5,    3,    0,
       0,   -7,    0,    0,   -7,   -8,    0,    0,    0,    0,  -12,    0,    0,    0,    0,    0,    0,    0,    0,    0,    0,    0,    0,    0,    0,    0,    0,    0,  -20,  -11,    0,    0,    0,    0,    0,    0,    0,    0,    0,    0,    0,    0,   -5,   -3,    0,   -5,    0,    0,   -6,    0,    0,    0,    0,    0,    0,    0,    0,    0,    0,    0,    0,    0,    0,    0,    0,    0,    0,    0,    0,    0,    0,    0,    0,    0,    0,    0,    0,    0,    0,    0,    0,    0,    0,    0,    0,    0,    0,    0,    0,    0,    0,    0,    0,    0,    0,    0,    0,    0,    0,    0,    0,    0,    0,    0,    0,    0,    0,    0,    0,    0,    0,    0,    0,    0,    0,    0,    0,    0,    0,    0,    0,    0,    0,    0,    0,    0,    0,    0,    0,    0,    0,    0,    0,    0,    0,    0,    0,    0,    0,   -8,   -5,    4,    0,
       0,    0,    0,    0,    4,   -8,    0,    0,    0,    0,  -12,    0,    0,    0,    0,    0,    0,    0,    0,    0,    0,    0,    0,    0,    0,    0,    0,    0,  -20,  -11,    0,    0,    0,    0,    0,    0,    0,    0,    0,    0,    0,    0,   -5,   -3,    0,   -5,    0,    0,    0,    0,    0,    0,    0,    0,    0,    0,    0,    0,    0,    0,    0,    0,    0,    0,    0,    0,    0,    0,    0,    0,    0,    0,    0,    0,    0,    0,    0,    0,    0,    0,    0,    0,    0,    0,    0,    0,    0,    0,    0,    0,    0,    0,    0,    0,    0,    0,    0,    0,    0,    0,    0,    0,    0,    0,    0,    0,    0,    0,    0,    0,    0,    0,    0,    0,    0,    0,    0,    0,    0,    0,    0,    0,    0,    0,    0,    0,    0,    0,    0,    0,    0,    0,    0,    0,    0,    0,    0,    0,    0,   -8,   -5,    3,    0,
       0,    0,    0,    0,    4,   -8,    0,    0,    0,    0,  -12,    0,    0,    0,    0,    0,    0,    0,    0,    0,    0,    0,    0,    0,    0,    0,    0,    0,  -20,    3,    0,    0,    0,    0,    0,    0,    0,   10,    0,    0,    0,    0,   -5,   -3,    0,   -5,    0,    0,    0,    0,    0,    0,    0,    0,    0,    0,    0,    0,    0,    0,    0,    0,    0,    0,    0,    0,    0,    0,    0,    0,    0,    0,    0,    0,    0,    0,    0,    0,    0,    0,    0,    0,    0,    0,    0,    0,    0,    0,    0,    0,    0,    0,    0,    0,    0,    0,    0,    0,    0,    0,    0,    0,    0,    0,    0,    0,    0,    0,    0,    0,    0,    0,    0,    0,    0,    0,    0,    0,    0,    0,    0,    0,    0,    0,    0,    0,    0,    0,    0,    0,    0,    0,    0,    0,    0,    0,    0,    0,    0,   -8,   -5,    3,    0,
       0,    0,   -7,   -4,    0,    4,    4,  -15,    7,    3,    0,   -7,    0,    0,    0,    0,    0,    0,    0,    0,    0,    0,    0,    0,    0,    0,    0,    0,    0,   -9,   -3,    0,  -12,  -12,    0,    0,    0,    0,    0,    0,   -3,   -3,    7,    7,    7,    7,    5,   -5,    0,  -12,    0,    0,    0,   -3,    0,    0,    0,  -11,    0,    0,    0,    0,    0,    0,    0,    0,    0,    0,    0,    0,    0,    0,    0,    0,    0,    0,    0,    0,    0,    0,    0,    0,    0,    0,    0,    0,    0,    0,    0,    0,    0,    0,    0,    0,    0,    0,    0,    0,    0,    0,    0,    0,    0,    0,    0,    0,    0,    0,    0,    0,    0,    0,    0,    0,    0,    0,    0,    0,    0,    0,    0,    0,    0,    0,    0,    0,    0,    0,    0,    0,    0,    0,    0,    0,    0,    0,    0,    0,    0,    4,    8,    7,    0,
       0,    0,    0,    0,   -7,   -8,    8,    0,    0,    7,   -5,    0,    0,    0,    0,    0,    0,    0,    0,    0,    0,    0,    0,    0,    0,    0,    0,    0,  -20,  -11,    5,    0,    0,    0,    0,    0,    0,    0,    0,    0,    0,    0,   -4,   -4,    7,   -4,    5,    0,    0,   -5,    7,    0,    0,    5,    0,    0,    0,    0,    0,    0,    0,    0,    0,    0,    0,    0,    0,    0,    0,    0,    0,    0,    0,    0,    0,    0,    0,    0,    0,    0,    0,    0,    0,    0,    0,    0,    0,    0,    0,    0,    0,    0,    0,    0,    0,    0,    0,    0,    0,    0,    0,    0,    0,    0,    0,    0,    0,    0,    0,    0,    0,    0,    0,    0,    0,    0,    0,    0,    0,    0,    0,    0,    0,    0,    0,    0,    0,    0,    0,    0,    0,    0,    0,    0,    0,    0,    0,    0,    0,   -8,   -9,   10,    0,
       0,   -6,    0,    0,   -7,   -8,    0,    0,    0,    0,  -12,    0,    0,    0,    0,    0,    0,    0,    0,    0,    0,    0,    0,    0,    0,    0,    0,    0,  -20,  -11,    0,    0,    0,    0,    0,    0,    0,    0,    0,    0,    0,    0,   -5,   -3,    0,   -5,    0,    0,   -6,    0,    0,    0,    0,    0,    0,    0,    0,    0,    0,    0,    0,    0,    0,    0,    0,    0,    0,    0,    0,    0,    0,    0,    0,    0,    0,    0,    0,    0,    0,    0,    0,    0,    0,    0,    0,    0,    0,    0,    0,    0,    0,    0,    0,    0,    0,    0,    0,    0,    0,    0,    0,    0,    0,    0,    0,    0,    0,    0,    0,    0,    0,    0,    0,    0,    0,    0,    0,    0,    0,    0,    0,    0,    0,    0,    0,    0,    0,    0,    0,    0,    0,    0,    0,    0,    0,    0,    0,    0,    0,   -8,   -5,    4,    0,
       0,   -6,    0,    0,   -8,  -10,  -10,    4,   -9,    0,   -9,    0,    0,    0,    0,    0,    0,    0,    0,    0,    0,    0,    0,    0,    0,    0,    0,    0,  -17,  -12,    0,    0,    0,    0,    0,    0,    0,    0,    0,    0,    0,    0,   -5,   -4,   -6,   -5,   -3,    0,   -8,    4,    0,    0,    0,    0,    0,    0,    0,    0,    0,    0,    0,    0,    0,    0,    0,    0,    0,    0,    0,    0,    0,    0,    0,    0,    0,    0,    0,    0,    0,    0,    0,    0,    0,    0,    0,    0,    0,    0,    0,    0,    0,    0,    0,    0,    0,    0,    0,    0,    0,    0,    0,    0,    0,    0,    0,    0,    0,    0,    0,    0,    0,    0,    0,    0,    0,    0,    0,    0,    0,    0,    0,    0,    0,    0,    0,    0,    0,    0,    0,    0,    0,    0,    0,    0,    0,    0,    0,    0,    0,   -9,   -8,    0,    0,
       0,    0,    0,    0,   -7,   -8,    0,    0,    7,    0,   -8,    0,    0,    0,    0,    0,    0,    0,    0,    0,    0,    0,    0,    0,    0,    0,    0,    0,  -10,  -11,    0,    0,    0,    0,    0,    0,    0,   14,    0,    0,    0,    0,   -5,   -3,    0,   -5,    0,    0,    0,    0,    0,    0,    0,    0,    0,    0,    0,    0,    0,    0,    0,    0,    0,    0,    0,    0,    0,    0,    0,    0,    0,    0,    0,    0,    0,    0,    0,    0,    0,    0,    0,    0,    0,    0,    0,    0,    0,    0,    0,    0,    0,    0,    0,    0,    0,    0,    0,    0,    0,    0,    0,    0,    0,    0,    0,    0,    0,    0,    0,    0,    0,    0,    0,    0,    0,    0,    0,    0,    0,    0,    0,    0,    0,    0,    0,    0,    0,    0,    0,    0,    0,    0,    0,    0,    0,    0,    0,    0,    0,   -8,   -5,    3,    0,
       0,    0,   -7,    0,    0,    6,  -20,    0,  -19,    6,    3,    0,    0,    0,    0,    0,    0,    0,    0,    0,    0,    0,    0,    0,    0,    0,    0,    0,    3,   -3,   -3,    0,   -3,   -3,    0,    0,    0,    0,    0,    0,    0,    0,   10,   10,    7,   10,    3,    0,    0,   -5,    7,    0,    0,   -3,    0,    0,    0,   -5,    0,    0,    0,    0,    0,    0,    0,    0,    0,    0,    0,    0,    0,    0,    0,    0,    0,    0,    0,    0,    0,    0,    0,    0,    0,    0,    0,    0,    0,    0,    0,    0,    0,    0,    0,    0,    0,    0,    0,    0,    0,    0,    0,    0,    0,    0,    0,    0,    0,    0,    0,    0,    0,    0,    0,    0,    0,    0,    0,    0,    0,    0,    0,    0,    0,    0,    0,    0,    0,    0,    0,    0,    0,    0,    0,    0,    0,    0,    0,    0,    0,    9,   16,  -19,    0,
       0,    0,    0,    0,   -4,   -3,    0,    0,   -4,    0,  -12,    0,    0,    0,    0,    0,    0,    0,    0,    0,    0,    0,    0,    0,    0,    0,    0,    0,  -10,  -11,    0,    0,    0,    0,    0,    0,    0,    0,    0,    0,    0,    0,    0,    0,    0,    0,   -3,    0,   -6,    0,    0,    0,    0,    0,    0,    0,    0,    0,    0,    0,    0,    0,    0,    0,    0,    0,    0,    0,    0,    0,    0,    0,    0,    0,    0,    0,    0,    0,    0,    0,    0,    0,    0,    0,    0,    0,    0,    0,    0,    0,    0,    0,    0,    0,    0,    0,    0,    0,    0,    0,    0,    0,    0,    0,    0,    0,    0,    0,    0,    0,    0,    0,    0,    0,    0,    0,    0,    0,    0,    0,    0,    0,    0,    0,    0,    0,    0,    0,    0,    0,    0,    0,    0,    0,    0,    0,    0,    0,    0,    0,    0,    5,    0,
       0,    0,    0,    0,    0,    0,    6,   -3,    0,    3,   -5,    0,    0,    0,    0,    0,    0,    0,    0,    0,    0,    0,    0,    0,    0,    0,    0,    0,   -7,  -11,   -7,    0,   -7,   -7,    0,    0,    0,    0,    0,    0,    0,    0,    3,    3,    6,    3,    0,    0,    0,   -6,    0,    0,    0,   -7,    0,    0,    0,   -3,    0,    0,    0,    0,    0,    0,    0,    0,    0,    0,    0,    0,    0,    0,    0,    0,    0,    0,    0,    0,    0,    0,    0,    0,    0,    0,    0,    0,    0,    0,    0,    0,    0,    0,    0,    0,    0,    0,    0,    0,    0,    0,    0,    0,    0,    0,    0,    0,    0,    0,    0,    0,    0,    0,    0,    0,    0,    0,    0,    0,    0,    0,    0,    0,    0,    0,    0,    0,    0,    0,    0,    0,    0,    0,    0,    0,    0,    0,    0,    0,    0,    5,    0,    8,    0,
       0,    0,    0,    0,   -7,   -8,    0,    0,    0,    0,   -8,    0,    0,    0,    0,    0,    0,    0,    0,    0,    0,    0,    0,    0,    0,    0,    0,    0,  -20,  -10,    0,    0,    0,    0,    0,    0,    0,    0,    0,    0,    0,    0,   -5,   -3,    0,   -5,    0,    0,    0,    0,    0,    0,    0,    0,    0,    0,    0,    0,    0,    0,    0,    0,    0,    0,    0,    0,    0,    0,    0,    0,    0,    0,    0,    0,    0,    0,    0,    0,    0,    0,    0,    0,    0,    0,    0,    0,    0,    0,    0,    0,    0,    0,    0,    0,    0,    0,    0,    0,    0,    0,    0,    0,    0,    0,    0,    0,    0,    0,    0,    0,    0,    0,    0,    0,    0,    0,    0,    0,    0,    0,    0,    0,    0,    0,    0,    0,    0,    0,    0,    0,    0,    0,    0,    0,    0,    0,    0,    0,    0,   -8,   -5,    3,    0,
       0,    0,   -3,    0,    0,    5,  -19,    0,  -13,    5,    0,    0,    0,    0,    0,    0,    0,    0,    0,    0,    0,    0,    0,    0,    0,    0,    0,    0,    0,  -10,   -3,    0,   -5,   -5,    0,    0,    0,    0,    0,    0,    0,    0,    7,    7,    8,    7,    4,    0,    0,    0,    6,    0,    0,   -3,    0,    0,    0,   -6,    0,    0,    0,    0,    0,    0,    0,    0,    0,    0,    0,    0,    0,    0,    0,    0,    0,    0,    0,    0,    0,    0,    0,    0,    0,    0,    0,    0,    0,    0,    0,    0,    0,    0,    0,    0,    0,    0,    0,    0,    0,    0,    0,    0,    0,    0,    0,    0,    0,    0,    0,    0,    0,    0,    0,    0,    0,    0,    0,    0,    0,    0,    0,    0,    0,    0,    0,    0,    0,    0,    0,    0,    0,    0,    0,    0,    0,    0,    0,    0,    0,    7,   13,  -14,    0,
       0,    0,   -3,    0,    0,    6,  -18,    3,  -11,    5,    0,    0,    0,    0,    0,    0,    0,    0,    0,    0,    0,    0,    0,    0,    0,    0,    0,    0,    0,   -9,   -3,    0,   -4,   -4,    0,    0,    0,    0,    0,    0,    0,    0,    7,    7,    7,    7,    5,    0,    0,    0,    6,    0,    0,   -3,    0,    0,    0,   -5,    0,    0,    0,    0,    0,    0,    0,    0,    0,    0,    0,    0,    0,    0,    0,    0,    0,    0,    0,    0,    0,    0,    0,    0,    0,    0,    0,    0,    0,    0,    0,    0,    0,    0,    0,    0,    0,    0,    0,    0,    0,    0,    0,    0,    0,    0,    0,    0,    0,    0,    0,    0,    0,    0,    0,    0,    0,    0,    0,    0,    0,    0,    0,    0,    0,    0,    0,    0,    0,    0,    0,    0,    0,    0,    0,    0,    0,    0,    0,    0,    0,    8,   13,   -9,    0,
       0,    0,   -7,   -4,    0,    4,    6,   -7,    7,    5,    0,   -3,    0,    0,    0,    0,    0,    0,    0,    0,    0,    0,    0,    0,    0,    0,    0,    0,    0,  -10,   -8,    0,   -8,   -8,    0,    0,    0,    0,    0,    0,    0,    0,    8,    7,   11,    8,    6,   -4,    0,   -9,    0,    0,    0,   -8,    0,    0,    0,   -8,    0,    0,    0,    0,    0,    0,    0,    0,    0,    0,    0,    0,    0,    0,    0,    0,    0,    0,    0,    0,    0,    0,    0,    0,    0,    0,    0,    0,    0,    0,    0,    0,    0,    0,    0,    0,    0,    0,    0,    0,    0,    0,    0,    0,    0,    0,    0,    0,    0,    0,    0,    0,    0,    0,    0,    0,    0,    0,    0,    0,    0,    0,    0,    0,    0,    0,    0,    0,    0,    0,    0,    0,    0,    0,    0,    0,    0,    0,    0,    0,    0,    5,    9,    7,    0,
       0,    0,   -3,    0,    0,    5,  -19,    0,  -13,    5,    0,    0,    0,    0,    0,    0,    0,    0,    0,    0,    0,    0,    0,    0,    0,    0,    0,    0,    0,  -10,   -3,    0,   -5,   -5,    0,    0,    0,    0,    0,    0,    0,    0,    7,    7,    8,    7,    4,    0,    0,    0,    6,    0,    0,   -3,    0,    0,    0,   -6,    0,    0,    0,    0,    0,    0,    0,    0,    0,    0,    0,    0,    0,    0,    0,    0,    0,    0,    0,    0,    0,    0,    0,    0,    0,    0,    0,    0,    0,    0,    0,    0,    0,    0,    0,    0,    0,    0,    0,    0,    0,    0,    0,    0,    0,    0,    0,    0,    0,    0,    0,    0,    0,    0,    0,    0,    0,    0,    0,    0,    0,    0,    0,    0,    0,    0,    0,    0,    0,    0,    0,    0,    0,    0,    0,    0,    0,    0,    0,    0,    0,    7,   11,  -14,    0,
       0,    0,    0,    0,    0,    0,    8,    0,    3,    3,   -4,    0,    0,    0,    0,    0,    0,    0,    0,    0,    0,    0,    0,    0,    0,    0,    0,    0,    0,   -9,   -5,    0,   -5,   -5,    0,    0,    0,    0,    0,    0,    0,    0,    6,    6,    7,    6,    0,    0,   -4,   -5,    3,    0,    0,   -5,    0,    0,    0,    0,    0,    0,    0,    0,    0,    0,    0,    0,    0,    0,    0,    0,    0,    0,    0,    0,    0,    0,    0,    0,    0,    0,    0,    0,    0,    0,    0,    0,    0,    0,    0,    0,    0,    0,    0,    0,    0,    0,    0,    0,    0,    0,    0,    0,    0,    0,    0,    0,    0,    0,    0,    0,    0,    0,    0,    0,    0,    0,    0,    0,    0,    0,    0,    0,    0,    0,    0,    0,    0,    0,    0,    0,    0,    0,    0,    0,    0,    0,    0,    0,    0,    5,    9,    9,    0,
       0,    0,    0,    0,    0,    0,    0,    0,    0,    0,    0,    0,    0,    0,   -4,   -5,    0,    0,   -5,    0,    0,    0,    0,    0,    0,    0,    0,    0,    0,    0,    0,    0,    0,    0,    0,    0,    0,    0,    0,    0,    0,    0,    0,    0,    0,    0,    0,    0,   30,    0,    0,    0,    0,    0,    0,    0,    0,    0,    0,    0,    0,    0,    0,    0,    0,    0,    0,    6,   -8,   -5,    0,   -5,    6,    0,    6,    8,    0,    0,   -8,   -9,    6,    0,    0,   -7,   -6,   -5,   -5,   -5,    6,   -7,    0,   -5,    0,   -6,   -7,    0,   -7,   -5,    9,   -9,    0,   -8,   -4,   -5,   -6,   -5,   -6,    7,   -6,   -5,    0,    0,   21,    7,    0,    0,  -10,   -9,    9,    0,    0,    0,    0,    0,   -6,    0,   -6,    0,    4,    0,    0,    0,    0,    0,    0,    0,    0,    0,    0,    0,    0,    0,    0,
       0,    0,    0,    0,    0,    0,    0,    0,    0,    0,    0,    0,    0,    0,    0,    0,   -4,    0,    0,    0,   -6,    0,   -6,    0,   -4,   -5,    0,    0,    0,    0,    0,    0,    0,    0,    0,    0,    0,    0,    0,    0,    0,    0,    0,    0,    0,    0,    0,    0,    0,    0,    0,   -4,    0,    0,    0,    0,    0,    0,    0,    0,    0,    0,    0,    0,    0,    0,    0,   -6,    0,   -5,   -4,   -6,   -7,   -3,   -5,   -4,   -6,    0,    0,    0,   -4,    0,   -7,   -5,    0,    0,    0,    0,   -4,    0,   -4,    0,   -4,    0,    0,    0,    0,    0,    0,    0,    0,    0,    0,    0,    0,    0,    0,    0,    0,    0,    0,    0,    0,    0,    0,    0,    0,    0,   -5,    0,    0,    0,    4,    0,    0,    0,    0,   -7,   -5,    0,    0,    0,    0,    0,    0,    0,    0,    0,    0,    0,    0,    0,    0,
       0,    0,    0,    0,    0,    0,    0,    0,    0,    0,    0,    0,    0,    0,    0,    0,    0,    0,    0,    0,  -21,    0,  -11,   -3,    0,  -16,    0,    0,    0,    0,    0,    0,    0,    0,    0,    0,    0,    0,    0,    0,    0,    0,    0,    0,    0,    0,    0,    0,    0,    0,    0,    0,    0,    0,    0,    0,    0,    0,    0,    0,    0,    0,    0,    0,    0,    0,    0,    0,    0,    0,    0,    0,    0,    0,    0,    0,    0,    0,    0,    0,    0,    0,    0,    0,    0,    0,    0,    0,    0,    0,    0,    0,    0,    0,    0,    0,    0,    0,    0,    0,    0,    0,    0,    0,    0,    0,    0,    0,    0,    0,    0,    0,    0,    0,    0,    0,    0,    0,    0,    0,    0,    0,    0,    0,    0,    0,    0,    0,    0,    0,    0,    0,    0,    0,    0,    0,    0,    0,    0,    0,    0,    0,    0,
       0,    0,    0,    0,    0,    0,    0,    0,    0,    0,    0,    0,    4,    0,    0,    0,    6,    0,    0,    0,  -22,    0,   -3,    0,    0,   -9,    4,    0,    0,    0,    0,    0,    0,    0,    0,    0,    0,    0,    0,    0,    0,    0,    6,    6,    0,    6,    3,    0,    0,    0,    0,    0,    0,    0,    0,    0,    0,    0,    0,    0,    0,    0,    0,    0,    0,    0,    0,  -22,    0,    0,    6,    0,    0,    4,    0,    0,    0,    0,    0,    0,    0,    0,    0,    0,    0,    0,    0,    0,    0,    0,    0,    0,    5,    0,    0,    0,    0,    0,    0,    0,    0,    0,    0,    0,    0,    0,    0,    0,    0,    0,    0,    0,    0,    0,    5,    5,    0,    0,   -6,    4,    0,    5,    4,    0,    0,    0,    0,    0,    0,    0,    0,    0,    0,    0,    0,    0,    0,    0,    0,    0,    0,    0,    0,
       0,    0,    0,    0,    0,    0,    0,    0,    0,    0,    0,    0,   -5,    0,    3,    3,  -10,    0,    3,   -7,  -25,    0,  -14,   -6,  -13,  -27,   -8,    0,    0,    0,    3,    0,    3,    3,    0,    0,    0,    0,    0,    0,    0,    0,    0,    0,   -9,    0,   -6,    0,    0,    0,    0,  -15,    0,    3,    0,    0,    0,    3,    0,    0,    0,    0,    0,    0,    0,    0,    0,  -25,    0,   -7,  -10,   -6,  -11,   -5,   -5,  -15,   -8,    0,    3,    0,  -13,    0,  -10,   -8,    0,    0,    0,    0,   -6,    0,   -9,    0,   -5,    0,    3,    0,    0,    0,    0,    0,   -9,    0,    0,    0,   -4,    0,    0,    0,    0,    0,    0,    0,    0,    0,    0,    0,    0,    0,  -21,    0,    0,    0,    0,   -8,    0,    0,    0,  -10,   -8,    0,    0,    0,    0,    0,    0,    0,    0,    0,    0,    0,    0,    0,    0,
       0,    0,    0,    0,    0,    0,    0,    0,    0,    0,    0,    0,  -14,  -10,  -13,  -13,  -18,   -7,  -13,  -11,  -35,  -11,  -21,  -14,  -21,  -26,  -17,    0,    0,    0,  -13,  -11,  -13,  -13,  -11,  -11,  -11,   23,  -11,  -12,  -11,  -13,   -8,   -8,  -10,    5,  -11,    0,    0,    0,    0,  -24,  -11,  -13,  -11,  -11,  -11,  -14,  -11,  -11,  -11,  -10,    0,    0,    0,    0,    0,    0,    0,    0,    0,    0,    0,    0,    0,    0,    0,    0,    0,    0,    0,    0,    0,    0,    0,    0,    0,    0,    0,    0,    0,    0,    0,    0,    0,    0,    0,    0,    0,    0,    0,    0,    0,    0,    0,    0,    0,    0,    0,    0,    0,    0,    0,    0,    0,    0,    0,    0,    0,    0,    0,    0,    0,    0,    0,    0,    0,    0,    0,    0,    0,    0,    0,    0,    0,    0,    0,    0,    0,    0,    0,    0,    0,
       0,    0,    0,    0,   -8,    0,  -19,    5,  -20,    4,   -9,    0,   -9,    0,    0,    0,  -14,    0,    0,    0,   -7,    0,   -7,   -3,  -12,  -13,   -8,    0,   -7,  -12,   -3,    0,    0,    0,    0,    0,    0,    0,    0,    0,    0,    0,    0,    0,    0,    0,    0,    0,   -7,    5,    0,  -18,    0,   -3,    0,    0,    0,    0,    0,    0,    0,    0,    0,    0,   -7,   -7,    0,    0,    0,    0,    0,    0,    0,    0,    0,    0,    0,    0,    0,    0,    0,    0,    0,    0,    0,    0,    0,    0,    0,    0,    0,    0,    0,    0,    0,    0,    0,    0,    0,    0,    0,    0,    0,    0,    0,    0,    0,    0,    0,    0,    0,    0,    0,    0,    0,    0,    0,    0,    0,    0,    0,    0,    0,    0,    0,    0,    0,    0,    0,    0,    0,    0,    0,    0,    0,    0,    0,    0,    0,    0,    0,    0,    0,
       0,  -12,    0,    0,   -8,  -25,    0,    2,    0,    0,  -15,    0,    0,    0,    0,    0,    0,    0,    0,    0,    0,    0,    0,    0,    0,    0,    0,   -4,  -17,   -7,    0,    0,    0,    0,    0,    0,    0,    0,    0,    0,    0,    0,  -12,  -10,   -3,  -12,    0,    0,   -7,    0,    0,    0,    0,    0,    0,    0,    0,    0,    0,    0,    0,    0,    0,    0,    0,    0,   -9,    0,    0,    0,    0,    0,    0,    0,    0,    0,    0,    0,    0,    0,    0,    0,    0,    0,    0,    0,    0,    0,    0,    0,    0,    0,    0,    0,    0,    0,    0,    0,    0,    0,    0,    0,    0,    0,    0,    0,    0,    0,    0,    0,    0,    0,    0,    0,    0,    0,    0,    0,    0,    0,    0,    0,    0,    0,    0,    0,    0,    0,    0,    0,    0,    0,    0,    0,    0,    0,    0,    0,    0,  -21,  -19,    0,    0,
       0,    0,    0,    0,    5,    0,  -10,    4,   -9,    0,    6,    0,    0,    0,    0,    0,    0,    0,    0,    0,    0,    0,    0,    0,    0,    0,    0,    0,    7,    7,    0,    0,    0,    0,    0,    0,    0,    0,    0,    0,    0,    0,    0,    0,    0,    0,    0,    0,    3,    4,    0,    0,    0,    0,    0,    0,    0,    0,    0,    0,    0,    0,    0,    0,    0,    0,    0,    0,    0,    0,    0,    0,    0,    0,    0,    0,    0,    0,    0,    0,    0,    0,    0,    0,    0,    0,    0,    0,    0,    0,    0,    0,    0,    0,    0,    0,    0,    0,    0,    0,    0,    0,    0,    0,    0,    0,    0,    0,    0,    0,    0,    0,    0,    0,    0,    0,    0,    0,    0,    0,    0,    0,    0,    0,    0,    0,    0,    0,    0,    0,    0,    0,    0,    0,    0,    0,    0,    0,    0,    4,    7,    0,    0,
       0,   -8,    0,    0,   -7,   -5,    0,    0,   -7,    0,   -8,    0,    0,    0,    0,    0,    0,    0,    0,    0,    0,    0,    0,    0,    0,    0,    0,    0,    0,  -10,    0,    0,    0,    0,    0,    0,    0,    0,    0,    0,    0,    0,   -3,    0,   -4,   -3,    0,    0,   -6,    0,    0,    0,    0,    0,    0,    0,    0,    0,    0,    0,    0,    0,    0,    0,    0,    0,    0,    0,    0,    0,    0,    0,    0,    0,    0,    0,    0,    0,    0,    0,    0,    0,    0,    0,    0,    0,    0,    0,    0,    0,    0,    0,    0,    0,    0,    0,    0,    0,    0,    0,    0,    0,    0,    0,    0,    0,    0,    0,    0,    0,    0,    0,    0,    0,    0,    0,    0,    0,    0,    0,    0,    0,    0,    0,    0,    0,    0,    0,    0,    0,    0,    0,    0,    0,    0,    0,    0,    0,    0,   -7,   -5,    0,    0,
       0,    8,    0,    0,   20,    0,   -8,   -7,    0,    0,   12,    0,    0,    0,    0,    0,    0,    0,    0,    0,    0,    0,    0,    0,    0,    0,    0,    0,   30,   23,   -6,    6,  -13,  -13,    0,    9,    6,    6,   -6,  -10,    3,   -5,   11,   11,   10,   13,    8,    0,   23,    0,    0,    0,    0,   -4,   22,   30,   45,    0,   40,   35,   37,    0,    0,    0,    0,    0,    0,    0,    0,    0,    0,    0,    0,    0,    0,    0,    0,    0,    0,    0,    0,    0,    0,    0,    0,    0,    0,    0,    0,    0,    0,    0,    0,    0,    0,    0,    0,    0,    0,    0,    0,    0,    0,    0,    0,    0,    0,    0,    0,    0,    0,    0,    0,    0,    0,    0,    0,    0,    0,    0,    0,    0,    0,    0,    0,    0,    0,    0,    0,    0,    0,    0,    0,    0,    0,    0,    0,    0,    0,    7,    8,    0,    0,
       0,    0,    0,    0,    0,    0,    0,    0,    0,    0,    0,    0,    0,    0,    0,    0,    0,    0,    0,    0,    0,    0,    0,    0,    0,    0,    0,    0,    0,    0,    0,    0,    0,    0,    0,    0,    0,    6,    0,    0,    0,    0,    0,    0,    0,    0,    0,    0,    0,    0,    0,    0,    0,    0,    0,    0,    0,    0,    0,    0,    0,    0,    0,    0,    0,    0,    0,    0,    0,    0,    0,    0,    0,    0,    0,    0,    0,    0,    0,    0,    0,    0,    0,    0,    0,    0,    0,    0,    0,    0,    0,    0,    0,    0,    0,    0,    0,    0,    0,    0,    0,    0,    0,    0,    0,    0,    0,    0,    0,    0,    0,    0,    0,    0,    0,    0,    0,    0,    0,    0,    0,    0,    0,    0,    0,    0,    0,    0,    0,    0,    0,    0,    0,    0,    0,    0,    0,    0,    0,    0,    0,    0,    0,
       0,   -9,    0,    0,    0,   -5,    0,    0,    0,    0,   -6,    0,    0,    0,    0,    0,    0,    0,    0,    0,    0,    0,    0,    0,    0,    0,    0,    0,    0,    0,    0,    0,    0,    0,    0,    0,    0,    0,    0,    0,    0,    0,    0,    0,    0,    0,    0,    0,    0,    0,    0,    0,    0,    0,    0,    0,    0,    0,    0,    0,    0,    0,    0,    0,    0,    0,    0,    0,    0,    0,    0,    0,    0,    0,    0,    0,    0,    0,    0,    0,    0,    0,    0,    0,    0,    0,    0,    0,    0,    0,    0,    0,    0,    0,    0,    0,    0,    0,    0,    0,    0,    0,    0,    0,    0,    0,    0,    0,    0,    0,    0,    0,    0,    0,    0,    0,    0,    0,    0,    0,    0,    0,    0,    0,    0,    0,    0,    0,    0,    0,    0,    0,    0,    0,    0,    0,    0,    0,    0,   -7,   -6,    0,    0,
       0,    0,    0,    0,    0,    0,    0,    0,    0,    0,    0,    0,   -6,    0,    0,    0,   -6,    0,    0,    0,    0,    0,    0,    0,    0,    0,    0,    0,    0,    0,    0,    0,    0,    0,    0,    0,    0,    0,    0,    0,    0,    0,    0,    0,    0,    0,    0,    0,    0,    0,    0,  -12,    0,    0,    0,    0,    0,    0,    0,    0,    0,    0,    0,    0,    0,    0,    0,    0,    0,    0,    0,    0,    0,    0,    0,    0,    0,    0,    0,    0,    0,    0,    0,    0,    0,    0,    0,    0,    0,    0,    0,    0,    0,    0,    0,    0,    0,    0,    0,    0,    0,    0,    0,    0,    0,    0,    0,    0,    0,    0,    0,    0,    0,    0,    0,    0,    0,    0,    0,    0,    0,    0,    0,    0,    0,    0,    0,    0,    0,    0,    0,    0,    0,    0,    0,    0,    0,    0,    0,    0,    0,    0,    0,
       0,    0,    0,    0,    0,    0,    0,    0,    0,    0,    0,    0,    0,    0,    0,    0,    0,    0,    0,    0,    0,    0,    0,    0,    0,    0,    0,    0,    0,    0,    0,    0,    0,    0,    0,    0,    0,    0,    0,    0,    0,    0,   -7,   -6,   -6,   -7,    0,    0,    0,    0,    0,    0,    0,    0,    0,    0,    0,    0,    0,    0,    0,    0,    0,    0,    0,    0,   -8,    0,    0,    0,    0,    0,    0,    0,    0,    0,    0,    0,    0,    0,    0,    0,    0,    0,    0,    0,    0,    0,    0,    0,    0,    0,    0,    0,    0,    0,    0,    0,    0,    0,    0,    0,    0,    0,    0,    0,    0,    0,    0,    0,    0,    0,    0,    0,    0,    0,    0,    0,    0,    0,    0,    0,    0,    0,    0,    0,    0,    0,    0,    0,    0,    0,    0,    0,    0,    0,    0,    0,    0,    0,    0,    0,    0,
       0,    0,    0,    0,    0,    0,    0,    0,    0,    0,    0,    0,    0,    0,    0,    0,    0,    0,    0,    0,    0,    0,    0,    0,    0,    0,    0,    0,    0,    0,    0,    0,    0,    0,    0,    0,    0,   11,    0,    0,    0,    0,    0,    0,    0,    0,    0,    0,    0,    0,    0,    0,    0,    0,    0,    0,    0,    0,    0,    0,    0,    0,    0,    0,    0,    0,    0,    0,    0,    0,    0,    0,    0,    0,    0,    0,    0,    0,    0,    0,    0,    0,    0,    0,    0,    0,    0,    0,    0,    0,    0,    0,    0,    0,    0,    0,    0,    0,    0,    0,    0,    0,    0,    0,    0,    0,    0,    0,    0,    0,    0,    0,    0,    0,    0,    0,    0,    0,    0,    0,    0,    0,    0,    0,    0,    0,    0,    0,    0,    0,    0,    0,    0,    0,    0,    0,    0,    0,    0,    0,    0,    0,    0,
       0,    0,    0,    0,    0,    0,    0,    0,    0,    0,    0,    0,  -11,    0,    0,    0,  -15,    0,    0,    0,    0,    0,    0,    0,   -8,   -4,    0,    0,    0,    0,   -5,    0,    0,    0,    0,    0,    0,    0,    0,    0,    0,    0,    0,    0,    0,    0,    0,    0,    0,    0,    0,  -19,    0,   -5,    0,    0,    0,    0,    0,    0,    0,    0,    0,    0,    0,    0,    0,    0,    0,    0,    0,    0,    0,    0,    0,    0,    0,    0,    0,    0,    0,    0,    0,    0,    0,    0,    0,    0,    0,    0,    0,    0,    0,    0,    0,    0,    0,    0,    0,    0,    0,    0,    0,    0,    0,    0,    0,    0,    0,    0,    0,    0,    0,    0,    0,    0,    0,    0,    0,    0,    0,    0,    0,    0,    0,    0,    0,    0,    0,    0,    0,    0,    0,    0,    0,    0,    0,    0,    0,    0,    0,    0,    0,
       0,    0,    0,    0,    0,    0,    0,    0,    0,    0,    0,    0,    0,    0,    0,    0,    0,    0,    0,    0,    0,    0,   -6,    0,    0,   -7,    0,    0,    0,    0,    0,    0,    0,    0,    0,    0,    0,    0,    0,    0,    0,    0,    0,    0,    0,    0,    0,    0,    0,    0,    0,    0,    0,    0,    0,    0,    0,    0,    0,    0,    0,   -4,    0,    0,    0,    0,    0,    0,    0,    0,    0,    0,    0,    0,    0,    0,    0,    0,    0,    0,    0,    0,    0,    0,    0,    0,    0,    0,    0,    0,    0,    0,    0,    0,    0,    0,    0,    0,    0,    0,    0,    0,    0,    0,    0,    0,    0,    0,    0,    0,    0,    0,    0,    0,    0,    0,    0,    0,    0,    0,    0,    0,    0,    0,    0,    0,    0,    0,    0,    0,    0,    0,    0,    0,    0,    0,    0,    0,    0,    0,    0,    0,    0,
       0,    0,    0,    0,    0,    0,    0,    0,    0,    0,    0,    0,    0,    0,    0,    0,    0,    0,    0,    0,    0,    0,    0,    0,    0,    0,    0,    0,    0,    0,    0,    0,    0,    0,    0,    0,    0,    0,    0,    0,    0,    0,    0,    0,    0,    0,    0,    0,    0,    0,    0,    0,    0,    0,    0,    0,    0,    0,    0,    0,    0,    0,    0,    0,    0,    0,    0,    0,    0,    0,    8,    0,    0,    0,    0,    4,    0,    0,   -6,   -6,    7,    0,    0,    0,    0,    0,    0,    0,    0,    0,    0,    0,    0,    0,   -4,    0,    0,    0,    0,    0,    7,   -4,    0,    0,    0,    0,    0,    0,    0,    0,    0,    0,    0,    0,    0,    0,    0,    0,    0,    0,    0,    0,    0,    9,    0,    0,    0,    0,   -8,    0,    0,    0,    0,    0,    0,    0,    0,    0,    0,    0,    0,    0,    0,
       0,   -5,    0,    0,   -4,   -9,    0,    7,   -6,    0,   -5,    0,    0,    0,    0,    0,    0,    0,    0,    0,    0,    0,    0,    0,    0,    0,    0,   -3,    0,    0,    0,    0,    0,    0,    0,    0,    0,    0,    0,    0,    0,    0,    0,    0,    0,    0,    0,    0,    0,    0,    0,    0,    0,    0,    0,    0,    0,    0,    0,    0,    0,    0,    0,    0,    0,    0,    0,   -5,    0,   -5,    0,    0,   -3,    0,    0,    0,    0,    0,    0,    0,   -5,   -5,   -4,   -7,    0,    0,    0,    0,    0,    0,   -6,    0,    0,    0,    0,    0,    0,   -5,   -5,    0,   -5,    0,    0,   -5,    0,    0,    0,    0,    0,    0,    0,    0,    0,    0,   -5,    0,    0,    0,    0,   -5,    0,   -4,    0,    0,    0,    0,    0,    0,  -12,    0,    0,    0,    0,    0,    0,    0,    0,    0,    0,    0,    0,    0,    0,
       0,    0,    0,   -6,    8,    0,  -27,  -18,  -33,  -20,    9,  -12,    0,    0,    0,    0,    0,    0,    0,    0,    0,    0,    0,    0,    0,    0,    0,   -4,    0,   10,    0,    0,    0,    0,    0,    0,    0,    0,    0,    0,    0,    0,    0,    0,    0,    0,    0,   -9,    0,  -25,  -22,    0,    0,    0,    0,    0,    0,    0,    0,    0,    0,    0,    0,    0,    0,    0,    0,    9,   -6,    0,  -28,  -26,    0,  -27,  -24,    0,    0,   -3,   -8,   -8,    9,    0,    0,   -5,  -25,   -3,  -17,  -17,  -21,  -20,    0,   -3,  -21,  -22,  -25,  -17,  -21,    0,    0,  -24,  -25,  -17,  -17,    0,  -22,  -17,  -17,    0,  -19,  -24,    0,   13,    0,    0,    0,    0,   -6,  -21,    4,    0,    0,    0,  -28,  -36,  -25,   -5,  -20,    0,  -16,    0,    0,    0,    0,    0,    0,    0,    0,    0,    0,    9,    7,    0,    0,
       0,    0,    0,   -4,    5,   -3,    8,   -4,    4,    6,    5,    0,    0,    0,    0,    0,    0,    0,    0,    0,    0,    0,    0,    0,    0,    0,    0,    0,    0,    9,    0,    0,    0,    0,    0,    0,    0,    0,    0,    0,    0,    0,    0,    0,    0,    0,    0,   -5,    5,   -8,    5,    0,    0,    0,    0,    0,    0,    0,    0,    0,    0,    0,    0,    0,    0,    0,    0,    7,   -6,    6,   10,    4,    0,    9,    5,    5,    4,    0,   -8,   -9,    9,    0,    0,    0,    3,    0,    0,    0,    5,    0,    4,    0,    5,    0,   -4,    0,    0,    0,    0,    0,    8,    0,    0,    0,    0,    0,    0,    3,    0,    2,    0,    0,    0,    3,    0,    0,   -6,    0,    4,    0,    0,    0,   -7,    9,    0,   -3,    0,    0,   -5,    0,    0,    0,    0,    0,    0,    0,    0,    0,    0,    7,   12,    0,    0,
       0,   -4,    0,   -4,   -3,  -12,    3,    9,   -5,    0,   -3,    0,    0,    0,    0,    0,    0,    0,    0,    0,    0,    0,    0,    0,    0,    0,    0,   -5,    0,    0,    0,    0,    0,    0,    0,    0,    0,    0,    0,    0,    0,    0,    0,    0,    0,    0,    0,    0,    0,    5,    0,    0,    0,    0,    0,    0,    0,    0,    0,    0,    0,    0,    0,    0,    0,    0,    0,   -7,    0,    0,    0,    0,    0,    0,    0,    0,    0,    0,    0,    0,    0,   -4,   -4,   -7,    4,    0,    0,    0,    0,    0,    0,    0,    0,    0,    0,    0,    0,   -9,   -7,    0,   -4,    0,    0,   -8,    0,    0,    0,    0,    0,    0,    0,    0,    0,    0,   -6,    0,    0,    0,    0,   -8,    0,   -6,    0,    0,    0,    0,    0,    0,  -14,    0,    0,    0,    0,    0,    0,    0,    0,    0,    0,   -7,    0,    0,    0,
       0,    0,    0,    0,    0,    0,    0,    0,  -10,    0,    0,    0,    0,    0,    0,    0,    0,    0,    0,    0,    0,    0,    0,    0,    0,    0,    0,    0,    0,    0,    0,    0,    0,    0,    0,    0,    0,    0,    0,    0,    0,    0,    0,    0,    0,    0,    0,    0,    0,    0,    3,    0,    0,    0,    0,    0,    0,    0,    0,    0,    0,    0,    0,    0,    0,    0,    0,    0,    0,    0,   -4,    0,    0,   -6,    0,    0,    0,    0,    0,    0,    0,    0,    0,    0,    0,    0,    0,    0,    0,    0,    0,    0,    0,    0,    0,    0,    0,    0,    0,    0,    0,    0,    0,    0,    0,    0,    0,    0,    0,    0,    0,    0,    0,    0,    0,    0,    0,    0,    0,    0,    0,    0,    0,    0,    0,    0,    0,    0,    0,    0,    0,    0,    0,    0,    0,    0,    0,    0,    0,    5,    5,    0,    0,
       0,  -20,    0,    0,  -11,   -8,    0,    7,   -6,    0,  -11,    0,    0,    0,    0,    0,    0,    0,    0,    0,    0,    0,    0,    0,    0,    0,    0,   -5,    0,  -13,    0,    0,    0,    0,    0,    0,    0,    0,    0,    0,    0,    0,    0,    0,    0,    0,    0,    0,   -9,    0,    0,    0,    0,    0,    0,    0,    0,    0,    0,    0,    0,    0,    0,    0,    0,    0,    0,  -21,    0,   -5,    0,    0,   -4,    0,    0,   -6,    0,    0,    0,    0,   -5,   -4,   -4,   -9,    0,    0,    0,    0,    0,    0,   -6,    0,    0,    0,    0,    0,    0,   -4,   -4,    0,   -5,    0,    0,   -4,    0,    0,    0,    0,    0,    0,    0,    0,    0,    0,   -5,    0,    0,    0,  -24,   -4,    0,    0,    0,    0,    0,    0,    0,    0,  -10,    0,    0,    0,    0,    0,    0,    0,    0,    0,    0,  -20,  -17,    0,    0,
       0,  -14,    0,    0,    0,   -9,    7,    7,    0,    0,   -6,    0,    0,    0,    0,    0,    0,    0,    0,    0,    0,    0,    0,    0,    0,    0,    0,    0,    0,  -10,    0,    0,    0,    0,    0,    0,    0,    0,    0,    0,    0,    0,    0,    0,    0,    0,    0,    0,   -7,    0,    0,    0,    0,    0,    0,    0,    0,    0,    0,    0,    0,    0,    0,    0,    0,    0,    0,  -15,    0,    0,    0,    0,    0,    0,    0,    0,    0,    0,    0,    0,    0,   -4,    0,    0,    0,    0,    0,    0,    0,    0,    0,    0,    0,    0,    0,    0,    0,   -5,    0,    0,    0,    0,    0,    0,    0,    0,    0,    0,    0,    0,    0,    0,    0,    0,   -5,    0,    0,    0,  -12,   -4,    0,   -4,    0,    8,    0,    0,    0,    0,  -10,    0,    0,    0,    0,    0,    0,    0,    0,    0,    0,  -11,  -11,    0,    0,
       0,    0,    0,   -6,    8,  -13,   10,  -17,    8,    3,    0,   -5,    0,    0,    0,    0,    0,    0,    0,    0,    0,    0,    0,    0,    0,    0,    0,    0,    0,    9,    0,    0,    0,    0,    0,    0,    0,    0,    0,    0,    0,    0,    0,    0,    0,    0,    0,   -5,    6,  -17,    0,    0,    0,    0,    0,    0,    0,    0,    0,    0,    0,    0,    0,    0,    0,    0,    0,    8,  -12,    0,    7,    4,    4,    8,    6,    8,    0,    0,  -18,  -18,   12,    0,    0,    0,   -3,   -7,    0,    0,    6,   -7,    8,    0,    6,    0,  -13,    0,   -7,  -13,  -12,   -9,   11,  -17,    0,   -8,    5,    0,    5,    4,   -6,    3,    0,    0,    0,    4,   -6,    0,  -13,   -7,    6,  -13,    0,   -8,  -18,   13,    0,   -6,   -5,    0,  -19,    0,    0,    0,    0,    0,    0,    0,    0,    0,    0,    0,    0,    0,    0,
       0,    4,    0,  -10,   11,    0,  -27,  -10,  -31,   -4,    9,  -10,    0,    0,    0,    0,    0,    0,    0,    0,    0,    0,    0,    0,    0,    0,    0,    0,    0,   12,    0,    0,    0,    0,    0,    0,    0,    0,    0,    0,    0,    0,    0,    0,    0,    0,    0,   -6,    8,  -13,    0,    0,    0,    0,    0,    0,    0,    0,    0,    0,    0,    0,    0,    0,    0,    0,    0,   11,   -7,    0,  -29,  -22,    6,  -22,  -20,    8,    0,   -3,   -8,   -7,   11,    0,    0,   -7,  -14,   -5,   -6,   -6,  -19,  -12,    0,    0,  -19,  -10,  -18,   -6,  -13,    0,    0,  -13,    0,    0,   -6,    0,    0,   -5,  -10,    7,  -11,  -13,    0,   18,    0,    7,    0,    0,   -7,  -12,    9,    0,    0,    0,    0,  -26,   -8,    0,   -7,    0,    0,    0,    0,    0,    0,    0,    0,    0,    0,    0,    0,    9,   12,    0,    0,
       0,  -19,    0,   -6,    0,  -27,   10,    0,    8,    6,  -11,    0,    0,    0,    0,    0,    0,    0,    0,    0,    0,    0,    0,    0,    0,    0,    0,    0,    0,   -9,    0,    0,    0,    0,    0,    0,    0,    0,    0,    0,    0,    0,    0,    0,    0,    0,    0,   -3,    0,   -5,    4,    0,    0,    0,    0,    0,    0,    0,    0,    0,    0,    0,    0,    0,    0,    0,    0,  -27,   -6,    6,   11,    4,    0,   12,    6,    8,    4,    0,   -8,   -9,   12,  -14,    0,    0,    0,    0,    0,    0,    6,    0,    8,    0,    6,    0,   -4,    0,    0,   -9,   -7,    0,    8,   -8,    0,   -7,    5,    0,    5,    0,    0,    3,    0,    0,    0,    0,   -6,    0,   -7,    0,  -23,   -8,    0,  -12,   -6,   13,    0,   -6,    0,    0,  -14,    0,    0,    0,    0,    0,    0,    0,    0,    0,    0,  -25,  -22,    0,    0,
       0,    0,    0,    0,   -4,   -4,    0,    4,  -10,    4,   -7,    0,    0,    0,    0,    0,    0,    0,    0,    0,    0,    0,    0,    0,    0,    0,    0,    0,    0,   -8,    0,    0,    0,    0,    0,    0,    0,    0,    0,    0,    0,    0,    0,    0,    0,    0,    0,    0,   -6,    3,    4,    0,    0,    0,    0,    0,    0,    0,    0,    0,    0,    0,    0,    0,    0,    0,    0,   -6,    0,   -3,    0,    0,    0,   -3,    0,   -4,    0,    0,    0,    0,   -7,    0,   -4,   -6,    0,    0,    0,    0,    0,    0,    0,    0,    0,    0,    0,    0,    0,    0,    0,    0,   -3,    0,    0,    0,    0,    0,    0,    0,    0,    0,    0,    0,    0,    0,    0,    0,    0,    0,   -7,    0,    0,    0,    0,    0,    0,    0,    0,    0,    0,    0,    0,    0,    0,    0,    0,    0,    0,    0,    0,    0,    0,    0,    0,
       0,   -6,    0,    0,    7,  -12,    9,    0,   12,    0,   -4,    0,    0,    0,    0,    0,    0,    0,    0,    0,    0,    0,    0,    0,    0,    0,    0,    0,    0,    6,    0,    0,    0,    0,    0,    0,    0,    0,    0,    0,    0,    0,    0,    0,    0,    0,    0,   -5,    6,   -5,    0,    0,    0,    0,    0,    0,    0,    0,    0,    0,    0,    0,    0,    0,    0,    0,    0,   -9,    0,    0,    6,    5,    0,    6,    5,    6,    4,    0,    0,  -10,    6,  -10,    0,    0,    0,    0,    0,    0,    5,    0,    6,    0,    6,    0,    0,    0,    0,    0,    7,    0,    6,   -7,    0,    0,    0,    0,    0,    0,    0,    0,    0,    0,   20,    0,    0,    0,    0,    0,   -7,    0,    0,   -7,    0,   11,    0,    0,    0,    0,    0,    0,    0,    0,    0,    0,    0,    0,    0,    0,    0,   -4,   -4,    0,    0,
       0,    0,    0,   -6,    8,  -13,   10,  -17,    8,    3,    4,   -5,    0,    0,    0,    0,    0,    0,    0,    0,    0,    0,    0,    0,    0,    0,    0,    0,    0,    9,    0,    0,    0,    0,    0,    0,    0,    0,    0,    0,    0,    0,    0,    0,    0,    0,    0,   -4,    7,  -17,    0,    0,    0,    0,    0,    0,    0,    0,    0,    0,    0,    0,    0,    0,    0,    0,    0,    8,  -11,    0,    7,    4,    6,    8,    6,    8,    0,    0,  -18,  -15,   12,    0,    0,    0,   -3,   -6,    0,    0,    6,   -6,    8,    0,    6,    0,  -13,    0,   -6,   -9,   -7,   -8,   11,  -12,    0,   -8,    0,    0,    0,    6,   -5,    3,    0,    0,    0,    6,   -6,    0,  -11,   -6,    8,   -9,    0,   -4,  -14,   13,    0,   -3,   -5,    0,  -15,    0,    0,    0,    0,    0,    0,    0,    0,    0,    0,    0,    0,    0,    0,
       0,    0,    0,    0,   -4,   -4,    0,    4,  -10,    4,   -7,    0,    0,    0,    0,    0,    0,    0,    0,    0,    0,    0,    0,    0,    0,    0,    0,    0,    0,   -8,    0,    0,    0,    0,    0,    0,    0,    0,    0,    0,    0,    0,    0,    0,    0,    0,    0,    0,   -6,    3,    4,    0,    0,    0,    0,    0,    0,    0,    0,    0,    0,    0,    0,    0,    0,    0,    0,   -6,    0,   -4,    0,    0,    0,   -3,    0,   -3,    0,    0,    0,    0,   -7,    0,    0,   -5,    0,    0,    0,    0,    0,    0,    0,    0,    0,    0,    0,    0,    0,    0,    0,    0,   -3,    0,    0,    0,    0,    0,    0,    0,    0,    0,    0,    0,    0,    0,    0,    0,    0,    0,   -6,    0,    0,    0,    0,    0,    0,    0,    0,    0,    0,    0,    0,    0,    0,    0,    0,    0,    0,    0,    0,    0,    0,    0,    0,
       0,    0,    0,   -4,   -5,   -3,    0,    0,    0,    0,   -5,    0,    0,    0,    0,    0,    0,    0,    0,    0,    0,    0,    0,    0,    0,    0,    0,   -3,    0,   -4,    0,    0,    0,    0,    0,    0,    0,    0,    0,    0,    0,    0,    0,    0,    0,    0,    0,    0,   -4,    0,    0,    0,    0,    0,    0,    0,    0,    0,    0,    0,    0,    0,    0,    0,    0,    0,    0,   -3,    0,    0,    0,    0,    0,    0,    0,    0,    0,    0,    0,    0,    0,    0,    0,    0,    0,    0,    0,    0,    0,    0,    0,    0,    0,    0,    0,    0,    0,    0,    0,   -4,    0,   -4,    0,    0,    0,    0,    0,    0,    0,    0,    0,    0,    0,    0,    0,    0,    0,    0,   -4,    0,    0,    0,    0,    0,    0,    0,    0,    0,    0,    0,    0,    0,    0,    0,    0,    0,    0,    0,    0,   -7,   -5,    0,    0,
       0,    0,    0,    0,   -7,    0,  -13,    7,  -17,    0,   -6,    0,    0,    0,    0,    0,    0,    0,    0,    0,    0,    0,    0,    0,    0,    0,    0,   -3,    0,   -7,    0,    0,    0,    0,    0,    0,    0,    0,    0,    0,    0,    0,    0,    0,    0,    0,    0,    0,   -8,    3,    0,    0,    0,    0,    0,    0,    0,    0,    0,    0,    0,    0,    0,    0,    0,    0,    0,   -8,    0,    0,   -8,    0,   -8,   -8,    0,  -12,   -7,    0,    0,    0,  -13,    0,   -9,   -5,    0,    0,    0,    0,    0,    0,    0,    0,    0,    0,    0,    0,    0,    0,    0,    0,    0,    0,    0,    0,    0,    0,    0,    0,    0,    0,    0,    0,    0,    0,    0,    0,    0,    0,  -10,    0,    0,    0,    0,   -7,    0,    0,    0,   -8,    0,    0,    0,    0,    0,    0,    0,    0,    0,    0,    0,    0,    3,    0,    0,
       0,    0,    0,    0,   -3,    0,  -35,    0,  -26,    4,    0,    0,    0,    0,    0,    0,    0,    0,    0,    0,    0,    0,    0,    0,    0,    0,    0,   -5,    0,   -4,    0,    0,    0,    0,    0,    0,    0,    0,    0,    0,    0,    0,    0,    0,    0,    0,    0,    0,   -3,   -3,    4,    0,    0,    0,    0,    0,    0,    0,    0,    0,    0,    0,    0,    0,    0,    0,    0,    4,    0,    0,  -30,  -20,    0,  -23,  -19,   -5,   -4,    0,    0,    0,   -7,    0,   -3,    0,   -7,    0,    0,    0,  -14,    0,    0,    0,  -14,   -4,   -5,    0,    0,    0,    4,    0,    4,    0,    0,    0,    0,    0,    0,    0,    0,    0,    0,    0,    0,    0,    0,    4,    0,    0,    0,    4,    0,    4,    0,  -20,    0,    0,    0,    0,    0,    0,    0,    0,    0,    0,    0,    0,    0,    0,    0,   10,   10,    0,    0,
       0,    6,    0,   -6,    8,    0,  -27,  -18,  -33,  -20,    9,  -12,    0,    0,    0,    0,    0,    0,    0,    0,    0,    0,    0,    0,    0,    0,    0,    0,    0,   10,    0,    0,    0,    0,    0,    0,    0,    0,    0,    0,    0,    0,    0,    0,    0,    0,    0,   -6,    6,  -25,  -22,    0,    0,    0,    0,    0,    0,    0,    0,    0,    0,    0,    0,    0,    0,    0,    0,    9,    0,    0,  -28,  -22,    5,  -27,  -21,    6,    0,   -3,   -8,   -4,    9,    0,    0,    0,  -25,    0,    0,    0,  -15,  -16,    0,    0,  -16,   -7,  -25,    0,  -16,    0,    0,  -19,  -25,    0,    0,    0,    0,    0,  -12,    5,  -14,  -24,    0,   16,    0,    5,    0,    0,    0,  -16,    7,    0,    0,    6,    0,  -17,   -4,    0,   -5,    0,    0,    0,    0,    0,    0,    0,    0,    0,    0,    0,    0,    9,    7,    0,    0,
       0,   -4,    0,    0,  -11,    0,  -13,    6,  -13,    0,   -8,    0,    0,    0,    0,    0,    0,    0,    0,    0,    0,    0,    0,    0,    0,    0,    0,   -5,    0,  -12,    0,    0,    0,    0,    0,    0,    0,    0,    0,    0,    0,    0,    0,    0,    0,    0,    0,    0,   -9,    0,    0,    0,    0,    0,    0,    0,    0,    0,    0,    0,    0,    0,    0,    0,    0,    0,    0,   -3,    0,    0,  -12,  -11,  -11,   -9,  -10,  -14,   -9,    0,    0,    0,  -13,    0,  -11,   -4,    0,    0,    0,    0,   -8,    0,    0,    0,   -9,   -3,    0,    0,    0,    0,    0,    0,    0,    0,    0,    0,    0,    0,    0,   -3,    0,    0,    0,    0,    0,   -3,    0,    0,    0,    0,  -11,    0,    0,    0,    0,  -12,    0,    0,    0,  -11,    0,    0,    0,    0,    0,    0,    0,    0,    0,    0,    0,    0,    0,    0,    0,
       0,    0,    0,   -6,    9,   -9,    8,  -11,    8,    6,    7,   -5,    0,    0,    0,    0,    0,    0,    0,    0,    0,    0,    0,    0,    0,    0,    0,    0,    0,   10,    0,    0,    0,    0,    0,    0,    0,    0,    0,    0,    0,    0,    0,    0,    0,    0,    0,   -5,    6,  -12,    0,    0,    0,    0,    0,    0,    0,    0,    0,    0,    0,    0,    0,    0,    0,    0,    0,    9,   -9,    6,    8,    4,    5,   12,    6,    8,    3,    0,  -13,  -13,   12,    0,    0,    0,    0,   -6,    0,    0,    6,   -6,    8,    0,    6,    0,  -10,    0,   -6,   -7,   -6,   -7,    8,  -11,    0,   -7,    0,    0,    0,    5,   -5,    3,    0,    0,    0,    5,   -4,    0,  -10,   -6,    7,   -6,    0,    0,  -12,   13,    0,   -4,   -4,    0,  -13,    0,    0,    0,    0,    0,    0,    0,    0,    0,    0,    3,    5,    0,    0,
       0,    0,    0,    0,   -7,    0,  -13,    7,  -17,    0,   -6,    0,    0,    0,    0,    0,    0,    0,    0,    0,    0,    0,    0,    0,    0,    0,    0,   -3,    0,   -7,    0,    0,    0,    0,    0,    0,    0,    0,    0,    0,    0,    0,    0,    0,    0,    0,    0,    0,   -8,    3,    0,    0,    0,    0,    0,    0,    0,    0,    0,    0,    0,    0,    0,    0,    0,    0,    0,   -8,    0,    0,   -8,    0,   -8,   -8,    0,  -11,   -7,    0,    0,    0,  -13,    0,   -8,   -5,    0,    0,    0,    0,    0,    0,    0,    0,    0,    0,    0,    0,    0,    0,    0,    0,    0,    0,    0,    0,    0,    0,    0,    0,    0,    0,    0,    0,    0,    0,    0,    0,    0,    0,  -10,    0,    0,    0,    0,   -7,    0,    0,    0,   -8,    0,    0,    0,    0,    0,    0,    0,    0,    0,    0,    0,    0,    3,    0,    0,
       0,   -8,    0,    0,   -7,  -10,    0,    5,    0,    0,  -11,    0,    0,    0,    0,    0,    0,    0,    0,    0,    0,    0,    0,    0,    0,    0,    0,    0,    0,  -11,    0,    0,    0,    0,    0,    0,    0,    0,    0,    0,    0,    0,    0,    0,    0,    0,    0,    0,   -6,    0,    0,    0,    0,    0,    0,    0,    0,    0,    0,    0,    0,    0,    0,    0,    0,    0,    0,    0,    0,    0,    0,    0,    0,    0,    0,    0,    0,    0,    0,    0,    0,    0,    0,    0,    0,    0,    0,    0,    0,    0,    0,    0,    0,    0,    0,    0,    0,    0,    0,    0,    0,    0,    0,    0,    0,    0,    0,    0,    0,    0,    0,    0,    0,    0,    0,    0,    0,    0,    0,    0,    0,    0,    0,    0,    0,    0,    0,    0,   -5,    0,    0,    0,    0,    0,    0,    0,    0,    0,    0,   -7,   -7,    0,    0,
       0,    0,    0,    0,    0,   -6,    0,    8,   -6,    0,    0,    0,    0,    0,    0,    0,    0,    0,    0,    0,    0,    0,    0,    0,    0,    0,    0,   -4,    0,    0,    0,    0,    0,    0,    0,    0,    0,    0,    0,    0,    0,    0,    0,    0,    0,    0,    0,    0,    0,    0,    0,    0,    0,    0,    0,    0,    0,    0,    0,    0,    0,    0,    0,    0,    0,    0,    0,    0,    0,    0,    0,    0,    0,    0,    0,    0,    0,    0,    0,    0,    0,    0,    0,    0,    0,    0,    0,    0,    0,    0,   -5,    0,    0,    0,    0,    0,    0,    0,    0,    0,   -4,    0,    0,    0,    0,    0,    0,    0,    0,    0,    0,    0,    0,    0,    0,    0,    0,    0,    0,    0,    0,    0,    0,    0,    0,    0,    0,    0,   -5,    0,    0,    0,    0,    0,    0,    0,    0,    0,    0,    0,    0,    0,    0,
       0,   -7,    0,    0,   -6,   -5,    0,    0,    0,    0,   -6,    0,    0,    0,    0,    0,    0,    0,    0,    0,    0,    0,    0,    0,    0,    0,    0,    0,    0,   -9,    0,    0,    0,    0,    0,    0,    0,    0,    0,    0,    0,    0,    0,    0,    0,    0,    0,    0,   -6,    0,    0,    0,    0,    0,    0,    0,    0,    0,    0,    0,    0,    0,    0,    0,    0,    0,    0,    0,    0,    0,    0,    0,    0,    0,    0,    0,    0,    0,    0,    0,    0,    0,    0,    0,    0,    0,    0,    0,    0,    0,    0,    0,    0,    0,    0,    0,    0,    0,    0,    0,    0,    0,    0,    0,    0,    0,    0,    0,    0,    0,    0,    0,    0,    0,    0,    0,    0,    0,    0,    0,    0,    0,    0,    0,    0,    0,    0,    0,   -4,    0,    0,    0,    0,    0,    0,    0,    0,    0,    0,   -5,   -4,    0,    0,
       0,    0,    0,    0,    0,    0,  -19,    0,  -13,    5,    0,    0,    0,    0,    0,    0,    0,    0,    0,    0,    0,    0,    0,    0,    0,    0,    0,    0,    0,   -7,    0,    0,    0,    0,    0,    0,    0,    0,    0,    0,    0,    0,    0,    0,    0,    0,    0,    0,    0,    0,    5,    0,    0,    0,    0,    0,    0,    0,    0,    0,    0,    0,    0,    0,    0,    0,    0,    0,    0,    0,    0,    0,    0,    0,    0,    0,    0,    0,    0,    0,    0,    0,    0,    0,    0,    0,    0,    0,  -10,    0,    6,    0,  -11,    0,    0,    0,    0,    6,    8,    0,    7,    0,    0,    6,    0,    0,    0,    0,    0,    0,    0,    0,    0,    0,    8,    8,    0,    0,    0,    8,    0,    0,    8,    0,    0,    0,    0,    0,    0,    0,    0,    0,    0,    0,    0,    0,    0,    0,    0,    6,    7,    0,    0,
       0,   -7,    0,    0,    7,   -7,    9,    0,   11,    0,   -4,    0,    0,    0,    0,    0,    0,    0,    0,    0,    0,    0,    0,    0,    0,    0,    0,    0,    0,    6,    0,    0,    0,    0,    0,    0,    0,    0,    0,    0,    0,    0,    0,    0,    0,    0,    0,    0,    6,   -3,    0,    0,    0,    0,    0,    0,    0,    0,    0,    0,    0,    0,    0,    0,    0,    0,    0,    0,    0,    0,    0,    0,    0,    0,    0,    0,    0,    0,    0,    0,    0,    0,    0,    0,    0,    0,    0,    0,    5,    0,    6,    0,    6,    0,    0,    0,    0,   -4,    7,    0,    6,   -4,    0,   -3,    3,    0,    0,    0,    0,    0,    0,    0,   20,    0,    0,    0,    0,    0,    0,    0,    0,    0,    0,    0,    0,    0,    0,    0,    0,    0,    0,    0,    0,    0,    0,    0,    0,    0,    0,   -6,   -4,    0,    0,
       0,   -8,    0,    0,   -7,  -10,   -7,    4,   -4,    0,   -8,    0,    0,    0,    0,    0,    0,    0,    0,    0,    0,    0,    0,    0,    0,    0,    0,    0,    0,  -11,    0,    0,    0,    0,    0,    0,    0,    0,    0,    0,    0,    0,    0,    0,    0,    0,    0,    0,   -6,    4,    0,    0,    0,    0,    0,    0,    0,    0,    0,    0,    0,    0,    0,    0,    0,    0,    0,    0,    0,    0,    0,    0,    0,    0,    0,    0,    0,    0,    0,    0,    0,    0,    0,    0,    0,    0,    0,    0,    0,    0,    0,    0,    0,    0,    0,    0,    0,    0,    0,    0,   -5,    0,    0,    0,    0,    0,    0,    0,    0,    0,    0,    0,    0,    0,    0,    0,    0,    0,    0,    0,    0,    0,    0,    0,    0,    0,    0,    0,   -3,    0,    0,    0,    0,    0,    0,    0,    0,    0,    0,   -3,   -6,    0,    0,
       0,    0,    0,   -4,    0,    4,    4,  -15,    7,    3,    0,   -7,    0,    0,    0,    0,    0,    0,    0,    0,    0,    0,    0,    0,    0,    0,    0,    0,    0,   -9,    0,    0,    0,    0,    0,    0,    0,    0,    0,    0,    0,    0,    0,    0,    0,    0,    0,   -4,    0,  -12,    0,    0,    0,    0,    0,    0,    0,    0,    0,    0,    0,    0,    0,    0,    0,    0,    0,    0,    0,    0,    0,    0,    0,    0,    0,    0,    0,    0,    0,    0,    0,    0,    0,    0,   -3,    0,    0,    0,    6,   -5,    8,    4,    6,    0,  -12,    0,   -5,    5,    6,   -6,    7,    0,    0,    5,    5,    0,    5,    0,    0,    0,    0,    0,    0,    0,    6,    3,    0,   -5,    0,    6,    0,    0,    0,    0,    0,    0,    0,    0,    0,    0,    0,    0,    0,    0,    0,    0,    0,    0,    0,    4,    8,    0,    0,
       0,   -4,    0,    0,   -4,    0,    3,    5,    0,    0,   -4,    0,    0,    0,    0,    0,    0,    0,    0,    0,    0,    0,    0,    0,    0,    0,    0,    0,    0,   -8,    0,    0,    0,    0,    0,    0,    0,    0,    0,    0,    0,    0,    0,    0,    0,    0,    0,    0,   -4,    0,    0,    0,    0,    0,    0,    0,    0,    0,    0,    0,    0,    0,    0,    0,    0,    0,    0,    0,    0,    0,    0,    0,    0,    0,    0,    0,    0,    0,    0,    0,    0,    0,    0,    0,    0,    0,    0,    0,    0,    0,    0,    0,    4,    0,    0,    0,    0,    0,    0,    0,    0,    0,    0,    0,    0,    0,    0,    0,    0,    0,    0,    0,    0,    0,    0,    0,    0,    0,    0,    0,    0,    0,    0,    0,    0,    0,    0,    0,    0,    0,    0,    0,    0,    0,    0,    0,    0,    0,    0,    0,    0,    0,    0,
       0,    0,    0,   -4,    0,    4,    4,  -15,    7,    3,    0,   -7,    0,    0,    0,    0,    0,    0,    0,    0,    0,    0,    0,    0,    0,    0,    0,    0,    0,   -9,    0,    0,    0,    0,    0,    0,    0,    0,    0,    0,    0,    0,    0,    0,    0,    0,    0,   -4,    0,  -12,    0,    0,    0,    0,    0,    0,    0,    0,    0,    0,    0,    0,    0,    0,    0,    0,    0,    0,    0,    0,    0,    0,    0,    0,    0,    0,    0,    0,    0,    0,    0,    0,    0,    0,   -3,    0,    0,    0,    6,   -6,    8,    4,    6,    0,  -12,    0,   -6,    6,    8,   -7,    7,    0,    0,    6,    5,    0,    5,    0,   -4,    0,    0,    0,    0,    0,    8,    4,    0,   -6,    0,    7,    0,    0,    0,    0,    0,    0,    0,    0,    0,    0,    0,    0,    0,    0,    0,    0,    0,    0,    0,    4,    8,    0,    0,
       0,    0,    0,    0,   -5,    0,    0,    4,    0,    0,   -5,    0,    0,    0,    0,    0,    0,    0,    0,    0,    0,    0,    0,    0,    0,    0,    0,    0,    0,   -7,    0,    0,    0,    0,    0,    0,    0,    0,    0,    0,    0,    0,    0,    0,    0,    0,    0,    0,   -4,    0,    0,    0,    0,    0,    0,    0,    0,    0,    0,    0,    0,    0,    0,    0,    0,    0,    0,    0,    0,    0,    0,    0,    0,    0,    0,    0,    0,    0,    0,    0,    0,    0,    0,    0,    0,    0,    0,    0,    0,    0,    0,    0,    0,    0,    0,    0,    0,    0,    0,    0,    0,    0,    0,    0,    0,    0,    0,    0,    0,    0,    0,    0,    0,    0,    0,    0,    0,    0,    0,    0,    0,    0,    0,    0,    0,    0,    0,    0,   -5,    0,    0,    0,    0,    0,    0,    0,    0,    0,    0,    0,    0,    0,    0,
       0,   -4,    0,    0,   -4,   -5,    0,    0,    0,    0,   -5,    0,    0,    0,    0,    0,    0,    0,    0,    0,    0,    0,    0,    0,    0,    0,    0,    0,    0,   -9,    0,    0,    0,    0,    0,    0,    0,    0,    0,    0,    0,    0,    0,    0,    0,    0,    0,    0,   -6,    0,    0,    0,    0,    0,    0,    0,    0,    0,    0,    0,    0,    0,    0,    0,    0,    0,    0,    0,    0,    0,    0,    0,    0,    0,    0,    0,    0,    0,    0,    0,    0,    0,    0,    0,    0,    0,    0,    0,    0,    0,    0,    0,    0,    0,    0,    0,    0,    0,    0,    0,    0,    0,    0,    0,    0,    0,    0,    0,    0,    0,    0,    0,    0,    0,    0,    0,    0,    0,    0,    0,    0,    0,    0,    0,    0,    0,    0,    0,   -7,    0,    0,    0,    0,    0,    0,    0,    0,    0,    0,    0,    0,    0,    0,
       0,    0,    0,    0,   -5,    0,    0,    4,    0,    0,   -5,    0,    0,    0,    0,    0,    0,    0,    0,    0,    0,    0,    0,    0,    0,    0,    0,    0,    0,   -8,    0,    0,    0,    0,    0,    0,    0,    0,    0,    0,    0,    0,    0,    0,    0,    0,    0,    0,   -5,    0,    0,    0,    0,    0,    0,    0,    0,    0,    0,    0,    0,    0,    0,    0,    0,    0,    0,    0,    0,    0,    0,    0,    0,    0,    0,    0,    0,    0,    0,    0,    0,    0,    0,    0,    0,    0,    0,    0,    0,    0,    0,    0,    0,    0,    0,    0,    0,    0,    0,    0,    0,    0,    0,    0,    0,    0,    0,    0,    0,    0,    0,    0,    0,    0,    0,    0,    0,    0,    0,    0,    0,    0,    0,    0,    0,    0,    0,    0,   -5,    0,    0,    0,    0,    0,    0,    0,    0,    0,    0,    0,    0,    0,    0,
       0,  -10,    0,    0,   -8,  -10,  -10,    4,   -9,    0,   -9,    0,    0,    0,    0,    0,    0,    0,    0,    0,    0,    0,    0,    0,    0,    0,    0,    0,    0,  -12,    0,    0,    0,    0,    0,    0,    0,    0,    0,    0,    0,    0,    0,    0,    0,    0,    0,    0,   -7,    4,    0,    0,    0,    0,    0,    0,    0,    0,    0,    0,    0,    0,    0,    0,    0,    0,    0,    0,    0,    0,    0,    0,    0,    0,    0,    0,    0,    0,    0,    0,    0,    0,    0,    0,    0,    0,    0,    0,    0,    0,   -5,    0,    0,    0,    0,    0,    0,    0,    0,    0,   -6,    0,    0,    0,    0,    0,    0,    0,    0,    0,    0,    0,    0,    0,    0,    0,    0,    0,    0,    0,    0,    0,    0,    0,    0,    0,    0,    0,   -5,    0,    0,    0,    0,    0,    0,    0,    0,    0,    0,   -9,   -8,    0,    0,
       0,  -10,    0,    0,  -10,   -5,    0,    8,   -6,    0,   -6,    0,    0,    0,    0,    0,    0,    0,    0,    0,    0,    0,    0,    0,    0,    0,    0,   -5,    0,  -12,    0,    0,    0,    0,    0,    0,    0,    0,    0,    0,    0,    0,    0,    0,    0,    0,    0,    0,   -9,    0,    0,    0,    0,    0,    0,    0,    0,    0,    0,    0,    0,    0,    0,    0,    0,    0,    0,    0,    0,    0,    0,    0,    0,    0,    0,    0,    0,    0,    0,    0,    0,    0,    0,    0,    0,    0,    0,    0,    0,    0,   -5,    0,    0,    0,    0,    0,    0,    0,    0,    0,    0,    0,    0,    0,    0,    0,    0,   -4,    0,    0,    0,    0,    0,    0,    0,    0,    0,    0,    0,    0,    0,    0,    0,    0,    0,    0,    0,    0,   -4,    0,    0,    0,    0,    0,    0,    0,    0,    0,    0,   -7,   -8,    0,    0,
       0,    0,    0,    0,    0,    0,    6,   -3,    0,    3,   -4,   -3,    0,    0,    0,    0,    0,    0,    0,    0,    0,    0,    0,    0,    0,    0,    0,    0,    0,  -12,    0,    0,    0,    0,    0,    0,    0,    0,    0,    0,    0,    0,    0,    0,    0,    0,    0,    0,   -6,   -5,    0,    0,    0,    0,    0,    0,    0,    0,    0,    0,    0,    0,    0,    0,    0,    0,    0,    0,    0,    0,    0,    0,    0,    0,    0,    0,    0,    0,    0,    0,    0,    0,    0,    0,    0,    0,    0,    0,    0,    0,    5,    0,    0,    0,   -8,    0,    0,    0,    0,    0,    4,    0,    0,    0,    0,    0,    0,    0,    0,    0,    0,    0,    0,    0,    3,    0,    0,    0,    0,    3,    0,    0,    0,    0,    0,    0,    0,    0,    0,    0,    0,    0,    0,    0,    0,    0,    0,    0,    0,    4,    8,    0,    0,
       0,    0,    0,    0,    0,    0,  -12,    0,  -14,    0,    0,    0,    0,    0,    0,    0,    0,    0,    0,    0,    0,    0,    0,    0,    0,    0,    0,    0,    0,   -9,    0,    0,    0,    0,    0,    0,    0,    0,    0,    0,    0,    0,    0,    0,    0,    0,    0,    0,   -5,    0,    0,    0,    0,    0,    0,    0,    0,    0,    0,    0,    0,    0,    0,    0,    0,    0,    0,    0,    0,    0,    0,    0,    0,    0,    0,    0,    0,    0,    0,    0,    0,    0,    0,    0,    0,    0,    0,    0,  -10,    0,    5,    0,   -9,    0,    0,    0,    0,    5,    6,   -3,    6,    0,    0,    5,    0,    0,    0,    0,    0,    0,    0,    0,    0,    0,    6,    6,    0,    0,    0,    6,    0,    0,    6,    0,    0,    0,    0,    0,    0,    0,    0,    0,    0,    0,    0,    0,    0,    0,    0,    4,    6,    0,    0,
       0,    0,    0,    0,    0,    0,  -10,    0,  -11,    0,    0,    0,    0,    0,    0,    0,    0,    0,    0,    0,    0,    0,    0,    0,    0,    0,    0,    0,    0,   -7,    0,    0,    0,    0,    0,    0,    0,    0,    0,    0,    0,    0,    0,    0,    0,    0,    0,    0,    0,    0,    0,    0,    0,    0,    0,    0,    0,    0,    0,    0,    0,    0,    0,    0,    0,    0,    0,    0,    0,    0,    0,    0,    0,    0,    0,    0,    0,    0,    0,    0,    0,    0,    0,    0,    0,    0,    0,    0,   -8,    0,    6,    0,   -7,    0,    0,    0,    0,    6,    8,   -4,    7,    0,    0,    6,    0,    0,    0,    0,    0,    0,    0,    0,    0,    0,    8,    7,    0,    0,    0,    8,    0,    0,    4,    0,    0,    0,    0,    0,    0,    0,    0,    0,    0,    0,    0,    0,    0,    0,    0,    4,    7,    0,    0,
       0,  -15,    0,    0,  -12,   -6,    0,    8,   -7,    0,  -10,    0,    0,    0,    0,    0,    0,    0,    0,    0,    0,    0,    0,    0,    0,    0,    0,   -5,    0,  -13,    0,    0,    0,    0,    0,    0,    0,    0,    0,    0,    0,    0,    0,    0,    0,    0,    0,    0,   -9,    0,    0,    0,    0,    0,    0,    0,    0,    0,    0,    0,    0,    0,    0,    0,    0,    0,    0,    0,    0,    0,    0,    0,    0,    0,    0,    0,    0,    0,    0,    0,    0,    0,    0,    0,    0,    0,    0,    0,    0,    0,   -7,   -3,    0,    0,    0,    0,    0,   -3,   -4,    0,   -5,   -2,    0,    0,    0,    0,   -3,   -4,    0,    0,    0,    0,    0,   -4,    0,    0,    0,    0,    0,    0,    0,    0,    0,    0,    0,    0,    0,    0,   -6,    0,    0,    0,    0,    0,    0,    0,    0,    0,    0,  -15,  -12,    0,    0,
       0,    0,    0,   -4,    0,    4,    6,   -7,    7,    5,    0,   -3,    0,    0,    0,    0,    0,    0,    0,    0,    0,    0,    0,    0,    0,    0,    0,    0,    0,  -10,    0,    0,    0,    0,    0,    0,    0,    0,    0,    0,    0,    0,    0,    0,    0,    0,    0,   -3,    0,   -9,    0,    0,    0,    0,    0,    0,    0,    0,    0,    0,    0,    0,    0,    0,    0,    0,    0,    0,    0,    0,    0,    0,    0,    0,    0,    0,    0,    0,    0,    0,    0,    0,    0,    0,    0,    0,    0,    0,    6,   -4,    8,    4,    6,    0,   -8,    0,   -4,    5,    7,   -5,   11,    0,    0,    5,    5,    0,    5,    0,    0,    0,    0,    0,    0,    0,    7,    4,    0,   -4,    0,    6,    0,    0,    0,    0,    0,    0,    0,    0,    0,    0,    0,    0,    0,    0,    0,    0,    0,    0,    0,    5,    9,    0,    0,
       0,  -24,    0,    0,   -7,  -18,    0,    4,    0,    0,   -7,    0,    0,    0,    0,    0,    0,    0,    0,    0,    0,    0,    0,    0,    0,    0,    0,   -4,    0,  -11,    0,    0,    0,    0,    0,    0,    0,    0,    0,    0,    0,    0,    0,    0,    0,    0,    0,    0,   -7,    0,    0,    0,    0,    0,    0,    0,    0,    0,    0,    0,    0,    0,    0,    0,    0,    0,    0,    0,    0,    0,    0,    0,    0,    0,    0,    0,    0,    0,    0,    0,    0,    0,    0,    0,    0,    0,    0,    0,    0,    0,    0,    0,    4,    0,    0,    0,    0,  -12,   -7,    0,    0,    0,    0,   -9,    0,    0,    0,    0,    0,    0,    0,    0,    0,    0,   -8,    0,    0,    0,    0,   -7,    0,    0,    0,    0,    0,    0,    0,    0,  -13,    0,    0,    0,    0,    0,    0,    0,    0,    0,    0,  -21,  -24,    0,    0,
       0,   -8,    0,    0,   -8,  -10,  -10,    4,   -9,    0,   -9,    0,    0,    0,    0,    0,    0,    0,    0,    0,    0,    0,    0,    0,    0,    0,    0,    0,    0,  -12,    0,    0,    0,    0,    0,    0,    0,    0,    0,    0,    0,    0,    0,    0,    0,    0,    0,    0,   -6,    4,    0,    0,    0,    0,    0,    0,    0,    0,    0,    0,    0,    0,    0,    0,    0,    0,    0,    0,    0,    0,    0,    0,    0,    0,    0,    0,    0,    0,    0,    0,    0,    0,    0,    0,    0,    0,    0,    0,    0,    0,    0,    0,    0,    0,    0,    0,    0,    0,    0,    0,   -6,    0,    0,    0,    0,    0,    0,    0,    0,    0,    0,    0,    0,    0,    0,    0,    0,    0,    0,    0,    0,    0,    0,    0,    0,    0,    0,    0,    0,    0,    0,    0,    0,    0,    0,    0,    0,    0,    0,   -9,   -8,    0,    0,
       0,  -10,    0,    0,   -8,  -10,  -10,    4,   -9,    0,   -9,    0,    0,    0,    0,    0,    0,    0,    0,    0,    0,    0,    0,    0,    0,    0,    0,    0,    0,  -12,    0,    0,    0,    0,    0,    0,    0,    0,    0,    0,    0,    0,    0,    0,    0,    0,    0,    0,   -7,    4,    0,    0,    0,    0,    0,    0,    0,    0,    0,    0,    0,    0,    0,    0,    0,    0,    0,    0,    0,    0,    0,    0,    0,    0,    0,    0,    0,    0,    0,    0,    0,    0,    0,    0,    0,    0,    0,    0,    0,    0,   -5,    0,    0,    0,    0,    0,    0,    0,    0,    0,   -6,    0,    0,    0,    0,    0,    0,    0,    0,    0,    0,    0,    0,    0,    0,    0,    0,    0,    0,    0,    0,    0,    0,    0,    0,    0,    0,    0,   -4,    0,    0,    0,    0,    0,    0,    0,    0,    0,    0,   -9,   -8,    0,    0,
       0,    0,    0,    0,   -5,    0,    0,    4,    0,    0,   -5,    0,    0,    0,    0,    0,    0,    0,    0,    0,    0,    0,    0,    0,    0,    0,    0,    0,    0,   -9,    0,    0,    0,    0,    0,    0,    0,    0,    0,    0,    0,    0,    0,    0,    0,    0,    0,    0,   -6,    0,    0,    0,    0,    0,    0,    0,    0,    0,    0,    0,    0,    0,    0,    0,    0,    0,    0,    0,    0,    0,    0,    0,    0,    0,    0,    0,    0,    0,    0,    0,    0,    0,    0,    0,    0,    0,    0,    0,    0,    0,    0,    0,    0,    0,    0,    0,    0,    0,    0,    0,    0,    0,    0,    0,    0,    0,    0,    0,    0,    0,    0,    0,    0,    0,    0,    0,    0,    0,    0,    0,    0,    0,    0,    0,    0,    0,    0,    0,   -5,    0,    0,    0,    0,    0,    0,    0,    0,    0,    0,    0,    0,    0,    0,
       0,  -12,    0,   -5,    0,   -7,    0,    5,    0,    0,   -7,    0,    0,    0,    0,    0,    0,    0,    0,    0,    0,    0,    0,    0,    0,    0,    0,    0,    0,    0,    0,    0,    0,    0,    0,    0,    0,    0,    0,    0,    0,    0,    0,    0,    0,    0,    0,    0,    0,    0,    0,    0,    0,    0,    0,    0,    0,    0,    0,    0,    0,    0,    0,    0,    0,    0,    0,    0,    0,    0,    0,    0,    0,    0,    0,    0,    0,    0,    0,    0,    0,    0,    0,    0,    0,    0,    0,    0,    0,    0,    0,    0,    0,    0,    0,    0,    0,    0,    0,    0,    0,    0,    0,    0,    0,    0,    0,   -5,    0,    0,    0,    0,    9,    0,    0,    0,    0,    0,    0,    0,    0,    0,    0,    0,    0,    0,    0,    0,   -4,    0,    0,    0,    0,    0,    0,    0,    0,    0,    0,  -12,   -9,    0,    0,
       0,    0,    0,    0,    0,    0,    5,    0,    0,    0,   -3,    0,    0,    0,    0,    0,    0,    0,    0,    0,    0,    0,    0,    0,    0,    0,    0,    0,    0,   -8,    0,    0,    0,    0,    0,    0,    0,    0,    0,    0,    0,    0,    0,    0,    0,    0,    0,    0,   -6,   -4,    0,    0,    0,    0,    0,    0,    0,    0,    0,    0,    0,    0,    0,    0,    0,    0,    0,    0,    0,    0,    0,    0,    0,    0,    0,    0,    0,    0,    0,    0,    0,    0,    0,    0,    0,    0,    0,    0,    0,    0,    5,    0,    0,    0,    0,    0,    0,    0,    0,   -3,    5,    0,    0,    0,    0,    0,    0,    0,    0,    0,    0,    0,    0,    0,    0,    0,    0,    0,    0,    0,    0,    0,    0,    0,    0,    0,    0,    0,    0,    0,    0,    0,    0,    0,    0,    0,    0,    0,    0,    0,    0,    0,    0,
       0,    0,    0,    0,   -4,   -3,    0,    0,   -4,    0,  -12,    0,    0,    0,    0,    0,    0,    0,    0,    0,    0,    0,    0,    0,    0,    0,    0,    0,    0,  -11,    0,    0,    0,    0,    0,    0,    0,    0,    0,    0,    0,    0,    0,    0,    0,    0,    0,    0,   -6,    0,    0,    0,    0,    0,    0,    0,    0,    0,    0,    0,    0,    0,    0,    0,    0,    0,    0,    0,    0,    0,    0,    0,    0,    0,    0,    0,    0,    0,    0,    0,    0,    0,    0,    0,    0,    0,    0,    0,    0,    0,    0,    0,    0,    0,    0,    0,    0,    0,    0,    0,    0,    0,    0,    0,    0,    0,    0,    0,    0,    0,    0,    0,    0,    0,    0,    0,    0,    0,    0,    0,    0,    0,    0,    0,    0,    0,    0,    0,   -3,    0,    0,    0,    0,    0,    0,    0,    0,    0,    0,    0,    0,    0,    0,
       0,    0,    0,    0,    4,    0,    0,    4,    0,    0,    0,    0,    0,    0,    0,    0,    0,    0,    0,    0,    0,    0,    0,    0,    0,    0,    0,    0,    0,    0,    0,    0,    0,    0,    0,    0,    0,    0,    0,    0,    0,    0,    0,    0,    0,    0,    0,    0,    0,    0,    0,    0,    0,    0,    0,    0,    0,    0,    0,    0,    0,    0,    0,    0,    0,    0,    0,    0,    0,    0,    0,    0,    0,    0,    0,    0,    0,    0,    0,    0,    0,    0,    0,    0,    0,    0,    0,    0,    0,    0,    0,    0,    0,    0,    0,    0,    0,    0,    0,    0,    0,    0,    0,    0,    0,    0,    0,    0,    0,    0,    0,    0,    0,    0,    0,    0,    0,    0,    0,    0,    0,    0,    0,    0,    0,    0,    0,    0,   -5,    0,    0,    0,    0,    0,    0,    0,    0,    0,    0,    0,    0,    0,    0,
       0,    0,    0,   -4,    4,    0,    0,    4,    0,    0,    0,    0,    0,    0,    0,    0,    0,    0,    0,    0,    0,    0,    0,    0,    0,    0,    0,    0,    0,    3,    0,    0,    0,    0,    0,    0,    0,    0,    0,    0,    0,    0,    0,    0,    0,    0,    0,    0,    0,    0,    0,    0,    0,    0,    0,    0,    0,    0,    0,    0,    0,    0,    0,    0,    0,    0,    0,    0,    0,    0,    0,    0,    0,    0,    0,    0,    0,    0,    0,    0,    0,    0,    0,    0,    0,    0,    0,    0,    0,    0,    0,    0,    0,    0,    0,    0,    0,    0,    0,    0,    0,    0,    0,    0,    0,    0,    0,    0,    0,    0,    0,    0,   10,    0,    0,    0,    0,    0,    0,    0,    0,    0,    0,    0,    0,    0,    0,    0,   -5,    0,    0,    0,    0,    0,    0,    0,    0,    0,    0,    0,    0,    0,    0,
       0,  -12,    0,   -4,   -5,   -7,    0,    5,    0,    0,   -7,    0,    0,    0,    0,    0,    0,    0,    0,    0,    0,    0,    0,    0,    0,    0,    0,    0,    0,  -11,    0,    0,    0,    0,    0,    0,    0,    0,    0,    0,    0,    0,    0,    0,    0,    0,    0,    0,   -9,    0,    0,    0,    0,    0,    0,    0,    0,    0,    0,    0,    0,    0,    0,    0,    0,    0,    0,    0,    0,    0,    0,    0,    0,    0,    0,    0,    0,    0,    0,    0,    0,    0,    0,    0,    0,    0,    0,    0,    0,    0,    0,    0,    0,    0,    0,    0,    0,    0,    0,    0,    0,    0,    0,    0,    0,    0,    0,    0,    0,    0,    0,    0,   -3,    0,    0,    0,    0,    0,    0,    0,    0,    0,    0,    0,    0,    0,    0,    0,   -6,    0,    0,    0,    0,    0,    0,    0,    0,    0,    0,  -11,   -9,    0,    0,
       0,    0,    0,    0,   -5,    0,    0,    4,    0,    0,   -5,    0,    0,    0,    0,    0,    0,    0,    0,    0,    0,    0,    0,    0,    0,    0,    0,    0,    0,   -4,    0,    0,    0,    0,    0,    0,    0,    0,    0,    0,    0,    0,    0,    0,    0,    0,    0,    0,   -4,    0,    0,    0,    0,    0,    0,    0,    0,    0,    0,    0,    0,    0,    0,    0,    0,    0,    0,    0,    0,    0,    0,    0,    0,    0,    0,    0,    0,    0,    0,    0,    0,    0,    0,    0,    0,    0,    0,    0,    0,    0,    0,    0,    0,    0,    0,    0,    0,    0,    0,    0,    0,    0,    0,    0,    0,    0,    0,    0,    0,    0,    0,    0,    0,    0,    0,    0,    0,    0,    0,    0,    0,    0,    0,    0,    0,    0,    0,    0,   -5,    0,    0,    0,    0,    0,    0,    0,    0,    0,    0,    0,    0,    0,    0,
       0,  -17,    0,    0,   -9,  -15,    0,    0,    0,    0,   -9,    0,    0,    0,    0,    0,    0,    0,    0,    0,    0,    0,    0,    0,    0,    0,    0,   -5,    0,  -13,    0,    0,    0,    0,    0,    0,    0,    0,    0,    0,    0,    0,    0,    0,    0,    0,    0,    0,   -9,    0,    0,    0,    0,    0,    0,    0,    0,    0,    0,    0,    0,    0,    0,    0,    0,    0,    0,    0,    0,    0,    0,    0,    0,    0,    0,    0,    0,    0,    0,    0,    0,    0,    0,    0,    0,    0,    0,    0,    0,    0,    0,    0,    0,    0,    0,    0,    0,  -11,   -8,    0,    0,   -3,    0,   -7,    0,    0,   -3,   -4,    0,    0,    0,    0,    0,   -4,  -11,    0,    0,    0,    0,   -8,    0,    0,    0,    0,    0,    0,    0,    0,  -15,    0,    0,    0,    0,    0,    0,    0,    0,    0,    0,  -15,  -12,    0,    0,
       4,    7,    0,   -4,    9,    0,  -33,  -17,  -21,    0,   11,   -9,    0,    0,    0,    0,    0,    0,    0,    0,    0,    0,    0,    0,    0,    0,    0,    0,    0,   13,    0,    0,    0,    0,    0,    0,    0,    0,    0,    0,    0,    0,    0,    0,    0,    0,    0,    0,   13,  -20,    0,    0,    0,    0,    0,    0,    0,    0,    0,    0,    0,    0,    0,    0,    0,    0,    0,   11,   -4,    0,  -27,  -17,   10,  -21,  -16,   10,    7,    0,   -4,   -5,    9,    8,    7,    0,   -6,    0,   -4,   -4,  -17,  -17,    0,    0,  -18,   -8,  -17,   -5,  -18,    0,    0,  -20,    0,    0,   -4,    0,    0,    0,  -14,   12,  -15,  -11,    0,    0,    0,   12,    0,    0,   -4,  -17,   12,    0,    0,    4,   -4,  -31,   -6,    0,   -6,    4,    0,    0,    0,    0,    0,    0,    0,    0,    0,    0,    0,   10,   10,    0,    0,
       0,    5,    0,    0,    0,    6,  -18,    0,  -14,    6,    0,    0,    0,    0,    0,    0,    0,    0,    0,    0,    0,    0,    0,    0,    0,    0,    0,    0,    0,   -4,    0,    0,    0,    0,    0,    0,    0,    0,    0,    0,    0,    0,    0,    0,    0,    0,    0,    0,    0,    0,    7,    0,    0,    0,    0,    0,    0,    0,    0,    0,    0,    0,    0,    0,    0,    0,    0,    0,    0,    0,    0,    0,    0,    0,    0,    0,    0,    0,    0,    0,    0,    0,    0,    0,    0,    0,    0,    0,   -7,    0,    9,    6,   -8,    0,    0,    0,    0,   10,   11,    0,   10,    6,    0,   10,    6,    0,    0,    0,    0,    0,    0,    0,    0,    0,   11,   11,    0,    0,    0,   11,    0,    0,    8,    0,    0,    0,    0,    0,    0,    0,    0,    0,    0,    0,    0,    0,    0,    0,    0,    7,   11,    0,    0,
       0,   -6,    0,   -4,    0,   -6,    7,    0,    0,    0,   -6,    0,    0,    0,    0,    0,    0,    0,    0,    0,    0,    0,    0,    0,    0,    0,    0,    0,    0,    0,    0,    0,    0,    0,    0,    0,    0,    0,    0,    0,    0,    0,    0,    0,    0,    0,    0,    0,    0,    0,    0,    0,    0,    0,    0,    0,    0,    0,    0,    0,    0,    0,    0,    0,    0,    0,    0,    0,    0,    0,    0,    0,    0,    0,    0,    0,    0,    0,    0,    0,    0,    0,    0,    0,    0,    0,    0,    0,    0,    0,    4,    0,    4,    0,    0,    0,    0,    0,    0,    0,    4,   -5,    0,    0,    0,    0,    0,    0,    0,    0,    0,    0,   12,    0,    0,    0,    0,    0,    0,    0,    0,    0,    0,    0,    0,    0,    0,    0,    0,    0,    0,    0,    0,    0,    0,    0,    0,    0,    0,   -5,    0,    0,    0,
       0,  -31,    0,   -4,    0,  -24,    7,    0,    0,    0,   -6,    0,    0,    0,    0,    0,    0,    0,    0,    0,    0,    0,    0,    0,    0,    0,    0,   -4,    0,    0,    0,    0,    0,    0,    0,    0,    0,    0,    0,    0,    0,    0,    0,    0,    0,    0,    0,    0,    0,    0,    0,    0,    0,    0,    0,    0,    0,    0,    0,    0,    0,    0,    0,    0,    0,    0,    0,    0,    0,    0,    0,    0,    0,    0,    0,    0,    0,    0,    0,    0,    0,    0,    0,    0,    0,    0,    0,    0,    0,    0,    4,    0,    4,    0,    0,    0,    0,  -14,    0,    0,    4,   -7,    0,  -11,    0,    0,    0,    0,    0,    0,    0,    0,   12,    0,  -10,    0,    0,    0,    0,  -12,    0,    0,   -7,    0,    0,    0,    0,    0,    0,    0,    0,    0,    0,    0,    0,    0,    0,    0,    0,  -27,  -30,    0,    0,
       0,  -11,    0,    0,    0,   -3,    0,   10,    0,    0,   -7,    0,    0,    0,    0,    0,    0,    0,    0,    0,    0,    0,    0,    0,    0,    0,    0,   -4,    0,    0,    0,    0,    0,    0,    0,    0,    0,    0,    0,    0,    0,    0,    0,    0,    0,    0,    0,    0,    0,    0,    0,    0,    0,    0,    0,    0,    0,    0,    0,    0,    0,    0,    0,    0,    0,    0,    0,  -15,    0,   -6,    0,    0,   -5,    0,    0,   -8,    0,    0,    0,    0,   -7,    0,   -5,   -6,    0,    0,    0,    0,    0,    0,   -4,    0,    0,    0,    0,    0,    0,    0,    0,    0,    0,    0,    0,    0,    0,    0,    0,    0,    0,    0,    0,    0,   11,    0,    0,    0,    0,    0,  -18,    0,    0,    0,    0,    0,    0,    0,    0,    0,    0,    0,    0,    0,    0,    0,    0,    0,    0,    0,    0,  -11,   -8,    0,    0,
       0,  -17,    0,    0,    0,  -11,    0,    8,    5,    0,   -8,    0,    0,    0,    0,    0,    0,    0,    0,    0,    0,    0,    0,    0,    0,    0,    0,    0,    0,    0,    0,    0,    0,    0,    0,    0,    0,    0,    0,    0,    0,    0,    0,    0,    0,    0,    0,    0,    0,    0,    0,    0,    0,    0,    0,    0,    0,    0,    0,    0,    0,    0,    0,    0,    0,    0,    0,    0,    0,    0,    0,    0,    0,    0,    0,    0,    0,    0,    0,    0,    0,    0,    0,    0,    0,    0,    0,    0,    0,    0,    0,    0,    0,    0,    0,    0,    0,   -7,    0,    0,    0,    0,    0,   -5,    0,    0,    0,    0,    0,    0,    0,    0,   14,    0,   -5,    0,    0,    0,    0,   -4,    0,    0,    0,    0,    0,    0,    0,    0,    0,    0,    0,    0,    0,    0,    0,    0,    0,    0,    0,  -15,  -15,    0,    0,
       0,    0,    0,  -11,    8,    0,  -21,  -15,  -25,   -7,    6,  -15,    0,    0,    0,    0,    0,    0,    0,    0,    0,    0,    0,    0,    0,    0,    0,    0,    0,    9,    0,    0,    0,    0,    0,    0,    0,    0,    0,    0,    0,    0,    0,    0,    0,    0,    0,   -5,    9,  -21,   -7,    0,    0,    0,    0,    0,    0,    0,    0,    0,    0,    0,    0,    0,    0,    0,    0,    7,  -11,   -4,  -24,  -21,    7,  -23,  -20,    9,    0,   -4,  -11,  -12,    7,    4,    0,   -9,  -11,   -7,   -9,   -9,  -22,  -19,    0,   -6,  -23,  -14,  -19,  -10,  -20,    0,    0,  -21,    0,   -6,   -9,    0,   -6,   -8,  -16,    7,  -18,  -14,    0,    0,    0,    7,    0,    0,  -11,  -19,   10,    0,    0,    0,   -6,  -20,  -11,    0,  -11,    0,    0,    0,    0,    0,    0,    0,    0,    0,    0,    0,    0,    0,    4,    0,    0,
       0,    0,    0,    0,    0,    0,  -11,    0,   -9,    0,    0,    0,    0,    0,    0,    0,    0,    0,    0,    0,    0,    0,    0,    0,    0,    0,    0,    0,    0,   -7,    0,    0,    0,    0,    0,    0,    0,    0,    0,    0,    0,    0,    0,    0,    0,    0,    0,    0,    0,    0,    3,    0,    0,    0,    0,    0,    0,    0,    0,    0,    0,    0,    0,    0,    0,    0,    0,    0,    0,    0,    0,    0,    0,    0,    0,    0,    0,    0,    0,    0,    0,    0,    0,    0,    0,    0,    0,    0,   -8,    0,    6,    0,   -8,    0,    0,    0,    0,    6,    8,    0,    7,    0,    0,    6,    0,    0,    0,    0,    0,    0,    0,    0,    0,    0,    8,    7,    0,    0,    0,    8,    0,    0,    4,    0,    0,    0,    0,    0,    0,    0,    0,    0,    0,    0,    0,    0,    0,    0,    0,    0,    7,    0,    0,
       0,  -20,    0,   -5,   -4,   -9,    4,    5,    0,    0,  -10,    0,    0,    0,    0,    0,    0,    0,    0,    0,    0,    0,    0,    0,    0,    0,    0,   -5,    0,  -14,    0,    0,    0,    0,    0,    0,    0,    0,    0,    0,    0,    0,    0,    0,    0,    0,    0,    0,  -10,    0,    0,    0,    0,    0,    0,    0,    0,    0,    0,    0,    0,    0,    0,    0,    0,    0,    0,  -21,    0,    0,    0,    0,    0,    0,    0,    0,    0,    0,    0,    0,    0,   -6,    0,    0,    0,    0,    0,    0,    0,    0,    0,    0,    0,    0,    0,    0,    0,    0,    0,    0,    0,    0,    0,    0,    0,    0,    0,    0,    0,    0,    0,    0,    0,    0,    0,    0,    0,    0,  -23,    0,    0,   -4,    0,    5,    0,    0,    0,    0,    0,    0,    0,    0,    0,    0,    0,    0,    0,    0,    0,  -20,  -17,    0,    0,
       0,  -11,    0,   -4,   -5,   -7,    0,    5,    0,    0,   -7,    0,    0,    0,    0,    0,    0,    0,    0,    0,    0,    0,    0,    0,    0,    0,    0,    0,    0,  -11,    0,    0,    0,    0,    0,    0,    0,    0,    0,    0,    0,    0,    0,    0,    0,    0,    0,    0,   -9,    0,    0,    0,    0,    0,    0,    0,    0,    0,    0,    0,    0,    0,    0,    0,    0,    0,    0,    0,    0,    0,    0,    0,    0,    0,    0,    0,    0,    0,    0,    0,    0,    0,    0,    0,    0,    0,    0,    0,    0,    0,    0,    0,    0,    0,    0,    0,    0,    0,    0,    0,    0,    0,    0,    0,    0,    0,    0,    0,    0,    0,    0,    0,   -3,    0,    0,    0,    0,    0,    0,    0,    0,    0,    0,    0,    0,    0,    0,    0,   -6,    0,    0,    0,    0,    0,    0,    0,    0,    0,    0,   -9,   -6,    0,    0,
       0,    0,    0,    0,   -7,    0,    0,    4,   -6,    0,   -5,    0,    0,    0,    0,    0,    0,    0,    0,    0,    0,    0,    0,    0,    0,    0,    0,   -3,    0,   -9,    0,    0,    0,    0,    0,    0,    0,    0,    0,    0,    0,    0,    0,    0,    0,    0,    0,    0,   -6,    0,    0,    0,    0,    0,    0,    0,    0,    0,    0,    0,    0,    0,    0,    0,    0,    0,    0,    0,    0,    0,    0,    0,   -6,    0,    0,    0,    0,    0,    0,    0,    0,    0,   -5,   -5,    0,    0,    0,    0,    0,    0,    0,    0,    0,    0,    0,    0,    0,    0,    0,    0,    0,    0,    0,    0,    0,    0,    0,    0,    0,    0,    0,    0,    0,    0,    0,    0,    0,    0,   -9,    0,    0,    0,    0,    0,    0,    0,    0,    0,    0,    0,    0,    0,    0,    0,    0,    0,    0,    0,    0,    0,    0,    0,    0,
       0,    0,    0,   -6,    0,  -12,    0,    0,    0,    0,    0,    0,    0,    0,    0,    0,    0,    0,    0,    0,    0,    0,    0,    0,    0,    0,    0,   -6,    0,    0,    0,    0,    0,    0,    0,    0,    0,    0,    0,    0,    0,    0,    0,    0,    0,    0,    0,    0,    0,    0,    0,    0,    0,    0,    0,    0,    0,    0,    0,    0,    0,    0,    0,    0,    0,    0,    0,    0,   -5,    0,    0,    0,    0,    0,    0,    0,    0,    0,   -6,   -8,    0,    0,    0,    0,    0,    0,    0,    0,    0,    0,    0,    0,    0,    0,    0,    0,    0,  -12,    0,    0,    0,   -7,    0,  -10,    0,    0,    0,    0,    0,    0,    0,    0,    5,    0,   -9,    0,   -6,    0,    0,  -12,    0,  -11,   -5,    0,    0,   -5,    0,    0,    0,    0,    0,    0,    0,    0,    0,    0,    0,    0,    0,    0,    0,    0,    0,
       0,    0,    0,   -4,    0,    0,    6,    0,    0,    0,    0,    0,    0,    0,    0,    0,    0,    0,    0,    0,    0,    0,    0,    0,    0,    0,    0,    0,    0,    0,    0,    0,    0,    0,    0,    0,    0,    0,    0,    0,    0,    0,    0,    0,    0,    0,    0,    0,    0,   -3,    0,    0,    0,    0,    0,    0,    0,    0,    0,    0,    0,    0,    0,    0,    0,    0,    0,    0,    0,    0,    0,    0,    0,    0,    0,    0,    0,    0,    0,    0,    0,    0,    0,    0,    0,    0,    0,    0,    0,    0,    4,    0,    4,    0,    0,    0,    0,    3,    5,    0,    4,    0,    0,    3,    0,    0,    0,    0,    0,    0,    0,    0,   12,    0,    5,    0,    0,    0,    0,    4,    0,    0,    0,    0,    0,    0,    0,    0,    0,    0,    0,    0,    0,    0,    0,    0,    0,    0,    0,    0,    4,    0,    0,
       0,    0,    0,    0,    0,    0,    0,    4,    0,    0,   -5,    0,    0,    0,    0,    0,    0,    0,    0,    0,    0,    0,    0,    0,    0,    0,    0,    0,    0,    0,    0,    0,    0,    0,    0,    0,    0,    0,    0,    0,    0,    0,    0,    0,    0,    0,    0,    0,    0,    0,    0,    0,    0,    0,    0,    0,    0,    0,    0,    0,    0,    0,    0,    0,    0,    0,    0,    0,    0,    0,    0,    0,    0,    0,    0,    0,    0,    0,    0,    0,    0,    0,    0,    0,    0,    0,    0,    0,    0,    0,    0,    0,    0,    0,    0,    0,    0,    0,    0,    0,    0,    0,    0,    0,    0,    0,    0,    0,    0,    0,    0,    0,    8,    0,    0,    0,    0,    0,    0,    0,    0,    0,    0,    0,    0,    0,    0,    0,   -5,    0,    0,    0,    0,    0,    0,    0,    0,    0,    0,    0,    0,    0,    0,
       0,    0,    0,    0,    0,    0,    8,    0,    0,    0,    0,    0,    0,    0,    0,    0,    0,    0,    0,    0,    0,    0,    0,    0,    0,    0,    0,    0,    0,    0,    0,    0,    0,    0,    0,    0,    0,    0,    0,    0,    0,    0,    0,    0,    0,    0,    0,    0,    0,    0,    0,    0,    0,    0,    0,    0,    0,    0,    0,    0,    0,    0,    0,    0,    0,    0,    0,    0,    0,    0,    4,    0,    0,    4,    0,    4,    0,    0,    0,   -6,    4,    0,    0,    0,    0,    0,    0,    0,    0,    0,    0,    0,    0,    0,    0,    0,    0,    0,    0,    0,    0,    0,    0,    0,    0,    0,    0,    0,    0,    0,    0,    0,    0,    0,    0,    0,    0,    0,    0,    0,    0,    0,    0,    9,    0,    0,    0,    0,    0,    0,    0,    0,    0,    0,    0,    0,    0,    0,    0,    0,    0,    0,    0,
       0,   -8,    0,    0,   -6,   -4,    0,    8,    0,    0,   -6,    0,    0,    0,    0,    0,    0,    0,    0,    0,    0,    0,    0,    0,    0,    0,    0,    0,    0,   -9,    0,    0,    0,    0,    0,    0,    0,    0,    0,    0,    0,    0,    0,    0,    0,    0,    0,    0,   -6,    0,    0,    0,    0,    0,    0,    0,    0,    0,    0,    0,    0,    0,    0,    0,    0,    0,    0,    0,    0,    0,    0,    0,    0,    0,    0,    0,    0,    0,    0,    0,    0,    0,    0,    0,    0,    0,    0,    0,    0,    0,    0,    0,    0,    0,    0,    0,    0,    0,    0,    0,    0,    0,    0,    0,    0,    0,    0,    0,    0,    0,    0,    0,    0,    0,    0,    0,    0,    0,    0,    0,    0,    0,    0,    0,    0,    0,    0,    0,   -3,    0,    0,    0,    0,    0,    0,    0,    0,    0,    0,   -6,   -6,    0,    0,
       0,    0,    0,    0,   -7,    0,   -5,    7,  -11,    0,   -5,    0,    0,    0,    0,    0,    0,    0,    0,    0,    0,    0,    0,    0,    0,    0,    0,    0,    0,   -9,    0,    0,    0,    0,    0,    0,    0,    0,    0,    0,    0,    0,    0,    0,    0,    0,    0,    0,   -7,    0,    0,    0,    0,    0,    0,    0,    0,    0,    0,    0,    0,    0,    0,    0,    0,    0,    0,    0,    0,    0,   -6,    0,   -7,   -6,    0,  -10,   -6,    0,    0,    0,   -9,    0,   -8,   -5,    0,    0,    0,    0,    0,    0,    0,    0,    0,    0,    0,    0,    0,    0,    0,    0,    0,    0,    0,    0,    0,    0,    0,    0,    0,    0,    0,    0,    0,    0,    0,    0,    0,    0,  -10,    0,    0,    0,    0,   -6,    0,    0,    0,   -7,    0,    0,    0,    0,    0,    0,    0,    0,    0,    0,    0,    0,    0,    0,    0,
       0,    0,    0,    0,    0,   -5,    0,    6,   -5,    0,    0,    0,    0,    0,    0,    0,    0,    0,    0,    0,    0,    0,    0,    0,    0,    0,    0,    0,    0,    0,    0,    0,    0,    0,    0,    0,    0,    0,    0,    0,    0,    0,    0,    0,    0,    0,    0,    0,    0,    0,    0,    0,    0,    0,    0,    0,    0,    0,    0,    0,    0,    0,    0,    0,    0,    0,    0,    0,    0,   -4,    0,    0,    0,    0,    0,    0,    0,    0,    0,    0,    0,    0,    0,   -6,    0,    0,    0,    0,    0,    0,   -5,    0,    0,    0,    0,    0,    0,   -6,   -5,    0,   -4,    0,    0,   -6,    0,    0,    0,    0,    0,    0,    0,    0,    0,    0,   -3,    0,    0,    0,    0,   -6,    0,    0,    0,    0,    0,    0,    0,    0,  -12,    0,    0,    0,    0,    0,    0,    0,    0,    0,    0,    0,    0,    0,    0,
       0,    0,    0,   -4,    0,    0,    6,    0,    0,    0,   -5,    0,    0,    0,    0,    0,    0,    0,    0,    0,    0,    0,    0,    0,    0,    0,    0,    0,    0,    0,    0,    0,    0,    0,    0,    0,    0,    0,    0,    0,    0,    0,    0,    0,    0,    0,    0,   -4,    0,   -5,    0,    0,    0,    0,    0,    0,    0,    0,    0,    0,    0,    0,    0,    0,    0,    0,    0,    0,    0,    0,    0,    0,    0,    0,    0,    0,    0,    0,    0,    0,    0,    0,    0,    0,    0,    0,    0,    0,    0,    0,    4,    0,    0,    0,    0,    0,    0,    0,    0,   -4,    4,    0,    0,    0,    0,    0,    0,    0,    0,    0,    0,    0,   13,    0,    0,    0,    0,    0,    0,    0,    0,    0,    0,    0,    0,    0,    0,    0,    0,    0,    0,    0,    0,    0,    0,    0,    0,    0,    0,    0,    0,    0,    0,
       0,    0,    0,    0,    0,    0,    0,    0,    0,    0,    0,    0,    0,    0,    0,    0,    0,    0,    0,    0,    0,    0,    0,    0,    0,    0,    0,    0,    0,    0,    0,    0,    0,    0,    0,    0,    0,    0,    0,    0,    0,    0,    0,    0,    0,    0,    0,    0,    0,    0,    0,    0,    0,    0,    0,    0,    0,    0,    0,    0,    0,    0,    0,    0,    0,    0,    0,    0,    0,    0,    0,    0,    0,    0,    0,    0,    0,    0,    0,    0,    0,    0,    0,    0,    0,    0,    0,    0,    0,    0,    0,    0,    0,    0,    0,    0,    0,    0,    0,    0,    0,    0,    0,    0,    0,    0,    0,    0,    0,    0,    0,    0,    0,    0,    0,    0,    0,    0,    0,    0,    0,    0,    0,    0,    0,    0,    0,    0,    0,   -1,    6,    0,    0,   -4,   -5,   -1,   -6,   -5,    0,    0,    0,    0,  -13,
       0,    0,    0,    0,    0,    0,    0,    0,    0,    0,    0,    0,    0,    0,    0,    0,    0,    0,    0,    0,    0,    0,    0,    0,    0,    0,    0,    0,    0,    0,    0,    0,    0,    0,    0,    0,    0,    0,    0,    0,    0,    0,    0,    0,    0,    0,    0,    0,    0,    0,    0,    0,    0,    0,    0,    0,    0,    0,    0,    0,    0,    0,    0,    0,    0,    0,    0,    0,    0,    0,    0,    0,    0,    0,    0,    0,    0,    0,    0,    0,    0,    0,    0,    0,    0,    0,    0,    0,    0,    0,    0,    0,    0,    0,    0,    0,    0,    0,    0,    0,    0,    0,    0,    0,    0,    0,    0,    0,    0,    0,    0,    0,    0,    0,    0,    0,    0,    0,    0,    0,    0,    0,    0,    0,    0,    0,    0,    0,    0,    0,    0,    0,    0,    0,    0,    0,  -10,    0,    0,    0,    0,    0,  -10,
       0,    0,    0,    0,    0,    0,    0,    0,    0,    0,    0,    0,    0,    0,    0,    0,    0,    0,    0,    0,    0,    0,    0,    0,    0,    0,    0,    0,    0,    0,    0,    0,    0,    0,    0,    0,    0,    0,    0,    0,    0,    0,    0,    0,    0,    0,    0,    0,    0,    0,    0,    0,    0,    0,    0,    0,    0,    0,    0,    0,    0,    0,    0,    0,    0,    0,    0,    0,    0,    0,    0,    0,    0,    0,    0,    0,    0,    0,    0,    0,    0,    0,    0,    0,    0,    0,    0,    0,    0,    0,    0,    0,    0,    0,    0,    0,    0,    0,    0,    0,    0,    0,    0,    0,    0,    0,    0,    0,    0,    0,    0,    0,    0,    0,    0,    0,    0,    0,    0,    0,    0,    0,    0,    0,    0,    0,    0,    0,    0,    0,    0,   -4,    0,    0,    0,    0,    0,   -4,    0,    0,    0,    0,    0,
       0,    0,    0,    0,    0,    0,    0,    0,    0,    0,    0,    0,    0,    0,    0,    0,    0,    0,    0,    0,    0,    0,    0,    0,    0,    0,    0,    0,    0,    0,    0,    0,    0,    0,    0,    0,    0,    0,    0,    0,    0,    0,    0,    0,    0,    0,    0,    0,    0,    0,    0,    0,    0,    0,    0,    0,    0,    0,    0,    0,    0,    0,    0,    0,    0,    0,    0,    0,    0,    0,    0,    0,    0,    0,    0,    0,    0,    0,    0,    0,    0,    0,    0,    0,    0,    0,    0,    0,    0,    0,    0,    0,    0,    0,    0,    0,    0,    0,    0,    0,    0,    0,    0,    0,    0,    0,    0,    0,    0,    0,    0,    0,    0,    0,    0,    0,    0,    0,    0,    0,    0,    0,    0,    0,    0,    0,    0,    0,    0,    0,   -5,    0,    0,    0,    0,    0,  -13,   -1,    4,    0,    0,    0,   -5,
       0,    0,    0,    0,    0,    0,    0,    0,    0,    0,    0,    0,    0,    0,    0,    0,    0,    0,    0,    0,    0,    0,    0,    0,    0,    0,    0,    0,    0,    0,    0,    0,    0,    0,    0,    0,    0,    0,    0,    0,    0,    0,    0,    0,    0,    0,    0,    0,    0,    0,    0,    0,    0,    0,    0,    0,    0,    0,    0,    0,    0,    0,    0,    0,    0,    0,    0,    0,    0,    0,    0,    0,    0,    0,    0,    0,    0,    0,    0,    0,    0,    0,    0,    0,    0,    0,    0,    0,    0,    0,    0,    0,    0,    0,    0,    0,    0,    0,    0,    0,    0,    0,    0,    0,    0,    0,    0,    0,    0,    0,    0,    0,    0,    0,    0,    0,    0,    0,    0,    0,    0,    0,    0,    0,    0,    0,    0,    0,    0,   -4,    0,    0,    0,    0,    0,    0,   -8,    0,    0,    0,    0,    0,    0,
       0,    0,    0,    0,    0,    0,    0,    0,    0,    0,    0,    0,    0,    0,    0,    0,    0,    0,    0,    0,    0,    0,    0,    0,    0,    0,    0,    0,    0,    0,    0,    0,    0,    0,    0,    0,    0,    0,    0,    0,    0,    0,    0,    0,    0,    0,    0,    0,    0,    0,    0,    0,    0,    0,    0,    0,    0,    0,    0,    0,    0,    0,    0,    0,    0,    0,    0,    0,    0,    0,    0,    0,    0,    0,    0,    0,    0,    0,    0,    0,    0,    0,    0,    0,    0,    0,    0,    0,    0,    0,    0,    0,    0,    0,    0,    0,    0,    0,    0,    0,    0,    0,    0,    0,    0,    0,    0,    0,    0,    0,    0,    0,    0,    0,    0,    0,    0,    0,    0,    0,    0,    0,    0,    0,    0,    0,    0,    0,    0,    0,   -5,    0,    0,    0,    0,    0,  -20,   -3,    1,    0,    0,    0,  -10,
       0,    0,    0,    0,    0,    0,    0,    0,    0,    0,    0,    0,    0,    0,    0,    0,    0,    0,    0,    0,    0,    0,    0,    0,    0,    0,    0,    0,    0,    0,    0,    0,    0,    0,    0,    0,    0,    0,    0,    0,    0,    0,    0,    0,    0,    0,    0,    0,    0,    0,    0,    0,    0,    0,    0,    0,    0,    0,    0,    0,    0,    0,    0,    0,    0,    0,    0,    0,    0,    0,    0,    0,    0,    0,    0,    0,    0,    0,    0,    0,    0,    0,    0,    0,    0,    0,    0,    0,    0,    0,    0,    0,    0,    0,    0,    0,    0,    0,    0,    0,    0,    0,    0,    0,    0,    0,    0,    0,    0,    0,    0,    0,    0,    0,    0,    0,    0,    0,    0,    0,    0,    0,    0,    0,    0,    0,    0,    0,    0,    0,    0,    0,    0,    0,    0,    0,    0,    0,    0,    0,    0,    0,    3,
       0,    0,    0,    0,    0,    0,    0,    0,    0,    0,    0,    0,    0,    0,    0,    0,    0,    0,    0,    0,    0,    0,    0,    0,    0,    0,    0,    0,    0,    0,    0,    0,    0,    0,    0,    0,    0,    0,    0,    0,    0,    0,    0,    0,    0,    0,    0,    0,    0,    0,    0,    0,    0,    0,    0,    0,    0,    0,    0,    0,    0,    0,    0,    0,    0,    0,    0,    0,    0,    0,    0,    0,    0,    0,    0,    0,    0,    0,    0,    0,    0,    0,    0,    0,    0,    0,    0,    0,    0,    0,    0,    0,    0,    0,    0,    0,    0,    0,    0,    0,    0,    0,    0,    0,    0,    0,    0,    0,    0,    0,    0,    0,    0,    0,    0,    0,    0,    0,    0,    0,    0,    0,    0,    0,    0,    0,    0,    0,    0,   -5,   -3,    0,    0,    0,    0,    0,   -6,    0,    0,    0,    0,    0,    0,
       0,    0,    0,    0,    0,    0,    0,    0,    0,    0,    0,    0,    0,    0,    0,    0,    0,    0,    0,    0,    0,    0,    0,    0,    0,    0,    0,    0,    0,    0,    0,    0,    0,    0,    0,    0,    0,    0,    0,    0,    0,    0,    0,    0,    0,    0,    0,    0,    0,    0,    0,    0,    0,    0,    0,    0,    0,    0,    0,    0,    0,    0,    0,    0,    0,    0,    0,    0,    0,    0,    0,    0,    0,    0,    0,    0,    0,    0,    0,    0,    0,    0,    0,    0,    0,    0,    0,    0,    0,    0,    0,    0,    0,    0,    0,    0,    0,    0,    0,    0,    0,    0,    0,    0,    0,    0,    0,    0,    0,    0,    0,    0,    0,    0,    0,    0,    0,    0,    0,    0,    0,    0,    0,    0,    0,    0,    0,    0,    0,    0,    0,    0,    0,    0,    0,    0,  -11,    0,    0,    0,    0,    0,    0,
       0,    0,    0,    0,    0,    0,    0,    0,    0,    0,    0,    0,    0,    0,    0,    0,    0,    0,    0,    0,    0,    0,    0,    0,    0,    0,    0,    0,    0,    0,    0,    0,    0,    0,    0,    0,    0,    0,    0,    0,    0,    0,    0,    0,    0,    0,    0,    0,    0,    0,    0,    0,    0,    0,    0,    0,    0,    0,    0,    0,    0,    0,    0,    0,    0,    0,    0,    0,    0,    0,    0,    0,    0,    0,    0,    0,    0,    0,    0,    0,    0,    0,    0,    0,    0,    0,    0,    0,    0,    0,    0,    0,    0,    0,    0,    0,    0,    0,    0,    0,    0,    0,    0,    0,    0,    0,    0,    0,    0,    0,    0,    0,    0,    0,    0,    0,    0,    0,    0,    0,    0,    0,    0,    0,    0,    0,    0,    0,    0,    0,   -8,    0,    0,    0,    0,    0,    0,    0,    0,    0,    0,    0,    0,
       0,    0,    0,    0,    0,    0,    0,    0,    0,    0,    0,    0,    0,    0,    0,    0,    0,    0,    0,    0,    0,    0,    0,    0,    0,    0,    0,    0,    0,    0,    0,    0,    0,    0,    0,    0,    0,    0,    0,    0,    0,    0,    0,    0,    0,    0,    0,    0,    0,    0,    0,    0,    0,    0,    0,    0,    0,    0,    0,    0,    0,    0,    0,    0,    0,    0,    0,    0,    0,    0,    0,    0,    0,    0,    0,    0,    0,    0,    0,    0,    0,    0,    0,    0,    0,    0,    0,    0,    0,    0,    0,    0,    0,    0,    0,    0,    0,    0,    0,    0,    0,    0,    0,    0,    0,    0,    0,    0,    0,    0,    0,    0,    0,    0,    0,    0,    0,    0,    0,    0,    0,    0,    0,    0,    0,    0,    0,    0,    0,    0,   -4,    0,    8,    0,    0,    0,    0,    4,    0,    0,    0,    0,    8,
       0,    0,    0,    0,    0,    0,    0,    0,    0,    0,    0,    0,    0,    0,    0,    0,    0,    0,    0,    0,    0,    0,    0,    0,    0,    0,    0,    0,    0,    0,    0,    0,    0,    0,    0,    0,    0,    0,    0,    0,    0,    0,    0,    0,    0,    0,    0,    0,    0,    0,    0,    0,    0,    0,    0,    0,    0,    0,    0,    0,    0,    0,    0,    0,    0,    0,    0,    0,    0,    0,    0,    0,    0,    0,    0,    0,    0,    0,    0,    0,    0,    0,    0,    0,    0,    0,    0,    0,    0,    0,    0,    0,    0,    0,    0,    0,    0,    0,    0,    0,    0,    0,    0,    0,    0,    0,    0,    0,    0,    0,    0,    0,    0,    0,    0,    0,    0,    0,    0,    0,    0,    0,    0,    0,    0,    0,    0,    0,    0,   -6,  -28,  -19,    0,   -6,   -4,  -14,    0,   -6,  -28,    0,    0,    0,   -5,
       0,    0,    0,    0,    0,    0,    0,    0,    0,    0,    0,    0,    0,    0,    0,    0,    0,    0,    0,    0,    0,    0,    0,    0,    0,    0,    0,    0,    0,    0,    0,    0,    0,    0,    0,    0,    0,    0,    0,    0,    0,    0,    0,    0,    0,    0,    0,    0,    0,    0,    0,    0,    0,    0,    0,    0,    0,    0,    0,    0,    0,    0,    0,    0,    0,    0,    0,    0,    0,    0,    0,    0,    0,    0,    0,    0,    0,    0,    0,    0,    0,    0,    0,    0,    0,    0,    0,    0,    0,    0,    0,    0,    0,    0,    0,    0,    0,    0,    0,    0,    0,    0,    0,    0,    0,    0,    0,    0,    0,    0,    0,    0,    0,    0,    0,    0,    0,    0,    0,    0,    0,    0,    0,    0,    0,    0,    0,    0,    0,    0,   -8,   -3,    0,    0,    0,    0,   -5,    0,    0,    0,    0,    0,    0,
       0,    0,    0,    0,    0,    0,    0,    0,    0,    0,    0,    0,    0,    0,    0,    0,    0,    0,    0,    0,    0,    0,    0,    0,    0,    0,    0,    0,    0,    0,    0,    0,    0,    0,    0,    0,    0,    0,    0,    0,    0,    0,    0,    0,    0,    0,    0,    0,    0,    0,    0,    0,    0,    0,    0,    0,    0,    0,    0,    0,    0,    0,    0,    0,    0,    0,    0,    0,    0,    0,    0,    0,    0,    0,    0,    0,    0,    0,    0,    0,    0,    0,    0,    0,    0,    0,    0,    0,    0,    0,    0,    0,    0,    0,    0,    0,    0,    0,    0,    0,    0,    0,    0,    0,    0,    0,    0,    0,    0,    0,    0,    0,    0,    0,    0,    0,    0,    0,    0,    0,    0,    0,    0,    0,    0,    0,    0,    0,    0,    0,    0,    0,    0,    0,    0,    0,  -28,    0,    0,    0,    0,    0,    0,
       0,    0,    0,    0,    0,    0,    0,    0,    0,    0,    0,    0,  -27,    0,  -10,  -10,  -32,   -7,  -10,    5,    6,    6,    9,   11,    5,    9,    7,    0,    0,    0,   -9,    0,  -11,  -14,    0,    0,    0,    0,    0,   -7,    0,    0,    4,    4,    0,    4,    0,    0,    0,    0,    0,  -65,    0,   -9,    0,    0,    0,  -23,    0,    0,    0,    0,    0,    0,    0,    0,    0,    6,    0,    5,  -32,  -20,    0,  -27,  -18,    4,    0,   -7,  -10,   -4,    5,    5,    0,    0,   -9,    0,    0,    0,  -14,  -11,    0,    0,  -15,   -5,  -14,    0,  -10,    0,    0,  -18,    0,    0,    0,    0,    0,    0,   -7,    5,   -8,   -7,    0,    0,    0,    5,    0,    0,    0,   -9,    5,    0,    0,    0,    0,  -34,   -5,    0,   -3,    0,    0,    0,    0,    0,    0,    0,    0,    0,    0,    0,    0,    0,    0,    0,    0,
       0,    0,    0,    0,    0,    0,    0,    0,    0,    0,    0,    0,  -33,    0,  -12,  -12,  -35,    0,  -12,   -7,    6,    4,    9,   10,    5,    7,    6,    0,    0,    0,  -21,   -3,  -24,  -24,   -6,   -3,   -3,    0,  -14,  -26,    0,  -11,   -3,   -3,    0,   -3,  -11,    0,    0,    0,    0,  -43,   -7,  -21,   -3,   -3,   -3,  -24,   -3,   -3,   -3,    0,    0,    0,    0,    0,    0,    6,   -6,   -7,  -35,  -22,    0,  -33,  -21,    0,    0,    0,  -12,   -8,    5,    0,    0,   -4,  -21,    0,   -7,   -7,  -19,  -16,    0,   -5,  -21,  -10,  -24,   -8,  -16,    0,    0,  -23,    0,    0,   -7,    0,   -5,   -6,  -13,    0,  -15,  -26,    0,    0,    0,    0,    0,    0,   -6,  -16,    4,    0,    0,    0,   -4,  -36,  -10,   -4,   -9,    0,   -6,    0,    0,    0,    0,    0,    0,    0,    0,    0,    0,    0,    0,    0,    0,
       0,    0,    0,    0,    0,    0,    0,    0,    0,    0,    0,    0,    7,    0,  -11,  -11,    7,    0,  -11,    3,  -25,   -7,  -42,  -25,    8,  -36,    7,    0,    0,    0,    3,    3,    0,    0,    3,    3,    3,   10,    3,    4,    0,    3,  -14,  -10,    7,  -14,    8,    0,    0,    0,    0,    8,    0,    3,    3,    3,    3,    0,    3,    3,    3,    0,    0,    0,    0,    0,    0,    0,    0,    0,    0,    0,    0,    0,    0,    0,    0,    0,    0,    0,    0,    0,    0,    0,    0,    0,    0,    0,    0,    0,    0,    0,    0,    0,    0,    0,    0,    0,    0,    0,    0,    0,    0,    0,    0,    0,    0,    0,    0,    0,    0,    0,    0,    0,    0,    0,    0,    0,    0,    0,    0,    0,    0,    0,    0,    0,    0,    0,    0,    0,    0,    0,    0,    0,    0,    0,    0,    0,    0,    0,    0,    0,    0,
};

static const EpdLigaturePair ubuntu_10_boldLigaturePairs[] = {
    { 0x00660066, 0xFB00 }, // f f -> U+FB00
    { 0x00660069, 0xFB01 }, // f i -> U+FB01
    { 0x0066006C, 0xFB02 }, // f l -> U+FB02
    { 0xFB000069, 0xFB03 }, // U+FB00 i -> U+FB03
    { 0xFB00006C, 0xFB04 }, // U+FB00 l -> U+FB04
};

static const EpdFontData ubuntu_10_bold = {
    ubuntu_10_boldBitmaps,
    ubuntu_10_boldGlyphs,
    ubuntu_10_boldIntervals,
    409,
    24,
    20,
    -4,
    false,
    nullptr,
    0,
    nullptr,
    ubuntu_10_boldKernLeftClasses,
    ubuntu_10_boldKernRightClasses,
    ubuntu_10_boldKernMatrix,
    634,
    615,
    167,
    143,
    ubuntu_10_boldLigaturePairs,
    5,
};
