/**
 * generated by fontconvert.py
 * name: ubuntu_10_regular
 * size: 10
 * mode: 1-bit
 * Command used: fontconvert.py ubuntu_10_regular 10 ../builtinFonts/source/Ubuntu/Ubuntu-Regular.ttf /tmp/NotoSansCJKSC-Regular.ttf --additional-intervals 0x3002,0x3002 --additional-intervals 0x4e00,0x4e00 --additional-intervals 0x4e0a,0x4e0a --additional-intervals 0x4e0b,0x4e0b --additional-intervals 0x4e0d,0x4e0d --additional-intervals 0x4e24,0x4e24 --additional-intervals 0x4e2a,0x4e2a --additional-intervals 0x4e2d,0x4e2d --additional-intervals 0x4e32,0x4e32 --additional-intervals 0x4e3a,0x4e3a --additional-intervals 0x4e3b,0x4e3b --additional-intervals 0x4e49,0x4e49 --additional-intervals 0x4e66,0x4e66 --additional-intervals 0x4e8c,0x4e8c --additional-intervals 0x4eba,0x4eba --additional-intervals 0x4ece,0x4ece --additional-intervals 0x4ed6,0x4ed6 --additional-intervals 0x4ee3,0x4ee3 --additional-intervals 0x4ee5,0x4ee5 --additional-intervals 0x4ef6,0x4ef6 --additional-intervals 0x4f20,0x4f20 --additional-intervals 0x4f4d,0x4f4d --additional-intervals 0x4f4f,0x4f4f --additional-intervals 0x4f53,0x4f53 --additional-intervals 0x4f7f,0x4f7f --additional-intervals 0x4f9b,0x4f9b --additional-intervals 0x4fa7,0x4fa7 --additional-intervals 0x4fdd,0x4fdd --additional-intervals 0x4fee,0x4fee --additional-intervals 0x5012,0x5012 --additional-intervals 0x503c,0x503c --additional-intervals 0x503e,0x503e --additional-intervals 0x5148,0x5148 --additional-intervals 0x5149,0x5149 --additional-intervals 0x5165,0x5165 --additional-intervals 0x5171,0x5171 --additional-intervals 0x5173,0x5173 --additional-intervals 0x5185,0x5185 --additional-intervals 0x518d,0x518d --additional-intervals 0x5199,0x5199 --additional-intervals 0x51d1,0x51d1 --additional-intervals 0x51ed,0x51ed --additional-intervals 0x51fa,0x51fa --additional-intervals 0x5206,0x5206 --additional-intervals 0x5207,0x5207 --additional-intervals 0x521b,0x521b --additional-intervals 0x5220,0x5220 --additional-intervals 0x5230,0x5230 --additional-intervals 0x5236,0x5236 --additional-intervals 0x5237,0x5237 --additional-intervals 0x524d,0x524d --additional-intervals 0x526a,0x526a --additional-intervals 0x529f,0x529f --additional-intervals 0x52a0,0x52a0 --additional-intervals 0x52a1,0x52a1 --additional-intervals 0x52a8,0x52a8 --additional-intervals 0x5339,0x5339 --additional-intervals 0x5360,0x5360 --additional-intervals 0x5361,0x5361 --additional-intervals 0x539f,0x539f --additional-intervals 0x53d6,0x53d6 --additional-intervals 0x53e3,0x53e3 --additional-intervals 0x53ef,0x53ef --additional-intervals 0x53f3,0x53f3 --additional-intervals 0x53f7,0x53f7 --additional-intervals 0x540c,0x540c --additional-intervals 0x540d,0x540d --additional-intervals 0x540e,0x540e --additional-intervals 0x5411,0x5411 --additional-intervals 0x5426,0x5426 --additional-intervals 0x542f,0x542f --additional-intervals 0x544a,0x544a --additional-intervals 0x547d,0x547d --additional-intervals 0x54c8,0x54c8 --additional-intervals 0x5668,0x5668 --additional-intervals 0x56de,0x56de --additional-intervals 0x56e0,0x56e0 --additional-intervals 0x56f4,0x56f4 --additional-intervals 0x56fe,0x56fe --additional-intervals 0x5728,0x5728 --additional-intervals 0x5730,0x5730 --additional-intervals 0x5740,0x5740 --additional-intervals 0x5907,0x5907 --additional-intervals 0x590d,0x590d --additional-intervals 0x5916,0x5916 --additional-intervals 0x5927,0x5927 --additional-intervals 0x5931,0x5931 --additional-intervals 0x59cb,0x59cb --additional-intervals 0x5b57,0x5b57 --additional-intervals 0x5b58,0x5b58 --additional-intervals 0x5b8c,0x5b8c --additional-intervals 0x5b9a,0x5b9a --additional-intervals 0x5bbd,0x5bbd --additional-intervals 0x5bc6,0x5bc6 --additional-intervals 0x5bf9,0x5bf9 --additional-intervals 0x5c01,0x5c01 --additional-intervals 0x5c04,0x5c04 --additional-intervals 0x5c06,0x5c06 --additional-intervals 0x5c0f,0x5c0f --additional-intervals 0x5c31,0x5c31 --additional-intervals 0x5c40,0x5c40 --additional-intervals 0x5c45,0x5c45 --additional-intervals 0x5c4f,0x5c4f --additional-intervals 0x5d29,0x5d29 --additional-intervals 0x5d4c,0x5d4c --additional-intervals 0x5de6,0x5de6 --additional-intervals 0x5df2,0x5df2 --additional-intervals 0x5e03,0x5e03 --additional-intervals 0x5e0c,0x5e0c --additional-intervals 0x5e55,0x5e55 --additional-intervals 0x5e76,0x5e76 --additional-intervals 0x5e94,0x5e94 --additional-intervals 0x5ea6,0x5ea6 --additional-intervals 0x5efa,0x5efa --additional-intervals 0x5f00,0x5f00 --additional-intervals 0x5f0f,0x5f0f --additional-intervals 0x5f15,0x5f15 --additional-intervals 0x5f53,0x5f53 --additional-intervals 0x5f55,0x5f55 --additional-intervals 0x5fd8,0x5fd8 --additional-intervals 0x5ffd,0x5ffd --additional-intervals 0x6001,0x6001 --additional-intervals 0x60a8,0x60a8 --additional-intervals 0x60c5,0x60c5 --additional-intervals 0x6210,0x6210 --additional-intervals 0x6216,0x6216 --additional-intervals 0x622a,0x622a --additional-intervals 0x6237,0x6237 --additional-intervals 0x6240,0x6240 --additional-intervals 0x624b,0x624b --additional-intervals 0x6253,0x6253 --additional-intervals 0x626b,0x626b --additional-intervals 0x627e,0x627e --additional-intervals 0x6297,0x6297 --additional-intervals 0x62a5,0x62a5 --additional-intervals 0x62e9,0x62e9 --additional-intervals 0x6309,0x6309 --additional-intervals 0x6362,0x6362 --additional-intervals 0x636e,0x636e --additional-intervals 0x63a5,0x63a5 --additional-intervals 0x63a7,0x63a7 --additional-intervals 0x63cf,0x63cf --additional-intervals 0x63d0,0x63d0 --additional-intervals 0x63d2,0x63d2 --additional-intervals 0x641c,0x641c --additional-intervals 0x6536,0x6536 --additional-intervals 0x6545,0x6545 --additional-intervals 0x6570,0x6570 --additional-intervals 0x6587,0x6587 --additional-intervals 0x659c,0x659c --additional-intervals 0x65ad,0x65ad --additional-intervals 0x65b0,0x65b0 --additional-intervals 0x65b9,0x65b9 --additional-intervals 0x65e0,0x65e0 --additional-intervals 0x65f6,0x65f6 --additional-intervals 0x6620,0x6620 --additional-intervals 0x662f,0x662f --additional-intervals 0x663e,0x663e --additional-intervals 0x666e,0x666e --additional-intervals 0x66f4,0x66f4 --additional-intervals 0x6700,0x6700 --additional-intervals 0x6709,0x6709 --additional-intervals 0x670d,0x670d --additional-intervals 0x672a,0x672a --additional-intervals 0x672c,0x672c --additional-intervals 0x673a,0x673a --additional-intervals 0x675f,0x675f --additional-intervals 0x6761,0x6761 --additional-intervals 0x6765,0x6765 --additional-intervals 0x677e,0x677e --additional-intervals 0x6790,0x6790 --additional-intervals 0x67e5,0x67e5 --additional-intervals 0x6807,0x6807 --additional-intervals 0x680f,0x680f --additional-intervals 0x6837,0x6837 --additional-intervals 0x6863,0x6863 --additional-intervals 0x68c0,0x68c0 --additional-intervals 0x6a21,0x6a21 --additional-intervals 0x6a2a,0x6a2a --additional-intervals 0x6b21,0x6b21 --additional-intervals 0x6b63,0x6b63 --additional-intervals 0x6b64,0x6b64 --additional-intervals 0x6b65,0x6b65 --additional-intervals 0x6bb5,0x6bb5 --additional-intervals 0x6bcf,0x6bcf --additional-intervals 0x6bd4,0x6bd4 --additional-intervals 0x6ce8,0x6ce8 --additional-intervals 0x6d45,0x6d45 --additional-intervals 0x6d4f,0x6d4f --additional-intervals 0x6d88,0x6d88 --additional-intervals 0x6df1,0x6df1 --additional-intervals 0x6dfb,0x6dfb --additional-intervals 0x6e05,0x6e05 --additional-intervals 0x6e83,0x6e83 --additional-intervals 0x6e90,0x6e90 --additional-intervals 0x6ee4,0x6ee4 --additional-intervals 0x70b9,0x70b9 --additional-intervals 0x70ed,0x70ed --additional-intervals 0x7247,0x7247 --additional-intervals 0x7248,0x7248 --additional-intervals 0x7279,0x7279 --additional-intervals 0x72b6,0x72b6 --additional-intervals 0x7387,0x7387 --additional-intervals 0x7528,0x7528 --additional-intervals 0x7535,0x7535 --additional-intervals 0x754c,0x754c --additional-intervals 0x7565,0x7565 --additional-intervals 0x767e,0x767e --additional-intervals 0x7684,0x7684 --additional-intervals 0x76d8,0x76d8 --additional-intervals 0x76ee,0x76ee --additional-intervals 0x7720,0x7720 --additional-intervals 0x7761,0x7761 --additional-intervals 0x77ed,0x77ed --additional-intervals 0x7801,0x7801 --additional-intervals 0x786e,0x786e --additional-intervals 0x793a,0x793a --additional-intervals 0x79f0,0x79f0 --additional-intervals 0x79fb,0x79fb --additional-intervals 0x7a0b,0x7a0b --additional-intervals 0x7a7a,0x7a7a --additional-intervals 0x7ad6,0x7ad6 --additional-intervals 0x7ae0,0x7ae0 --additional-intervals 0x7aef,0x7aef --additional-intervals 0x7b26,0x7b26 --additional-intervals 0x7b2c,0x7b2c --additional-intervals 0x7b97,0x7b97 --additional-intervals 0x7c4d,0x7c4d --additional-intervals 0x7c97,0x7c97 --additional-intervals 0x7cfb,0x7cfb --additional-intervals 0x7d22,0x7d22 --additional-intervals 0x7d27,0x7d27 --additional-intervals 0x7ebf,0x7ebf --additional-intervals 0x7ec6,0x7ec6 --additional-intervals 0x7ec8,0x7ec8 --additional-intervals 0x7ed3,0x7ed3 --additional-intervals 0x7edc,0x7edc --additional-intervals 0x7edf,0x7edf --additional-intervals 0x7ee7,0x7ee7 --additional-intervals 0x7eea,0x7eea --additional-intervals 0x7eed,0x7eed --additional-intervals 0x7ef4,0x7ef4 --additional-intervals 0x7f13,0x7f13 --additional-intervals 0x7f16,0x7f16 --additional-intervals 0x7f51,0x7f51 --additional-intervals 0x7f6e,0x7f6e --additional-intervals 0x7ffb,0x7ffb --additional-intervals 0x80fd,0x80fd --additional-intervals 0x811a,0x811a --additional-intervals 0x81ea,0x81ea --additional-intervals 0x81f3,0x81f3 --additional-intervals 0x822c,0x822c --additional-intervals 0x8272,0x8272 --additional-intervals 0x8282,0x8282 --additional-intervals 0x8303,0x8303 --additional-intervals 0x83b7,0x83b7 --additional-intervals 0x843d,0x843d --additional-intervals 0x85cf,0x85cf --additional-intervals 0x884c,0x884c --additional-intervals 0x88c1,0x88c1 --additional-intervals 0x892a,0x892a --additional-intervals 0x8981,0x8981 --additional-intervals 0x89c8,0x89c8 --additional-intervals 0x89e3,0x89e3 --additional-intervals 0x8a00,0x8a00 --additional-intervals 0x8ba1,0x8ba1 --additional-intervals 0x8ba2,0x8ba2 --additional-intervals 0x8ba4,0x8ba4 --additional-intervals 0x8bb0,0x8bb0 --additional-intervals 0x8bbe,0x8bbe --additional-intervals 0x8bc1,0x8bc1 --additional-intervals 0x8bd5,0x8bd5 --additional-intervals 0x8be6,0x8be6 --additional-intervals 0x8bed,0x8bed --additional-intervals 0x8bef,0x8bef --additional-intervals 0x8bf7,0x8bf7 --additional-intervals 0x8bfb,0x8bfb --additional-intervals 0x8d25,0x8d25 --additional-intervals 0x8d26,0x8d26 --additional-intervals 0x8d85,0x8d85 --additional-intervals 0x8ddd,0x8ddd --additional-intervals 0x8df3,0x8df3 --additional-intervals 0x8f6c,0x8f6c --additional-intervals 0x8f7d,0x8f7d --additional-intervals 0x8f91,0x8f91 --additional-intervals 0x8f93,0x8f93 --additional-intervals 0x8fb9,0x8fb9 --additional-intervals 0x8fd1,0x8fd1 --additional-intervals 0x8fd4,0x8fd4 --additional-intervals 0x8fdb,0x8fdb --additional-intervals 0x8fdc,0x8fdc --additional-intervals 0x8fde,0x8fde --additional-intervals 0x9000,0x9000 --additional-intervals 0x9002,0x9002 --additional-intervals 0x9006,0x9006 --additional-intervals 0x9009,0x9009 --additional-intervals 0x901a,0x901a --additional-intervals 0x914d,0x914d --additional-intervals 0x91cd,0x91cd --additional-intervals 0x91cf,0x91cf --additional-intervals 0x9488,0x9488 --additional-intervals 0x949f,0x949f --additional-intervals 0x94fe,0x94fe --additional-intervals 0x9519,0x9519 --additional-intervals 0x952e,0x952e --additional-intervals 0x952f,0x952f --additional-intervals 0x955c,0x955c --additional-intervals 0x957f,0x957f --additional-intervals 0x95f4,0x95f4 --additional-intervals 0x9605,0x9605 --additional-intervals 0x9633,0x9633 --additional-intervals 0x9644,0x9644 --additional-intervals 0x9664,0x9664 --additional-intervals 0x9690,0x9690 --additional-intervals 0x969c,0x969c --additional-intervals 0x9762,0x9762 --additional-intervals 0x9875,0x9875 --additional-intervals 0x9879,0x9879 --additional-intervals 0x987a,0x987a --additional-intervals 0x9884,0x9884 --additional-intervals 0x9891,0x9891 --additional-intervals 0x9898,0x9898 --additional-intervals 0x989d,0x989d --additional-intervals 0x9a8c,0x9a8c --additional-intervals 0x9ed8,0x9ed8 --additional-intervals 0x9f50,0x9f50 --additional-intervals 0x9f7f,0x9f7f
 */
#pragma once
#include "EpdFontData.h"

static const uint8_t ubuntu_10_regularBitmaps[37560] = {
    0xEE, 0xEE, 0xE6, 0x66, 0x66, 0x00, 0xEF, 0xE0, 0xEF, 0xDF, 0xBF, 0x6E, 0xC0, 0x1C, 0x61, 0xCE,
    0x1C, 0xE1, 0x8E, 0xFF, 0xFF, 0xFF, 0x38, 0xC3, 0x9C, 0x31, 0xCF, 0xFF, 0xFF, 0xF7, 0x18, 0x73,
    0x87, 0x38, 0x63, 0x80, 0x0C, 0x03, 0x03, 0xF9, 0xFE, 0xF1, 0xB8, 0x0E, 0x01, 0xE0, 0x7E, 0x07,
    0xE0, 0x78, 0x07, 0x01, 0xF8, 0xFF, 0xFB, 0xFC, 0x0C, 0x03, 0x00, 0xC0, 0x7C, 0x38, 0xEE, 0x38,
    0xC6, 0x70, 0xC6, 0x70, 0xC6, 0xE0, 0xEE, 0xC0, 0x7D, 0xC0, 0x01, 0x80, 0x03, 0xBE, 0x03, 0x77,
    0x07, 0x63, 0x0E, 0x63, 0x0E, 0x63, 0x1C, 0x77, 0x1C, 0x3E, 0x0F, 0x80, 0x7F, 0x03, 0xDC, 0x0E,
    0x30, 0x39, 0xC0, 0x6E, 0x01, 0xF8, 0x07, 0x80, 0x3F, 0x19, 0xCE, 0xE6, 0x1F, 0x18, 0x3C, 0x78,
    0xF1, 0xFF, 0xE3, 0xF9, 0xC0, 0xFF, 0xFE, 0x1C, 0x73, 0x8C, 0x71, 0xC6, 0x38, 0xE3, 0x8E, 0x38,
    0xE1, 0x87, 0x1C, 0x30, 0xE1, 0xC7, 0xC3, 0x87, 0x1C, 0x38, 0xE3, 0x86, 0x18, 0x71, 0xC6, 0x18,
    0xE3, 0x8E, 0x71, 0xCE, 0x30, 0x0C, 0x03, 0x06, 0xD9, 0xFE, 0x1E, 0x07, 0x83, 0xF0, 0xCC, 0x0C,
    0x03, 0x00, 0xC0, 0x30, 0xFF, 0xFF, 0xF0, 0xC0, 0x30, 0x0C, 0x03, 0x00, 0x77, 0x76, 0x60, 0xFF,
    0xF0, 0xFF, 0x80, 0x01, 0xC0, 0x60, 0x38, 0x0E, 0x03, 0x01, 0xC0, 0x70, 0x18, 0x0E, 0x03, 0x81,
    0xC0, 0x70, 0x1C, 0x0E, 0x03, 0x80, 0xC0, 0x70, 0x1C, 0x06, 0x03, 0x80, 0x3F, 0x1F, 0xE7, 0x3B,
    0x87, 0xE1, 0xF8, 0x7E, 0x1F, 0x07, 0xE1, 0xF8, 0x7E, 0x1F, 0x87, 0x73, 0x9F, 0xE3, 0xF0, 0x0E,
    0x3D, 0xFB, 0xF7, 0xE1, 0xC3, 0x87, 0x0E, 0x1C, 0x38, 0x70, 0xE1, 0xC3, 0x80, 0x7E, 0x3F, 0xCE,
    0x78, 0x0E, 0x03, 0x80, 0xE0, 0x70, 0x3C, 0x1E, 0x0F, 0x03, 0x81, 0xC0, 0xE0, 0x3F, 0xFF, 0xFC,
    0x7E, 0x3F, 0xC6, 0x78, 0x0E, 0x03, 0x81, 0xE3, 0xF0, 0xFC, 0x07, 0x80, 0x60, 0x1C, 0x07, 0xC7,
    0xBF, 0xEF, 0xE0, 0x03, 0xC0, 0x78, 0x1F, 0x07, 0xE1, 0xDC, 0x3B, 0x8E, 0x73, 0x8E, 0x61, 0xDF,
    0xFF, 0xFF, 0x80, 0xE0, 0x1C, 0x03, 0x80, 0x70, 0x7F, 0x9F, 0xE7, 0x01, 0xC0, 0x70, 0x1F, 0x87,
    0xF0, 0x7E, 0x03, 0x80, 0x70, 0x1C, 0x07, 0xE7, 0xBF, 0xEF, 0xE0, 0x07, 0x87, 0xE3, 0xF1, 0xC0,
    0x60, 0x3F, 0xCF, 0xFB, 0xCF, 0xE1, 0xF8, 0x7E, 0x1F, 0x87, 0x73, 0xDF, 0xE3, 0xF0, 0xFF, 0xFF,
    0xF0, 0x1C, 0x0E, 0x07, 0x01, 0xC0, 0xE0, 0x38, 0x0C, 0x07, 0x01, 0xC0, 0x60, 0x38, 0x0E, 0x03,
    0x80, 0x3F, 0x1F, 0xEF, 0x3B, 0x87, 0xE1, 0xFC, 0xE7, 0xF8, 0xFC, 0x7F, 0xB8, 0xFE, 0x1F, 0x87,
    0xF3, 0xDF, 0xE3, 0xF0, 0x3F, 0x1F, 0xEF, 0x7B, 0x87, 0xE1, 0xF8, 0x7F, 0x3D, 0xFF, 0x3F, 0xC0,
    0x60, 0x38, 0x1E, 0x1F, 0x1F, 0x87, 0x80, 0xFF, 0x80, 0x00, 0xFF, 0x80, 0x77, 0x70, 0x00, 0x00,
    0x07, 0x77, 0x66, 0x01, 0xC3, 0xF7, 0xFB, 0xF0, 0xF0, 0x3F, 0x07, 0xF8, 0x3F, 0x01, 0xC0, 0xFF,
    0xFF, 0xF0, 0x00, 0x00, 0x00, 0x3F, 0xFF, 0xFC, 0xE0, 0x3F, 0x07, 0xF8, 0x3F, 0x03, 0xC3, 0xF7,
    0xFB, 0xF0, 0xE0, 0x00, 0xFE, 0xFF, 0x6F, 0x07, 0x07, 0x06, 0x0E, 0x1C, 0x38, 0x38, 0x00, 0x00,
    0x38, 0x38, 0x38, 0x07, 0xF8, 0x03, 0xFF, 0x81, 0xF3, 0xF0, 0xE0, 0x1C, 0x70, 0x03, 0x9C, 0x7E,
    0x6E, 0x7F, 0x9F, 0x9E, 0xE7, 0xE6, 0x19, 0xFB, 0x86, 0x7E, 0xE1, 0x9F, 0xB8, 0x67, 0xE7, 0xBB,
    0xB9, 0xFF, 0xE7, 0x3F, 0xF1, 0xC0, 0x00, 0x38, 0x00, 0x07, 0xC6, 0x00, 0xFF, 0x80, 0x1F, 0xE0,
    0x07, 0x00, 0x1E, 0x00, 0x78, 0x03, 0xF0, 0x0D, 0xC0, 0x73, 0x01, 0xCE, 0x06, 0x18, 0x38, 0x70,
    0xFF, 0xC7, 0xFF, 0x1C, 0x0E, 0x60, 0x3B, 0x80, 0x7E, 0x01, 0xC0, 0x7F, 0x8F, 0xFC, 0xE3, 0xEE,
    0x0E, 0xE0, 0xEE, 0x3E, 0xFF, 0xCF, 0xFE, 0xE1, 0xEE, 0x07, 0xE0, 0x7E, 0x07, 0xE1, 0xEF, 0xFE,
    0x7F, 0x80, 0x0F, 0xE3, 0xFF, 0x7C, 0x67, 0x00, 0xE0, 0x0E, 0x00, 0xE0, 0x0E, 0x00, 0xE0, 0x0E,
    0x00, 0xE0, 0x07, 0x00, 0x7C, 0x63, 0xFF, 0x0F, 0xE0, 0x7F, 0x87, 0xFF, 0x38, 0xFD, 0xC0, 0xEE,
    0x07, 0xF0, 0x1F, 0x80, 0xFC, 0x07, 0xE0, 0x3F, 0x01, 0xF8, 0x0F, 0xC0, 0xEE, 0x3F, 0x7F, 0xF1,
    0xFE, 0x00, 0xFF, 0xDF, 0xFB, 0x80, 0x70, 0x0E, 0x01, 0xC0, 0x3F, 0xE7, 0xFC, 0xE0, 0x1C, 0x03,
    0x80, 0x70, 0x0E, 0x01, 0xFF, 0xFF, 0xF8, 0xFF, 0xFF, 0xFE, 0x03, 0x80, 0xE0, 0x38, 0x0F, 0xFB,
    0xFE, 0xE0, 0x38, 0x0E, 0x03, 0x80, 0xE0, 0x38, 0x0E, 0x00, 0x0F, 0xE3, 0xFF, 0x7C, 0x77, 0x00,
    0xE0, 0x0E, 0x00, 0xE0, 0x0E, 0x00, 0xE0, 0x7E, 0x07, 0xE0, 0x77, 0x07, 0x7C, 0x73, 0xFF, 0x0F,
    0xF0, 0xE0, 0x3E, 0x03, 0xE0, 0x3E, 0x03, 0xE0, 0x3E, 0x03, 0xFF, 0xFF, 0xFF, 0xE0, 0x3E, 0x03,
    0xE0, 0x3E, 0x03, 0xE0, 0x3E, 0x03, 0xE0, 0x30, 0xFF, 0xFF, 0xFF, 0xFF, 0xFF, 0xF8, 0x03, 0x81,
    0xC0, 0xE0, 0x70, 0x38, 0x1C, 0x0E, 0x07, 0x03, 0x81, 0xC0, 0xE0, 0x7E, 0x7F, 0xF9, 0xF8, 0xE0,
    0xF7, 0x07, 0x38, 0x71, 0xC7, 0x0E, 0x70, 0x77, 0x03, 0xF0, 0x1F, 0x80, 0xFE, 0x07, 0x78, 0x39,
    0xE1, 0xC7, 0x8E, 0x1E, 0x70, 0x7B, 0x81, 0xC0, 0xE0, 0x38, 0x0E, 0x03, 0x80, 0xE0, 0x38, 0x0E,
    0x03, 0x80, 0xE0, 0x38, 0x0E, 0x03, 0x80, 0xE0, 0x3F, 0xFF, 0xFC, 0x70, 0x0E, 0x70, 0x0E, 0x78,
    0x1E, 0x78, 0x1F, 0x6C, 0x3F, 0x6C, 0x37, 0x66, 0x37, 0xE6, 0x67, 0xE7, 0x67, 0xE3, 0xE7, 0xE3,
    0xC7, 0xE3, 0xC7, 0xE1, 0xC7, 0xE0, 0x07, 0xE0, 0x03, 0xE0, 0x3F, 0x81, 0xFE, 0x0F, 0xF8, 0x7F,
    0xC3, 0xF7, 0x1F, 0x9C, 0xFC, 0x77, 0xE3, 0xBF, 0x0F, 0xF8, 0x3F, 0xC1, 0xFE, 0x07, 0xF0, 0x3F,
    0x80, 0xE0, 0x0F, 0xE0, 0x7F, 0xE1, 0xF3, 0xE3, 0x81, 0xEE, 0x01, 0xDC, 0x03, 0xB8, 0x07, 0x70,
    0x06, 0xE0, 0x1D, 0xC0, 0x3B, 0x80, 0x73, 0x81, 0xE7, 0xCF, 0x87, 0xFE, 0x03, 0xF8, 0x00, 0x7F,
    0x8F, 0xFC, 0xE3, 0xEE, 0x0E, 0xE0, 0xEE, 0x0E, 0xE3, 0xEF, 0xFC, 0xFF, 0x8E, 0x00, 0xE0, 0x0E,
    0x00, 0xE0, 0x0E, 0x00, 0xE0, 0x00, 0x0F, 0xE0, 0x7F, 0xE1, 0xF3, 0xE3, 0x81, 0xEE, 0x01, 0xDC,
    0x03, 0xB8, 0x07, 0x70, 0x06, 0xE0, 0x1D, 0xC0, 0x3B, 0x80, 0x73, 0x81, 0xE7, 0xCF, 0x87, 0xFE,
    0x03, 0xF8, 0x01, 0xC0, 0x01, 0xF0, 0x01, 0xF0, 0x01, 0xE0, 0x7F, 0x8F, 0xFC, 0xE3, 0xEE, 0x0E,
    0xE0, 0xEE, 0x0E, 0xE3, 0xEF, 0xFC, 0xFF, 0x8E, 0x38, 0xE3, 0xCE, 0x1C, 0xE0, 0xEE, 0x0E, 0xE0,
    0x70, 0x1F, 0xCF, 0xF9, 0xE7, 0x38, 0x07, 0x00, 0xE0, 0x1F, 0x80, 0xFC, 0x07, 0xC0, 0x3C, 0x03,
    0x80, 0x77, 0x3F, 0xFF, 0x9F, 0xE0, 0xFF, 0xFF, 0xFF, 0x06, 0x00, 0x60, 0x06, 0x00, 0x60, 0x06,
    0x00, 0x60, 0x06, 0x00, 0x60, 0x06, 0x00, 0x60, 0x06, 0x00, 0x60, 0x06, 0x00, 0xE0, 0x7E, 0x07,
    0xE0, 0x7E, 0x07, 0xE0, 0x7E, 0x07, 0xE0, 0x7E, 0x07, 0xE0, 0x7E, 0x07, 0xE0, 0x77, 0x07, 0x79,
    0xE3, 0xFE, 0x1F, 0xC0, 0xE0, 0x1F, 0x80, 0xE7, 0x03, 0x9C, 0x0E, 0x70, 0x70, 0xE1, 0xC3, 0x87,
    0x0E, 0x38, 0x1C, 0xE0, 0x73, 0x80, 0xFC, 0x03, 0xF0, 0x0F, 0x80, 0x1E, 0x00, 0x70, 0x00, 0xE0,
    0x00, 0xFC, 0x00, 0x1D, 0xC3, 0x83, 0xB8, 0x78, 0x77, 0x0F, 0x0C, 0xE3, 0xE3, 0x9C, 0x7E, 0x71,
    0xCD, 0xCE, 0x3B, 0x99, 0xC7, 0x73, 0xB0, 0xEC, 0x7E, 0x0F, 0x87, 0xC1, 0xF0, 0xF8, 0x3C, 0x1E,
    0x03, 0x81, 0xC0, 0x70, 0x7B, 0x83, 0x8E, 0x38, 0x3B, 0xC1, 0xDC, 0x07, 0xC0, 0x1E, 0x00, 0xE0,
    0x0F, 0x80, 0x7E, 0x07, 0x70, 0x71, 0xC3, 0x87, 0x38, 0x3B, 0x80, 0xE0, 0xE0, 0x3B, 0x83, 0x9C,
    0x38, 0x71, 0xC3, 0x9C, 0x0E, 0xE0, 0x7E, 0x01, 0xF0, 0x07, 0x00, 0x38, 0x01, 0xC0, 0x0E, 0x00,
    0x70, 0x03, 0x80, 0x1C, 0x00, 0x7F, 0xE7, 0xFE, 0x00, 0xE0, 0x1C, 0x03, 0x80, 0x78, 0x07, 0x00,
    0xE0, 0x1C, 0x01, 0xC0, 0x38, 0x07, 0x00, 0x70, 0x0F, 0xFF, 0xFF, 0xF0, 0xFF, 0xF1, 0x8C, 0x63,
    0x18, 0xC6, 0x31, 0x8C, 0x63, 0x18, 0xC6, 0x3F, 0xF0, 0xE0, 0x18, 0x07, 0x01, 0xC0, 0x30, 0x0E,
    0x03, 0x80, 0x60, 0x1C, 0x07, 0x00, 0xE0, 0x38, 0x06, 0x01, 0xC0, 0x70, 0x0C, 0x03, 0x80, 0xE0,
    0x18, 0x07, 0xFF, 0xC6, 0x31, 0x8C, 0x63, 0x18, 0xC6, 0x31, 0x8C, 0x63, 0x18, 0xFF, 0xF0, 0x0E,
    0x01, 0xE0, 0x7E, 0x0D, 0xC3, 0x9C, 0x63, 0x9C, 0x3B, 0x03, 0x7F, 0xF7, 0xFF, 0xC7, 0x1C, 0x60,
    0x3F, 0x0F, 0xE3, 0x3C, 0x07, 0x3F, 0xDF, 0xF7, 0x9D, 0x87, 0x71, 0xDF, 0xF3, 0xFC, 0xE0, 0x1C,
    0x03, 0x80, 0x70, 0x0E, 0x01, 0xFE, 0x3F, 0xE7, 0x9E, 0xE1, 0xDC, 0x1F, 0x83, 0xF0, 0x7E, 0x1D,
    0xC7, 0xBF, 0xE7, 0xF8, 0x3F, 0x3F, 0xBE, 0x5C, 0x0E, 0x07, 0x03, 0x81, 0xC0, 0xF9, 0x3F, 0xCF,
    0xE0, 0x01, 0xC0, 0x70, 0x1C, 0x07, 0x01, 0xCF, 0xF7, 0xFF, 0xCF, 0xE1, 0xF8, 0x7E, 0x1F, 0x87,
    0xE1, 0xFE, 0x77, 0xFC, 0xFF, 0x3F, 0x1F, 0xEF, 0x3F, 0x87, 0xFF, 0xFF, 0xFE, 0x03, 0x80, 0xF9,
    0x9F, 0xE3, 0xF8, 0x3F, 0x7E, 0x72, 0xE0, 0xE0, 0xFE, 0xFE, 0xE0, 0xE0, 0xE0, 0xE0, 0xE0, 0xE0,
    0xE0, 0xE0, 0xE0, 0x3F, 0xDF, 0xFF, 0x9F, 0x87, 0xE1, 0xF8, 0x7E, 0x1F, 0x87, 0xF3, 0xDF, 0xF3,
    0xFC, 0x07, 0x63, 0xBF, 0xEF, 0xF0, 0xE0, 0x38, 0x0E, 0x03, 0x80, 0xE0, 0x3F, 0xCF, 0xFB, 0xCF,
    0xE1, 0xF8, 0x7E, 0x1F, 0x87, 0xE1, 0xF8, 0x7E, 0x1F, 0x87, 0xFC, 0x01, 0xFF, 0xFF, 0xFF, 0xFF,
    0x1C, 0x70, 0x00, 0x00, 0x71, 0xC7, 0x1C, 0x71, 0xC7, 0x1C, 0x71, 0xC7, 0x1C, 0xFF, 0xBE, 0xE0,
    0x38, 0x0E, 0x03, 0x80, 0xE0, 0x38, 0xEE, 0x73, 0xBC, 0xEE, 0x3F, 0x0F, 0x83, 0xF0, 0xEE, 0x39,
    0xCE, 0x3B, 0x87, 0xE7, 0x39, 0xCE, 0x73, 0x9C, 0xE7, 0x39, 0xCE, 0x79, 0xEE, 0xFF, 0xFC, 0xFF,
    0xFE, 0xE7, 0xCF, 0xE3, 0x87, 0xE1, 0x87, 0xE1, 0x87, 0xE1, 0x87, 0xE1, 0x87, 0xE1, 0x87, 0xE1,
    0x87, 0xE1, 0x87, 0xFF, 0x3F, 0xEE, 0x3F, 0x87, 0xE1, 0xF8, 0x7E, 0x1F, 0x87, 0xE1, 0xF8, 0x7E,
    0x1C, 0x3F, 0x0F, 0xF3, 0xEF, 0x70, 0xEE, 0x0F, 0xC1, 0xF8, 0x3F, 0x0E, 0xF3, 0xCF, 0xF0, 0xFC,
    0x00, 0xFF, 0x1F, 0xF3, 0x8F, 0x70, 0xEE, 0x0F, 0xC1, 0xF8, 0x3F, 0x0E, 0xF3, 0xDF, 0xF3, 0xFC,
    0x70, 0x0E, 0x01, 0xC0, 0x38, 0x00, 0x3F, 0xDF, 0xFF, 0x9F, 0x87, 0xE1, 0xF8, 0x7E, 0x1F, 0x87,
    0xF3, 0xDF, 0xF3, 0xFC, 0x07, 0x01, 0xC0, 0x70, 0x1C, 0x7F, 0xFF, 0x8F, 0x0E, 0x1C, 0x38, 0x70,
    0xE1, 0xC3, 0x80, 0x3F, 0x3F, 0x9C, 0xCE, 0x07, 0xC1, 0xF8, 0x3E, 0x07, 0x47, 0xBF, 0xDF, 0xC0,
    0xE0, 0xE0, 0xE0, 0xFE, 0xFE, 0xE0, 0xE0, 0xE0, 0xE0, 0xE0, 0xE0, 0xF2, 0x7E, 0x7E, 0xE1, 0xF8,
    0x7E, 0x1F, 0x87, 0xE1, 0xF8, 0x7E, 0x1F, 0x87, 0x71, 0xDF, 0xF3, 0xFC, 0xE0, 0xDC, 0x39, 0x87,
    0x38, 0xE7, 0x38, 0x67, 0x0E, 0xC0, 0xF8, 0x1F, 0x03, 0xC0, 0x38, 0x00, 0xE1, 0xC7, 0xE1, 0xC7,
    0x63, 0xC7, 0x73, 0xC6, 0x73, 0xEE, 0x33, 0xEE, 0x3F, 0x6C, 0x3E, 0x7C, 0x1E, 0x7C, 0x1E, 0x38,
    0x1C, 0x38, 0xE1, 0xCE, 0x70, 0xEE, 0x0F, 0x81, 0xE0, 0x1C, 0x07, 0xC1, 0xF8, 0x73, 0x8E, 0x3B,
    0x83, 0x00, 0xE0, 0xDC, 0x39, 0xC7, 0x38, 0xC7, 0x18, 0x77, 0x0E, 0xE0, 0xD8, 0x1F, 0x01, 0xC0,
    0x38, 0x07, 0x01, 0xC1, 0xF8, 0x3E, 0x00, 0x7F, 0x9F, 0xE0, 0x38, 0x1C, 0x0E, 0x07, 0x03, 0x81,
    0xE0, 0x70, 0x3F, 0xEF, 0xF8, 0x0E, 0x3C, 0x71, 0xC3, 0x87, 0x0E, 0x1C, 0x79, 0xE3, 0xE3, 0xC3,
    0x87, 0x0E, 0x1C, 0x38, 0x38, 0x78, 0x70, 0xFF, 0xFF, 0xFF, 0xFF, 0xFF, 0xE1, 0xE1, 0xC1, 0xC3,
    0x87, 0x0E, 0x1C, 0x3C, 0x3C, 0xF9, 0xE3, 0x87, 0x0E, 0x1C, 0x38, 0xE3, 0xC7, 0x00, 0x3C, 0x6F,
    0xFD, 0xBF, 0xB1, 0xE0, 0xEF, 0xE0, 0x06, 0x66, 0x66, 0xEE, 0xEE, 0xE0, 0x0E, 0x03, 0x80, 0xE0,
    0x7E, 0x3F, 0x9E, 0x67, 0x01, 0x80, 0xE0, 0x18, 0x07, 0x01, 0xE2, 0x3F, 0x87, 0xE0, 0xE0, 0x38,
    0x0E, 0x00, 0x0F, 0xC7, 0xF3, 0xC8, 0xE0, 0x38, 0x0E, 0x03, 0x83, 0xFE, 0xFF, 0x8E, 0x03, 0x00,
    0xC0, 0x30, 0x1F, 0xF7, 0xFC, 0x60, 0x6F, 0xFC, 0xFF, 0x1C, 0xE3, 0x0C, 0x61, 0x8E, 0x71, 0xFE,
    0x7F, 0xEC, 0x0C, 0xE0, 0x77, 0x0E, 0x70, 0xE3, 0x9C, 0x1B, 0x81, 0xF8, 0x0F, 0x07, 0xFE, 0x7F,
    0xE0, 0x60, 0x06, 0x07, 0xFE, 0x7F, 0xE0, 0x60, 0x06, 0x00, 0xFF, 0xFF, 0x00, 0xFF, 0xFF, 0x1F,
    0x8F, 0xE7, 0x99, 0xC0, 0x38, 0x0F, 0x87, 0xF9, 0x8F, 0x61, 0xD8, 0x77, 0x98, 0xFE, 0x1F, 0x00,
    0xE0, 0x19, 0x8E, 0x7F, 0x9F, 0xC0, 0x66, 0x66, 0x0F, 0xE0, 0x3F, 0xF0, 0xF1, 0xE3, 0x80, 0xE6,
    0x7E, 0xFD, 0xC9, 0xF3, 0x01, 0xEE, 0x03, 0xCC, 0x07, 0xDC, 0x9D, 0x9F, 0xBB, 0x80, 0xE3, 0xC7,
    0x83, 0xFF, 0x03, 0xF8, 0x00, 0x7C, 0x2E, 0x06, 0x7E, 0x66, 0xE6, 0x66, 0x7E, 0x19, 0xCE, 0x73,
    0xB9, 0xDC, 0xE7, 0x1D, 0xC3, 0xB8, 0xE7, 0x19, 0xC0, 0xFF, 0xFF, 0xF0, 0x0C, 0x03, 0x00, 0xC0,
    0x30, 0x0C, 0x03, 0xFF, 0xF0, 0x0F, 0xE0, 0x3F, 0xF0, 0xF1, 0xE3, 0x80, 0xE6, 0xFC, 0xFD, 0x9D,
    0xF3, 0x39, 0xE7, 0xE3, 0xCD, 0xC7, 0xD9, 0xDD, 0xB1, 0xBB, 0x80, 0xE3, 0xC7, 0x83, 0xFF, 0x03,
    0xF8, 0x00, 0x7E, 0xFC, 0x7C, 0xFB, 0xBF, 0x77, 0xCF, 0x80, 0x0C, 0x03, 0x00, 0xC0, 0x30, 0xFF,
    0xFF, 0xF0, 0xC0, 0x30, 0x0C, 0x03, 0x00, 0x03, 0xFF, 0xFF, 0xC0, 0x7C, 0xD8, 0x38, 0xE3, 0xCF,
    0x18, 0x3F, 0x7C, 0xD8, 0x31, 0xE0, 0xE0, 0xD3, 0xFE, 0x39, 0xDC, 0xC0, 0xE1, 0xF8, 0x7E, 0x1F,
    0x87, 0xE1, 0xF8, 0x7E, 0x1F, 0x87, 0xF9, 0xFF, 0xFF, 0xFF, 0x80, 0xE0, 0x38, 0x0E, 0x00, 0x1F,
    0xF3, 0xF7, 0x7F, 0x77, 0xF7, 0x7F, 0x77, 0xF7, 0x7F, 0x77, 0xF7, 0x3F, 0x70, 0xF7, 0x07, 0x70,
    0x77, 0x07, 0x70, 0x77, 0x07, 0x70, 0x77, 0x07, 0x70, 0x77, 0x07, 0x70, 0xFF, 0x80, 0x33, 0x8F,
    0xE0, 0x3F, 0xF3, 0x33, 0x33, 0x3E, 0x3B, 0x98, 0xEC, 0x76, 0x3B, 0x1D, 0xDC, 0x7C, 0x66, 0x1D,
    0xC3, 0x38, 0xE7, 0x1D, 0xCE, 0x73, 0x39, 0xDC, 0x66, 0x00, 0x30, 0x18, 0x78, 0x1C, 0x3C, 0x0C,
    0x06, 0x0E, 0x03, 0x0E, 0x01, 0x87, 0x00, 0xC7, 0x00, 0x63, 0x0E, 0x03, 0x87, 0x01, 0x87, 0x81,
    0xC6, 0xC0, 0xC7, 0x60, 0xE3, 0xF8, 0x60, 0x18, 0x70, 0x0C, 0x30, 0x38, 0x78, 0x18, 0x3C, 0x1C,
    0x06, 0x0C, 0x03, 0x0E, 0x01, 0x8E, 0x00, 0xC7, 0x00, 0x67, 0x3E, 0x03, 0x3B, 0x03, 0x81, 0x81,
    0x81, 0xC1, 0xC1, 0xC0, 0xC1, 0xC0, 0xE0, 0xC0, 0x60, 0xFE, 0x7C, 0x0E, 0x1B, 0x07, 0x00, 0xC1,
    0xC0, 0xF0, 0xE0, 0x0E, 0x30, 0x01, 0x9C, 0x04, 0xE6, 0x03, 0xF3, 0x8E, 0x00, 0xC3, 0x80, 0x71,
    0xE0, 0x38, 0xD8, 0x0E, 0x76, 0x07, 0x1F, 0xC1, 0x80, 0x60, 0xE0, 0x18, 0x1C, 0x0F, 0x07, 0x00,
    0x00, 0x00, 0x60, 0x30, 0x38, 0x38, 0x38, 0x18, 0x1C, 0x0F, 0x33, 0xF8, 0xFC, 0x06, 0x00, 0x3C,
    0x00, 0x70, 0x00, 0xC0, 0x00, 0x00, 0x1C, 0x00, 0x78, 0x01, 0xE0, 0x0F, 0xC0, 0x37, 0x01, 0xCC,
    0x07, 0x38, 0x18, 0x60, 0xE1, 0xC3, 0xFF, 0x1F, 0xFC, 0x70, 0x39, 0x80, 0xEE, 0x01, 0xF8, 0x07,
    0x01, 0xC0, 0x07, 0x00, 0x38, 0x00, 0xC0, 0x00, 0x00, 0x1C, 0x00, 0x78, 0x01, 0xE0, 0x0F, 0xC0,
    0x37, 0x01, 0xCC, 0x07, 0x38, 0x18, 0x60, 0xE1, 0xC3, 0xFF, 0x1F, 0xFC, 0x70, 0x39, 0x80, 0xEE,
    0x01, 0xF8, 0x07, 0x03, 0x00, 0x1E, 0x00, 0xFC, 0x03, 0x30, 0x00, 0x00, 0x1C, 0x00, 0x78, 0x01,
    0xE0, 0x0F, 0xC0, 0x37, 0x01, 0xCC, 0x07, 0x38, 0x18, 0x60, 0xE1, 0xC3, 0xFF, 0x1F, 0xFC, 0x70,
    0x39, 0x80, 0xEE, 0x01, 0xF8, 0x07, 0x0F, 0x60, 0x3F, 0x01, 0xBC, 0x00, 0x00, 0x07, 0x00, 0x1E,
    0x00, 0x78, 0x03, 0xF0, 0x0D, 0xC0, 0x73, 0x01, 0xCE, 0x06, 0x18, 0x38, 0x70, 0xFF, 0xC7, 0xFF,
    0x1C, 0x0E, 0x60, 0x3B, 0x80, 0x7E, 0x01, 0xC0, 0x0C, 0xC0, 0x33, 0x00, 0x00, 0x01, 0xC0, 0x07,
    0x80, 0x1E, 0x00, 0xFC, 0x03, 0x70, 0x1C, 0xC0, 0x73, 0x81, 0x86, 0x0E, 0x1C, 0x3F, 0xF1, 0xFF,
    0xC7, 0x03, 0x98, 0x0E, 0xE0, 0x1F, 0x80, 0x70, 0x07, 0x80, 0x1E, 0x00, 0xD8, 0x01, 0xE0, 0x07,
    0x80, 0x1E, 0x00, 0xFC, 0x03, 0xF0, 0x1C, 0xC0, 0x73, 0x81, 0x8E, 0x0E, 0x1C, 0x3F, 0xF1, 0xFF,
    0xC7, 0x03, 0x98, 0x0E, 0xE0, 0x1F, 0x80, 0x70, 0x00, 0xFF, 0xE0, 0x1F, 0xFC, 0x07, 0xC0, 0x01,
    0xD8, 0x00, 0x3B, 0x00, 0x0E, 0x60, 0x01, 0x8F, 0xF0, 0x71, 0xFE, 0x1C, 0x30, 0x03, 0xFE, 0x00,
    0xFF, 0xC0, 0x18, 0x18, 0x07, 0x03, 0x00, 0xC0, 0x7F, 0xF8, 0x0F, 0xF8, 0x0F, 0xE3, 0xFF, 0x7C,
    0x67, 0x00, 0xE0, 0x0E, 0x00, 0xE0, 0x0E, 0x00, 0xE0, 0x0E, 0x00, 0xE0, 0x07, 0x00, 0x7C, 0x63,
    0xFF, 0x1F, 0xE0, 0x70, 0x03, 0x80, 0xF0, 0x18, 0x03, 0x80, 0x38, 0x03, 0x00, 0x01, 0xFF, 0xBF,
    0xF7, 0x00, 0xE0, 0x1C, 0x03, 0x80, 0x7F, 0xCF, 0xF9, 0xC0, 0x38, 0x07, 0x00, 0xE0, 0x1C, 0x03,
    0xFF, 0xFF, 0xF0, 0x03, 0x00, 0xE0, 0x38, 0x06, 0x00, 0x01, 0xFF, 0xBF, 0xF7, 0x00, 0xE0, 0x1C,
    0x03, 0x80, 0x7F, 0xCF, 0xF9, 0xC0, 0x38, 0x07, 0x00, 0xE0, 0x1C, 0x03, 0xFF, 0xFF, 0xF0, 0x0C,
    0x03, 0xC0, 0xFC, 0x19, 0x80, 0x01, 0xFF, 0xBF, 0xF7, 0x00, 0xE0, 0x1C, 0x03, 0x80, 0x7F, 0xCF,
    0xF9, 0xC0, 0x38, 0x07, 0x00, 0xE0, 0x1C, 0x03, 0xFF, 0xFF, 0xF0, 0x3B, 0x87, 0x70, 0x00, 0x7F,
    0xEF, 0xFD, 0xC0, 0x38, 0x07, 0x00, 0xE0, 0x1F, 0xF3, 0xFE, 0x70, 0x0E, 0x01, 0xC0, 0x38, 0x07,
    0x00, 0xFF, 0xFF, 0xFC, 0xC7, 0x1C, 0x60, 0x39, 0xCE, 0x73, 0x9C, 0xE7, 0x39, 0xCE, 0x73, 0x9C,
    0xE0, 0x33, 0xB9, 0x80, 0x73, 0x9C, 0xE7, 0x39, 0xCE, 0x73, 0x9C, 0xE7, 0x39, 0xC0, 0x18, 0x79,
    0xFB, 0x30, 0x07, 0x0E, 0x1C, 0x38, 0x70, 0xE1, 0xC3, 0x87, 0x0E, 0x1C, 0x38, 0x70, 0xE1, 0xC0,
    0xEE, 0xEE, 0x00, 0x38, 0x38, 0x38, 0x38, 0x38, 0x38, 0x38, 0x38, 0x38, 0x38, 0x38, 0x38, 0x38,
    0x38, 0x38, 0x3F, 0xC0, 0x7F, 0xE0, 0xE3, 0xE1, 0x81, 0xC3, 0x01, 0xC6, 0x03, 0xBF, 0x87, 0x7F,
    0x0E, 0x30, 0x1C, 0x60, 0x38, 0xC0, 0x71, 0x81, 0xC3, 0x8F, 0x87, 0xFE, 0x0F, 0xF0, 0x00, 0x0F,
    0xC0, 0xFE, 0x06, 0xE0, 0x00, 0x0E, 0x03, 0xF8, 0x1F, 0xE0, 0xFF, 0x87, 0xFC, 0x3F, 0x71, 0xF9,
    0xCF, 0xC7, 0x7E, 0x3B, 0xF0, 0xFF, 0x83, 0xFC, 0x1F, 0xE0, 0x7F, 0x03, 0xF8, 0x0E, 0x06, 0x00,
    0x0E, 0x00, 0x0E, 0x00, 0x0C, 0x00, 0x00, 0x01, 0xFC, 0x0F, 0xFC, 0x3E, 0x7C, 0x70, 0x3D, 0xC0,
    0x3B, 0x80, 0x77, 0x00, 0xEE, 0x00, 0xDC, 0x03, 0xB8, 0x07, 0x70, 0x0E, 0x70, 0x3C, 0xF9, 0xF0,
    0xFF, 0xC0, 0x7F, 0x00, 0x00, 0xC0, 0x03, 0x80, 0x0E, 0x00, 0x18, 0x00, 0x00, 0x01, 0xFC, 0x0F,
    0xFC, 0x3E, 0x7C, 0x70, 0x3D, 0xC0, 0x3B, 0x80, 0x77, 0x00, 0xEE, 0x00, 0xDC, 0x03, 0xB8, 0x07,
    0x70, 0x0E, 0x70, 0x3C, 0xF9, 0xF0, 0xFF, 0xC0, 0x7F, 0x00, 0x03, 0x00, 0x0F, 0x00, 0x3F, 0x00,
    0x66, 0x00, 0x00, 0x01, 0xFC, 0x0F, 0xFC, 0x3E, 0x7C, 0x70, 0x3D, 0xC0, 0x3B, 0x80, 0x77, 0x00,
    0xEE, 0x00, 0xDC, 0x03, 0xB8, 0x07, 0x70, 0x0E, 0x70, 0x3C, 0xF9, 0xF0, 0xFF, 0xC0, 0x7F, 0x00,
    0x0F, 0x60, 0x1F, 0xC0, 0x3F, 0x00, 0x00, 0x00, 0xFE, 0x07, 0xFE, 0x1F, 0x3E, 0x38, 0x1E, 0xE0,
    0x1D, 0xC0, 0x3B, 0x80, 0x77, 0x00, 0x6E, 0x01, 0xDC, 0x03, 0xB8, 0x07, 0x38, 0x1E, 0x7C, 0xF8,
    0x7F, 0xE0, 0x3F, 0x80, 0x0E, 0xE0, 0x1D, 0xC0, 0x00, 0x00, 0x7F, 0x03, 0xFF, 0x0F, 0x9F, 0x1C,
    0x0F, 0x70, 0x0E, 0xE0, 0x1D, 0xC0, 0x3B, 0x80, 0x37, 0x00, 0xEE, 0x01, 0xDC, 0x03, 0x9C, 0x0F,
    0x3E, 0x7C, 0x3F, 0xF0, 0x1F, 0xC0, 0x41, 0x18, 0xE7, 0xF8, 0xFC, 0x1E, 0x0F, 0xC7, 0xF9, 0x8E,
    0x41, 0x00, 0x0F, 0xFC, 0x7F, 0xF9, 0xF3, 0xE3, 0x83, 0xEE, 0x0F, 0xDC, 0x3B, 0xB8, 0x77, 0x71,
    0xC6, 0xE7, 0x0D, 0xDC, 0x3B, 0xF0, 0x73, 0xC1, 0xE7, 0xCF, 0x8F, 0xFE, 0x1B, 0xF8, 0x00, 0x0C,
    0x00, 0xE0, 0x07, 0x00, 0x30, 0x00, 0x0E, 0x07, 0xE0, 0x7E, 0x07, 0xE0, 0x7E, 0x07, 0xE0, 0x7E,
    0x07, 0xE0, 0x7E, 0x07, 0xE0, 0x7E, 0x07, 0x70, 0x77, 0x9E, 0x3F, 0xE1, 0xFC, 0x01, 0x80, 0x38,
    0x07, 0x00, 0x60, 0x00, 0x0E, 0x07, 0xE0, 0x7E, 0x07, 0xE0, 0x7E, 0x07, 0xE0, 0x7E, 0x07, 0xE0,
    0x7E, 0x07, 0xE0, 0x7E, 0x07, 0x70, 0x77, 0x9E, 0x3F, 0xE1, 0xFC, 0x06, 0x00, 0xF0, 0x1F, 0x81,
    0x98, 0x00, 0x0E, 0x07, 0xE0, 0x7E, 0x07, 0xE0, 0x7E, 0x07, 0xE0, 0x7E, 0x07, 0xE0, 0x7E, 0x07,
    0xE0, 0x7E, 0x07, 0x70, 0x77, 0x9E, 0x3F, 0xE1, 0xFC, 0x1D, 0xC1, 0xDC, 0x00, 0x0E, 0x07, 0xE0,
    0x7E, 0x07, 0xE0, 0x7E, 0x07, 0xE0, 0x7E, 0x07, 0xE0, 0x7E, 0x07, 0xE0, 0x7E, 0x07, 0x70, 0x77,
    0x9E, 0x3F, 0xE1, 0xFC, 0x01, 0x80, 0x1C, 0x01, 0xC0, 0x0C, 0x00, 0x00, 0x70, 0x1D, 0xC1, 0xCE,
    0x1C, 0x38, 0xE1, 0xCE, 0x07, 0x70, 0x3F, 0x00, 0xF8, 0x03, 0x80, 0x1C, 0x00, 0xE0, 0x07, 0x00,
    0x38, 0x01, 0xC0, 0x0E, 0x00, 0xE0, 0x0E, 0x00, 0xFF, 0x8F, 0xFC, 0xE3, 0xEE, 0x0E, 0xE0, 0xEE,
    0x0E, 0xE0, 0xEE, 0x3E, 0xFF, 0xCF, 0xF8, 0xE0, 0x0E, 0x00, 0xE0, 0x00, 0x3F, 0x07, 0xF8, 0x7B,
    0xCE, 0x1C, 0xE1, 0x8E, 0x38, 0xE7, 0x0E, 0x60, 0xEF, 0x0E, 0x7C, 0xE3, 0xEE, 0x1E, 0xE0, 0x7E,
    0xCF, 0xEF, 0xEE, 0xFC, 0x18, 0x07, 0x00, 0xE0, 0x18, 0x00, 0x0F, 0xC3, 0xF8, 0xCF, 0x01, 0xCF,
    0xF7, 0xFD, 0xE7, 0x61, 0xDC, 0x77, 0xFC, 0xFF, 0x03, 0x01, 0xC0, 0xE0, 0x30, 0x00, 0x0F, 0xC3,
    0xF8, 0xCF, 0x01, 0xCF, 0xF7, 0xFD, 0xE7, 0x61, 0xDC, 0x77, 0xFC, 0xFF, 0x04, 0x03, 0x81, 0xF0,
    0x64, 0x00, 0x0F, 0xC3, 0xF8, 0xCF, 0x01, 0xCF, 0xF7, 0xFD, 0xE7, 0x61, 0xDC, 0x77, 0xFC, 0xFF,
    0x1D, 0x8F, 0xE3, 0x70, 0x00, 0x00, 0x0F, 0xC3, 0xF8, 0xCF, 0x01, 0xCF, 0xF7, 0xFD, 0xE7, 0x61,
    0xDC, 0x77, 0xFC, 0xFF, 0x3B, 0x8E, 0xE0, 0x00, 0x00, 0x3F, 0x0F, 0xE3, 0x3C, 0x07, 0x3F, 0xDF,
    0xF7, 0x9D, 0x87, 0x71, 0xDF, 0xF3, 0xFC, 0x0E, 0x06, 0xC1, 0xB0, 0x38, 0x00, 0x0F, 0xC3, 0xF8,
    0xCF, 0x01, 0xCF, 0xF7, 0xFD, 0xE7, 0x61, 0xDC, 0x77, 0xFC, 0xFF, 0x3F, 0x3E, 0x1F, 0xFF, 0x8C,
    0xFD, 0xE0, 0x38, 0x73, 0xFF, 0xFB, 0xFF, 0xFD, 0xE7, 0x00, 0xC3, 0x80, 0x71, 0xF1, 0x3F, 0xFF,
    0x8F, 0xFF, 0xC0, 0x3F, 0x3F, 0xBE, 0x5C, 0x0E, 0x07, 0x03, 0x81, 0xC0, 0xF9, 0x3F, 0xCF, 0xE1,
    0x80, 0xE0, 0x70, 0xF8, 0x18, 0x0F, 0x01, 0xC0, 0x30, 0x00, 0x0F, 0xC7, 0xFB, 0xCF, 0xE1, 0xFF,
    0xFF, 0xFF, 0x80, 0xE0, 0x3E, 0x67, 0xF8, 0xFE, 0x06, 0x03, 0xC0, 0xE0, 0x30, 0x00, 0x0F, 0xC7,
    0xFB, 0xCF, 0xE1, 0xFF, 0xFF, 0xFF, 0x80, 0xE0, 0x3E, 0x67, 0xF8, 0xFE, 0x0C, 0x07, 0x83, 0xF0,
    0xCC, 0x00, 0x0F, 0xC7, 0xFB, 0xCF, 0xE1, 0xFF, 0xFF, 0xFF, 0x80, 0xE0, 0x3E, 0x67, 0xF8, 0xFE,
    0x33, 0x0C, 0xC0, 0x00, 0x00, 0x3F, 0x1F, 0xEF, 0x3F, 0x87, 0xFF, 0xFF, 0xFE, 0x03, 0x80, 0xF9,
    0x9F, 0xE3, 0xF8, 0xC7, 0x1C, 0x60, 0x39, 0xCE, 0x73, 0x9C, 0xE7, 0x39, 0xCE, 0x33, 0xB9, 0x80,
    0x73, 0x9C, 0xE7, 0x39, 0xCE, 0x73, 0x9C, 0x18, 0x79, 0xF3, 0x30, 0x07, 0x0E, 0x1C, 0x38, 0x70,
    0xE1, 0xC3, 0x87, 0x0E, 0x1C, 0xEF, 0xDC, 0x00, 0x03, 0x87, 0x0E, 0x1C, 0x38, 0x70, 0xE1, 0xC3,
    0x87, 0x0E, 0x00, 0x07, 0xE1, 0xFC, 0x3E, 0x07, 0xE0, 0x1C, 0x7F, 0x9F, 0xF7, 0x9E, 0xE0, 0xFC,
    0x1B, 0x03, 0x70, 0xEE, 0x1D, 0xE7, 0x9F, 0xE1, 0xF8, 0x3D, 0x8F, 0xE7, 0xF0, 0x00, 0x00, 0x3F,
    0xCF, 0xFB, 0x8F, 0xE1, 0xF8, 0x7E, 0x1F, 0x87, 0xE1, 0xF8, 0x7E, 0x1F, 0x87, 0x18, 0x03, 0x80,
    0x38, 0x03, 0x00, 0x00, 0x7E, 0x1F, 0xE7, 0xDE, 0xE1, 0xDC, 0x1F, 0x83, 0xF0, 0x7E, 0x1D, 0xE7,
    0x9F, 0xE1, 0xF8, 0x03, 0x00, 0xE0, 0x38, 0x06, 0x00, 0x00, 0x7E, 0x1F, 0xE7, 0xDE, 0xE1, 0xDC,
    0x1F, 0x83, 0xF0, 0x7E, 0x1D, 0xE7, 0x9F, 0xE1, 0xF8, 0x0C, 0x03, 0xC0, 0xFC, 0x19, 0x80, 0x00,
    0x7E, 0x1F, 0xE7, 0xDE, 0xE1, 0xDC, 0x1F, 0x83, 0xF0, 0x7E, 0x1D, 0xE7, 0x9F, 0xE1, 0xF8, 0x3D,
    0x87, 0xF0, 0xFC, 0x00, 0x00, 0x00, 0x7E, 0x1F, 0xE7, 0xDE, 0xE1, 0xDC, 0x1F, 0x83, 0xF0, 0x7E,
    0x1D, 0xE7, 0x9F, 0xE1, 0xF8, 0x3B, 0x87, 0x70, 0x00, 0x00, 0x03, 0xF0, 0xFF, 0x3E, 0xF7, 0x0E,
    0xE0, 0xFC, 0x1F, 0x83, 0xF0, 0xEF, 0x3C, 0xFF, 0x0F, 0xC0, 0x0C, 0x07, 0x80, 0xC0, 0x00, 0x00,
    0x3F, 0xFF, 0xFC, 0x00, 0x00, 0x03, 0x01, 0xE0, 0x30, 0x3F, 0xCF, 0xFB, 0xCF, 0x71, 0xEE, 0x7F,
    0x9D, 0xFF, 0x3F, 0xCE, 0x73, 0xDF, 0xF3, 0xFC, 0x00, 0x18, 0x0F, 0x01, 0xC0, 0x30, 0x00, 0x38,
    0x7E, 0x1F, 0x87, 0xE1, 0xF8, 0x7E, 0x1F, 0x87, 0xE1, 0xDC, 0x77, 0xFC, 0xFF, 0x06, 0x03, 0xC0,
    0xE0, 0x30, 0x00, 0x38, 0x7E, 0x1F, 0x87, 0xE1, 0xF8, 0x7E, 0x1F, 0x87, 0xE1, 0xDC, 0x77, 0xFC,
    0xFF, 0x0C, 0x07, 0x83, 0xF0, 0xCC, 0x00, 0x38, 0x7E, 0x1F, 0x87, 0xE1, 0xF8, 0x7E, 0x1F, 0x87,
    0xE1, 0xDC, 0x77, 0xFC, 0xFF, 0x33, 0x0C, 0xC0, 0x00, 0x00, 0xE1, 0xF8, 0x7E, 0x1F, 0x87, 0xE1,
    0xF8, 0x7E, 0x1F, 0x87, 0x71, 0xDF, 0xF3, 0xFC, 0x03, 0x00, 0xE0, 0x38, 0x06, 0x00, 0x01, 0xC1,
    0xB8, 0x73, 0x8E, 0x71, 0x8E, 0x30, 0xEE, 0x1D, 0xC1, 0xB0, 0x3E, 0x03, 0x80, 0x70, 0x0E, 0x03,
    0x83, 0xF0, 0x7C, 0x00, 0xE0, 0x1C, 0x03, 0x80, 0x70, 0x0E, 0x01, 0xFE, 0x3F, 0xE7, 0x9E, 0xE1,
    0xDC, 0x1F, 0x83, 0xF0, 0x7E, 0x1D, 0xE7, 0xBF, 0xE7, 0xF8, 0xE0, 0x1C, 0x03, 0x80, 0x70, 0x00,
    0x3B, 0x87, 0x70, 0x00, 0x00, 0x0E, 0x0D, 0xC3, 0x9C, 0x73, 0x8C, 0x71, 0x87, 0x70, 0xEE, 0x0D,
    0x81, 0xF0, 0x1C, 0x03, 0x80, 0x70, 0x1C, 0x1F, 0x83, 0xE0, 0x00, 0x0F, 0xC0, 0x3F, 0x00, 0x00,
    0x01, 0xC0, 0x07, 0x80, 0x1E, 0x00, 0xFC, 0x03, 0x70, 0x1C, 0xC0, 0x73, 0x81, 0x86, 0x0E, 0x1C,
    0x3F, 0xF1, 0xFF, 0xC7, 0x03, 0x98, 0x0E, 0xE0, 0x1F, 0x80, 0x70, 0x3F, 0x8F, 0xE0, 0x00, 0x00,
    0x3F, 0x0F, 0xE3, 0x3C, 0x07, 0x3F, 0xDF, 0xF7, 0x9D, 0x87, 0x71, 0xDF, 0xF3, 0xFC, 0x0C, 0xC0,
    0x3F, 0x00, 0x78, 0x00, 0x00, 0x07, 0x00, 0x1E, 0x00, 0x78, 0x03, 0xF0, 0x0D, 0xC0, 0x73, 0x01,
    0xCE, 0x06, 0x18, 0x38, 0x70, 0xFF, 0xC7, 0xFF, 0x1C, 0x0E, 0x60, 0x3B, 0x80, 0x7E, 0x01, 0xC0,
    0x3B, 0x87, 0xC1, 0xF0, 0x00, 0x00, 0x0F, 0xC3, 0xF8, 0xCF, 0x01, 0xCF, 0xF7, 0xFD, 0xE7, 0x61,
    0xDC, 0x77, 0xFC, 0xFF, 0x07, 0x00, 0x1E, 0x00, 0x78, 0x03, 0xF0, 0x0D, 0xC0, 0x73, 0x01, 0xCE,
    0x06, 0x18, 0x38, 0x70, 0xFF, 0xC7, 0xFF, 0x1C, 0x0E, 0x60, 0x3B, 0x80, 0x7E, 0x01, 0xC0, 0x07,
    0x00, 0x38, 0x00, 0xE0, 0x03, 0xC0, 0x3F, 0x0F, 0xE3, 0x3C, 0x07, 0x3F, 0xDF, 0xF7, 0x9D, 0x87,
    0x71, 0xDF, 0xF3, 0xFC, 0x0E, 0x07, 0x00, 0xF0, 0x01, 0x80, 0x38, 0x07, 0x00, 0x60, 0x00, 0x00,
    0xFE, 0x3F, 0xF7, 0xC6, 0x70, 0x0E, 0x00, 0xE0, 0x0E, 0x00, 0xE0, 0x0E, 0x00, 0xE0, 0x0E, 0x00,
    0x70, 0x07, 0xC6, 0x3F, 0xF0, 0xFE, 0x07, 0x07, 0x83, 0x81, 0x80, 0x01, 0xF9, 0xFD, 0xF2, 0xE0,
    0x70, 0x38, 0x1C, 0x0E, 0x07, 0xC9, 0xFE, 0x7F, 0x03, 0x00, 0x78, 0x0F, 0xC0, 0xCC, 0x00, 0x00,
    0xFE, 0x3F, 0xF7, 0xC6, 0x70, 0x0E, 0x00, 0xE0, 0x0E, 0x00, 0xE0, 0x0E, 0x00, 0xE0, 0x0E, 0x00,
    0x70, 0x07, 0xC6, 0x3F, 0xF0, 0xFE, 0x0C, 0x0F, 0x0F, 0xC6, 0x60, 0x01, 0xF9, 0xFD, 0xF2, 0xE0,
    0x70, 0x38, 0x1C, 0x0E, 0x07, 0xC9, 0xFE, 0x7F, 0x07, 0x00, 0x70, 0x07, 0x00, 0x00, 0x0F, 0xE3,
    0xFF, 0x7C, 0x67, 0x00, 0xE0, 0x0E, 0x00, 0xE0, 0x0E, 0x00, 0xE0, 0x0E, 0x00, 0xE0, 0x07, 0x00,
    0x7C, 0x63, 0xFF, 0x0F, 0xE0, 0x0C, 0x0F, 0x03, 0x00, 0x00, 0x01, 0xF9, 0xFD, 0xF2, 0xE0, 0x70,
    0x38, 0x1C, 0x0E, 0x07, 0xC9, 0xFE, 0x7F, 0x0C, 0xC0, 0xFC, 0x07, 0x80, 0x30, 0x00, 0x00, 0xFE,
    0x3F, 0xF7, 0xC6, 0x70, 0x0E, 0x00, 0xE0, 0x0E, 0x00, 0xE0, 0x0E, 0x00, 0xE0, 0x0E, 0x00, 0x70,
    0x07, 0xC6, 0x3F, 0xF0, 0xFE, 0x33, 0x1F, 0x87, 0x81, 0x80, 0x01, 0xF9, 0xFD, 0xF2, 0xE0, 0x70,
    0x38, 0x1C, 0x0E, 0x07, 0xC9, 0xFE, 0x7F, 0x19, 0x80, 0xFC, 0x03, 0xC0, 0x0C, 0x00, 0x00, 0x3F,
    0xC3, 0xFF, 0x9C, 0x7E, 0xE0, 0x77, 0x03, 0xF8, 0x0F, 0xC0, 0x7E, 0x03, 0xF0, 0x1F, 0x80, 0xFC,
    0x07, 0xE0, 0x77, 0x1F, 0xBF, 0xF8, 0xFF, 0x00, 0x01, 0xD8, 0x07, 0x60, 0x1D, 0x80, 0x76, 0x01,
    0xD8, 0xFF, 0x07, 0xFC, 0x3C, 0xF0, 0xE1, 0xC3, 0x87, 0x0E, 0x1C, 0x38, 0x70, 0xE1, 0xC3, 0xE7,
    0x07, 0xFC, 0x0F, 0xF0, 0x3F, 0xC0, 0x7F, 0xE0, 0xE3, 0xE1, 0x81, 0xC3, 0x01, 0xC6, 0x03, 0xBF,
    0x87, 0x7F, 0x0E, 0x30, 0x1C, 0x60, 0x38, 0xC0, 0x71, 0x81, 0xC3, 0x8F, 0x87, 0xFE, 0x0F, 0xF0,
    0x00, 0x01, 0xC0, 0xFF, 0x0F, 0xF0, 0x1C, 0x01, 0xC3, 0xFC, 0x7F, 0xCF, 0x3C, 0xE1, 0xCE, 0x1C,
    0xE1, 0xCE, 0x1C, 0xE1, 0xCF, 0x9C, 0x7F, 0xC3, 0xFC, 0x3F, 0x87, 0xF0, 0x00, 0x7F, 0xEF, 0xFD,
    0xC0, 0x38, 0x07, 0x00, 0xE0, 0x1F, 0xF3, 0xFE, 0x70, 0x0E, 0x01, 0xC0, 0x38, 0x07, 0x00, 0xFF,
    0xFF, 0xFC, 0x7F, 0x1F, 0xC0, 0x00, 0x00, 0x3F, 0x1F, 0xEF, 0x3F, 0x87, 0xFF, 0xFF, 0xFE, 0x03,
    0x80, 0xF9, 0x9F, 0xE3, 0xF8, 0x33, 0x07, 0xE0, 0x78, 0x00, 0x0F, 0xFD, 0xFF, 0xB8, 0x07, 0x00,
    0xE0, 0x1C, 0x03, 0xFE, 0x7F, 0xCE, 0x01, 0xC0, 0x38, 0x07, 0x00, 0xE0, 0x1F, 0xFF, 0xFF, 0x80,
    0x33, 0x0F, 0xC1, 0xE0, 0x00, 0x00, 0x0F, 0xC7, 0xFB, 0xCF, 0xE1, 0xFF, 0xFF, 0xFF, 0x80, 0xE0,
    0x3E, 0x67, 0xF8, 0xFE, 0x0E, 0x01, 0xC0, 0x38, 0x00, 0x0F, 0xFD, 0xFF, 0xB8, 0x07, 0x00, 0xE0,
    0x1C, 0x03, 0xFE, 0x7F, 0xCE, 0x01, 0xC0, 0x38, 0x07, 0x00, 0xE0, 0x1F, 0xFF, 0xFF, 0x80, 0x0C,
    0x07, 0x80, 0xC0, 0x00, 0x00, 0x0F, 0xC7, 0xFB, 0xCF, 0xE1, 0xFF, 0xFF, 0xFF, 0x80, 0xE0, 0x3E,
    0x67, 0xF8, 0xFE, 0xFF, 0xDF, 0xFB, 0x80, 0x70, 0x0E, 0x01, 0xC0, 0x3F, 0xE7, 0xFC, 0xE0, 0x1C,
    0x03, 0x80, 0x70, 0x0E, 0x01, 0xFF, 0xFF, 0xF8, 0x0E, 0x03, 0x80, 0x70, 0x07, 0x80, 0x3F, 0x1F,
    0xEF, 0x3F, 0x87, 0xFF, 0xFF, 0xFE, 0x03, 0x80, 0xF9, 0x9F, 0xE3, 0xF8, 0x1C, 0x06, 0x01, 0xE0,
    0x33, 0x07, 0xE0, 0x78, 0x06, 0x00, 0x01, 0xFF, 0xBF, 0xF7, 0x00, 0xE0, 0x1C, 0x03, 0x80, 0x7F,
    0xCF, 0xF9, 0xC0, 0x38, 0x07, 0x00, 0xE0, 0x1C, 0x03, 0xFF, 0xFF, 0xF0, 0x33, 0x0F, 0xC1, 0xE0,
    0x30, 0x00, 0x00, 0x03, 0xF1, 0xFE, 0xF3, 0xF8, 0x7F, 0xFF, 0xFF, 0xE0, 0x38, 0x0F, 0x99, 0xFE,
    0x3F, 0x80, 0x03, 0x00, 0x78, 0x0F, 0xC0, 0xCC, 0x00, 0x00, 0xFE, 0x3F, 0xF7, 0xC7, 0x70, 0x0E,
    0x00, 0xE0, 0x0E, 0x00, 0xE0, 0x0E, 0x07, 0xE0, 0x7E, 0x07, 0x70, 0x77, 0xC7, 0x3F, 0xF0, 0xFF,
    0x0C, 0x07, 0x81, 0xF0, 0xCC, 0x00, 0x0F, 0xF7, 0xFF, 0xE7, 0xE1, 0xF8, 0x7E, 0x1F, 0x87, 0xE1,
    0xFC, 0xF7, 0xFC, 0xFF, 0x01, 0xD8, 0xEF, 0xFB, 0xFC, 0x0C, 0xC0, 0xFC, 0x07, 0x80, 0x00, 0x0F,
    0xE3, 0xFF, 0x7C, 0x77, 0x00, 0xE0, 0x0E, 0x00, 0xE0, 0x0E, 0x00, 0xE0, 0x7E, 0x07, 0xE0, 0x77,
    0x07, 0x7C, 0x73, 0xFF, 0x0F, 0xF0, 0x3B, 0x07, 0xC1, 0xF0, 0x00, 0x00, 0x0F, 0xF7, 0xFF, 0xE7,
    0xE1, 0xF8, 0x7E, 0x1F, 0x87, 0xE1, 0xFC, 0xF7, 0xFC, 0xFF, 0x01, 0xD8, 0xEF, 0xFB, 0xFC, 0x03,
    0x00, 0x70, 0x03, 0x00, 0x00, 0x0F, 0xE3, 0xFF, 0x7C, 0x77, 0x00, 0xE0, 0x0E, 0x00, 0xE0, 0x0E,
    0x00, 0xE0, 0x7E, 0x07, 0xE0, 0x77, 0x07, 0x7C, 0x73, 0xFF, 0x0F, 0xF0, 0x0E, 0x03, 0x80, 0xE0,
    0x00, 0x00, 0x0F, 0xF7, 0xFF, 0xE7, 0xE1, 0xF8, 0x7E, 0x1F, 0x87, 0xE1, 0xFC, 0xF7, 0xFC, 0xFF,
    0x01, 0xD8, 0xEF, 0xFB, 0xFC, 0x0F, 0xE3, 0xFF, 0x7C, 0x77, 0x00, 0xE0, 0x0E, 0x00, 0xE0, 0x0E,
    0x00, 0xE0, 0x7E, 0x07, 0xE0, 0x77, 0x07, 0x7C, 0x73, 0xFF, 0x0F, 0xF0, 0x00, 0x07, 0x00, 0xF0,
    0x0F, 0x00, 0x07, 0x03, 0x80, 0xE0, 0x38, 0x00, 0x00, 0x03, 0xFD, 0xFF, 0xF9, 0xF8, 0x7E, 0x1F,
    0x87, 0xE1, 0xF8, 0x7F, 0x3D, 0xFF, 0x3F, 0xC0, 0x76, 0x3B, 0xFE, 0xFF, 0x00, 0x06, 0x00, 0x70,
    0x0F, 0x81, 0x98, 0x00, 0x0E, 0x03, 0xE0, 0x3E, 0x03, 0xE0, 0x3E, 0x03, 0xE0, 0x3F, 0xFF, 0xFF,
    0xFE, 0x03, 0xE0, 0x3E, 0x03, 0xE0, 0x3E, 0x03, 0xE0, 0x3E, 0x03, 0x30, 0x3E, 0x0D, 0x80, 0x00,
    0xE0, 0x38, 0x0E, 0x03, 0x80, 0xE0, 0x3F, 0xCF, 0xFB, 0xCF, 0xE1, 0xF8, 0x7E, 0x1F, 0x87, 0xE1,
    0xF8, 0x7E, 0x1F, 0x87, 0x30, 0x1D, 0xFF, 0xFF, 0xFF, 0xF9, 0x80, 0xE3, 0x01, 0xC6, 0x03, 0x8F,
    0xFF, 0x1F, 0xFE, 0x30, 0x1C, 0x60, 0x38, 0xC0, 0x71, 0x80, 0xE3, 0x01, 0xC6, 0x03, 0x8C, 0x07,
    0x00, 0x70, 0x1F, 0xE3, 0xFC, 0x38, 0x07, 0x00, 0xFF, 0x1F, 0xF3, 0xCF, 0x70, 0xEE, 0x1D, 0xC3,
    0xB8, 0x77, 0x0E, 0xE1, 0xDC, 0x3B, 0x87, 0x7E, 0xFE, 0xDE, 0x00, 0x38, 0x38, 0x38, 0x38, 0x38,
    0x38, 0x38, 0x38, 0x38, 0x38, 0x38, 0x38, 0x38, 0x38, 0x38, 0x7E, 0xFE, 0xDC, 0x00, 0x00, 0x38,
    0x38, 0x38, 0x38, 0x38, 0x38, 0x38, 0x38, 0x38, 0x38, 0x38, 0xFF, 0xFC, 0x01, 0xC3, 0x87, 0x0E,
    0x1C, 0x38, 0x70, 0xE1, 0xC3, 0x87, 0x0E, 0x1C, 0x38, 0x70, 0xFF, 0xFC, 0x00, 0x03, 0x87, 0x0E,
    0x1C, 0x38, 0x70, 0xE1, 0xC3, 0x87, 0x0E, 0x00, 0xCF, 0xF7, 0x80, 0x71, 0xC7, 0x1C, 0x71, 0xC7,
    0x1C, 0x71, 0xC7, 0x1C, 0x71, 0xC7, 0x00, 0x6E, 0xFD, 0xF0, 0x00, 0x07, 0x0E, 0x1C, 0x38, 0x70,
    0xE1, 0xC3, 0x87, 0x0E, 0x1C, 0x73, 0x9C, 0xE7, 0x39, 0xCE, 0x73, 0x9C, 0xE7, 0x39, 0xCE, 0xE7,
    0x3C, 0x77, 0x00, 0x07, 0x77, 0x77, 0x77, 0x77, 0x77, 0x7E, 0xEF, 0xEE, 0xE0, 0xEE, 0xEE, 0xEE,
    0xEE, 0xEE, 0xEE, 0xEE, 0xE0, 0xFF, 0xFF, 0xFF, 0xFF, 0x80, 0xE0, 0x1F, 0x80, 0x7E, 0x01, 0xF8,
    0x07, 0xE0, 0x1F, 0x80, 0x7E, 0x01, 0xF8, 0x07, 0xE0, 0x1F, 0x80, 0x7E, 0x01, 0xF8, 0x07, 0xE7,
    0x7B, 0x9F, 0xEE, 0x7F, 0x00, 0xE3, 0x71, 0xC0, 0x00, 0x00, 0x07, 0x1B, 0x8D, 0xC6, 0xE3, 0x71,
    0xB8, 0xDC, 0x6E, 0x37, 0x1B, 0x8D, 0xC6, 0x03, 0x03, 0x87, 0xC3, 0xC0, 0x01, 0x80, 0x78, 0x1F,
    0x83, 0x30, 0x00, 0x07, 0x00, 0xE0, 0x1C, 0x03, 0x80, 0x70, 0x0E, 0x01, 0xC0, 0x38, 0x07, 0x00,
    0xE0, 0x1C, 0x03, 0x9C, 0xF3, 0xFC, 0x3F, 0x00, 0x0C, 0x1E, 0x3E, 0x33, 0x00, 0x1C, 0x1C, 0x1C,
    0x1C, 0x1C, 0x1C, 0x1C, 0x1C, 0x1C, 0x1C, 0x1C, 0x1C, 0x3C, 0xF8, 0xF8, 0xE0, 0xF7, 0x07, 0x38,
    0x71, 0xC7, 0x0E, 0x70, 0x77, 0x03, 0xF0, 0x1F, 0x80, 0xFE, 0x07, 0x78, 0x39, 0xE1, 0xC7, 0x8E,
    0x1E, 0x70, 0x7B, 0x81, 0xC0, 0x00, 0x06, 0x00, 0xF0, 0x07, 0x80, 0xE0, 0x38, 0x0E, 0x03, 0x80,
    0xE0, 0x38, 0xEE, 0x73, 0xBC, 0xEE, 0x3F, 0x0F, 0x83, 0xF0, 0xEE, 0x39, 0xCE, 0x3B, 0x87, 0x00,
    0x07, 0x03, 0xC0, 0xE0, 0xE3, 0xF9, 0xEE, 0x73, 0xB8, 0xFC, 0x3E, 0x0F, 0xE3, 0xBC, 0xE7, 0xB8,
    0xEE, 0x1C, 0x18, 0x0E, 0x07, 0x01, 0x80, 0x00, 0x38, 0x0E, 0x03, 0x80, 0xE0, 0x38, 0x0E, 0x03,
    0x80, 0xE0, 0x38, 0x0E, 0x03, 0x80, 0xE0, 0x38, 0x0F, 0xFF, 0xFF, 0x37, 0xBC, 0x0E, 0x73, 0x9C,
    0xE7, 0x39, 0xCE, 0x73, 0x9C, 0xE7, 0x9E, 0xE0, 0xE0, 0x38, 0x0E, 0x03, 0x80, 0xE0, 0x38, 0x0E,
    0x03, 0x80, 0xE0, 0x38, 0x0E, 0x03, 0x80, 0xE0, 0x3F, 0xFF, 0xFC, 0x00, 0x0E, 0x07, 0x01, 0xC0,
    0x71, 0xC7, 0x1C, 0x71, 0xC7, 0x1C, 0x71, 0xC7, 0x1C, 0x71, 0xE3, 0xCE, 0x00, 0xCF, 0x3C, 0xEE,
    0x3B, 0x8E, 0xE3, 0xB8, 0xEC, 0x38, 0x0E, 0x03, 0x80, 0xE0, 0x38, 0x0E, 0x03, 0x80, 0xE0, 0x3F,
    0xFF, 0xFC, 0xEF, 0xBE, 0xFB, 0xEF, 0x8E, 0x38, 0xE3, 0x8E, 0x38, 0xE3, 0xC7, 0x9C, 0xE0, 0x38,
    0x0E, 0x03, 0x80, 0xE0, 0x38, 0x0E, 0x3B, 0x8E, 0xE3, 0xB8, 0x0E, 0x03, 0x80, 0xE0, 0x3F, 0xFF,
    0xFC, 0xE1, 0xC3, 0x87, 0x0E, 0x1C, 0x38, 0x77, 0xEF, 0xDF, 0x87, 0x0E, 0x1E, 0x1E, 0x38, 0x1C,
    0x01, 0xC0, 0x1C, 0x01, 0xC0, 0x1D, 0x01, 0xF0, 0x1F, 0x03, 0xC0, 0x7C, 0x07, 0xC0, 0x1C, 0x01,
    0xC0, 0x1C, 0x01, 0xFF, 0x1F, 0xF0, 0x30, 0x60, 0xC1, 0x83, 0x06, 0x8F, 0x3C, 0xF1, 0xE0, 0xC1,
    0x83, 0x07, 0x0F, 0x1E, 0x01, 0x80, 0x1C, 0x01, 0xC0, 0x0C, 0x00, 0x00, 0x70, 0x1F, 0xC0, 0xFF,
    0x07, 0xFC, 0x3F, 0xE1, 0xFB, 0x8F, 0xCE, 0x7E, 0x3B, 0xF1, 0xDF, 0x87, 0xFC, 0x1F, 0xE0, 0xFF,
    0x03, 0xF8, 0x1F, 0xC0, 0x70, 0x07, 0x01, 0xC0, 0xE0, 0x30, 0x00, 0x3F, 0xCF, 0xFB, 0x8F, 0xE1,
    0xF8, 0x7E, 0x1F, 0x87, 0xE1, 0xF8, 0x7E, 0x1F, 0x87, 0xE0, 0x3F, 0x81, 0xFE, 0x0F, 0xF8, 0x7F,
    0xC3, 0xF7, 0x1F, 0x9C, 0xFC, 0x77, 0xE3, 0xBF, 0x0F, 0xF8, 0x3F, 0xC1, 0xFE, 0x07, 0xF0, 0x3F,
    0x80, 0xE0, 0x00, 0x07, 0x00, 0x78, 0x03, 0x80, 0xFF, 0x3F, 0xEE, 0x3F, 0x87, 0xE1, 0xF8, 0x7E,
    0x1F, 0x87, 0xE1, 0xF8, 0x7E, 0x1C, 0x00, 0x0C, 0x0F, 0x01, 0xC0, 0x0C, 0xC0, 0x7C, 0x01, 0xE0,
    0x06, 0x00, 0x00, 0x70, 0x1F, 0xC0, 0xFF, 0x07, 0xFC, 0x3F, 0xE1, 0xFB, 0x8F, 0xCE, 0x7E, 0x3B,
    0xF1, 0xDF, 0x87, 0xFC, 0x1F, 0xE0, 0xFF, 0x03, 0xF8, 0x1F, 0xC0, 0x70, 0x33, 0x0F, 0xC1, 0xE0,
    0x30, 0x00, 0x3F, 0xCF, 0xFB, 0x8F, 0xE1, 0xF8, 0x7E, 0x1F, 0x87, 0xE1, 0xF8, 0x7E, 0x1F, 0x87,
    0x60, 0x1C, 0x03, 0x80, 0x60, 0x00, 0x00, 0xFF, 0x1F, 0xF3, 0x8F, 0x70, 0xEE, 0x1D, 0xC3, 0xB8,
    0x77, 0x0E, 0xE1, 0xDC, 0x3B, 0x87, 0xE0, 0x3F, 0x81, 0xFE, 0x0F, 0xF8, 0x7F, 0xC3, 0xF7, 0x1F,
    0x9C, 0xFC, 0x77, 0xE3, 0xBF, 0x0F, 0xF8, 0x3F, 0xC1, 0xFE, 0x07, 0xF0, 0x1F, 0x80, 0xE0, 0x07,
    0x00, 0x38, 0x07, 0x80, 0x3C, 0xFF, 0x3F, 0xEE, 0x3F, 0x87, 0xE1, 0xF8, 0x7E, 0x1F, 0x87, 0xE1,
    0xF8, 0x7E, 0x1C, 0x07, 0x01, 0xC1, 0xE0, 0x78, 0x0F, 0xE0, 0x1F, 0xC0, 0x00, 0x00, 0x7F, 0x03,
    0xFF, 0x0F, 0x9F, 0x1C, 0x0F, 0x70, 0x0E, 0xE0, 0x1D, 0xC0, 0x3B, 0x80, 0x37, 0x00, 0xEE, 0x01,
    0xDC, 0x03, 0x9C, 0x0F, 0x3E, 0x7C, 0x3F, 0xF0, 0x1F, 0xC0, 0x3F, 0x87, 0xF0, 0x00, 0x00, 0x03,
    0xF0, 0xFF, 0x3E, 0xF7, 0x0E, 0xE0, 0xFC, 0x1F, 0x83, 0xF0, 0xEF, 0x3C, 0xFF, 0x0F, 0xC0, 0x0C,
    0xC0, 0x1F, 0x80, 0x1E, 0x00, 0x00, 0x00, 0xFE, 0x07, 0xFE, 0x1F, 0x3E, 0x38, 0x1E, 0xE0, 0x1D,
    0xC0, 0x3B, 0x80, 0x77, 0x00, 0x6E, 0x01, 0xDC, 0x03, 0xB8, 0x07, 0x38, 0x1E, 0x7C, 0xF8, 0x7F,
    0xE0, 0x3F, 0x80, 0x3B, 0x07, 0xE0, 0x78, 0x00, 0x00, 0x00, 0x7E, 0x1F, 0xE7, 0xDE, 0xE1, 0xDC,
    0x1F, 0x83, 0xF0, 0x7E, 0x1D, 0xE7, 0x9F, 0xE1, 0xF8, 0x03, 0x30, 0x0E, 0xE0, 0x3B, 0x80, 0x26,
    0x00, 0x00, 0x01, 0xFC, 0x0F, 0xFC, 0x3E, 0x7C, 0x70, 0x3D, 0xC0, 0x3B, 0x80, 0x77, 0x00, 0xEE,
    0x00, 0xDC, 0x03, 0xB8, 0x07, 0x70, 0x0E, 0x70, 0x3C, 0xF9, 0xF0, 0xFF, 0xC0, 0x7F, 0x00, 0x0C,
    0xC3, 0xB8, 0xEE, 0x09, 0x80, 0x00, 0x7E, 0x1F, 0xE7, 0xDE, 0xE1, 0xDC, 0x1F, 0x83, 0xF0, 0x7E,
    0x1D, 0xE7, 0x9F, 0xE1, 0xF8, 0x0F, 0xFF, 0xE3, 0xFF, 0xFE, 0x7E, 0x30, 0x07, 0x03, 0x00, 0xF0,
    0x30, 0x0E, 0x03, 0x00, 0xE0, 0x3F, 0xCE, 0x03, 0xFC, 0xE0, 0x30, 0x0E, 0x03, 0x00, 0xF0, 0x30,
    0x07, 0x03, 0x00, 0x7E, 0x30, 0x03, 0xFF, 0xFE, 0x0F, 0xFF, 0xE0, 0x3F, 0x3F, 0x1F, 0xFF, 0xEF,
    0xBF, 0x3F, 0x87, 0x87, 0xE0, 0xFF, 0xF8, 0x3F, 0xFE, 0x0E, 0x03, 0x87, 0x80, 0xF3, 0xF9, 0x9F,
    0xFF, 0xE3, 0xF1, 0xF8, 0x03, 0x00, 0x70, 0x0E, 0x00, 0xC0, 0x00, 0x07, 0xF8, 0xFF, 0xCE, 0x3E,
    0xE0, 0xEE, 0x0E, 0xE0, 0xEE, 0x3E, 0xFF, 0xCF, 0xF8, 0xE3, 0x8E, 0x3C, 0xE1, 0xCE, 0x0E, 0xE0,
    0xEE, 0x07, 0x0C, 0x38, 0xE1, 0x80, 0x0F, 0xFF, 0xF1, 0xE1, 0xC3, 0x87, 0x0E, 0x1C, 0x38, 0x70,
    0x7F, 0x8F, 0xFC, 0xE3, 0xEE, 0x0E, 0xE0, 0xEE, 0x0E, 0xE3, 0xEF, 0xFC, 0xFF, 0x8E, 0x38, 0xE3,
    0xCE, 0x1C, 0xE0, 0xEE, 0x0E, 0xE0, 0x70, 0x00, 0x0E, 0x01, 0xE0, 0x1E, 0x00, 0x3F, 0x7F, 0x71,
    0x70, 0x70, 0x70, 0x70, 0x70, 0x70, 0x70, 0x70, 0x00, 0x70, 0xF0, 0xE0, 0x33, 0x03, 0xF0, 0x1E,
    0x00, 0xC0, 0x00, 0x07, 0xF8, 0xFF, 0xCE, 0x3E, 0xE0, 0xEE, 0x0E, 0xE0, 0xEE, 0x3E, 0xFF, 0xCF,
    0xF8, 0xE3, 0x8E, 0x3C, 0xE1, 0xCE, 0x0E, 0xE0, 0xEE, 0x07, 0x66, 0xFC, 0xF0, 0xC0, 0x0F, 0xFF,
    0xF1, 0xE1, 0xC3, 0x87, 0x0E, 0x1C, 0x38, 0x70, 0x03, 0x00, 0xE0, 0x38, 0x06, 0x00, 0x00, 0x3F,
    0x9F, 0xF3, 0xCE, 0x70, 0x0E, 0x01, 0xC0, 0x3F, 0x01, 0xF8, 0x0F, 0x80, 0x78, 0x07, 0x00, 0xEE,
    0x7F, 0xFF, 0x3F, 0xC0, 0x06, 0x07, 0x07, 0x03, 0x00, 0x01, 0xF9, 0xFC, 0xE6, 0x70, 0x3E, 0x0F,
    0xC1, 0xF0, 0x3A, 0x3D, 0xFE, 0xFE, 0x06, 0x01, 0xE0, 0x7E, 0x0C, 0xC0, 0x00, 0x3F, 0x9F, 0xF3,
    0xCE, 0x70, 0x0E, 0x01, 0xC0, 0x3F, 0x01, 0xF8, 0x0F, 0x80, 0x78, 0x07, 0x00, 0xEE, 0x7F, 0xFF,
    0x3F, 0xC0, 0x0C, 0x0F, 0x0F, 0xC6, 0x60, 0x01, 0xF9, 0xFC, 0xE6, 0x70, 0x3E, 0x0F, 0xC1, 0xF0,
    0x3A, 0x3D, 0xFE, 0xFE, 0x1F, 0xCF, 0xF9, 0xE7, 0x38, 0x07, 0x00, 0xE0, 0x1F, 0x80, 0xFC, 0x07,
    0xC0, 0x3C, 0x03, 0x80, 0x77, 0x3F, 0xFF, 0x9F, 0xE0, 0x70, 0x06, 0x03, 0xC0, 0x3F, 0x3F, 0x9C,
    0xCE, 0x07, 0xC1, 0xF8, 0x3E, 0x07, 0x47, 0xBF, 0x9F, 0xC3, 0x80, 0xC1, 0xE0, 0x19, 0x83, 0xF0,
    0x3C, 0x03, 0x00, 0x00, 0x3F, 0x9F, 0xF3, 0xCE, 0x70, 0x0E, 0x01, 0xC0, 0x3F, 0x01, 0xF8, 0x0F,
    0x80, 0x78, 0x07, 0x00, 0xEE, 0x7F, 0xFF, 0x3F, 0xC0, 0x33, 0x1F, 0x07, 0x81, 0x80, 0x01, 0xF9,
    0xFC, 0xE6, 0x70, 0x3E, 0x0F, 0xC1, 0xF0, 0x3A, 0x3D, 0xFE, 0xFE, 0xFF, 0xFF, 0xFF, 0x06, 0x00,
    0x60, 0x06, 0x00, 0x60, 0x06, 0x00, 0x60, 0x06, 0x00, 0x60, 0x06, 0x00, 0x60, 0x06, 0x00, 0x60,
    0x06, 0x00, 0xE0, 0x07, 0x01, 0xE0, 0xE0, 0xE0, 0xE0, 0xFE, 0xFE, 0xE0, 0xE0, 0xE0, 0xE0, 0xE0,
    0xE0, 0xF2, 0x7E, 0x7E, 0x18, 0x1C, 0x3C, 0x19, 0x81, 0xF8, 0x0F, 0x00, 0x60, 0x00, 0x0F, 0xFF,
    0xFF, 0xF0, 0x60, 0x06, 0x00, 0x60, 0x06, 0x00, 0x60, 0x06, 0x00, 0x60, 0x06, 0x00, 0x60, 0x06,
    0x00, 0x60, 0x06, 0x00, 0x60, 0x0C, 0x0C, 0xEC, 0xEC, 0xE0, 0xFE, 0xFE, 0xE0, 0xE0, 0xE0, 0xE0,
    0xE0, 0xE0, 0xF2, 0x7E, 0x7E, 0xFF, 0xFF, 0xFF, 0x06, 0x00, 0x60, 0x06, 0x00, 0x60, 0x06, 0x03,
    0xFC, 0x3F, 0xC0, 0x60, 0x06, 0x00, 0x60, 0x06, 0x00, 0x60, 0x06, 0x00, 0xE0, 0xE0, 0xE0, 0xFE,
    0xFE, 0xE0, 0xE0, 0xE0, 0xFE, 0xFE, 0xE0, 0xF2, 0x7E, 0x7E, 0x1E, 0xC1, 0xFC, 0x1F, 0x80, 0x00,
    0xE0, 0x7E, 0x07, 0xE0, 0x7E, 0x07, 0xE0, 0x7E, 0x07, 0xE0, 0x7E, 0x07, 0xE0, 0x7E, 0x07, 0xE0,
    0x77, 0x07, 0x79, 0xE3, 0xFE, 0x1F, 0xC0, 0x3D, 0x8F, 0xC6, 0xF0, 0x00, 0x00, 0x38, 0x7E, 0x1F,
    0x87, 0xE1, 0xF8, 0x7E, 0x1F, 0x87, 0xE1, 0xDC, 0x77, 0xFC, 0xFF, 0x1F, 0xC1, 0xFC, 0x00, 0x0E,
    0x07, 0xE0, 0x7E, 0x07, 0xE0, 0x7E, 0x07, 0xE0, 0x7E, 0x07, 0xE0, 0x7E, 0x07, 0xE0, 0x7E, 0x07,
    0x70, 0x77, 0x9E, 0x3F, 0xE1, 0xFC, 0x3F, 0x0F, 0xC0, 0x00, 0x00, 0xE1, 0xF8, 0x7E, 0x1F, 0x87,
    0xE1, 0xF8, 0x7E, 0x1F, 0x87, 0x71, 0xDF, 0xF3, 0xFC, 0x1D, 0x81, 0xF8, 0x0F, 0x00, 0x00, 0xE0,
    0x7E, 0x07, 0xE0, 0x7E, 0x07, 0xE0, 0x7E, 0x07, 0xE0, 0x7E, 0x07, 0xE0, 0x7E, 0x07, 0xE0, 0x77,
    0x07, 0x79, 0xE3, 0xFE, 0x1F, 0xC0, 0x33, 0x0F, 0xC1, 0xE0, 0x00, 0x00, 0x38, 0x7E, 0x1F, 0x87,
    0xE1, 0xF8, 0x7E, 0x1F, 0x87, 0xE1, 0xDC, 0x77, 0xFC, 0xFF, 0x0F, 0x00, 0xD8, 0x0D, 0x80, 0xF0,
    0xE0, 0x7E, 0x07, 0xE0, 0x7E, 0x07, 0xE0, 0x7E, 0x07, 0xE0, 0x7E, 0x07, 0xE0, 0x7E, 0x07, 0xE0,
    0x77, 0x07, 0x79, 0xE3, 0xFE, 0x1F, 0xC0, 0x1E, 0x07, 0x81, 0xE0, 0x78, 0x00, 0x38, 0x7E, 0x1F,
    0x87, 0xE1, 0xF8, 0x7E, 0x1F, 0x87, 0xE1, 0xDC, 0x77, 0xFC, 0xFF, 0x06, 0x60, 0xEE, 0x0D, 0xC0,
    0x98, 0x00, 0x0E, 0x07, 0xE0, 0x7E, 0x07, 0xE0, 0x7E, 0x07, 0xE0, 0x7E, 0x07, 0xE0, 0x7E, 0x07,
    0xE0, 0x7E, 0x07, 0x70, 0x77, 0x9E, 0x3F, 0xE1, 0xFC, 0x0D, 0x87, 0x63, 0xB8, 0xCC, 0x00, 0x38,
    0x7E, 0x1F, 0x87, 0xE1, 0xF8, 0x7E, 0x1F, 0x87, 0xE1, 0xDC, 0x77, 0xFC, 0xFF, 0xE0, 0x7E, 0x07,
    0xE0, 0x7E, 0x07, 0xE0, 0x7E, 0x07, 0xE0, 0x7E, 0x07, 0xE0, 0x7E, 0x07, 0xE0, 0x77, 0x07, 0x79,
    0xE3, 0xFE, 0x1F, 0x80, 0x70, 0x07, 0x00, 0x78, 0xE1, 0xF8, 0x7E, 0x1F, 0x87, 0xE1, 0xF8, 0x7E,
    0x1F, 0x87, 0x71, 0xDF, 0xF3, 0xFC, 0x0E, 0x07, 0x00, 0xF0, 0x00, 0x60, 0x00, 0x1E, 0x00, 0x07,
    0xE0, 0x00, 0xCC, 0x00, 0x00, 0x01, 0xC0, 0x01, 0xF8, 0x00, 0x3B, 0x87, 0x07, 0x70, 0xF0, 0xEE,
    0x1E, 0x19, 0xC7, 0xC7, 0x38, 0xFC, 0xE3, 0x9B, 0x9C, 0x77, 0x33, 0x8E, 0xE7, 0x61, 0xD8, 0xFC,
    0x1F, 0x0F, 0x83, 0xE1, 0xF0, 0x78, 0x3C, 0x07, 0x03, 0x80, 0x01, 0x80, 0x03, 0xC0, 0x07, 0xE0,
    0x06, 0x60, 0x00, 0x00, 0xE1, 0xC7, 0xE1, 0xC7, 0x63, 0xC7, 0x73, 0xC6, 0x73, 0xEE, 0x33, 0xEE,
    0x3F, 0x6C, 0x3E, 0x7C, 0x1E, 0x7C, 0x1E, 0x38, 0x1C, 0x38, 0x06, 0x00, 0x78, 0x07, 0xE0, 0x33,
    0x00, 0x00, 0x70, 0x1D, 0xC1, 0xCE, 0x1C, 0x38, 0xE1, 0xCE, 0x07, 0x70, 0x3F, 0x00, 0xF8, 0x03,
    0x80, 0x1C, 0x00, 0xE0, 0x07, 0x00, 0x38, 0x01, 0xC0, 0x0E, 0x00, 0x04, 0x01, 0xC0, 0x7C, 0x08,
    0x80, 0x01, 0xC1, 0xB8, 0x73, 0x8E, 0x71, 0x8E, 0x30, 0xEE, 0x1D, 0xC1, 0xB0, 0x3E, 0x03, 0x80,
    0x70, 0x0E, 0x03, 0x83, 0xF0, 0x7C, 0x00, 0x1D, 0xC0, 0xEE, 0x00, 0x01, 0xC0, 0x77, 0x07, 0x38,
    0x70, 0xE3, 0x87, 0x38, 0x1D, 0xC0, 0xFC, 0x03, 0xE0, 0x0E, 0x00, 0x70, 0x03, 0x80, 0x1C, 0x00,
    0xE0, 0x07, 0x00, 0x38, 0x00, 0x03, 0x80, 0x38, 0x07, 0x00, 0x60, 0x00, 0x07, 0xFE, 0x7F, 0xE0,
    0x0E, 0x01, 0xC0, 0x38, 0x07, 0x80, 0x70, 0x0E, 0x01, 0xC0, 0x1C, 0x03, 0x80, 0x70, 0x07, 0x00,
    0xFF, 0xFF, 0xFF, 0x06, 0x03, 0x81, 0xC0, 0x60, 0x00, 0x1F, 0xE7, 0xF8, 0x0E, 0x07, 0x03, 0x81,
    0xC0, 0xE0, 0x78, 0x1C, 0x0F, 0xFB, 0xFE, 0x06, 0x00, 0x70, 0x06, 0x00, 0x00, 0x7F, 0xE7, 0xFE,
    0x00, 0xE0, 0x1C, 0x03, 0x80, 0x78, 0x07, 0x00, 0xE0, 0x1C, 0x01, 0xC0, 0x38, 0x07, 0x00, 0x70,
    0x0F, 0xFF, 0xFF, 0xF0, 0x1C, 0x07, 0x01, 0xC0, 0x00, 0x00, 0x1F, 0xE7, 0xF8, 0x0E, 0x07, 0x03,
    0x81, 0xC0, 0xE0, 0x78, 0x1C, 0x0F, 0xFB, 0xFE, 0x19, 0x81, 0xF8, 0x0F, 0x00, 0x60, 0x00, 0x07,
    0xFE, 0x7F, 0xE0, 0x0E, 0x01, 0xC0, 0x38, 0x07, 0x80, 0x70, 0x0E, 0x01, 0xC0, 0x1C, 0x03, 0x80,
    0x70, 0x07, 0x00, 0xFF, 0xFF, 0xFF, 0x33, 0x0F, 0xC1, 0xE0, 0x30, 0x00, 0x1F, 0xE7, 0xF8, 0x0E,
    0x07, 0x03, 0x81, 0xC0, 0xE0, 0x78, 0x1C, 0x0F, 0xFB, 0xFE, 0x3F, 0x7E, 0x70, 0xE0, 0xE0, 0xE0,
    0xE0, 0xE0, 0xE0, 0xE0, 0xE0, 0xE0, 0xE0, 0xE0, 0xE0, 0xE0, 0x00, 0x0E, 0x00, 0x18, 0x3F, 0xF1,
    0xFF, 0xE7, 0xCF, 0x8E, 0x07, 0xB8, 0x07, 0x70, 0x0E, 0xE0, 0x1D, 0xC0, 0x1B, 0x80, 0x77, 0x00,
    0xEE, 0x01, 0xCE, 0x07, 0x9F, 0x3E, 0x1F, 0xF8, 0x0F, 0xE0, 0x00, 0x70, 0x06, 0x3F, 0x67, 0xFE,
    0xFB, 0xCE, 0x1C, 0xE0, 0xEE, 0x0E, 0xE0, 0xEE, 0x1C, 0xF3, 0xC7, 0xF8, 0x3F, 0x00, 0x00, 0x0E,
    0x00, 0x1F, 0x81, 0xF7, 0x03, 0x8E, 0x07, 0x1C, 0x0E, 0x38, 0x1C, 0x70, 0x38, 0xE0, 0x71, 0xC0,
    0xE3, 0x81, 0xC7, 0x03, 0x8E, 0x07, 0x0E, 0x0E, 0x1E, 0x78, 0x1F, 0xF0, 0x1F, 0x80, 0x00, 0x30,
    0x07, 0xE1, 0xFE, 0x1E, 0xE1, 0xCE, 0x1C, 0xE1, 0xCE, 0x1C, 0xE1, 0xCE, 0x1C, 0x71, 0xC7, 0xFC,
    0x3F, 0xC0, 0x00, 0x00, 0x66, 0x00, 0x00, 0x1F, 0x80, 0x00, 0x03, 0xC0, 0x00, 0x00, 0x60, 0x7F,
    0x81, 0xFF, 0xBF, 0xF8, 0x7F, 0xEE, 0x3F, 0x00, 0x3B, 0x81, 0xC0, 0x1C, 0xE0, 0x78, 0x0F, 0x38,
    0x0E, 0x03, 0x8E, 0x03, 0x81, 0xC3, 0x80, 0xE0, 0xE0, 0xE0, 0x38, 0x70, 0x38, 0x0E, 0x1C, 0x0E,
    0x03, 0x8E, 0x03, 0x81, 0xC7, 0x00, 0xE3, 0xF1, 0xC0, 0x3F, 0xF8, 0xFF, 0xF7, 0xF8, 0x3F, 0xFC,
    0x00, 0x00, 0xCC, 0x7F, 0x80, 0xFC, 0xFF, 0xE0, 0x78, 0xE3, 0xF0, 0x30, 0xE0, 0x70, 0x00, 0xE0,
    0x79, 0xFE, 0xE0, 0x39, 0xFE, 0xE0, 0x38, 0x0E, 0xE0, 0x38, 0x1C, 0xE0, 0x38, 0x38, 0xE0, 0x38,
    0x70, 0xE0, 0x38, 0xE0, 0xE0, 0x71, 0xE0, 0xE3, 0xF1, 0xC0, 0xFF, 0xE3, 0xFF, 0x7F, 0x83, 0xFF,
    0x01, 0xC6, 0x60, 0x0E, 0x3F, 0x00, 0x70, 0xF0, 0x03, 0x83, 0x00, 0x1C, 0x00, 0x1F, 0xE7, 0xFD,
    0xFF, 0x3F, 0xFE, 0x78, 0x0E, 0xE1, 0xC0, 0xE7, 0x0E, 0x0F, 0x38, 0x70, 0xF1, 0xC3, 0x87, 0x0E,
    0x1C, 0x70, 0x7C, 0xE7, 0x01, 0xFF, 0x3F, 0xE7, 0xF9, 0xFF, 0xE0, 0x00, 0xFC, 0x00, 0x1F, 0x80,
    0x03, 0xF0, 0x00, 0x7E, 0x00, 0x0F, 0xC0, 0x01, 0xF8, 0x00, 0x3F, 0x00, 0x07, 0xE0, 0x00, 0xFC,
    0x00, 0x1F, 0x80, 0x03, 0xF0, 0x00, 0x7E, 0x03, 0x9F, 0xFF, 0xFF, 0xBF, 0xF7, 0xE0, 0x00, 0x1F,
    0x80, 0x7E, 0x00, 0x38, 0x00, 0xE0, 0x03, 0x80, 0x7E, 0x01, 0xF8, 0x07, 0xE0, 0x1F, 0x80, 0x7E,
    0x01, 0xF8, 0x07, 0xE0, 0x1F, 0x80, 0x7F, 0xFD, 0xFF, 0xF7, 0x00, 0x1C, 0x00, 0xF0, 0x0F, 0x80,
    0x3E, 0xE3, 0xF1, 0xF8, 0x1C, 0x0E, 0x07, 0x1F, 0x8F, 0xC7, 0xE3, 0xF1, 0xF8, 0xFC, 0x7E, 0x3F,
    0x9D, 0xEE, 0xE7, 0x03, 0x83, 0xC7, 0xC3, 0xC0, 0xE0, 0x38, 0x07, 0xF0, 0x38, 0x07, 0xF8, 0x38,
    0x07, 0xFC, 0x38, 0x07, 0xFC, 0x38, 0x07, 0xEE, 0x38, 0x07, 0xE7, 0x38, 0x07, 0xE3, 0xB8, 0x07,
    0xE3, 0xB8, 0x07, 0xE1, 0xF8, 0x07, 0xE0, 0xF8, 0x06, 0xE0, 0xF8, 0x0E, 0xE0, 0x79, 0x9E, 0xE0,
    0x7B, 0xFE, 0xE0, 0x39, 0xFC, 0x00, 0x00, 0xDC, 0x07, 0x1B, 0xC0, 0xE0, 0x7C, 0x1C, 0x0F, 0xC3,
    0x81, 0xF8, 0x71, 0xBB, 0x8E, 0x37, 0x39, 0xC6, 0xE3, 0xB8, 0xDC, 0x77, 0x1B, 0x87, 0xE3, 0x70,
    0x7C, 0x6E, 0x0F, 0x8D, 0xC0, 0xF1, 0xB8, 0x1E, 0x37, 0x01, 0xC6, 0x00, 0x00, 0xC0, 0x00, 0x38,
    0x00, 0x1F, 0x00, 0x03, 0xC0, 0x00, 0x0E, 0x00, 0x0E, 0x00, 0x00, 0x00, 0x00, 0x00, 0x00, 0xFF,
    0x0E, 0xFF, 0x8E, 0xE3, 0xCE, 0xE1, 0xCE, 0xE1, 0xCE, 0xE1, 0xCE, 0xE1, 0xCE, 0xE1, 0xCE, 0xE1,
    0xCE, 0xE1, 0xCE, 0xE1, 0xCE, 0x00, 0x0E, 0x00, 0x0E, 0x00, 0x3E, 0x00, 0x7C, 0x0C, 0xC0, 0x3F,
    0x00, 0x78, 0x00, 0xC0, 0x00, 0x00, 0x1C, 0x00, 0x78, 0x01, 0xE0, 0x0F, 0xC0, 0x37, 0x01, 0xCC,
    0x07, 0x38, 0x18, 0x60, 0xE1, 0xC3, 0xFF, 0x1F, 0xFC, 0x70, 0x39, 0x80, 0xEE, 0x01, 0xF8, 0x07,
    0x11, 0x07, 0xC0, 0xE0, 0x10, 0x00, 0x0F, 0xC3, 0xF8, 0xCF, 0x01, 0xCF, 0xF7, 0xFD, 0xE7, 0x61,
    0xDC, 0x77, 0xFC, 0xFF, 0xCF, 0xF7, 0x8C, 0x01, 0xC7, 0x1C, 0x71, 0xC7, 0x1C, 0x71, 0xC7, 0x1C,
    0x71, 0xC7, 0x1C, 0x66, 0xFC, 0xF0, 0xC0, 0x07, 0x0E, 0x1C, 0x38, 0x70, 0xE1, 0xC3, 0x87, 0x0E,
    0x1C, 0x0C, 0xC0, 0x1F, 0x80, 0x1E, 0x00, 0x18, 0x00, 0x00, 0x01, 0xFC, 0x0F, 0xFC, 0x3E, 0x7C,
    0x70, 0x3D, 0xC0, 0x3B, 0x80, 0x77, 0x00, 0xEE, 0x00, 0xDC, 0x03, 0xB8, 0x07, 0x70, 0x0E, 0x70,
    0x3C, 0xF9, 0xF0, 0xFF, 0xC0, 0x7F, 0x00, 0x33, 0x07, 0xE0, 0x78, 0x06, 0x00, 0x00, 0x7E, 0x1F,
    0xE7, 0xDE, 0xE1, 0xDC, 0x1F, 0x83, 0xF0, 0x7E, 0x1D, 0xE7, 0x9F, 0xE1, 0xF8, 0x19, 0x81, 0xF8,
    0x0F, 0x00, 0x60, 0x00, 0x0E, 0x07, 0xE0, 0x7E, 0x07, 0xE0, 0x7E, 0x07, 0xE0, 0x7E, 0x07, 0xE0,
    0x7E, 0x07, 0xE0, 0x7E, 0x07, 0x70, 0x77, 0x9E, 0x3F, 0xE1, 0xFC, 0x33, 0x0F, 0xC1, 0xE0, 0x30,
    0x00, 0x38, 0x7E, 0x1F, 0x87, 0xE1, 0xF8, 0x7E, 0x1F, 0x87, 0xE1, 0xDC, 0x77, 0xFC, 0xFF, 0x1F,
    0x81, 0xF8, 0x00, 0x01, 0x9C, 0x19, 0xC0, 0x00, 0xE0, 0x7E, 0x07, 0xE0, 0x7E, 0x07, 0xE0, 0x7E,
    0x07, 0xE0, 0x7E, 0x07, 0xE0, 0x7E, 0x07, 0xE0, 0x77, 0x07, 0x79, 0xE3, 0xFE, 0x1F, 0xC0, 0x3F,
    0x0F, 0xC0, 0x01, 0xCC, 0x73, 0x00, 0x0E, 0x1F, 0x87, 0xE1, 0xF8, 0x7E, 0x1F, 0x87, 0xE1, 0xF8,
    0x77, 0x1D, 0xFF, 0x3F, 0xC0, 0x03, 0x00, 0x30, 0x07, 0x03, 0xEC, 0x38, 0xC0, 0x00, 0xE0, 0x7E,
    0x07, 0xE0, 0x7E, 0x07, 0xE0, 0x7E, 0x07, 0xE0, 0x7E, 0x07, 0xE0, 0x7E, 0x07, 0xE0, 0x77, 0x07,
    0x79, 0xE3, 0xFE, 0x1F, 0xC0, 0x06, 0x01, 0x80, 0xE0, 0x30, 0x73, 0x9C, 0xE0, 0x03, 0x87, 0xE1,
    0xF8, 0x7E, 0x1F, 0x87, 0xE1, 0xF8, 0x7E, 0x1D, 0xC7, 0x7F, 0xCF, 0xF0, 0x0F, 0x80, 0xF8, 0x3E,
    0xC3, 0x8C, 0x00, 0x0E, 0x07, 0xE0, 0x7E, 0x07, 0xE0, 0x7E, 0x07, 0xE0, 0x7E, 0x07, 0xE0, 0x7E,
    0x07, 0xE0, 0x7E, 0x07, 0x70, 0x77, 0x9E, 0x3F, 0xE1, 0xFC, 0x3F, 0x0F, 0x80, 0xC1, 0xCE, 0x73,
    0x80, 0x0E, 0x1F, 0x87, 0xE1, 0xF8, 0x7E, 0x1F, 0x87, 0xE1, 0xF8, 0x77, 0x1D, 0xFF, 0x3F, 0xC0,
    0x0C, 0x00, 0xE0, 0x06, 0x03, 0xAC, 0x38, 0xC0, 0x00, 0xE0, 0x7E, 0x07, 0xE0, 0x7E, 0x07, 0xE0,
    0x7E, 0x07, 0xE0, 0x7E, 0x07, 0xE0, 0x7E, 0x07, 0xE0, 0x77, 0x07, 0x79, 0xE3, 0xFE, 0x1F, 0xC0,
    0x18, 0x0E, 0x01, 0xC0, 0x30, 0x73, 0x9C, 0xE0, 0x03, 0x87, 0xE1, 0xF8, 0x7E, 0x1F, 0x87, 0xE1,
    0xF8, 0x7E, 0x1D, 0xC7, 0x7F, 0xCF, 0xF0, 0x7E, 0x1F, 0xE4, 0x78, 0x07, 0xFF, 0xFF, 0xFE, 0x1F,
    0x87, 0xF7, 0x9F, 0xE3, 0xF0, 0x0F, 0xC0, 0x3F, 0x00, 0x00, 0x07, 0x30, 0x1C, 0xC0, 0x00, 0x00,
    0x70, 0x01, 0xE0, 0x07, 0x80, 0x3F, 0x00, 0xDC, 0x07, 0x30, 0x1C, 0xE0, 0x61, 0x83, 0x87, 0x0F,
    0xFC, 0x7F, 0xF1, 0xC0, 0xE6, 0x03, 0xB8, 0x07, 0xE0, 0x1C, 0x3F, 0x8F, 0xE0, 0x00, 0xEE, 0x3B,
    0x80, 0x03, 0xF0, 0xFE, 0x33, 0xC0, 0x73, 0xFD, 0xFF, 0x79, 0xD8, 0x77, 0x1D, 0xFF, 0x3F, 0xC0,
    0x0F, 0xC0, 0x3F, 0x00, 0x00, 0x00, 0xC0, 0x03, 0x00, 0x00, 0x00, 0x70, 0x01, 0xE0, 0x07, 0x80,
    0x3F, 0x00, 0xDC, 0x07, 0x30, 0x1C, 0xE0, 0x61, 0x83, 0x87, 0x0F, 0xFC, 0x7F, 0xF1, 0xC0, 0xE6,
    0x03, 0xB8, 0x07, 0xE0, 0x1C, 0x3F, 0x8F, 0xE0, 0x00, 0x38, 0x0E, 0x00, 0x03, 0xF0, 0xFE, 0x33,
    0xC0, 0x73, 0xFD, 0xFF, 0x79, 0xD8, 0x77, 0x1D, 0xFF, 0x3F, 0xC0, 0x00, 0x7F, 0x00, 0x0F, 0xE0,
    0x00, 0x00, 0x00, 0x7F, 0xF0, 0x0F, 0xFE, 0x03, 0xE0, 0x00, 0xEC, 0x00, 0x1D, 0x80, 0x07, 0x30,
    0x00, 0xC7, 0xF8, 0x38, 0xFF, 0x0E, 0x18, 0x01, 0xFF, 0x00, 0x7F, 0xE0, 0x0C, 0x0C, 0x03, 0x81,
    0x80, 0x60, 0x3F, 0xFC, 0x07, 0xFC, 0x03, 0xF0, 0x01, 0xF8, 0x00, 0x00, 0x00, 0x00, 0x03, 0xF3,
    0xE1, 0xFF, 0xF8, 0xCF, 0xDE, 0x03, 0x87, 0x3F, 0xFF, 0xBF, 0xFF, 0xDE, 0x70, 0x0C, 0x38, 0x07,
    0x1F, 0x13, 0xFF, 0xF8, 0xFF, 0xFC, 0x0F, 0xE0, 0xFF, 0xC7, 0xCF, 0x1C, 0x00, 0xE0, 0x03, 0x80,
    0x0E, 0x00, 0x38, 0x1C, 0xE1, 0xFF, 0x87, 0xFE, 0x07, 0x1C, 0x1C, 0x7C, 0x70, 0xFF, 0xC0, 0xFF,
    0x00, 0x3F, 0xC7, 0xFC, 0xF9, 0xCE, 0x1C, 0xE7, 0xEE, 0x7E, 0xE1, 0xCE, 0x1C, 0xF3, 0xC7, 0xFC,
    0x3F, 0xC0, 0x1C, 0x67, 0x8F, 0xF8, 0xFF, 0x00, 0x0C, 0xC0, 0xFC, 0x07, 0x80, 0x30, 0x00, 0x00,
    0xFE, 0x3F, 0xF7, 0xC7, 0x70, 0x0E, 0x00, 0xE0, 0x0E, 0x00, 0xE0, 0x0E, 0x07, 0xE0, 0x7E, 0x07,
    0x70, 0x77, 0xC7, 0x3F, 0xF0, 0xFF, 0x33, 0x0F, 0xC1, 0xE0, 0x30, 0x00, 0x0F, 0xF7, 0xFF, 0xE7,
    0xE1, 0xF8, 0x7E, 0x1F, 0x87, 0xE1, 0xFC, 0xF7, 0xFC, 0xFF, 0x01, 0xD8, 0xEF, 0xFB, 0xFC, 0x19,
    0x80, 0xFC, 0x03, 0xC0, 0x0C, 0x00, 0x00, 0x70, 0x7B, 0x83, 0x9C, 0x38, 0xE3, 0x87, 0x38, 0x3B,
    0x81, 0xF8, 0x0F, 0xC0, 0x7F, 0x03, 0xBC, 0x1C, 0xF0, 0xE3, 0xC7, 0x0F, 0x38, 0x3D, 0xC0, 0xE0,
    0xD8, 0x3E, 0x07, 0x00, 0x00, 0xE0, 0x38, 0x0E, 0x03, 0x80, 0xE0, 0x38, 0xEE, 0x73, 0xBC, 0xEE,
    0x3F, 0x0F, 0x83, 0xF0, 0xEE, 0x39, 0xCE, 0x3B, 0x87, 0x0F, 0xE0, 0x7F, 0xE1, 0xF3, 0xE3, 0x81,
    0xEE, 0x01, 0xDC, 0x03, 0xB8, 0x07, 0x70, 0x06, 0xE0, 0x1D, 0xC0, 0x3B, 0x80, 0x73, 0x81, 0xE7,
    0xCF, 0x87, 0xFE, 0x03, 0xF8, 0x01, 0xC0, 0x03, 0x80, 0x07, 0x80, 0x3F, 0x0F, 0xF3, 0xEF, 0x70,
    0xEE, 0x0F, 0xC1, 0xF8, 0x3F, 0x0E, 0xF3, 0xCF, 0xF0, 0xFC, 0x07, 0x01, 0xC0, 0x1E, 0x00, 0x0F,
    0xE0, 0x1F, 0xC0, 0x00, 0x00, 0x7F, 0x03, 0xFF, 0x0F, 0x9F, 0x1C, 0x0F, 0x70, 0x0E, 0xE0, 0x1D,
    0xC0, 0x3B, 0x80, 0x37, 0x00, 0xEE, 0x01, 0xDC, 0x03, 0x9C, 0x0F, 0x3E, 0x7C, 0x3F, 0xF0, 0x1F,
    0xC0, 0x0E, 0x00, 0x1C, 0x00, 0x3C, 0x00, 0x3F, 0x87, 0xF0, 0x00, 0x00, 0x03, 0xF0, 0xFF, 0x3E,
    0xF7, 0x0E, 0xE0, 0xFC, 0x1F, 0x83, 0xF0, 0xEF, 0x3C, 0xFF, 0x0F, 0xC0, 0x70, 0x1C, 0x01, 0xE0,
    0x19, 0x83, 0xF0, 0x3C, 0x03, 0x00, 0x00, 0xFF, 0xDF, 0xF8, 0x0E, 0x03, 0xC0, 0x70, 0x1C, 0x07,
    0x01, 0xF8, 0x07, 0x80, 0x38, 0x07, 0x00, 0xEE, 0x7F, 0xFF, 0x3F, 0xC0, 0x33, 0x07, 0xE0, 0x78,
    0x06, 0x00, 0x00, 0xFF, 0x9F, 0xF0, 0x1C, 0x03, 0x80, 0xE0, 0x38, 0x07, 0x01, 0xF0, 0x0F, 0x80,
    0x70, 0x06, 0x01, 0xCC, 0x79, 0xFE, 0x3F, 0x80, 0x33, 0x3F, 0x1E, 0x0C, 0x00, 0x1C, 0x1C, 0x1C,
    0x1C, 0x1C, 0x1C, 0x1C, 0x1C, 0x1C, 0x1C, 0x1C, 0x1C, 0x3C, 0xF8, 0xF8, 0x7F, 0x81, 0xFF, 0xBF,
    0xF8, 0x7F, 0xEE, 0x3F, 0x00, 0x3B, 0x81, 0xC0, 0x1C, 0xE0, 0x78, 0x0F, 0x38, 0x0E, 0x03, 0x8E,
    0x03, 0x81, 0xC3, 0x80, 0xE0, 0xE0, 0xE0, 0x38, 0x70, 0x38, 0x0E, 0x1C, 0x0E, 0x03, 0x8E, 0x03,
    0x81, 0xC7, 0x00, 0xE3, 0xF1, 0xC0, 0x3F, 0xF8, 0xFF, 0xF7, 0xF8, 0x3F, 0xFC, 0x7F, 0x80, 0x00,
    0xFF, 0xE0, 0x00, 0xE3, 0xF0, 0x00, 0xE0, 0x70, 0x00, 0xE0, 0x79, 0xFE, 0xE0, 0x39, 0xFE, 0xE0,
    0x38, 0x0E, 0xE0, 0x38, 0x1C, 0xE0, 0x38, 0x38, 0xE0, 0x38, 0x70, 0xE0, 0x38, 0xE0, 0xE0, 0x71,
    0xE0, 0xE3, 0xF1, 0xC0, 0xFF, 0xE3, 0xFF, 0x7F, 0x83, 0xFF, 0x01, 0xC0, 0x00, 0x0E, 0x00, 0x00,
    0x70, 0x00, 0x03, 0x80, 0x00, 0x1C, 0x00, 0x1F, 0xE7, 0xFD, 0xFF, 0x3F, 0xFE, 0x78, 0x0E, 0xE1,
    0xC0, 0xE7, 0x0E, 0x0F, 0x38, 0x70, 0xF1, 0xC3, 0x87, 0x0E, 0x1C, 0x70, 0x7C, 0xE7, 0x01, 0xFF,
    0x3F, 0xE7, 0xF9, 0xFF, 0x01, 0x80, 0x3C, 0x03, 0x80, 0x30, 0x00, 0x00, 0xFE, 0x3F, 0xF7, 0xC7,
    0x70, 0x0E, 0x00, 0xE0, 0x0E, 0x00, 0xE0, 0x0E, 0x07, 0xE0, 0x7E, 0x07, 0x70, 0x77, 0xC7, 0x3F,
    0xF0, 0xFF, 0x03, 0x01, 0xC0, 0xE0, 0x30, 0x00, 0x0F, 0xF7, 0xFF, 0xE7, 0xE1, 0xF8, 0x7E, 0x1F,
    0x87, 0xE1, 0xFC, 0xF7, 0xFC, 0xFF, 0x01, 0xD8, 0xEF, 0xFB, 0xFC, 0xE0, 0x30, 0x0E, 0x03, 0x00,
    0xE0, 0x30, 0x0E, 0x03, 0x00, 0xE0, 0x30, 0x7E, 0x03, 0x07, 0xFF, 0xF0, 0x7F, 0xFF, 0x07, 0xE0,
    0x30, 0x7E, 0x03, 0x07, 0xE0, 0x30, 0x7E, 0x03, 0x87, 0xE0, 0x3C, 0xFE, 0x01, 0xFE, 0xE0, 0x0F,
    0xC0, 0x7F, 0x8F, 0xFC, 0xF3, 0xEE, 0x0F, 0xE0, 0x7E, 0x07, 0xE0, 0x7E, 0x07, 0xE0, 0xEE, 0x0E,
    0xE1, 0xCE, 0x78, 0xFF, 0x0F, 0xE0, 0xF8, 0x0E, 0x00, 0xE0, 0x0E, 0x00, 0xE0, 0x00, 0x0C, 0x00,
    0x70, 0x01, 0xC0, 0x06, 0x00, 0x00, 0x70, 0x1F, 0xC0, 0xFF, 0x07, 0xFC, 0x3F, 0xE1, 0xFB, 0x8F,
    0xCE, 0x7E, 0x3B, 0xF1, 0xDF, 0x87, 0xFC, 0x1F, 0xE0, 0xFF, 0x03, 0xF8, 0x1F, 0xC0, 0x70, 0x18,
    0x07, 0x00, 0xE0, 0x18, 0x00, 0x3F, 0xCF, 0xFB, 0x8F, 0xE1, 0xF8, 0x7E, 0x1F, 0x87, 0xE1, 0xF8,
    0x7E, 0x1F, 0x87, 0x01, 0x80, 0x1E, 0x00, 0x70, 0x01, 0xE0, 0x07, 0x80, 0x1E, 0x00, 0x78, 0x01,
    0xE0, 0x07, 0x80, 0x3F, 0x00, 0xDC, 0x07, 0x38, 0x1C, 0xE0, 0x61, 0x83, 0x87, 0x0F, 0xFC, 0x7F,
    0xF1, 0xC0, 0xE6, 0x03, 0xB8, 0x07, 0xE0, 0x1C, 0x06, 0x03, 0xC0, 0xC0, 0x38, 0x1B, 0x06, 0xC0,
    0xE0, 0x00, 0x3F, 0x0F, 0xE3, 0x3C, 0x07, 0x3F, 0xDF, 0xF7, 0x9D, 0x87, 0x71, 0xDF, 0xF3, 0xFC,
    0x00, 0x0C, 0x00, 0x03, 0x80, 0x00, 0x70, 0x00, 0x0C, 0x00, 0x00, 0x00, 0x01, 0xFF, 0xC0, 0x3F,
    0xF8, 0x0F, 0x80, 0x03, 0xB0, 0x00, 0x76, 0x00, 0x1C, 0xC0, 0x03, 0x1F, 0xE0, 0xE3, 0xFC, 0x38,
    0x60, 0x07, 0xFC, 0x01, 0xFF, 0x80, 0x30, 0x30, 0x0E, 0x06, 0x01, 0x80, 0xFF, 0xF0, 0x1F, 0xF0,
    0x00, 0x60, 0x00, 0x70, 0x00, 0x70, 0x00, 0x30, 0x00, 0x00, 0x01, 0xF9, 0xF0, 0xFF, 0xFC, 0x67,
    0xEF, 0x01, 0xC3, 0x9F, 0xFF, 0xDF, 0xFF, 0xEF, 0x38, 0x06, 0x1C, 0x03, 0x8F, 0x89, 0xFF, 0xFC,
    0x7F, 0xFE, 0x00, 0xC0, 0x03, 0x80, 0x0E, 0x00, 0x18, 0x00, 0x00, 0x01, 0xFF, 0x8F, 0xFF, 0x3E,
    0x7C, 0x70, 0x7D, 0xC1, 0xFB, 0x87, 0x77, 0x0E, 0xEE, 0x38, 0xDC, 0xE1, 0xBB, 0x87, 0x7E, 0x0E,
    0x78, 0x3C, 0xF9, 0xF1, 0xFF, 0xC3, 0x7F, 0x00, 0x03, 0x00, 0xE0, 0x38, 0x06, 0x00, 0x00, 0x7F,
    0x9F, 0xF7, 0x9E, 0xE3, 0xDC, 0xFF, 0x3B, 0xFE, 0x7F, 0x9C, 0xE7, 0xBF, 0xE7, 0xF8, 0x1B, 0x00,
    0x6E, 0x01, 0xDC, 0x03, 0x30, 0x00, 0x00, 0x1C, 0x00, 0x78, 0x01, 0xE0, 0x0F, 0xC0, 0x37, 0x01,
    0xCC, 0x07, 0x38, 0x18, 0x60, 0xE1, 0xC3, 0xFF, 0x1F, 0xFC, 0x70, 0x39, 0x80, 0xEE, 0x01, 0xF8,
    0x07, 0x66, 0x1D, 0x83, 0xF0, 0x6C, 0x00, 0x0F, 0xC3, 0xF8, 0xCF, 0x01, 0xCF, 0xF7, 0xFD, 0xE7,
    0x61, 0xDC, 0x77, 0xFC, 0xFF, 0x07, 0x80, 0x3F, 0x00, 0xCC, 0x00, 0x00, 0x07, 0x00, 0x1E, 0x00,
    0x78, 0x03, 0xF0, 0x0D, 0xC0, 0x73, 0x01, 0xCE, 0x06, 0x18, 0x38, 0x70, 0xFF, 0xC7, 0xFF, 0x1C,
    0x0E, 0x60, 0x3B, 0x80, 0x7E, 0x01, 0xC0, 0x1F, 0x07, 0xC3, 0xB8, 0x00, 0x00, 0x0F, 0xC3, 0xF8,
    0xCF, 0x01, 0xCF, 0xF7, 0xFD, 0xE7, 0x61, 0xDC, 0x77, 0xFC, 0xFF, 0x66, 0x0E, 0xE0, 0xEC, 0x0D,
    0x80, 0x01, 0xFF, 0xBF, 0xF7, 0x00, 0xE0, 0x1C, 0x03, 0x80, 0x7F, 0xCF, 0xF9, 0xC0, 0x38, 0x07,
    0x00, 0xE0, 0x1C, 0x03, 0xFF, 0xFF, 0xF0, 0x6C, 0x1B, 0x87, 0x70, 0xCC, 0x00, 0x0F, 0xC7, 0xFB,
    0xCF, 0xE1, 0xFF, 0xFF, 0xFF, 0x80, 0xE0, 0x3E, 0x67, 0xF8, 0xFE, 0x1E, 0x07, 0xE0, 0xEC, 0x00,
    0x0F, 0xFD, 0xFF, 0xB8, 0x07, 0x00, 0xE0, 0x1C, 0x03, 0xFE, 0x7F, 0xCE, 0x01, 0xC0, 0x38, 0x07,
    0x00, 0xE0, 0x1F, 0xFF, 0xFF, 0x80, 0x1E, 0x0F, 0xC3, 0x30, 0x00, 0x00, 0x0F, 0xC7, 0xFB, 0xCF,
    0xE1, 0xFF, 0xFF, 0xFF, 0x80, 0xE0, 0x3E, 0x67, 0xF8, 0xFE, 0xCC, 0xEE, 0x77, 0x32, 0x00, 0x1C,
    0x1C, 0x1C, 0x1C, 0x1C, 0x1C, 0x1C, 0x1C, 0x1C, 0x1C, 0x1C, 0x1C, 0x1C, 0x1C, 0x1C, 0xCC, 0xEE,
    0x76, 0x36, 0x00, 0x1C, 0x1C, 0x1C, 0x1C, 0x1C, 0x1C, 0x1C, 0x1C, 0x1C, 0x1C, 0x1C, 0x7B, 0xFC,
    0xC0, 0x71, 0xC7, 0x1C, 0x71, 0xC7, 0x1C, 0x71, 0xC7, 0x1C, 0x71, 0xC7, 0x00, 0x3C, 0xFD, 0xB8,
    0x00, 0x07, 0x0E, 0x1C, 0x38, 0x70, 0xE1, 0xC3, 0x87, 0x0E, 0x1C, 0x1B, 0x00, 0x3F, 0x00, 0x37,
    0x00, 0x66, 0x00, 0x00, 0x01, 0xFC, 0x0F, 0xFC, 0x3E, 0x7C, 0x70, 0x3D, 0xC0, 0x3B, 0x80, 0x77,
    0x00, 0xEE, 0x00, 0xDC, 0x03, 0xB8, 0x07, 0x70, 0x0E, 0x70, 0x3C, 0xF9, 0xF0, 0xFF, 0xC0, 0x7F,
    0x00, 0x6C, 0x0F, 0xC0, 0xDC, 0x19, 0x80, 0x00, 0x7E, 0x1F, 0xE7, 0xDE, 0xE1, 0xDC, 0x1F, 0x83,
    0xF0, 0x7E, 0x1D, 0xE7, 0x9F, 0xE1, 0xF8, 0x07, 0x80, 0x1F, 0x80, 0x3B, 0x00, 0x00, 0x00, 0xFE,
    0x07, 0xFE, 0x1F, 0x3E, 0x38, 0x1E, 0xE0, 0x1D, 0xC0, 0x3B, 0x80, 0x77, 0x00, 0x6E, 0x01, 0xDC,
    0x03, 0xB8, 0x07, 0x38, 0x1E, 0x7C, 0xF8, 0x7F, 0xE0, 0x3F, 0x80, 0x1E, 0x07, 0xE0, 0xEC, 0x00,
    0x00, 0x00, 0x7E, 0x1F, 0xE7, 0xDE, 0xE1, 0xDC, 0x1F, 0x83, 0xF0, 0x7E, 0x1D, 0xE7, 0x9F, 0xE1,
    0xF8, 0x6C, 0x07, 0xE0, 0x37, 0x03, 0x30, 0x00, 0x07, 0xF8, 0xFF, 0xCE, 0x3E, 0xE0, 0xEE, 0x0E,
    0xE0, 0xEE, 0x3E, 0xFF, 0xCF, 0xF8, 0xE3, 0x8E, 0x3C, 0xE1, 0xCE, 0x0E, 0xE0, 0xEE, 0x07, 0xCC,
    0xEE, 0x77, 0x32, 0x00, 0x3F, 0x7F, 0x71, 0x70, 0x70, 0x70, 0x70, 0x70, 0x70, 0x70, 0x70, 0x1E,
    0x03, 0xF0, 0x3B, 0x00, 0x00, 0x7F, 0x8F, 0xFC, 0xE3, 0xEE, 0x0E, 0xE0, 0xEE, 0x0E, 0xE3, 0xEF,
    0xFC, 0xFF, 0x8E, 0x38, 0xE3, 0xCE, 0x1C, 0xE0, 0xEE, 0x0E, 0xE0, 0x70, 0x3C, 0xFD, 0xB8, 0x00,
    0x0F, 0xFF, 0xF1, 0xE1, 0xC3, 0x87, 0x0E, 0x1C, 0x38, 0x70, 0x36, 0x03, 0xF0, 0x1B, 0x81, 0x98,
    0x00, 0x0E, 0x07, 0xE0, 0x7E, 0x07, 0xE0, 0x7E, 0x07, 0xE0, 0x7E, 0x07, 0xE0, 0x7E, 0x07, 0xE0,
    0x7E, 0x07, 0x70, 0x77, 0x9E, 0x3F, 0xE1, 0xFC, 0x6C, 0x1B, 0x87, 0x70, 0xCC, 0x00, 0x38, 0x7E,
    0x1F, 0x87, 0xE1, 0xF8, 0x7E, 0x1F, 0x87, 0xE1, 0xDC, 0x77, 0xFC, 0xFF, 0x0F, 0x01, 0xF8, 0x1D,
    0x80, 0x00, 0xE0, 0x7E, 0x07, 0xE0, 0x7E, 0x07, 0xE0, 0x7E, 0x07, 0xE0, 0x7E, 0x07, 0xE0, 0x7E,
    0x07, 0xE0, 0x77, 0x07, 0x79, 0xE3, 0xFE, 0x1F, 0xC0, 0x1E, 0x0F, 0xC3, 0x30, 0x00, 0x00, 0x38,
    0x7E, 0x1F, 0x87, 0xE1, 0xF8, 0x7E, 0x1F, 0x87, 0xE1, 0xDC, 0x77, 0xFC, 0xFF, 0x1F, 0xCF, 0xF9,
    0xE7, 0x38, 0x07, 0x00, 0xE0, 0x1F, 0x80, 0xFC, 0x07, 0xC0, 0x3C, 0x03, 0x80, 0x77, 0x3F, 0xFF,
    0x9F, 0xE0, 0x00, 0x0E, 0x03, 0xC0, 0x70, 0x00, 0x3F, 0x3F, 0x9C, 0xCE, 0x07, 0xC1, 0xF8, 0x3E,
    0x07, 0x47, 0xBF, 0xDF, 0xC0, 0x01, 0xC1, 0xE0, 0xE0, 0xFF, 0xFF, 0xFF, 0x06, 0x00, 0x60, 0x06,
    0x00, 0x60, 0x06, 0x00, 0x60, 0x06, 0x00, 0x60, 0x06, 0x00, 0x60, 0x06, 0x00, 0x60, 0x06, 0x00,
    0x00, 0x06, 0x01, 0xE0, 0x1E, 0x00, 0xE0, 0xE0, 0xE0, 0xFE, 0xFE, 0xE0, 0xE0, 0xE0, 0xE0, 0xE0,
    0xE0, 0xF2, 0x7E, 0x7E, 0x00, 0x38, 0x78, 0x70, 0xFF, 0x1F, 0xF1, 0x9E, 0x00, 0xE0, 0x1C, 0x03,
    0x80, 0xE0, 0x7C, 0x3F, 0x07, 0xF0, 0x3F, 0x00, 0xE0, 0x1C, 0x01, 0x80, 0x70, 0x0E, 0x0F, 0x9F,
    0xE3, 0xF8, 0x00, 0xFE, 0x7F, 0x33, 0xC0, 0xE0, 0x70, 0x70, 0xF0, 0x7E, 0x0F, 0x01, 0xC0, 0xE0,
    0xE3, 0xF7, 0xF3, 0xE0, 0x19, 0x80, 0xF8, 0x07, 0x00, 0x60, 0x00, 0x0E, 0x03, 0xE0, 0x3E, 0x03,
    0xE0, 0x3E, 0x03, 0xE0, 0x3F, 0xFF, 0xFF, 0xFE, 0x03, 0xE0, 0x3E, 0x03, 0xE0, 0x3E, 0x03, 0xE0,
    0x3E, 0x03, 0xD8, 0x3E, 0x07, 0x00, 0x00, 0xE0, 0x38, 0x0E, 0x03, 0x80, 0xE0, 0x3F, 0xCF, 0xFB,
    0xCF, 0xE1, 0xF8, 0x7E, 0x1F, 0x87, 0xE1, 0xF8, 0x7E, 0x1F, 0x87, 0x00, 0x70, 0x3C, 0x0F, 0x03,
    0xC0, 0x70, 0x1C, 0x06, 0x03, 0x03, 0x83, 0x83, 0x83, 0x83, 0x83, 0x80, 0x80, 0x7E, 0x7E, 0x77,
    0xBD, 0xE0, 0x70, 0x73, 0x0E, 0x38, 0xC1, 0x9C, 0x1F, 0x80, 0xF0, 0x07, 0x00, 0x60, 0x00, 0x00,
    0x7B, 0xFC, 0xC0, 0x18, 0x03, 0x80, 0x38, 0x03, 0x00, 0x01, 0xFF, 0xBF, 0xF7, 0x00, 0xE0, 0x1C,
    0x03, 0x80, 0x7F, 0xCF, 0xF9, 0xC0, 0x38, 0x07, 0x00, 0xE0, 0x1C, 0x03, 0xFF, 0xFF, 0xF0, 0x3B,
    0x87, 0x70, 0x00, 0x7F, 0xEF, 0xFD, 0xC0, 0x38, 0x07, 0x00, 0xE0, 0x1F, 0xF3, 0xFE, 0x70, 0x0E,
    0x01, 0xC0, 0x38, 0x07, 0x00, 0xFF, 0xFF, 0xFC, 0xFF, 0xF1, 0xFF, 0xE0, 0x38, 0x00, 0x70, 0x00,
    0xE0, 0x01, 0xFF, 0x03, 0xFF, 0x07, 0x9F, 0x0E, 0x0E, 0x1C, 0x1C, 0x38, 0x38, 0x70, 0x70, 0xE1,
    0xE1, 0xCF, 0x83, 0x9E, 0x00, 0x07, 0x01, 0xC0, 0xE0, 0x30, 0x00, 0x3F, 0xFF, 0xFF, 0x80, 0xE0,
    0x38, 0x0E, 0x03, 0x80, 0xE0, 0x38, 0x0E, 0x03, 0x80, 0xE0, 0x38, 0x0E, 0x03, 0x80, 0x0F, 0xE3,
    0xFF, 0x7C, 0x67, 0x00, 0xE0, 0x0E, 0x00, 0xFF, 0x8F, 0xF8, 0xE0, 0x0E, 0x00, 0xE0, 0x07, 0x00,
    0x7C, 0x63, 0xFF, 0x1F, 0xE0, 0x1F, 0xCF, 0xF9, 0xE7, 0x38, 0x07, 0x00, 0xE0, 0x1F, 0x80, 0xFC,
    0x07, 0xC0, 0x3C, 0x03, 0x80, 0x77, 0x3F, 0xFF, 0x9F, 0xE0, 0xFF, 0xFF, 0xFF, 0xFF, 0xFF, 0xF8,
    0xEE, 0xEE, 0x00, 0x38, 0x38, 0x38, 0x38, 0x38, 0x38, 0x38, 0x38, 0x38, 0x38, 0x38, 0x38, 0x38,
    0x38, 0x38, 0x03, 0x81, 0xC0, 0xE0, 0x70, 0x38, 0x1C, 0x0E, 0x07, 0x03, 0x81, 0xC0, 0xE0, 0x7E,
    0x7F, 0xF9, 0xF8, 0x0F, 0xF8, 0x00, 0x3F, 0xE0, 0x00, 0xE1, 0x80, 0x03, 0x86, 0x00, 0x0E, 0x18,
    0x00, 0x38, 0x7F, 0x80, 0xE1, 0xFF, 0x03, 0x86, 0x3E, 0x0E, 0x18, 0x38, 0x30, 0x60, 0x61, 0xC1,
    0x81, 0x87, 0x06, 0x0E, 0x78, 0x18, 0xFB, 0xE0, 0x7F, 0xCE, 0x01, 0xFE, 0x00, 0x00, 0x00, 0xE0,
    0x70, 0x0E, 0x07, 0x00, 0xE0, 0x70, 0x0E, 0x07, 0x00, 0xE0, 0x70, 0x0F, 0xFF, 0xFC, 0xFF, 0xFF,
    0xEE, 0x07, 0x1F, 0xE0, 0x70, 0x7E, 0x07, 0x07, 0xE0, 0x70, 0x7E, 0x07, 0x07, 0xE0, 0x71, 0xFE,
    0x07, 0xFE, 0xE0, 0x7F, 0x80, 0xFF, 0xF1, 0xFF, 0xE0, 0x38, 0x00, 0x70, 0x00, 0xE0, 0x01, 0xFF,
    0x03, 0xFF, 0x07, 0x9E, 0x0E, 0x0E, 0x1C, 0x1C, 0x38, 0x38, 0x70, 0x70, 0xE0, 0xE1, 0xC1, 0xC3,
    0x83, 0x80, 0x03, 0x00, 0x38, 0x03, 0x80, 0x18, 0x00, 0x00, 0x70, 0x7B, 0x83, 0x9C, 0x38, 0xE3,
    0x87, 0x38, 0x3B, 0x81, 0xF8, 0x0F, 0xC0, 0x7F, 0x03, 0xBC, 0x1C, 0xF0, 0xE3, 0xC7, 0x0F, 0x38,
    0x3D, 0xC0, 0xE0, 0x0C, 0x00, 0x70, 0x01, 0xC0, 0x06, 0x00, 0x00, 0x70, 0x1F, 0x81, 0xFC, 0x0F,
    0xE0, 0xFF, 0x0F, 0xF8, 0xEF, 0xC7, 0x7E, 0x73, 0xF7, 0x1F, 0xF8, 0xFF, 0x87, 0xF8, 0x3F, 0xC1,
    0xFC, 0x0F, 0xC0, 0x70, 0x1D, 0xC0, 0xFC, 0x03, 0xE0, 0x00, 0x0E, 0x07, 0x38, 0x39, 0xC1, 0xCE,
    0x0C, 0x38, 0xE1, 0xC7, 0x07, 0x30, 0x3F, 0x80, 0xFC, 0x03, 0xC0, 0x1E, 0x00, 0xE0, 0x4F, 0x03,
    0xF0, 0x1F, 0x00, 0xE0, 0x7E, 0x07, 0xE0, 0x7E, 0x07, 0xE0, 0x7E, 0x07, 0xE0, 0x7E, 0x07, 0xE0,
    0x7E, 0x07, 0xE0, 0x7E, 0x07, 0xE0, 0x7F, 0xFF, 0xFF, 0xF0, 0x70, 0x07, 0x00, 0x70, 0x07, 0x00,
    0x07, 0x00, 0x1E, 0x00, 0x78, 0x03, 0xF0, 0x0D, 0xC0, 0x73, 0x01, 0xCE, 0x06, 0x18, 0x38, 0x70,
    0xFF, 0xC7, 0xFF, 0x1C, 0x0E, 0x60, 0x3B, 0x80, 0x7E, 0x01, 0xC0, 0xFF, 0xCF, 0xFC, 0xE0, 0x0E,
    0x00, 0xE0, 0x0F, 0xF8, 0xFF, 0xCE, 0x3E, 0xE0, 0xEE, 0x06, 0xE0, 0x6E, 0x0E, 0xE3, 0xEF, 0xFC,
    0xFF, 0x80, 0x7F, 0x8F, 0xFC, 0xE3, 0xEE, 0x0E, 0xE0, 0xEE, 0x3E, 0xFF, 0xCF, 0xFE, 0xE1, 0xEE,
    0x07, 0xE0, 0x7E, 0x07, 0xE1, 0xEF, 0xFE, 0x7F, 0x80, 0xFF, 0xFF, 0xFE, 0x03, 0x80, 0xE0, 0x38,
    0x0E, 0x03, 0x80, 0xE0, 0x38, 0x0E, 0x03, 0x80, 0xE0, 0x38, 0x0E, 0x00, 0x0F, 0xF8, 0x1F, 0xF0,
    0x38, 0x60, 0x70, 0xC0, 0xE1, 0x81, 0xC3, 0x03, 0x86, 0x07, 0x0C, 0x0C, 0x18, 0x38, 0x30, 0x70,
    0x60, 0xE0, 0xC3, 0x81, 0x9F, 0xFF, 0xFF, 0xFF, 0xF0, 0x07, 0xE0, 0x0F, 0xC0, 0x1F, 0x80, 0x38,
    0xFF, 0xDF, 0xFB, 0x80, 0x70, 0x0E, 0x01, 0xC0, 0x3F, 0xE7, 0xFC, 0xE0, 0x1C, 0x03, 0x80, 0x70,
    0x0E, 0x01, 0xFF, 0xFF, 0xF8, 0x70, 0xE1, 0xCF, 0x1C, 0x78, 0xE3, 0x8E, 0x0E, 0x73, 0x80, 0xEE,
    0xE0, 0x1F, 0xF8, 0x01, 0xFF, 0x00, 0x1F, 0xC0, 0x07, 0xFC, 0x01, 0xDD, 0xC0, 0x73, 0xBC, 0x1E,
    0x73, 0xC3, 0x8E, 0x38, 0xE1, 0xC3, 0xBC, 0x38, 0x78, 0x7F, 0x8F, 0xF9, 0xCF, 0x00, 0x70, 0x0C,
    0x07, 0x87, 0xE0, 0xFE, 0x03, 0xE0, 0x1C, 0x03, 0x80, 0x77, 0x3F, 0xFF, 0x9F, 0xE0, 0xE0, 0x3F,
    0x03, 0xF8, 0x1F, 0xC1, 0xFE, 0x1F, 0xF1, 0xDF, 0x8E, 0xFC, 0xE7, 0xEE, 0x3F, 0xF1, 0xFF, 0x0F,
    0xF0, 0x7F, 0x83, 0xF8, 0x1F, 0x80, 0xE0, 0x1D, 0xC0, 0x7E, 0x03, 0xE0, 0x00, 0x0E, 0x03, 0xF0,
    0x3F, 0x81, 0xFC, 0x1F, 0xE1, 0xFF, 0x1D, 0xF8, 0xEF, 0xCE, 0x7E, 0xE3, 0xFF, 0x1F, 0xF0, 0xFF,
    0x07, 0xF8, 0x3F, 0x81, 0xF8, 0x0E, 0xE0, 0xF7, 0x07, 0x38, 0x71, 0xC7, 0x0E, 0x70, 0x77, 0x03,
    0xF0, 0x1F, 0x80, 0xFE, 0x07, 0x78, 0x39, 0xE1, 0xC7, 0x8E, 0x1E, 0x70, 0x7B, 0x81, 0xC0, 0x0F,
    0xF8, 0x3F, 0xE0, 0xE1, 0x83, 0x86, 0x0E, 0x18, 0x38, 0x60, 0xE1, 0x83, 0x86, 0x0E, 0x18, 0x30,
    0x61, 0xC1, 0x87, 0x06, 0x78, 0x1B, 0xE0, 0x6E, 0x01, 0x80, 0x70, 0x0E, 0x70, 0x0E, 0x78, 0x1E,
    0x78, 0x1F, 0x6C, 0x3F, 0x6C, 0x37, 0x66, 0x37, 0xE6, 0x67, 0xE7, 0x67, 0xE3, 0xE7, 0xE3, 0xC7,
    0xE3, 0xC7, 0xE1, 0xC7, 0xE0, 0x07, 0xE0, 0x03, 0xE0, 0x3E, 0x03, 0xE0, 0x3E, 0x03, 0xE0, 0x3E,
    0x03, 0xFF, 0xFF, 0xFF, 0xE0, 0x3E, 0x03, 0xE0, 0x3E, 0x03, 0xE0, 0x3E, 0x03, 0xE0, 0x30, 0x0F,
    0xE0, 0x7F, 0xE1, 0xF3, 0xE3, 0x81, 0xEE, 0x01, 0xDC, 0x03, 0xB8, 0x07, 0x70, 0x06, 0xE0, 0x1D,
    0xC0, 0x3B, 0x80, 0x73, 0x81, 0xE7, 0xCF, 0x87, 0xFE, 0x03, 0xF8, 0x00, 0xFF, 0xFF, 0xFF, 0xE0,
    0x7E, 0x07, 0xE0, 0x7E, 0x07, 0xE0, 0x7E, 0x07, 0xE0, 0x7E, 0x07, 0xE0, 0x7E, 0x07, 0xE0, 0x7E,
    0x07, 0xE0, 0x70, 0x7F, 0x8F, 0xFC, 0xE3, 0xEE, 0x0E, 0xE0, 0xEE, 0x0E, 0xE3, 0xEF, 0xFC, 0xFF,
    0x8E, 0x00, 0xE0, 0x0E, 0x00, 0xE0, 0x0E, 0x00, 0xE0, 0x00, 0x0F, 0xE3, 0xFF, 0x7C, 0x67, 0x00,
    0xE0, 0x0E, 0x00, 0xE0, 0x0E, 0x00, 0xE0, 0x0E, 0x00, 0xE0, 0x07, 0x00, 0x7C, 0x63, 0xFF, 0x0F,
    0xE0, 0xFF, 0xFF, 0xFF, 0x06, 0x00, 0x60, 0x06, 0x00, 0x60, 0x06, 0x00, 0x60, 0x06, 0x00, 0x60,
    0x06, 0x00, 0x60, 0x06, 0x00, 0x60, 0x06, 0x00, 0xE0, 0x73, 0x83, 0x9C, 0x1C, 0xE0, 0xC3, 0x8E,
    0x1C, 0x70, 0x73, 0x03, 0xF8, 0x0F, 0xC0, 0x3C, 0x01, 0xE0, 0x0E, 0x04, 0xF0, 0x3F, 0x01, 0xF0,
    0x00, 0x01, 0x80, 0x01, 0x80, 0x1F, 0xF8, 0x3F, 0xFC, 0x7D, 0xBE, 0xF1, 0x8F, 0xE1, 0x87, 0xE1,
    0x87, 0xE1, 0x87, 0xE1, 0x87, 0xF1, 0x8F, 0x7D, 0xBE, 0x3F, 0xFC, 0x1F, 0xF8, 0x01, 0x80, 0x01,
    0x80, 0x70, 0x7B, 0x83, 0x8E, 0x38, 0x3B, 0xC1, 0xDC, 0x07, 0xC0, 0x1E, 0x00, 0xE0, 0x0F, 0x80,
    0x7E, 0x07, 0x70, 0x71, 0xC3, 0x87, 0x38, 0x3B, 0x80, 0xE0, 0xE0, 0x73, 0x81, 0xCE, 0x07, 0x38,
    0x1C, 0xE0, 0x73, 0x81, 0xCE, 0x07, 0x38, 0x1C, 0xE0, 0x73, 0x81, 0xCE, 0x07, 0x38, 0x1C, 0xE0,
    0x73, 0xFF, 0xFF, 0xFF, 0xC0, 0x07, 0x00, 0x1C, 0x00, 0x70, 0x01, 0xC0, 0xE0, 0xFC, 0x1F, 0x83,
    0xF0, 0x7E, 0x0F, 0xC1, 0xF8, 0x3F, 0x8F, 0x7F, 0xE7, 0xFC, 0x03, 0x80, 0x70, 0x0E, 0x01, 0xC0,
    0x38, 0xE0, 0xE1, 0xF8, 0x38, 0x7E, 0x0E, 0x1F, 0x83, 0x87, 0xE0, 0xE1, 0xF8, 0x38, 0x7E, 0x0E,
    0x1F, 0x83, 0x87, 0xE0, 0xE1, 0xF8, 0x38, 0x7E, 0x0E, 0x1F, 0x83, 0x87, 0xE0, 0xE1, 0xFF, 0xFF,
    0xFF, 0xFF, 0xFC, 0xE0, 0xE1, 0xCE, 0x0E, 0x1C, 0xE0, 0xE1, 0xCE, 0x0E, 0x1C, 0xE0, 0xE1, 0xCE,
    0x0E, 0x1C, 0xE0, 0xE1, 0xCE, 0x0E, 0x1C, 0xE0, 0xE1, 0xCE, 0x0E, 0x1C, 0xE0, 0xE1, 0xCE, 0x0E,
    0x1C, 0xE0, 0xE1, 0xCF, 0xFF, 0xFF, 0xFF, 0xFF, 0xF0, 0x00, 0x07, 0x00, 0x00, 0x70, 0x00, 0x07,
    0x00, 0x00, 0x70, 0xFE, 0x01, 0xFC, 0x00, 0x38, 0x00, 0x70, 0x00, 0xE0, 0x01, 0xFE, 0x03, 0xFF,
    0x07, 0x3E, 0x0E, 0x1E, 0x1C, 0x1C, 0x38, 0x38, 0x70, 0xF0, 0xE3, 0xC1, 0xFF, 0x83, 0xFC, 0x00,
    0xE0, 0x07, 0xE0, 0x07, 0xE0, 0x07, 0xE0, 0x07, 0xE0, 0x07, 0xFF, 0x87, 0xFF, 0xC7, 0xE3, 0xE7,
    0xE0, 0xE7, 0xE0, 0xE7, 0xE0, 0xE7, 0xE0, 0xE7, 0xE3, 0xE7, 0xFF, 0xC7, 0x7F, 0x87, 0xE0, 0x0E,
    0x00, 0xE0, 0x0E, 0x00, 0xE0, 0x0F, 0xF8, 0xFF, 0xCE, 0x3E, 0xE0, 0xEE, 0x06, 0xE0, 0x6E, 0x0E,
    0xE3, 0xEF, 0xFC, 0x7F, 0x80, 0x7F, 0x0F, 0xFC, 0x63, 0xE0, 0x0E, 0x00, 0x70, 0x07, 0x1F, 0xF1,
    0xFF, 0x00, 0x70, 0x07, 0x00, 0x70, 0x0E, 0x63, 0xEF, 0xFC, 0x7F, 0x00, 0xE0, 0x7F, 0x0E, 0x0F,
    0xF8, 0xE1, 0xF3, 0xCE, 0x3C, 0x0E, 0xE3, 0x80, 0xEE, 0x38, 0x07, 0xFF, 0x80, 0x7F, 0xF8, 0x07,
    0xE3, 0x80, 0x7E, 0x38, 0x07, 0xE3, 0x80, 0xEE, 0x1C, 0x0E, 0xE1, 0xF3, 0xCE, 0x0F, 0xFC, 0xE0,
    0x7F, 0x00, 0x1F, 0xF3, 0xFF, 0x7C, 0x77, 0x07, 0x70, 0x77, 0x07, 0x7C, 0x73, 0xFF, 0x1F, 0xF1,
    0xC7, 0x1C, 0x73, 0x87, 0x38, 0x77, 0x07, 0x70, 0x70, 0x3F, 0x0F, 0xE3, 0x3C, 0x07, 0x3F, 0xDF,
    0xF7, 0x9D, 0x87, 0x71, 0xDF, 0xF3, 0xFC, 0x07, 0xC3, 0xF8, 0xFE, 0x38, 0x06, 0x01, 0xFF, 0x3F,
    0xF7, 0x9E, 0xE0, 0xFC, 0x1F, 0x83, 0xF0, 0x7E, 0x1C, 0xF7, 0x9F, 0xE1, 0xF8, 0xFF, 0x3F, 0xEE,
    0x3B, 0x8E, 0xFF, 0xBF, 0xEE, 0x3F, 0x87, 0xE3, 0xFF, 0xEF, 0xF0, 0xFF, 0xFF, 0xE0, 0xE0, 0xE0,
    0xE0, 0xE0, 0xE0, 0xE0, 0xE0, 0xE0, 0x1F, 0xE0, 0xFF, 0x07, 0x38, 0x39, 0xC1, 0xCE, 0x0C, 0x70,
    0xE3, 0x87, 0x1C, 0x70, 0xE7, 0xFF, 0xFF, 0xFF, 0xC0, 0x7E, 0x03, 0xF0, 0x1C, 0x3F, 0x1F, 0xEF,
    0x3F, 0x87, 0xFF, 0xFF, 0xFE, 0x03, 0x80, 0xF9, 0x9F, 0xE3, 0xF8, 0x71, 0x8E, 0x39, 0x9C, 0x39,
    0x9C, 0x1D, 0xB8, 0x0F, 0xF0, 0x07, 0xE0, 0x0F, 0xF0, 0x1D, 0xB8, 0x39, 0x9C, 0x71, 0x8E, 0xE1,
    0x87, 0x7F, 0x1F, 0xE6, 0x38, 0x0E, 0x3F, 0x0F, 0xE0, 0x38, 0x07, 0x63, 0xDF, 0xE7, 0xF0, 0xE1,
    0xF8, 0xFE, 0x3F, 0x9F, 0xEE, 0xFB, 0x3F, 0xCF, 0xE3, 0xF0, 0xFC, 0x3E, 0x0C, 0x3B, 0x8F, 0xC1,
    0xF0, 0x00, 0x00, 0x38, 0x7E, 0x3F, 0x8F, 0xE7, 0xFB, 0xBE, 0xCF, 0xF3, 0xF8, 0xFC, 0x3F, 0x0F,
    0x83, 0xE3, 0xF9, 0xEE, 0x73, 0xB8, 0xFC, 0x3E, 0x0F, 0xE3, 0xBC, 0xE7, 0xB8, 0xEE, 0x1C, 0x1F,
    0xE3, 0xFC, 0x71, 0x8E, 0x31, 0xC6, 0x38, 0xC6, 0x19, 0xC3, 0x78, 0x7E, 0x0F, 0x81, 0x80, 0x70,
    0x3B, 0x83, 0xDE, 0x1E, 0xF1, 0xFF, 0xCF, 0xF6, 0xFF, 0xB6, 0xFC, 0xF3, 0xE7, 0x1F, 0x38, 0xF8,
    0x06, 0xE1, 0xF8, 0x7E, 0x1F, 0x87, 0xFF, 0xFF, 0xFE, 0x1F, 0x87, 0xE1, 0xF8, 0x7E, 0x1C, 0x3F,
    0x0F, 0xF3, 0xEF, 0x70, 0xEE, 0x0F, 0xC1, 0xF8, 0x3F, 0x0E, 0xF3, 0xCF, 0xF0, 0xFC, 0x00, 0xFF,
    0xFF, 0xFE, 0x1F, 0x87, 0xE1, 0xF8, 0x7E, 0x1F, 0x87, 0xE1, 0xF8, 0x7E, 0x1C, 0xFF, 0x1F, 0xF3,
    0x8F, 0x70, 0xEE, 0x0F, 0xC1, 0xF8, 0x3F, 0x0E, 0xF3, 0xDF, 0xF3, 0xFC, 0x70, 0x0E, 0x01, 0xC0,
    0x38, 0x00, 0x3F, 0x3F, 0xBE, 0x5C, 0x0E, 0x07, 0x03, 0x81, 0xC0, 0xF9, 0x3F, 0xCF, 0xE0, 0xFF,
    0xFF, 0xF0, 0xC0, 0x30, 0x0C, 0x03, 0x00, 0xC0, 0x30, 0x0C, 0x03, 0x00, 0xC0, 0xE0, 0xDC, 0x39,
    0xC7, 0x38, 0xC7, 0x18, 0x77, 0x0E, 0xE0, 0xD8, 0x1F, 0x01, 0xC0, 0x38, 0x07, 0x01, 0xC1, 0xF8,
    0x3E, 0x00, 0x03, 0x00, 0x06, 0x00, 0x0C, 0x00, 0x18, 0x00, 0x30, 0x03, 0xFC, 0x1F, 0xFE, 0x3D,
    0xBE, 0xE3, 0x1D, 0xC6, 0x1B, 0x0C, 0x37, 0x18, 0x6E, 0x31, 0xCF, 0x6F, 0x9F, 0xFE, 0x0F, 0xF0,
    0x03, 0x00, 0x06, 0x00, 0x0C, 0x00, 0x18, 0x00, 0xE1, 0xCE, 0x70, 0xEE, 0x0F, 0x81, 0xE0, 0x1C,
    0x07, 0xC1, 0xF8, 0x73, 0x8E, 0x3B, 0x83, 0x00, 0xE1, 0xDC, 0x3B, 0x87, 0x70, 0xEE, 0x1D, 0xC3,
    0xB8, 0x77, 0x0E, 0xE1, 0xDF, 0xFF, 0xFF, 0x80, 0x30, 0x06, 0x00, 0xC0, 0x61, 0xD8, 0x76, 0x1D,
    0x87, 0x71, 0xDF, 0xF3, 0xFC, 0x07, 0x01, 0xC0, 0x70, 0x1C, 0xE3, 0x8F, 0xC7, 0x1F, 0x8E, 0x3F,
    0x1C, 0x7E, 0x38, 0xFC, 0x71, 0xF8, 0xE3, 0xF1, 0xC7, 0xE3, 0x8F, 0xFF, 0xFF, 0xFF, 0xF8, 0xE3,
    0x8E, 0x71, 0xC7, 0x38, 0xE3, 0x9C, 0x71, 0xCE, 0x38, 0xE7, 0x1C, 0x73, 0x8E, 0x39, 0xC7, 0x1C,
    0xE3, 0x8E, 0x7F, 0xFF, 0xBF, 0xFF, 0xC0, 0x00, 0x60, 0x00, 0x30, 0x00, 0x18, 0xF8, 0x0F, 0x80,
    0x18, 0x01, 0xFE, 0x1F, 0xF1, 0xCF, 0x18, 0x71, 0x87, 0x1C, 0xF1, 0xFF, 0x1F, 0xE0, 0xE0, 0x1F,
    0x80, 0x7E, 0x01, 0xF8, 0x07, 0xFF, 0x1F, 0xFE, 0x7E, 0x39, 0xF8, 0x77, 0xE3, 0x9F, 0xFE, 0x7F,
    0xF1, 0xC0, 0xE0, 0x38, 0x0E, 0x03, 0xFC, 0xFF, 0xB8, 0xFE, 0x1F, 0x87, 0xE3, 0xFF, 0xEF, 0xF0,
    0x7E, 0x1F, 0xC6, 0x78, 0x06, 0x1F, 0xC7, 0xF0, 0x1C, 0x0E, 0x47, 0xBF, 0xCF, 0xE0, 0xE1, 0xF9,
    0xC7, 0xFB, 0x9E, 0x7F, 0x38, 0x7F, 0xE0, 0xFF, 0xC0, 0xF9, 0x83, 0xF3, 0x87, 0xE7, 0x9F, 0xC7,
    0xFB, 0x87, 0xE0, 0x1F, 0xCF, 0xF7, 0x9D, 0xC3, 0x78, 0xDF, 0xF3, 0xFC, 0xE3, 0x30, 0xDC, 0x36,
    0x0C, 0x18, 0x0F, 0x01, 0xC0, 0x30, 0x00, 0x0F, 0xC7, 0xFB, 0xCF, 0xE1, 0xFF, 0xFF, 0xFF, 0x80,
    0xE0, 0x3E, 0x67, 0xF8, 0xFE, 0x33, 0x0C, 0xC0, 0x00, 0x00, 0x3F, 0x1F, 0xEF, 0x3F, 0x87, 0xFF,
    0xFF, 0xFE, 0x03, 0x80, 0xF9, 0x9F, 0xE3, 0xF8, 0x70, 0x1F, 0xE3, 0xFC, 0x38, 0x07, 0x00, 0xFF,
    0x1F, 0xF3, 0xCE, 0x70, 0xEE, 0x1D, 0xC3, 0xB8, 0x77, 0x0E, 0xE1, 0xDC, 0x3B, 0x87, 0x00, 0xE0,
    0x1C, 0x0F, 0x01, 0xE0, 0x06, 0x0E, 0x1C, 0x18, 0x00, 0xFF, 0xFF, 0xE0, 0xE0, 0xE0, 0xE0, 0xE0,
    0xE0, 0xE0, 0xE0, 0xE0, 0x3F, 0xBF, 0xFC, 0x5C, 0x0F, 0xE7, 0xF3, 0x81, 0xC0, 0xF9, 0xBF, 0xCF,
    0xE0, 0x3F, 0x3F, 0x9C, 0xCE, 0x07, 0xC1, 0xF8, 0x3E, 0x07, 0x47, 0xBF, 0xDF, 0xC0, 0xFC, 0x01,
    0xFF, 0xFF, 0xFF, 0xFF, 0xEF, 0xDC, 0x00, 0x03, 0x87, 0x0E, 0x1C, 0x38, 0x70, 0xE1, 0xC3, 0x87,
    0x0E, 0x00, 0x1C, 0x70, 0x00, 0x00, 0x71, 0xC7, 0x1C, 0x71, 0xC7, 0x1C, 0x71, 0xC7, 0x1C, 0xFF,
    0xBE, 0x1F, 0xE0, 0x07, 0xF8, 0x01, 0xC6, 0x00, 0x71, 0x80, 0x1C, 0x7F, 0x07, 0x1F, 0xE1, 0x86,
    0x3C, 0xE1, 0x87, 0xF8, 0x63, 0xFC, 0x1F, 0xEE, 0x07, 0xF0, 0xE1, 0xC0, 0x70, 0xE0, 0x38, 0x70,
    0x1C, 0x38, 0x0F, 0xFF, 0xE7, 0xFF, 0xFB, 0x87, 0x1D, 0xC3, 0x87, 0xE1, 0xC7, 0x70, 0xFF, 0xB8,
    0x7F, 0x80, 0x70, 0x1F, 0xE3, 0xFC, 0x38, 0x07, 0x00, 0xFF, 0x1F, 0xF3, 0xCF, 0x70, 0xEE, 0x1D,
    0xC3, 0xB8, 0x77, 0x0E, 0xE1, 0xDC, 0x3B, 0x87, 0x06, 0x03, 0xC0, 0xE0, 0x30, 0x00, 0x38, 0xFE,
    0x7B, 0x9C, 0xEE, 0x3F, 0x0F, 0x83, 0xF8, 0xEF, 0x39, 0xEE, 0x3B, 0x87, 0x18, 0x07, 0x00, 0xE0,
    0x18, 0x00, 0x38, 0x7E, 0x3F, 0x8F, 0xE7, 0xFB, 0xBE, 0xCF, 0xF3, 0xF8, 0xFC, 0x3F, 0x0F, 0x83,
    0x3B, 0x87, 0xF0, 0x7C, 0x00, 0x00, 0x01, 0xC1, 0xB8, 0x73, 0x8E, 0x71, 0x8E, 0x30, 0xEE, 0x1D,
    0xC1, 0xB0, 0x3E, 0x03, 0x80, 0x70, 0x0E, 0x03, 0x83, 0xF0, 0x7C, 0x00, 0xE1, 0xF8, 0x7E, 0x1F,
    0x87, 0xE1, 0xF8, 0x7E, 0x1F, 0x87, 0xE1, 0xFF, 0xFF, 0xFC, 0x30, 0x0C, 0x03, 0x00, 0x0E, 0x00,
    0x1C, 0x03, 0xFF, 0x87, 0xFF, 0x00, 0xE0, 0x01, 0xC0, 0x03, 0xFC, 0x07, 0xFE, 0x0E, 0x7C, 0x1C,
    0x1C, 0x38, 0x38, 0x70, 0x70, 0xE1, 0xE1, 0xC7, 0x83, 0xFF, 0x07, 0xF8, 0x18, 0x01, 0x80, 0x18,
    0x01, 0x80, 0x18, 0x0F, 0xF8, 0xFF, 0x81, 0x80, 0x1F, 0xE1, 0xFF, 0x1C, 0xF1, 0x87, 0x18, 0x71,
    0xCF, 0x1F, 0xF1, 0xFE, 0x0F, 0xE0, 0x7F, 0xE1, 0xF3, 0xE3, 0x81, 0xEE, 0x01, 0xDF, 0xC3, 0xBF,
    0xE7, 0x79, 0xFE, 0xE1, 0xFD, 0xC0, 0x3B, 0x80, 0x73, 0x81, 0xE7, 0xCF, 0x87, 0xFE, 0x03, 0xF8,
    0x00, 0x3F, 0x0F, 0xF3, 0xCF, 0x7C, 0xEF, 0xFF, 0xDF, 0xF9, 0xFF, 0x06, 0xFB, 0xCF, 0xF0, 0xFC,
    0x00, 0xE0, 0x0F, 0x70, 0x0F, 0x9C, 0x0F, 0xCE, 0x07, 0x07, 0x03, 0x01, 0xC3, 0x80, 0xE1, 0xC0,
    0x71, 0xC0, 0x1C, 0xE0, 0x0E, 0x60, 0x03, 0xF0, 0x01, 0xF8, 0x00, 0xF8, 0x00, 0x3C, 0x00, 0x1C,
    0x00, 0xE0, 0xFE, 0x0F, 0x71, 0xC7, 0x18, 0x73, 0x83, 0xB8, 0x3B, 0x01, 0xF0, 0x1F, 0x01, 0xE0,
    0x0E, 0x00, 0x1D, 0xC0, 0x1F, 0x80, 0x3E, 0x00, 0x00, 0x0E, 0x03, 0x9C, 0x0F, 0x38, 0x1E, 0x70,
    0x7C, 0xE1, 0xF9, 0xC7, 0x73, 0x8E, 0xE7, 0x39, 0xCE, 0xE3, 0x9F, 0xC7, 0x3F, 0x0E, 0x7C, 0x1C,
    0xF8, 0x39, 0xE0, 0x7F, 0x80, 0xF8, 0x00, 0x60, 0x01, 0xC0, 0x03, 0x00, 0x0E, 0x00, 0x3B, 0x83,
    0xF0, 0x1F, 0x00, 0x00, 0x00, 0x0E, 0x1C, 0xE3, 0xCE, 0x3C, 0xE7, 0xCE, 0xEC, 0xEC, 0xCF, 0xCC,
    0xF8, 0xCF, 0x0C, 0xF0, 0xCE, 0x0F, 0x00, 0x70, 0x07, 0x00, 0xE0, 0x0C, 0x30, 0x01, 0x80, 0x3F,
    0x81, 0xFC, 0x03, 0x00, 0x18, 0x00, 0xFF, 0x07, 0xFE, 0x39, 0xF1, 0x83, 0xCC, 0x0E, 0x60, 0x73,
    0x07, 0x9C, 0xF8, 0xFF, 0xC7, 0xF8, 0xFE, 0x1F, 0xC1, 0xC0, 0x38, 0x07, 0xF8, 0xFF, 0x9C, 0x7B,
    0x87, 0x71, 0xEF, 0xF8, 0xFE, 0x00, 0x7F, 0x8F, 0xFC, 0xE3, 0xEE, 0x0E, 0xE0, 0xEE, 0x6E, 0xE7,
    0xEF, 0xFC, 0xFF, 0x8E, 0x18, 0xE1, 0xCE, 0x0C, 0xE0, 0x0E, 0x00, 0xE0, 0x00, 0xFF, 0x1F, 0xF3,
    0x8F, 0x70, 0xEE, 0x0F, 0xC1, 0xF9, 0xBF, 0x3E, 0xF7, 0xDF, 0xF3, 0xFE, 0x70, 0xCE, 0x19, 0xC0,
    0x38, 0x00, 0x01, 0xC0, 0x70, 0x1F, 0xFF, 0xFF, 0xF8, 0x0E, 0x03, 0x80, 0xE0, 0x38, 0x0E, 0x03,
    0x80, 0xE0, 0x38, 0x0E, 0x03, 0x80, 0xE0, 0x38, 0x00, 0x03, 0x03, 0x03, 0xFF, 0xFF, 0xE0, 0xE0,
    0xE0, 0xE0, 0xE0, 0xE0, 0xE0, 0xE0, 0xE0, 0x3F, 0xE7, 0xFC, 0xC0, 0x18, 0x03, 0x00, 0x60, 0x3F,
    0xC7, 0xF8, 0x30, 0x06, 0x00, 0xC0, 0x18, 0x03, 0x00, 0x60, 0x0C, 0x00, 0x7F, 0xBF, 0xDC, 0x0E,
    0x07, 0x07, 0xF3, 0xF8, 0xE0, 0x70, 0x38, 0x1C, 0x00, 0xFF, 0xCF, 0xFC, 0xE0, 0x0E, 0x00, 0xE0,
    0x0E, 0x00, 0xFF, 0x8F, 0xFC, 0xF3, 0xEE, 0x0E, 0xE0, 0x6E, 0x07, 0xE0, 0x7E, 0x07, 0xE0, 0xE0,
    0x0E, 0x03, 0xE0, 0xFC, 0x0F, 0x80, 0xFF, 0x3F, 0xCE, 0x03, 0x80, 0xFF, 0x3F, 0xEE, 0x3F, 0x87,
    0xE1, 0xF8, 0x7E, 0x1C, 0x07, 0x03, 0x83, 0xE0, 0xF0, 0x70, 0xE1, 0xC7, 0x8E, 0x3C, 0x38, 0xE7,
    0x81, 0xCE, 0x70, 0x0E, 0xEE, 0x00, 0x7F, 0xC0, 0x07, 0xFC, 0x00, 0x3F, 0x80, 0x07, 0xFC, 0x00,
    0xEE, 0xE0, 0x1C, 0xEF, 0x03, 0xCE, 0x78, 0x38, 0xE3, 0xC7, 0x0E, 0x1F, 0xF0, 0xE1, 0xF0, 0x00,
    0x07, 0x00, 0x00, 0x70, 0x00, 0x07, 0x00, 0x00, 0x70, 0x71, 0x8E, 0x1C, 0xCE, 0x0E, 0x67, 0x03,
    0xB7, 0x00, 0xFF, 0x00, 0x3F, 0x80, 0x3F, 0xE0, 0x3B, 0xF8, 0x39, 0x9E, 0x38, 0xC7, 0xF8, 0x61,
    0xE0, 0x00, 0x70, 0x00, 0x38, 0x00, 0x1C, 0x7F, 0x8F, 0xF9, 0xCF, 0x00, 0x70, 0x0C, 0x07, 0x87,
    0xE0, 0xFE, 0x03, 0xE0, 0x1C, 0x03, 0x80, 0x77, 0x3F, 0xFF, 0x9F, 0xE0, 0x70, 0x07, 0x03, 0xC0,
    0x7F, 0x1F, 0xE6, 0x38, 0x0E, 0x3F, 0x0F, 0xE0, 0x38, 0x07, 0x63, 0x9F, 0xE7, 0xF0, 0x30, 0x0E,
    0x0F, 0x80, 0xE0, 0xF7, 0x0F, 0x38, 0x71, 0xC7, 0x0E, 0x70, 0x77, 0x03, 0xF0, 0x1F, 0x80, 0xFE,
    0x07, 0x78, 0x39, 0xE1, 0xC7, 0x8E, 0x1E, 0x70, 0x7F, 0x81, 0xE0, 0x07, 0x00, 0x38, 0x01, 0xC0,
    0x0E, 0xE3, 0xDC, 0xF3, 0x9C, 0x77, 0x0F, 0xC1, 0xF0, 0x3F, 0x87, 0x78, 0xE7, 0x9C, 0x7F, 0x87,
    0x80, 0x70, 0x0E, 0x01, 0xC0, 0x00, 0xE0, 0x3B, 0x81, 0xCE, 0x0F, 0x38, 0x38, 0xED, 0xC3, 0xBE,
    0x0E, 0xF8, 0x3F, 0xC0, 0xFF, 0x83, 0xBF, 0x0E, 0xDE, 0x3B, 0x38, 0xE0, 0x73, 0x80, 0xEE, 0x03,
    0x80, 0xE0, 0xEE, 0x1C, 0xE1, 0xCE, 0xF8, 0xEF, 0x0F, 0xE0, 0xEF, 0x0E, 0xF8, 0xE1, 0xCE, 0x0E,
    0xE0, 0x70, 0x30, 0x38, 0xC1, 0xCF, 0xEE, 0x3F, 0xF0, 0x33, 0x80, 0xDC, 0x03, 0xF0, 0x0F, 0x80,
    0x3F, 0x00, 0xCE, 0x03, 0x1C, 0x0C, 0x38, 0x30, 0x70, 0xC1, 0xE3, 0x03, 0x80, 0x70, 0xEF, 0xDC,
    0x73, 0x87, 0x70, 0x7E, 0x07, 0xE0, 0x77, 0x07, 0x38, 0x73, 0xC7, 0x1E, 0x70, 0xE0, 0xFE, 0x0E,
    0xFE, 0x1C, 0x0E, 0x38, 0x0E, 0x70, 0x0E, 0xE0, 0x0F, 0xC0, 0x0F, 0xC0, 0x0F, 0x80, 0x0F, 0xC0,
    0x0E, 0xE0, 0x0E, 0x70, 0x0E, 0x38, 0x0E, 0x1C, 0x0E, 0x1E, 0x0E, 0x0E, 0xF8, 0x77, 0xC7, 0x06,
    0x70, 0x37, 0x01, 0xF0, 0x0F, 0x80, 0x7E, 0x03, 0x38, 0x18, 0xE0, 0xC3, 0x86, 0x1E, 0xE0, 0x33,
    0x80, 0xCE, 0x03, 0x38, 0x0C, 0xE0, 0x33, 0x80, 0xCF, 0xFF, 0x3F, 0xFC, 0xE0, 0x33, 0x80, 0xCE,
    0x03, 0x38, 0x0C, 0xE0, 0x33, 0x80, 0xFE, 0x03, 0xC0, 0x03, 0x00, 0x0C, 0x00, 0x30, 0x00, 0xC0,
    0xE1, 0xCE, 0x1C, 0xE1, 0xCE, 0x1C, 0xFF, 0xCF, 0xFC, 0xE1, 0xCE, 0x1C, 0xE1, 0xCE, 0x1E, 0xE1,
    0xE0, 0x06, 0x00, 0x60, 0x06, 0xE0, 0x3F, 0xE0, 0x3F, 0xE0, 0x30, 0xE0, 0x30, 0xE0, 0x30, 0xE0,
    0x30, 0xFF, 0xF0, 0xFF, 0xF0, 0xE0, 0x30, 0xE0, 0x30, 0xE0, 0x30, 0xE0, 0x30, 0xE0, 0x30, 0xE0,
    0x30, 0xE0, 0x30, 0xE1, 0xFF, 0x0F, 0xF8, 0x71, 0xC3, 0x8F, 0xFC, 0x7F, 0xE3, 0x87, 0x1C, 0x38,
    0xE1, 0xC7, 0x0E, 0x38, 0x70, 0xFF, 0xF0, 0x0F, 0xFF, 0x00, 0xE0, 0x70, 0x0E, 0x07, 0x00, 0xE0,
    0x70, 0x0E, 0x07, 0x00, 0xE0, 0x7F, 0x8E, 0x07, 0xFE, 0xE0, 0x79, 0xEE, 0x07, 0x07, 0xE0, 0x70,
    0x7E, 0x07, 0x07, 0xE0, 0x70, 0x7E, 0x07, 0x07, 0xE0, 0x70, 0x70, 0x00, 0x0F, 0x00, 0x01, 0xE0,
    0x00, 0x7E, 0x00, 0x07, 0x80, 0xFF, 0xC0, 0x7F, 0xE0, 0x38, 0x70, 0x1C, 0x38, 0x0E, 0x1F, 0xE7,
    0x0F, 0xFB, 0x87, 0x3D, 0xC3, 0x87, 0xE1, 0xC3, 0xF0, 0xE1, 0xF8, 0x70, 0xE0, 0x00, 0x70, 0x00,
    0xF0, 0x00, 0xF8, 0x00, 0x78, 0x0F, 0xE0, 0x7F, 0xC1, 0xF1, 0x83, 0x80, 0x0E, 0x1F, 0x9C, 0x7F,
    0xB8, 0xF7, 0x71, 0x86, 0xE7, 0x0F, 0xCE, 0x1F, 0x9C, 0x33, 0x98, 0xE7, 0xFF, 0xC7, 0xFF, 0x03,
    0xF8, 0x00, 0xE0, 0x00, 0xF8, 0x00, 0xF8, 0x00, 0xF0, 0x3E, 0x0F, 0xC3, 0xE0, 0x73, 0xEC, 0xFF,
    0x9D, 0xF3, 0x1F, 0x67, 0xFF, 0xEF, 0xF8, 0xFE, 0x03, 0xC0, 0x3E, 0x03, 0xC0, 0x0F, 0xE3, 0xFF,
    0x7C, 0x67, 0x00, 0xE0, 0x0E, 0x00, 0xE0, 0x0E, 0x00, 0xE0, 0x0E, 0x00, 0xE0, 0x07, 0x00, 0x7C,
    0x63, 0xFF, 0x1F, 0xE0, 0x70, 0x03, 0x80, 0xF0, 0x3F, 0x3F, 0xBE, 0x5C, 0x0E, 0x07, 0x03, 0x81,
    0xC0, 0xF9, 0x3F, 0xCF, 0xE1, 0x80, 0xE0, 0x70, 0xF8, 0xFF, 0xFF, 0xFF, 0x06, 0x00, 0x60, 0x06,
    0x00, 0x60, 0x06, 0x00, 0x60, 0x06, 0x00, 0x60, 0x06, 0x00, 0x60, 0x06, 0x00, 0x78, 0x07, 0x80,
    0x18, 0x01, 0x80, 0x18, 0x01, 0x80, 0xFF, 0xFF, 0xF0, 0xC0, 0x30, 0x0C, 0x03, 0x00, 0xC0, 0x30,
    0x0C, 0x03, 0xC0, 0xF0, 0x1C, 0x07, 0x01, 0xC0, 0xE0, 0x3B, 0x83, 0x9C, 0x38, 0x71, 0xC3, 0x9C,
    0x0E, 0xE0, 0x7E, 0x01, 0xF0, 0x07, 0x00, 0x38, 0x01, 0xC0, 0x0E, 0x00, 0x70, 0x03, 0x80, 0x1C,
    0x00, 0xE0, 0xDC, 0x39, 0xC7, 0x38, 0xE7, 0x38, 0x77, 0x0E, 0xC1, 0xF8, 0x1F, 0x03, 0xC0, 0x38,
    0x07, 0x00, 0xE0, 0x1C, 0x03, 0x80, 0xE0, 0x3B, 0x83, 0x9C, 0x18, 0x71, 0xC3, 0x9C, 0x0E, 0xE0,
    0x7E, 0x01, 0xF0, 0x0F, 0x01, 0xFF, 0x0F, 0xF8, 0x0E, 0x00, 0x70, 0x03, 0x80, 0x1C, 0x00, 0xE0,
    0xDC, 0x39, 0xC7, 0x38, 0xC7, 0x38, 0x77, 0x0E, 0xC0, 0xF8, 0x1E, 0x0F, 0xF1, 0xFE, 0x07, 0x00,
    0xE0, 0x1C, 0x03, 0x80, 0x70, 0x79, 0xC1, 0xC3, 0x8E, 0x07, 0x78, 0x1F, 0xC0, 0x3E, 0x00, 0x78,
    0x01, 0xE0, 0x0F, 0x80, 0x3F, 0x01, 0xDE, 0x0E, 0x38, 0x38, 0x71, 0xC1, 0xFE, 0x03, 0xC0, 0x07,
    0x00, 0x1C, 0x00, 0x70, 0x01, 0xC0, 0xF1, 0xCE, 0x70, 0xEE, 0x0F, 0x81, 0xE0, 0x1C, 0x07, 0xC1,
    0xFC, 0x73, 0x8E, 0x3F, 0x83, 0x80, 0x30, 0x06, 0x00, 0xC0, 0xFF, 0xE7, 0x3F, 0xF9, 0xC0, 0xE0,
    0x70, 0x38, 0x1C, 0x0E, 0x07, 0x03, 0x81, 0xC0, 0xE0, 0x70, 0x38, 0x1C, 0x0E, 0x07, 0x03, 0x81,
    0xC0, 0xE0, 0x70, 0x38, 0x1C, 0x0E, 0x07, 0x03, 0xFF, 0xF0, 0xFF, 0xFC, 0x00, 0x07, 0x00, 0x01,
    0xC0, 0x00, 0x70, 0x00, 0x1C, 0xFF, 0x33, 0xFC, 0xC1, 0xC3, 0x07, 0x0C, 0x1C, 0x30, 0x70, 0xC1,
    0xC3, 0x07, 0x0C, 0x1C, 0x30, 0x7F, 0xF1, 0xFF, 0xC0, 0x07, 0x00, 0x1C, 0x00, 0x70, 0xE0, 0xE7,
    0x07, 0x38, 0x39, 0xC1, 0xCE, 0x0E, 0x70, 0x73, 0x83, 0x9E, 0x3C, 0x7F, 0xE1, 0xFF, 0x00, 0x38,
    0x01, 0xC0, 0x0E, 0x00, 0x7C, 0x03, 0xE0, 0x07, 0x00, 0x38, 0x01, 0xC0, 0x0E, 0x61, 0xCC, 0x39,
    0x87, 0x30, 0xE7, 0x1C, 0xFF, 0x8F, 0xF0, 0x0E, 0x01, 0xC0, 0x3C, 0x07, 0x80, 0x30, 0x06, 0x00,
    0xC0, 0xE0, 0xFC, 0x1F, 0x83, 0xF0, 0x7E, 0x0F, 0xDD, 0xFB, 0xBF, 0xFF, 0x7F, 0xE7, 0xFC, 0x3B,
    0x87, 0x70, 0xEE, 0x01, 0xC0, 0x38, 0xE1, 0xF8, 0x7E, 0x1F, 0xB7, 0x7D, 0xDF, 0xF3, 0xFC, 0x37,
    0x0D, 0xC0, 0x70, 0x1C, 0xE0, 0x0E, 0x00, 0xE0, 0x0E, 0x00, 0xE0, 0x0F, 0xFC, 0xFF, 0xEF, 0x1E,
    0xE0, 0xEE, 0x07, 0xE0, 0x7E, 0x07, 0xE0, 0x7E, 0x07, 0xE0, 0x70, 0xE0, 0x38, 0x0E, 0x03, 0x80,
    0xE0, 0x3F, 0xCF, 0xFB, 0xCF, 0xE1, 0xF8, 0x7E, 0x1F, 0x87, 0xE1, 0xF8, 0x7E, 0x1F, 0x87, 0x01,
    0xFC, 0x01, 0xFF, 0x01, 0xE7, 0xC1, 0xE0, 0xEC, 0xE0, 0x37, 0x70, 0x1F, 0xFF, 0xFE, 0xFF, 0xFF,
    0x0E, 0x00, 0x07, 0x00, 0x03, 0x80, 0x01, 0xE0, 0x00, 0x7C, 0x60, 0x1F, 0xF8, 0x07, 0xF8, 0x07,
    0xE0, 0x7F, 0xB3, 0xDF, 0xF8, 0x7F, 0xFF, 0xBF, 0xFC, 0x70, 0x03, 0x80, 0x0F, 0x10, 0x7F, 0x81,
    0xFC, 0x01, 0xFC, 0x01, 0xFF, 0x01, 0xE7, 0xC1, 0xE0, 0xEC, 0xE0, 0x37, 0x70, 0x1F, 0xFF, 0xFE,
    0xFF, 0xFF, 0x0E, 0x00, 0x07, 0x00, 0x03, 0x80, 0x01, 0xE0, 0x00, 0x7C, 0x60, 0x1F, 0xF8, 0x07,
    0xF8, 0x00, 0xE0, 0x00, 0x70, 0x00, 0x38, 0x00, 0x1C, 0x00, 0x07, 0xE0, 0x7F, 0xB3, 0xDF, 0xF8,
    0x7F, 0xFF, 0xBF, 0xFC, 0x70, 0x03, 0x80, 0x0F, 0x10, 0x7F, 0x80, 0xFC, 0x03, 0x80, 0x1C, 0x00,
    0xE0, 0xFF, 0xFF, 0xFF, 0xFF, 0xFF, 0xF8, 0x03, 0xB8, 0x00, 0x7F, 0x00, 0x07, 0xC0, 0x00, 0x00,
    0x07, 0x0E, 0x1C, 0xF1, 0xC7, 0x8E, 0x38, 0xE0, 0xE7, 0x38, 0x0E, 0xEE, 0x01, 0xFF, 0x80, 0x1F,
    0xF0, 0x01, 0xFC, 0x00, 0x7F, 0xC0, 0x1D, 0xDC, 0x07, 0x3B, 0xC1, 0xE7, 0x3C, 0x38, 0xE3, 0x8E,
    0x1C, 0x3B, 0xC3, 0x87, 0x80, 0x06, 0x60, 0x07, 0xE0, 0x03, 0xC0, 0x00, 0x00, 0x00, 0x00, 0x71,
    0x8E, 0x39, 0x9C, 0x39, 0x9C, 0x1D, 0xB8, 0x0F, 0xF0, 0x07, 0xE0, 0x0F, 0xF0, 0x1D, 0xB8, 0x39,
    0x9C, 0x71, 0x8E, 0xE1, 0x87, 0xE0, 0xEE, 0x1E, 0xE1, 0xCE, 0x38, 0xE7, 0x0E, 0xE0, 0xFC, 0x0F,
    0xF8, 0xFF, 0xCE, 0x3E, 0xE0, 0xEE, 0x07, 0xE0, 0x7E, 0x07, 0xE0, 0x70, 0x0E, 0x01, 0xE0, 0xFC,
    0x0F, 0x80, 0xE3, 0xF8, 0xEE, 0x73, 0xB8, 0xFC, 0x3F, 0xCF, 0xFB, 0x9F, 0xE1, 0xF8, 0x7E, 0x1C,
    0x07, 0x03, 0xC3, 0xE0, 0xF0, 0x0F, 0xF8, 0x1F, 0xF0, 0x38, 0x60, 0x70, 0xC0, 0xE1, 0x81, 0xC3,
    0x03, 0x86, 0x07, 0x0C, 0x0E, 0x18, 0x18, 0x30, 0x70, 0x60, 0xE0, 0xC7, 0x81, 0x9F, 0x03, 0xF8,
    0x07, 0x80, 0x07, 0x00, 0x0E, 0x00, 0x38, 0x00, 0x60, 0x1F, 0xE0, 0xFF, 0x07, 0x18, 0x38, 0xC1,
    0xC6, 0x0E, 0x30, 0x61, 0x87, 0x0C, 0x78, 0x67, 0x83, 0x38, 0x1E, 0x00, 0x70, 0x03, 0x80, 0x38,
    0x01, 0x80, 0xE0, 0x3E, 0x03, 0xE0, 0x3E, 0x03, 0xE0, 0x3E, 0x03, 0xFF, 0xFF, 0xFF, 0xE0, 0x3E,
    0x03, 0xE0, 0x3E, 0x03, 0xE0, 0x3E, 0x03, 0xE0, 0x30, 0x03, 0x00, 0x70, 0x1F, 0x01, 0xE0, 0xE1,
    0xF8, 0x7E, 0x1F, 0x87, 0xFF, 0xFF, 0xFE, 0x1F, 0x87, 0xE1, 0xF8, 0x7E, 0x1C, 0x07, 0x01, 0xC1,
    0xF0, 0x78, 0xE0, 0x33, 0x80, 0xCE, 0x03, 0x38, 0x0C, 0xE0, 0x33, 0x80, 0xCF, 0xFF, 0x3F, 0xFC,
    0xE0, 0x33, 0x80, 0xCE, 0x03, 0x38, 0x0C, 0xE0, 0x33, 0x80, 0xFE, 0x03, 0xC0, 0x07, 0x00, 0x18,
    0x00, 0xE0, 0x03, 0x00, 0xE1, 0xCE, 0x1C, 0xE1, 0xCE, 0x1C, 0xFF, 0xCF, 0xFC, 0xE1, 0xCE, 0x1C,
    0xE1, 0xCE, 0x1C, 0xE1, 0xF0, 0x07, 0x00, 0x60, 0x0E, 0x00, 0xC0, 0xE0, 0xFC, 0x1F, 0x83, 0xF0,
    0x7E, 0x0F, 0xC1, 0xF8, 0x3F, 0xCF, 0x7F, 0xE7, 0xFC, 0x03, 0x80, 0x70, 0x0E, 0x07, 0xC0, 0xF8,
    0x1C, 0x03, 0x80, 0x70, 0x0E, 0x00, 0x61, 0xD8, 0x76, 0x1D, 0x87, 0x71, 0xDF, 0xF3, 0xFC, 0x07,
    0x01, 0xC0, 0xF0, 0x3C, 0x0C, 0x03, 0x00, 0xC0, 0x70, 0x0E, 0x1C, 0x03, 0x87, 0x81, 0xE1, 0xE0,
    0x7C, 0x6C, 0x3F, 0x1B, 0x0D, 0xC6, 0x63, 0x73, 0x99, 0x9C, 0xE7, 0x67, 0x38, 0xF9, 0xCE, 0x3C,
    0x73, 0x8F, 0x1C, 0xE1, 0xC7, 0x38, 0x01, 0xFE, 0x00, 0x3C, 0x00, 0x07, 0x00, 0x01, 0x80, 0x00,
    0xE0, 0x00, 0x30, 0x70, 0x38, 0xE0, 0xF1, 0xE1, 0xE3, 0xC7, 0xCF, 0xCF, 0x9D, 0xBF, 0x3B, 0x6E,
    0x73, 0xCC, 0xE7, 0x19, 0xCE, 0x33, 0x80, 0x78, 0x00, 0x70, 0x00, 0xE0, 0x03, 0x80, 0x06, 0x00,
    0xFF, 0xFF, 0xFF, 0xFF, 0xFF, 0xF8, 0x0C, 0xC0, 0x3F, 0x00, 0x78, 0x00, 0x00, 0x07, 0x00, 0x1E,
    0x00, 0x78, 0x03, 0xF0, 0x0D, 0xC0, 0x73, 0x01, 0xCE, 0x06, 0x18, 0x38, 0x70, 0xFF, 0xC7, 0xFF,
    0x1C, 0x0E, 0x60, 0x3B, 0x80, 0x7E, 0x01, 0xC0, 0x3B, 0x8F, 0xE1, 0xF0, 0x00, 0x00, 0x0F, 0xC3,
    0xF8, 0xCF, 0x01, 0xCF, 0xF7, 0xFD, 0xE7, 0x61, 0xDC, 0x77, 0xFC, 0xFF, 0x0C, 0xC0, 0x33, 0x00,
    0x00, 0x01, 0xC0, 0x07, 0x80, 0x1E, 0x00, 0xFC, 0x03, 0x70, 0x1C, 0xC0, 0x73, 0x81, 0x86, 0x0E,
    0x1C, 0x3F, 0xF1, 0xFF, 0xC7, 0x03, 0x98, 0x0E, 0xE0, 0x1F, 0x80, 0x70, 0x3B, 0x8E, 0xE0, 0x00,
    0x00, 0x3F, 0x0F, 0xE3, 0x3C, 0x07, 0x3F, 0xDF, 0xF7, 0x9D, 0x87, 0x71, 0xDF, 0xF3, 0xFC, 0x00,
    0xFF, 0xE0, 0x1F, 0xFC, 0x07, 0xC0, 0x01, 0xD8, 0x00, 0x3B, 0x00, 0x0E, 0x60, 0x01, 0x8F, 0xF0,
    0x71, 0xFE, 0x1C, 0x30, 0x03, 0xFE, 0x00, 0xFF, 0xC0, 0x18, 0x18, 0x07, 0x03, 0x00, 0xC0, 0x7F,
    0xF8, 0x0F, 0xF8, 0x3F, 0x3E, 0x1F, 0xFF, 0x8C, 0xFD, 0xE0, 0x38, 0x73, 0xFF, 0xFB, 0xFF, 0xFD,
    0xE7, 0x00, 0xC3, 0x80, 0x71, 0xF1, 0x3F, 0xFF, 0x8F, 0xFF, 0xC0, 0x33, 0x07, 0xE0, 0x78, 0x00,
    0x0F, 0xFD, 0xFF, 0xB8, 0x07, 0x00, 0xE0, 0x1C, 0x03, 0xFE, 0x7F, 0xCE, 0x01, 0xC0, 0x38, 0x07,
    0x00, 0xE0, 0x1F, 0xFF, 0xFF, 0x80, 0x33, 0x0F, 0xC1, 0xE0, 0x00, 0x00, 0x0F, 0xC7, 0xFB, 0xCF,
    0xE1, 0xFF, 0xFF, 0xFF, 0x80, 0xE0, 0x3E, 0x67, 0xF8, 0xFE, 0x7F, 0x83, 0xFF, 0x1C, 0x7C, 0x00,
    0xE0, 0x07, 0x80, 0x1C, 0x00, 0xFF, 0xFF, 0xFF, 0xFF, 0x01, 0xF8, 0x0F, 0xC0, 0xE7, 0x9F, 0x1F,
    0xF0, 0x7E, 0x00, 0x7F, 0x1F, 0xE6, 0x78, 0x07, 0x01, 0xFF, 0xFF, 0xFF, 0x87, 0xF3, 0x9F, 0xE3,
    0xF0, 0x1D, 0xC0, 0xEE, 0x00, 0x00, 0xFF, 0x07, 0xFE, 0x38, 0xF8, 0x01, 0xC0, 0x0F, 0x00, 0x38,
    0x01, 0xFF, 0xFF, 0xFF, 0xFE, 0x03, 0xF0, 0x1F, 0x81, 0xCF, 0x3E, 0x3F, 0xE0, 0xFC, 0x00, 0x77,
    0x1D, 0xC0, 0x00, 0x00, 0x7F, 0x1F, 0xE6, 0x78, 0x07, 0x01, 0xFF, 0xFF, 0xFF, 0x87, 0xF3, 0x9F,
    0xE3, 0xF0, 0x03, 0xB8, 0x00, 0x77, 0x00, 0x00, 0x00, 0x38, 0x70, 0xE7, 0x8E, 0x3C, 0x71, 0xC7,
    0x07, 0x39, 0xC0, 0x77, 0x70, 0x0F, 0xFC, 0x00, 0xFF, 0x80, 0x0F, 0xE0, 0x03, 0xFE, 0x00, 0xEE,
    0xE0, 0x39, 0xDE, 0x0F, 0x39, 0xE1, 0xC7, 0x1C, 0x70, 0xE1, 0xDE, 0x1C, 0x3C, 0x06, 0x60, 0x06,
    0x60, 0x00, 0x00, 0x00, 0x00, 0x71, 0x8E, 0x39, 0x9C, 0x39, 0x9C, 0x1D, 0xB8, 0x0F, 0xF0, 0x07,
    0xE0, 0x0F, 0xF0, 0x1D, 0xB8, 0x39, 0x9C, 0x71, 0x8E, 0xE1, 0x87, 0x3B, 0x87, 0x70, 0x00, 0x3F,
    0xC7, 0xFC, 0xE7, 0x80, 0x38, 0x06, 0x03, 0xC3, 0xF0, 0x7F, 0x01, 0xF0, 0x0E, 0x01, 0xC0, 0x3B,
    0x9F, 0xFF, 0xCF, 0xF0, 0x77, 0x1D, 0xC0, 0x00, 0x00, 0x7F, 0x1F, 0xE6, 0x38, 0x0E, 0x3F, 0x0F,
    0xE0, 0x38, 0x07, 0x63, 0xDF, 0xE7, 0xF0, 0x7F, 0xEF, 0xFC, 0x07, 0x01, 0xE0, 0x38, 0x0E, 0x03,
    0x80, 0xFC, 0x03, 0xC0, 0x1C, 0x03, 0x80, 0x77, 0x3F, 0xFF, 0x9F, 0xE0, 0x7F, 0xCF, 0xF8, 0x0E,
    0x01, 0xC0, 0x70, 0x1C, 0x03, 0x80, 0xF8, 0x07, 0xC0, 0x38, 0x03, 0x00, 0xE6, 0x3C, 0xFF, 0x1F,
    0xC0, 0x1F, 0xC0, 0xFE, 0x00, 0x01, 0xC0, 0x7E, 0x07, 0xF0, 0x3F, 0x83, 0xFC, 0x3F, 0xE3, 0xBF,
    0x1D, 0xF9, 0xCF, 0xDC, 0x7F, 0xE3, 0xFE, 0x1F, 0xE0, 0xFF, 0x07, 0xF0, 0x3F, 0x01, 0xC0, 0x3F,
    0x8F, 0xE0, 0x00, 0x00, 0xE1, 0xF8, 0xFE, 0x3F, 0x9F, 0xEE, 0xFB, 0x3F, 0xCF, 0xE3, 0xF0, 0xFC,
    0x3E, 0x0C, 0x1D, 0xC0, 0xEE, 0x00, 0x01, 0xC0, 0x7E, 0x07, 0xF0, 0x3F, 0x83, 0xFC, 0x3F, 0xE3,
    0xBF, 0x1D, 0xF9, 0xCF, 0xDC, 0x7F, 0xE3, 0xFE, 0x1F, 0xE0, 0xFF, 0x07, 0xF0, 0x3F, 0x01, 0xC0,
    0x3B, 0x8E, 0xE0, 0x00, 0x00, 0xE1, 0xF8, 0xFE, 0x3F, 0x9F, 0xEE, 0xFB, 0x3F, 0xCF, 0xE3, 0xF0,
    0xFC, 0x3E, 0x0C, 0x0E, 0xE0, 0x1D, 0xC0, 0x00, 0x00, 0x7F, 0x03, 0xFF, 0x0F, 0x9F, 0x1C, 0x0F,
    0x70, 0x0E, 0xE0, 0x1D, 0xC0, 0x3B, 0x80, 0x37, 0x00, 0xEE, 0x01, 0xDC, 0x03, 0x9C, 0x0F, 0x3E,
    0x7C, 0x3F, 0xF0, 0x1F, 0xC0, 0x3B, 0x87, 0x70, 0x00, 0x00, 0x03, 0xF0, 0xFF, 0x3E, 0xF7, 0x0E,
    0xE0, 0xFC, 0x1F, 0x83, 0xF0, 0xEF, 0x3C, 0xFF, 0x0F, 0xC0, 0x0F, 0xE0, 0x7F, 0xE1, 0xF3, 0xE3,
    0x81, 0xEE, 0x01, 0xDC, 0x03, 0xBF, 0xFF, 0x7F, 0xFE, 0xE0, 0x1D, 0xC0, 0x3B, 0x80, 0x73, 0x81,
    0xE7, 0xCF, 0x87, 0xFE, 0x03, 0xF8, 0x00, 0x3F, 0x0F, 0xF3, 0xCF, 0x70, 0x6F, 0xFF, 0xFF, 0xF8,
    0x3F, 0x0E, 0xF3, 0xCF, 0xF0, 0xFC, 0x00, 0x0E, 0xE0, 0x1D, 0xC0, 0x00, 0x00, 0x7F, 0x03, 0xFF,
    0x0F, 0x9F, 0x1C, 0x0F, 0x70, 0x0E, 0xE0, 0x1D, 0xFF, 0xFB, 0xFF, 0xF7, 0x00, 0xEE, 0x01, 0xDC,
    0x03, 0x9C, 0x0F, 0x3E, 0x7C, 0x3F, 0xF0, 0x1F, 0xC0, 0x3B, 0x87, 0x70, 0x00, 0x00, 0x03, 0xF0,
    0xFF, 0x3C, 0xF7, 0x06, 0xFF, 0xFF, 0xFF, 0x83, 0xF0, 0xEF, 0x3C, 0xFF, 0x0F, 0xC0, 0x3B, 0x83,
    0xB8, 0x00, 0x07, 0xF0, 0xFF, 0xC6, 0x3E, 0x00, 0xE0, 0x07, 0x00, 0x71, 0xFF, 0x1F, 0xF0, 0x07,
    0x00, 0x70, 0x07, 0x00, 0xE6, 0x3E, 0xFF, 0xC7, 0xF0, 0x77, 0x1D, 0xC0, 0x00, 0x00, 0x7E, 0x1F,
    0xC6, 0x78, 0x06, 0x1F, 0xC7, 0xF0, 0x1C, 0x0E, 0x47, 0xBF, 0xCF, 0xE0, 0x1F, 0xC0, 0xFE, 0x00,
    0x01, 0xC0, 0xE7, 0x07, 0x38, 0x39, 0xC1, 0x87, 0x1C, 0x38, 0xE0, 0xE6, 0x07, 0xF0, 0x1F, 0x80,
    0x78, 0x03, 0xC0, 0x1C, 0x09, 0xE0, 0x7E, 0x03, 0xE0, 0x00, 0x3F, 0x87, 0xF0, 0x00, 0x00, 0x0E,
    0x0D, 0xC3, 0x9C, 0x73, 0x8C, 0x71, 0x87, 0x70, 0xEE, 0x0D, 0x81, 0xF0, 0x1C, 0x03, 0x80, 0x70,
    0x1C, 0x1F, 0x83, 0xE0, 0x00, 0x1D, 0xC0, 0xEE, 0x00, 0x01, 0xC0, 0xE7, 0x07, 0x38, 0x39, 0xC1,
    0x87, 0x1C, 0x38, 0xE0, 0xE6, 0x07, 0xF0, 0x1F, 0x80, 0x78, 0x03, 0xC0, 0x1C, 0x09, 0xE0, 0x7E,
    0x03, 0xE0, 0x00, 0x3B, 0x87, 0x70, 0x00, 0x00, 0x0E, 0x0D, 0xC3, 0x9C, 0x73, 0x8C, 0x71, 0x87,
    0x70, 0xEE, 0x0D, 0x81, 0xF0, 0x1C, 0x03, 0x80, 0x70, 0x1C, 0x1F, 0x83, 0xE0, 0x00, 0x06, 0x60,
    0x37, 0x03, 0xF0, 0x1B, 0x0E, 0x07, 0x38, 0x39, 0xC1, 0xCE, 0x0C, 0x38, 0xE1, 0xC7, 0x07, 0x30,
    0x3F, 0x80, 0xFC, 0x03, 0xC0, 0x1E, 0x00, 0xE0, 0x4F, 0x03, 0xF0, 0x1F, 0x00, 0x0C, 0xC1, 0xB8,
    0x7E, 0x0D, 0x80, 0x01, 0xC1, 0xB8, 0x73, 0x8E, 0x71, 0x8E, 0x30, 0xEE, 0x1D, 0xC1, 0xB0, 0x3E,
    0x03, 0x80, 0x70, 0x0E, 0x03, 0x83, 0xF0, 0x7C, 0x00, 0x3B, 0x87, 0x70, 0x00, 0x70, 0x7E, 0x0F,
    0xC1, 0xF8, 0x3F, 0x07, 0xE0, 0xFC, 0x1F, 0xC7, 0xBF, 0xF3, 0xFE, 0x01, 0xC0, 0x38, 0x07, 0x00,
    0xE0, 0x1C, 0x3B, 0x8E, 0xE0, 0x00, 0x00, 0x61, 0xD8, 0x76, 0x1D, 0x87, 0x71, 0xDF, 0xF3, 0xFC,
    0x07, 0x01, 0xC0, 0x70, 0x1C, 0xFF, 0xFF, 0xFE, 0x03, 0x80, 0xE0, 0x38, 0x0E, 0x03, 0x80, 0xE0,
    0x38, 0x0E, 0x03, 0x80, 0xE0, 0x3E, 0x0F, 0x80, 0xE0, 0x38, 0x0E, 0x03, 0x80, 0xFF, 0xFF, 0xE0,
    0xE0, 0xE0, 0xE0, 0xE0, 0xE0, 0xE0, 0xF0, 0xF0, 0x30, 0x30, 0x30, 0x06, 0x60, 0x06, 0x60, 0x00,
    0x00, 0xE0, 0x07, 0xE0, 0x07, 0xE0, 0x07, 0xE0, 0x07, 0xE0, 0x07, 0xFF, 0x87, 0xFF, 0xC7, 0xE3,
    0xE7, 0xE0, 0xE7, 0xE0, 0xE7, 0xE0, 0xE7, 0xE0, 0xE7, 0xE3, 0xE7, 0xFF, 0xC7, 0x7F, 0x87, 0x0C,
    0xC0, 0x33, 0x00, 0x00, 0x00, 0x00, 0xE0, 0x1F, 0x80, 0x7E, 0x01, 0xF8, 0x07, 0xFF, 0x1F, 0xFE,
    0x7E, 0x39, 0xF8, 0x77, 0xE3, 0x9F, 0xFE, 0x7F, 0xF1, 0xC0, 0x07, 0x00, 0x78, 0x03, 0xE0, 0x1F,
    0x01, 0xD8, 0x0E, 0xE0, 0x67, 0x07, 0x18, 0x38, 0xE1, 0xFF, 0x1F, 0xF8, 0xE0, 0xC6, 0x07, 0x30,
    0x3B, 0x80, 0xDC, 0x07, 0x00, 0x00, 0x00, 0x01, 0x80, 0x0E, 0x00, 0x70, 0x00, 0x3F, 0x1F, 0xE6,
    0x38, 0x06, 0x07, 0x8F, 0xE7, 0x9B, 0x86, 0xC1, 0xB8, 0xEF, 0xF9, 0xF6, 0x00, 0x00, 0x00, 0xC0,
    0x70, 0x1C, 0x00, 0x0F, 0x00, 0x38, 0x00, 0xC0, 0x0E, 0x00, 0x00, 0x03, 0x80, 0x3C, 0x01, 0xF0,
    0x0F, 0x80, 0xEC, 0x07, 0x70, 0x33, 0x83, 0x8C, 0x1C, 0x70, 0xFF, 0x8F, 0xFC, 0x70, 0x63, 0x03,
    0x98, 0x1D, 0xC0, 0x6E, 0x03, 0x80, 0x1E, 0x03, 0x80, 0x60, 0x38, 0x08, 0x00, 0x03, 0xF1, 0xFE,
    0x63, 0x80, 0x60, 0x78, 0xFE, 0x79, 0xB8, 0x6C, 0x1B, 0x8E, 0xFF, 0x9F, 0x60, 0x00, 0x20, 0x03,
    0x83, 0xF8, 0x3F, 0x01, 0x98, 0x00, 0x00, 0x1C, 0x01, 0xE0, 0x0F, 0x80, 0x7C, 0x07, 0x60, 0x3B,
    0x81, 0x9C, 0x1C, 0x60, 0xE3, 0x87, 0xFC, 0x7F, 0xE3, 0x83, 0x18, 0x1C, 0xC0, 0xEE, 0x03, 0x70,
    0x1C, 0x00, 0x00, 0x0C, 0x03, 0x0F, 0xE3, 0xF8, 0x66, 0x00, 0x00, 0x00, 0x3F, 0x0F, 0xF1, 0x8E,
    0x00, 0xC0, 0x78, 0x7F, 0x1E, 0x67, 0x0C, 0xC1, 0x9C, 0x73, 0xFE, 0x3E, 0xC0, 0x20, 0x03, 0x80,
    0x0F, 0xC0, 0x3F, 0x01, 0x98, 0x00, 0x00, 0x1C, 0x01, 0xE0, 0x0F, 0x80, 0x7C, 0x07, 0x60, 0x3B,
    0x81, 0x9C, 0x1C, 0x60, 0xE3, 0x87, 0xFC, 0x7F, 0xE3, 0x83, 0x18, 0x1C, 0xC0, 0xEE, 0x03, 0x70,
    0x1C, 0x40, 0x1C, 0x01, 0xFC, 0x1F, 0xC1, 0x98, 0x00, 0x00, 0x00, 0xFC, 0x3F, 0xC6, 0x38, 0x03,
    0x01, 0xE1, 0xFC, 0x79, 0x9C, 0x33, 0x06, 0x71, 0xCF, 0xF8, 0xFB, 0x00, 0x00, 0xE0, 0x03, 0x03,
    0xD8, 0x3F, 0x81, 0x98, 0x00, 0x00, 0x1C, 0x01, 0xE0, 0x0F, 0x80, 0x7C, 0x07, 0x60, 0x3B, 0x81,
    0x9C, 0x1C, 0x60, 0xE3, 0x87, 0xFC, 0x7F, 0xE3, 0x83, 0x18, 0x1C, 0xC0, 0xEE, 0x03, 0x70, 0x1C,
    0x01, 0xC0, 0x38, 0x33, 0x0F, 0xE3, 0xF0, 0x42, 0x00, 0x01, 0xF8, 0x7F, 0x8C, 0x70, 0x06, 0x03,
    0xC3, 0xF8, 0xF3, 0x38, 0x66, 0x0C, 0xE3, 0x9F, 0xF1, 0xF6, 0x00, 0x00, 0x00, 0x76, 0x07, 0xF0,
    0x30, 0x00, 0xF0, 0x0F, 0xC0, 0x62, 0x00, 0x00, 0x07, 0x00, 0x78, 0x03, 0xE0, 0x1F, 0x01, 0xD8,
    0x0E, 0xE0, 0x67, 0x07, 0x18, 0x38, 0xE1, 0xFF, 0x1F, 0xF8, 0xE0, 0xC6, 0x07, 0x30, 0x3B, 0x80,
    0xDC, 0x07, 0x00, 0x0F, 0xE3, 0xF0, 0x30, 0x1E, 0x0F, 0xC2, 0x10, 0x00, 0x3F, 0x1F, 0xE6, 0x38,
    0x06, 0x07, 0x8F, 0xE7, 0x9B, 0x86, 0xC1, 0xB8, 0xEF, 0xF9, 0xF6, 0x00, 0x00, 0x78, 0x07, 0xE0,
    0x31, 0x80, 0x00, 0x03, 0x80, 0x3C, 0x01, 0xF0, 0x0F, 0x80, 0xEC, 0x07, 0x70, 0x33, 0x83, 0x8C,
    0x1C, 0x70, 0xFF, 0x8F, 0xFC, 0x70, 0x63, 0x03, 0x98, 0x1D, 0xC0, 0x6E, 0x03, 0x80, 0x00, 0x00,
    0x00, 0xC0, 0x07, 0x00, 0x38, 0x00, 0x0C, 0x07, 0x83, 0xF1, 0xCE, 0x20, 0x80, 0x03, 0xF1, 0xFE,
    0x63, 0x80, 0x60, 0x78, 0xFE, 0x79, 0xB8, 0x6C, 0x1B, 0x8E, 0xFF, 0x9F, 0x60, 0x00, 0x00, 0x0C,
    0x07, 0x01, 0xC0, 0x01, 0x00, 0x1C, 0x01, 0xC0, 0x3D, 0x81, 0xFC, 0x07, 0xC0, 0x00, 0x00, 0xE0,
    0x0F, 0x00, 0x7C, 0x03, 0xE0, 0x3B, 0x01, 0xDC, 0x0C, 0xE0, 0xE3, 0x07, 0x1C, 0x3F, 0xE3, 0xFF,
    0x1C, 0x18, 0xC0, 0xE6, 0x07, 0x70, 0x1B, 0x80, 0xE0, 0x02, 0x01, 0xC6, 0xF9, 0xB6, 0x3B, 0x8F,
    0xC0, 0x40, 0x00, 0x3F, 0x1F, 0xE6, 0x38, 0x06, 0x07, 0x8F, 0xE7, 0x9B, 0x86, 0xC1, 0xB8, 0xEF,
    0xF9, 0xF6, 0x0C, 0x00, 0x60, 0x01, 0x80, 0x35, 0x81, 0xFC, 0x07, 0xC0, 0x00, 0x00, 0xE0, 0x0F,
    0x00, 0x7C, 0x03, 0xE0, 0x3B, 0x01, 0xDC, 0x0C, 0xE0, 0xE3, 0x07, 0x1C, 0x3F, 0xE3, 0xFF, 0x1C,
    0x18, 0xC0, 0xE6, 0x07, 0x70, 0x1B, 0x80, 0xE0, 0x18, 0x07, 0x06, 0xD9, 0x96, 0x3B, 0x8F, 0xC0,
    0x40, 0x00, 0x3F, 0x1F, 0xE6, 0x38, 0x06, 0x07, 0x8F, 0xE7, 0x9B, 0x86, 0xC1, 0xB8, 0xEF, 0xF9,
    0xF6, 0x07, 0x00, 0x38, 0x04, 0xE0, 0x3D, 0x81, 0xFC, 0x07, 0xC0, 0x00, 0x00, 0xE0, 0x0F, 0x00,
    0x7C, 0x03, 0xE0, 0x3B, 0x01, 0xDC, 0x0C, 0xE0, 0xE3, 0x07, 0x1C, 0x3F, 0xE3, 0xFF, 0x1C, 0x18,
    0xC0, 0xE6, 0x07, 0x70, 0x1B, 0x80, 0xE0, 0x00, 0x07, 0x80, 0x60, 0xBE, 0x6D, 0x8E, 0xE3, 0xF0,
    0x10, 0x00, 0x0F, 0xC7, 0xF9, 0x8E, 0x01, 0x81, 0xE3, 0xF9, 0xE6, 0xE1, 0xB0, 0x6E, 0x3B, 0xFE,
    0x7D, 0x80, 0x1C, 0x00, 0xFE, 0x04, 0xE0, 0x21, 0x81, 0xDC, 0x07, 0xC0, 0x00, 0x00, 0xE0, 0x0F,
    0x00, 0x7C, 0x03, 0xE0, 0x3B, 0x01, 0xDC, 0x0C, 0xE0, 0xE3, 0x07, 0x1C, 0x3F, 0xE3, 0xFF, 0x1C,
    0x18, 0xC0, 0xE6, 0x07, 0x70, 0x1B, 0x80, 0xE0, 0x3D, 0x8F, 0xC2, 0x18, 0xCE, 0x3F, 0x00, 0x00,
    0x00, 0xFC, 0x7F, 0x98, 0xE0, 0x18, 0x1E, 0x3F, 0x9E, 0x6E, 0x1B, 0x06, 0xE3, 0xBF, 0xE7, 0xD8,
    0x00, 0x00, 0xC6, 0x07, 0xF0, 0x1F, 0x00, 0x00, 0x03, 0x80, 0x3C, 0x01, 0xF0, 0x0F, 0x80, 0xEC,
    0x07, 0x70, 0x33, 0x83, 0x8C, 0x1C, 0x70, 0xFF, 0x8F, 0xFC, 0x70, 0x63, 0x03, 0x98, 0x1D, 0xC0,
    0x6E, 0x03, 0x80, 0x00, 0x00, 0x00, 0xC0, 0x07, 0x00, 0x38, 0x00, 0x21, 0x9C, 0x63, 0xB8, 0xFC,
    0x0C, 0x00, 0x03, 0xF1, 0xFE, 0x63, 0x80, 0x60, 0x78, 0xFE, 0x79, 0xB8, 0x6C, 0x1B, 0x8E, 0xFF,
    0x9F, 0x60, 0x00, 0x00, 0x0C, 0x07, 0x01, 0xC0, 0xFF, 0xBF, 0xEC, 0x03, 0x00, 0xC0, 0x30, 0x0C,
    0x03, 0xFC, 0xFF, 0x30, 0x0C, 0x03, 0x00, 0xC0, 0x30, 0x0F, 0xFB, 0xFE, 0x00, 0x00, 0x00, 0xC0,
    0x70, 0x0C, 0x00, 0x1F, 0x1F, 0xE7, 0x1B, 0x87, 0xC0, 0xFF, 0xFF, 0xFF, 0x80, 0xE0, 0x1C, 0x27,
    0xF8, 0x7E, 0x00, 0x00, 0x00, 0xC0, 0x38, 0x0C, 0x00, 0x1C, 0x07, 0x80, 0xE0, 0x30, 0x00, 0x3F,
    0xEF, 0xFB, 0x00, 0xC0, 0x30, 0x0C, 0x03, 0x00, 0xFF, 0x3F, 0xCC, 0x03, 0x00, 0xC0, 0x30, 0x0C,
    0x03, 0xFE, 0xFF, 0x80, 0x1C, 0x07, 0x80, 0x60, 0x38, 0x00, 0x00, 0x01, 0xF1, 0xFE, 0x71, 0xB8,
    0x7C, 0x0F, 0xFF, 0xFF, 0xF8, 0x0E, 0x01, 0xC2, 0x7F, 0x87, 0xE0, 0x00, 0x1E, 0x6F, 0xFB, 0x3C,
    0x00, 0x3F, 0xEF, 0xFB, 0x00, 0xC0, 0x30, 0x0C, 0x03, 0x00, 0xFF, 0x3F, 0xCC, 0x03, 0x00, 0xC0,
    0x30, 0x0C, 0x03, 0xFE, 0xFF, 0x80, 0x39, 0x9F, 0xE6, 0x78, 0x0C, 0x00, 0x07, 0xC7, 0xF9, 0xC6,
    0xE1, 0xF0, 0x3F, 0xFF, 0xFF, 0xE0, 0x38, 0x07, 0x09, 0xFE, 0x1F, 0x80, 0x00, 0xC0, 0x71, 0xF8,
    0xFC, 0x33, 0x00, 0x0F, 0xFB, 0xFE, 0xC0, 0x30, 0x0C, 0x03, 0x00, 0xC0, 0x3F, 0xCF, 0xF3, 0x00,
    0xC0, 0x30, 0x0C, 0x03, 0x00, 0xFF, 0xBF, 0xE0, 0x00, 0x00, 0x0C, 0x03, 0x0F, 0xC3, 0xF8, 0x66,
    0x00, 0x00, 0x00, 0x1F, 0x0F, 0xF1, 0xC6, 0x70, 0xEC, 0x0D, 0xFF, 0xBF, 0xF7, 0x00, 0xE0, 0x0E,
    0x11, 0xFE, 0x0F, 0xC0, 0x40, 0x0C, 0x00, 0xFC, 0x0F, 0xC1, 0x98, 0x00, 0x1F, 0xF3, 0xFE, 0x60,
    0x0C, 0x01, 0x80, 0x30, 0x06, 0x00, 0xFF, 0x1F, 0xE3, 0x00, 0x60, 0x0C, 0x01, 0x80, 0x30, 0x07,
    0xFC, 0xFF, 0x80, 0x40, 0x1C, 0x01, 0xFC, 0x1F, 0xC1, 0x98, 0x00, 0x00, 0x00, 0x7C, 0x3F, 0xC7,
    0x19, 0xC3, 0xB0, 0x37, 0xFE, 0xFF, 0xDC, 0x03, 0x80, 0x38, 0x47, 0xF8, 0x3F, 0x00, 0x03, 0x80,
    0x71, 0xFC, 0xFC, 0x33, 0x00, 0x0F, 0xFB, 0xFE, 0xC0, 0x30, 0x0C, 0x03, 0x00, 0xC0, 0x3F, 0xCF,
    0xF3, 0x00, 0xC0, 0x30, 0x0C, 0x03, 0x00, 0xFF, 0xBF, 0xE0, 0x01, 0xC0, 0x70, 0xCC, 0x7F, 0x3F,
    0x08, 0x40, 0x00, 0x7C, 0x7F, 0x9C, 0x6E, 0x1F, 0x03, 0xFF, 0xFF, 0xFE, 0x03, 0x80, 0x70, 0x9F,
    0xE1, 0xF8, 0x11, 0x1F, 0xC6, 0xF0, 0x00, 0x1E, 0x0F, 0xC0, 0x03, 0xFE, 0xFF, 0xB0, 0x0C, 0x03,
    0x00, 0xC0, 0x30, 0x0F, 0xF3, 0xFC, 0xC0, 0x30, 0x0C, 0x03, 0x00, 0xC0, 0x3F, 0xEF, 0xF8, 0x00,
    0x0F, 0xE3, 0xF0, 0x30, 0x1E, 0x0F, 0xC2, 0x10, 0x00, 0x1F, 0x1F, 0xE7, 0x1B, 0x87, 0xC0, 0xFF,
    0xFF, 0xFF, 0x80, 0xE0, 0x1C, 0x27, 0xF8, 0x7E, 0x00, 0x07, 0x83, 0xF1, 0x8C, 0x00, 0x3F, 0xEF,
    0xFB, 0x00, 0xC0, 0x30, 0x0C, 0x03, 0x00, 0xFF, 0x3F, 0xCC, 0x03, 0x00, 0xC0, 0x30, 0x0C, 0x03,
    0xFE, 0xFF, 0x80, 0x00, 0x00, 0x30, 0x1C, 0x03, 0x00, 0x0C, 0x07, 0x83, 0xF1, 0xCE, 0x21, 0x00,
    0x01, 0xF1, 0xFE, 0x71, 0xB8, 0x7C, 0x0F, 0xFF, 0xFF, 0xF8, 0x0E, 0x01, 0xC2, 0x7F, 0x87, 0xE0,
    0x00, 0x00, 0x0C, 0x03, 0x80, 0xC0, 0xF7, 0x36, 0x06, 0x66, 0x66, 0x66, 0x66, 0x66, 0x66, 0x66,
    0x60, 0x8E, 0x77, 0x60, 0x06, 0x66, 0x66, 0x66, 0x66, 0x66, 0x60, 0x66, 0x66, 0x66, 0x66, 0x66,
    0x66, 0x66, 0x66, 0x00, 0x67, 0x60, 0x6E, 0x60, 0x06, 0x66, 0x66, 0x66, 0x66, 0x66, 0x60, 0x06,
    0xEE, 0x0F, 0xC0, 0xFF, 0x87, 0x8F, 0x1C, 0x0E, 0xE0, 0x3B, 0x80, 0x6E, 0x01, 0xB8, 0x07, 0xE0,
    0x1F, 0x80, 0x6E, 0x01, 0xB8, 0x0E, 0x70, 0x39, 0xE3, 0xC3, 0xFE, 0x07, 0xF0, 0x00, 0x00, 0x00,
    0x00, 0x30, 0x01, 0xC0, 0x07, 0x00, 0x1F, 0x0F, 0xF1, 0xC7, 0x70, 0x6E, 0x0F, 0x81, 0xF0, 0x3F,
    0x07, 0xE0, 0xCE, 0x39, 0xFE, 0x0F, 0x80, 0x00, 0x00, 0x03, 0x00, 0x70, 0x0E, 0x00, 0x07, 0x00,
    0x1E, 0x00, 0x38, 0x00, 0xC0, 0x00, 0x00, 0x3F, 0x03, 0xFE, 0x1E, 0x3C, 0x70, 0x3B, 0x80, 0xEE,
    0x01, 0xB8, 0x06, 0xE0, 0x1F, 0x80, 0x7E, 0x01, 0xB8, 0x06, 0xE0, 0x39, 0xC0, 0xE7, 0x8F, 0x0F,
    0xF8, 0x1F, 0xC0, 0x1E, 0x01, 0xC0, 0x18, 0x07, 0x00, 0x00, 0x00, 0x07, 0xC3, 0xFC, 0x71, 0xDC,
    0x1B, 0x83, 0xE0, 0x7C, 0x0F, 0xC1, 0xF8, 0x33, 0x8E, 0x7F, 0x83, 0xE0, 0x00, 0x30, 0x01, 0xC0,
    0x7E, 0x03, 0xF0, 0x08, 0x80, 0x3F, 0x03, 0xFE, 0x1E, 0x3C, 0x70, 0x3B, 0x80, 0xEE, 0x01, 0xB8,
    0x06, 0xE0, 0x1F, 0x80, 0x7E, 0x01, 0xB8, 0x06, 0xE0, 0x39, 0xC0, 0xE7, 0x8F, 0x0F, 0xF8, 0x1F,
    0xC0, 0x00, 0x00, 0x0C, 0x03, 0x87, 0xE3, 0xF8, 0x67, 0x00, 0x00, 0x00, 0x1F, 0x0F, 0xF1, 0xC7,
    0x70, 0x6E, 0x0F, 0x81, 0xF0, 0x3F, 0x07, 0xE0, 0xCE, 0x39, 0xFE, 0x0F, 0x80, 0x20, 0x00, 0xC0,
    0x01, 0xF8, 0x03, 0xF0, 0x08, 0x80, 0x3F, 0x03, 0xFE, 0x1E, 0x3C, 0x70, 0x3B, 0x80, 0xEE, 0x01,
    0xB8, 0x06, 0xE0, 0x1F, 0x80, 0x7E, 0x01, 0xB8, 0x06, 0xE0, 0x39, 0xC0, 0xE7, 0x8F, 0x0F, 0xF8,
    0x1F, 0xC0, 0x40, 0x0E, 0x00, 0x77, 0x03, 0xF8, 0x19, 0xC0, 0x00, 0x00, 0x00, 0xF8, 0x3F, 0xC3,
    0x8E, 0x70, 0x67, 0x07, 0x60, 0x76, 0x07, 0x70, 0x77, 0x06, 0x38, 0xE3, 0xFC, 0x0F, 0x80, 0x00,
    0xE0, 0x01, 0xC0, 0x03, 0x01, 0xFC, 0x0F, 0xC0, 0x22, 0x00, 0xFC, 0x0F, 0xF8, 0x78, 0xF1, 0xC0,
    0xEE, 0x03, 0xB8, 0x06, 0xE0, 0x1B, 0x80, 0x7E, 0x01, 0xF8, 0x06, 0xE0, 0x1B, 0x80, 0xE7, 0x03,
    0x9E, 0x3C, 0x3F, 0xE0, 0x7F, 0x00, 0x01, 0xC0, 0x18, 0x33, 0x0F, 0xE3, 0xF8, 0x62, 0x00, 0x00,
    0xF8, 0x7F, 0x8E, 0x3B, 0x83, 0x70, 0x7C, 0x0F, 0x81, 0xF8, 0x3F, 0x06, 0x71, 0xCF, 0xF0, 0x7C,
    0x00, 0x04, 0x40, 0x7F, 0x01, 0xBC, 0x00, 0x00, 0x07, 0x80, 0x3F, 0x00, 0x80, 0x03, 0xF0, 0x3F,
    0xE1, 0xE3, 0xC7, 0x03, 0xB8, 0x0E, 0xE0, 0x1B, 0x80, 0x6E, 0x01, 0xF8, 0x07, 0xE0, 0x1B, 0x80,
    0x6E, 0x03, 0x9C, 0x0E, 0x78, 0xF0, 0xFF, 0x81, 0xFC, 0x00, 0x00, 0x07, 0xF0, 0xFC, 0x16, 0x01,
    0xE0, 0x7F, 0x08, 0x40, 0x00, 0x1F, 0x0F, 0xF1, 0xC7, 0x70, 0x6E, 0x0F, 0x81, 0xF0, 0x3F, 0x07,
    0xE0, 0xCE, 0x39, 0xFE, 0x0F, 0x80, 0x07, 0x80, 0x3F, 0x01, 0xCC, 0x00, 0x00, 0x0F, 0xC0, 0xFF,
    0x87, 0x8F, 0x1C, 0x0E, 0xE0, 0x3B, 0x80, 0x6E, 0x01, 0xB8, 0x07, 0xE0, 0x1F, 0x80, 0x6E, 0x01,
    0xB8, 0x0E, 0x70, 0x39, 0xE3, 0xC3, 0xFE, 0x07, 0xF0, 0x00, 0x00, 0x00, 0x00, 0x30, 0x01, 0xC0,
    0x07, 0x00, 0x0E, 0x03, 0xC0, 0xFC, 0x19, 0xC2, 0x08, 0x00, 0x07, 0xC3, 0xFC, 0x71, 0xDC, 0x1B,
    0x83, 0xE0, 0x7C, 0x0F, 0xC1, 0xF8, 0x33, 0x8E, 0x7F, 0x83, 0xE0, 0x00, 0x00, 0x00, 0xC0, 0x1C,
    0x03, 0x80, 0x00, 0x80, 0x07, 0x00, 0x39, 0xC1, 0xC7, 0x00, 0x1C, 0x3F, 0xE3, 0xFF, 0x1E, 0x3C,
    0x70, 0x3B, 0x80, 0xEE, 0x01, 0xB8, 0x07, 0xE0, 0x1F, 0x80, 0x7E, 0x01, 0xB8, 0x06, 0xE0, 0x39,
    0xC0, 0xE3, 0x8F, 0x0F, 0xF8, 0x0F, 0xC0, 0x01, 0x00, 0x38, 0x07, 0x00, 0xE6, 0x0C, 0x70, 0x06,
    0x00, 0x61, 0xFE, 0x7F, 0x87, 0x1C, 0xE0, 0xCE, 0x0E, 0xC0, 0xEC, 0x0E, 0xE0, 0xEE, 0x0C, 0x71,
    0xC7, 0xF8, 0x1F, 0x00, 0x08, 0x00, 0x38, 0x00, 0xF1, 0xC1, 0xC7, 0x00, 0x1C, 0x3F, 0xE3, 0xFF,
    0x1E, 0x3C, 0x70, 0x3B, 0x80, 0xEE, 0x01, 0xB8, 0x07, 0xE0, 0x1F, 0x80, 0x7E, 0x01, 0xB8, 0x06,
    0xE0, 0x39, 0xC0, 0xE3, 0x8F, 0x0F, 0xF8, 0x0F, 0xC0, 0x30, 0x03, 0x80, 0x1C, 0x00, 0xE6, 0x06,
    0x70, 0x06, 0x00, 0x61, 0xFE, 0x7F, 0x87, 0x1C, 0xE0, 0xCE, 0x0E, 0xC0, 0xEC, 0x0E, 0xE0, 0xEE,
    0x0C, 0x71, 0xC7, 0xF8, 0x1F, 0x00, 0x07, 0x00, 0x1E, 0x20, 0x19, 0xC0, 0xC7, 0x00, 0x1C, 0x3F,
    0xE3, 0xFF, 0x1E, 0x3C, 0x70, 0x3B, 0x80, 0xEE, 0x01, 0xB8, 0x07, 0xE0, 0x1F, 0x80, 0x7E, 0x01,
    0xB8, 0x06, 0xE0, 0x39, 0xC0, 0xE3, 0x8F, 0x0F, 0xF8, 0x0F, 0xC0, 0x08, 0x01, 0xE0, 0x0E, 0x00,
    0x66, 0x0E, 0x70, 0x06, 0x00, 0x61, 0xFE, 0x7F, 0x87, 0x1C, 0xE0, 0xCE, 0x0E, 0xC0, 0xEC, 0x0E,
    0xE0, 0xEE, 0x0C, 0x71, 0xC7, 0xF8, 0x1F, 0x00, 0x00, 0x00, 0x79, 0x83, 0xFF, 0xCC, 0xF7, 0x00,
    0x1C, 0x3F, 0xE3, 0xFF, 0x1E, 0x3C, 0x70, 0x3B, 0x80, 0xEE, 0x01, 0xB8, 0x07, 0xE0, 0x1F, 0x80,
    0x7E, 0x01, 0xB8, 0x06, 0xE0, 0x39, 0xC0, 0xE3, 0x8F, 0x0F, 0xF8, 0x0F, 0xC0, 0x30, 0x87, 0xD8,
    0x7F, 0xE6, 0x77, 0x00, 0x60, 0x06, 0x1F, 0xE7, 0xF8, 0x71, 0xCE, 0x0C, 0xE0, 0xEC, 0x0E, 0xC0,
    0xEE, 0x0E, 0xE0, 0xC7, 0x1C, 0x7F, 0x81, 0xF0, 0x00, 0x00, 0x00, 0x70, 0x01, 0xC0, 0x07, 0x0F,
    0xF8, 0xFF, 0xC7, 0x8F, 0x1C, 0x0E, 0xE0, 0x3B, 0x80, 0x6E, 0x01, 0xF8, 0x07, 0xE0, 0x1F, 0x80,
    0x6E, 0x01, 0xB8, 0x0E, 0x70, 0x38, 0xE3, 0xC3, 0xFE, 0x03, 0xF0, 0x00, 0x00, 0x00, 0x00, 0x30,
    0x01, 0xC0, 0x07, 0x00, 0x00, 0x60, 0x07, 0x00, 0x60, 0x06, 0x1F, 0xE7, 0xF8, 0x71, 0xCE, 0x0C,
    0xE0, 0xEC, 0x0E, 0xC0, 0xEE, 0x0E, 0xE0, 0xC7, 0x1C, 0x7F, 0x81, 0xF0, 0x00, 0x00, 0x00, 0x0C,
    0x00, 0xE0, 0x0E, 0x00, 0xC0, 0x78, 0x0F, 0x01, 0xE0, 0x3C, 0x07, 0x80, 0xF0, 0x1E, 0x03, 0xC0,
    0x78, 0x0F, 0x01, 0xF0, 0x7E, 0x0F, 0xE3, 0xDF, 0xF1, 0xFC, 0x00, 0x00, 0x00, 0x10, 0x07, 0x00,
    0xE0, 0xE1, 0xF8, 0x7E, 0x1F, 0x87, 0xE1, 0xF8, 0x7E, 0x1F, 0x87, 0xE1, 0xDC, 0xF7, 0xFC, 0xFB,
    0x00, 0x00, 0x00, 0xC0, 0x38, 0x0E, 0x00, 0x0E, 0x01, 0xE0, 0x1C, 0x07, 0x00, 0x01, 0x80, 0xF0,
    0x1E, 0x03, 0xC0, 0x78, 0x0F, 0x01, 0xE0, 0x3C, 0x07, 0x80, 0xF0, 0x1E, 0x03, 0xE0, 0xFC, 0x1F,
    0xC7, 0xBF, 0xE3, 0xF8, 0x08, 0x07, 0x80, 0xE0, 0x18, 0x0E, 0x00, 0x00, 0x03, 0x87, 0xE1, 0xF8,
    0x7E, 0x1F, 0x87, 0xE1, 0xF8, 0x7E, 0x1F, 0x87, 0x73, 0xDF, 0xF3, 0xEC, 0x01, 0x00, 0x0E, 0x30,
    0xF1, 0xC3, 0x03, 0x00, 0x3F, 0x01, 0xEC, 0x06, 0x30, 0x18, 0xC0, 0x63, 0x01, 0x8C, 0x06, 0x30,
    0x18, 0xC0, 0x63, 0x01, 0x8C, 0x06, 0x30, 0x18, 0xE0, 0xE3, 0x83, 0x8F, 0x1E, 0x1F, 0xF0, 0x3F,
    0x80, 0x01, 0x00, 0x38, 0x07, 0x00, 0xE3, 0x0C, 0x30, 0x03, 0x00, 0x7E, 0x1E, 0xE1, 0xCE, 0x1C,
    0xE1, 0xCE, 0x1C, 0xE1, 0xCE, 0x1C, 0xE1, 0xCE, 0x1C, 0x73, 0xC7, 0xFC, 0x3E, 0xC0, 0x10, 0x00,
    0xF0, 0x31, 0xE1, 0xC1, 0x83, 0x00, 0x3F, 0x01, 0xEC, 0x06, 0x30, 0x18, 0xC0, 0x63, 0x01, 0x8C,
    0x06, 0x30, 0x18, 0xC0, 0x63, 0x01, 0x8C, 0x06, 0x30, 0x18, 0xE0, 0xE3, 0x83, 0x8F, 0x1E, 0x1F,
    0xF0, 0x3F, 0x80, 0x10, 0x03, 0x80, 0x3C, 0x01, 0xC3, 0x0E, 0x30, 0x03, 0x00, 0x7E, 0x1E, 0xE1,
    0xCE, 0x1C, 0xE1, 0xCE, 0x1C, 0xE1, 0xCE, 0x1C, 0xE1, 0xCE, 0x1C, 0x73, 0xC7, 0xFC, 0x3E, 0xC0,
    0x0E, 0x00, 0x3C, 0x30, 0x71, 0xC3, 0x83, 0x00, 0x3F, 0x01, 0xEC, 0x06, 0x30, 0x18, 0xC0, 0x63,
    0x01, 0x8C, 0x06, 0x30, 0x18, 0xC0, 0x63, 0x01, 0x8C, 0x06, 0x30, 0x18, 0xE0, 0xE3, 0x83, 0x8F,
    0x1E, 0x1F, 0xF0, 0x3F, 0x80, 0x08, 0x01, 0xE0, 0x0E, 0x00, 0x63, 0x0E, 0x30, 0x03, 0x00, 0x7E,
    0x1E, 0xE1, 0xCE, 0x1C, 0xE1, 0xCE, 0x1C, 0xE1, 0xCE, 0x1C, 0xE1, 0xCE, 0x1C, 0x73, 0xC7, 0xFC,
    0x3E, 0xC0, 0x00, 0x00, 0xF3, 0x37, 0xFD, 0xD9, 0xE3, 0x00, 0x3F, 0x01, 0xEC, 0x06, 0x30, 0x18,
    0xC0, 0x63, 0x01, 0x8C, 0x06, 0x30, 0x18, 0xC0, 0x63, 0x01, 0x8C, 0x06, 0x30, 0x18, 0xE0, 0xE3,
    0x83, 0x8F, 0x1E, 0x1F, 0xF0, 0x3F, 0x80, 0x10, 0x07, 0xDC, 0x6F, 0xB6, 0x7B, 0x00, 0x30, 0x07,
    0xE1, 0xEE, 0x1C, 0xE1, 0xCE, 0x1C, 0xE1, 0xCE, 0x1C, 0xE1, 0xCE, 0x1C, 0xE1, 0xC7, 0x3C, 0x7F,
    0xC3, 0xEC, 0x00, 0x0C, 0x00, 0x70, 0x00, 0xC0, 0x0F, 0xC0, 0x7B, 0x01, 0x8C, 0x06, 0x30, 0x18,
    0xC0, 0x63, 0x01, 0x8C, 0x06, 0x30, 0x18, 0xC0, 0x63, 0x01, 0x8C, 0x06, 0x38, 0x38, 0xE0, 0xE3,
    0xC7, 0x87, 0xFC, 0x0F, 0xE0, 0x00, 0x00, 0x00, 0x00, 0x40, 0x03, 0x80, 0x0E, 0x00, 0x00, 0x30,
    0x03, 0x00, 0x30, 0x07, 0xE1, 0xEE, 0x1C, 0xE1, 0xCE, 0x1C, 0xE1, 0xCE, 0x1C, 0xE1, 0xCE, 0x1C,
    0xE1, 0xC7, 0x3C, 0x7F, 0xC3, 0xEC, 0x00, 0x00, 0x00, 0x04, 0x00, 0xE0, 0x0E, 0x00, 0x0C, 0x00,
    0x70, 0x01, 0xC0, 0x06, 0x00, 0x00, 0x70, 0x1D, 0xC1, 0xCE, 0x1C, 0x38, 0xE1, 0xCE, 0x07, 0x70,
    0x3F, 0x00, 0xF8, 0x03, 0x80, 0x1C, 0x00, 0xE0, 0x07, 0x00, 0x38, 0x01, 0xC0, 0x0E, 0x00, 0x18,
    0x03, 0x80, 0x38, 0x03, 0x00, 0x00, 0x00, 0x38, 0x37, 0x0E, 0x71, 0xCE, 0x31, 0xC6, 0x1D, 0xC3,
    0xB8, 0x36, 0x07, 0xC0, 0x70, 0x0E, 0x01, 0xC0, 0x70, 0x7E, 0x0F, 0x80, 0x70, 0x73, 0x83, 0x8C,
    0x18, 0x71, 0xC1, 0x8C, 0x0E, 0xE0, 0x36, 0x01, 0xF0, 0x07, 0x00, 0x38, 0x01, 0xC0, 0x0E, 0x00,
    0x70, 0x03, 0x80, 0x1C, 0x00, 0xE0, 0x00, 0x00, 0x00, 0x00, 0x80, 0x0E, 0x00, 0x70, 0x00, 0xE0,
    0xFC, 0x19, 0x83, 0x38, 0xE3, 0x18, 0x73, 0x0E, 0xE0, 0xD8, 0x1F, 0x03, 0xE0, 0x3C, 0x07, 0x00,
    0xE0, 0x18, 0x07, 0x33, 0xC7, 0x70, 0xC0, 0x07, 0x00, 0x3C, 0x00, 0xE0, 0x0E, 0x00, 0x00, 0x38,
    0x39, 0xC1, 0xC6, 0x0C, 0x38, 0xE0, 0xC6, 0x07, 0x70, 0x1B, 0x00, 0xF8, 0x03, 0x80, 0x1C, 0x00,
    0xE0, 0x07, 0x00, 0x38, 0x01, 0xC0, 0x0E, 0x00, 0x70, 0x00, 0x08, 0x01, 0xC0, 0x1C, 0x03, 0x80,
    0xE0, 0x00, 0x00, 0x07, 0x07, 0xE0, 0xCC, 0x19, 0xC7, 0x18, 0xC3, 0x98, 0x77, 0x06, 0xC0, 0xF8,
    0x1F, 0x01, 0xE0, 0x38, 0x07, 0x00, 0xC0, 0x38, 0x1E, 0x03, 0x80, 0x00, 0x00, 0xF3, 0x0F, 0xF8,
    0x67, 0x80, 0x00, 0x38, 0x39, 0xC1, 0xC6, 0x0C, 0x38, 0xE0, 0xC6, 0x07, 0x70, 0x1B, 0x00, 0xF8,
    0x03, 0x80, 0x1C, 0x00, 0xE0, 0x07, 0x00, 0x38, 0x01, 0xC0, 0x0E, 0x00, 0x70, 0x00, 0x18, 0x87,
    0x99, 0xFF, 0x33, 0xC0, 0x00, 0x00, 0x38, 0x3F, 0x06, 0x60, 0xCE, 0x38, 0xC6, 0x1C, 0xC3, 0xB8,
    0x36, 0x07, 0xC0, 0xF8, 0x0F, 0x01, 0xC0, 0x38, 0x06, 0x01, 0xC0, 0xF0, 0x1C, 0x00, 0xFC, 0x7E,
    0xFC, 0x7F, 0xCF, 0xFC, 0x7F, 0xF7, 0xFF, 0x7F, 0xFF, 0xFD, 0xFF, 0xFF, 0xF0, 0x7F, 0xFF, 0xFD,
    0xFF, 0xFF, 0xF0, 0x9E, 0xF7, 0xBD, 0xEF, 0x7B, 0xDE, 0xF7, 0xBD, 0xEF, 0x7B, 0xDE, 0xF7, 0xBD,
    0xCC, 0x66, 0xEE, 0xE0, 0x77, 0x76, 0xE0, 0x77, 0x76, 0xE0, 0x66, 0x6E, 0xEE, 0xEE, 0xEE, 0x77,
    0x77, 0x77, 0x66, 0xEE, 0x77, 0x77, 0x77, 0x66, 0xEE, 0x0C, 0x03, 0x00, 0xC0, 0x30, 0x0C, 0x3F,
    0xFF, 0xFC, 0x30, 0x0C, 0x03, 0x00, 0xC0, 0x30, 0x0C, 0x03, 0x00, 0xC0, 0x30, 0x0C, 0x03, 0x00,
    0x0C, 0x03, 0x00, 0xC0, 0x30, 0x0C, 0x3F, 0xFF, 0xFC, 0x30, 0x0C, 0x03, 0x0F, 0xFF, 0xFF, 0x0C,
    0x03, 0x00, 0xC0, 0x30, 0x0C, 0x03, 0x00, 0x7B, 0xFF, 0xFF, 0x78, 0x70, 0x1D, 0xC0, 0x76, 0x01,
    0xC0, 0xE1, 0xC3, 0xF0, 0xE1, 0xF8, 0x70, 0xE0, 0x77, 0xFF, 0xF6, 0x00, 0x7C, 0x38, 0x00, 0xEE,
    0x38, 0x00, 0xC6, 0x70, 0x00, 0xC6, 0x70, 0x00, 0xC6, 0xE0, 0x00, 0xEE, 0xC0, 0x00, 0x7D, 0xC0,
    0x00, 0x01, 0x80, 0x00, 0x03, 0xBE, 0x3E, 0x03, 0x77, 0x77, 0x07, 0x63, 0x63, 0x0E, 0x63, 0x63,
    0x0E, 0x63, 0x63, 0x1C, 0x77, 0x77, 0x1C, 0x3E, 0x3E, 0x76, 0x66, 0x64, 0x77, 0x66, 0x66, 0x66,
    0x66, 0x46, 0xE3, 0x8E, 0x00, 0x18, 0xE3, 0x9C, 0xE1, 0xC3, 0x8E, 0x18, 0x61, 0xC3, 0x0E, 0x1C,
    0xE3, 0x1C, 0x60, 0x00, 0x00, 0x61, 0xC3, 0x71, 0xC6, 0x39, 0xCC, 0x1C, 0x18, 0x0E, 0x30, 0x07,
    0x60, 0x73, 0xC7, 0x71, 0xC7, 0x73, 0xE7, 0x06, 0x30, 0x0C, 0x18, 0x19, 0xCC, 0x31, 0xC6, 0x61,
    0xC3, 0x00, 0x00, 0x71, 0xDC, 0x77, 0x1D, 0xC7, 0x71, 0xDC, 0x77, 0x1D, 0x87, 0x61, 0x98, 0x66,
    0x18, 0x82, 0x00, 0x1C, 0x77, 0x1D, 0xC7, 0x00, 0xC0, 0x00, 0x92, 0x00, 0x75, 0x80, 0x07, 0xC0,
    0x01, 0xF0, 0x01, 0xDE, 0x00, 0x24, 0x80, 0x03, 0x00, 0x08, 0x46, 0x03, 0x01, 0x86, 0xDB, 0x6D,
    0xFE, 0xFF, 0x1E, 0x0F, 0x0F, 0xC7, 0xE6, 0xFB, 0xFD, 0x30, 0x18, 0x0C, 0x06, 0x00, 0x00, 0xE0,
    0x38, 0x07, 0x01, 0xC0, 0x30, 0x0E, 0x01, 0x80, 0x70, 0x0C, 0x03, 0x80, 0x60, 0x1C, 0x07, 0x00,
    0xE0, 0x38, 0x00, 0x3F, 0x1F, 0x9F, 0xCF, 0xF6, 0x3B, 0x1C, 0x0E, 0x03, 0x03, 0x81, 0xC0, 0xE0,
    0x70, 0x70, 0x38, 0x38, 0x0C, 0x0E, 0x07, 0x07, 0x01, 0x81, 0xC0, 0xE0, 0x20, 0x10, 0x00, 0x00,
    0x07, 0x03, 0x81, 0xC0, 0xE0, 0x70, 0x38, 0x3F, 0x1D, 0xFC, 0x76, 0x39, 0xC0, 0xE7, 0x03, 0x9C,
    0x0E, 0x70, 0x71, 0xC3, 0x87, 0x0E, 0x1C, 0x70, 0x71, 0xC1, 0x82, 0x02, 0x00, 0x00, 0x70, 0x71,
    0xC1, 0xC7, 0x07, 0x71, 0xF1, 0xCF, 0xE7, 0x31, 0xDC, 0x07, 0x70, 0x1D, 0xC0, 0x77, 0x03, 0x98,
    0x1C, 0x60, 0x61, 0x83, 0x86, 0x0E, 0x08, 0x10, 0x00, 0x01, 0xC3, 0x87, 0x0E, 0x1C, 0x38, 0x08,
    0x04, 0x3A, 0xCF, 0xE1, 0xC3, 0xFB, 0xAC, 0x10, 0x08, 0x04, 0x06, 0x09, 0x2E, 0xF1, 0xF0, 0xF9,
    0xD6, 0x49, 0x0C, 0x00, 0x7C, 0xDF, 0x9F, 0x3E, 0x7C, 0xDB, 0xBE, 0x0C, 0x1C, 0x3C, 0x7C, 0x6C,
    0xFE, 0x0C, 0x0C, 0x7E, 0xC1, 0x83, 0xE1, 0xE0, 0xD3, 0xBE, 0x1E, 0x71, 0x83, 0xEE, 0xEC, 0xDB,
    0x9E, 0xFE, 0x1C, 0x70, 0xC1, 0x87, 0x0C, 0x18, 0x7C, 0xDD, 0x9B, 0xE7, 0xFC, 0xFB, 0xBE, 0x7C,
    0xDF, 0x9F, 0x37, 0xE1, 0xCF, 0x3C, 0x7C, 0xDF, 0x9F, 0x3E, 0x7C, 0xDB, 0xBE, 0x3F, 0xF3, 0x33,
    0x33, 0x7C, 0xD8, 0x38, 0xE3, 0xCF, 0x18, 0x3F, 0x7C, 0xD8, 0x31, 0xE0, 0xE0, 0xD3, 0xFE, 0x0C,
    0x1C, 0x3C, 0x7C, 0x6C, 0xFE, 0x0C, 0x0C, 0x7E, 0xC1, 0x83, 0xE1, 0xE0, 0xD3, 0xBE, 0x1E, 0x71,
    0x83, 0xEE, 0xEC, 0xDB, 0x9E, 0xFE, 0x1C, 0x70, 0xC1, 0x87, 0x0C, 0x18, 0x7C, 0xDD, 0x9B, 0xE7,
    0xFC, 0xFB, 0xBE, 0x7C, 0xDF, 0x9F, 0x37, 0xE1, 0xCF, 0x3C, 0x60, 0x3B, 0x99, 0xDD, 0xCC, 0xEE,
    0x67, 0x7B, 0x1B, 0xD8, 0xDE, 0xDF, 0xFF, 0x35, 0xF1, 0xEF, 0x8F, 0x78, 0x79, 0xC1, 0xCE, 0x0E,
    0x70, 0x73, 0x80, 0x03, 0x80, 0x70, 0x7F, 0x81, 0xC1, 0xB8, 0x7F, 0x1D, 0xE7, 0x1C, 0xE3, 0x9C,
    0x73, 0x8E, 0x3B, 0xC7, 0xF8, 0x30, 0x00, 0x07, 0xFE, 0x07, 0xE0, 0xFE, 0x1E, 0x21, 0xC0, 0x7F,
    0xC7, 0xFC, 0x38, 0x07, 0xF8, 0x7F, 0x81, 0x80, 0x1C, 0x01, 0xF2, 0x0F, 0xF0, 0x7F, 0xFF, 0xEF,
    0xFE, 0x06, 0x00, 0x60, 0x07, 0xC0, 0x7C, 0x1F, 0x83, 0xE0, 0x37, 0xC0, 0x7C, 0x1F, 0x83, 0xE0,
    0x36, 0x00, 0x60, 0x06, 0x00, 0x3F, 0x83, 0xFC, 0x33, 0xC0, 0x0C, 0x00, 0xCF, 0xFE, 0x07, 0x81,
    0xE0, 0xFF, 0xE7, 0x00, 0x70, 0x07, 0x00, 0x3C, 0xC3, 0xFE, 0x1F, 0xC0, 0xFF, 0xFF, 0xFC, 0x1C,
    0x01, 0xCF, 0xFD, 0xFF, 0x80, 0xE0, 0x78, 0xFF, 0x1F, 0x83, 0xC0, 0x1C, 0x01, 0xC0, 0x1C, 0x01,
    0xC0, 0x06, 0x00, 0x00, 0xE0, 0x00, 0x0E, 0x00, 0x03, 0xC0, 0x00, 0x7F, 0xFF, 0xF7, 0xFF, 0xFF,
    0x38, 0x00, 0x01, 0xC0, 0x00, 0x0E, 0x00, 0x00, 0x60, 0x00, 0x00, 0x00, 0x00, 0x04, 0x01, 0xC0,
    0x7C, 0x1F, 0xC7, 0xFD, 0xD9, 0x93, 0x10, 0x60, 0x0C, 0x01, 0x80, 0x30, 0x06, 0x00, 0xC0, 0x18,
    0x03, 0x00, 0x60, 0x0C, 0x01, 0x80, 0x30, 0x02, 0x00, 0x00, 0x02, 0x00, 0x00, 0x38, 0x00, 0x00,
    0xE0, 0x00, 0x03, 0x87, 0xFF, 0xFF, 0x7F, 0xFF, 0xF8, 0x00, 0x03, 0x80, 0x00, 0x38, 0x00, 0x03,
    0x80, 0x00, 0x38, 0x00, 0x00, 0x00, 0x04, 0x01, 0x80, 0x30, 0x06, 0x00, 0xC0, 0x18, 0x03, 0x00,
    0x60, 0x0C, 0x01, 0x80, 0x30, 0x06, 0x00, 0xC0, 0x98, 0xBB, 0x33, 0xFE, 0x3F, 0x83, 0xE0, 0x38,
    0x02, 0x00, 0x06, 0x02, 0x00, 0x30, 0x38, 0x03, 0x80, 0xE0, 0x78, 0x03, 0x87, 0xFF, 0xFF, 0x3F,
    0xFF, 0xF8, 0xE0, 0x03, 0x83, 0x80, 0x38, 0x0E, 0x03, 0x80, 0x30, 0x38, 0x00, 0x00, 0x00, 0x00,
    0x01, 0xC0, 0x38, 0x0F, 0x83, 0xF8, 0xFB, 0xBB, 0x30, 0x60, 0x0C, 0x01, 0x80, 0x30, 0x06, 0x00,
    0xC0, 0x98, 0xBB, 0x33, 0xFE, 0x3F, 0x83, 0xE0, 0x38, 0x02, 0x00, 0xFF, 0x01, 0xFE, 0x03, 0xC0,
    0x03, 0xC0, 0x07, 0xC0, 0x0D, 0xC0, 0x19, 0xC0, 0x31, 0xC0, 0x01, 0xC0, 0x01, 0xC0, 0x01, 0xC0,
    0x01, 0xC0, 0x01, 0xC0, 0x01, 0xC0, 0x01, 0x00, 0x01, 0xFE, 0x07, 0xF8, 0x00, 0xF0, 0x03, 0xE0,
    0x0E, 0xC0, 0x39, 0x80, 0xE3, 0x03, 0x86, 0x0E, 0x00, 0x38, 0x00, 0xE0, 0x03, 0x80, 0x0E, 0x00,
    0x18, 0x00, 0x00, 0x00, 0x00, 0x00, 0x01, 0x80, 0x03, 0x80, 0x03, 0x80, 0x03, 0x80, 0x03, 0x80,
    0x03, 0x80, 0x03, 0x86, 0x03, 0x8C, 0x03, 0x98, 0x03, 0xB0, 0x03, 0xE0, 0x03, 0xC0, 0x7F, 0x80,
    0x7F, 0x80, 0x00, 0x00, 0x00, 0x1C, 0x00, 0x70, 0x01, 0xC0, 0x07, 0x00, 0x1C, 0x00, 0x70, 0x31,
    0xC0, 0x67, 0x00, 0xDC, 0x01, 0xF0, 0x03, 0xC0, 0x0F, 0x00, 0x1F, 0xE0, 0x3F, 0xC0, 0x00, 0xFF,
    0xFF, 0xFF, 0xFF, 0xFC, 0x00, 0x00, 0x1F, 0xE0, 0x03, 0xFE, 0x00, 0x3C, 0x00, 0x07, 0xC0, 0x00,
    0xDC, 0x00, 0x19, 0xC0, 0x03, 0x3C, 0x00, 0x63, 0xC0, 0x00, 0x38, 0x00, 0x03, 0x80, 0x00, 0x38,
    0x00, 0x03, 0x80, 0x00, 0x38, 0x00, 0x03, 0x80, 0x00, 0x00, 0x43, 0x00, 0x06, 0x18, 0x00, 0x31,
    0xC0, 0x01, 0xBC, 0x00, 0x0F, 0xFF, 0xFF, 0x7F, 0xFF, 0xFB, 0xF0, 0x00, 0x19, 0xC0, 0x00, 0xC7,
    0x00, 0x06, 0x18, 0x00, 0x00, 0x03, 0x8C, 0x00, 0x0E, 0x60, 0x00, 0x3B, 0x00, 0x00, 0xFB, 0xFF,
    0xFF, 0xCF, 0xFF, 0xFE, 0x00, 0x03, 0xB0, 0x00, 0x39, 0x80, 0x03, 0x8C, 0x00, 0x08, 0x20, 0x00,
    0x02, 0x00, 0x00, 0x38, 0x00, 0x00, 0xE0, 0x00, 0x03, 0x87, 0xFF, 0xFF, 0x7F, 0xFF, 0xF8, 0x00,
    0x03, 0x80, 0x00, 0x38, 0x00, 0x03, 0x80, 0x00, 0x38, 0x01, 0x80, 0x00, 0x1C, 0x00, 0x01, 0xC0,
    0x00, 0x1C, 0x00, 0x01, 0xFF, 0xFF, 0xCF, 0xFF, 0xFE, 0x3C, 0x00, 0x00, 0x70, 0x00, 0x01, 0x80,
    0x00, 0x04, 0x00, 0x00, 0x00, 0x03, 0x00, 0x60, 0x30, 0x0F, 0x03, 0x01, 0xF8, 0x30, 0x3F, 0xC3,
    0x07, 0x6E, 0x30, 0x66, 0x63, 0x00, 0x60, 0x30, 0x06, 0x03, 0x00, 0x60, 0x30, 0x06, 0x03, 0x00,
    0x60, 0x30, 0x06, 0x03, 0x00, 0x62, 0x33, 0x06, 0x3B, 0x70, 0x61, 0xFE, 0x06, 0x0F, 0xC0, 0x60,
    0x78, 0x06, 0x07, 0x80, 0x60, 0x30, 0x02, 0x00, 0x00, 0x30, 0x00, 0x03, 0x80, 0x00, 0x78, 0x00,
    0x07, 0xFF, 0xFF, 0x3F, 0xFF, 0xF8, 0xE0, 0x00, 0x03, 0x80, 0x00, 0x0E, 0x00, 0x00, 0x30, 0x00,
    0x00, 0x01, 0xC0, 0x00, 0x07, 0x00, 0x00, 0x1C, 0x00, 0x00, 0x73, 0xFF, 0xFF, 0xCF, 0xFF, 0xFE,
    0x00, 0x01, 0xC0, 0x00, 0x1C, 0x00, 0x01, 0xC0, 0x00, 0x04, 0x00, 0x02, 0x00, 0x00, 0x38, 0x00,
    0x03, 0x80, 0x00, 0x38, 0x00, 0x03, 0xFF, 0xFF, 0x3F, 0xFF, 0xF8, 0x00, 0x00, 0x00, 0x00, 0x00,
    0x00, 0x00, 0x00, 0x00, 0x00, 0x00, 0x00, 0x00, 0x00, 0x00, 0x0F, 0xFF, 0xFF, 0x3F, 0xFF, 0xF0,
    0x00, 0x07, 0x00, 0x00, 0x70, 0x00, 0x07, 0x00, 0x00, 0x30, 0x00, 0x00, 0x06, 0x00, 0x00, 0x38,
    0x00, 0x00, 0xE0, 0x00, 0x03, 0x87, 0xFF, 0xFE, 0x7F, 0xFF, 0xF8, 0x00, 0x00, 0x00, 0x00, 0x00,
    0x00, 0x00, 0x00, 0x00, 0x00, 0x00, 0x00, 0x00, 0x00, 0x00, 0x07, 0xFF, 0xFF, 0x1F, 0xFF, 0xF8,
    0x70, 0x00, 0x01, 0xC0, 0x00, 0x07, 0x00, 0x00, 0x18, 0x00, 0x00, 0x01, 0x00, 0x00, 0x38, 0x00,
    0x07, 0x00, 0x00, 0xFF, 0xFF, 0x1F, 0xFF, 0xF3, 0x80, 0x00, 0x70, 0x00, 0x0F, 0x00, 0x00, 0x78,
    0x00, 0x01, 0xFF, 0xFF, 0x0F, 0xFF, 0xF0, 0x60, 0x00, 0x03, 0x00, 0x00, 0x38, 0x00, 0x00, 0x00,
    0x00, 0x00, 0x0C, 0x00, 0x00, 0x70, 0x00, 0x01, 0xC0, 0xFF, 0xFF, 0x0F, 0xFF, 0xFC, 0x00, 0x00,
    0xF0, 0x00, 0x03, 0xC0, 0x00, 0x0E, 0x00, 0x00, 0xE3, 0xFF, 0xFE, 0x3F, 0xFF, 0xE0, 0x00, 0x0E,
    0x00, 0x00, 0x60, 0x00, 0x06, 0x00, 0x00, 0x00, 0x00, 0x03, 0x06, 0x00, 0x18, 0x30, 0x01, 0x81,
    0xC0, 0x1F, 0xFF, 0x01, 0xFF, 0xFC, 0x1C, 0x00, 0x71, 0xC0, 0x01, 0xDC, 0x00, 0x0E, 0x78, 0x00,
    0xE0, 0xFF, 0xFE, 0x03, 0xFF, 0xE0, 0x1C, 0x06, 0x00, 0x70, 0x70, 0x01, 0x83, 0x00, 0x00, 0x00,
    0x00, 0x00, 0x00, 0x00, 0x18, 0x00, 0x03, 0x80, 0x00, 0x68, 0x00, 0x0C, 0xFF, 0xF1, 0x80, 0x01,
    0x30, 0x00, 0x16, 0x00, 0x01, 0x60, 0x00, 0x13, 0x00, 0x01, 0x18, 0x00, 0x10, 0xCF, 0xFF, 0x06,
    0x80, 0x00, 0x38, 0x00, 0x01, 0x80, 0x00, 0x00, 0x00, 0x01, 0x00, 0x07, 0x00, 0x1B, 0x00, 0x63,
    0x01, 0x86, 0x03, 0x06, 0x0C, 0x06, 0x30, 0x06, 0xF8, 0x3E, 0x10, 0x40, 0x20, 0x80, 0x41, 0x00,
    0x82, 0x01, 0x04, 0x02, 0x08, 0x04, 0x10, 0x08, 0x20, 0x10, 0x40, 0x20, 0x80, 0x7F, 0x00, 0x00,
    0x00, 0x00, 0x01, 0x00, 0x00, 0x18, 0x00, 0x01, 0xE0, 0xFF, 0xF3, 0x08, 0x00, 0x18, 0x80, 0x00,
    0xC8, 0x00, 0x06, 0x80, 0x00, 0x68, 0x00, 0x0C, 0x80, 0x01, 0x8F, 0xFF, 0x30, 0x00, 0x16, 0x00,
    0x01, 0xC0, 0x00, 0x10, 0x00, 0x00, 0x00, 0x0F, 0xE0, 0x10, 0x40, 0x20, 0x80, 0x41, 0x00, 0x82,
    0x01, 0x04, 0x02, 0x08, 0x04, 0x10, 0x08, 0x20, 0x10, 0x40, 0x20, 0x87, 0xC1, 0xF6, 0x00, 0xC6,
    0x03, 0x06, 0x0C, 0x0C, 0x30, 0x0C, 0x60, 0x0D, 0x80, 0x0E, 0x00, 0x08, 0x00, 0x06, 0x00, 0x00,
    0x60, 0x30, 0x06, 0x07, 0x80, 0x60, 0xFC, 0x06, 0x1F, 0xE0, 0x63, 0xB7, 0x06, 0x33, 0x30, 0x60,
    0x30, 0x06, 0x03, 0x00, 0x60, 0x30, 0x06, 0x03, 0x00, 0x60, 0x30, 0x06, 0x03, 0x04, 0x64, 0x30,
    0x66, 0xE3, 0x07, 0x7C, 0x30, 0x3F, 0x83, 0x01, 0xF0, 0x30, 0x0E, 0x03, 0x00, 0x60, 0x30, 0xC0,
    0x01, 0xF0, 0x01, 0x98, 0x00, 0xCE, 0x00, 0xC3, 0x00, 0x61, 0xFF, 0xE0, 0x7F, 0xF0, 0x38, 0x30,
    0x0C, 0x18, 0x07, 0x18, 0x01, 0x9C, 0x00, 0xEC, 0x00, 0x3E, 0x00, 0x0E, 0x00, 0x07, 0x00, 0x01,
    0x00, 0x00, 0x00, 0x00, 0x3F, 0x03, 0xFC, 0x33, 0xC0, 0x0E, 0x00, 0xE1, 0xFE, 0x3F, 0xE7, 0x9F,
    0x70, 0x76, 0x06, 0x60, 0x66, 0x0E, 0x60, 0xE7, 0xBC, 0x3F, 0x81, 0xF0, 0xFF, 0xFF, 0xFF, 0xC0,
    0x06, 0x00, 0x30, 0x01, 0x80, 0x0C, 0x00, 0x7F, 0xFF, 0xFF, 0xF8, 0x00, 0xC0, 0x06, 0x00, 0x30,
    0x01, 0x80, 0x0F, 0xFF, 0xFF, 0xFF, 0x07, 0xF0, 0x07, 0xFF, 0x0F, 0x07, 0x86, 0x03, 0xC7, 0x03,
    0xF3, 0x03, 0x9B, 0x83, 0x8D, 0xC3, 0x86, 0xE3, 0x83, 0x33, 0x81, 0x99, 0xC0, 0xCF, 0xC0, 0xE3,
    0xC0, 0xE1, 0xE0, 0xE1, 0xFF, 0xE0, 0x0F, 0xE0, 0x07, 0x00, 0x1E, 0x00, 0xF8, 0x03, 0xF0, 0x0D,
    0xC0, 0x73, 0x81, 0x8E, 0x0E, 0x18, 0x38, 0x70, 0xC1, 0xC7, 0x03, 0x1C, 0x0E, 0x60, 0x3B, 0xFF,
    0xEF, 0xFF, 0xC0, 0xFF, 0xFF, 0xFF, 0xFF, 0x80, 0x33, 0x80, 0xE7, 0x01, 0xC6, 0x07, 0x0E, 0x0E,
    0x0C, 0x38, 0x1C, 0x70, 0x38, 0xC0, 0x3B, 0x80, 0x76, 0x00, 0x7C, 0x00, 0xF8, 0x00, 0xE0, 0x00,
    0x03, 0xFF, 0x07, 0xFF, 0xCF, 0x80, 0x0E, 0x00, 0x06, 0x00, 0x07, 0x00, 0x03, 0xFF, 0xFD, 0xFF,
    0xFF, 0xE0, 0x00, 0x30, 0x00, 0x1C, 0x00, 0x07, 0x00, 0x01, 0xFF, 0xF0, 0x7F, 0xFC, 0x00, 0x80,
    0x00, 0xE0, 0x00, 0xFF, 0xC1, 0xFF, 0xF3, 0xFC, 0x03, 0x8E, 0x01, 0x87, 0x01, 0xC3, 0x80, 0xFF,
    0xFF, 0x7F, 0xFF, 0xF8, 0x70, 0x0C, 0x38, 0x07, 0x1C, 0x01, 0xCE, 0x00, 0x7F, 0xFC, 0x1F, 0xFF,
    0x01, 0xC0, 0x00, 0xE0, 0x00, 0x0F, 0xE7, 0xFD, 0xE0, 0x38, 0x0E, 0x01, 0xFF, 0x3F, 0xE6, 0x00,
    0xE0, 0x1C, 0x01, 0xE6, 0x1F, 0xC0, 0xF0, 0xFF, 0xE0, 0x7F, 0xFC, 0x00, 0x0F, 0x80, 0x00, 0xC0,
    0x00, 0x70, 0x00, 0x1B, 0xFF, 0xFF, 0xFF, 0xFF, 0x00, 0x03, 0x00, 0x01, 0x80, 0x01, 0xC0, 0x01,
    0xCF, 0xFF, 0xC7, 0xFF, 0xC0, 0xFF, 0xFF, 0xFF, 0xE0, 0x7E, 0x07, 0xE0, 0x7E, 0x07, 0xE0, 0x7E,
    0x07, 0xE0, 0x7E, 0x07, 0xE0, 0x7E, 0x07, 0xE0, 0x7E, 0x07, 0xE0, 0x7E, 0x07, 0xE0, 0x70, 0xFF,
    0xFF, 0xFD, 0xC0, 0x38, 0x03, 0x80, 0x38, 0x07, 0x00, 0x70, 0x07, 0x01, 0xC0, 0x70, 0x1E, 0x03,
    0x80, 0xE0, 0x38, 0x07, 0xFF, 0xFF, 0xE0, 0xFF, 0xFF, 0xF0, 0xFF, 0xFF, 0x3F, 0xFF, 0x80, 0x00,
    0x00, 0x30, 0x00, 0x18, 0x00, 0x0C, 0x00, 0x06, 0x00, 0x03, 0x00, 0x01, 0x80, 0x3F, 0xFF, 0xBF,
    0xFF, 0xC0, 0x30, 0x00, 0x18, 0x00, 0x0C, 0x00, 0x06, 0x00, 0x03, 0x00, 0x01, 0x80, 0x00, 0x00,
    0xE0, 0x38, 0x07, 0x01, 0xC0, 0x30, 0x0E, 0x01, 0x80, 0x70, 0x0C, 0x03, 0x80, 0x60, 0x1C, 0x07,
    0x00, 0xE0, 0x38, 0x00, 0xFF, 0x80, 0x00, 0x30, 0x01, 0x80, 0x1C, 0x00, 0xC0, 0x06, 0x00, 0x70,
    0x03, 0x80, 0x18, 0x70, 0xC7, 0xCE, 0x3E, 0x60, 0x3B, 0x01, 0xF8, 0x07, 0x80, 0x3C, 0x00, 0xE0,
    0x06, 0x00, 0x3F, 0x07, 0xDF, 0xE3, 0xF6, 0x1F, 0xC3, 0x83, 0xC0, 0xE0, 0x70, 0x18, 0x3E, 0x07,
    0x3D, 0xE0, 0xFE, 0x3F, 0x1E, 0x03, 0xC0, 0x7D, 0xE7, 0xFF, 0xE7, 0x3E, 0x73, 0x7F, 0xF7, 0xDE,
    0xC0, 0x00, 0xC0, 0x00, 0xC0, 0x00, 0xC0, 0x00, 0xC0, 0x00, 0xC0, 0x00, 0xC0, 0x00, 0xC0, 0x00,
    0xC0, 0x00, 0xC0, 0x00, 0xC0, 0x00, 0xC0, 0x00, 0xC0, 0x00, 0xC0, 0x00, 0xFF, 0xFE, 0xFF, 0xFF,
    0x00, 0x06, 0x00, 0x07, 0x00, 0x07, 0x00, 0x07, 0x00, 0x07, 0x00, 0x07, 0x00, 0x07, 0x00, 0x07,
    0x00, 0x07, 0x00, 0x07, 0x00, 0x07, 0x00, 0x07, 0x00, 0x07, 0x00, 0x07, 0xFF, 0xFF, 0xFF, 0xFE,
    0x1B, 0x6D, 0xB6, 0xDB, 0x6D, 0xB6, 0x03, 0x00, 0x18, 0x01, 0xC6, 0x0C, 0x70, 0xE3, 0x06, 0x38,
    0x71, 0x83, 0x1C, 0x38, 0xC1, 0x8E, 0x1C, 0x60, 0xC7, 0x0E, 0x30, 0x63, 0x80, 0x18, 0x01, 0xC0,
    0x00, 0x00, 0x03, 0x00, 0x18, 0x01, 0xC6, 0x6C, 0x73, 0xE3, 0x0E, 0x38, 0x71, 0x83, 0xDC, 0x3F,
    0xC1, 0x9E, 0x1C, 0x70, 0xC7, 0xCE, 0x36, 0x63, 0x80, 0x18, 0x01, 0xC0, 0x00, 0x00, 0x00, 0x00,
    0x00, 0x40, 0x00, 0x70, 0x00, 0x38, 0x00, 0x3E, 0x00, 0x1B, 0x00, 0x19, 0xC0, 0x0C, 0x60, 0x0C,
    0x38, 0x0E, 0x0C, 0x06, 0x07, 0x07, 0x01, 0x83, 0x00, 0xE3, 0x80, 0x31, 0x80, 0x0D, 0xC0, 0x06,
    0xC0, 0x01, 0x80, 0xC0, 0x01, 0xF0, 0x01, 0x98, 0x00, 0xCE, 0x00, 0xC3, 0x00, 0xE1, 0xC0, 0x60,
    0x60, 0x70, 0x38, 0x30, 0x0C, 0x38, 0x07, 0x18, 0x01, 0x9C, 0x00, 0x6C, 0x00, 0x3E, 0x00, 0x0E,
    0x00, 0x07, 0x00, 0x01, 0x00, 0x00, 0x00, 0x00, 0x0F, 0xE0, 0x3F, 0xE0, 0xE0, 0xE3, 0x80, 0xE6,
    0x00, 0xCC, 0x01, 0xB8, 0x03, 0x70, 0x06, 0xE0, 0x0D, 0xC0, 0x1B, 0x80, 0x37, 0x00, 0x6E, 0x00,
    0xDC, 0x01, 0xB8, 0x03, 0x60, 0x06, 0xC0, 0x0D, 0xC0, 0x1B, 0x80, 0x37, 0x00, 0x6E, 0x00, 0xDC,
    0x01, 0xB8, 0x03, 0x70, 0x06, 0xE0, 0x0D, 0xC0, 0x1B, 0x80, 0x33, 0x00, 0x67, 0x01, 0xC7, 0x07,
    0x07, 0xFC, 0x07, 0xF0, 0x0F, 0x1F, 0x1E, 0x18, 0x18, 0x18, 0x18, 0x18, 0x18, 0x18, 0x18, 0x18,
    0x18, 0x18, 0x18, 0x38, 0x38, 0x78, 0xF8, 0xF0, 0x07, 0x87, 0x87, 0x87, 0x83, 0x03, 0x03, 0x83,
    0x81, 0xC1, 0xC0, 0xE0, 0xE0, 0x70, 0x70, 0x38, 0x38, 0x1C, 0x1C, 0x0E, 0x0E, 0x07, 0x07, 0x03,
    0x83, 0x81, 0xC1, 0xC0, 0xE0, 0xE0, 0x70, 0x70, 0x38, 0x38, 0x18, 0x1C, 0x0C, 0x0C, 0x3E, 0x3E,
    0x1E, 0x1E, 0x00, 0x07, 0x9E, 0x70, 0xFB, 0xCF, 0x0C, 0x31, 0xC0, 0xC7, 0x1C, 0x0C, 0x71, 0x81,
    0xC7, 0x18, 0x1C, 0x71, 0x81, 0xC7, 0x18, 0x1C, 0x71, 0x81, 0xC7, 0x18, 0x1C, 0x71, 0x81, 0xC7,
    0x18, 0x1C, 0x71, 0x81, 0xC7, 0x18, 0x1C, 0x71, 0x81, 0xC7, 0x18, 0x1C, 0x61, 0x81, 0xC6, 0x38,
    0x7B, 0xEF, 0x07, 0x3C, 0xF0, 0x07, 0x87, 0x83, 0x03, 0x81, 0xC0, 0xE0, 0x70, 0xFC, 0x7F, 0x2E,
    0x97, 0x4F, 0xE7, 0xE0, 0xE0, 0x70, 0x38, 0x18, 0x0C, 0x3E, 0x1E, 0x00, 0x00, 0x00, 0x07, 0x00,
    0x0E, 0x00, 0x1C, 0x00, 0x00, 0x00, 0x00, 0x00, 0x00, 0x00, 0x00, 0x00, 0x00, 0x00, 0x00, 0x00,
    0x07, 0x00, 0xEF, 0x01, 0xFC, 0x03, 0x80, 0x00, 0x01, 0xC0, 0x3B, 0xC0, 0x7F, 0x00, 0xE0, 0x00,
    0x00, 0x00, 0x00, 0x00, 0x00, 0x00, 0x00, 0x00, 0x00, 0x00, 0x00, 0x00, 0x1C, 0x00, 0x38, 0x00,
    0x70, 0x00, 0x07, 0x77, 0x00, 0x00, 0x00, 0x07, 0x77, 0x00, 0x01, 0xC0, 0x3B, 0xC0, 0x7F, 0x00,
    0xE0, 0x00, 0x00, 0x00, 0x00, 0x00, 0x00, 0x00, 0x00, 0x00, 0x00, 0x00, 0x00, 0x07, 0x00, 0xEF,
    0x01, 0xFC, 0x03, 0x80, 0x3E, 0x07, 0xC3, 0xF0, 0xFF, 0x18, 0x0F, 0x0D, 0xC0, 0x60, 0x6E, 0x07,
    0x03, 0x30, 0x70, 0x19, 0xCF, 0x01, 0xC7, 0xF0, 0x7C, 0x1E, 0x03, 0x80, 0x0E, 0x00, 0x1F, 0xC1,
    0x9E, 0xFB, 0xDC, 0x1F, 0xC4, 0x03, 0x80, 0x00, 0x00, 0x00, 0x00, 0xFF, 0xFE, 0xFF, 0xFF, 0x00,
    0x1F, 0x03, 0x3F, 0xE3, 0x9C, 0x7F, 0x8C, 0x0F, 0x80, 0x00, 0x00, 0x00, 0x03, 0xFF, 0xFC, 0xFF,
    0xFE, 0x00, 0x00, 0x7F, 0xFF, 0x9F, 0xFF, 0xC0, 0x3C, 0x6F, 0xFD, 0xBF, 0xB1, 0xE3, 0xC6, 0xFF,
    0xDB, 0xFB, 0x1E, 0x1E, 0x03, 0x81, 0xF0, 0x7F, 0x1C, 0x07, 0x9C, 0xC0, 0x70, 0x6E, 0x07, 0x03,
    0x30, 0x70, 0x19, 0xCF, 0x01, 0xC7, 0xF0, 0x7C, 0x1E, 0x03, 0x80, 0x00, 0x00, 0x00, 0x00, 0x00,
    0x7F, 0xFF, 0x81, 0xFF, 0xFC, 0x00, 0x00, 0x00, 0xFF, 0xFF, 0x03, 0xFF, 0xF8, 0x03, 0x00, 0xC0,
    0x73, 0xFF, 0xFF, 0xC3, 0x80, 0xC0, 0x70, 0xFF, 0xFF, 0xF3, 0x01, 0xC0, 0x60, 0x00, 0xFF, 0xFF,
    0x7F, 0xFF, 0x00, 0x00, 0x00, 0x00, 0x7F, 0xFF, 0xFF, 0xFF, 0x00, 0x00, 0x00, 0x00, 0x00, 0x00,
    0xFF, 0xFF, 0x7F, 0xFF, 0x00, 0x00, 0x00, 0x30, 0x00, 0x70, 0x7F, 0xFF, 0xFF, 0xFF, 0x00, 0xE0,
    0x00, 0xC0, 0x7F, 0xFF, 0xFF, 0xFF, 0x01, 0x80, 0x03, 0x80, 0x7F, 0xFF, 0xFF, 0xFF, 0x07, 0x00,
    0x06, 0x00, 0x06, 0x00, 0x01, 0xC3, 0xF7, 0xFB, 0xF0, 0xF0, 0x3F, 0x07, 0xF8, 0x3F, 0x01, 0xC0,
    0x0F, 0xFF, 0xFF, 0xE0, 0x3F, 0x07, 0xF8, 0x3F, 0x03, 0xC3, 0xF7, 0xFB, 0xF0, 0xE0, 0x00, 0x0F,
    0xFF, 0xFF, 0x00, 0x03, 0x00, 0x07, 0xC0, 0x1F, 0x80, 0x7E, 0x00, 0xFC, 0x03, 0xF0, 0x03, 0xE0,
    0x00, 0x7E, 0x00, 0x07, 0xE0, 0x00, 0xFC, 0x00, 0x0F, 0xC0, 0x01, 0xF0, 0x00, 0x10, 0x00, 0x03,
    0xFF, 0xFE, 0xFF, 0xFE, 0x00, 0x00, 0x3F, 0xFF, 0xBF, 0xFF, 0xE0, 0xE0, 0x00, 0x7C, 0x00, 0x0F,
    0xC0, 0x01, 0xF8, 0x00, 0x1F, 0x80, 0x01, 0xF8, 0x00, 0x7E, 0x00, 0xFC, 0x03, 0xF0, 0x07, 0xE0,
    0x1F, 0x80, 0x1E, 0x00, 0x04, 0x00, 0x00, 0x00, 0x03, 0xFF, 0xFE, 0xFF, 0xFE, 0x00, 0x00, 0x3F,
    0xFF, 0xBF, 0xFF, 0xE0, 0x00, 0x30, 0x60, 0x0E, 0x3C, 0x07, 0x8E, 0x01, 0xC7, 0x80, 0x71, 0xC0,
    0x3C, 0xF0, 0x0E, 0x38, 0x07, 0x8E, 0x00, 0xF3, 0xC0, 0x0F, 0x1C, 0x00, 0x71, 0xE0, 0x07, 0x8E,
    0x00, 0x38, 0xF0, 0x03, 0xC7, 0x00, 0x1C, 0x70, 0x01, 0xC7, 0x00, 0x00, 0x00, 0xC3, 0x80, 0x1E,
    0x78, 0x00, 0xE3, 0x80, 0x0F, 0x3C, 0x00, 0xF1, 0xC0, 0x07, 0x1E, 0x00, 0x78, 0xE0, 0x03, 0x8F,
    0x00, 0x71, 0xE0, 0x1C, 0x70, 0x0F, 0x3C, 0x03, 0x8E, 0x01, 0xE3, 0x80, 0x71, 0xE0, 0x3C, 0x70,
    0x06, 0x1C, 0x00, 0x00, 0x00, 0x00, 0x01, 0x80, 0x00, 0xC0, 0x80, 0x61, 0xE0, 0x33, 0xC0, 0x1F,
    0x80, 0x0F, 0x00, 0x1E, 0x00, 0x3F, 0x00, 0x79, 0x80, 0x78, 0xC0, 0x0F, 0x60, 0x01, 0xF0, 0x00,
    0x3C, 0x00, 0x0F, 0x80, 0x06, 0xF0, 0x03, 0x1E, 0x01, 0x83, 0x00, 0xC0, 0x00, 0x00, 0xC0, 0x20,
    0x60, 0x3C, 0x30, 0x0F, 0x98, 0x01, 0xFC, 0x00, 0x3E, 0x00, 0x07, 0xC0, 0x01, 0xF8, 0x00, 0xCF,
    0x00, 0x67, 0xC0, 0x3F, 0x80, 0x1F, 0x00, 0x3E, 0x00, 0x7E, 0x00, 0xFF, 0x01, 0xF1, 0x80, 0xE0,
    0xC0, 0x00, 0x60, 0x00, 0x00, 0x03, 0x80, 0x07, 0xC0, 0x1F, 0x80, 0x3E, 0x00, 0xFC, 0x01, 0xF8,
    0x03, 0xE0, 0x00, 0x7E, 0x00, 0x0F, 0xC0, 0x00, 0xFC, 0x00, 0x1F, 0x80, 0x01, 0xF0, 0x00, 0x38,
    0x00, 0x00, 0xFC, 0x06, 0xFF, 0x87, 0xE1, 0xFF, 0x60, 0x3F, 0x00, 0xE0, 0x00, 0x7C, 0x00, 0x0F,
    0xC0, 0x01, 0xF8, 0x00, 0x1F, 0x80, 0x03, 0xF0, 0x00, 0x3E, 0x00, 0xFC, 0x01, 0xF8, 0x07, 0xE0,
    0x0F, 0xC0, 0x1F, 0x00, 0x0E, 0x00, 0x00, 0x00, 0x00, 0xFC, 0x06, 0xFF, 0x87, 0xE1, 0xFF, 0x60,
    0x3F, 0x00, 0x00, 0x01, 0x00, 0x07, 0xC0, 0x1F, 0xC0, 0x3F, 0x00, 0xFC, 0x03, 0xF0, 0x03, 0xF0,
    0x00, 0x7F, 0x00, 0x47, 0xF0, 0x78, 0x7E, 0x1F, 0x87, 0xE1, 0xF8, 0x60, 0x3F, 0x80, 0x03, 0xF8,
    0x00, 0x7E, 0x01, 0xFC, 0x07, 0xF0, 0x0F, 0xC0, 0x3F, 0x00, 0x1C, 0x00, 0x00, 0x20, 0x00, 0x1E,
    0x00, 0x03, 0xF0, 0x00, 0x1F, 0x80, 0x00, 0xFC, 0x00, 0x0F, 0xE0, 0x00, 0xFC, 0x01, 0xF8, 0x03,
    0xF0, 0x87, 0xF1, 0xF7, 0xE1, 0xF9, 0xC3, 0xF0, 0x07, 0xE0, 0x0F, 0xC0, 0x07, 0xE0, 0x00, 0x7E,
    0x00, 0x03, 0xF0, 0x00, 0x1F, 0x80, 0x00, 0xF8, 0x00, 0x0E, 0x03, 0xFF, 0x07, 0xFF, 0xCF, 0x80,
    0x0E, 0x00, 0x06, 0x00, 0x07, 0x00, 0x03, 0x80, 0x01, 0x80, 0x00, 0xE0, 0x00, 0x30, 0x00, 0x1C,
    0x00, 0x07, 0x00, 0x01, 0xFF, 0xF0, 0x7F, 0xFC, 0xFF, 0xE0, 0x7F, 0xFC, 0x00, 0x0F, 0x80, 0x00,
    0xC0, 0x00, 0x70, 0x00, 0x18, 0x00, 0x0E, 0x00, 0x07, 0x00, 0x03, 0x00, 0x01, 0x80, 0x01, 0xC0,
    0x01, 0xCF, 0xFF, 0xC7, 0xFF, 0xC0, 0x00, 0x00, 0x00, 0x03, 0x00, 0xFF, 0xC1, 0xFF, 0xF3, 0xE1,
    0xC3, 0x80, 0xC1, 0x80, 0xE1, 0xC0, 0x60, 0xE0, 0x70, 0x60, 0x30, 0x38, 0x30, 0x0C, 0x18, 0x07,
    0x18, 0x01, 0xDC, 0x00, 0x7F, 0xFC, 0x1F, 0xFF, 0x06, 0x00, 0x03, 0x00, 0x00, 0x00, 0x00, 0x00,
    0x18, 0x3F, 0xFC, 0x1F, 0xFF, 0x00, 0x0F, 0xE0, 0x06, 0x30, 0x07, 0x0C, 0x03, 0x06, 0x03, 0x83,
    0x01, 0x81, 0xC1, 0x80, 0xC0, 0xC0, 0x60, 0xC0, 0x70, 0xE0, 0x73, 0xFF, 0xF1, 0xFF, 0xF0, 0x30,
    0x00, 0x18, 0x00, 0x00, 0x1F, 0xFF, 0x9F, 0xFF, 0x9C, 0x00, 0x0C, 0x00, 0x0E, 0x00, 0x06, 0x00,
    0x03, 0x80, 0x00, 0xC0, 0x00, 0x70, 0x00, 0x1F, 0xFF, 0x87, 0xFF, 0xE0, 0x00, 0x00, 0x00, 0x00,
    0x00, 0x00, 0x00, 0x01, 0xFF, 0xFF, 0xFF, 0xFF, 0x00, 0xFF, 0xFC, 0x7F, 0xFF, 0x00, 0x01, 0xC0,
    0x00, 0x60, 0x00, 0x30, 0x00, 0x1C, 0x00, 0x0C, 0x00, 0x06, 0x00, 0x07, 0x7F, 0xFF, 0x3F, 0xFF,
    0x00, 0x00, 0x00, 0x00, 0x00, 0x00, 0x00, 0x00, 0x01, 0xFF, 0xFF, 0xFF, 0xFF, 0x00, 0x1F, 0xFF,
    0x9F, 0xFF, 0x9C, 0x00, 0x0C, 0x00, 0x0E, 0x00, 0x06, 0x00, 0x03, 0x80, 0x00, 0xC0, 0x00, 0x70,
    0x00, 0x1F, 0xFF, 0x87, 0xFF, 0xE0, 0x00, 0x00, 0x04, 0x00, 0x06, 0x03, 0xFF, 0xFF, 0xFF, 0xFE,
    0x03, 0x80, 0x00, 0x80, 0x00, 0xFF, 0xFC, 0x7F, 0xFF, 0x00, 0x01, 0xC0, 0x00, 0x60, 0x00, 0x30,
    0x00, 0x1C, 0x00, 0x0C, 0x00, 0x06, 0x00, 0x07, 0x7F, 0xFF, 0x3F, 0xFF, 0x00, 0x00, 0x00, 0x04,
    0x00, 0x06, 0x03, 0xFF, 0xFF, 0xFF, 0xFE, 0x03, 0x80, 0x00, 0x80, 0x00, 0x07, 0xF0, 0x0F, 0xFC,
    0x0F, 0x07, 0x07, 0x31, 0xC7, 0x18, 0x73, 0x0C, 0x19, 0x86, 0x0D, 0xFF, 0xF6, 0xFF, 0xFF, 0x70,
    0xC1, 0x98, 0x60, 0xCE, 0x30, 0xE3, 0x18, 0x61, 0xE0, 0xE0, 0x7F, 0xE0, 0x0F, 0xE0, 0x07, 0xF0,
    0x0F, 0xFC, 0x0F, 0x07, 0x07, 0x01, 0xC7, 0x00, 0x73, 0x00, 0x19, 0x80, 0x0D, 0xFF, 0xF6, 0xFF,
    0xFF, 0x70, 0x01, 0x98, 0x00, 0xCE, 0x00, 0xE3, 0x00, 0x61, 0xE0, 0xE0, 0x7F, 0xE0, 0x0F, 0xE0,
    0x07, 0xF0, 0x07, 0xFC, 0x0F, 0x07, 0x06, 0x01, 0xC7, 0x63, 0x73, 0x3B, 0x9B, 0x9F, 0x8D, 0xC7,
    0x86, 0xE3, 0xC3, 0x73, 0xF1, 0x99, 0xDC, 0xCF, 0xC6, 0xE3, 0x00, 0xE1, 0xE0, 0xE0, 0x3F, 0xE0,
    0x0F, 0xE0, 0x07, 0xF0, 0x07, 0xFC, 0x0F, 0x07, 0x06, 0x01, 0xC7, 0x03, 0x73, 0x03, 0x9B, 0x83,
    0x8D, 0xC3, 0x86, 0xE3, 0x83, 0x73, 0x81, 0x99, 0xC0, 0xCF, 0xC0, 0xE3, 0x00, 0xE1, 0xE0, 0xE0,
    0x3F, 0xE0, 0x0F, 0xE0, 0x07, 0xF0, 0x0F, 0xFC, 0x0F, 0x07, 0x07, 0x01, 0xC7, 0x00, 0x73, 0x00,
    0x19, 0x80, 0x0D, 0xC3, 0x86, 0xE1, 0xC3, 0x70, 0x41, 0x98, 0x00, 0xCE, 0x00, 0xE3, 0x00, 0xE1,
    0xE0, 0xE0, 0x7F, 0xE0, 0x0F, 0xE0, 0xFF, 0xFF, 0xFF, 0xFF, 0xF0, 0x00, 0x78, 0x00, 0x3C, 0x81,
    0x9E, 0xE1, 0xCF, 0x39, 0xC7, 0x8F, 0xC3, 0xC3, 0xC1, 0xE1, 0xE0, 0xF1, 0xF8, 0x79, 0xCE, 0x3D,
    0xC3, 0x9E, 0x40, 0xCF, 0x00, 0x07, 0x80, 0x03, 0xFF, 0xFF, 0xFF, 0xFF, 0xC0, 0x01, 0x80, 0x00,
    0xC0, 0x00, 0x60, 0x00, 0x30, 0x00, 0x18, 0x00, 0x0C, 0x00, 0x06, 0x00, 0x03, 0x00, 0x01, 0x80,
    0x00, 0xC0, 0x00, 0x60, 0x00, 0x30, 0x00, 0x18, 0x00, 0x0C, 0x03, 0xFF, 0xFF, 0xFF, 0xFF, 0x00,
    0x00, 0x00, 0x00, 0x40, 0x00, 0x60, 0x00, 0x70, 0x00, 0x78, 0x00, 0x7C, 0x00, 0x76, 0x00, 0x73,
    0x00, 0x71, 0x80, 0x70, 0xC0, 0x70, 0x60, 0x70, 0x30, 0x70, 0x18, 0x70, 0x0C, 0x70, 0x06, 0x7F,
    0xFF, 0x7F, 0xFF, 0x80, 0x00, 0x01, 0x80, 0x07, 0xF0, 0x1F, 0xE0, 0x3F, 0xC0, 0x7F, 0x00, 0x0F,
    0xF0, 0x00, 0x3F, 0xC0, 0x01, 0xFE, 0x00, 0x07, 0xCF, 0xFF, 0xE7, 0xFF, 0xFD, 0x80, 0x00, 0x7E,
    0x00, 0x07, 0xF8, 0x00, 0x3F, 0xE0, 0x00, 0xFE, 0x00, 0xFF, 0x03, 0xFC, 0x07, 0xF0, 0x01, 0xC0,
    0x00, 0xE0, 0x00, 0x7F, 0x00, 0x07, 0xF0, 0x00, 0x7F, 0x80, 0x03, 0xF8, 0x07, 0xF8, 0x3F, 0xC0,
    0xFE, 0x00, 0xF8, 0x00, 0x7F, 0xFF, 0xBF, 0xFF, 0xE0, 0x00, 0x30, 0x01, 0xF8, 0x0F, 0xF0, 0x7F,
    0x80, 0xFE, 0x00, 0x3F, 0xC0, 0x01, 0xFE, 0x00, 0x0F, 0xE0, 0x00, 0x70, 0xE1, 0xC3, 0xF0, 0xE1,
    0xF8, 0x70, 0xE0, 0x00, 0x3C, 0x66, 0x42, 0x42, 0x66, 0x3C, 0x00, 0x7F, 0xFF, 0xF7, 0xFF, 0xFF,
    0x00, 0xC0, 0x00, 0x18, 0x00, 0x03, 0x00, 0x00, 0x60, 0x00, 0x0C, 0x00, 0x01, 0x80, 0x00, 0x30,
    0x00, 0x07, 0xFE, 0x00, 0xFF, 0xC0, 0x18, 0x00, 0x03, 0x00, 0x00, 0x60, 0x00, 0x0C, 0x00, 0x01,
    0x80, 0x00, 0x30, 0x00, 0x06, 0x00, 0x00, 0xC0, 0x1F, 0xFF, 0xFF, 0xFF, 0xFF, 0x80, 0xFF, 0xFF,
    0xFF, 0xFF, 0xFC, 0x03, 0x00, 0x00, 0x60, 0x00, 0x0C, 0x00, 0x01, 0xE0, 0x00, 0x3F, 0x00, 0x06,
    0xF0, 0x00, 0xCF, 0x80, 0x18, 0x78, 0x03, 0x06, 0x00, 0x60, 0x00, 0x0C, 0x00, 0x01, 0x80, 0x00,
    0x30, 0x00, 0x06, 0x00, 0x00, 0xC0, 0x00, 0x18, 0x00, 0x7F, 0xFF, 0xF7, 0xFF, 0xFF, 0x00, 0x38,
    0x00, 0x07, 0x00, 0x00, 0xF0, 0x00, 0x1F, 0xC0, 0x03, 0xFE, 0x00, 0x7F, 0x78, 0x0E, 0x73, 0xC3,
    0xC7, 0x0E, 0x78, 0x70, 0x77, 0x07, 0x03, 0x00, 0x70, 0x00, 0x07, 0x00, 0x00, 0x70, 0x00, 0x07,
    0x00, 0x00, 0x70, 0x00, 0x07, 0x00, 0xFF, 0xFF, 0xFF, 0xFF, 0xFC, 0x0C, 0x60, 0x01, 0x8C, 0x07,
    0xFF, 0xFC, 0xFF, 0xFF, 0x99, 0xC6, 0x33, 0x38, 0xC6, 0x67, 0x3C, 0xCC, 0xF7, 0xD9, 0xBF, 0xDB,
    0x36, 0x7B, 0xE7, 0xC6, 0x3C, 0xF1, 0xC1, 0x9C, 0x10, 0x33, 0x00, 0x06, 0x60, 0x0F, 0xCC, 0x00,
    0xF0, 0x00, 0x30, 0x00, 0x03, 0x80, 0x00, 0x3E, 0x00, 0x03, 0xB8, 0x00, 0x38, 0xE0, 0x03, 0x83,
    0x80, 0x79, 0xCF, 0x0F, 0x8E, 0x3C, 0x78, 0x70, 0x73, 0x03, 0x81, 0x80, 0x1C, 0x00, 0x00, 0xE0,
    0x00, 0x07, 0x00, 0x00, 0x38, 0x00, 0x01, 0xC0, 0x00, 0x0E, 0x00, 0x00, 0x70, 0x00, 0x03, 0x80,
    0x00, 0x1C, 0x00, 0x00, 0x40, 0x00, 0x00, 0xC0, 0x00, 0x38, 0x00, 0x0E, 0x00, 0x03, 0x80, 0x7F,
    0xFF, 0xDF, 0xFF, 0xF6, 0x0E, 0x0D, 0x83, 0x83, 0x60, 0xE0, 0xD8, 0x38, 0x36, 0x0E, 0x0D, 0xFF,
    0xFF, 0x7F, 0xFF, 0xD8, 0x38, 0x30, 0x0E, 0x00, 0x03, 0x80, 0x00, 0xE0, 0x00, 0x38, 0x00, 0x0E,
    0x00, 0x03, 0x00, 0x01, 0xC0, 0x00, 0xE0, 0x1F, 0xFF, 0xCF, 0xFF, 0xE6, 0x1C, 0x33, 0x0E, 0x19,
    0x87, 0x0C, 0xFF, 0xFE, 0x7F, 0xFF, 0x00, 0xE0, 0x3F, 0xFF, 0xFF, 0xFF, 0xFC, 0x1C, 0x1E, 0x0E,
    0x0F, 0xFF, 0xFF, 0xFF, 0xFF, 0xC1, 0xC1, 0x80, 0xE0, 0x00, 0x70, 0x00, 0x30, 0x00, 0x01, 0x80,
    0x0E, 0x70, 0x01, 0x9C, 0x00, 0x76, 0x00, 0x0D, 0x80, 0x3F, 0xFF, 0xFF, 0xFF, 0xFC, 0x06, 0x03,
    0x01, 0x80, 0xC0, 0xE8, 0x30, 0x3F, 0x0C, 0x0C, 0xE7, 0x07, 0x19, 0xC3, 0x87, 0x70, 0xE0, 0x9C,
    0x70, 0x07, 0x38, 0x01, 0x9C, 0x00, 0xEE, 0x01, 0xF9, 0x00, 0x7C, 0x01, 0x80, 0x00, 0x38, 0x00,
    0x03, 0x80, 0x00, 0x38, 0x07, 0xFF, 0xFC, 0xFF, 0xFF, 0x80, 0x38, 0x00, 0x07, 0x00, 0x00, 0xE0,
    0x00, 0x1C, 0x00, 0xFF, 0xFE, 0x1F, 0xFF, 0xC0, 0x0E, 0x00, 0x01, 0xC0, 0x00, 0x38, 0x00, 0x07,
    0x00, 0x00, 0xE0, 0x1F, 0xFF, 0xFF, 0xFF, 0xFF, 0x80, 0x00, 0xE0, 0x00, 0x03, 0x04, 0x06, 0x18,
    0x30, 0x30, 0x63, 0x81, 0xC3, 0x1C, 0x06, 0x18, 0xC0, 0x38, 0x0E, 0x00, 0xC0, 0xE0, 0x07, 0x07,
    0x00, 0x1C, 0x70, 0x00, 0x77, 0x00, 0x01, 0xF0, 0x00, 0x0F, 0x80, 0x00, 0x7C, 0x00, 0x07, 0xF0,
    0x00, 0xF1, 0xE0, 0x1F, 0x07, 0xC3, 0xE0, 0x1F, 0x9C, 0x00, 0x3C, 0x00, 0x00, 0x00, 0x01, 0xC0,
    0x00, 0x38, 0x60, 0x07, 0x0F, 0x00, 0xE0, 0xF7, 0xFF, 0xF6, 0xFF, 0xFE, 0x00, 0x70, 0xC0, 0x0E,
    0x18, 0x01, 0xC3, 0x1F, 0xFF, 0xFF, 0xFF, 0xFF, 0x80, 0xE0, 0x30, 0x1C, 0x0E, 0x03, 0x81, 0xC0,
    0x70, 0x38, 0x0E, 0x06, 0x01, 0xCF, 0xC0, 0x39, 0xF0, 0x07, 0x00, 0x00, 0xE0, 0x00, 0x3F, 0xFF,
    0x87, 0xFF, 0xF0, 0x00, 0x00, 0x00, 0x00, 0x00, 0x00, 0x00, 0x00, 0x00, 0x00, 0x00, 0x00, 0x00,
    0x00, 0x00, 0x00, 0x00, 0x00, 0x00, 0x00, 0x00, 0x00, 0x00, 0x00, 0x00, 0x01, 0xFF, 0xFF, 0xFF,
    0xFF, 0xF8, 0x00, 0x70, 0x00, 0x03, 0x80, 0x00, 0x1C, 0x00, 0x00, 0xE0, 0x00, 0x07, 0x00, 0x00,
    0x38, 0x00, 0x01, 0xC0, 0x00, 0x1E, 0x00, 0x00, 0xF8, 0x00, 0x06, 0xC0, 0x00, 0x77, 0x00, 0x03,
    0x18, 0x00, 0x38, 0xE0, 0x01, 0x83, 0x00, 0x1C, 0x1C, 0x01, 0xC0, 0x70, 0x3C, 0x01, 0xE3, 0xC0,
    0x07, 0x9C, 0x00, 0x1C, 0x00, 0x00, 0x00, 0x06, 0x06, 0x00, 0x60, 0x60, 0x06, 0x06, 0x00, 0x60,
    0x60, 0x06, 0x06, 0x00, 0x60, 0x60, 0x06, 0x0E, 0x00, 0xF0, 0xE0, 0x0F, 0x0E, 0x00, 0xF8, 0xF0,
    0x0D, 0xCF, 0x00, 0xCD, 0xF0, 0x1C, 0xFB, 0x81, 0x87, 0x98, 0x38, 0x39, 0xC3, 0x87, 0x0E, 0x70,
    0xE0, 0xF7, 0x0E, 0x07, 0x20, 0xC0, 0x20, 0x06, 0x06, 0x00, 0x30, 0x30, 0x03, 0xB1, 0x80, 0x19,
    0x8C, 0x01, 0xCC, 0x6E, 0x0C, 0x63, 0xF0, 0xE3, 0x7F, 0x8F, 0x1F, 0xCC, 0xFB, 0xF6, 0x66, 0xFE,
    0x33, 0x06, 0xB1, 0x98, 0x31, 0x8C, 0xC1, 0x8C, 0x7E, 0x0C, 0x63, 0xF0, 0x63, 0x18, 0x03, 0x18,
    0x06, 0x18, 0xC0, 0x30, 0xC7, 0x03, 0x86, 0x3F, 0xFC, 0x30, 0x7F, 0xC0, 0x02, 0x18, 0x00, 0x18,
    0xCC, 0x01, 0xC6, 0x70, 0x0C, 0x39, 0xC0, 0xE1, 0xC7, 0x0E, 0x0E, 0x00, 0x70, 0x7F, 0xC7, 0xBF,
    0xFE, 0x7F, 0xFE, 0x07, 0x60, 0x60, 0x13, 0x03, 0x00, 0x18, 0x18, 0x00, 0xC0, 0xE0, 0x06, 0x03,
    0x00, 0x30, 0x18, 0x41, 0x80, 0xE7, 0x0C, 0x03, 0x30, 0x60, 0x1D, 0x83, 0x00, 0x7C, 0x18, 0x01,
    0xC0, 0x60, 0x07, 0x0C, 0x60, 0xE1, 0x8E, 0x1C, 0x30, 0xC3, 0x86, 0x1C, 0x60, 0xC1, 0x8C, 0x18,
    0x31, 0x83, 0x00, 0x30, 0x60, 0x0E, 0x0C, 0x01, 0xC1, 0x80, 0x30, 0x31, 0x8E, 0x06, 0xF1, 0xC0,
    0xFC, 0x7C, 0x3E, 0x1D, 0xC7, 0x07, 0x1C, 0x03, 0xC1, 0xC0, 0xF0, 0x18, 0x08, 0x00, 0x00, 0x06,
    0x0C, 0x00, 0x66, 0xE0, 0x0E, 0xEE, 0x00, 0xCC, 0xE0, 0x1C, 0xFF, 0xE1, 0x8F, 0xFE, 0x39, 0x8E,
    0x07, 0x98, 0xE0, 0xFB, 0x8E, 0x07, 0x90, 0xE0, 0x58, 0x0E, 0x01, 0xBF, 0xFF, 0x1B, 0xFF, 0xF1,
    0x80, 0xE0, 0x18, 0x0E, 0x01, 0x80, 0xE0, 0x18, 0x0E, 0x01, 0x80, 0xE0, 0x18, 0x0E, 0x01, 0x80,
    0xC0, 0x06, 0x0C, 0x00, 0x61, 0xC0, 0x0E, 0x18, 0x00, 0xDF, 0xFE, 0x1D, 0xFF, 0xE3, 0x83, 0x80,
    0x3B, 0xFF, 0xF7, 0xBF, 0xFF, 0xF8, 0x70, 0x0D, 0x86, 0x00, 0x18, 0x7F, 0xC1, 0x8F, 0xFE, 0x18,
    0x01, 0xC1, 0x80, 0x38, 0x18, 0x37, 0x01, 0x83, 0xE0, 0x18, 0x1E, 0x01, 0x80, 0xF0, 0x18, 0x07,
    0x81, 0x80, 0x10, 0x02, 0x0C, 0x00, 0x60, 0xC0, 0x06, 0x0E, 0x00, 0xE0, 0xE0, 0x0D, 0xFF, 0xE1,
    0xDF, 0xFE, 0x3C, 0x00, 0x87, 0xC6, 0x0C, 0x7C, 0x61, 0xC7, 0xC6, 0x1C, 0x1C, 0x71, 0x81, 0xC7,
    0x18, 0x1C, 0x31, 0x81, 0xC3, 0x18, 0x1C, 0x33, 0x81, 0xC3, 0x30, 0x1C, 0x33, 0x01, 0xDF, 0xFF,
    0x1F, 0xFF, 0xF0, 0x80, 0x00, 0x02, 0x18, 0x00, 0x38, 0xE0, 0x01, 0x83, 0x00, 0x1C, 0x1C, 0x00,
    0xDF, 0xFF, 0x0E, 0xFF, 0xF8, 0xF0, 0x38, 0x0F, 0x81, 0xC0, 0x7C, 0x0E, 0x03, 0xE0, 0x70, 0x07,
    0x3F, 0xF8, 0x3B, 0xFF, 0xC1, 0xC0, 0xE0, 0x0E, 0x07, 0x00, 0x70, 0x38, 0x03, 0x81, 0xC0, 0x1C,
    0x0E, 0x00, 0xFF, 0xFF, 0x87, 0xFF, 0xFC, 0x38, 0x00, 0x00, 0x06, 0x0C, 0x00, 0x70, 0x60, 0x03,
    0x03, 0x00, 0x38, 0x18, 0x01, 0xFF, 0xFF, 0x1D, 0xFF, 0xF8, 0xE0, 0x78, 0x0F, 0x07, 0xE0, 0xF8,
    0x3F, 0x03, 0xC3, 0xF8, 0x16, 0x1B, 0x60, 0x31, 0xDB, 0x81, 0x9C, 0xCC, 0x0C, 0xC6, 0x70, 0x6F,
    0xFF, 0xC3, 0xFF, 0xF6, 0x1A, 0x0C, 0x10, 0xC0, 0x60, 0x06, 0x03, 0x00, 0x30, 0x18, 0x00, 0x06,
    0x0C, 0x00, 0x30, 0x60, 0x03, 0xFF, 0xFC, 0x1F, 0xFF, 0xE1, 0xC0, 0xC0, 0x1C, 0x06, 0x00, 0xE7,
    0xFF, 0xCF, 0x3F, 0xFE, 0xF9, 0x8C, 0x72, 0xCC, 0x63, 0x86, 0x7F, 0xFC, 0x33, 0xFF, 0xE1, 0x98,
    0xC0, 0x0C, 0xE6, 0x00, 0x63, 0xF0, 0x03, 0x0F, 0x00, 0x18, 0x7E, 0x00, 0xCF, 0xFE, 0x06, 0xF0,
    0xFC, 0x36, 0x00, 0xE0, 0x06, 0x61, 0x80, 0x67, 0x18, 0x0E, 0x71, 0x80, 0xC7, 0x18, 0x1C, 0x71,
    0x81, 0x9F, 0xFF, 0x39, 0xFF, 0xF7, 0x87, 0x18, 0xF8, 0x71, 0x8D, 0x87, 0x18, 0x18, 0x71, 0x81,
    0xBF, 0xFF, 0x1B, 0xFF, 0xF1, 0x80, 0x00, 0x18, 0x71, 0x81, 0x86, 0x1C, 0x18, 0xE0, 0xE1, 0x9C,
    0x06, 0x1B, 0x80, 0x71, 0x90, 0x02, 0x0C, 0x00, 0x21, 0xFF, 0x83, 0x1B, 0xFD, 0x31, 0xB1, 0xF3,
    0x3B, 0x7F, 0x33, 0xB7, 0xF3, 0x3B, 0x7F, 0x37, 0xB7, 0xF3, 0xFB, 0x7F, 0x3D, 0xB7, 0xF3, 0x1B,
    0x7F, 0x31, 0xB7, 0xF3, 0x1B, 0x7F, 0x31, 0xBD, 0xF3, 0x1B, 0xCB, 0x31, 0x8F, 0x03, 0x19, 0xB8,
    0x31, 0xB9, 0x87, 0x1F, 0x0D, 0xE1, 0x20, 0x0C, 0x06, 0x00, 0x00, 0x37, 0xFF, 0x03, 0xBF, 0xF8,
    0x19, 0x80, 0xC1, 0xCC, 0x06, 0x0C, 0x60, 0x30, 0xE3, 0xFF, 0x8F, 0x1F, 0xFC, 0xF8, 0x0C, 0x02,
    0xC0, 0x60, 0x06, 0xFF, 0xFC, 0x37, 0xFF, 0xE1, 0x81, 0xF0, 0x0C, 0x1F, 0xC0, 0x61, 0xF6, 0x03,
    0x1D, 0xB8, 0x19, 0xCC, 0xF0, 0xFC, 0x63, 0xC6, 0xC3, 0x0C, 0x30, 0x18, 0x00, 0x04, 0x18, 0x00,
    0x60, 0xC0, 0x03, 0x0F, 0xF8, 0x38, 0x7F, 0xC1, 0x87, 0x0E, 0x1C, 0x7C, 0x60, 0xEF, 0x7E, 0x0F,
    0x61, 0xE0, 0xFB, 0x3F, 0xE6, 0xDF, 0xC7, 0x96, 0xF1, 0xCC, 0x36, 0x3C, 0x01, 0xB7, 0x9C, 0x0D,
    0x91, 0xC0, 0x6C, 0x7C, 0xC3, 0x67, 0x9E, 0x1B, 0x23, 0xC0, 0xC0, 0xFC, 0x06, 0x3F, 0x80, 0x30,
    0xE0, 0x00, 0x0C, 0x00, 0x00, 0xC0, 0x07, 0x1F, 0xFF, 0x71, 0xBF, 0xF7, 0x19, 0xD3, 0x73, 0x99,
    0xB7, 0x3B, 0xBB, 0x77, 0xBF, 0xF7, 0x7B, 0xEF, 0x7F, 0x8E, 0x37, 0x58, 0xE3, 0x71, 0xBF, 0xF7,
    0x1F, 0xFF, 0x71, 0x8E, 0x37, 0x18, 0xE3, 0x71, 0x8F, 0xC7, 0x1F, 0xFC, 0x71, 0xFE, 0x07, 0x18,
    0x03, 0xE1, 0x80, 0x1C, 0x06, 0x0C, 0x00, 0x60, 0xC0, 0x0F, 0xFF, 0xF0, 0xFF, 0xFF, 0x1C, 0x1C,
    0x01, 0x8F, 0xFC, 0x38, 0xFF, 0xC7, 0x8C, 0x0C, 0xF8, 0xFF, 0xC7, 0x8F, 0xFC, 0x18, 0xC0, 0xC1,
    0x8C, 0x0C, 0x18, 0xFF, 0xC1, 0x8C, 0x0C, 0x18, 0xFF, 0xC1, 0x8F, 0xFC, 0x18, 0xC0, 0xC1, 0xBF,
    0xFF, 0x1B, 0xFF, 0xF1, 0x80, 0x00, 0x0C, 0x00, 0x00, 0xC3, 0xFF, 0x1F, 0x3F, 0xF1, 0xB0, 0x30,
    0x1B, 0x03, 0x03, 0xB1, 0xFE, 0x3B, 0xFF, 0xE7, 0xBF, 0xB6, 0xFB, 0x1B, 0x6D, 0xB1, 0xB6, 0x5B,
    0x1B, 0x61, 0xB1, 0xB6, 0x1B, 0x3B, 0x61, 0xBF, 0xB6, 0x1B, 0xDB, 0x61, 0xB0, 0x78, 0x18, 0x0F,
    0xC1, 0x81, 0xCE, 0x18, 0x38, 0x71, 0x83, 0x03, 0x00, 0x70, 0x00, 0xE7, 0x00, 0x0E, 0x70, 0x00,
    0xFF, 0xFC, 0x1F, 0xFF, 0xC1, 0x87, 0x00, 0x38, 0x70, 0x03, 0x07, 0x00, 0x10, 0x70, 0x07, 0xFF,
    0xFF, 0x7F, 0xFF, 0xF0, 0x38, 0xC0, 0x03, 0x0C, 0x00, 0x30, 0xC0, 0x07, 0x0C, 0x00, 0x70, 0xC3,
    0x0E, 0x0C, 0x31, 0xC0, 0xC3, 0x78, 0x0F, 0xF7, 0x00, 0x7E, 0x00, 0x60, 0x01, 0x87, 0x0C, 0x18,
    0x70, 0xC1, 0xC7, 0x1C, 0x0C, 0x71, 0x80, 0xE7, 0x38, 0x06, 0x73, 0x00, 0x47, 0x00, 0x7F, 0xFF,
    0xF7, 0xFF, 0xFF, 0x03, 0x8C, 0x00, 0x30, 0xC0, 0x03, 0x0C, 0x00, 0x30, 0xC0, 0x07, 0x0C, 0x20,
    0x60, 0xC3, 0x1E, 0x0C, 0x33, 0xC0, 0xC3, 0x78, 0x0F, 0xF6, 0x00, 0x7E, 0x03, 0x00, 0x00, 0x1C,
    0x00, 0x00, 0x70, 0x00, 0x01, 0xC0, 0x00, 0x07, 0x00, 0x00, 0x38, 0x00, 0x01, 0xE0, 0x00, 0x1F,
    0x00, 0x00, 0xFC, 0x00, 0x06, 0x60, 0x00, 0x73, 0x80, 0x07, 0x0E, 0x00, 0x38, 0x70, 0x03, 0x81,
    0xC0, 0x38, 0x07, 0x03, 0xC0, 0x3C, 0x7C, 0x00, 0xF3, 0x80, 0x03, 0x88, 0x00, 0x04, 0x03, 0x06,
    0x00, 0x70, 0x60, 0x07, 0x06, 0x00, 0x70, 0x60, 0x07, 0x06, 0x07, 0xFF, 0xFF, 0x3F, 0xFF, 0xE0,
    0x70, 0x60, 0x07, 0x06, 0x00, 0x70, 0x60, 0x07, 0x06, 0x07, 0xFF, 0xFF, 0x7F, 0xFF, 0xF0, 0x00,
    0x00, 0x03, 0x0E, 0x00, 0x70, 0xF0, 0x0E, 0x03, 0x83, 0xC0, 0x1E, 0x78, 0x00, 0xF2, 0x00, 0x06,
    0x04, 0x03, 0x00, 0x60, 0x38, 0x07, 0x07, 0x00, 0x30, 0x60, 0x03, 0x0E, 0x03, 0xFF, 0xFE, 0x3F,
    0xFF, 0xE0, 0x07, 0x00, 0x00, 0x70, 0x00, 0x07, 0x00, 0x7F, 0xFF, 0xF7, 0xFF, 0xFF, 0x00, 0xF8,
    0x00, 0x0F, 0x80, 0x01, 0xDC, 0x00, 0x38, 0xF0, 0x0F, 0x07, 0x83, 0xE0, 0x3F, 0x7C, 0x00, 0xF2,
    0x00, 0x02, 0x01, 0xC0, 0x00, 0xE0, 0x00, 0x70, 0x00, 0x38, 0x0F, 0xFF, 0xFF, 0xFF, 0xFF, 0x06,
    0x07, 0x83, 0x03, 0xC1, 0xC1, 0xE1, 0xF0, 0xF0, 0xFC, 0x78, 0xE7, 0x3C, 0xE1, 0xDE, 0xE0, 0x7F,
    0xE0, 0x3F, 0xA0, 0x03, 0xC0, 0x01, 0xE0, 0x00, 0xF0, 0x07, 0xF8, 0x01, 0xE0, 0x7F, 0xFF, 0xE3,
    0xFF, 0xFF, 0x80, 0x18, 0x00, 0x00, 0xC0, 0x01, 0xFF, 0xFC, 0x0F, 0xFF, 0xE0, 0x61, 0x83, 0x03,
    0x0C, 0x18, 0x1F, 0xFF, 0xC0, 0xFF, 0xFE, 0x06, 0x18, 0x30, 0x30, 0xC1, 0x8F, 0xFF, 0xFF, 0x3F,
    0xFF, 0xF8, 0x60, 0x03, 0x03, 0x00, 0x18, 0x18, 0x00, 0xC0, 0xC0, 0x7E, 0x06, 0x01, 0xE0, 0xFF,
    0xFF, 0xDF, 0xFF, 0xFF, 0x98, 0x03, 0xF3, 0x00, 0x70, 0xFF, 0xF0, 0x1F, 0xFE, 0x03, 0x00, 0x00,
    0x60, 0x00, 0x0C, 0x00, 0x03, 0xFF, 0xF0, 0x7F, 0xFC, 0x00, 0x01, 0x87, 0xFF, 0xB0, 0xFF, 0xF6,
    0x00, 0x00, 0xC0, 0x00, 0x38, 0x00, 0x06, 0x00, 0x0F, 0xC0, 0x01, 0xF0, 0x00, 0x00, 0x1C, 0x03,
    0x00, 0xC0, 0x1C, 0xFF, 0xF8, 0x67, 0xFF, 0xC3, 0x81, 0x80, 0x0C, 0xFF, 0xF0, 0x67, 0xFF, 0x00,
    0x0E, 0x00, 0x07, 0xFF, 0xF0, 0x3F, 0xFF, 0x80, 0x7F, 0xF0, 0x3F, 0xFF, 0xE1, 0xF1, 0xC7, 0x1C,
    0x0C, 0x00, 0xE7, 0xFF, 0x86, 0x3F, 0xF8, 0x70, 0x7F, 0x03, 0x0F, 0x3E, 0x18, 0xF0, 0x38, 0x06,
    0x00, 0x40, 0x06, 0x00, 0xC0, 0x37, 0xFF, 0x03, 0x7F, 0xE0, 0x38, 0x18, 0x03, 0x80, 0xC0, 0x3D,
    0xFF, 0xFB, 0xEF, 0xFF, 0xCB, 0x01, 0x80, 0x18, 0x0C, 0x00, 0xCF, 0xFF, 0x86, 0x7F, 0xF8, 0x00,
    0x00, 0x00, 0x7F, 0xF0, 0x03, 0xFF, 0x80, 0x18, 0x1C, 0x00, 0xC0, 0xE6, 0x0E, 0x07, 0x31, 0xE0,
    0x39, 0x9E, 0x01, 0xFC, 0xC0, 0x07, 0xC0, 0x01, 0xC0, 0x00, 0xE0, 0x18, 0x70, 0xCC, 0x38, 0x66,
    0x1C, 0x33, 0x0E, 0x19, 0x87, 0x0C, 0xC3, 0x86, 0x7F, 0xFF, 0x3F, 0xFF, 0x80, 0x70, 0x18, 0x38,
    0x3C, 0x1C, 0x1E, 0x0E, 0x0F, 0x07, 0x07, 0x83, 0x83, 0xC1, 0xC1, 0xFF, 0xFF, 0xFF, 0xFF, 0xE0,
    0x00, 0x30, 0x00, 0x00, 0x00, 0x1C, 0x70, 0x00, 0xC1, 0x80, 0x0E, 0x0E, 0x00, 0xE0, 0x38, 0x07,
    0x00, 0xC0, 0x70, 0x07, 0x07, 0x00, 0x1C, 0x7F, 0xFF, 0xF3, 0xFF, 0xFD, 0x80, 0x70, 0x60, 0x03,
    0x83, 0x00, 0x18, 0x18, 0x00, 0xC0, 0xC0, 0x0E, 0x06, 0x00, 0xE0, 0x70, 0x0F, 0x03, 0x80, 0xF0,
    0x18, 0x1E, 0x0F, 0xC0, 0x60, 0x7C, 0x00, 0x18, 0x00, 0x01, 0x8F, 0xFF, 0x18, 0xFF, 0xF1, 0x80,
    0xC3, 0x1F, 0x8C, 0x37, 0xF8, 0xC7, 0xFC, 0x0C, 0x75, 0x81, 0xC7, 0x18, 0x1C, 0x71, 0x81, 0x87,
    0x18, 0x18, 0x71, 0x99, 0x87, 0x1F, 0xB8, 0x71, 0xF3, 0x06, 0x3C, 0x70, 0x61, 0x0E, 0x06, 0x01,
    0xE0, 0xE0, 0x3C, 0x7E, 0x01, 0x87, 0xC0, 0x03, 0x00, 0x60, 0x30, 0x06, 0x07, 0x86, 0x60, 0xFC,
    0x66, 0x0C, 0xE6, 0x61, 0xC6, 0x66, 0x38, 0x76, 0x6F, 0x03, 0xE6, 0x7F, 0xE6, 0x61, 0xFE, 0x66,
    0x18, 0x66, 0x61, 0x8E, 0x66, 0x18, 0xE6, 0x61, 0xBC, 0x66, 0x1B, 0xC6, 0x61, 0x83, 0x06, 0x18,
    0x30, 0x61, 0x83, 0x06, 0x1F, 0xF3, 0xE0, 0xFE, 0x3C, 0x00, 0x00, 0x23, 0xEF, 0x87, 0x3E, 0xF9,
    0x73, 0x6D, 0xB7, 0x36, 0xDB, 0x73, 0x6D, 0xB7, 0x36, 0xDB, 0x73, 0x6D, 0xB7, 0x7F, 0xFF, 0x77,
    0xFF, 0xF7, 0x36, 0xDB, 0x73, 0x6D, 0xB7, 0x36, 0xDB, 0x73, 0x6D, 0xB7, 0x36, 0xD9, 0x73, 0x6D,
    0x87, 0x67, 0x98, 0x76, 0x79, 0x87, 0x7F, 0xF9, 0xE4, 0xDB, 0x1C, 0x00, 0x00, 0xFF, 0xF8, 0x3F,
    0xFF, 0xCC, 0x70, 0x33, 0x19, 0x8C, 0xCE, 0x73, 0x37, 0x3C, 0xCD, 0xFF, 0xB3, 0x7F, 0x6C, 0xC1,
    0x83, 0x30, 0x60, 0xCD, 0xFF, 0xB3, 0x7F, 0xEC, 0xC1, 0x83, 0x30, 0x60, 0xCC, 0x1F, 0x83, 0x7F,
    0xE0, 0xFF, 0x81, 0xFC, 0x00, 0x7C, 0x03, 0x00, 0x33, 0xB0, 0x07, 0x33, 0x03, 0x73, 0xFF, 0x37,
    0x7F, 0xF3, 0x76, 0x30, 0x37, 0x63, 0x03, 0x77, 0xFF, 0xB7, 0x7F, 0xFB, 0x70, 0x30, 0x37, 0x3F,
    0xF3, 0x73, 0xFF, 0x37, 0x33, 0x33, 0x73, 0x33, 0x37, 0x33, 0x30, 0x73, 0x33, 0x07, 0x33, 0xF0,
    0x73, 0x3F, 0x07, 0x03, 0x03, 0xF0, 0x30, 0x1E, 0x00, 0x00, 0x23, 0xFF, 0x07, 0x3F, 0xF6, 0x73,
    0x03, 0x67, 0x30, 0x36, 0x73, 0xFF, 0x67, 0x3F, 0xF6, 0x73, 0x18, 0x67, 0x31, 0x86, 0x73, 0xFF,
    0x67, 0x3F, 0xF6, 0x73, 0xDB, 0x67, 0x3D, 0xB6, 0x73, 0xDB, 0x67, 0x7D, 0xB6, 0x76, 0xDB, 0x07,
    0x6D, 0xF0, 0x76, 0x9E, 0x07, 0xC1, 0x83, 0xE0, 0x18, 0x1E, 0x18, 0x07, 0x03, 0x80, 0xE0, 0x38,
    0x38, 0x7F, 0xFF, 0xFF, 0xFF, 0xFE, 0x00, 0x00, 0x00, 0x00, 0x33, 0xFC, 0xCE, 0x7F, 0x99, 0xCC,
    0x33, 0x39, 0xFE, 0x67, 0x3F, 0xCC, 0xE6, 0x19, 0x9C, 0xFF, 0x33, 0x9F, 0xE6, 0x73, 0x0C, 0xCE,
    0x61, 0x81, 0xCC, 0x30, 0x39, 0x9E, 0x3F, 0x33, 0x83, 0xC0, 0x0C, 0x06, 0x01, 0x81, 0xC3, 0xFF,
    0xFF, 0x7F, 0xFF, 0xF0, 0x00, 0x18, 0xFF, 0x33, 0x1C, 0x66, 0x63, 0xFC, 0xCC, 0x71, 0x99, 0x8F,
    0xF3, 0x31, 0xC6, 0x66, 0x39, 0xC3, 0xC0, 0x00, 0x01, 0xFF, 0xFF, 0x9F, 0xFF, 0xE0, 0x1C, 0x0C,
    0x07, 0x01, 0x83, 0xE0, 0x73, 0xF0, 0x7E, 0x78, 0x0F, 0x00, 0x00, 0x0C, 0x00, 0x00, 0xC0, 0x00,
    0x0C, 0x07, 0xF8, 0xC0, 0x7F, 0x8C, 0x00, 0xCF, 0xFF, 0x0C, 0x7F, 0xF0, 0xC0, 0xC3, 0x0C, 0x0C,
    0x30, 0xC0, 0xC3, 0x0C, 0x1C, 0x70, 0xC1, 0x87, 0x0F, 0x98, 0x73, 0xFB, 0x87, 0x7E, 0x38, 0x66,
    0x07, 0x06, 0x00, 0xE0, 0x60, 0x1E, 0x0E, 0x03, 0xC7, 0xE0, 0x10, 0x7C, 0x0C, 0x00, 0x00, 0xC0,
    0x00, 0x0C, 0x00, 0x00, 0xC0, 0xFE, 0x7F, 0xCF, 0xE7, 0xFE, 0xC6, 0x0C, 0xEC, 0x60, 0xCE, 0xC6,
    0x1C, 0xEC, 0x61, 0xCC, 0xC6, 0x1C, 0xCC, 0x61, 0x8C, 0xC6, 0x18, 0xCC, 0x61, 0x8C, 0xC6, 0x38,
    0xCC, 0x63, 0x0C, 0xC6, 0x30, 0xCF, 0xE7, 0x1C, 0xFE, 0xE7, 0xCC, 0x64, 0x78, 0xC6, 0x01, 0xC0,
    0x00, 0x0C, 0x00, 0x00, 0xFF, 0xF0, 0x0F, 0xFF, 0x80, 0xE0, 0x38, 0x1F, 0xC3, 0x80, 0xC7, 0x78,
    0x00, 0x1F, 0x80, 0x0F, 0xFF, 0xE3, 0xFC, 0x7F, 0x9E, 0x18, 0x18, 0x00, 0xC0, 0x03, 0xFF, 0xFC,
    0x1F, 0xFF, 0xE0, 0x07, 0x03, 0x00, 0x70, 0x18, 0x07, 0x01, 0xC1, 0xF0, 0x0C, 0x1F, 0x07, 0xE0,
    0x40, 0x1E, 0x00, 0x00, 0x0C, 0x00, 0x01, 0xC3, 0xFE, 0x30, 0x3F, 0xC6, 0x00, 0x00, 0xC0, 0x00,
    0xFF, 0xC0, 0x1F, 0xFF, 0xFE, 0x63, 0xFF, 0x8C, 0x67, 0x01, 0x8C, 0xCC, 0x31, 0x99, 0x8E, 0x33,
    0x19, 0xCE, 0xC3, 0x31, 0xDF, 0xE6, 0x3F, 0xFF, 0xC7, 0xF0, 0xF0, 0xC0, 0x0E, 0x18, 0x03, 0xBF,
    0x00, 0x23, 0xC0, 0x7F, 0xFF, 0xEF, 0xFF, 0xFD, 0x8E, 0x70, 0x31, 0xCE, 0x06, 0x31, 0xC0, 0xC6,
    0x38, 0x18, 0xC7, 0x03, 0x18, 0xE0, 0x63, 0x1C, 0x4C, 0xE3, 0x9D, 0x98, 0x73, 0xB7, 0x0F, 0xE7,
    0xC0, 0xFC, 0xF0, 0x00, 0x18, 0x00, 0x03, 0x00, 0x00, 0x7F, 0xFF, 0xEF, 0xFF, 0xFC, 0x03, 0x00,
    0x01, 0x80, 0x00, 0xC0, 0x00, 0x60, 0x00, 0x3F, 0xF8, 0x1F, 0xFC, 0x0C, 0x00, 0x06, 0x00, 0x03,
    0x00, 0x01, 0x80, 0x3F, 0xFF, 0x9F, 0xFF, 0xCC, 0x00, 0x66, 0x00, 0x33, 0x00, 0x19, 0x80, 0x0C,
    0xC0, 0x06, 0x7F, 0xFF, 0x3F, 0xFF, 0x98, 0x00, 0xC0, 0x00, 0xC0, 0x00, 0x18, 0x00, 0x03, 0x00,
    0x00, 0x7F, 0xC0, 0x0F, 0xF8, 0x01, 0x80, 0x00, 0x30, 0x00, 0x06, 0x00, 0xFF, 0xFF, 0xFF, 0xFF,
    0xFC, 0x03, 0x00, 0x00, 0x60, 0x00, 0x0F, 0x80, 0x01, 0xFE, 0x00, 0x31, 0xF0, 0x06, 0x0E, 0x00,
    0xC0, 0x00, 0x18, 0x00, 0x03, 0x00, 0x00, 0x60, 0x00, 0x3F, 0xFF, 0xF3, 0xFF, 0xFF, 0x38, 0x18,
    0x03, 0x83, 0x80, 0x3B, 0xFF, 0xC3, 0xBF, 0xFC, 0x3B, 0x00, 0xC3, 0xBF, 0xFC, 0x3B, 0xFF, 0xC3,
    0xB0, 0x0C, 0x33, 0xFF, 0xC3, 0x3F, 0xFC, 0x30, 0x18, 0x03, 0x19, 0xB8, 0x73, 0x99, 0xC7, 0x71,
    0x8E, 0x6E, 0x18, 0x76, 0x4F, 0x82, 0x00, 0xF0, 0x00, 0x7F, 0xE0, 0x03, 0xFF, 0xFF, 0x0C, 0x6F,
    0xFC, 0x63, 0x30, 0xC3, 0xF8, 0xC6, 0x1F, 0xC6, 0x30, 0xC6, 0x31, 0x86, 0x31, 0x9C, 0x31, 0x8E,
    0xC1, 0xFC, 0x3E, 0x0F, 0xE1, 0xF0, 0x63, 0x0F, 0x03, 0x1E, 0x38, 0x1F, 0xF3, 0xC1, 0xFF, 0x1F,
    0x0F, 0x31, 0xDC, 0x01, 0x9C, 0xF0, 0x0D, 0xC3, 0x80, 0x6C, 0x0C, 0xFF, 0xFF, 0xFF, 0xFF, 0xF8,
    0x00, 0xFC, 0x00, 0x7E, 0x00, 0x3F, 0x00, 0x1F, 0x80, 0x0F, 0xC0, 0x07, 0xE0, 0x03, 0xF0, 0x01,
    0xF8, 0x00, 0xFC, 0x00, 0x7E, 0x00, 0x3F, 0x00, 0x1F, 0xFF, 0xFF, 0xFF, 0xFF, 0xE0, 0x03, 0xA0,
    0x00, 0x80, 0xFF, 0xFF, 0xFF, 0xFF, 0xFC, 0x00, 0x0E, 0x00, 0x01, 0xC3, 0xFE, 0x38, 0x7F, 0xC7,
    0x0C, 0x18, 0xE1, 0x83, 0x1C, 0x30, 0x63, 0x86, 0x0C, 0x70, 0xC1, 0x8E, 0x1F, 0xF1, 0xC3, 0xFE,
    0x38, 0x60, 0x07, 0x00, 0x00, 0xE0, 0x00, 0x1C, 0x00, 0x3F, 0x00, 0x07, 0xC0, 0x00, 0xC0, 0x00,
    0x0C, 0x00, 0x00, 0xC0, 0x00, 0x1C, 0x00, 0x7F, 0xFF, 0xF7, 0xFF, 0xFF, 0x03, 0x80, 0x00, 0x30,
    0x00, 0x07, 0x00, 0x00, 0x60, 0x00, 0x0F, 0xFF, 0xC1, 0xFF, 0xFC, 0x3F, 0x00, 0xC7, 0xF0, 0x0C,
    0xF7, 0x00, 0xC4, 0x70, 0x0C, 0x07, 0x00, 0xC0, 0x7F, 0xFC, 0x07, 0xFF, 0xC0, 0x60, 0x0C, 0x3F,
    0xFF, 0x07, 0xFF, 0xE0, 0xE0, 0x0C, 0x1C, 0x01, 0x83, 0xFF, 0xF0, 0x7F, 0xFE, 0x00, 0x00, 0x07,
    0xFF, 0xFF, 0xFF, 0xFF, 0xE1, 0xC0, 0x00, 0x30, 0x00, 0x0F, 0xFF, 0x81, 0xFF, 0xF0, 0x00, 0x06,
    0x00, 0x01, 0xC0, 0x00, 0x38, 0x00, 0x0E, 0x00, 0x1F, 0xC0, 0x01, 0xF0, 0x00, 0x7F, 0xFF, 0xDF,
    0xFF, 0xFB, 0x80, 0x03, 0x70, 0x00, 0x6E, 0xFF, 0xED, 0xDF, 0xFD, 0xB8, 0x00, 0x37, 0x3F, 0xE6,
    0xE7, 0xFC, 0xDC, 0xC1, 0x9B, 0x98, 0x33, 0x73, 0x06, 0x6E, 0x60, 0xCD, 0xCF, 0xF9, 0xB9, 0xFF,
    0x37, 0x30, 0x06, 0xE0, 0x00, 0xDC, 0x00, 0xF9, 0x80, 0x1E, 0x00, 0x00, 0xC0, 0x00, 0x70, 0x00,
    0x3F, 0xF8, 0x1F, 0xFF, 0x0E, 0x03, 0x8F, 0x00, 0xC7, 0xB0, 0x70, 0x8E, 0x78, 0x01, 0xFC, 0x00,
    0x3C, 0x00, 0x3E, 0x00, 0x7F, 0xFF, 0x7F, 0xFF, 0xDD, 0x80, 0x30, 0x60, 0x0C, 0x18, 0x03, 0x06,
    0x00, 0xC1, 0xFF, 0xF0, 0x7F, 0xFC, 0x18, 0x03, 0x00, 0x01, 0xC0, 0x7F, 0xFC, 0x1F, 0xFF, 0x01,
    0xE0, 0x00, 0x18, 0x00, 0x01, 0x80, 0x00, 0x1F, 0xFF, 0xF1, 0xFF, 0xFF, 0x18, 0x00, 0x01, 0x80,
    0x00, 0x1B, 0xFF, 0xE1, 0xBF, 0xFE, 0x3B, 0x00, 0xE3, 0xB0, 0x0E, 0x33, 0x00, 0xE3, 0x30, 0x0E,
    0x73, 0x00, 0xE6, 0x3F, 0xFE, 0xE3, 0xFF, 0xE4, 0x30, 0x0E, 0x01, 0x80, 0x01, 0xC0, 0x00, 0xE0,
    0x00, 0x60, 0x0F, 0xFF, 0xFF, 0xFF, 0xFF, 0x00, 0x07, 0x80, 0x03, 0xCF, 0xF9, 0xE7, 0xFC, 0xF3,
    0x06, 0x79, 0x83, 0x3C, 0xC1, 0x9E, 0x60, 0xCF, 0x3F, 0xE7, 0x9F, 0xF3, 0xCC, 0x01, 0xE0, 0x00,
    0xF0, 0x07, 0xF8, 0x01, 0xE0, 0x7F, 0xFF, 0xF7, 0xFF, 0xFF, 0x00, 0x78, 0x00, 0x0F, 0x00, 0x01,
    0xFE, 0x00, 0x7F, 0xF8, 0x1F, 0x73, 0xE7, 0xC7, 0x0F, 0x70, 0x70, 0x30, 0x07, 0x00, 0x0F, 0xFF,
    0x81, 0xFF, 0xFC, 0x1C, 0x01, 0xC1, 0xC0, 0x1C, 0x1C, 0x01, 0xC1, 0xC0, 0x1C, 0x1F, 0xFF, 0xC1,
    0xFF, 0xFC, 0x1C, 0x01, 0xC0, 0x00, 0x60, 0x00, 0x0E, 0x00, 0x01, 0xC0, 0x0F, 0xFF, 0xE1, 0xFF,
    0xFC, 0x30, 0x01, 0x86, 0x00, 0x30, 0xFF, 0xFE, 0x1F, 0xFF, 0xC3, 0x00, 0x00, 0x60, 0x00, 0x0D,
    0xFF, 0xF1, 0xFF, 0xFE, 0x7E, 0x01, 0xCF, 0xC0, 0x39, 0xB8, 0x07, 0x77, 0xFF, 0xEE, 0xFF, 0xFD,
    0x9C, 0x03, 0xA1, 0x00, 0x30, 0x08, 0x60, 0x03, 0x8C, 0x00, 0x61, 0x80, 0x1F, 0xFF, 0xC3, 0xFF,
    0xF8, 0xE0, 0xC0, 0x38, 0x18, 0x02, 0x03, 0x00, 0xFF, 0xFF, 0xFF, 0xFF, 0xFC, 0x00, 0x00, 0x0F,
    0xFF, 0x83, 0xFF, 0xF8, 0x70, 0x07, 0x0E, 0x00, 0xE1, 0xC0, 0x1C, 0x38, 0x03, 0x87, 0xFF, 0xF0,
    0xFF, 0xFE, 0x0C, 0x01, 0xC0, 0x00, 0x30, 0x00, 0x03, 0x80, 0x00, 0x3E, 0x00, 0x07, 0xB8, 0x00,
    0x78, 0xF0, 0x0F, 0x83, 0xE1, 0xFF, 0xFF, 0xCE, 0x7F, 0xDE, 0x00, 0x00, 0x01, 0xFC, 0xFF, 0x0F,
    0xE7, 0xF8, 0x63, 0x31, 0xC3, 0x19, 0x8E, 0x18, 0xCC, 0x70, 0xC6, 0x63, 0x87, 0xF3, 0x7C, 0x3F,
    0x9B, 0xC1, 0x80, 0xC0, 0x00, 0x06, 0x00, 0x00, 0x30, 0x00, 0x00, 0x0C, 0x00, 0x01, 0xC0, 0xFC,
    0x1E, 0x0F, 0xC3, 0xE0, 0xCC, 0x77, 0x0C, 0xCE, 0x38, 0xCD, 0xC1, 0xCC, 0xFF, 0xFE, 0xCF, 0x7F,
    0x6C, 0xC0, 0x00, 0xCC, 0x00, 0x0C, 0xCF, 0xF8, 0xFC, 0xFF, 0x8F, 0xCC, 0x18, 0xC0, 0xC1, 0x8C,
    0x0C, 0x18, 0x00, 0xC1, 0x80, 0x0F, 0xF8, 0x00, 0xFF, 0x80, 0x0C, 0x18, 0x3F, 0x9F, 0xE1, 0xFC,
    0xFF, 0x0C, 0x66, 0x38, 0x63, 0x31, 0xC3, 0xF9, 0xFE, 0x1F, 0xEF, 0xF0, 0x03, 0x9C, 0x00, 0x38,
    0x70, 0x7F, 0xFF, 0xF3, 0xFF, 0xFF, 0x83, 0xC1, 0xC0, 0x38, 0x07, 0xC7, 0xF9, 0xFF, 0x3F, 0xCF,
    0xF8, 0xC6, 0x63, 0x86, 0x33, 0x1C, 0x3F, 0x9F, 0xE1, 0xFC, 0xFF, 0x0C, 0x66, 0x30, 0xFF, 0xFF,
    0xFF, 0xFF, 0xFF, 0x80, 0x03, 0xF0, 0x00, 0x7E, 0x00, 0x0F, 0xCF, 0xF9, 0xF9, 0xFF, 0x3F, 0x30,
    0xE7, 0xE6, 0x1C, 0xFC, 0xC3, 0x9F, 0x98, 0x73, 0xF3, 0xFE, 0x7E, 0x7F, 0xCF, 0xC0, 0x01, 0xF8,
    0x00, 0x3F, 0x00, 0x07, 0xFF, 0xFF, 0xFF, 0xFF, 0xFF, 0x80, 0x03, 0x00, 0xFF, 0xFF, 0xFF, 0xFF,
    0xFF, 0x81, 0x83, 0xF0, 0x70, 0x7E, 0x0E, 0x0F, 0xC1, 0xC1, 0xFF, 0xFF, 0xFF, 0xFF, 0xFF, 0xE0,
    0xC0, 0xFC, 0x1C, 0x1F, 0x87, 0xC3, 0xF1, 0xCE, 0x7E, 0x70, 0xCF, 0xDE, 0x1D, 0xFF, 0x81, 0xFF,
    0x40, 0x07, 0xFF, 0xFF, 0xFF, 0xFF, 0xFF, 0x00, 0x03, 0x00, 0xFF, 0xFF, 0xFF, 0xFF, 0xFF, 0x83,
    0x03, 0xF0, 0x60, 0x7F, 0xFF, 0xFF, 0xDF, 0xFD, 0xF8, 0x30, 0x3F, 0x7F, 0xF7, 0xEF, 0xFC, 0xFC,
    0x18, 0x1F, 0xFF, 0xFF, 0xFF, 0xFF, 0xFE, 0x0C, 0x6F, 0xC1, 0xBD, 0xF8, 0x32, 0x3F, 0x06, 0x07,
    0xFF, 0xFF, 0xFF, 0xFF, 0xFF, 0x00, 0x03, 0x00, 0xFF, 0xFF, 0xDF, 0xFF, 0xFB, 0x86, 0x03, 0x71,
    0xFE, 0x6E, 0x7F, 0xED, 0xDE, 0x39, 0xBF, 0xEE, 0x37, 0x4F, 0x86, 0xE3, 0xF8, 0xDF, 0xF7, 0xFB,
    0xFF, 0x1F, 0x70, 0xF8, 0x6E, 0x03, 0x0D, 0xCF, 0xC1, 0xB8, 0xFF, 0x37, 0x01, 0xE6, 0xFF, 0xFF,
    0xDF, 0xFF, 0xFB, 0x80, 0x03, 0x00, 0x00, 0xC0, 0x00, 0x1C, 0x00, 0x01, 0xC0, 0x07, 0xFF, 0xFF,
    0x7F, 0xFF, 0xF0, 0x30, 0x00, 0x07, 0x0C, 0x00, 0xE0, 0xC0, 0x0C, 0x0C, 0x01, 0xC0, 0xC0, 0x3D,
    0xFF, 0xE7, 0xCF, 0xFE, 0x6C, 0x0C, 0x00, 0xC0, 0xC0, 0x0C, 0x0C, 0x00, 0xC0, 0xC0, 0x0C, 0x0C,
    0x00, 0xDF, 0xFF, 0x0D, 0xFF, 0xF0, 0xC0, 0x00, 0x18, 0x06, 0x00, 0xC0, 0x30, 0x06, 0x19, 0x80,
    0x30, 0xCC, 0x01, 0x86, 0x66, 0x3F, 0xB3, 0xF3, 0xFD, 0xBF, 0x83, 0x0F, 0xCC, 0x19, 0xFE, 0x60,
    0xDF, 0x33, 0x06, 0x59, 0x98, 0x30, 0xCC, 0xC1, 0xF6, 0x7E, 0x0F, 0xB3, 0xF1, 0xF1, 0x98, 0x0E,
    0x0C, 0x06, 0x00, 0x60, 0x30, 0x03, 0xFF, 0x80, 0x1F, 0xF8, 0x08, 0x07, 0x00, 0xE0, 0x38, 0x07,
    0x01, 0xC0, 0x38, 0x0E, 0x01, 0xC6, 0x70, 0x3F, 0xB3, 0x81, 0xFD, 0x9C, 0x03, 0x8C, 0xFE, 0x1C,
    0x67, 0xF0, 0xE3, 0x38, 0x07, 0x19, 0xC0, 0x38, 0xCE, 0x01, 0xF6, 0x70, 0x0F, 0xB3, 0x81, 0xF1,
    0x9C, 0x0E, 0x0C, 0xE0, 0x00, 0x67, 0x00, 0x1F, 0xFF, 0x80, 0xFF, 0xFC, 0x01, 0x80, 0x00, 0x1C,
    0x00, 0x01, 0xFF, 0xE0, 0x1F, 0xFE, 0x01, 0xF0, 0xF0, 0x3D, 0xEF, 0x00, 0xC7, 0xE0, 0x00, 0x7F,
    0xC0, 0x1F, 0xDF, 0xE7, 0xF8, 0x3F, 0x9F, 0xFF, 0xFC, 0x3F, 0xFF, 0x81, 0xC7, 0x1C, 0x0E, 0x38,
    0xE0, 0x7F, 0xFF, 0x03, 0xFF, 0xF8, 0x1C, 0x71, 0xC0, 0xFF, 0xFE, 0x07, 0xFF, 0xF0, 0x30, 0x03,
    0x80, 0x06, 0x00, 0x00, 0x30, 0x00, 0x03, 0xFF, 0xF8, 0x3F, 0xFF, 0xC3, 0x80, 0x00, 0x3F, 0xFF,
    0xE1, 0xBF, 0xFF, 0x01, 0x80, 0x38, 0x0F, 0xFF, 0xC0, 0x60, 0x0E, 0x03, 0xFF, 0xF0, 0x0F, 0xFF,
    0x00, 0x7F, 0xF0, 0x07, 0xFF, 0xC0, 0x7C, 0x1C, 0x07, 0x7B, 0xC0, 0x00, 0xFC, 0x00, 0xFF, 0xFF,
    0x3F, 0xE3, 0xFC, 0xE0, 0x00, 0xC0, 0x0E, 0x0E, 0x00, 0x60, 0x70, 0x03, 0x03, 0x80, 0x3F, 0xDC,
    0x01, 0xFE, 0xE0, 0x0C, 0x37, 0x00, 0xE3, 0xB8, 0x06, 0x1D, 0xE0, 0x78, 0xCF, 0xC3, 0xE6, 0x7F,
    0x1B, 0xF3, 0xBC, 0x0F, 0x1C, 0xE0, 0x38, 0xE2, 0x01, 0x87, 0x00, 0x1C, 0x38, 0x01, 0xC1, 0xC0,
    0x1C, 0x0E, 0x03, 0xC0, 0x70, 0x1C, 0x03, 0x80, 0x40, 0x1C, 0x00, 0x00, 0x70, 0x00, 0x07, 0x00,
    0x00, 0x70, 0x00, 0x07, 0x00, 0x00, 0x60, 0x00, 0x06, 0x00, 0x7F, 0xFF, 0xF7, 0xFF, 0xFF, 0x00,
    0xF0, 0x00, 0x0F, 0x80, 0x00, 0xD8, 0x00, 0x1D, 0xC0, 0x01, 0xDC, 0x00, 0x38, 0xE0, 0x07, 0x07,
    0x00, 0x70, 0x78, 0x1E, 0x03, 0xC3, 0xC0, 0x1F, 0x78, 0x00, 0xF6, 0x00, 0x02, 0x04, 0x60, 0x00,
    0x73, 0x00, 0x03, 0x18, 0x00, 0x38, 0xC0, 0x01, 0xFF, 0xFC, 0x0F, 0xFF, 0xE0, 0xE1, 0x80, 0x0E,
    0x0C, 0x00, 0x70, 0x60, 0x00, 0x03, 0x00, 0x1F, 0xFF, 0xFC, 0xFF, 0xFF, 0xE0, 0x0F, 0x80, 0x00,
    0x6C, 0x00, 0x07, 0x70, 0x00, 0x71, 0xC0, 0x0F, 0x07, 0x81, 0xF0, 0x1F, 0x1E, 0x00, 0x7C, 0xC0,
    0x00, 0x60, 0x18, 0x06, 0x00, 0xC0, 0x70, 0x06, 0x03, 0x00, 0x30, 0x3B, 0x07, 0xF1, 0x9C, 0x3F,
    0x98, 0x70, 0xCD, 0xC1, 0x86, 0x7F, 0xFE, 0x33, 0xFF, 0xF1, 0x9A, 0x01, 0x9D, 0xC0, 0x00, 0xEC,
    0xFF, 0xC3, 0xE7, 0xFE, 0x0F, 0x30, 0x30, 0x39, 0x81, 0x83, 0xEC, 0x0C, 0x1B, 0xE0, 0x61, 0xCB,
    0xFF, 0x1C, 0x1F, 0xF8, 0xC0, 0xC0, 0xC0, 0x00, 0xC0, 0x00, 0x1C, 0x03, 0xFF, 0xFF, 0x7F, 0xFF,
    0xFE, 0x00, 0x0F, 0xC0, 0x01, 0xFB, 0xFF, 0xB8, 0xFF, 0xF0, 0x00, 0x1C, 0x00, 0x0F, 0x00, 0x03,
    0x80, 0x7F, 0xFF, 0xFF, 0xFF, 0xFE, 0x01, 0xC0, 0x00, 0x38, 0x00, 0x07, 0x00, 0x00, 0xE0, 0x00,
    0x1C, 0x00, 0x1F, 0x00, 0x03, 0xC0, 0x00, 0x00, 0xC0, 0x00, 0x1C, 0x00, 0x01, 0x80, 0x07, 0xFF,
    0xFF, 0x7F, 0xFF, 0xF0, 0x70, 0x00, 0x07, 0x00, 0x00, 0xEF, 0xFE, 0x0C, 0x7F, 0xC1, 0xC0, 0x38,
    0x3C, 0x07, 0x07, 0xC0, 0xE0, 0xED, 0xFF, 0xF4, 0xDF, 0xFF, 0x0C, 0x0E, 0x00, 0xC0, 0xE0, 0x0C,
    0x0E, 0x00, 0xC0, 0xE0, 0x0C, 0x7E, 0x00, 0xC7, 0xC0, 0x00, 0x60, 0x00, 0x06, 0x00, 0x00, 0x70,
    0x07, 0xFF, 0xFE, 0x7F, 0xFF, 0xE7, 0x00, 0x06, 0x77, 0xFF, 0x60, 0xFF, 0xF0, 0x00, 0x00, 0x00,
    0x00, 0x00, 0x7F, 0xFF, 0xF7, 0xFF, 0xFF, 0x03, 0x8C, 0x00, 0x38, 0xC0, 0x03, 0x0C, 0x00, 0x30,
    0xC3, 0x07, 0x0C, 0x31, 0xE0, 0xC3, 0x7C, 0x0F, 0xF7, 0x00, 0x7E, 0x00, 0x60, 0x00, 0x07, 0x00,
    0x7F, 0xFF, 0xE7, 0xFF, 0xFE, 0x70, 0x00, 0x67, 0x00, 0x06, 0x70, 0x00, 0x66, 0xFF, 0xFE, 0x0F,
    0xFF, 0x80, 0x07, 0x00, 0x0C, 0x70, 0x00, 0xC7, 0x00, 0x0C, 0x7F, 0xC0, 0xC7, 0xFC, 0x1E, 0x70,
    0x01, 0xF7, 0x00, 0x3B, 0xF0, 0x03, 0x3F, 0x80, 0x70, 0xFF, 0xF6, 0x03, 0xFF, 0x00, 0x60, 0x00,
    0x03, 0x80, 0x1F, 0xFF, 0xFC, 0xFF, 0xFF, 0xE6, 0x38, 0xC7, 0x3F, 0xFF, 0xF8, 0x7F, 0xFF, 0x00,
    0x71, 0x80, 0x01, 0x8C, 0x00, 0x7F, 0xFC, 0x03, 0xFF, 0xE0, 0x18, 0xC3, 0x00, 0xC6, 0x18, 0x06,
    0x30, 0xC0, 0x33, 0xE6, 0x01, 0x9F, 0x36, 0x03, 0xD8, 0x30, 0x7C, 0xC1, 0x9F, 0x87, 0xFC, 0xF0,
    0x1F, 0xC0, 0x00, 0x60, 0x00, 0x07, 0x00, 0x7F, 0xFF, 0xF7, 0xFF, 0xFF, 0x71, 0xC2, 0x77, 0x0F,
    0x77, 0x1B, 0x3E, 0x81, 0xB3, 0xDC, 0x3B, 0x7B, 0xE7, 0x3E, 0x37, 0x6F, 0xFF, 0x37, 0xFF, 0xF0,
    0x78, 0x60, 0x01, 0x87, 0x0C, 0x18, 0x70, 0xC1, 0x87, 0x0C, 0x18, 0x70, 0xC1, 0xFF, 0xFC, 0x1F,
    0xFF, 0xC0, 0x00, 0x0C, 0x00, 0x00, 0xC0, 0x00, 0x0C, 0x00, 0x00, 0xC7, 0xFC, 0x0C, 0x7F, 0xC0,
    0xC0, 0x1F, 0xFF, 0x01, 0xBF, 0xF0, 0x18, 0x0C, 0x31, 0x80, 0xC3, 0xFB, 0x0C, 0x1F, 0x38, 0xC0,
    0xF1, 0x8C, 0x07, 0x0C, 0xC0, 0x78, 0xCC, 0x0F, 0xC8, 0xC1, 0xCC, 0x0C, 0x18, 0xC0, 0xC7, 0x80,
    0x1C, 0x70, 0x0F, 0xC6, 0x00, 0x78, 0x06, 0x00, 0xC0, 0x60, 0x0C, 0x06, 0x00, 0xC7, 0xFC, 0x0C,
    0x7F, 0xC0, 0xC0, 0x63, 0xFF, 0x06, 0x3F, 0xF7, 0xFE, 0x0C, 0x7F, 0xE0, 0xC0, 0x61, 0xCC, 0x06,
    0x0C, 0xC0, 0x60, 0xCC, 0x7F, 0xEE, 0xC7, 0xFC, 0x6C, 0x06, 0x00, 0xC0, 0x62, 0x0C, 0x1F, 0xE0,
    0xCF, 0xFE, 0x0C, 0x78, 0x07, 0xC0, 0x00, 0x78, 0x06, 0x00, 0xC0, 0x60, 0x0C, 0x1F, 0xC0, 0xC3,
    0xFC, 0x0C, 0x30, 0xC0, 0xC3, 0xFF, 0xFF, 0x3F, 0xFF, 0xF3, 0x0C, 0x0C, 0x3F, 0xC0, 0xC3, 0xFD,
    0x8C, 0x30, 0xDC, 0xC7, 0xFC, 0xCC, 0x7F, 0xCE, 0xC0, 0x7C, 0x6C, 0x0E, 0xC0, 0xC1, 0xCC, 0x0C,
    0x78, 0xC0, 0xC7, 0x0C, 0x0C, 0x47, 0xC7, 0xC0, 0x38, 0x78, 0x0E, 0x0E, 0x00, 0xE0, 0xE0, 0x0E,
    0x3F, 0xF6, 0xE7, 0xFE, 0x7F, 0xF0, 0xC3, 0xEB, 0x9C, 0x1E, 0x1F, 0x81, 0xE1, 0xE0, 0x0E, 0xFD,
    0xC0, 0xFE, 0x1C, 0x0F, 0xFF, 0xF1, 0xFF, 0xFF, 0x3E, 0x41, 0xC7, 0xE6, 0x1C, 0x6E, 0x71, 0xC0,
    0xE3, 0x9C, 0x0E, 0x19, 0xC0, 0xE0, 0x1C, 0x0E, 0x0F, 0x80, 0x60, 0x78, 0x00, 0x20, 0x00, 0x03,
    0x80, 0x00, 0x1C, 0x00, 0x00, 0xE0, 0x00, 0x07, 0x00, 0x06, 0x38, 0xC0, 0x31, 0xC6, 0x03, 0x8E,
    0x38, 0x1C, 0x70, 0xC0, 0xC3, 0x87, 0x0E, 0x1C, 0x18, 0x70, 0xE0, 0xE7, 0x07, 0x07, 0x38, 0x38,
    0x19, 0x81, 0xC0, 0xE0, 0x0E, 0x04, 0x00, 0x70, 0x00, 0x03, 0x80, 0x01, 0xFC, 0x00, 0x07, 0xC0,
    0x00, 0x0C, 0x0C, 0x00, 0xC0, 0xF8, 0x0C, 0x0F, 0x8F, 0xFC, 0xEC, 0xFF, 0xCC, 0xC0, 0x00, 0xC0,
    0x7F, 0xFF, 0xE7, 0xFB, 0xFE, 0x61, 0x8E, 0x07, 0xF8, 0xF0, 0x7F, 0x8F, 0x00, 0xC1, 0xF0, 0x6F,
    0x1B, 0x06, 0xD9, 0xB0, 0x6D, 0x9B, 0x0E, 0xDF, 0x32, 0xCC, 0x33, 0x3C, 0xC6, 0x36, 0x3C, 0xE3,
    0xE1, 0x8C, 0x08, 0x1F, 0xFF, 0xC1, 0xFF, 0xFC, 0x18, 0x00, 0xC1, 0x80, 0x0C, 0x1F, 0xFF, 0xC1,
    0xFF, 0xFC, 0x18, 0x00, 0x01, 0xFF, 0xFE, 0x1F, 0xFF, 0xE1, 0x80, 0x06, 0x3B, 0xFC, 0x63, 0xBF,
    0xE6, 0x33, 0x06, 0x63, 0x30, 0x66, 0x73, 0x06, 0x67, 0x3F, 0xE6, 0xE3, 0xFC, 0xE4, 0x10, 0x7C,
    0x00, 0x07, 0x80, 0x1F, 0xFF, 0xE1, 0xFF, 0xFE, 0x18, 0x00, 0xE1, 0x80, 0x0E, 0x1F, 0xFF, 0xE1,
    0xFF, 0xFE, 0x18, 0x18, 0x01, 0x81, 0x80, 0x1F, 0xFF, 0xF1, 0xFF, 0xFF, 0x38, 0x18, 0x03, 0x81,
    0x80, 0x33, 0xFF, 0xC3, 0x3F, 0xFC, 0x33, 0x00, 0xC7, 0x30, 0x0C, 0x73, 0xFF, 0xCE, 0x3F, 0xFC,
    0x63, 0x00, 0xC0, 0x1F, 0xFF, 0xE3, 0xFF, 0xFE, 0x38, 0x00, 0x63, 0x80, 0x06, 0x3F, 0xFF, 0xE3,
    0xFF, 0xFE, 0x39, 0xC3, 0x83, 0x8C, 0x30, 0x3F, 0xFF, 0xF3, 0xFF, 0xFE, 0x38, 0xC3, 0x03, 0x8C,
    0x30, 0x3F, 0xFF, 0xF3, 0xFF, 0xFF, 0x30, 0xC3, 0x07, 0x1C, 0x30, 0x63, 0x83, 0x0E, 0xF0, 0x30,
    0x66, 0x03, 0x00, 0x00, 0x60, 0x06, 0x0E, 0x0C, 0xC1, 0xC1, 0x98, 0x38, 0x33, 0xFF, 0xFE, 0x7F,
    0xFF, 0xCF, 0xE7, 0xF9, 0xFE, 0xFF, 0x31, 0xD8, 0x66, 0x3B, 0x0C, 0xFF, 0x7F, 0x9F, 0xEF, 0xF3,
    0x1D, 0x86, 0x7F, 0xBF, 0xCF, 0xF7, 0xF9, 0x8E, 0xC3, 0x71, 0xF8, 0x6C, 0x3E, 0x0F, 0x9F, 0xCF,
    0xA1, 0x90, 0xE0, 0x00, 0x60, 0x03, 0x07, 0x06, 0x30, 0x70, 0x63, 0xFF, 0xFE, 0x3F, 0xFF, 0xE0,
    0x00, 0xC0, 0x31, 0xCC, 0x03, 0x1D, 0xFF, 0x7F, 0xFF, 0xF7, 0xFF, 0x83, 0x31, 0xDB, 0x63, 0x1F,
    0x36, 0x3F, 0xD3, 0x03, 0xFC, 0x30, 0x31, 0xC7, 0x83, 0x1C, 0x78, 0x3F, 0xCF, 0xC3, 0xFD, 0xCE,
    0x31, 0xF8, 0x73, 0x1F, 0x03, 0x01, 0xC0, 0x00, 0x1C, 0x00, 0x01, 0x80, 0x00, 0x18, 0x00, 0x7F,
    0xFF, 0xF7, 0xFF, 0xFF, 0x03, 0x00, 0x00, 0x30, 0x00, 0x07, 0x00, 0x00, 0x7F, 0xFE, 0x07, 0xFF,
    0xE0, 0xC1, 0xC0, 0x0C, 0x1C, 0x01, 0xC1, 0xC0, 0x38, 0x1C, 0x03, 0x01, 0xC0, 0x70, 0x1C, 0x0E,
    0x7F, 0xFF, 0x0F, 0xFF, 0xF0, 0x7F, 0xFF, 0x0F, 0xFF, 0xF0, 0x00, 0x0E, 0x00, 0x01, 0xC3, 0x00,
    0x38, 0x60, 0x07, 0x0C, 0x00, 0xE1, 0x80, 0x1C, 0x3F, 0xFF, 0x87, 0xFF, 0xF0, 0xC0, 0x0C, 0x18,
    0x00, 0x03, 0x00, 0x04, 0x60, 0x00, 0xCC, 0x00, 0x19, 0x80, 0x07, 0x3F, 0xFF, 0xC3, 0xFF, 0xF8,
    0x00, 0xC0, 0x00, 0x0C, 0x00, 0x01, 0xC0, 0x07, 0xFF, 0xFF, 0x7F, 0xFF, 0xF0, 0x30, 0x00, 0x07,
    0x38, 0x00, 0x63, 0x80, 0x0E, 0x38, 0x01, 0xFF, 0xFE, 0x3F, 0xFF, 0xE7, 0xE3, 0x86, 0xEE, 0x38,
    0x64, 0xE3, 0x86, 0x0E, 0x38, 0x60, 0xE3, 0x8E, 0x0E, 0x3F, 0xE0, 0xC3, 0xBC, 0x00, 0x38, 0x00,
    0x03, 0x00, 0x08, 0x01, 0x81, 0xF0, 0x78, 0x07, 0xFF, 0x00, 0x1F, 0xE0, 0x1F, 0xFF, 0x83, 0xFC,
    0x3C, 0x11, 0xC0, 0x87, 0xFF, 0xFF, 0x7F, 0xFF, 0xF0, 0x73, 0x00, 0x0E, 0x30, 0x01, 0xFF, 0xFC,
    0x3F, 0xFF, 0xC7, 0xE3, 0x0C, 0x6E, 0x30, 0xC0, 0xE3, 0x0C, 0x0E, 0x30, 0xC0, 0xE3, 0x7C, 0x0E,
    0x33, 0x80, 0x03, 0x00, 0x03, 0x06, 0x03, 0xFF, 0xFF, 0x9F, 0xFF, 0xFC, 0x06, 0x0C, 0x01, 0xFF,
    0xFC, 0x0C, 0x00, 0x60, 0x60, 0x03, 0x03, 0xFF, 0xF8, 0x18, 0x00, 0xC0, 0xFF, 0xFE, 0x00, 0xE0,
    0x00, 0xFF, 0xFF, 0xE7, 0xFF, 0xFF, 0x0F, 0x31, 0xE1, 0xFF, 0xFF, 0xCF, 0xFF, 0xFE, 0x4C, 0x61,
    0x80, 0x63, 0x2C, 0x03, 0x19, 0xE0, 0x00, 0xC0, 0x00, 0x0C, 0x06, 0x01, 0x80, 0xC0, 0x38, 0x38,
    0x03, 0x06, 0x07, 0xFF, 0xFD, 0xFF, 0xFF, 0x81, 0x83, 0x00, 0x30, 0x60, 0x06, 0x0C, 0x00, 0xC1,
    0x80, 0x18, 0x30, 0x7F, 0xFF, 0xFF, 0xFF, 0xFE, 0x1C, 0x18, 0x03, 0x03, 0x00, 0xE0, 0x60, 0x3C,
    0x0C, 0x0F, 0x01, 0x83, 0xC0, 0x30, 0x60, 0x06, 0x00, 0x00, 0x30, 0x00, 0x03, 0x00, 0x00, 0x38,
    0x03, 0xFF, 0xFF, 0x3F, 0xFF, 0xF3, 0x00, 0x00, 0x30, 0x30, 0x63, 0x63, 0x0E, 0x37, 0x38, 0xC3,
    0x33, 0x8C, 0x33, 0x19, 0xC3, 0x39, 0x98, 0x31, 0x99, 0x83, 0x19, 0xB0, 0x31, 0x83, 0x07, 0x00,
    0x60, 0x70, 0x06, 0x06, 0xFF, 0xFF, 0x6F, 0xFF, 0xF6, 0x00, 0x00, 0x00, 0x30, 0x00, 0x01, 0x80,
    0x0F, 0xFF, 0xFC, 0x7F, 0xFF, 0xE3, 0x8C, 0x30, 0x1C, 0x61, 0xC0, 0xFF, 0xFF, 0xC7, 0xFF, 0xFE,
    0x38, 0xC3, 0x81, 0xC7, 0xFC, 0x0C, 0x3F, 0xE0, 0x60, 0x00, 0x03, 0x7F, 0xFC, 0x1B, 0xFF, 0xE0,
    0xC7, 0x06, 0x06, 0x1C, 0xF0, 0x70, 0x7E, 0x03, 0x0F, 0xF8, 0x1B, 0xFB, 0xFC, 0xDC, 0x01, 0xE0,
    0x00, 0x0C, 0x03, 0xF0, 0x60, 0x1F, 0xBF, 0xF8, 0x1D, 0xFF, 0xC0, 0xC0, 0xCE, 0x0F, 0xFF, 0xF8,
    0x67, 0xFF, 0xC7, 0xDF, 0xFC, 0x7E, 0xFF, 0xE1, 0x30, 0x60, 0x01, 0xBF, 0xF0, 0xCD, 0xFF, 0xC3,
    0xC0, 0xC0, 0x1E, 0xFF, 0xF0, 0x77, 0xFF, 0xC3, 0x81, 0x80, 0x3F, 0x0C, 0x03, 0xBF, 0xFF, 0x98,
    0x7F, 0xFC, 0x80, 0x00, 0x00, 0x7F, 0xFF, 0xDF, 0xFF, 0xF8, 0x18, 0x30, 0x03, 0x06, 0x00, 0x60,
    0xC0, 0x0C, 0x18, 0x01, 0x83, 0x00, 0x30, 0x60, 0xFF, 0xFF, 0xFF, 0xFF, 0xFC, 0x38, 0x30, 0x07,
    0x06, 0x00, 0xC0, 0xC0, 0x38, 0x18, 0x07, 0x03, 0x01, 0xC0, 0x60, 0x70, 0x0C, 0x1C, 0x01, 0x81,
    0x00, 0x30, 0x00, 0x00, 0x1A, 0x00, 0x03, 0xB8, 0x00, 0x3B, 0xC0, 0x03, 0x8C, 0xFF, 0xFF, 0xEF,
    0xFF, 0xFE, 0x00, 0x18, 0x00, 0x01, 0x80, 0x00, 0x18, 0x0F, 0xFD, 0x80, 0x7F, 0xDC, 0x00, 0xE1,
    0xC0, 0x0E, 0x1C, 0x00, 0xE0, 0xC0, 0x0E, 0x0C, 0x60, 0xEE, 0xE6, 0x1F, 0xE6, 0x6F, 0xF8, 0x76,
    0xF0, 0x03, 0xE0, 0x00, 0x1C, 0x00, 0x01, 0xBF, 0xF0, 0xDF, 0xF8, 0x60, 0x1C, 0x30, 0x0E, 0x18,
    0x07, 0x0C, 0xFF, 0x86, 0xFF, 0xC3, 0x70, 0x01, 0xB0, 0x00, 0xD8, 0x00, 0x6F, 0xFC, 0x37, 0xFE,
    0x18, 0x07, 0x0C, 0x03, 0x06, 0x01, 0x83, 0x00, 0xC1, 0x80, 0xE0, 0xC7, 0xF0, 0x61, 0xF0, 0x30,
    0x01, 0xC0, 0x20, 0xE1, 0xB8, 0x70, 0xCE, 0x38, 0xE3, 0x1C, 0x61, 0xCE, 0x70, 0x67, 0x30, 0x03,
    0x80, 0xFF, 0xFF, 0x3F, 0xFF, 0x80, 0x00, 0xC0, 0x00, 0x67, 0xFF, 0xF3, 0xFF, 0xF8, 0x00, 0x0C,
    0x00, 0x06, 0x00, 0x03, 0x7F, 0xFF, 0xBF, 0xFF, 0xC0, 0x00, 0x60, 0x3F, 0xFF, 0x0F, 0xFF, 0xE0,
    0x00, 0x0C, 0x00, 0x01, 0x83, 0xFF, 0xF0, 0x7F, 0xFE, 0x00, 0x00, 0xC7, 0xFF, 0xFF, 0xFF, 0xFF,
    0xE6, 0x1C, 0x30, 0xE3, 0x8E, 0x0F, 0x7F, 0x80, 0xEF, 0xE0, 0x0F, 0xF8, 0x07, 0xFB, 0x83, 0xF7,
    0x3C, 0xF0, 0xE3, 0xE8, 0xF8, 0x3C, 0x1F, 0x00, 0x00, 0x00, 0x60, 0x00, 0x07, 0x00, 0x7F, 0xFF,
    0xF7, 0xFF, 0xFF, 0x0C, 0x00, 0x00, 0xC0, 0x00, 0x0C, 0x00, 0x00, 0xC0, 0x00, 0x0F, 0xFF, 0xE0,
    0xFF, 0xFE, 0x00, 0x00, 0x00, 0x06, 0x00, 0x02, 0x70, 0xC1, 0xF3, 0x8C, 0x37, 0x18, 0xE3, 0x70,
    0x16, 0x77, 0x03, 0xF6, 0x7F, 0xF3, 0x03, 0xFF, 0x00, 0x03, 0x00, 0x00, 0x70, 0x00, 0x0F, 0xFF,
    0xE0, 0xFF, 0xFE, 0x1C, 0xCE, 0xE3, 0x9C, 0xCC, 0x73, 0x9C, 0xC2, 0x73, 0x8C, 0x0E, 0x30, 0xC1,
    0xC7, 0x0C, 0x19, 0xEF, 0xC0, 0x1C, 0xF8, 0x00, 0x60, 0x03, 0x67, 0x0C, 0x36, 0x38, 0xE3, 0x61,
    0xB6, 0x76, 0x03, 0x76, 0x70, 0x37, 0x67, 0xFF, 0x00, 0x3F, 0xE0, 0x00, 0x70, 0x00, 0x07, 0x00,
    0x00, 0x60, 0x07, 0xFF, 0xFF, 0x7F, 0xFF, 0xF0, 0x0F, 0x80, 0x00, 0xD8, 0x00, 0x1D, 0xC0, 0x03,
    0xCF, 0x00, 0xFE, 0x78, 0x7E, 0x7B, 0xF7, 0x83, 0x8F, 0x00, 0xE0, 0x81, 0xF7, 0x1C, 0x3F, 0x38,
    0xC3, 0x71, 0xBE, 0x77, 0x03, 0xE6, 0x7F, 0xF7, 0x63, 0xFF, 0x20, 0x06, 0x60, 0x00, 0xE6, 0x00,
    0x0C, 0xFF, 0xF1, 0xDF, 0xFE, 0x3D, 0x8E, 0x67, 0xF8, 0xEE, 0x7C, 0x6F, 0xC5, 0xC6, 0xEC, 0x1C,
    0xCE, 0xE1, 0xDC, 0xE6, 0x1D, 0x8E, 0x71, 0xC3, 0xE0, 0x08, 0xF8, 0x01, 0x67, 0x0C, 0x3E, 0x38,
    0xC3, 0x61, 0x9E, 0x36, 0x13, 0xE7, 0x70, 0x3F, 0x67, 0xFF, 0x30, 0x3F, 0xE0, 0x18, 0x0C, 0x01,
    0x80, 0xC0, 0x19, 0xFF, 0xF1, 0xDF, 0xFE, 0x7E, 0xFF, 0xC7, 0xFF, 0xFE, 0x7E, 0x0C, 0x07, 0xBF,
    0xFF, 0x7B, 0xFF, 0xFD, 0x8F, 0xFC, 0x59, 0xFF, 0xE1, 0x9C, 0x0E, 0x19, 0xFF, 0xE1, 0x9F, 0xFE,
    0x19, 0xC0, 0xE1, 0x9F, 0xFE, 0x19, 0xFF, 0xE1, 0x9C, 0x0E, 0x19, 0xC3, 0xE1, 0x88, 0x38, 0x00,
    0x1B, 0x00, 0x01, 0xB8, 0x00, 0x19, 0xE0, 0x01, 0x8E, 0x3F, 0xFF, 0xF3, 0xFF, 0xFF, 0x38, 0x1C,
    0x03, 0x81, 0xCE, 0x3F, 0xCC, 0xC3, 0xFC, 0xCC, 0x38, 0xCD, 0xC3, 0x8C, 0xF8, 0x38, 0xCF, 0x83,
    0x0C, 0x70, 0x31, 0xCE, 0x33, 0x79, 0xF3, 0x77, 0xBF, 0x37, 0x07, 0xBB, 0x60, 0xF1, 0xF6, 0x04,
    0x0E, 0x00, 0x32, 0x00, 0x03, 0xF8, 0x00, 0x39, 0xCF, 0xFF, 0xFE, 0xFF, 0xFF, 0xE0, 0x03, 0x80,
    0x00, 0x38, 0x87, 0xF9, 0x9C, 0x7F, 0x99, 0x86, 0x19, 0x98, 0x61, 0x9B, 0x86, 0x19, 0xF0, 0x7F,
    0x9F, 0x07, 0xF8, 0xE0, 0x00, 0xDC, 0x60, 0xFF, 0xE6, 0xFF, 0xFE, 0x6F, 0x8F, 0x76, 0x01, 0xE3,
    0xE0, 0x08, 0x1C, 0x03, 0x0C, 0x00, 0x70, 0xDC, 0x3F, 0xFC, 0xE3, 0xFE, 0xC6, 0x07, 0x0C, 0x27,
    0xFF, 0xFF, 0x7F, 0xFF, 0xF0, 0xF0, 0xE0, 0x19, 0x8E, 0x63, 0xFF, 0x6E, 0x3F, 0xF6, 0xC7, 0x98,
    0x6C, 0x7F, 0xF7, 0xC3, 0x98, 0x78, 0x3F, 0xF7, 0x33, 0x98, 0x73, 0x3F, 0xFF, 0xB3, 0xFF, 0xDF,
    0x38, 0x39, 0xF1, 0x01, 0x0E, 0x00, 0x60, 0x00, 0x1C, 0x00, 0x03, 0x00, 0x7F, 0xFF, 0x1F, 0xFF,
    0xC7, 0x00, 0x31, 0xC0, 0x0C, 0x70, 0x03, 0x1C, 0x00, 0xC7, 0xFF, 0xF1, 0xFF, 0xFC, 0x60, 0x03,
    0x18, 0x00, 0xC6, 0x00, 0x03, 0x80, 0x00, 0xE0, 0x00, 0x30, 0x00, 0x1C, 0x00, 0x06, 0x00, 0x01,
    0x80, 0x00, 0x00, 0x00, 0x20, 0x7C, 0x3F, 0x3F, 0xDF, 0xE3, 0xC1, 0xE0, 0x30, 0x18, 0x03, 0xF9,
    0x80, 0x3F, 0xD8, 0x03, 0x1D, 0xFF, 0x31, 0xDF, 0xF3, 0x1D, 0x8C, 0x3F, 0xD8, 0xC3, 0xFD, 0x8C,
    0x30, 0x18, 0xC7, 0x03, 0x8C, 0x70, 0x38, 0xC7, 0x03, 0x0C, 0x60, 0x30, 0xC6, 0x07, 0x0C, 0xE0,
    0xE0, 0xC4, 0x04, 0x0C, 0x00, 0x07, 0x03, 0xFF, 0xF1, 0xFF, 0xF0, 0x1C, 0x70, 0x00, 0x0E, 0x00,
    0x01, 0xC0, 0x1F, 0xFF, 0xF3, 0xFF, 0xFE, 0x00, 0xE0, 0x00, 0x1C, 0x00, 0x03, 0x80, 0x7F, 0xFF,
    0xFF, 0xFF, 0xFE, 0x01, 0xC0, 0x00, 0x38, 0x00, 0x07, 0x00, 0x00, 0xE0, 0x00, 0x1C, 0x00, 0x3F,
    0x00, 0x07, 0xC0, 0x00, 0x0C, 0x00, 0x00, 0x60, 0x00, 0x03, 0x3F, 0xFC, 0x19, 0xFF, 0xE7, 0xF8,
    0x38, 0x3F, 0xC1, 0xC0, 0x30, 0x0E, 0x01, 0x80, 0x70, 0x0C, 0x03, 0x80, 0x7C, 0x1C, 0x07, 0xE0,
    0xE0, 0xFE, 0x07, 0x07, 0xC0, 0x38, 0x06, 0x01, 0xC0, 0x30, 0x0E, 0x01, 0x80, 0x70, 0x0C, 0x03,
    0x80, 0x60, 0x1C, 0x1F, 0x0F, 0xC0, 0x70, 0x3E, 0x00, 0x0C, 0x00, 0x01, 0x80, 0x00, 0x31, 0xFF,
    0x86, 0x7F, 0xF7, 0xF8, 0x06, 0xFF, 0x00, 0xC3, 0x00, 0x18, 0x60, 0x03, 0x0C, 0x00, 0x61, 0xBF,
    0xFC, 0x7F, 0xFF, 0xBF, 0x80, 0x37, 0xC0, 0x06, 0x18, 0x00, 0xC3, 0x00, 0x18, 0x60, 0x03, 0x0C,
    0xFF, 0xE1, 0x9F, 0xFD, 0xF0, 0x01, 0x9C, 0x00, 0x30, 0x0C, 0x18, 0x00, 0x60, 0xD8, 0x03, 0x06,
    0xE0, 0x18, 0x33, 0x87, 0xF1, 0x8C, 0x3F, 0x8F, 0xF8, 0x33, 0xFF, 0xC1, 0x9F, 0x80, 0x0C, 0x1C,
    0x40, 0x78, 0x67, 0x07, 0xE3, 0x31, 0xFC, 0x1B, 0x87, 0xC0, 0xF8, 0x06, 0x07, 0x80, 0x30, 0x38,
    0x41, 0x83, 0xE6, 0x0C, 0x7B, 0x30, 0xE7, 0x9D, 0x9F, 0x30, 0x7C, 0x70, 0x01, 0xC0, 0x0C, 0x0C,
    0x00, 0xE0, 0x60, 0x07, 0x03, 0x80, 0x38, 0x0C, 0x07, 0xCF, 0xFF, 0x3F, 0xFF, 0xF8, 0x70, 0x00,
    0x03, 0x87, 0xF0, 0x1C, 0x3F, 0x80, 0xF9, 0x8C, 0x07, 0xCC, 0x61, 0xFC, 0x63, 0x07, 0xC3, 0x18,
    0x0E, 0x38, 0xC0, 0x71, 0x86, 0x43, 0x8C, 0x32, 0x1C, 0xE1, 0xB0, 0xEE, 0x0D, 0x9F, 0xE0, 0x7C,
    0xF2, 0x01, 0xC0, 0x0C, 0x00, 0x00, 0x67, 0xFF, 0x03, 0x3F, 0xF8, 0x19, 0xC0, 0xC7, 0xFE, 0x0E,
    0x3F, 0xF3, 0xF0, 0x33, 0xBF, 0x01, 0x9C, 0x00, 0x0C, 0xFF, 0xF0, 0x7F, 0xFF, 0x0F, 0xFE, 0x19,
    0xFD, 0xD9, 0xC7, 0xCE, 0xCC, 0x06, 0x73, 0xE0, 0x33, 0x9E, 0x01, 0x9C, 0x70, 0x0C, 0xE7, 0xC0,
    0x67, 0xF7, 0x9F, 0x3F, 0x1C, 0xF0, 0xE0, 0x40, 0x18, 0x00, 0x00, 0xE7, 0xFF, 0x07, 0x3F, 0xF8,
    0x38, 0xE1, 0x87, 0xF3, 0x9C, 0x3F, 0x8F, 0xC0, 0x70, 0x3C, 0x03, 0x87, 0xF8, 0x1D, 0xF1, 0xF0,
    0xFE, 0x33, 0x8F, 0xC1, 0x81, 0xF9, 0xFF, 0xC7, 0xCF, 0xFE, 0x0E, 0x03, 0x00, 0x77, 0xFF, 0xC3,
    0xBF, 0xFE, 0x1C, 0x06, 0x00, 0xE0, 0x30, 0x1E, 0x01, 0x80, 0x70, 0x0C, 0x00, 0x18, 0x0C, 0x01,
    0xC0, 0xE0, 0x1C, 0x06, 0x01, 0xCF, 0xFF, 0x7F, 0xFF, 0xFF, 0xFC, 0xC3, 0x1C, 0xDC, 0x31, 0xC1,
    0x80, 0x1D, 0xFF, 0xF1, 0xDF, 0xFF, 0x1F, 0x30, 0xC7, 0xF7, 0x1C, 0xFC, 0x61, 0x87, 0xC7, 0xB8,
    0x1C, 0x3F, 0x01, 0xC0, 0xF0, 0x1C, 0x1F, 0xC1, 0xCF, 0x9E, 0x79, 0xF0, 0x77, 0x08, 0x02, 0x18,
    0x18, 0x00, 0xC1, 0xC0, 0x06, 0x0F, 0xF0, 0x30, 0xFF, 0x87, 0xEE, 0x38, 0x3F, 0xFF, 0xE0, 0x67,
    0xFF, 0x83, 0x19, 0xDC, 0x18, 0xCE, 0xE0, 0xD6, 0x77, 0x07, 0xB3, 0x38, 0xFD, 0x99, 0xC7, 0x9F,
    0xFF, 0x0C, 0xFF, 0xF8, 0x60, 0x78, 0x03, 0x07, 0x60, 0x18, 0x73, 0xC0, 0xCF, 0x0F, 0x1E, 0xF0,
    0x1C, 0xE6, 0x00, 0x60, 0x18, 0x00, 0x01, 0x8F, 0xFF, 0x18, 0xFF, 0xF1, 0x8C, 0x07, 0x7F, 0xC0,
    0x7F, 0xFF, 0xFF, 0x18, 0xFF, 0xF1, 0x8C, 0x70, 0x18, 0xC7, 0x01, 0xAF, 0xFF, 0x1F, 0xFF, 0xFF,
    0xEC, 0x70, 0xF8, 0xC7, 0x01, 0x9F, 0xFF, 0x19, 0xBF, 0xF1, 0x9B, 0x07, 0x19, 0xB0, 0x71, 0xBB,
    0xFF, 0x7B, 0x3F, 0xF7, 0x33, 0x03, 0x18, 0x0C, 0x00, 0xC0, 0x60, 0x06, 0x3F, 0xF8, 0x31, 0xFF,
    0xE7, 0xE6, 0x1C, 0x7F, 0x18, 0xC0, 0x60, 0xCE, 0x03, 0x3F, 0xFE, 0x19, 0xFF, 0xF0, 0xD0, 0xE0,
    0x0F, 0x86, 0x01, 0xFF, 0xFF, 0xEF, 0x9F, 0xFF, 0x0C, 0x30, 0xC0, 0x63, 0xCE, 0x03, 0x0F, 0xE0,
    0x18, 0x1F, 0x80, 0xC7, 0xFF, 0x1E, 0xFC, 0x3C, 0xE3, 0x00, 0x40, 0x18, 0x0C, 0x00, 0xC0, 0x70,
    0x06, 0x01, 0x80, 0x33, 0xFF, 0xE7, 0xFF, 0xFF, 0x3F, 0xC8, 0x98, 0x66, 0xEE, 0xC3, 0x06, 0x38,
    0x18, 0xF0, 0xE0, 0xC6, 0x03, 0x87, 0xA0, 0x00, 0xFD, 0xFF, 0xCF, 0x8F, 0xFE, 0x2C, 0x07, 0x00,
    0x60, 0x38, 0x03, 0x01, 0xC0, 0x18, 0x0E, 0x00, 0xCF, 0xFF, 0x9E, 0x7F, 0xFC, 0xE0, 0x00, 0x00,
    0x18, 0x31, 0x81, 0x83, 0x18, 0x18, 0x31, 0x81, 0x9F, 0xFF, 0x7F, 0xFF, 0xFF, 0xE3, 0x18, 0x18,
    0x31, 0x81, 0x81, 0x08, 0x18, 0xFF, 0xE1, 0xAF, 0xFE, 0x1E, 0xC6, 0x6F, 0xEC, 0x66, 0xF8, 0xFF,
    0xE1, 0x8F, 0xFE, 0x18, 0xC6, 0x61, 0x8C, 0x66, 0x18, 0xC6, 0x61, 0x8F, 0xFE, 0x78, 0xFF, 0xE7,
    0x0C, 0x06, 0x18, 0x00, 0x00, 0xC7, 0xFF, 0x06, 0x3F, 0xF8, 0x31, 0x81, 0xC7, 0xEF, 0xFE, 0x7F,
    0xE0, 0x30, 0x63, 0xFF, 0x83, 0x1F, 0xFC, 0x18, 0x00, 0x00, 0xCF, 0xFF, 0x87, 0xFF, 0xFD, 0xFC,
    0x1C, 0x0F, 0x8E, 0xE0, 0x0C, 0x67, 0xF0, 0x63, 0xBF, 0x83, 0x1D, 0xC0, 0x19, 0xFE, 0x00, 0xDD,
    0xF0, 0x1E, 0xC7, 0xFC, 0xE6, 0x0F, 0xE0, 0x18, 0x00, 0xC1, 0x8F, 0xFE, 0x18, 0xFF, 0x81, 0x80,
    0x60, 0x7E, 0x06, 0x07, 0xFF, 0xFF, 0x19, 0xFF, 0xF1, 0x80, 0x60, 0x18, 0x36, 0x01, 0x8F, 0x7E,
    0x1E, 0xE7, 0xE7, 0xEC, 0x66, 0x78, 0xC6, 0x61, 0x8F, 0x7E, 0x18, 0xF7, 0xE1, 0x8C, 0x66, 0x18,
    0xC6, 0x61, 0x8F, 0xFE, 0x78, 0xFF, 0xE3, 0x0C, 0x06, 0x18, 0x0E, 0x00, 0xC1, 0xF0, 0x06, 0x3F,
    0xF8, 0x31, 0x9F, 0xC7, 0xEC, 0xE6, 0x3F, 0x7F, 0xF0, 0x63, 0xFF, 0x83, 0x19, 0xCC, 0x18, 0xFF,
    0xE0, 0xD7, 0xFF, 0x07, 0xC3, 0x80, 0xF8, 0x1C, 0x07, 0x8F, 0xFE, 0x0C, 0x7F, 0xF0, 0x61, 0xC7,
    0x03, 0x07, 0x70, 0x18, 0x1F, 0x00, 0xC3, 0xFE, 0x1E, 0xFC, 0x7C, 0xE3, 0x00, 0xE0, 0x02, 0x18,
    0x00, 0x73, 0x80, 0x67, 0x38, 0x06, 0x73, 0x00, 0x67, 0x3F, 0xE6, 0x77, 0xFE, 0x67, 0x71, 0xC6,
    0x7F, 0x18, 0x67, 0xF1, 0x86, 0x7F, 0x98, 0x67, 0x9B, 0x86, 0x71, 0xB0, 0x6F, 0x0F, 0x0F, 0xF0,
    0xE0, 0xFF, 0x0E, 0x0C, 0x71, 0xF0, 0x07, 0x3B, 0x80, 0x77, 0x1E, 0x07, 0xE0, 0xE0, 0x7C, 0x06,
    0x0E, 0x0C, 0x00, 0x70, 0x60, 0x03, 0x87, 0x00, 0x1C, 0x30, 0x07, 0xFD, 0xFF, 0x7F, 0xEF, 0xF8,
    0x38, 0xE3, 0x81, 0xC7, 0x18, 0x0E, 0x78, 0xC0, 0x73, 0xE6, 0x1F, 0xFB, 0x70, 0xFF, 0x9B, 0x07,
    0x1C, 0xF8, 0x38, 0xE3, 0x81, 0xC7, 0x1C, 0x0E, 0x39, 0xF0, 0x7F, 0xDD, 0xC3, 0xFF, 0xC7, 0x1C,
    0x3C, 0x1C, 0x00, 0x80, 0x60, 0x06, 0x46, 0x01, 0xB7, 0x70, 0x0D, 0xB3, 0x80, 0x2D, 0x18, 0x07,
    0xFE, 0xFF, 0x3F, 0xF7, 0xF8, 0x7F, 0x73, 0x87, 0xDF, 0x98, 0x76, 0x7C, 0xC3, 0x31, 0xB6, 0x03,
    0x0D, 0xF0, 0xFF, 0xCF, 0x07, 0xFC, 0x38, 0x0C, 0xE1, 0xC0, 0xF6, 0x1E, 0x03, 0xF0, 0xF8, 0x0F,
    0x8E, 0xE1, 0xEF, 0xE7, 0x9E, 0x1E, 0x1C, 0xC0, 0x40, 0x20, 0x00, 0x60, 0x00, 0x03, 0x80, 0x00,
    0x1C, 0x00, 0x00, 0x60, 0x07, 0xFF, 0xFF, 0x3F, 0xFF, 0xF8, 0x38, 0x0E, 0x00, 0xC0, 0xE0, 0x07,
    0x07, 0x00, 0x18, 0x70, 0x00, 0xE3, 0x80, 0x03, 0xB8, 0x00, 0x0F, 0x80, 0x00, 0x38, 0x00, 0x03,
    0xE0, 0x00, 0x7B, 0xC0, 0x0F, 0x8F, 0x83, 0xF0, 0x1F, 0x9E, 0x00, 0x3C, 0xC0, 0x00, 0x40, 0x03,
    0x00, 0xC0, 0x38, 0x06, 0x03, 0xE3, 0x30, 0x3B, 0x9D, 0x83, 0x8E, 0x7C, 0x38, 0x39, 0xE3, 0xFF,
    0x03, 0x0F, 0xFB, 0x18, 0x06, 0x1C, 0xC3, 0xFF, 0x76, 0x1F, 0xF9, 0xB0, 0x0C, 0x01, 0xE3, 0x6C,
    0x3F, 0x9B, 0x6F, 0xF8, 0xDB, 0xFB, 0x0E, 0xCC, 0x18, 0x66, 0x60, 0xC3, 0x30, 0x06, 0x07, 0x80,
    0x30, 0x38, 0x01, 0x80, 0x06, 0x00, 0xCC, 0x60, 0x7E, 0xFE, 0xDF, 0x8F, 0xEF, 0xC0, 0xFF, 0xB8,
    0x0F, 0xFB, 0x80, 0xFF, 0xF8, 0x0F, 0xFF, 0xFE, 0xE7, 0x3F, 0xEE, 0xFB, 0x98, 0xEF, 0xB9, 0x8F,
    0xEF, 0x98, 0xFE, 0xF1, 0x8F, 0x63, 0x18, 0xE6, 0x31, 0x8E, 0x23, 0x18, 0xFF, 0xF1, 0x87, 0xFF,
    0x18, 0x00, 0x61, 0x80, 0x02, 0x18, 0x0C, 0x00, 0x00, 0xE0, 0x3E, 0x7F, 0xFF, 0xE7, 0xFF, 0xE0,
    0x31, 0x98, 0x01, 0x99, 0x80, 0x19, 0x98, 0x07, 0xFF, 0xFF, 0x7F, 0xFF, 0xF0, 0x61, 0x8C, 0x06,
    0x18, 0xC7, 0xFF, 0x8C, 0x7F, 0xF8, 0xC3, 0x79, 0x8C, 0x36, 0xD8, 0xC7, 0x6D, 0x8C, 0x66, 0x78,
    0xC4, 0x63, 0x0C, 0x1E, 0x70, 0xC0, 0xC2, 0x0C, 0x00, 0x60, 0x00, 0x07, 0x00, 0x00, 0x30, 0x00,
    0x03, 0x00, 0x7F, 0xFF, 0xF7, 0xFF, 0xFF, 0x01, 0x80, 0x00, 0x18, 0x00, 0x03, 0x80, 0x00, 0x3F,
    0xFC, 0x03, 0xFF, 0xC0, 0x30, 0x1C, 0x03, 0x01, 0xC0, 0x70, 0x18, 0x06, 0x01, 0x80, 0xE0, 0x18,
    0x1C, 0x01, 0x83, 0x80, 0x38, 0x70, 0x3F, 0x06, 0x03, 0xE0, 0x3F, 0xFF, 0xE3, 0xFF, 0xFE, 0x00,
    0x60, 0x00, 0x06, 0x00, 0x00, 0x60, 0x00, 0x06, 0x00, 0x7F, 0xFF, 0xF7, 0xFF, 0xFF, 0x00, 0xF8,
    0x00, 0x0F, 0x80, 0x01, 0xF8, 0x00, 0x3B, 0x80, 0x03, 0xB8, 0x30, 0x73, 0x83, 0x1E, 0x38, 0x33,
    0xC3, 0xFF, 0x78, 0x1F, 0xE6, 0x00, 0x00, 0x00, 0x01, 0x80, 0x00, 0x18, 0xFF, 0x01, 0x8F, 0xF0,
    0x18, 0xE7, 0xFF, 0xEE, 0x7F, 0xFE, 0xE7, 0x01, 0x8E, 0x70, 0x18, 0xFF, 0x61, 0x8F, 0xF7, 0x18,
    0xE7, 0x31, 0x8E, 0x73, 0x98, 0xE7, 0x1D, 0x8E, 0x71, 0x98, 0xFF, 0x01, 0x8F, 0xF0, 0x18, 0xE0,
    0x01, 0x8C, 0x00, 0x38, 0x00, 0x1F, 0x80, 0x01, 0xF0, 0x00, 0x0C, 0x00, 0x00, 0xC0, 0xFC, 0x0C,
    0x0F, 0xCF, 0xFC, 0xCC, 0xFF, 0xCC, 0xCC, 0xCC, 0xCC, 0xCC, 0xCC, 0xCC, 0xCC, 0xFC, 0xCC, 0xCF,
    0xCC, 0xCC, 0xCF, 0xFF, 0xEC, 0xFF, 0xFE, 0xCC, 0x1E, 0x0C, 0xC1, 0xE0, 0xFC, 0x3F, 0x0F, 0xC7,
    0x30, 0xC0, 0xF3, 0x84, 0x1E, 0x1C, 0x03, 0x80, 0xE0, 0x30, 0x06, 0x1F, 0xFF, 0xC0, 0xFF, 0xFE,
    0x06, 0x00, 0x70, 0x3F, 0xFF, 0x81, 0x80, 0x1C, 0x0C, 0x00, 0xE0, 0x7F, 0xFF, 0x01, 0xFF, 0xF0,
    0x7F, 0xFF, 0xF3, 0xFF, 0xFF, 0x80, 0x1C, 0x00, 0x1C, 0xE0, 0x00, 0xC7, 0xFC, 0x06, 0x3F, 0xF0,
    0x79, 0xC0, 0x07, 0xFE, 0x00, 0x73, 0xFF, 0xF3, 0x87, 0xFF, 0x90, 0x00, 0x00, 0x0F, 0xFF, 0x81,
    0xFF, 0xFC, 0x18, 0x01, 0xC1, 0xFF, 0xFC, 0x1F, 0xFF, 0xC1, 0x80, 0x1C, 0x18, 0x01, 0xC1, 0xFF,
    0xFC, 0x1F, 0xFF, 0x80, 0x18, 0xC0, 0x31, 0x8C, 0xE1, 0x98, 0xCC, 0x1D, 0x8D, 0xC0, 0xD8, 0xF8,
    0x0D, 0x8F, 0x00, 0x18, 0xC0, 0xFF, 0xFF, 0xF7, 0xFF, 0xFF, 0x0C, 0x06, 0x01, 0xC1, 0xC0, 0x38,
    0x30, 0x3F, 0xFF, 0xE7, 0xFF, 0xFC, 0x66, 0x77, 0x06, 0xCE, 0xC0, 0xD9, 0xF8, 0xFF, 0xFF, 0xFF,
    0xFF, 0xFC, 0x00, 0x00, 0x0F, 0xFF, 0x81, 0xFF, 0xF0, 0x30, 0x06, 0x07, 0xFF, 0xC0, 0xFF, 0xF8,
    0x18, 0x03, 0x03, 0xFF, 0xE0, 0x7F, 0xFC, 0x0C, 0x01, 0x80, 0x7F, 0xFF, 0xF3, 0xFF, 0xFF, 0x80,
    0x1C, 0x00, 0x3F, 0xFF, 0x81, 0xFF, 0xFE, 0x0C, 0x38, 0x70, 0x61, 0xC3, 0x83, 0xFF, 0xFC, 0x1F,
    0xFF, 0xE0, 0xC3, 0x87, 0x07, 0xFF, 0xF8, 0x3F, 0xFF, 0xC0, 0xC6, 0x00, 0x07, 0x70, 0x00, 0x1F,
    0x00, 0x00, 0x7C, 0x00, 0x1F, 0xFF, 0x83, 0xE1, 0xFF, 0x9C, 0x00, 0xFC, 0x1F, 0xFF, 0xC0, 0xE0,
    0x0E, 0x07, 0x00, 0x70, 0x3F, 0xFF, 0x81, 0xC0, 0x1C, 0x0F, 0xFF, 0xE0, 0x00, 0x00, 0x0F, 0xFF,
    0xFE, 0x7F, 0xFF, 0xF0, 0xC6, 0x00, 0x07, 0xFF, 0xF8, 0x3F, 0xFF, 0xC1, 0xFC, 0xCE, 0x0F, 0xE6,
    0x60, 0x63, 0x1E, 0x07, 0xFC, 0xF0, 0x7F, 0xEF, 0xC3, 0xC7, 0xEF, 0x80, 0x3E, 0x1C, 0x00, 0xC0,
    0x00, 0x1C, 0x00, 0x01, 0x80, 0x07, 0xFF, 0xFF, 0x7F, 0xFF, 0xF0, 0x30, 0x00, 0x07, 0x00, 0x00,
    0xFF, 0xF8, 0x0F, 0xFF, 0x81, 0xE0, 0x18, 0x3F, 0xFF, 0x87, 0x7F, 0xF8, 0x66, 0x01, 0x80, 0x60,
    0x18, 0x07, 0xFF, 0x80, 0x7F, 0xF8, 0x06, 0x01, 0x80, 0x60, 0x18, 0x06, 0x0F, 0x80, 0x60, 0xF0,
    0x3F, 0xBF, 0xE1, 0xFD, 0xFF, 0x0C, 0xEC, 0x18, 0x67, 0x60, 0xC3, 0x3B, 0x3E, 0x1F, 0xD9, 0xF0,
    0xFE, 0xC0, 0x06, 0x77, 0xFE, 0x33, 0xBF, 0xF1, 0x9D, 0xE3, 0x0F, 0xEF, 0x98, 0x7F, 0x6D, 0xC3,
    0x3B, 0x7C, 0x39, 0xD9, 0xE1, 0x8E, 0xCE, 0x0C, 0x76, 0xF8, 0x63, 0xBF, 0xF7, 0x7D, 0xE3, 0x93,
    0xCE, 0x0C, 0x00, 0x60, 0x00, 0x03, 0x80, 0x00, 0x1C, 0x00, 0x00, 0xE0, 0x03, 0xFF, 0xFE, 0x1F,
    0xFF, 0xE0, 0x01, 0xC0, 0x00, 0x0E, 0x00, 0x00, 0x70, 0x03, 0xFF, 0xFF, 0x9F, 0xFF, 0xFC, 0x03,
    0xF0, 0x00, 0x1F, 0xC0, 0x03, 0xFF, 0x00, 0x3D, 0xDC, 0x03, 0xCE, 0x78, 0x78, 0x71, 0xF3, 0x83,
    0x83, 0x98, 0x1C, 0x08, 0x00, 0xE0, 0x00, 0x00, 0x70, 0x00, 0x03, 0x80, 0x00, 0x1C, 0x00, 0x00,
    0xE0, 0x00, 0x07, 0x00, 0x3F, 0xFF, 0xF9, 0xFF, 0xFF, 0xC0, 0x3F, 0x80, 0x03, 0xFC, 0x00, 0x1B,
    0xB0, 0x01, 0xDD, 0xC0, 0x1C, 0xE7, 0x01, 0xC7, 0x1C, 0x1C, 0x38, 0xF1, 0xFF, 0xFF, 0xCD, 0xFF,
    0xEE, 0x00, 0x70, 0x00, 0x03, 0x80, 0x00, 0x1C, 0x00, 0x00, 0xE0, 0x00, 0x0C, 0x00, 0x00, 0x61,
    0xFE, 0x03, 0x0F, 0xF0, 0x18, 0x63, 0x80, 0xC3, 0x1C, 0x3F, 0xF8, 0xE1, 0xFE, 0xC7, 0x01, 0x86,
    0x38, 0x1E, 0x31, 0xC0, 0xF9, 0x8E, 0x0F, 0xCC, 0x70, 0x7B, 0x63, 0x87, 0xDB, 0x1C, 0x36, 0x18,
    0xE3, 0xB1, 0xC7, 0x69, 0x8C, 0x3B, 0x0C, 0xE1, 0xD8, 0x66, 0x0E, 0xC3, 0x70, 0x3C, 0x19, 0x01,
    0xE0, 0x00, 0x60, 0x00, 0x03, 0x80, 0x1F, 0xFF, 0xFC, 0xFF, 0xFF, 0xE0, 0x07, 0x00, 0x00, 0x38,
    0x00, 0x7F, 0xFF, 0x03, 0xFF, 0xF8, 0x18, 0x70, 0xC0, 0xC3, 0x86, 0x06, 0x1C, 0x30, 0x3F, 0xFF,
    0x81, 0xFF, 0xFC, 0x00, 0xFE, 0x00, 0x0F, 0xF8, 0x01, 0xEE, 0xE0, 0x1E, 0x73, 0xC3, 0xC3, 0x8F,
    0x9C, 0x1C, 0x1C, 0x00, 0xC0, 0x00, 0x01, 0xC0, 0x00, 0x1C, 0x00, 0x01, 0xFF, 0xC0, 0x1F, 0xFE,
    0x01, 0xF8, 0xE0, 0x3C, 0xEE, 0x00, 0xC3, 0xE0, 0x00, 0x3F, 0x80, 0x0F, 0xFF, 0x83, 0xF8, 0x3F,
    0x9E, 0x1C, 0x3C, 0x00, 0xE0, 0x01, 0xFF, 0xFC, 0x0F, 0xFF, 0xE0, 0x1D, 0xD8, 0x01, 0xCE, 0xE0,
    0x1C, 0x73, 0x81, 0xC3, 0x8E, 0x0C, 0x78, 0x30, 0x01, 0x80, 0x00, 0x00, 0x70, 0x00, 0x03, 0x80,
    0x00, 0x1C, 0x00, 0x7F, 0xFF, 0xC3, 0xFF, 0xFE, 0x06, 0x38, 0xE0, 0x39, 0xC6, 0x00, 0xCE, 0x70,
    0x06, 0x77, 0x03, 0xFF, 0xFF, 0x9F, 0xFF, 0xFC, 0x01, 0xF0, 0x00, 0x1F, 0xC0, 0x01, 0xFF, 0x00,
    0x1D, 0xDC, 0x03, 0xCE, 0x78, 0x3C, 0x71, 0xE3, 0x83, 0x87, 0x98, 0x1C, 0x0C, 0x00, 0xE0, 0x00,
    0x0C, 0x00, 0x00, 0xC1, 0x98, 0x0C, 0x39, 0x80, 0xC3, 0x9C, 0x0C, 0x31, 0xC7, 0xFB, 0x0C, 0x7F,
    0xF0, 0xE1, 0xC6, 0xC7, 0x1E, 0xEE, 0x71, 0xFC, 0xC3, 0x3F, 0x0C, 0x03, 0xF9, 0xC0, 0x7D, 0x19,
    0x86, 0xC3, 0x9C, 0xEC, 0x30, 0xC4, 0xC7, 0x0E, 0x0C, 0x7F, 0xE0, 0xCF, 0xFF, 0x0C, 0xFC, 0x70,
    0xC0, 0x00, 0x0C, 0x00, 0x40, 0xC0, 0x3E, 0x0C, 0x3F, 0xC0, 0xC3, 0xE0, 0x0C, 0x30, 0x07, 0xFB,
    0x00, 0x7F, 0xB0, 0x01, 0xC3, 0xFF, 0x1E, 0x3F, 0xF1, 0xF3, 0x18, 0x3F, 0xB1, 0x83, 0xDB, 0x18,
    0x7D, 0x71, 0x86, 0xC7, 0x18, 0xEC, 0x61, 0x84, 0xC6, 0x18, 0x0C, 0x61, 0x80, 0xCE, 0x18, 0x0C,
    0xC1, 0x80, 0xCC, 0x18, 0x00, 0x60, 0x00, 0x03, 0x00, 0x00, 0x18, 0x00, 0xFF, 0xFF, 0xE7, 0xFF,
    0xFF, 0x01, 0xFE, 0x00, 0x1D, 0xBC, 0x01, 0xCC, 0xF0, 0x3C, 0x61, 0xE3, 0xC3, 0x87, 0x9B, 0xFF,
    0xEC, 0x1C, 0x07, 0x00, 0xFF, 0xF8, 0x07, 0x01, 0xC0, 0x38, 0x0E, 0x01, 0xFF, 0xF0, 0x00, 0x00,
    0x03, 0xFF, 0xFF, 0x9F, 0xFF, 0xFC, 0x0C, 0x00, 0x00, 0xC0, 0x00, 0x0C, 0x7F, 0xE0, 0xC7, 0xFE,
    0x0C, 0x00, 0x07, 0xF8, 0x00, 0x7F, 0x80, 0x01, 0xEF, 0xFF, 0x1F, 0x7F, 0xF3, 0xF0, 0x60, 0x3D,
    0x86, 0x07, 0xD3, 0x6C, 0x6C, 0x76, 0xEE, 0xC6, 0x66, 0x4C, 0xE6, 0x70, 0xCC, 0x63, 0x0D, 0xC6,
    0x30, 0xC8, 0x63, 0x0C, 0x3E, 0x00, 0xC1, 0xC0, 0x0C, 0x00, 0xC0, 0xC3, 0x0C, 0x0C, 0x39, 0xC0,
    0xC1, 0x98, 0x7F, 0x1B, 0x87, 0xFF, 0xFE, 0x1C, 0xFF, 0xE1, 0xE0, 0x00, 0x1E, 0x00, 0x01, 0xF0,
    0x00, 0x3F, 0x00, 0x03, 0xD7, 0xFE, 0x6C, 0x7F, 0xC6, 0xC0, 0x00, 0x4C, 0x00, 0x00, 0xC0, 0x00,
    0x0C, 0x00, 0x00, 0xDF, 0xFF, 0x0C, 0xFF, 0xF0, 0xC0, 0x00, 0x1C, 0x20, 0x61, 0xC7, 0x0E, 0x1C,
    0x30, 0xC1, 0xC3, 0x9C, 0x7F, 0xFF, 0xF7, 0xFF, 0xFF, 0x1C, 0x06, 0x01, 0xC0, 0x60, 0x1E, 0x7F,
    0xE3, 0xF7, 0xFE, 0x3F, 0x06, 0x07, 0xE0, 0x60, 0x7C, 0x06, 0x0F, 0xDF, 0xFF, 0x5D, 0xFF, 0xF1,
    0xC0, 0x60, 0x1C, 0x06, 0x01, 0xC0, 0x60, 0x1C, 0x06, 0x01, 0xC0, 0x60, 0x0C, 0x06, 0x00, 0xC0,
    0x60, 0x0C, 0xC6, 0x60, 0xCE, 0x66, 0x0C, 0x66, 0xE7, 0xF6, 0x6C, 0x7F, 0x36, 0xC1, 0xC0, 0x60,
    0x1E, 0xFF, 0xE3, 0xFF, 0xFE, 0x3F, 0x00, 0x63, 0xF0, 0x06, 0x6C, 0xFF, 0xE6, 0xCF, 0xFE, 0xEC,
    0x00, 0x64, 0xC0, 0x06, 0x0D, 0xFF, 0xE0, 0xDF, 0xFE, 0x0C, 0x00, 0x60, 0xC0, 0x06, 0x18, 0x0C,
    0x00, 0xE0, 0x60, 0x07, 0x07, 0x80, 0x38, 0x7E, 0x07, 0xF3, 0x38, 0x3F, 0xB8, 0xE0, 0x77, 0x83,
    0xC3, 0xFF, 0xFE, 0x3F, 0x3F, 0x91, 0xF0, 0x00, 0x0F, 0xF3, 0x18, 0xFD, 0x99, 0xC7, 0xC6, 0xCC,
    0x7E, 0x33, 0x61, 0x71, 0x9E, 0x03, 0x8C, 0x30, 0x1C, 0x03, 0x00, 0xEF, 0xFF, 0x87, 0x7F, 0xFC,
    0x30, 0x00, 0x00, 0x1C, 0x31, 0x80, 0xE1, 0x8C, 0x07, 0x7F, 0xFC, 0x3B, 0xFF, 0xE7, 0xF3, 0x18,
    0x3F, 0xBF, 0xE0, 0x73, 0xFF, 0x83, 0x98, 0x0C, 0x1E, 0xFF, 0xE1, 0xF7, 0xFF, 0x0F, 0xFF, 0xF8,
    0xFF, 0xFF, 0xC7, 0xC0, 0xC0, 0x7E, 0xFF, 0xF9, 0x77, 0xFF, 0xC3, 0x83, 0xE0, 0x1C, 0x3B, 0x80,
    0xE7, 0x8F, 0x07, 0xF8, 0x3C, 0x33, 0x00, 0x60, 0x0C, 0x39, 0x80, 0x61, 0xCC, 0x03, 0x3F, 0xFC,
    0x19, 0xFF, 0xE0, 0xC3, 0x98, 0x3F, 0xFF, 0xF9, 0xFF, 0xFF, 0xC3, 0x80, 0xC0, 0x1C, 0x7F, 0xE1,
    0xF7, 0xFF, 0x8F, 0xF1, 0x9C, 0x7F, 0x8C, 0xE6, 0xDF, 0xFF, 0x36, 0x63, 0x3B, 0xB3, 0xFF, 0xC9,
    0x9F, 0xFE, 0x0C, 0x10, 0x80, 0x63, 0xCF, 0x03, 0x78, 0x3C, 0x1B, 0x80, 0x60, 0x00, 0x60, 0x00,
    0x03, 0x00, 0x1C, 0x38, 0x00, 0xF1, 0xC0, 0x01, 0xCF, 0xFF, 0x06, 0x7F, 0xF0, 0x07, 0x31, 0x80,
    0x33, 0x9C, 0x03, 0x9C, 0xC0, 0x18, 0xE6, 0x01, 0x07, 0x00, 0x1C, 0x38, 0x01, 0xC1, 0xE0, 0x0C,
    0x1F, 0x00, 0xE0, 0xDC, 0x0E, 0x0E, 0x70, 0x60, 0xE1, 0xC1, 0x1E, 0x0F, 0x81, 0xE0, 0x1C, 0x0C,
    0x00, 0x40, 0xFF, 0xFF, 0xCF, 0xFF, 0xF8, 0x01, 0x80, 0x00, 0x30, 0x00, 0x06, 0x00, 0x30, 0xC0,
    0x06, 0x18, 0x00, 0xC3, 0xFE, 0x18, 0x7F, 0xC3, 0x0C, 0x00, 0x61, 0x80, 0x0C, 0x30, 0x01, 0x86,
    0x00, 0x30, 0xC0, 0x06, 0x18, 0x07, 0xFF, 0xFF, 0xFF, 0xFF, 0xE0, 0x03, 0x0C, 0x00, 0x18, 0x60,
    0x00, 0xC3, 0x00, 0x06, 0x18, 0x01, 0x30, 0xC0, 0x1D, 0x86, 0x30, 0xEC, 0x33, 0xC7, 0x7D, 0xF8,
    0x3B, 0xEF, 0x81, 0xD8, 0x70, 0x0E, 0xC3, 0x00, 0x76, 0x18, 0x03, 0xB0, 0xC0, 0x1D, 0x86, 0x00,
    0xEC, 0x30, 0xC7, 0x61, 0x86, 0x3B, 0xEC, 0x33, 0xFF, 0x7F, 0x9F, 0xC3, 0xFC, 0xC0, 0x00, 0x00,
    0x00, 0x60, 0x00, 0x1C, 0x00, 0x63, 0xFE, 0x0C, 0x7F, 0xC1, 0x8E, 0x00, 0x31, 0xC0, 0x06, 0x38,
    0x07, 0xFF, 0xFF, 0xFF, 0xFF, 0xE0, 0x9C, 0x20, 0x3B, 0x8E, 0x0E, 0x71, 0x83, 0x8E, 0x70, 0xE1,
    0xDC, 0x18, 0x3F, 0x00, 0x07, 0xC0, 0x03, 0xE0, 0x0F, 0xF0, 0x03, 0xF8, 0x00, 0x70, 0x00, 0x00,
    0x03, 0x80, 0x00, 0xFC, 0xFC, 0x0F, 0x87, 0xE0, 0x60, 0x33, 0x03, 0x01, 0x98, 0x1F, 0xCC, 0xC0,
    0xFE, 0xE6, 0x06, 0x0E, 0x3E, 0x30, 0x70, 0xF1, 0xFF, 0x00, 0x0F, 0xFF, 0xF8, 0x60, 0x7F, 0x83,
    0x03, 0x8C, 0x18, 0xCC, 0xE1, 0xFE, 0x3E, 0x1F, 0xE1, 0xE0, 0x70, 0x0F, 0x81, 0x81, 0xFF, 0x0C,
    0x3E, 0x3C, 0x61, 0xC0, 0x60, 0x06, 0x00, 0x00, 0x60, 0x00, 0x0F, 0xFF, 0xE1, 0xFF, 0xFF, 0x1C,
    0x00, 0x03, 0x80, 0x00, 0x7F, 0xFF, 0xC6, 0xFF, 0xFC, 0x0C, 0xF1, 0x80, 0xC3, 0x98, 0x7F, 0xFF,
    0xF7, 0xFF, 0xFF, 0x1C, 0xC1, 0x81, 0xCE, 0x18, 0x18, 0x79, 0x81, 0xFF, 0xFE, 0x1F, 0xFF, 0xF0,
    0x00, 0x38, 0x00, 0x1F, 0x80, 0x01, 0xF0, 0x00, 0x00, 0x00, 0x70, 0x30, 0x0E, 0x06, 0x01, 0xC0,
    0xC0, 0x38, 0x18, 0x07, 0x03, 0x0C, 0xE0, 0x63, 0x9C, 0x0C, 0xF3, 0xFD, 0xBC, 0x7F, 0xBE, 0x0E,
    0x07, 0x81, 0xC0, 0xC0, 0x38, 0x18, 0x07, 0x03, 0x00, 0xE0, 0x60, 0xDC, 0x0C, 0x1B, 0x8D, 0x83,
    0x7F, 0xB0, 0xEF, 0xE7, 0xF9, 0xE0, 0xFF, 0x20, 0x00, 0x00, 0x00, 0x18, 0x01, 0xC0, 0xE0, 0x0F,
    0x83, 0x00, 0x1C, 0x1C, 0x00, 0x1F, 0xFF, 0x00, 0xFF, 0xF9, 0x80, 0x30, 0x0F, 0x01, 0x80, 0x3C,
    0x0C, 0x00, 0x40, 0x60, 0x00, 0x3F, 0xF8, 0x0B, 0xFF, 0xC0, 0x60, 0xC0, 0x06, 0x06, 0x00, 0x70,
    0x30, 0x03, 0x01, 0x80, 0x38, 0x0C, 0x01, 0x9F, 0xFF, 0x9C, 0xFF, 0xFC, 0x40, 0x00, 0x00, 0x20,
    0x30, 0x03, 0x83, 0x70, 0x1C, 0x33, 0x80, 0xC3, 0x98, 0x00, 0x3F, 0xE0, 0x3F, 0xFE, 0x63, 0xFC,
    0x07, 0x81, 0x80, 0x38, 0x19, 0xF0, 0x9F, 0xFF, 0x03, 0xFF, 0x20, 0xB9, 0xC7, 0x0C, 0x1C, 0xE1,
    0xC0, 0xDC, 0x18, 0x0F, 0xB3, 0x81, 0xF3, 0x30, 0x7F, 0x37, 0x3F, 0x3B, 0x63, 0xC3, 0xF0, 0x00,
    0x0E, 0x00, 0xC0, 0x63, 0x0C, 0x06, 0x38, 0xE3, 0x61, 0xC6, 0x36, 0x0F, 0xFF, 0x60, 0x3F, 0xF6,
    0x40, 0x33, 0x67, 0x33, 0x36, 0x3B, 0xB3, 0x61, 0x9F, 0x36, 0x00, 0xE3, 0x60, 0x0E, 0x36, 0x18,
    0xE3, 0x61, 0x8F, 0x36, 0x19, 0xFB, 0x63, 0x19, 0x86, 0x33, 0x98, 0x67, 0x70, 0x06, 0x26, 0x01,
    0xE0, 0x00, 0x1C, 0x20, 0x0C, 0x03, 0x98, 0xE7, 0x3D, 0xCE, 0x60, 0xCC, 0xEE, 0x00, 0xEE, 0xC0,
    0x06, 0xEC, 0x60, 0xFF, 0xE7, 0x0F, 0xFE, 0x3C, 0xC0, 0x61, 0x8C, 0x06, 0x00, 0xFF, 0xE0, 0x0F,
    0xFE, 0x0C, 0xC0, 0x60, 0xCF, 0xFE, 0x1C, 0xFF, 0xE1, 0x8C, 0x06, 0x38, 0xC0, 0x63, 0x0C, 0x06,
    0x70, 0xC3, 0xE2, 0x0C, 0x3C, 0x00, 0x00, 0x03, 0x1F, 0xFE, 0x3F, 0xFF, 0xF1, 0xF8, 0x07, 0x03,
    0xB3, 0x70, 0x07, 0x38, 0x40, 0xE1, 0xC7, 0x1C, 0x0E, 0x3B, 0x8C, 0x61, 0x90, 0xC4, 0x01, 0xFF,
    0xE0, 0x3F, 0xFF, 0x0C, 0x3E, 0x01, 0xC3, 0xF0, 0x18, 0x6F, 0x83, 0x8E, 0xDC, 0x33, 0xCC, 0xE7,
    0x78, 0xC7, 0x62, 0x0C, 0x20, 0x00, 0xC0, 0x00, 0x00, 0x01, 0xCF, 0xFF, 0x0F, 0xFF, 0xFC, 0x18,
    0x30, 0x00, 0x01, 0x80, 0x00, 0x1C, 0x01, 0x9F, 0xFF, 0xCE, 0x7F, 0xFE, 0x38, 0xE3, 0x80, 0xC6,
    0xCE, 0x00, 0xF6, 0x3C, 0x0F, 0x31, 0xE0, 0xAD, 0xED, 0x0E, 0xEF, 0x70, 0x66, 0x6D, 0xC7, 0x73,
    0x66, 0x33, 0x1B, 0x33, 0x80, 0xC0, 0x18, 0x3E, 0x00, 0x40, 0xE0, 0x00, 0x00, 0x0C, 0x03, 0x80,
    0xC0, 0x3F, 0xFF, 0xE0, 0xDF, 0xFE, 0x00, 0xFF, 0xC0, 0x1F, 0xFE, 0x60, 0x0C, 0x07, 0x7F, 0xFF,
    0x3B, 0xFF, 0xF1, 0x8F, 0xFC, 0x01, 0xFF, 0xC0, 0x98, 0x0C, 0x0D, 0xFF, 0xC1, 0xDF, 0xFC, 0x19,
    0x80, 0xC3, 0x9F, 0xFC, 0x31, 0xFF, 0xC7, 0x18, 0x0C, 0x71, 0x83, 0xC0, 0x18, 0x38, 0x00, 0x0C,
    0x03, 0x8F, 0xFC, 0x3D, 0xFF, 0xE0, 0xFC, 0xC6, 0x05, 0xFF, 0xE0, 0x1F, 0xFE, 0x60, 0x0C, 0x07,
    0x3F, 0xFF, 0x3F, 0xFF, 0xF1, 0x8F, 0xFC, 0x00, 0xFF, 0xE0, 0x0C, 0x0E, 0x0C, 0xCC, 0xE0, 0xCC,
    0xCE, 0x1C, 0xCC, 0xE1, 0x8C, 0xCE, 0x38, 0x9B, 0x43, 0x07, 0xBC, 0x71, 0xE0, 0xF0, 0x18, 0x02,
    0x00, 0x00, 0x01, 0xCF, 0xFF, 0x8F, 0x7F, 0xFC, 0x1B, 0x0C, 0x00, 0x18, 0x60, 0x00, 0xFF, 0xF1,
    0x87, 0xFF, 0x8F, 0x3E, 0x0C, 0x39, 0xFF, 0xE0, 0x0F, 0xFF, 0x00, 0xFC, 0x18, 0x17, 0xFF, 0xC0,
    0xFB, 0xFE, 0x0F, 0x9B, 0x60, 0x6C, 0xDB, 0x87, 0x6C, 0xCE, 0x37, 0xE6, 0x33, 0xB6, 0x31, 0x9B,
    0x87, 0x80, 0x00, 0x38, 0x00, 0x00, 0x1C, 0x01, 0x80, 0xFF, 0x0F, 0x07, 0xF8, 0x18, 0x38, 0x00,
    0x3F, 0xFF, 0x01, 0xFF, 0xF9, 0x8E, 0x61, 0x8F, 0x77, 0xFC, 0x3B, 0xFF, 0x80, 0x5C, 0xC3, 0x00,
    0xE7, 0xF8, 0x16, 0x0F, 0x80, 0xF0, 0x40, 0x0F, 0x83, 0x20, 0x6D, 0xFD, 0x87, 0x6B, 0x6C, 0x37,
    0xD8, 0xF3, 0xB6, 0xC7, 0x99, 0xA7, 0xF0, 0x08, 0x00, 0x00, 0x00, 0x60, 0x00, 0x06, 0x00, 0x00,
    0x7F, 0xE0, 0x07, 0xFE, 0x00, 0x60, 0x00, 0x06, 0x00, 0x1F, 0xFF, 0xC1, 0xFF, 0xFC, 0x18, 0x01,
    0xC1, 0x80, 0x1C, 0x18, 0x01, 0xC1, 0x80, 0x1C, 0x1F, 0xFF, 0xC1, 0xFF, 0xFC, 0x00, 0x00, 0x81,
    0x99, 0x8C, 0x39, 0x9C, 0xE3, 0x18, 0xC6, 0x71, 0x8E, 0x76, 0x18, 0x42, 0x0C, 0x1C, 0x00, 0x60,
    0xE0, 0x03, 0x07, 0x00, 0xFF, 0xFF, 0x87, 0xFF, 0xFC, 0x06, 0x0C, 0x60, 0x30, 0x63, 0x01, 0xFB,
    0x18, 0x3F, 0xF8, 0xC3, 0xE1, 0xE6, 0x1B, 0x0F, 0xB0, 0x18, 0xEF, 0xB0, 0xCE, 0x0F, 0x1E, 0x60,
    0x78, 0xE0, 0x01, 0x83, 0x33, 0x18, 0x39, 0x9C, 0xE1, 0x8C, 0x63, 0x1C, 0x63, 0x1C, 0xC3, 0x18,
    0x60, 0x00, 0x18, 0x03, 0x83, 0x00, 0x70, 0x60, 0x0E, 0x0C, 0x01, 0xC1, 0x80, 0x38, 0x30, 0x07,
    0xFF, 0xF8, 0xFF, 0xFF, 0x1C, 0x00, 0x03, 0x80, 0x00, 0x70, 0x00, 0x0F, 0xFF, 0x81, 0xFF, 0xF0,
    0x30, 0x06, 0x06, 0x00, 0xC1, 0xC0, 0x18, 0x30, 0x03, 0x0E, 0x00, 0x61, 0x80, 0x0C, 0x30, 0x01,
    0x80, 0x33, 0x00, 0x61, 0xB9, 0xFF, 0x8D, 0xCF, 0xF8, 0x6E, 0x60, 0x03, 0x73, 0x00, 0x1B, 0x98,
    0x00, 0xFF, 0xFF, 0x87, 0xF7, 0xFE, 0x30, 0x3C, 0x61, 0x81, 0xE3, 0x0F, 0xCF, 0x18, 0x7E, 0x6D,
    0xC3, 0x37, 0x6C, 0x19, 0xBB, 0xE1, 0xCD, 0xCE, 0x0E, 0x6C, 0x70, 0x63, 0x67, 0xC3, 0x1F, 0x77,
    0x38, 0xFF, 0x1C, 0x87, 0xB0, 0x60, 0x0C, 0x06, 0x00, 0xC0, 0x60, 0x3C, 0x7F, 0xE7, 0xC7, 0xFE,
    0x7F, 0x06, 0x07, 0xF0, 0x60, 0x6C, 0xFF, 0xF6, 0xCF, 0xFF, 0x6C, 0x00, 0xC4, 0xC0, 0x0C, 0x0D,
    0xFF, 0xF1, 0xFF, 0xFF, 0x7F, 0x20, 0xC7, 0xC7, 0x0C, 0x0C, 0x38, 0xC0, 0xC1, 0x8C, 0x0C, 0x18,
    0xC0, 0xC0, 0x0C, 0x0C, 0x07, 0xC0, 0xC0, 0x78, 0x06, 0x0C, 0x00, 0x30, 0x6C, 0x01, 0x83, 0x30,
    0xCC, 0x19, 0xC7, 0x60, 0xC6, 0x1B, 0x06, 0x00, 0x7F, 0xFF, 0xC3, 0xFF, 0xFE, 0x06, 0x0E, 0x00,
    0x30, 0x70, 0x03, 0x87, 0x80, 0x3C, 0x3C, 0x03, 0xE1, 0xB0, 0x3B, 0x1D, 0x81, 0x98, 0xEE, 0x08,
    0xCE, 0x30, 0x06, 0x61, 0xC0, 0x37, 0x07, 0x01, 0xF0, 0x1C, 0x0F, 0x00, 0x60, 0x00, 0xC0, 0x00,
    0x1C, 0x03, 0xFF, 0xFF, 0xFF, 0xFF, 0xF6, 0x19, 0x88, 0xE7, 0x73, 0x8F, 0xFD, 0xE0, 0xDF, 0x30,
    0x0D, 0xF2, 0x07, 0xF3, 0xF3, 0xFF, 0xFF, 0x73, 0xF6, 0x60, 0x0E, 0x01, 0xFF, 0xFF, 0xFF, 0xFF,
    0xF8, 0x07, 0x00, 0x00, 0xE0, 0x00, 0x1C, 0x00, 0x03, 0x80, 0x00, 0x70, 0x00, 0x1F, 0xFF, 0xE3,
    0xFF, 0xFC, 0x61, 0xC1, 0x8C, 0x38, 0x31, 0xFF, 0xFE, 0x3F, 0xFF, 0xC6, 0x1C, 0x18, 0xC3, 0x83,
    0x18, 0x70, 0x63, 0xFF, 0xFC, 0x7F, 0xFF, 0x9C, 0x38, 0x33, 0x87, 0x06, 0x60, 0xE0, 0xCC, 0x1C,
    0x1B, 0x83, 0x87, 0xE0, 0x77, 0xE8, 0x06, 0xF8, 0x01, 0x80, 0x00, 0x30, 0x00, 0x06, 0x00, 0x7F,
    0xFF, 0x8F, 0xFF, 0xF1, 0xC3, 0x06, 0x38, 0x60, 0xC7, 0x0C, 0x18, 0xFF, 0xFF, 0x1F, 0xFF, 0xE3,
    0x86, 0x0C, 0x70, 0xC1, 0x8F, 0xFF, 0xF1, 0xFF, 0xFE, 0x38, 0x60, 0x36, 0x0C, 0x06, 0x01, 0x80,
    0xC0, 0x38, 0x38, 0x07, 0xFF, 0x00, 0x7F, 0xC0, 0x1F, 0xFF, 0xC0, 0xFF, 0xFE, 0x06, 0x1C, 0x30,
    0x3F, 0xFF, 0x81, 0xFF, 0xFC, 0x0C, 0x38, 0x60, 0x61, 0xC3, 0x03, 0xFF, 0xF8, 0x1F, 0xFF, 0xC0,
    0x3C, 0x70, 0x03, 0xC1, 0xE0, 0xFE, 0x0F, 0xE7, 0xB0, 0x6F, 0x11, 0x83, 0x10, 0x0C, 0x18, 0x00,
    0xE0, 0xC0, 0x0E, 0x06, 0x01, 0xE0, 0x30, 0x06, 0x01, 0x80, 0x00, 0x18, 0x0F, 0xF1, 0x80, 0xFF,
    0x3F, 0xCD, 0xB7, 0xFC, 0xDB, 0x71, 0xCD, 0xBF, 0x18, 0xDB, 0xDB, 0x8F, 0xF9, 0xF0, 0xFF, 0x0E,
    0x0D, 0xB1, 0xF8, 0xDB, 0x7B, 0xED, 0xBE, 0x0F, 0xDB, 0xFF, 0xED, 0xB7, 0xFC, 0xFF, 0x60, 0xCF,
    0xF6, 0x0C, 0xC0, 0x60, 0xCC, 0x07, 0xFC, 0x00, 0x7F, 0xC0, 0x06, 0x0C, 0xFF, 0xFF, 0xFF, 0xFF,
    0xFC, 0x03, 0x00, 0x00, 0x60, 0x00, 0x1C, 0x00, 0x7F, 0xFF, 0x0F, 0xFF, 0xE1, 0xC0, 0x1C, 0x38,
    0x03, 0x87, 0x00, 0x70, 0xFF, 0xFE, 0x1F, 0xFF, 0xC3, 0x80, 0x38, 0x70, 0x07, 0x0E, 0x00, 0xE1,
    0xC0, 0x1C, 0x3F, 0xFF, 0x87, 0xFF, 0xF0, 0xE0, 0x0E, 0x00, 0x0C, 0x18, 0x03, 0x83, 0x00, 0x60,
    0xE0, 0x3F, 0x9F, 0xFF, 0xF3, 0xFF, 0xC6, 0xE1, 0xF8, 0xD8, 0x3F, 0x1F, 0x07, 0xE3, 0xD0, 0xFF,
    0xE7, 0x1F, 0xFC, 0x73, 0x71, 0x86, 0x6E, 0x30, 0xED, 0xC6, 0x0D, 0xB8, 0xC0, 0x37, 0x18, 0x06,
    0xFF, 0x00, 0xDF, 0xE0, 0x3B, 0x80, 0x7E, 0x00, 0x07, 0x80, 0x00, 0x70, 0x00, 0x06, 0x00, 0x0F,
    0xFF, 0x80, 0xFF, 0xF8, 0x0C, 0xE1, 0x80, 0xC7, 0x18, 0x7F, 0xFF, 0xF7, 0xFF, 0xFF, 0x0C, 0xC1,
    0x81, 0xCF, 0x18, 0x38, 0x37, 0x87, 0x01, 0x78, 0x3F, 0xFF, 0xC1, 0xFF, 0xFC, 0x19, 0x9C, 0xC1,
    0x99, 0xCC, 0x19, 0x9C, 0xC7, 0xFF, 0xFF, 0x7F, 0xFF, 0xF0, 0xFF, 0xFF, 0xFF, 0xFF, 0x00, 0x3E,
    0x00, 0x7C, 0x00, 0xFF, 0xFF, 0xFF, 0xFF, 0xE0, 0x07, 0xC0, 0x0F, 0x80, 0x1F, 0xFF, 0xFF, 0xFF,
    0xFC, 0x00, 0xF8, 0x01, 0xF0, 0x03, 0xFF, 0xFF, 0xFF, 0xFF, 0x80, 0x1F, 0x00, 0x18, 0xFD, 0xFF,
    0xCF, 0xFF, 0xFC, 0xCF, 0xC0, 0xCC, 0xFC, 0x0C, 0xCF, 0xFF, 0xCF, 0xFF, 0xFC, 0xFF, 0xCE, 0x0C,
    0xFC, 0xE0, 0xCF, 0xCE, 0x0F, 0xFF, 0xFE, 0xFF, 0xFF, 0xEC, 0xFC, 0x60, 0xCF, 0xC6, 0x0F, 0xFC,
    0x60, 0xFF, 0xC7, 0x2C, 0x1C, 0xB6, 0xC1, 0xFF, 0xE0, 0x1F, 0x9E, 0x01, 0x80, 0xC0, 0x00, 0x01,
    0x9F, 0xBF, 0xFB, 0xF7, 0xFE, 0x66, 0x06, 0x0C, 0xC0, 0xC1, 0x9F, 0xFF, 0xFF, 0xFF, 0xFF, 0xE6,
    0x6C, 0xCC, 0xCD, 0x99, 0xFF, 0xFF, 0xFF, 0xFF, 0xFE, 0x66, 0xCC, 0xCC, 0xD9, 0x9F, 0xFF, 0xFF,
    0xFF, 0xFF, 0xE0, 0x60, 0xC0, 0x0C, 0x18, 0x3F, 0xF8, 0x07, 0xFF, 0x00, 0x30, 0x00, 0x03, 0x07,
    0xFF, 0x30, 0x7F, 0xF3, 0xF8, 0x00, 0x7F, 0x80, 0x06, 0xC3, 0xFE, 0x6C, 0x3F, 0xE6, 0xC3, 0x06,
    0x7F, 0xB0, 0x67, 0xFB, 0x06, 0x0C, 0x3F, 0xE0, 0xC3, 0xFE, 0x0E, 0x30, 0xE1, 0xE3, 0x8C, 0x1B,
    0x18, 0xC3, 0xB9, 0x9C, 0x31, 0x9D, 0x87, 0x0F, 0xFF, 0x60, 0xFF, 0xF0, 0x00, 0x00, 0x7F, 0x7F,
    0xC7, 0xFF, 0xFC, 0x18, 0x00, 0xC1, 0x83, 0x0C, 0x18, 0x30, 0xC3, 0x03, 0x1C, 0x3F, 0x31, 0xC7,
    0xF7, 0x18, 0x73, 0x7F, 0xF7, 0x37, 0xFF, 0xF3, 0x00, 0x37, 0x30, 0x07, 0x33, 0xFF, 0xF3, 0x3F,
    0xFE, 0x3F, 0x00, 0x63, 0xF0, 0x06, 0x30, 0x00, 0xE3, 0x00, 0x7C, 0x00, 0x03, 0x80, 0x00, 0x18,
    0x07, 0xF1, 0x80, 0x7F, 0xBF, 0xC1, 0x83, 0xF8, 0x18, 0x63, 0x81, 0x8F, 0xFE, 0x39, 0xFF, 0xF3,
    0x1E, 0x67, 0x3F, 0x66, 0x77, 0xF7, 0xFF, 0x73, 0x7F, 0xF7, 0x36, 0x67, 0x73, 0x66, 0x73, 0x37,
    0xFF, 0x33, 0x7F, 0xF3, 0xFE, 0x67, 0x3F, 0xC6, 0x73, 0x1C, 0x67, 0x31, 0x87, 0xF0, 0x18, 0x0C,
    0x1F, 0xFF, 0xC1, 0xFF, 0xFC, 0x00, 0x00, 0x00, 0x00, 0x00, 0x00, 0x00, 0x07, 0xFF, 0xFF, 0x7F,
    0xFF, 0xF0, 0x07, 0x00, 0x04, 0x71, 0x00, 0xE7, 0x38, 0x1C, 0x71, 0x81, 0xC7, 0x1C, 0x38, 0x70,
    0xE3, 0x07, 0x0E, 0x70, 0x70, 0x76, 0x07, 0x06, 0x03, 0xE0, 0x00, 0x3E, 0x00, 0x01, 0x18, 0x03,
    0xFB, 0x80, 0x7E, 0x30, 0x02, 0xC3, 0xFF, 0x0C, 0x3F, 0xF0, 0xC7, 0x76, 0x7F, 0xE7, 0x67, 0xFE,
    0x76, 0x0C, 0xD7, 0xC1, 0xE3, 0x7C, 0x1F, 0x37, 0xE3, 0xFB, 0x76, 0x3D, 0x77, 0x66, 0xC6, 0x77,
    0xEC, 0xE7, 0x34, 0xCC, 0x73, 0x0C, 0x07, 0x00, 0xC0, 0x70, 0x0C, 0x1E, 0x00, 0xC1, 0xE0, 0x00,
    0x06, 0x00, 0xF0, 0xE0, 0x7F, 0x1F, 0xC7, 0xC3, 0xFE, 0x0C, 0xF0, 0xC0, 0xCF, 0x9C, 0x7F, 0x1F,
    0x87, 0xF9, 0xE0, 0x1C, 0x7F, 0x01, 0xEF, 0x70, 0x3F, 0x0F, 0xF3, 0xF1, 0xFF, 0x3D, 0x78, 0x66,
    0xCF, 0xCE, 0xEC, 0x4F, 0xC4, 0xC0, 0x78, 0x0C, 0x0F, 0x00, 0xC3, 0xE0, 0x0D, 0xF8, 0x00, 0xCC,
    0x00, 0x03, 0x00, 0x01, 0xFF, 0xFF, 0x1F, 0xDF, 0xF8, 0xD8, 0xC0, 0xC0, 0xC6, 0x06, 0x06, 0x30,
    0x31, 0xFF, 0xFF, 0x8F, 0xFF, 0xFC, 0x1C, 0x00, 0x00, 0xF3, 0xFF, 0x87, 0xFF, 0xFC, 0x7F, 0x0C,
    0x03, 0xD8, 0x60, 0x36, 0x3F, 0xF3, 0xB1, 0xFF, 0xC9, 0x80, 0xC0, 0x0C, 0x06, 0x00, 0x67, 0xFF,
    0x83, 0x3F, 0xFC, 0x18, 0x00, 0x00, 0x00, 0xC0, 0x00, 0x18, 0x00, 0x03, 0x80, 0x7F, 0xFF, 0xFF,
    0xFF, 0xFF, 0x80, 0x01, 0xF1, 0xC7, 0x3E, 0x70, 0xFA, 0x7C, 0x07, 0xCE, 0x00, 0x39, 0xFF, 0xFC,
    0x1F, 0xFF, 0xC0, 0x0E, 0x00, 0x01, 0xC0, 0x00, 0x38, 0x00, 0x07, 0x00, 0x00, 0xE0, 0x1F, 0xFF,
    0xFB, 0xFF, 0xFF, 0x80, 0x06, 0x00, 0x0C, 0xDF, 0xF9, 0x9B, 0xFE, 0x33, 0x30, 0xC6, 0x67, 0x38,
    0xCC, 0x7E, 0x19, 0x87, 0x83, 0x30, 0xF0, 0x66, 0x7F, 0x0C, 0xFE, 0x7D, 0x9B, 0x07, 0x80, 0x60,
    0x07, 0xFF, 0xFC, 0xFF, 0xFF, 0x83, 0x01, 0x80, 0x70, 0x70, 0x06, 0x0C, 0x1F, 0xFF, 0xFF, 0xFF,
    0xFF, 0x80, 0x00, 0x60, 0x00, 0x07, 0x00, 0x3F, 0xFF, 0xE3, 0xFF, 0xFE, 0x07, 0x06, 0x07, 0xFF,
    0xFF, 0x7F, 0xFF, 0xF0, 0x00, 0x00, 0x1F, 0xFF, 0xC1, 0x80, 0x1C, 0x18, 0x01, 0xC1, 0xFF, 0xFC,
    0x18, 0x01, 0xC1, 0xFF, 0xFC, 0x0F, 0xFF, 0x87, 0xFF, 0xFF, 0x7F, 0xFF, 0xF0, 0x07, 0x00, 0x00,
    0x70, 0x00, 0x07, 0x00, 0x08, 0x06, 0x01, 0x8E, 0x67, 0x1C, 0xE6, 0x70, 0xCE, 0x67, 0x7F, 0xE6,
    0x77, 0xFF, 0xFF, 0x03, 0x7F, 0xE6, 0x30, 0x00, 0x37, 0xFF, 0xF3, 0x6F, 0xFF, 0x36, 0x0E, 0x03,
    0x6F, 0xFF, 0x36, 0xFF, 0xF3, 0x6D, 0x9B, 0x3F, 0xD9, 0xB7, 0xFD, 0x9B, 0x7C, 0xD9, 0xB6, 0x0D,
    0x9B, 0x00, 0xD9, 0xF0, 0x0C, 0x0F, 0x18, 0x0C, 0x01, 0x81, 0xC0, 0x1F, 0xDF, 0xF3, 0xFF, 0xFF,
    0x76, 0x73, 0x06, 0x36, 0x38, 0x46, 0x01, 0x80, 0xE0, 0x18, 0x0C, 0x01, 0x81, 0xDF, 0xFF, 0x3D,
    0xFF, 0xF7, 0xC4, 0x18, 0x6C, 0xE1, 0x84, 0xC6, 0x18, 0x0C, 0x71, 0x80, 0xC3, 0x18, 0x0C, 0x01,
    0x80, 0xC0, 0x18, 0x0C, 0x1F, 0x80, 0xC0, 0xF0, 0x0C, 0x0C, 0x01, 0xC0, 0xC0, 0x1F, 0xFF, 0xF3,
    0xFF, 0xFF, 0x73, 0x31, 0x86, 0x33, 0x18, 0x3F, 0xFF, 0xC1, 0xFF, 0xFC, 0x00, 0x60, 0xC1, 0xFF,
    0xFC, 0x1F, 0xFF, 0xC1, 0x86, 0x00, 0x18, 0x60, 0x01, 0xFF, 0xFE, 0x1F, 0xFF, 0xE0, 0x1E, 0x06,
    0x07, 0xE0, 0xE1, 0xE6, 0x7E, 0x7C, 0x67, 0xC3, 0x06, 0x00, 0x18, 0x1C, 0x01, 0x81, 0xC0, 0x3F,
    0xFF, 0xF7, 0xFF, 0xFF, 0x66, 0x63, 0x81, 0xFF, 0xFC, 0x1C, 0x01, 0xC1, 0xFF, 0xFC, 0x1C, 0x00,
    0xC1, 0xC0, 0x0C, 0x1F, 0xFF, 0xC1, 0xC0, 0x1C, 0x1F, 0xFF, 0xC0, 0x30, 0x60, 0x7F, 0xFF, 0xF7,
    0xFF, 0xFF, 0x07, 0x06, 0x01, 0xE0, 0x60, 0x7C, 0x06, 0x03, 0x00, 0x60, 0x0C, 0x0C, 0x01, 0xC1,
    0xC0, 0x1F, 0xFF, 0xF3, 0xFF, 0xFF, 0x73, 0x33, 0x86, 0xC1, 0xCC, 0x3F, 0x3F, 0xE7, 0xFF, 0xFF,
    0x0C, 0x0C, 0xC7, 0xF8, 0xCC, 0x3F, 0x7F, 0xF7, 0xFF, 0xFF, 0x7F, 0xBF, 0xE1, 0xE3, 0x86, 0x1F,
    0x30, 0x63, 0xDB, 0xFE, 0x7D, 0xF0, 0x6E, 0xC3, 0x06, 0x4C, 0x3F, 0xE0, 0xC3, 0x06, 0x0C, 0x00,
    0x06, 0xCB, 0xFE, 0x6D, 0xBF, 0xE6, 0xDB, 0x0E, 0x3D, 0xB0, 0xE3, 0xF3, 0x0E, 0x3F, 0x3F, 0xE7,
    0xFB, 0xFE, 0x7F, 0xB0, 0xE0, 0xC3, 0x0E, 0x1E, 0x30, 0xE1, 0xF3, 0x0E, 0x3F, 0xBF, 0xE3, 0xDB,
    0xFE, 0x7C, 0xB0, 0xE6, 0xC3, 0x0E, 0x4C, 0x30, 0xE0, 0xCF, 0xFF, 0x0C, 0xFF, 0xF0, 0xC0, 0x00,
    0x00, 0x07, 0x03, 0xFF, 0xF1, 0xFF, 0xF0, 0x3D, 0xC0, 0x00, 0x70, 0xE0, 0x1C, 0x3C, 0x07, 0xFE,
    0x01, 0xFF, 0x80, 0x3F, 0xE6, 0x00, 0xF0, 0xE0, 0x7B, 0xFE, 0x3F, 0xFF, 0xE7, 0xFE, 0x0C, 0x19,
    0xC8, 0x87, 0xBB, 0xC0, 0xE7, 0x3C, 0x78, 0xE3, 0xDE, 0x1C, 0x1D, 0x1F, 0x81, 0x01, 0xE0, 0x00,
    0x00, 0xE0, 0x00, 0x1C, 0x03, 0xFF, 0xFF, 0xFF, 0xFF, 0xE0, 0x0E, 0x01, 0xFF, 0xFF, 0xFF, 0xFF,
    0xFE, 0x0E, 0x03, 0xC7, 0x8C, 0x63, 0xCF, 0x80, 0xFF, 0xD0, 0x0F, 0xE3, 0x81, 0xF7, 0xF8, 0xFF,
    0xFF, 0x9F, 0x98, 0x30, 0x63, 0x70, 0x3C, 0x67, 0x8F, 0x0C, 0x7B, 0x8F, 0x83, 0x81, 0xE0, 0x00,
    0x04, 0x00, 0x0D, 0xDF, 0xF9, 0xBB, 0xFE, 0x37, 0x39, 0xC6, 0xE3, 0xF0, 0xDC, 0x3C, 0x1B, 0x8F,
    0xC3, 0x7F, 0xFF, 0x07, 0xC1, 0xE0, 0xE3, 0x00, 0x7F, 0xF0, 0x0F, 0xFB, 0x01, 0x7C, 0x78, 0x7F,
    0xFF, 0x9F, 0xFE, 0x33, 0xF3, 0x70, 0x1C, 0x6F, 0x0F, 0x0C, 0x7B, 0x8F, 0x87, 0x01, 0xE0, 0x00,
    0x04, 0x0C, 0x00, 0x70, 0x6E, 0x03, 0x03, 0x38, 0x38, 0x18, 0x81, 0x80, 0xFE, 0x1D, 0xFF, 0xF0,
    0xCD, 0xF0, 0x0F, 0xE1, 0x80, 0x7E, 0x0F, 0xF0, 0x63, 0xFF, 0x86, 0x3F, 0x88, 0x7E, 0x8C, 0xE7,
    0xF0, 0x66, 0x3C, 0x03, 0xE0, 0x00, 0x1E, 0x00, 0xF1, 0xE0, 0x7F, 0x1F, 0xB3, 0xC7, 0xCF, 0x90,
    0x3C, 0x7C, 0x00, 0x01, 0xC0, 0x06, 0x00, 0x00, 0xE7, 0xFF, 0x0C, 0x7F, 0xF1, 0xC6, 0x67, 0x18,
    0x66, 0x73, 0x9E, 0x67, 0x73, 0xE6, 0x7F, 0xF6, 0x67, 0x7E, 0x66, 0x70, 0xC7, 0xFF, 0x1C, 0x7F,
    0xF3, 0xFE, 0x67, 0x7F, 0xE6, 0x77, 0xC6, 0x67, 0x00, 0x66, 0x70, 0x1E, 0x67, 0x7F, 0xFF, 0xFF,
    0xF7, 0xFF, 0x60, 0x60, 0x70, 0x06, 0x02, 0x0C, 0x0C, 0x00, 0x60, 0xE0, 0x07, 0x07, 0xF0, 0x30,
    0x7F, 0xC3, 0x87, 0x8C, 0x19, 0xFC, 0xE1, 0xDF, 0x7E, 0x1F, 0xD1, 0xE0, 0x7E, 0x0F, 0x00, 0xE1,
    0xFE, 0x06, 0x3E, 0x7C, 0x67, 0xD8, 0xE7, 0xF0, 0xF1, 0x3E, 0x03, 0xC0, 0x00, 0x06, 0x00, 0x66,
    0x00, 0x7F, 0xFE, 0x07, 0xF0, 0x7E, 0x10, 0x00, 0xF8, 0x00, 0x00, 0x80, 0x0C, 0x06, 0x00, 0xC0,
    0x60, 0x1C, 0x06, 0x01, 0x8F, 0xFF, 0x38, 0xFF, 0xF3, 0x38, 0x60, 0x77, 0x06, 0x0F, 0xF0, 0x60,
    0x7E, 0x7F, 0xF0, 0xC7, 0xFF, 0x1C, 0x00, 0x03, 0x97, 0xFE, 0x7F, 0xFF, 0xE7, 0xF6, 0x06, 0x40,
    0x60, 0x60, 0x1E, 0x06, 0x3F, 0xE0, 0x6F, 0xF7, 0xFE, 0x70, 0x7F, 0xE0, 0x06, 0x06, 0x0C, 0x18,
    0x00, 0x60, 0xC0, 0x03, 0x0F, 0xF8, 0x38, 0x7F, 0xC1, 0x87, 0x0E, 0x19, 0xFC, 0x61, 0xDF, 0x76,
    0x0F, 0xD1, 0xE0, 0x7E, 0x0F, 0x80, 0xE3, 0xFF, 0x06, 0x3C, 0x3C, 0x7F, 0xFF, 0xE7, 0xF7, 0xFE,
    0x38, 0x38, 0x30, 0x01, 0xC1, 0x80, 0xEE, 0x0C, 0x7F, 0x70, 0x63, 0xE3, 0xFF, 0x10, 0x1F, 0xF8,
    0x00, 0xC0, 0xC0, 0x0C, 0x0C, 0x00, 0xE0, 0xE0, 0x0C, 0x06, 0x01, 0xCF, 0xFF, 0x18, 0xFF, 0xF3,
    0xB1, 0xC0, 0x77, 0x19, 0xC7, 0xE3, 0x8C, 0x7E, 0x77, 0xE5, 0xCF, 0xFF, 0x18, 0xFF, 0x33, 0xF3,
    0x30, 0x7F, 0x33, 0x07, 0xC3, 0x30, 0x40, 0x33, 0x00, 0x77, 0x33, 0x7F, 0x73, 0x37, 0xCE, 0x3B,
    0x63, 0xC3, 0xF0, 0x18, 0x1E, 0x0C, 0x03, 0x00, 0xCC, 0x30, 0x1C, 0xDB, 0x71, 0x8D, 0xB6, 0x38,
    0xDB, 0x63, 0x3C, 0xFC, 0x77, 0xC3, 0x07, 0xEF, 0xFF, 0x7E, 0xFF, 0xF1, 0xCC, 0x78, 0x18, 0xCF,
    0xC3, 0xFC, 0xF6, 0x7F, 0xDB, 0x77, 0x8F, 0xB3, 0x00, 0xD3, 0x00, 0x7C, 0x30, 0x7F, 0xC1, 0x07,
    0x8F, 0xFF, 0x00, 0xFF, 0xF0, 0x0C, 0x0C, 0x00, 0xC0, 0xC2, 0x1C, 0x0C, 0x71, 0x87, 0xFE, 0x18,
    0x7F, 0xE3, 0x30, 0xDC, 0x33, 0x0F, 0x87, 0xFF, 0xFF, 0x7E, 0xFF, 0xF4, 0xC1, 0xC0, 0x18, 0x7F,
    0xE3, 0xBF, 0xFE, 0x7F, 0xF0, 0x67, 0xCB, 0x06, 0x00, 0x3F, 0xE0, 0x33, 0xFE, 0x3F, 0x30, 0x67,
    0xE3, 0xFE, 0x60, 0x3F, 0xE0, 0x03, 0x06, 0x0C, 0x06, 0x00, 0xC0, 0x60, 0x0C, 0x7F, 0xE1, 0x87,
    0xFE, 0x18, 0x06, 0x03, 0x3F, 0xFE, 0x77, 0xFF, 0xF7, 0xE0, 0x66, 0x7C, 0x36, 0x61, 0xC5, 0xE6,
    0x18, 0xEE, 0x03, 0xF7, 0x60, 0x7F, 0xFF, 0xF7, 0x0F, 0xFF, 0x03, 0x0E, 0x01, 0xF1, 0xF8, 0x7E,
    0x39, 0xC7, 0x07, 0x0E, 0x01, 0xE0, 0x70, 0x0C, 0x03, 0x0C, 0x1B, 0x00, 0xC1, 0xB0, 0x1C, 0x3B,
    0x81, 0x83, 0x18, 0x38, 0x7F, 0xF3, 0x37, 0xFF, 0x77, 0xF3, 0x07, 0xFF, 0x30, 0x7C, 0xFF, 0xE1,
    0xC7, 0xFE, 0x18, 0x73, 0x03, 0x37, 0x30, 0x7F, 0x7F, 0xE7, 0xE7, 0xFF, 0x40, 0x73, 0x00, 0x77,
    0x30, 0x7F, 0x7F, 0xF7, 0xC7, 0xFF, 0x00, 0x70, 0x00, 0x06, 0x00, 0x0C, 0x00, 0x60, 0x67, 0xFF,
    0x07, 0x3F, 0xF0, 0x30, 0x98, 0xC3, 0x86, 0xEE, 0x19, 0xB3, 0xE1, 0xDF, 0xFF, 0xDF, 0xDF, 0xFE,
    0x7E, 0x30, 0x00, 0xEF, 0xFF, 0x86, 0x7F, 0xFC, 0x7E, 0x7F, 0x87, 0xF7, 0xFE, 0x3C, 0x38, 0x60,
    0x01, 0xE7, 0x01, 0xFF, 0xF0, 0x7F, 0xCF, 0x07, 0xCE, 0xFE, 0x10, 0xFF, 0x7C, 0x06, 0xE0, 0xE0,
    0x0C, 0x0E, 0x00, 0xC0, 0x60, 0x1C, 0xFF, 0xE1, 0x8F, 0xFF, 0x38, 0xC0, 0x73, 0x7C, 0x07, 0x76,
    0xFF, 0xF7, 0xEF, 0xFE, 0x7C, 0xC0, 0x01, 0x8F, 0xFF, 0x38, 0xFF, 0xF3, 0xEF, 0x5B, 0x7E, 0xF5,
    0xB7, 0x8F, 0xFF, 0x03, 0xFF, 0xF0, 0xFB, 0x5B, 0x7F, 0xB5, 0xB7, 0x3B, 0x5B, 0x41, 0x35, 0xF0,
    0x03, 0x00, 0x7F, 0xFF, 0xDF, 0xFF, 0xFB, 0x80, 0x03, 0x70, 0xC3, 0x6E, 0x18, 0x6D, 0xF3, 0xCD,
    0xBF, 0xFF, 0xB7, 0x79, 0xE6, 0xE7, 0x1C, 0xDC, 0xE3, 0x9B, 0x9E, 0x7B, 0x73, 0xCF, 0x6E, 0xDF,
    0x7D, 0xF9, 0xE7, 0xBE, 0x18, 0x37, 0xC7, 0x06, 0xE0, 0x00, 0xDC, 0x00, 0xF9, 0x80, 0x1E, 0x00,
    0x7F, 0xFF, 0xCC, 0x63, 0x19, 0x8C, 0x63, 0x3F, 0xFF, 0xE3, 0xFF, 0xF9, 0xFF, 0xFF, 0xBF, 0xFF,
    0xF8, 0x06, 0x00, 0x1F, 0xFF, 0x03, 0x00, 0x60, 0x7F, 0xFC, 0x0C, 0x01, 0x81, 0xFF, 0xF0, 0x30,
    0x06, 0x06, 0x00, 0xC0, 0xFF, 0xF8, 0xFF, 0xFF, 0xDF, 0xFF, 0xFC, 0x00, 0x80, 0x03, 0xFD, 0xFF,
    0x76, 0x3F, 0xF3, 0x6C, 0x63, 0x37, 0x86, 0x37, 0xFF, 0x7B, 0x7F, 0xDF, 0xB0, 0xF1, 0xEF, 0x1F,
    0xDE, 0xF7, 0x6E, 0x63, 0x66, 0x06, 0x37, 0xFC, 0xEF, 0x7F, 0xDF, 0xF6, 0x6F, 0x7B, 0x7F, 0xF7,
    0x36, 0x6C, 0x63, 0x66, 0xC6, 0x37, 0xFC, 0x63, 0x7F, 0xDE, 0xF6, 0x0C, 0xCE, 0x18, 0x30, 0x03,
    0xA3, 0x00, 0x37, 0x31, 0xC7, 0x33, 0xFC, 0xFF, 0xBE, 0x0F, 0xFF, 0x04, 0x40, 0xB0, 0x67, 0xFB,
    0x86, 0x7F, 0xBF, 0xE6, 0x19, 0xFC, 0x61, 0xB0, 0x07, 0xFB, 0x0C, 0x7F, 0xB7, 0xC6, 0x1B, 0xF8,
    0x7F, 0xBC, 0x07, 0xFB, 0x06, 0x61, 0xB0, 0x66, 0x1B, 0x86, 0x6F, 0xBF, 0xE6, 0x71, 0xFC, 0x00,
    0x30, 0x07, 0xE3, 0x3F, 0x7E, 0x33, 0xF6, 0x63, 0x33, 0x67, 0xFF, 0x36, 0x7F, 0xF3, 0x7E, 0x33,
    0x37, 0xE3, 0x33, 0x67, 0xFF, 0x36, 0x7F, 0xF3, 0x66, 0x63, 0x37, 0xE6, 0x33, 0x7E, 0x7B, 0x36,
    0x6D, 0xB3, 0x66, 0xCF, 0xF6, 0x7F, 0xFE, 0x67, 0xFF, 0x06, 0x60, 0xF0, 0xDE, 0x03, 0x04, 0xC0,
    0x30, 0x03, 0x00, 0x06, 0x00, 0x1C, 0x07, 0xFF, 0xFF, 0xFF, 0xF8, 0x00, 0xF0, 0x01, 0xE0, 0x03,
    0xFF, 0xFF, 0xFF, 0xFF, 0x00, 0x1E, 0x00, 0x3F, 0xFF, 0xFF, 0xFF, 0xF0, 0x01, 0xE0, 0x03, 0xC0,
    0x07, 0xFF, 0xFF, 0xFF, 0xFE, 0x00, 0x30, 0xFF, 0xFF, 0xDF, 0xFF, 0xF8, 0x1C, 0x00, 0x07, 0x0E,
    0x00, 0xE0, 0xE0, 0x38, 0x0E, 0x1F, 0xFF, 0xE3, 0xFF, 0xFE, 0x00, 0xE0, 0xC0, 0x1C, 0x00, 0x03,
    0x80, 0x1F, 0xFF, 0xC3, 0xFF, 0xF8, 0x01, 0xC0, 0x00, 0x38, 0x00, 0x07, 0x00, 0xFF, 0xFF, 0xFF,
    0xFF, 0xFC, 0x06, 0x00, 0x00, 0x30, 0xFE, 0x0F, 0xE7, 0xF0, 0x7F, 0xB1, 0x83, 0x0D, 0x8C, 0x1E,
    0x6C, 0x60, 0xDB, 0x63, 0xC6, 0xDF, 0x1E, 0x32, 0xF0, 0x03, 0xFF, 0xFF, 0x1F, 0xFF, 0xF8, 0x61,
    0xB0, 0xC3, 0xCD, 0x8E, 0x1B, 0x6E, 0x60, 0xDF, 0x3F, 0x06, 0x58, 0xF0, 0x70, 0xC7, 0x83, 0x0E,
    0xFF, 0x19, 0xFF, 0x3C, 0xCF, 0x60, 0x40, 0x01, 0x80, 0x00, 0x1C, 0x00, 0x01, 0xFF, 0x80, 0x0F,
    0xFC, 0x00, 0xE1, 0xC0, 0x1E, 0x1C, 0x01, 0xFF, 0xFF, 0x0F, 0xFF, 0xF8, 0x58, 0x70, 0xC0, 0xC3,
    0x86, 0x06, 0x1C, 0x30, 0x3F, 0xFF, 0x81, 0xFF, 0xFC, 0x0C, 0x00, 0x60, 0x60, 0x00, 0x03, 0x00,
    0x06, 0x18, 0x00, 0x30, 0xE0, 0x03, 0x83, 0xFF, 0xF8, 0x0F, 0xFF, 0x80, 0x06, 0x0C, 0x00, 0xC1,
    0x83, 0xFF, 0xFF, 0xFF, 0xFF, 0xF0, 0x60, 0xC0, 0x0C, 0x18, 0x01, 0x83, 0x00, 0x00, 0x00, 0x7F,
    0xFF, 0x8F, 0xFF, 0xF0, 0x0E, 0x06, 0x01, 0xC0, 0xC0, 0x38, 0x18, 0x07, 0x03, 0x00, 0xE0, 0x60,
    0x1C, 0xFC, 0x03, 0x9F, 0x00, 0x70, 0x00, 0x0E, 0x00, 0x01, 0x80, 0x00, 0x06, 0x0C, 0x00, 0xC1,
    0x83, 0xFF, 0xFF, 0xFF, 0xFF, 0xF0, 0x60, 0xC0, 0x0C, 0x18, 0x1C, 0x7F, 0xE1, 0xEF, 0xFE, 0x0D,
    0xC1, 0xC0, 0x38, 0x3B, 0x87, 0x07, 0x7C, 0xE0, 0xE3, 0x9C, 0xF8, 0x0B, 0x9F, 0x03, 0xF0, 0x00,
    0xEE, 0x03, 0x39, 0xC0, 0x6E, 0x38, 0x1F, 0x87, 0xFF, 0xA0, 0x3F, 0xE0, 0x03, 0x06, 0x00, 0x30,
    0x60, 0x7F, 0xFF, 0xF7, 0xFF, 0xFF, 0x03, 0x06, 0x03, 0x30, 0xF0, 0x3F, 0x0F, 0x81, 0xE0, 0xDC,
    0x1E, 0x0C, 0xE7, 0xEF, 0xFF, 0x67, 0xFF, 0xF0, 0x60, 0xE0, 0x0E, 0x0E, 0x03, 0xF1, 0xF0, 0x77,
    0x1B, 0x06, 0x63, 0xB8, 0x06, 0x71, 0xC0, 0x6E, 0x0E, 0x3F, 0xC0, 0x73, 0x88, 0x02, 0x03, 0x06,
    0x00, 0x18, 0x30, 0x1F, 0xFF, 0xFC, 0xFF, 0xFF, 0xE0, 0x33, 0x60, 0x1D, 0x18, 0x00, 0x79, 0xFF,
    0x81, 0xDF, 0xF8, 0x01, 0xF1, 0xC3, 0x9D, 0xFC, 0x1E, 0x47, 0xC0, 0x30, 0xFF, 0x80, 0x9F, 0x1F,
    0x03, 0xFF, 0xF8, 0x3F, 0xFF, 0x03, 0x98, 0x18, 0x18, 0xC0, 0xC1, 0xC7, 0xFE, 0x1C, 0x3F, 0xF0,
    0x41, 0x81, 0x80, 0x03, 0x06, 0x03, 0xFF, 0xFF, 0x9F, 0xFF, 0xFC, 0x06, 0x0D, 0x80, 0x30, 0x7E,
    0x13, 0xFF, 0xF9, 0xBF, 0xFF, 0xCD, 0x80, 0xE0, 0x6D, 0xFF, 0x63, 0xED, 0x9B, 0x1F, 0x6C, 0xF8,
    0x5B, 0xFF, 0x87, 0xD8, 0xFC, 0x7E, 0xC7, 0xE0, 0xF7, 0xFE, 0x07, 0xB6, 0x70, 0x6D, 0xFF, 0x93,
    0x6C, 0x7F, 0x9E, 0x47, 0x3C, 0x90, 0x10, 0xC0, 0x06, 0x00, 0x00, 0xE7, 0xFF, 0x1C, 0x7F, 0xF3,
    0x80, 0x00, 0x70, 0x00, 0x06, 0x30, 0x00, 0x07, 0x00, 0x00, 0xEF, 0xFF, 0x1C, 0xFF, 0xF3, 0xC0,
    0x18, 0x7C, 0x01, 0x8E, 0xC0, 0x18, 0x4C, 0x01, 0x80, 0xC0, 0x18, 0x0C, 0x01, 0x80, 0xC0, 0x18,
    0x0C, 0x01, 0x80, 0xC0, 0x18, 0x0C, 0x1F, 0x80, 0xC1, 0xF0, 0x03, 0x0C, 0x00, 0x18, 0x6C, 0x0F,
    0xFB, 0x70, 0x7F, 0xFD, 0xC0, 0x30, 0xE6, 0x01, 0x87, 0x01, 0xFF, 0xFF, 0xCF, 0xFF, 0xFE, 0x03,
    0x06, 0x63, 0xFF, 0xB3, 0x1F, 0xFD, 0xB8, 0x1C, 0x0D, 0x81, 0xF7, 0x7C, 0x1F, 0xF3, 0xC1, 0xF7,
    0x8C, 0x0D, 0x9E, 0xE6, 0x1F, 0xBF, 0xB0, 0xFD, 0xEF, 0x87, 0x0E, 0x7C, 0x00, 0x61, 0xC0, 0x10,
    0x00, 0x00, 0xCC, 0xFF, 0x07, 0x77, 0xF8, 0x19, 0xB8, 0xC7, 0xEF, 0xFE, 0x3F, 0x3F, 0xF0, 0x30,
    0x71, 0x81, 0xBB, 0xFC, 0x1F, 0xFF, 0xE0, 0xF7, 0xE0, 0x0F, 0xBF, 0xCC, 0xFD, 0xFF, 0xCF, 0xEF,
    0xDC, 0x2D, 0x7F, 0xE0, 0x63, 0xFD, 0x83, 0x1F, 0xCE, 0x18, 0xF0, 0x00, 0xCF, 0xE0, 0x86, 0xE7,
    0xFC, 0x32, 0x0F, 0xE0, 0xFF, 0xFF, 0xFF, 0xFF, 0xFC, 0x0C, 0x60, 0x3F, 0xFF, 0xE7, 0xFF, 0xFC,
    0xC6, 0x31, 0x98, 0xC6, 0x33, 0xFF, 0xFE, 0x7F, 0xFF, 0xC0, 0x70, 0x03, 0xFF, 0xFF, 0xFF, 0xFF,
    0xF0, 0xE0, 0xE0, 0x38, 0x38, 0x07, 0xFE, 0x00, 0x3F, 0xE0, 0x3F, 0xFF, 0x9F, 0xE0, 0xF9, 0x80,
    0x02, 0x00, 0x07, 0x18, 0x0C, 0xE7, 0x01, 0x9C, 0xFF, 0xB3, 0x9F, 0xF6, 0x77, 0x40, 0xCE, 0xDC,
    0x19, 0xF9, 0xC0, 0x3A, 0x1C, 0x1F, 0xFF, 0x03, 0xFF, 0xE0, 0x60, 0x0C, 0x0C, 0x71, 0x81, 0x8E,
    0x30, 0x31, 0x86, 0x06, 0x3C, 0xC0, 0xCF, 0x98, 0x07, 0xB0, 0x67, 0xE6, 0x1F, 0xF0, 0xFF, 0x30,
    0x0F, 0xC0, 0x1C, 0x00, 0x01, 0x81, 0xFE, 0x1F, 0xBF, 0xF3, 0xF8, 0x63, 0x33, 0x86, 0x77, 0xFC,
    0xC7, 0x7F, 0xDD, 0xE7, 0x6F, 0x9E, 0x36, 0xDD, 0x83, 0xFD, 0xF8, 0x3F, 0xDF, 0xF3, 0x6D, 0xFF,
    0x36, 0xF3, 0x83, 0xFD, 0x38, 0x3F, 0xFF, 0xF3, 0x6F, 0xFF, 0x66, 0xC3, 0x86, 0x6C, 0x38, 0x67,
    0xC3, 0x84, 0x18, 0x18, 0x00, 0xC0, 0x00, 0x18, 0x00, 0x03, 0x80, 0x7F, 0xFF, 0xFF, 0xFF, 0xFE,
    0x00, 0x00, 0x07, 0xFF, 0xC0, 0xFF, 0xF8, 0x00, 0x00, 0x03, 0xFF, 0xE0, 0x7F, 0xFC, 0x00, 0x00,
    0x00, 0x00, 0x00, 0x3F, 0xFE, 0x07, 0xFF, 0xC0, 0xC0, 0x18, 0x18, 0x03, 0x03, 0xFF, 0xE0, 0x7F,
    0xFC, 0x0C, 0x01, 0x80, 0x00, 0x06, 0x01, 0x80, 0x60, 0x1C, 0x06, 0x00, 0xE0, 0x60, 0x06, 0x06,
    0x00, 0x00, 0x60, 0x00, 0x06, 0x07, 0xDF, 0xFF, 0x7D, 0xFF, 0xF0, 0xC0, 0x60, 0x0C, 0x06, 0x00,
    0xC0, 0x60, 0x0C, 0x06, 0x00, 0xC0, 0x60, 0x0D, 0x86, 0x00, 0xF8, 0x60, 0x0F, 0x06, 0x01, 0xE0,
    0x60, 0x18, 0x06, 0x00, 0x00, 0x60, 0x00, 0x00, 0x0E, 0x00, 0x00, 0xE7, 0xFF, 0x8E, 0xFF, 0xF1,
    0xC0, 0x70, 0x00, 0x0E, 0x00, 0x01, 0xC7, 0xC0, 0x38, 0xF8, 0x07, 0x03, 0x00, 0xE0, 0x60, 0x1C,
    0x0C, 0x03, 0x81, 0x80, 0x70, 0x30, 0x0E, 0x06, 0x61, 0xC0, 0xFC, 0x38, 0x1F, 0x07, 0x07, 0x80,
    0xE0, 0xE1, 0xF8, 0x00, 0x1F, 0x00, 0x00, 0x06, 0x00, 0xC0, 0x30, 0x07, 0x01, 0x80, 0x1C, 0x0C,
    0x00, 0x60, 0x60, 0x00, 0x07, 0x00, 0x00, 0x38, 0x0F, 0x81, 0xC0, 0x7C, 0x0E, 0x00, 0x60, 0x70,
    0x03, 0x03, 0x80, 0x18, 0x1E, 0x00, 0xC1, 0xF0, 0x06, 0x0F, 0xC0, 0x36, 0x66, 0x01, 0xF7, 0x38,
    0x0F, 0x70, 0xC0, 0xE7, 0x87, 0x02, 0x38, 0x1C, 0x01, 0x80, 0x60, 0x00, 0x00, 0x00, 0xC0, 0x00,
    0x07, 0x3F, 0xF8, 0x1D, 0xFF, 0xC0, 0x60, 0x06, 0x00, 0x00, 0x31, 0xF0, 0x01, 0x8F, 0x80, 0x0C,
    0x0C, 0x7F, 0xE0, 0x63, 0xFF, 0x03, 0x18, 0x18, 0x18, 0xC0, 0x80, 0xC6, 0x00, 0x06, 0x30, 0x00,
    0x35, 0x80, 0xC1, 0xFC, 0x06, 0x0F, 0x60, 0x30, 0xF3, 0x03, 0x87, 0x1F, 0xFC, 0x10, 0x7F, 0xC0,
    0x10, 0x00, 0x01, 0xC1, 0xFC, 0x07, 0x0F, 0xE0, 0x1C, 0x63, 0x00, 0x63, 0x18, 0x00, 0x38, 0xC0,
    0x01, 0x87, 0xCF, 0xBC, 0x3E, 0x7D, 0xC0, 0x00, 0xE7, 0xFF, 0x07, 0x3F, 0xF8, 0x38, 0xC1, 0x81,
    0xC7, 0x1C, 0x0E, 0x18, 0xC0, 0x74, 0xEE, 0x03, 0xE3, 0xE0, 0x1F, 0x1F, 0x00, 0xE7, 0xFF, 0x06,
    0x7C, 0x7C, 0x03, 0x00, 0xE0, 0x00, 0x00, 0x06, 0x00, 0x00, 0x71, 0xFF, 0xE3, 0x9F, 0xFE, 0x18,
    0x0C, 0x00, 0x00, 0xC0, 0x00, 0x0C, 0x0F, 0x8C, 0xC0, 0xF8, 0xCC, 0x01, 0x8C, 0xFE, 0x18, 0xCF,
    0xC1, 0x8C, 0xC0, 0x18, 0xCC, 0x01, 0x8C, 0xC0, 0x1A, 0xCC, 0x01, 0xEC, 0xC0, 0x3E, 0xCC, 0x03,
    0xBF, 0xFE, 0x33, 0xFF, 0xE0, 0x00, 0x00, 0x00, 0x06, 0x87, 0x00, 0x7C, 0x38, 0x06, 0xC1, 0xC0,
    0x66, 0x0B, 0xFF, 0xE0, 0x3F, 0xFE, 0x00, 0x06, 0x0F, 0x80, 0x60, 0xF8, 0x06, 0x01, 0x9F, 0xE0,
    0x1B, 0xFE, 0x01, 0x86, 0x60, 0x18, 0x67, 0x01, 0x86, 0x70, 0x18, 0x63, 0x01, 0xE7, 0xB6, 0x3F,
    0xFB, 0x63, 0xFE, 0x3E, 0x30, 0x01, 0xE0, 0x00, 0x1C, 0x00, 0x20, 0x63, 0x07, 0x0E, 0x38, 0x30,
    0xC1, 0xC3, 0x9C, 0x0E, 0xFF, 0xF0, 0x0F, 0xFF, 0x00, 0x06, 0x0F, 0xC0, 0x60, 0x7C, 0x7F, 0xE0,
    0xC7, 0xFE, 0x0C, 0x06, 0x00, 0xC0, 0x60, 0x0C, 0x06, 0x00, 0xDF, 0xFF, 0x0D, 0xFF, 0xF0, 0xF0,
    0x60, 0x0F, 0x06, 0x01, 0xC0, 0x60, 0x18, 0x06, 0x00, 0x00, 0x60, 0x00, 0x00, 0x03, 0x1F, 0xFF,
    0x39, 0xFF, 0xE1, 0xC1, 0x80, 0x0C, 0x18, 0x00, 0x0F, 0xFC, 0x00, 0xFF, 0xC7, 0xC3, 0x0C, 0x7C,
    0x30, 0xC1, 0xFF, 0xFF, 0x1F, 0xFF, 0xF1, 0xC0, 0x00, 0x1C, 0xFF, 0xE1, 0xCF, 0xFE, 0x1D, 0xC0,
    0x61, 0xFC, 0x06, 0x1F, 0xC0, 0x61, 0xCF, 0xFE, 0x18, 0xFF, 0xE0, 0x0C, 0x06, 0x30, 0x7F, 0xE1,
    0xC3, 0xFF, 0x07, 0x18, 0x18, 0x18, 0xC0, 0xC0, 0x07, 0xFE, 0x00, 0x3F, 0xF1, 0xF0, 0x00, 0x0F,
    0x80, 0x00, 0x1C, 0xFF, 0xF0, 0xE7, 0xFF, 0x07, 0x03, 0x80, 0x3B, 0xFF, 0xE1, 0xDF, 0xFF, 0x0E,
    0x87, 0x00, 0x7C, 0x7C, 0x03, 0xE7, 0x70, 0x1C, 0xF1, 0xE0, 0xCF, 0x07, 0x80, 0x60, 0x0C, 0x00,
    0x0E, 0x03, 0x00, 0xE0, 0x38, 0xFF, 0xF1, 0xCF, 0xFE, 0x0C, 0x7F, 0xC0, 0x0F, 0xFE, 0x00, 0x0E,
    0x0F, 0xDF, 0xFF, 0x7D, 0xFF, 0xF0, 0xC7, 0xFC, 0x0C, 0xFF, 0xE0, 0xCE, 0x0E, 0x0C, 0xFF, 0xE0,
    0xCE, 0x0E, 0x0F, 0xE0, 0xE0, 0xFF, 0xFE, 0x1E, 0xFF, 0xE1, 0xCE, 0x0E, 0x18, 0xE3, 0xE0, 0x04,
    0x38, 0x00, 0x0E, 0x03, 0x80, 0xE0, 0x1C, 0xFF, 0xE0, 0xEF, 0xFE, 0x0C, 0x0E, 0x00, 0x0F, 0xFE,
    0x01, 0xFF, 0xFF, 0xC0, 0x66, 0x7C, 0x76, 0x60, 0xCB, 0xE6, 0x0C, 0xEE, 0x00, 0xC7, 0x60, 0x0D,
    0xFF, 0xF0, 0xDF, 0xFF, 0x0F, 0x0C, 0x00, 0xF1, 0xF8, 0x1E, 0x39, 0xC1, 0xCF, 0x0E, 0x19, 0xE0,
    0x70, 0x18, 0x03, 0x00, 0x04, 0x01, 0xFC, 0x70, 0x1F, 0xF3, 0x00, 0xE1, 0x98, 0x07, 0x6D, 0xFF,
    0x3F, 0x6F, 0xF9, 0xFB, 0x63, 0x0F, 0xDF, 0x18, 0x7E, 0xF8, 0xC3, 0xF7, 0xC6, 0x1F, 0xB3, 0x70,
    0xFD, 0x9B, 0x07, 0xCC, 0xF8, 0x3E, 0x63, 0xC0, 0x30, 0x1C, 0x03, 0xE0, 0xF0, 0x1B, 0x8F, 0xC1,
    0xCE, 0xE7, 0x1C, 0x3E, 0x1C, 0xC0, 0x60, 0x60, 0x00, 0x30, 0x03, 0xFD, 0xC3, 0x1F, 0xEE, 0x38,
    0xDB, 0x73, 0x86, 0xDB, 0x98, 0x36, 0xDF, 0xC1, 0xB6, 0xFC, 0x0D, 0xB7, 0xC0, 0x6D, 0xFF, 0xF3,
    0x6F, 0xFF, 0x9B, 0x6E, 0xC0, 0xDB, 0x76, 0x06, 0xDB, 0xB0, 0x36, 0xDC, 0xC0, 0xFC, 0xE6, 0x03,
    0xC7, 0x18, 0x1B, 0x3F, 0xE1, 0x9D, 0xFB, 0x98, 0x6F, 0x0C, 0x80, 0x60, 0x00, 0x0E, 0x00, 0x00,
    0x71, 0xFF, 0x83, 0x8F, 0xFC, 0xFF, 0x8C, 0xE7, 0xFC, 0xE7, 0x07, 0x06, 0x30, 0x38, 0x71, 0x8F,
    0xFF, 0x7C, 0x7F, 0xF1, 0xC0, 0x30, 0xFF, 0x0D, 0x87, 0xF8, 0x6F, 0xB0, 0xC7, 0x7D, 0x86, 0x3B,
    0x0C, 0x31, 0xD8, 0x7F, 0x8F, 0xC3, 0xFC, 0x7E, 0x00, 0x03, 0x7F, 0xFF, 0xB8, 0xFF, 0xFC, 0x80,
    0x00, 0x00, 0x7F, 0xBF, 0xF7, 0xFB, 0xFF, 0x71, 0xB0, 0x07, 0x1B, 0x00, 0x71, 0xB0, 0x07, 0xFB,
    0xFE, 0x3F, 0xBF, 0xE0, 0xE3, 0x06, 0x2E, 0x30, 0x67, 0xFB, 0x06, 0x7F, 0xB0, 0x67, 0xE3, 0xFE,
    0x7E, 0x3F, 0xE7, 0xE3, 0x00, 0x7F, 0xB0, 0x07, 0xFF, 0x00, 0xFE, 0x3F, 0xF7, 0x03, 0xFF, 0x00,
    0x1B, 0x01, 0xF8, 0xD8, 0x1F, 0xC6, 0xC0, 0xC7, 0xB6, 0x66, 0x3D, 0xB7, 0x31, 0xBD, 0xB1, 0xFD,
    0xEF, 0x8F, 0xEF, 0x78, 0x0C, 0x3B, 0x81, 0x60, 0xD8, 0x1B, 0xC6, 0xF0, 0xDE, 0xF7, 0xC6, 0xCF,
    0xB7, 0x36, 0xED, 0x99, 0xB2, 0xEC, 0x0D, 0xF6, 0x62, 0x7F, 0xF3, 0x37, 0xE7, 0x1D, 0x90, 0x70,
    0xFC, 0x01, 0x03, 0xC0, 0x0C, 0x03, 0x00, 0xC0, 0x70, 0x0C, 0x07, 0x07, 0xFF, 0xFF, 0x7F, 0xFF,
    0xE1, 0x80, 0xE0, 0x36, 0x7F, 0xF3, 0x6F, 0xFF, 0x36, 0x1C, 0x07, 0xF9, 0x80, 0x7F, 0x9F, 0xE0,
    0x63, 0xFE, 0x06, 0x00, 0xE0, 0x7C, 0x1C, 0x7F, 0xDB, 0x87, 0xE1, 0xF0, 0x06, 0x0F, 0x00, 0x60,
    0x38, 0x06, 0x01, 0xC0, 0x60, 0x08, 0x06, 0x1C, 0x00, 0x61, 0xF8, 0x7F, 0xFD, 0xC7, 0xFD, 0xCC,
    0x06, 0x1C, 0x0F, 0xFF, 0xFE, 0xFF, 0xFF, 0xE1, 0xC0, 0xC8, 0xFF, 0xEC, 0xCF, 0xFF, 0xDC, 0x33,
    0x0D, 0x87, 0x30, 0xD8, 0x7F, 0xEF, 0x07, 0xFE, 0xF0, 0x03, 0x06, 0x03, 0xFF, 0xE6, 0xFF, 0xFF,
    0x6F, 0x33, 0xBE, 0x03, 0x7B, 0xE0, 0x32, 0x1C, 0x0C, 0x00, 0x00, 0xC3, 0xFE, 0x1C, 0x3F, 0xE7,
    0xFB, 0x06, 0x7F, 0xBF, 0xE1, 0xC3, 0xFC, 0x3E, 0x7F, 0xF3, 0x6F, 0xFF, 0x36, 0x30, 0x67, 0xFB,
    0xFE, 0x7F, 0xBF, 0xE0, 0x63, 0x06, 0x06, 0x3F, 0xE0, 0x7B, 0xFE, 0x7F, 0xB0, 0x67, 0xE3, 0x0F,
    0x06, 0xFF, 0xF0, 0x6F, 0xFE, 0x06, 0x00, 0x60, 0x60, 0x06, 0x18, 0x06, 0x00, 0xC0, 0x70, 0x06,
    0x07, 0xC0, 0xFE, 0x77, 0x07, 0xF7, 0x1E, 0x18, 0xFF, 0xF8, 0xF7, 0xFF, 0xC7, 0x80, 0x04, 0x6C,
    0xFD, 0xB3, 0xFF, 0xED, 0x9F, 0xF3, 0x6C, 0x19, 0xFB, 0x60, 0xCF, 0xDB, 0x07, 0xE6, 0xD9, 0xFF,
    0xF6, 0xCF, 0x9F, 0xB6, 0x0C, 0xCC, 0x30, 0x66, 0x61, 0x83, 0x37, 0x78, 0x18, 0xB1, 0x80, 0x00,
    0x18, 0x01, 0x80, 0xC0, 0x0E, 0x06, 0x00, 0x38, 0x30, 0x00, 0xDF, 0xFF, 0x00, 0xFF, 0xF0, 0x00,
    0x61, 0x8F, 0x03, 0x0C, 0xFC, 0x38, 0x60, 0xE1, 0xC3, 0x07, 0x0C, 0x18, 0x38, 0xE0, 0xC1, 0xC6,
    0x06, 0x0E, 0x70, 0x70, 0x7F, 0x1F, 0x83, 0xB0, 0xF8, 0x3E, 0x00, 0x03, 0xBF, 0x07, 0xB8, 0xFF,
    0xFC, 0x81, 0xFF, 0xE0, 0x00, 0x00, 0xE1, 0x83, 0xFF, 0x0E, 0x3F, 0xE0, 0x39, 0xC0, 0x00, 0xCE,
    0x00, 0x00, 0x70, 0x00, 0x03, 0xFF, 0xC0, 0x1F, 0xFE, 0x7C, 0xC3, 0x03, 0xE6, 0x18, 0x03, 0x30,
    0xC0, 0x19, 0x86, 0x00, 0xCC, 0x30, 0x06, 0xE1, 0x80, 0x36, 0x0C, 0x03, 0xF0, 0x60, 0x3F, 0x03,
    0x03, 0x9F, 0xFF, 0x98, 0x7F, 0xFC, 0x00, 0x00, 0x00, 0x00, 0x00, 0x43, 0x81, 0xFF, 0x0E, 0x3F,
    0xF8, 0x39, 0xE0, 0x01, 0xCC, 0x00, 0x00, 0x7F, 0xF0, 0x03, 0xFF, 0x80, 0x18, 0x18, 0x7C, 0xF0,
    0xC3, 0xEF, 0xCE, 0x07, 0x77, 0xE0, 0x3B, 0x1E, 0x01, 0xD8, 0xF8, 0x0F, 0xCF, 0xE0, 0x7D, 0xE3,
    0x83, 0xEE, 0x0C, 0x3E, 0x00, 0x03, 0xBF, 0xFF, 0x98, 0x7F, 0xFC, 0x00, 0x00, 0x00, 0x00, 0x31,
    0x81, 0x81, 0x8C, 0x0E, 0x0C, 0x60, 0x38, 0x63, 0x00, 0xDF, 0xFF, 0x00, 0xFF, 0xF0, 0x00, 0xC6,
    0x00, 0x06, 0x30, 0x7C, 0x31, 0x83, 0xEF, 0xFF, 0x83, 0x7F, 0xFC, 0x18, 0xE3, 0x00, 0xC6, 0x18,
    0x06, 0x70, 0xC0, 0x33, 0x06, 0x03, 0xB8, 0x30, 0x3F, 0x81, 0x83, 0x9F, 0xFF, 0x98, 0x7F, 0xFC,
    0x00, 0x00, 0x00, 0x20, 0xFF, 0xE3, 0xCF, 0xFF, 0x0F, 0x00, 0x00, 0x38, 0x00, 0x00, 0x00, 0x00,
    0x01, 0xFF, 0xF9, 0xEF, 0xFF, 0xCF, 0x86, 0x60, 0x1C, 0x73, 0x00, 0xE3, 0x98, 0x07, 0x18, 0xC0,
    0x38, 0xC6, 0x61, 0xCE, 0x33, 0x0F, 0xE1, 0xF8, 0x7E, 0x0F, 0x87, 0xC0, 0x00, 0x7F, 0xC0, 0x73,
    0x1F, 0xFF, 0x90, 0x1F, 0xFC, 0x20, 0x10, 0x01, 0x81, 0xC0, 0x0E, 0x7F, 0xF8, 0x3F, 0xFF, 0xE0,
    0xC6, 0x00, 0x00, 0x33, 0x00, 0x03, 0x18, 0x0F, 0x3F, 0xFC, 0x7D, 0xFF, 0xE0, 0xE4, 0x30, 0x07,
    0x01, 0x80, 0x38, 0x0C, 0x01, 0xFF, 0xFF, 0x0F, 0xFF, 0xF8, 0x70, 0x18, 0x03, 0x80, 0xC0, 0x3E,
    0x06, 0x03, 0xFE, 0x33, 0xB8, 0xFF, 0xFC, 0x81, 0xFF, 0xE0, 0x00, 0x00, 0x01, 0x87, 0xFE, 0x0E,
    0x3F, 0xF0, 0x39, 0x81, 0x81, 0xCF, 0xFC, 0x06, 0x7F, 0xE0, 0x03, 0x03, 0x00, 0x18, 0x18, 0x7C,
    0xFF, 0xC3, 0xE7, 0xFF, 0x03, 0x33, 0x38, 0x19, 0x9F, 0x80, 0xCC, 0x78, 0x06, 0x6E, 0xE0, 0x37,
    0xF3, 0x83, 0xBC, 0x0C, 0x3F, 0x00, 0x03, 0xBF, 0xFF, 0x98, 0x7F, 0xFC, 0x00, 0x00, 0x00, 0x00,
    0x00, 0xC3, 0x03, 0xFF, 0x1C, 0x7F, 0xE0, 0x71, 0x18, 0x01, 0xC0, 0xC0, 0x05, 0xFF, 0xF8, 0x0F,
    0xFF, 0xCF, 0x01, 0x80, 0xFC, 0x0C, 0x00, 0xE7, 0xFE, 0x07, 0x3F, 0xF8, 0x39, 0x81, 0xC1, 0xCC,
    0x0E, 0x0E, 0x60, 0x70, 0x73, 0xFF, 0x83, 0x9F, 0xF8, 0x3F, 0x00, 0x03, 0xBF, 0xFF, 0x98, 0x7F,
    0xFC, 0x00, 0x00, 0x00, 0x00, 0xC0, 0xC3, 0x07, 0x0E, 0x1C, 0x1C, 0x60, 0x70, 0x67, 0x01, 0xFF,
    0xFF, 0x05, 0xFF, 0xF8, 0x06, 0x31, 0x80, 0x31, 0x8C, 0x7D, 0x8C, 0x63, 0xEC, 0x63, 0x07, 0x63,
    0x18, 0x3B, 0xFF, 0xC1, 0xDF, 0xFE, 0x0E, 0x0E, 0x00, 0x70, 0xE0, 0x03, 0x8E, 0x00, 0x1F, 0xE0,
    0x03, 0xFE, 0x03, 0x98, 0xFF, 0xFC, 0x80, 0xFF, 0xE0, 0x00, 0x0C, 0x03, 0x83, 0x60, 0x0E, 0x3B,
    0x00, 0x39, 0xFF, 0xC1, 0xDF, 0xFE, 0x00, 0xC6, 0x00, 0x06, 0x30, 0x00, 0x7F, 0xFE, 0x7B, 0xFF,
    0xF3, 0xE1, 0x98, 0x07, 0x0C, 0xC0, 0x38, 0xE6, 0x01, 0xC6, 0x33, 0x0E, 0x71, 0x98, 0x7F, 0x0F,
    0xC3, 0xF0, 0x7E, 0x1E, 0x00, 0x03, 0xFE, 0x03, 0x9C, 0xFF, 0xFC, 0xC0, 0xFF, 0xE0, 0x00, 0x00,
    0x03, 0x0F, 0xFF, 0x1C, 0x3F, 0xF8, 0x70, 0xF7, 0x01, 0xC3, 0xF0, 0x06, 0x7F, 0xF0, 0x07, 0xFF,
    0x80, 0x31, 0x8C, 0x7D, 0xFF, 0xE3, 0xEF, 0xFF, 0x07, 0x63, 0x18, 0x3B, 0xFF, 0xC1, 0xDF, 0xFE,
    0x0E, 0xC6, 0x30, 0x76, 0x31, 0x83, 0xB1, 0xBC, 0x3F, 0x80, 0xC3, 0x9F, 0xFF, 0x98, 0x7F, 0xFC,
    0x00, 0x00, 0x00, 0xFF, 0xFF, 0xEF, 0xFF, 0xFE, 0x1E, 0x00, 0xE1, 0xE0, 0x0E, 0xFF, 0x80, 0xEF,
    0xF8, 0x0E, 0xDF, 0x80, 0xED, 0xFB, 0xFE, 0xD7, 0xBF, 0xED, 0x7B, 0x8E, 0xF7, 0xB8, 0x4E, 0x1B,
    0x80, 0xFF, 0xB8, 0x0F, 0xFB, 0x86, 0xC1, 0xB8, 0x6F, 0xFB, 0x86, 0xFF, 0xB8, 0x6C, 0x1B, 0xFE,
    0xC0, 0x9F, 0xC0, 0x00, 0x03, 0x07, 0xFF, 0xF0, 0xFF, 0xF8, 0x00, 0x60, 0x0F, 0xFF, 0xFF, 0xFF,
    0xFF, 0xC0, 0x38, 0x01, 0xFF, 0xFC, 0x30, 0xC1, 0x87, 0xFF, 0xF0, 0xC3, 0x86, 0x18, 0x60, 0xC3,
    0xFF, 0xF8, 0x3F, 0xFE, 0x0F, 0xFF, 0xE3, 0xFF, 0xFE, 0x00, 0xC0, 0x1F, 0xFF, 0xFF, 0xFF, 0xFF,
    0x80, 0x1F, 0xFF, 0x81, 0xC0, 0x18, 0x1F, 0xFF, 0x81, 0xC0, 0x18, 0x1F, 0xFF, 0x80, 0x00, 0x00,
    0x7F, 0xFF, 0xF7, 0xFF, 0xFF, 0x1F, 0xFF, 0xC1, 0x87, 0x0C, 0x1F, 0xFF, 0xC1, 0x87, 0x0C, 0x1F,
    0xFF, 0xC0, 0x07, 0x00, 0x00, 0x70, 0x03, 0xFF, 0xFE, 0x00, 0x70, 0x07, 0xFF, 0xFF, 0x7F, 0xFF,
    0xF0, 0x18, 0x03, 0x01, 0x80, 0x70, 0x38, 0x07, 0x03, 0xF8, 0x70, 0x7F, 0x87, 0x0E, 0x00, 0x70,
    0x7F, 0x07, 0x03, 0xFF, 0xFF, 0x0C, 0xFF, 0xF0, 0xC0, 0x70, 0x7F, 0x87, 0x07, 0xF8, 0x70, 0x0C,
    0x07, 0x00, 0xC0, 0x70, 0x0C, 0x07, 0x00, 0xC8, 0x70, 0x0F, 0x87, 0x00, 0xF0, 0x70, 0x1C, 0x07,
    0x00, 0x80, 0x70, 0x18, 0x06, 0x01, 0x80, 0x70, 0x3F, 0x87, 0x03, 0xF8, 0x70, 0x70, 0x7F, 0xE6,
    0x07, 0xFF, 0x7F, 0x7F, 0xF3, 0xFE, 0x73, 0x0C, 0x67, 0x30, 0xC6, 0x73, 0x7F, 0xE7, 0x37, 0xFF,
    0xFF, 0x0C, 0x7F, 0xF0, 0xC6, 0x73, 0x0C, 0x67, 0x20, 0xD8, 0x70, 0x0F, 0x87, 0x01, 0xF0, 0x70,
    0x1C, 0x07, 0x00, 0x80, 0x60, 0x30, 0x06, 0x01, 0x8C, 0x30, 0x0F, 0xF1, 0x80, 0xFD, 0xFF, 0xE6,
    0x0F, 0xFF, 0x70, 0x26, 0xC1, 0xF8, 0x7E, 0x0F, 0xFB, 0xFC, 0x1B, 0xFF, 0xF0, 0xCF, 0x9C, 0x06,
    0x38, 0xE0, 0xFD, 0xC7, 0x07, 0xEF, 0xFF, 0x0C, 0x7F, 0xF8, 0x63, 0x8E, 0x03, 0xDC, 0x70, 0x1F,
    0xF1, 0x81, 0xFF, 0xFF, 0x8E, 0xC7, 0xFC, 0x00, 0x00, 0x00, 0x18, 0x19, 0x81, 0x81, 0x98, 0x38,
    0x19, 0x83, 0xFF, 0xFF, 0x7F, 0xFF, 0xF6, 0x01, 0x98, 0x7F, 0x19, 0x83, 0xFF, 0xFF, 0x0C, 0x7F,
    0xF0, 0xC0, 0x00, 0x7F, 0xBF, 0xE7, 0xFB, 0xFE, 0x0C, 0x30, 0x60, 0xC3, 0x06, 0x0C, 0x3F, 0xE0,
    0xD3, 0xFE, 0x0F, 0xB0, 0x61, 0xF3, 0xFE, 0x1C, 0x3F, 0xE0, 0x03, 0x06, 0x18, 0x03, 0x01, 0xCF,
    0x98, 0x0F, 0xFF, 0xF8, 0x7C, 0xDF, 0xC6, 0x06, 0xFF, 0x70, 0x7F, 0xF9, 0xFB, 0x0D, 0x8F, 0xFF,
    0xFC, 0x19, 0xFF, 0xE0, 0xC1, 0x98, 0x1F, 0x8F, 0xF8, 0xFF, 0xFF, 0xE1, 0x9E, 0x30, 0x0C, 0x77,
    0xF8, 0x63, 0xFF, 0xC3, 0x5C, 0x60, 0x1F, 0xF3, 0x00, 0xED, 0xF8, 0x0E, 0xE3, 0xFC, 0x06, 0x07,
    0xE0, 0x18, 0x00, 0x01, 0x87, 0xFF, 0x3F, 0x7F, 0xF3, 0xF6, 0x07, 0x70, 0x60, 0x7E, 0x07, 0xFF,
    0x7F, 0x7F, 0xE3, 0xF6, 0x30, 0x0C, 0x63, 0x00, 0xC7, 0xFF, 0x7F, 0x7F, 0xF7, 0xF6, 0x30, 0x0C,
    0x63, 0x00, 0xCF, 0xFF, 0x0C, 0xFF, 0xF0, 0xDF, 0x87, 0x0F, 0xF8, 0x71, 0xFF, 0xFF, 0x1D, 0xBF,
    0xF1, 0x0B, 0x06, 0x18, 0x06, 0x00, 0xC0, 0x30, 0x0F, 0xDF, 0xFC, 0x7E, 0xFF, 0xC7, 0x01, 0x8C,
    0x30, 0x3F, 0xF9, 0xFF, 0xFF, 0xC7, 0xE0, 0x00, 0x0C, 0x7F, 0xE0, 0x63, 0x83, 0x1F, 0xD8, 0x18,
    0xFF, 0xFF, 0xC0, 0xC6, 0x06, 0x06, 0x3F, 0xF0, 0x30, 0x76, 0x01, 0xE3, 0x30, 0x0F, 0xB9, 0xB0,
    0xF3, 0x8D, 0x87, 0x78, 0x7C, 0x21, 0x01, 0xC0, 0x0C, 0x00, 0x00, 0xC0, 0x38, 0x0C, 0x07, 0x00,
    0xC1, 0xE0, 0x0C, 0x3C, 0x00, 0xCF, 0x00, 0x0D, 0xE0, 0x00, 0xC8, 0x00, 0xFF, 0xFF, 0xEF, 0xFF,
    0xFE, 0x0C, 0x60, 0x00, 0xC7, 0x00, 0x0C, 0x38, 0x00, 0xC3, 0x80, 0x0C, 0x1C, 0x00, 0xC0, 0xF0,
    0x0D, 0xE7, 0xC1, 0xFE, 0x3E, 0x1F, 0x00, 0xE0, 0x80, 0x00, 0x20, 0x00, 0x0E, 0x7F, 0xF8, 0xEF,
    0xFF, 0x0C, 0x00, 0x61, 0x00, 0x0C, 0xC0, 0x01, 0x99, 0xFE, 0x33, 0x3F, 0xE6, 0x66, 0x0C, 0xCC,
    0xC1, 0x99, 0x9F, 0xF3, 0x33, 0xFE, 0x66, 0x60, 0xCC, 0xCC, 0x19, 0x99, 0xFF, 0x33, 0x3F, 0xE6,
    0x60, 0x00, 0xCC, 0x00, 0x19, 0x80, 0x0F, 0x30, 0x01, 0xC0, 0x20, 0x00, 0x1C, 0xFF, 0xF3, 0xBF,
    0xFC, 0x60, 0x03, 0x07, 0x18, 0xD8, 0xCE, 0x36, 0x1B, 0x0D, 0xBF, 0xF3, 0x6F, 0xFC, 0xDB, 0x83,
    0x36, 0xE0, 0xCD, 0xBF, 0xF3, 0x67, 0xFC, 0xD8, 0xEC, 0x36, 0x33, 0x0D, 0x8C, 0xCF, 0x6F, 0x3F,
    0xDF, 0x8F, 0xB6, 0x80, 0x3D, 0x80, 0x0F, 0x00, 0x00, 0x3F, 0xFF, 0xFF, 0xEF, 0xFF, 0x9B, 0x83,
    0xEE, 0xE0, 0xFB, 0x38, 0x3F, 0xCE, 0x0F, 0xE3, 0x83, 0xEC, 0xE0, 0xF9, 0xBF, 0xFE, 0x6F, 0xFF,
    0x9F, 0x83, 0xE7, 0xE0, 0xFF, 0xB8, 0x3F, 0xCE, 0x0F, 0x83, 0x83, 0xE0, 0xFF, 0xF8, 0x3F, 0xFE,
    0x0E, 0x0F, 0x83, 0x03, 0x00, 0x61, 0x8F, 0xE6, 0x1C, 0xFE, 0xE1, 0xCC, 0xCC, 0x1C, 0xCC, 0xC1,
    0xCD, 0xDF, 0xFE, 0xDB, 0xFF, 0xED, 0xBC, 0x1C, 0xDF, 0xD1, 0xCC, 0xED, 0x9C, 0xCC, 0xDD, 0xCC,
    0xEC, 0xDC, 0xCE, 0xCD, 0xCF, 0xCC, 0xFC, 0xFC, 0xC1, 0xCC, 0x0C, 0x1C, 0xC0, 0xC1, 0xCC, 0x0C,
    0x1C, 0xC0, 0xC7, 0x8C, 0x0C, 0x78, 0x00, 0x0C, 0x0F, 0xE1, 0xC0, 0xFE, 0x3E, 0x0C, 0xC3, 0x70,
    0xCC, 0xE3, 0x8D, 0x9C, 0x1E, 0xDB, 0xFF, 0xED, 0x9F, 0xFE, 0xCC, 0x0C, 0x0C, 0xC0, 0xC0, 0xCF,
    0xFF, 0xEC, 0x7F, 0xFE, 0xCE, 0x0C, 0x0F, 0xCC, 0xD8, 0xD8, 0xCD, 0xCC, 0x1C, 0xCC, 0xC3, 0x8C,
    0x6C, 0x30, 0xC6, 0xC0, 0x7C, 0x0C, 0x03, 0x80, 0x00, 0x30, 0x1F, 0xCE, 0x03, 0xF9, 0xFC, 0x66,
    0x7F, 0x8C, 0xDC, 0x61, 0x9F, 0xFF, 0xB6, 0x7F, 0xF6, 0xC0, 0x06, 0xDC, 0xFF, 0xD9, 0x9F, 0xFB,
    0x38, 0x03, 0x63, 0xFF, 0xEC, 0x7F, 0xFD, 0xFC, 0x70, 0x37, 0x5F, 0x66, 0x1F, 0x76, 0xC3, 0x65,
    0xF8, 0xEC, 0x7F, 0x19, 0xFD, 0xE0, 0x1F, 0x00, 0x00, 0x18, 0x1F, 0xC3, 0x83, 0xFF, 0xFF, 0x66,
    0xFF, 0xEC, 0xC6, 0x31, 0xB7, 0xFF, 0xF6, 0xFF, 0xFE, 0xC0, 0x00, 0xDD, 0xFF, 0xD9, 0xB8, 0x3B,
    0x1F, 0xFF, 0x63, 0xE0, 0xEC, 0xFC, 0x1D, 0xFB, 0xFF, 0xB6, 0x03, 0x06, 0x1F, 0xFF, 0xC3, 0xFF,
    0xF8, 0x01, 0x83, 0x00, 0x30, 0x60, 0x06, 0x00, 0xFF, 0xFF, 0xFF, 0xFF, 0xFC, 0x03, 0x00, 0x00,
    0x60, 0x00, 0x1C, 0x00, 0xFF, 0xFF, 0x9F, 0xFF, 0xF3, 0x30, 0xC6, 0x67, 0xF8, 0xCC, 0xFF, 0x19,
    0x98, 0x63, 0x33, 0x0C, 0x66, 0x7F, 0x8C, 0xCF, 0xF1, 0x99, 0x86, 0x33, 0x30, 0xC6, 0x7F, 0xFF,
    0xCF, 0xFF, 0xF9, 0x80, 0x03, 0x00, 0xFF, 0xFF, 0xFF, 0xFF, 0xFC, 0x03, 0x00, 0x00, 0xE0, 0x03,
    0xFF, 0xF8, 0x7F, 0xFF, 0x0E, 0x00, 0xE1, 0xC7, 0x1C, 0x38, 0xE3, 0x87, 0x1C, 0x70, 0xE3, 0x8E,
    0x1C, 0x71, 0xC3, 0x8C, 0x38, 0x71, 0xA7, 0x0C, 0x7F, 0x60, 0x3C, 0xF8, 0x3F, 0x07, 0xDF, 0x80,
    0x3F, 0x80, 0x03, 0x00, 0x00, 0xFF, 0xF0, 0x07, 0xFF, 0x9F, 0xC3, 0x80, 0xFE, 0x18, 0x01, 0xCF,
    0xFE, 0x0E, 0x7F, 0xF0, 0x73, 0x99, 0x83, 0x9D, 0xCC, 0x1C, 0xEE, 0x60, 0xE7, 0x73, 0x07, 0x3B,
    0x98, 0x3F, 0xDC, 0xC3, 0xFE, 0xE6, 0x7E, 0x76, 0x31, 0x80, 0x7E, 0x00, 0x07, 0x78, 0x00, 0xF0,
    0xE0, 0x0F, 0x03, 0x80, 0x60, 0x0C, 0x31, 0xBF, 0xF3, 0x5B, 0xFF, 0x3D, 0x87, 0x03, 0xD8, 0x60,
    0x3D, 0xBF, 0xE3, 0xDB, 0xFE, 0x3D, 0xB0, 0x63, 0xDB, 0x36, 0x3D, 0xB3, 0x67, 0xDB, 0x36, 0x7D,
    0xB3, 0x66, 0xDB, 0x36, 0x6D, 0xB3, 0x66, 0xDB, 0x76, 0x6D, 0x87, 0x86, 0x58, 0xFC, 0x61, 0x9C,
    0xEC, 0x1F, 0x87, 0x40, 0x20, 0x20, 0x7F, 0xFF, 0xF7, 0xFF, 0xFF, 0x03, 0x83, 0x02, 0x70, 0x70,
    0x3E, 0x3F, 0xF1, 0xC3, 0xFF, 0x0F, 0x33, 0x7F, 0xFF, 0x37, 0x7F, 0xF3, 0x70, 0xDB, 0x37, 0x0D,
    0xB3, 0x70, 0xD3, 0x37, 0x0C, 0x37, 0x70, 0xC3, 0x66, 0x0C, 0x0F, 0x80, 0xC1, 0xDC, 0x0C, 0x38,
    0xF7, 0xCF, 0x07, 0x38, 0x40, 0x20, 0x06, 0x00, 0x00, 0x30, 0xFF, 0x8D, 0x8F, 0xFC, 0x6F, 0x86,
    0x03, 0x7C, 0x30, 0x1B, 0x0F, 0xF8, 0xD8, 0x7F, 0xDF, 0xFF, 0x6E, 0x7F, 0xFB, 0x71, 0xB2, 0xDB,
    0x8D, 0xB6, 0xDC, 0x6D, 0xB6, 0xE6, 0x6D, 0xB7, 0x33, 0xCD, 0xB9, 0x1E, 0x6D, 0xC0, 0xE0, 0xF0,
    0x0E, 0x07, 0xC1, 0xE0, 0xE7, 0x1E, 0x1E, 0x1C, 0xC0, 0xE0, 0x20, 0x3F, 0xFF, 0xF1, 0xFF, 0xFF,
    0x8C, 0x31, 0xC0, 0x7F, 0xBF, 0xC3, 0x1D, 0xFE, 0x1F, 0xEC, 0x30, 0xFF, 0x6D, 0x80, 0x03, 0x6C,
    0x7F, 0xFB, 0x63, 0xFE, 0xDB, 0x0D, 0x86, 0xD8, 0x6F, 0xBC, 0xC3, 0x7D, 0xFE, 0x1B, 0x07, 0xE0,
    0xF8, 0x73, 0xCF, 0xCF, 0x06, 0x6F, 0xE0, 0x03, 0x1F, 0xFF, 0x90, 0x1F, 0xFC, 0x04, 0x00, 0x00,
    0x70, 0xFF, 0x9F, 0xFF, 0xFC, 0xFF, 0xC6, 0x06, 0xC6, 0x30, 0x3F, 0xEF, 0xF0, 0x7F, 0x7F, 0x8E,
    0x33, 0x6C, 0x7B, 0x9B, 0x62, 0xF8, 0xDB, 0x07, 0xE6, 0xD8, 0xFB, 0xF6, 0xC7, 0x0D, 0xB6, 0x3F,
    0xED, 0xB0, 0xFF, 0x7D, 0x86, 0x38, 0xD0, 0x31, 0xCF, 0xC1, 0xFE, 0xE7, 0x0F, 0xFF, 0x1C, 0x63,
    0xE0, 0x60, 0x00, 0x00, 0x00, 0x00, 0x06, 0x03, 0xF8, 0x30, 0x1F, 0xC3, 0xC0, 0x06, 0x3F, 0x03,
    0x33, 0x9C, 0x19, 0xB8, 0x70, 0xCF, 0xC1, 0xC6, 0x7B, 0xFE, 0x36, 0x9F, 0x83, 0x30, 0x30, 0x1F,
    0xFD, 0x9C, 0x7F, 0x6C, 0xC0, 0x1B, 0x36, 0x07, 0xD9, 0xF1, 0xFE, 0x6F, 0x1E, 0x70, 0x38, 0x03,
    0x01, 0x80, 0x1B, 0xFF, 0x87, 0xDF, 0xFC, 0x18, 0x00, 0x00, 0x00, 0x03, 0x03, 0xFE, 0x1C, 0x1D,
    0xB0, 0xF0, 0xFF, 0x87, 0xC7, 0xFC, 0x36, 0x3F, 0xE1, 0x91, 0xBF, 0xFF, 0xCF, 0xFF, 0xFE, 0x3F,
    0xC3, 0x00, 0x30, 0x18, 0x1F, 0xF1, 0xE0, 0x7F, 0x8F, 0x00, 0x6C, 0x78, 0x3F, 0xF3, 0xC1, 0xFC,
    0x3B, 0x07, 0xF9, 0x98, 0x6F, 0xDC, 0x63, 0x7B, 0xC3, 0xBB, 0x4C, 0x0E, 0x00, 0x60, 0x20, 0x00,
    0x60, 0x00, 0x03, 0x80, 0x1F, 0xFF, 0xFC, 0xFF, 0xFF, 0xE0, 0x70, 0x70, 0x01, 0xC7, 0x00, 0x07,
    0x70, 0x00, 0x1F, 0x00, 0x03, 0xFE, 0x03, 0xFE, 0xFF, 0x9F, 0x80, 0xFC, 0xCC, 0x0E, 0x00, 0x60,
    0x70, 0x03, 0x03, 0x80, 0x18, 0x1C, 0x00, 0xC0, 0xE0, 0x0E, 0x07, 0x00, 0xE0, 0x38, 0x0F, 0x01,
    0xC0, 0x30, 0x0E, 0x00, 0x00, 0xE0, 0x03, 0x1C, 0x00, 0x63, 0xFE, 0x0C, 0x7F, 0xC1, 0x8E, 0x00,
    0x31, 0xC0, 0x3F, 0xFF, 0xFF, 0xFF, 0xFF, 0x20, 0x40, 0x8C, 0x1C, 0x19, 0x83, 0x03, 0x30, 0xF0,
    0x66, 0x1F, 0x0C, 0xC7, 0x79, 0x99, 0xC7, 0xB3, 0xF0, 0x3E, 0x68, 0x00, 0xCF, 0xFF, 0xF9, 0xFF,
    0xFF, 0x00, 0x00, 0x60, 0x3F, 0x3F, 0x7E, 0x7F, 0x72, 0x72, 0xE0, 0x60, 0xE0, 0x60, 0xFE, 0xFE,
    0xFE, 0xFE, 0xE0, 0xE0, 0xE0, 0xE0, 0xE0, 0xE0, 0xE0, 0xE0, 0xE0, 0xE0, 0xE0, 0xE0, 0xE0, 0xE0,
    0xE0, 0xE0, 0xE0, 0xE0, 0x3E, 0xE7, 0xEE, 0x70, 0x0E, 0x00, 0xE0, 0x0F, 0xEE, 0xFE, 0xEE, 0x0E,
    0xE0, 0xEE, 0x0E, 0xE0, 0xEE, 0x0E, 0xE0, 0xEE, 0x0E, 0xE0, 0xEE, 0x0E, 0x3E, 0x63, 0xF7, 0x1C,
    0x39, 0xC1, 0xCE, 0x0E, 0x7F, 0x73, 0xFB, 0x9C, 0x1C, 0xE0, 0xE7, 0x07, 0x38, 0x39, 0xC1, 0xCE,
    0x0E, 0x70, 0x3B, 0x81, 0xFC, 0x0F, 0x3F, 0x3E, 0x67, 0xE7, 0xE6, 0x72, 0x72, 0x0E, 0x06, 0x00,
    0xE0, 0x60, 0x0F, 0xEF, 0xE6, 0xFE, 0xFE, 0x6E, 0x0E, 0x06, 0xE0, 0xE0, 0x6E, 0x0E, 0x06, 0xE0,
    0xE0, 0x6E, 0x0E, 0x06, 0xE0, 0xE0, 0x6E, 0x0E, 0x06, 0xE0, 0xE0, 0x6E, 0x0E, 0x06, 0x3F, 0x3E,
    0x63, 0xF3, 0xF3, 0x1C, 0x9C, 0x99, 0xC0, 0xC0, 0xCE, 0x06, 0x06, 0x7F, 0x7F, 0x33, 0xFB, 0xF9,
    0x9C, 0x1C, 0x0C, 0xE0, 0xE0, 0x67, 0x07, 0x03, 0x38, 0x38, 0x19, 0xC1, 0xC0, 0xCE, 0x0E, 0x06,
    0x70, 0x70, 0x3B, 0x83, 0x81, 0xFC, 0x1C, 0x07,
};

static const EpdGlyph ubuntu_10_regularGlyphs[] = {
    { 0, 0, 0, 0, 0, 0, 0 }, // U+0000
    { 0, 0, 0, 0, 0, 0, 0 }, // U+0008
    { 0, 0, 77, 0, 0, 0, 0 }, // U+0009
    { 0, 0, 77, 0, 0, 0, 0 }, // U+000D
    { 0, 0, 0, 0, 0, 0, 0 }, // U+001D
    { 0, 0, 77, 0, 0, 0, 0 }, // U+0020
    { 4, 15, 92, 1, 15, 8, 0 }, // !
    { 7, 5, 139, 1, 16, 5, 8 }, // "
    { 12, 15, 222, 1, 15, 23, 13 }, // #
    { 10, 19, 188, 1, 16, 24, 36 }, // $
    { 16, 15, 286, 1, 15, 30, 60 }, // %
    { 14, 15, 222, 0, 15, 27, 90 }, // &
    { 3, 5, 80, 1, 16, 2, 117 }, // '
    { 6, 20, 108, 1, 16, 15, 119 }, // (
    { 6, 20, 108, 0, 16, 15, 134 }, // )
    { 10, 8, 160, 0, 15, 10, 149 }, // *
    { 10, 10, 188, 1, 11, 13, 159 }, // +
    { 4, 5, 82, 0, 2, 3, 172 }, // ,
    { 6, 2, 100, 0, 7, 2, 175 }, // -
    { 3, 3, 82, 1, 3, 2, 177 }, // .
    { 10, 20, 128, -1, 16, 25, 179 }, // /
    { 10, 15, 188, 1, 15, 19, 204 }, // 0
    { 7, 15, 188, 1, 15, 14, 223 }, // 1
    { 10, 15, 188, 1, 15, 19, 237 }, // 2
    { 10, 15, 188, 1, 15, 19, 256 }, // 3
    { 11, 15, 188, 0, 15, 21, 275 }, // 4
    { 10, 15, 188, 1, 15, 19, 296 }, // 5
    { 10, 15, 188, 1, 15, 19, 315 }, // 6
    { 10, 15, 188, 1, 15, 19, 334 }, // 7
    { 10, 15, 188, 1, 15, 19, 353 }, // 8
    { 10, 15, 188, 1, 15, 19, 372 }, // 9
    { 3, 11, 82, 1, 11, 5, 391 }, // :
    { 4, 14, 82, 0, 11, 7, 396 }, // ;
    { 10, 9, 188, 1, 11, 12, 403 }, // <
    { 10, 7, 188, 1, 10, 9, 415 }, // =
    { 10, 9, 188, 1, 11, 12, 424 }, // >
    { 8, 15, 135, 0, 15, 15, 436 }, // ?
    { 18, 20, 317, 1, 16, 45, 451 }, // @
    { 14, 15, 221, 0, 15, 27, 496 }, // A
    { 12, 15, 214, 1, 15, 23, 523 }, // B
    { 12, 15, 207, 1, 15, 23, 546 }, // C
    { 13, 15, 238, 1, 15, 25, 569 }, // D
    { 11, 15, 190, 1, 15, 21, 594 }, // E
    { 10, 15, 179, 1, 15, 19, 615 }, // F
    { 12, 15, 224, 1, 15, 23, 634 }, // G
    { 12, 15, 235, 1, 15, 23, 657 }, // H
    { 3, 15, 90, 1, 15, 6, 680 }, // I
    { 9, 15, 167, 0, 15, 17, 686 }, // J
    { 13, 15, 210, 1, 15, 25, 703 }, // K
    { 10, 15, 173, 1, 15, 19, 728 }, // L
    { 16, 15, 290, 1, 15, 30, 747 }, // M
    { 13, 15, 243, 1, 15, 25, 777 }, // N
    { 15, 15, 259, 1, 15, 29, 802 }, // O
    { 12, 15, 203, 1, 15, 23, 831 }, // P
    { 15, 19, 259, 1, 15, 36, 854 }, // Q
    { 12, 15, 210, 1, 15, 23, 890 }, // R
    { 11, 15, 177, 0, 15, 21, 913 }, // S
    { 12, 15, 188, 0, 15, 23, 934 }, // T
    { 12, 15, 229, 1, 15, 23, 957 }, // U
    { 14, 15, 219, 0, 15, 27, 980 }, // V
    { 19, 15, 310, 0, 15, 36, 1007 }, // W
    { 13, 15, 210, 0, 15, 25, 1043 }, // X
    { 13, 15, 199, 0, 15, 25, 1068 }, // Y
    { 12, 15, 191, 0, 15, 23, 1093 }, // Z
    { 5, 20, 110, 2, 16, 13, 1116 }, // [
    { 10, 20, 128, -1, 16, 25, 1129 }, // <backslash>
    { 5, 20, 110, 0, 16, 13, 1154 }, // ]
    { 11, 8, 188, 0, 15, 11, 1167 }, // ^
    { 12, 2, 164, -1, -2, 3, 1178 }, // _
    { 5, 4, 125, 1, 16, 3, 1181 }, // `
    { 10, 11, 174, 0, 11, 14, 1184 }, // a
    { 11, 16, 196, 1, 16, 22, 1198 }, // b
    { 9, 11, 155, 1, 11, 13, 1220 }, // c
    { 10, 16, 196, 1, 16, 20, 1233 }, // d
    { 10, 11, 186, 1, 11, 14, 1253 }, // e
    { 8, 16, 129, 1, 16, 16, 1267 }, // f
    { 10, 15, 193, 1, 11, 19, 1283 }, // g
    { 10, 16, 190, 1, 16, 20, 1302 }, // h
    { 3, 16, 84, 1, 16, 6, 1322 }, // i
    { 6, 20, 84, -2, 16, 15, 1328 }, // j
    { 10, 16, 174, 1, 16, 20, 1343 }, // k
    { 5, 16, 91, 1, 16, 10, 1363 }, // l
    { 16, 11, 287, 1, 11, 22, 1373 }, // m
    { 10, 11, 191, 1, 11, 14, 1395 }, // n
    { 11, 11, 197, 1, 11, 16, 1409 }, // o
    { 11, 15, 196, 1, 11, 21, 1425 }, // p
    { 10, 15, 196, 1, 11, 19, 1446 }, // q
    { 7, 11, 129, 1, 11, 10, 1465 }, // r
    { 9, 11, 149, 0, 11, 13, 1475 }, // s
    { 8, 14, 134, 1, 14, 14, 1488 }, // t
    { 10, 11, 191, 1, 11, 14, 1502 }, // u
    { 11, 11, 167, 0, 11, 16, 1516 }, // v
    { 16, 11, 259, 0, 11, 22, 1532 }, // w
    { 11, 11, 170, 0, 11, 16, 1554 }, // x
    { 11, 15, 166, 0, 11, 21, 1570 }, // y
    { 10, 11, 157, 0, 11, 14, 1591 }, // z
    { 7, 20, 111, 0, 16, 18, 1605 }, // {
    { 2, 20, 93, 2, 16, 5, 1623 }, // |
    { 7, 20, 111, 0, 16, 18, 1628 }, // }
    { 11, 4, 188, 0, 8, 6, 1646 }, // ~
    { 0, 0, 77, 0, 0, 0, 1652 }, // U+00A0
    { 4, 15, 92, 1, 11, 8, 1652 }, // U+00A1
    { 10, 17, 188, 1, 14, 22, 1660 }, // U+00A2
    { 10, 15, 188, 1, 15, 19, 1682 }, // U+00A3
    { 11, 10, 188, 0, 12, 14, 1701 }, // U+00A4
    { 12, 15, 188, 0, 15, 23, 1715 }, // U+00A5
    { 2, 20, 93, 2, 16, 5, 1738 }, // U+00A6
    { 10, 18, 164, 0, 16, 23, 1743 }, // U+00A7
    { 8, 2, 125, 0, 15, 2, 1766 }, // U+00A8
    { 15, 15, 271, 1, 15, 29, 1768 }, // U+00A9
    { 8, 8, 130, 0, 15, 8, 1797 }, // U+00AA
    { 10, 9, 166, 0, 10, 12, 1805 }, // U+00AB
    { 10, 8, 188, 1, 9, 10, 1817 }, // U+00AC
    { 6, 2, 100, 0, 7, 2, 1827 }, // U+00AD
    { 15, 15, 271, 1, 15, 29, 1829 }, // U+00AE
    { 7, 2, 125, 0, 15, 2, 1858 }, // U+00AF
    { 7, 6, 111, 0, 16, 6, 1860 }, // U+00B0
    { 10, 13, 188, 1, 13, 17, 1866 }, // U+00B1
    { 7, 8, 120, 0, 15, 7, 1883 }, // U+00B2
    { 7, 8, 120, 0, 15, 7, 1890 }, // U+00B3
    { 5, 4, 125, 2, 16, 3, 1897 }, // U+00B4
    { 10, 15, 193, 1, 11, 19, 1900 }, // U+00B5
    { 12, 19, 215, 0, 15, 29, 1919 }, // U+00B6
    { 3, 3, 82, 1, 8, 2, 1948 }, // U+00B7
    { 5, 4, 125, 1, 0, 3, 1950 }, // U+00B8
    { 4, 8, 120, 1, 15, 4, 1953 }, // U+00B9
    { 9, 8, 149, 0, 15, 9, 1957 }, // U+00BA
    { 10, 9, 166, 0, 10, 12, 1966 }, // U+00BB
    { 17, 15, 291, 1, 15, 32, 1978 }, // U+00BC
    { 17, 15, 291, 1, 15, 32, 2010 }, // U+00BD
    { 18, 15, 291, 0, 15, 34, 2042 }, // U+00BE
    { 9, 15, 135, 0, 11, 17, 2076 }, // U+00BF
    { 14, 20, 221, 0, 20, 35, 2093 }, // U+00C0
    { 14, 20, 221, 0, 20, 35, 2128 }, // U+00C1
    { 14, 20, 221, 0, 20, 35, 2163 }, // U+00C2
    { 14, 19, 221, 0, 19, 34, 2198 }, // U+00C3
    { 14, 18, 221, 0, 18, 32, 2232 }, // U+00C4
    { 14, 18, 221, 0, 18, 32, 2264 }, // U+00C5
    { 19, 15, 312, 0, 15, 36, 2296 }, // U+00C6
    { 12, 18, 207, 1, 15, 27, 2332 }, // U+00C7
    { 11, 20, 190, 1, 20, 28, 2359 }, // U+00C8
    { 11, 20, 190, 1, 20, 28, 2387 }, // U+00C9
    { 11, 20, 190, 1, 20, 28, 2415 }, // U+00CA
    { 11, 18, 190, 1, 18, 25, 2443 }, // U+00CB
    { 5, 20, 90, 0, 20, 13, 2468 }, // U+00CC
    { 5, 20, 90, 1, 20, 13, 2481 }, // U+00CD
    { 7, 20, 90, -1, 20, 18, 2494 }, // U+00CE
    { 8, 18, 90, -1, 18, 18, 2512 }, // U+00CF
    { 15, 15, 242, 0, 15, 29, 2530 }, // U+00D0
    { 13, 19, 243, 1, 19, 31, 2559 }, // U+00D1
    { 15, 20, 259, 1, 20, 38, 2590 }, // U+00D2
    { 15, 20, 259, 1, 20, 38, 2628 }, // U+00D3
    { 15, 20, 259, 1, 20, 38, 2666 }, // U+00D4
    { 15, 19, 259, 1, 19, 36, 2704 }, // U+00D5
    { 15, 18, 259, 1, 18, 34, 2740 }, // U+00D6
    { 10, 9, 188, 1, 11, 12, 2774 }, // U+00D7
    { 15, 15, 259, 1, 15, 29, 2786 }, // U+00D8
    { 12, 20, 229, 1, 20, 30, 2815 }, // U+00D9
    { 12, 20, 229, 1, 20, 30, 2845 }, // U+00DA
    { 12, 20, 229, 1, 20, 30, 2875 }, // U+00DB
    { 12, 18, 229, 1, 18, 27, 2905 }, // U+00DC
    { 13, 20, 199, 0, 20, 33, 2932 }, // U+00DD
    { 12, 15, 203, 1, 15, 23, 2965 }, // U+00DE
    { 12, 16, 208, 1, 16, 24, 2988 }, // U+00DF
    { 10, 16, 174, 0, 16, 20, 3012 }, // U+00E0
    { 10, 16, 174, 0, 16, 20, 3032 }, // U+00E1
    { 10, 16, 174, 0, 16, 20, 3052 }, // U+00E2
    { 10, 16, 174, 0, 16, 20, 3072 }, // U+00E3
    { 10, 15, 174, 0, 15, 19, 3092 }, // U+00E4
    { 10, 16, 174, 0, 16, 20, 3111 }, // U+00E5
    { 17, 11, 286, 0, 11, 24, 3131 }, // U+00E6
    { 9, 15, 155, 1, 11, 17, 3155 }, // U+00E7
    { 10, 16, 186, 1, 16, 20, 3172 }, // U+00E8
    { 10, 16, 186, 1, 16, 20, 3192 }, // U+00E9
    { 10, 16, 186, 1, 16, 20, 3212 }, // U+00EA
    { 10, 15, 186, 1, 15, 19, 3232 }, // U+00EB
    { 5, 16, 84, 0, 16, 10, 3251 }, // U+00EC
    { 5, 16, 84, 1, 16, 10, 3261 }, // U+00ED
    { 7, 16, 84, -1, 16, 14, 3271 }, // U+00EE
    { 7, 15, 84, -1, 15, 14, 3285 }, // U+00EF
    { 11, 16, 196, 1, 16, 22, 3299 }, // U+00F0
    { 10, 16, 191, 1, 16, 20, 3321 }, // U+00F1
    { 11, 16, 197, 1, 16, 22, 3341 }, // U+00F2
    { 11, 16, 197, 1, 16, 22, 3363 }, // U+00F3
    { 11, 16, 197, 1, 16, 22, 3385 }, // U+00F4
    { 11, 16, 197, 1, 16, 22, 3407 }, // U+00F5
    { 11, 15, 197, 1, 15, 21, 3429 }, // U+00F6
    { 10, 12, 188, 1, 12, 15, 3450 }, // U+00F7
    { 11, 11, 197, 1, 11, 16, 3465 }, // U+00F8
    { 10, 16, 191, 1, 16, 20, 3481 }, // U+00F9
    { 10, 16, 191, 1, 16, 20, 3501 }, // U+00FA
    { 10, 16, 191, 1, 16, 20, 3521 }, // U+00FB
    { 10, 15, 191, 1, 15, 19, 3541 }, // U+00FC
    { 11, 20, 166, 0, 16, 28, 3560 }, // U+00FD
    { 11, 20, 196, 1, 16, 28, 3588 }, // U+00FE
    { 11, 19, 166, 0, 15, 27, 3616 }, // U+00FF
    { 14, 18, 221, 0, 18, 32, 3643 }, // U+0100
    { 10, 15, 174, 0, 15, 19, 3675 }, // U+0101
    { 14, 19, 221, 0, 19, 34, 3694 }, // U+0102
    { 10, 16, 174, 0, 16, 20, 3728 }, // U+0103
    { 14, 19, 221, 0, 15, 34, 3748 }, // U+0104
    { 10, 14, 174, 0, 11, 18, 3782 }, // U+0105
    { 12, 20, 207, 1, 20, 30, 3800 }, // U+0106
    { 9, 16, 155, 1, 16, 18, 3830 }, // U+0107
    { 12, 20, 207, 1, 20, 30, 3848 }, // U+0108
    { 9, 16, 155, 1, 16, 18, 3878 }, // U+0109
    { 12, 19, 207, 1, 19, 29, 3896 }, // U+010A
    { 9, 16, 155, 1, 16, 18, 3925 }, // U+010B
    { 12, 20, 207, 1, 20, 30, 3943 }, // U+010C
    { 9, 16, 155, 1, 16, 18, 3973 }, // U+010D
    { 13, 20, 238, 1, 20, 33, 3991 }, // U+010E
    { 14, 16, 207, 1, 16, 28, 4024 }, // U+010F
    { 15, 15, 242, 0, 15, 29, 4052 }, // U+0110
    { 12, 16, 196, 1, 16, 24, 4081 }, // U+0111
    { 11, 18, 190, 1, 18, 25, 4105 }, // U+0112
    { 10, 15, 186, 1, 15, 19, 4130 }, // U+0113
    { 11, 19, 190, 1, 19, 27, 4149 }, // U+0114
    { 10, 16, 186, 1, 16, 20, 4176 }, // U+0115
    { 11, 19, 190, 1, 19, 27, 4196 }, // U+0116
    { 10, 16, 186, 1, 16, 20, 4223 }, // U+0117
    { 11, 19, 190, 1, 15, 27, 4243 }, // U+0118
    { 10, 14, 186, 1, 11, 18, 4270 }, // U+0119
    { 11, 20, 190, 1, 20, 28, 4288 }, // U+011A
    { 10, 17, 186, 1, 17, 22, 4316 }, // U+011B
    { 12, 20, 224, 1, 20, 30, 4338 }, // U+011C
    { 10, 20, 193, 1, 16, 25, 4368 }, // U+011D
    { 12, 19, 224, 1, 19, 29, 4393 }, // U+011E
    { 10, 20, 193, 1, 16, 25, 4422 }, // U+011F
    { 12, 19, 224, 1, 19, 29, 4447 }, // U+0120
    { 10, 20, 193, 1, 16, 25, 4476 }, // U+0121
    { 12, 19, 224, 1, 15, 29, 4501 }, // U+0122
    { 10, 21, 193, 1, 17, 27, 4530 }, // U+0123
    { 12, 20, 235, 1, 20, 30, 4557 }, // U+0124
    { 10, 20, 190, 1, 20, 25, 4587 }, // U+0125
    { 15, 15, 244, 0, 15, 29, 4612 }, // U+0126
    { 11, 16, 190, 0, 16, 22, 4641 }, // U+0127
    { 8, 19, 90, -1, 19, 19, 4663 }, // U+0128
    { 8, 16, 84, -1, 16, 16, 4682 }, // U+0129
    { 7, 18, 90, -1, 18, 16, 4698 }, // U+012A
    { 7, 15, 84, -1, 15, 14, 4714 }, // U+012B
    { 6, 19, 90, 0, 19, 15, 4728 }, // U+012C
    { 7, 16, 84, -1, 16, 14, 4743 }, // U+012D
    { 5, 19, 90, 0, 15, 12, 4757 }, // U+012E
    { 4, 20, 84, 0, 16, 10, 4769 }, // U+012F
    { 4, 19, 90, 1, 19, 10, 4779 }, // U+0130
    { 3, 11, 84, 1, 11, 5, 4789 }, // U+0131
    { 14, 15, 256, 1, 15, 27, 4794 }, // U+0132
    { 9, 20, 170, 1, 16, 23, 4821 }, // U+0133
    { 11, 20, 167, 0, 20, 28, 4844 }, // U+0134
    { 8, 20, 84, -2, 16, 20, 4872 }, // U+0135
    { 13, 19, 210, 1, 15, 31, 4892 }, // U+0136
    { 10, 20, 174, 1, 16, 25, 4923 }, // U+0137
    { 10, 11, 179, 1, 11, 14, 4948 }, // U+0138
    { 10, 20, 173, 1, 20, 25, 4962 }, // U+0139
    { 5, 20, 91, 1, 20, 13, 4987 }, // U+013A
    { 10, 19, 173, 1, 15, 24, 5000 }, // U+013B
    { 6, 20, 91, 0, 16, 15, 5024 }, // U+013C
    { 10, 15, 173, 1, 15, 19, 5039 }, // U+013D
    { 6, 16, 95, 1, 16, 12, 5058 }, // U+013E
    { 10, 15, 173, 1, 15, 19, 5070 }, // U+013F
    { 7, 16, 123, 1, 16, 14, 5089 }, // U+0140
    { 12, 15, 179, -1, 15, 23, 5103 }, // U+0141
    { 7, 16, 96, 0, 16, 14, 5126 }, // U+0142
    { 13, 20, 243, 1, 20, 33, 5140 }, // U+0143
    { 10, 16, 191, 1, 16, 20, 5173 }, // U+0144
    { 13, 19, 243, 1, 15, 31, 5193 }, // U+0145
    { 10, 15, 191, 1, 11, 19, 5224 }, // U+0146
    { 13, 20, 243, 1, 20, 33, 5243 }, // U+0147
    { 10, 16, 191, 1, 16, 20, 5276 }, // U+0148
    { 11, 16, 191, 0, 16, 22, 5296 }, // U+0149
    { 13, 19, 243, 1, 15, 31, 5318 }, // U+014A
    { 10, 15, 191, 1, 11, 19, 5349 }, // U+014B
    { 15, 18, 259, 1, 18, 34, 5368 }, // U+014C
    { 11, 15, 197, 1, 15, 21, 5402 }, // U+014D
    { 15, 19, 259, 1, 19, 36, 5423 }, // U+014E
    { 11, 16, 197, 1, 16, 22, 5459 }, // U+014F
    { 15, 20, 259, 1, 20, 38, 5481 }, // U+0150
    { 11, 16, 197, 1, 16, 22, 5519 }, // U+0151
    { 20, 15, 331, 1, 15, 38, 5541 }, // U+0152
    { 18, 11, 316, 1, 11, 25, 5579 }, // U+0153
    { 12, 20, 210, 1, 20, 30, 5604 }, // U+0154
    { 7, 16, 129, 1, 16, 14, 5634 }, // U+0155
    { 12, 19, 210, 1, 15, 29, 5648 }, // U+0156
    { 8, 15, 129, 0, 11, 15, 5677 }, // U+0157
    { 12, 20, 210, 1, 20, 30, 5692 }, // U+0158
    { 7, 16, 129, 1, 16, 14, 5722 }, // U+0159
    { 11, 20, 177, 0, 20, 28, 5736 }, // U+015A
    { 9, 16, 149, 0, 16, 18, 5764 }, // U+015B
    { 11, 20, 177, 0, 20, 28, 5782 }, // U+015C
    { 9, 16, 149, 0, 16, 18, 5810 }, // U+015D
    { 11, 18, 177, 0, 15, 25, 5828 }, // U+015E
    { 9, 14, 149, 0, 11, 16, 5853 }, // U+015F
    { 11, 20, 177, 0, 20, 28, 5869 }, // U+0160
    { 9, 16, 149, 0, 16, 18, 5897 }, // U+0161
    { 12, 18, 188, 0, 15, 27, 5915 }, // U+0162
    { 8, 17, 134, 1, 14, 17, 5942 }, // U+0163
    { 12, 20, 188, 0, 20, 30, 5959 }, // U+0164
    { 8, 16, 134, 1, 16, 16, 5989 }, // U+0165
    { 12, 15, 188, 0, 15, 23, 6005 }, // U+0166
    { 8, 14, 134, 1, 14, 14, 6028 }, // U+0167
    { 12, 19, 229, 1, 19, 29, 6042 }, // U+0168
    { 10, 16, 191, 1, 16, 20, 6071 }, // U+0169
    { 12, 18, 229, 1, 18, 27, 6091 }, // U+016A
    { 10, 15, 191, 1, 15, 19, 6118 }, // U+016B
    { 12, 19, 229, 1, 19, 29, 6137 }, // U+016C
    { 10, 16, 191, 1, 16, 20, 6166 }, // U+016D
    { 12, 19, 229, 1, 19, 29, 6186 }, // U+016E
    { 10, 16, 191, 1, 16, 20, 6215 }, // U+016F
    { 12, 20, 229, 1, 20, 30, 6235 }, // U+0170
    { 10, 16, 191, 1, 16, 20, 6265 }, // U+0171
    { 12, 18, 229, 1, 15, 27, 6285 }, // U+0172
    { 10, 14, 191, 1, 11, 18, 6312 }, // U+0173
    { 19, 20, 310, 0, 20, 48, 6330 }, // U+0174
    { 16, 16, 259, 0, 16, 32, 6378 }, // U+0175
    { 13, 20, 199, 0, 20, 33, 6410 }, // U+0176
    { 11, 20, 166, 0, 16, 28, 6443 }, // U+0177
    { 13, 18, 199, 0, 18, 30, 6471 }, // U+0178
    { 12, 20, 191, 0, 20, 30, 6501 }, // U+0179
    { 10, 16, 157, 0, 16, 20, 6531 }, // U+017A
    { 12, 19, 191, 0, 19, 29, 6551 }, // U+017B
    { 10, 16, 157, 0, 16, 20, 6580 }, // U+017C
    { 12, 20, 191, 0, 20, 30, 6600 }, // U+017D
    { 10, 16, 157, 0, 16, 20, 6630 }, // U+017E
    { 8, 16, 91, 1, 16, 16, 6650 }, // U+017F
    { 15, 17, 259, 1, 17, 32, 6666 }, // U+01A0
    { 12, 13, 197, 1, 13, 20, 6698 }, // U+01A1
    { 15, 17, 237, 1, 17, 32, 6718 }, // U+01AF
    { 12, 13, 199, 1, 13, 20, 6750 }, // U+01B0
    { 26, 19, 430, 1, 19, 62, 6770 }, // U+01C4
    { 24, 16, 396, 1, 16, 48, 6832 }, // U+01C5
    { 21, 16, 355, 1, 16, 42, 6880 }, // U+01C6
    { 19, 15, 339, 1, 15, 36, 6922 }, // U+01C7
    { 14, 20, 259, 1, 16, 35, 6958 }, // U+01C8
    { 9, 20, 177, 1, 16, 23, 6993 }, // U+01C9
    { 24, 15, 409, 1, 15, 45, 7016 }, // U+01CA
    { 19, 20, 328, 1, 16, 48, 7061 }, // U+01CB
    { 16, 20, 277, 1, 16, 40, 7109 }, // U+01CC
    { 14, 20, 221, 0, 20, 35, 7149 }, // U+01CD
    { 10, 16, 174, 0, 16, 20, 7184 }, // U+01CE
    { 6, 20, 90, 0, 20, 15, 7204 }, // U+01CF
    { 7, 16, 84, -1, 16, 14, 7219 }, // U+01D0
    { 15, 20, 259, 1, 20, 38, 7233 }, // U+01D1
    { 11, 16, 197, 1, 16, 22, 7271 }, // U+01D2
    { 12, 20, 229, 1, 20, 30, 7293 }, // U+01D3
    { 10, 16, 191, 1, 16, 20, 7323 }, // U+01D4
    { 12, 21, 229, 1, 21, 32, 7343 }, // U+01D5
    { 10, 17, 191, 1, 17, 22, 7375 }, // U+01D6
    { 12, 21, 229, 1, 21, 32, 7397 }, // U+01D7
    { 10, 18, 191, 1, 18, 23, 7429 }, // U+01D8
    { 12, 20, 229, 1, 20, 30, 7452 }, // U+01D9
    { 10, 17, 191, 1, 17, 22, 7482 }, // U+01DA
    { 12, 21, 229, 1, 21, 32, 7504 }, // U+01DB
    { 10, 18, 191, 1, 18, 23, 7536 }, // U+01DC
    { 10, 11, 186, 1, 11, 14, 7559 }, // U+01DD
    { 14, 21, 221, 0, 21, 37, 7573 }, // U+01DE
    { 10, 17, 174, 0, 17, 22, 7610 }, // U+01DF
    { 14, 21, 221, 0, 21, 37, 7632 }, // U+01E0
    { 10, 17, 174, 0, 17, 22, 7669 }, // U+01E1
    { 19, 18, 312, 0, 18, 43, 7691 }, // U+01E2
    { 17, 15, 286, 0, 15, 32, 7734 }, // U+01E3
    { 14, 15, 234, 1, 15, 27, 7766 }, // U+01E4
    { 12, 15, 197, 1, 11, 23, 7793 }, // U+01E5
    { 12, 20, 224, 1, 20, 30, 7816 }, // U+01E6
    { 10, 20, 193, 1, 16, 25, 7846 }, // U+01E7
    { 13, 20, 210, 1, 20, 33, 7871 }, // U+01E8
    { 10, 20, 174, 1, 20, 25, 7904 }, // U+01E9
    { 15, 18, 259, 1, 15, 34, 7929 }, // U+01EA
    { 11, 14, 197, 1, 11, 20, 7963 }, // U+01EB
    { 15, 21, 259, 1, 18, 40, 7983 }, // U+01EC
    { 11, 18, 197, 1, 15, 25, 8023 }, // U+01ED
    { 11, 20, 189, 0, 20, 28, 8048 }, // U+01EE
    { 11, 20, 157, -1, 16, 28, 8076 }, // U+01EF
    { 8, 20, 84, -2, 16, 20, 8104 }, // U+01F0
    { 26, 15, 430, 1, 15, 49, 8124 }, // U+01F1
    { 24, 15, 396, 1, 15, 45, 8173 }, // U+01F2
    { 21, 16, 355, 1, 16, 42, 8218 }, // U+01F3
    { 12, 20, 224, 1, 20, 30, 8260 }, // U+01F4
    { 10, 20, 193, 1, 16, 25, 8290 }, // U+01F5
    { 20, 15, 352, 1, 15, 38, 8315 }, // U+01F6
    { 12, 19, 214, 1, 15, 29, 8353 }, // U+01F7
    { 13, 20, 243, 1, 20, 33, 8382 }, // U+01F8
    { 10, 16, 191, 1, 16, 20, 8415 }, // U+01F9
    { 14, 21, 221, 0, 21, 37, 8435 }, // U+01FA
    { 10, 19, 174, 0, 19, 24, 8472 }, // U+01FB
    { 19, 20, 312, 0, 20, 48, 8496 }, // U+01FC
    { 17, 16, 286, 0, 16, 34, 8544 }, // U+01FD
    { 15, 20, 259, 1, 20, 38, 8578 }, // U+01FE
    { 11, 16, 197, 1, 16, 22, 8616 }, // U+01FF
    { 14, 20, 221, 0, 20, 35, 8638 }, // U+0200
    { 10, 16, 174, 0, 16, 20, 8673 }, // U+0201
    { 14, 19, 221, 0, 19, 34, 8693 }, // U+0202
    { 10, 16, 174, 0, 16, 20, 8727 }, // U+0203
    { 11, 20, 190, 1, 20, 28, 8747 }, // U+0204
    { 10, 16, 186, 1, 16, 20, 8775 }, // U+0205
    { 11, 19, 190, 1, 19, 27, 8795 }, // U+0206
    { 10, 16, 186, 1, 16, 20, 8822 }, // U+0207
    { 8, 20, 90, -2, 20, 20, 8842 }, // U+0208
    { 8, 16, 84, -2, 16, 16, 8862 }, // U+0209
    { 6, 19, 90, 0, 19, 15, 8878 }, // U+020A
    { 7, 16, 84, -1, 16, 14, 8893 }, // U+020B
    { 15, 20, 259, 1, 20, 38, 8907 }, // U+020C
    { 11, 16, 197, 1, 16, 22, 8945 }, // U+020D
    { 15, 19, 259, 1, 19, 36, 8967 }, // U+020E
    { 11, 16, 197, 1, 16, 22, 9003 }, // U+020F
    { 12, 20, 210, 1, 20, 30, 9025 }, // U+0210
    { 8, 16, 129, 0, 16, 16, 9055 }, // U+0211
    { 12, 19, 210, 1, 19, 29, 9071 }, // U+0212
    { 7, 16, 129, 1, 16, 14, 9100 }, // U+0213
    { 12, 20, 229, 1, 20, 30, 9114 }, // U+0214
    { 10, 16, 191, 1, 16, 20, 9144 }, // U+0215
    { 12, 19, 229, 1, 19, 29, 9164 }, // U+0216
    { 10, 16, 191, 1, 16, 20, 9193 }, // U+0217
    { 11, 19, 177, 0, 15, 27, 9213 }, // U+0218
    { 9, 15, 149, 0, 11, 17, 9240 }, // U+0219
    { 12, 19, 188, 0, 15, 29, 9257 }, // U+021A
    { 8, 18, 134, 1, 14, 18, 9286 }, // U+021B
    { 11, 19, 178, 0, 15, 27, 9304 }, // U+021C
    { 9, 15, 145, 0, 11, 17, 9331 }, // U+021D
    { 12, 20, 235, 1, 20, 30, 9348 }, // U+021E
    { 10, 20, 190, 1, 20, 25, 9378 }, // U+021F
    { 9, 8, 0, 2, 16, 9, 9403 }, // U+0300
    { 9, 8, 0, 2, 16, 9, 9412 }, // U+0301
    { 8, 2, 0, -4, 16, 2, 9421 }, // U+0304
    { 5, 4, 0, 4, 18, 3, 9423 }, // U+0307
    { 12, 9, 0, 0, 15, 14, 9426 }, // U+030C
    { 6, 3, 125, 1, 16, 3, 9440 }, // U+0311
    { 11, 20, 190, 1, 20, 28, 9443 }, // U+0400
    { 11, 18, 190, 1, 18, 25, 9471 }, // U+0401
    { 15, 15, 250, 0, 15, 29, 9496 }, // U+0402
    { 10, 20, 170, 1, 20, 25, 9525 }, // U+0403
    { 12, 15, 207, 1, 15, 23, 9550 }, // U+0404
    { 11, 15, 177, 0, 15, 21, 9573 }, // U+0405
    { 3, 15, 90, 1, 15, 6, 9594 }, // U+0406
    { 8, 18, 90, -1, 18, 18, 9600 }, // U+0407
    { 9, 15, 167, 0, 15, 17, 9618 }, // U+0408
    { 22, 16, 348, 0, 15, 44, 9635 }, // U+0409
    { 20, 15, 342, 1, 15, 38, 9679 }, // U+040A
    { 15, 15, 250, 0, 15, 29, 9717 }, // U+040B
    { 13, 20, 210, 1, 20, 33, 9746 }, // U+040C
    { 13, 20, 243, 1, 20, 33, 9779 }, // U+040D
    { 13, 19, 196, 0, 19, 31, 9812 }, // U+040E
    { 12, 19, 233, 1, 15, 29, 9843 }, // U+040F
    { 14, 15, 221, 0, 15, 27, 9872 }, // U+0410
    { 12, 15, 206, 1, 15, 23, 9899 }, // U+0411
    { 12, 15, 214, 1, 15, 23, 9922 }, // U+0412
    { 10, 15, 170, 1, 15, 19, 9945 }, // U+0413
    { 15, 19, 241, 0, 15, 36, 9964 }, // U+0414
    { 11, 15, 190, 1, 15, 21, 10000 }, // U+0415
    { 19, 15, 302, 0, 15, 36, 10021 }, // U+0416
    { 11, 15, 191, 0, 15, 21, 10057 }, // U+0417
    { 13, 15, 243, 1, 15, 25, 10078 }, // U+0418
    { 13, 19, 243, 1, 19, 31, 10103 }, // U+0419
    { 13, 15, 210, 1, 15, 25, 10134 }, // U+041A
    { 14, 15, 236, 0, 15, 27, 10159 }, // U+041B
    { 16, 15, 290, 1, 15, 30, 10186 }, // U+041C
    { 12, 15, 235, 1, 15, 23, 10216 }, // U+041D
    { 15, 15, 259, 1, 15, 29, 10239 }, // U+041E
    { 12, 15, 233, 1, 15, 23, 10268 }, // U+041F
    { 12, 15, 203, 1, 15, 23, 10291 }, // U+0420
    { 12, 15, 207, 1, 15, 23, 10314 }, // U+0421
    { 12, 15, 188, 0, 15, 23, 10337 }, // U+0422
    { 13, 15, 196, 0, 15, 25, 10360 }, // U+0423
    { 16, 16, 288, 1, 16, 32, 10385 }, // U+0424
    { 13, 15, 210, 0, 15, 25, 10417 }, // U+0425
    { 14, 19, 239, 1, 15, 34, 10442 }, // U+0426
    { 11, 15, 210, 1, 15, 21, 10476 }, // U+0427
    { 18, 15, 328, 1, 15, 34, 10497 }, // U+0428
    { 20, 19, 334, 1, 15, 48, 10531 }, // U+0429
    { 15, 15, 242, 0, 15, 29, 10579 }, // U+042A
    { 16, 15, 285, 1, 15, 30, 10608 }, // U+042B
    { 12, 15, 205, 1, 15, 23, 10638 }, // U+042C
    { 12, 15, 207, 0, 15, 23, 10661 }, // U+042D
    { 20, 15, 343, 1, 15, 38, 10684 }, // U+042E
    { 12, 15, 212, 0, 15, 23, 10722 }, // U+042F
    { 10, 11, 174, 0, 11, 14, 10745 }, // U+0430
    { 11, 16, 198, 1, 16, 22, 10759 }, // U+0431
    { 10, 11, 183, 1, 11, 14, 10781 }, // U+0432
    { 8, 11, 139, 1, 11, 11, 10795 }, // U+0433
    { 13, 14, 201, 0, 11, 23, 10806 }, // U+0434
    { 10, 11, 186, 1, 11, 14, 10829 }, // U+0435
    { 16, 11, 254, 0, 11, 22, 10843 }, // U+0436
    { 10, 11, 163, 0, 11, 14, 10865 }, // U+0437
    { 10, 11, 199, 1, 11, 14, 10879 }, // U+0438
    { 10, 16, 199, 1, 16, 20, 10893 }, // U+0439
    { 10, 11, 179, 1, 11, 14, 10913 }, // U+043A
    { 11, 11, 199, 0, 11, 16, 10927 }, // U+043B
    { 13, 11, 244, 1, 11, 18, 10943 }, // U+043C
    { 10, 11, 195, 1, 11, 14, 10961 }, // U+043D
    { 11, 11, 197, 1, 11, 16, 10975 }, // U+043E
    { 10, 11, 193, 1, 11, 14, 10991 }, // U+043F
    { 11, 15, 196, 1, 11, 21, 11005 }, // U+0440
    { 9, 11, 155, 1, 11, 13, 11026 }, // U+0441
    { 10, 11, 154, 0, 11, 14, 11039 }, // U+0442
    { 11, 15, 166, 0, 11, 21, 11053 }, // U+0443
    { 15, 20, 255, 1, 16, 38, 11074 }, // U+0444
    { 11, 11, 170, 0, 11, 16, 11112 }, // U+0445
    { 11, 14, 195, 1, 11, 20, 11128 }, // U+0446
    { 10, 11, 178, 0, 11, 14, 11148 }, // U+0447
    { 15, 11, 274, 1, 11, 21, 11162 }, // U+0448
    { 17, 14, 278, 1, 11, 30, 11183 }, // U+0449
    { 12, 11, 199, 0, 11, 17, 11213 }, // U+044A
    { 14, 11, 253, 1, 11, 20, 11230 }, // U+044B
    { 10, 11, 176, 1, 11, 14, 11250 }, // U+044C
    { 10, 11, 166, 0, 11, 14, 11264 }, // U+044D
    { 15, 11, 270, 1, 11, 21, 11278 }, // U+044E
    { 10, 11, 183, 0, 11, 14, 11299 }, // U+044F
    { 10, 16, 186, 1, 16, 20, 11313 }, // U+0450
    { 10, 15, 186, 1, 15, 19, 11333 }, // U+0451
    { 11, 20, 190, 0, 16, 28, 11352 }, // U+0452
    { 8, 16, 139, 1, 16, 16, 11380 }, // U+0453
    { 9, 11, 166, 1, 11, 13, 11396 }, // U+0454
    { 9, 11, 149, 0, 11, 13, 11409 }, // U+0455
    { 3, 16, 84, 1, 16, 6, 11422 }, // U+0456
    { 7, 15, 84, -1, 15, 14, 11428 }, // U+0457
    { 6, 20, 84, -2, 16, 15, 11442 }, // U+0458
    { 18, 11, 288, 0, 11, 25, 11457 }, // U+0459
    { 17, 11, 284, 1, 11, 24, 11482 }, // U+045A
    { 11, 16, 190, 0, 16, 22, 11506 }, // U+045B
    { 10, 16, 179, 1, 16, 20, 11528 }, // U+045C
    { 10, 16, 199, 1, 16, 20, 11548 }, // U+045D
    { 11, 20, 166, 0, 16, 28, 11568 }, // U+045E
    { 10, 14, 192, 1, 11, 18, 11596 }, // U+045F
    { 15, 16, 242, 0, 16, 30, 11614 }, // U+0462
    { 12, 16, 199, 0, 16, 24, 11644 }, // U+0463
    { 15, 15, 259, 1, 15, 29, 11668 }, // U+0472
    { 11, 11, 197, 1, 11, 16, 11697 }, // U+0473
    { 17, 15, 251, 0, 15, 32, 11713 }, // U+0474
    { 12, 11, 188, 0, 11, 17, 11745 }, // U+0475
    { 15, 23, 248, 1, 19, 44, 11762 }, // U+048A
    { 12, 20, 203, 1, 16, 30, 11806 }, // U+048B
    { 13, 16, 210, 0, 16, 26, 11836 }, // U+048C
    { 11, 11, 175, 0, 11, 16, 11862 }, // U+048D
    { 12, 15, 203, 1, 15, 23, 11878 }, // U+048E
    { 11, 15, 196, 1, 11, 21, 11901 }, // U+048F
    { 10, 18, 170, 1, 18, 23, 11922 }, // U+0490
    { 8, 14, 143, 1, 14, 14, 11945 }, // U+0491
    { 11, 15, 174, 0, 15, 21, 11959 }, // U+0492
    { 9, 11, 142, 0, 11, 13, 11980 }, // U+0493
    { 12, 19, 208, 1, 15, 29, 11993 }, // U+0494
    { 10, 15, 181, 1, 11, 19, 12022 }, // U+0495
    { 20, 19, 307, 0, 15, 48, 12041 }, // U+0496
    { 17, 14, 258, 0, 11, 30, 12089 }, // U+0497
    { 11, 18, 191, 0, 15, 25, 12119 }, // U+0498
    { 10, 14, 163, 0, 11, 18, 12144 }, // U+0499
    { 13, 19, 219, 1, 15, 31, 12162 }, // U+049A
    { 11, 15, 182, 1, 11, 21, 12193 }, // U+049B
    { 14, 15, 236, 1, 15, 27, 12214 }, // U+049C
    { 12, 11, 206, 1, 11, 17, 12241 }, // U+049D
    { 14, 15, 214, 0, 15, 27, 12258 }, // U+049E
    { 12, 11, 185, 0, 11, 17, 12285 }, // U+049F
    { 16, 15, 246, 0, 15, 30, 12302 }, // U+04A0
    { 13, 11, 202, 0, 11, 18, 12332 }, // U+04A1
    { 14, 19, 241, 1, 15, 34, 12350 }, // U+04A2
    { 12, 14, 199, 1, 11, 21, 12384 }, // U+04A3
    { 16, 15, 272, 1, 15, 30, 12405 }, // U+04A4
    { 13, 11, 219, 1, 11, 18, 12435 }, // U+04A5
    { 20, 19, 344, 1, 15, 48, 12453 }, // U+04A6
    { 17, 15, 287, 1, 11, 32, 12501 }, // U+04A7
    { 15, 19, 262, 1, 15, 36, 12533 }, // U+04A8
    { 11, 14, 203, 1, 11, 20, 12569 }, // U+04A9
    { 12, 18, 207, 1, 15, 27, 12589 }, // U+04AA
    { 9, 15, 155, 1, 11, 17, 12616 }, // U+04AB
    { 12, 19, 188, 0, 15, 29, 12633 }, // U+04AC
    { 10, 14, 154, 0, 11, 18, 12662 }, // U+04AD
    { 13, 15, 199, 0, 15, 25, 12680 }, // U+04AE
    { 11, 15, 167, 0, 11, 21, 12705 }, // U+04AF
    { 13, 15, 199, 0, 15, 25, 12726 }, // U+04B0
    { 11, 15, 167, 0, 11, 21, 12751 }, // U+04B1
    { 14, 19, 218, 0, 15, 34, 12772 }, // U+04B2
    { 11, 14, 175, 0, 11, 20, 12806 }, // U+04B3
    { 18, 19, 282, 0, 15, 43, 12826 }, // U+04B4
    { 14, 14, 220, 0, 11, 25, 12869 }, // U+04B5
    { 13, 19, 217, 1, 15, 31, 12894 }, // U+04B6
    { 11, 14, 181, 0, 11, 20, 12925 }, // U+04B7
    { 11, 15, 213, 1, 15, 21, 12945 }, // U+04B8
    { 10, 11, 178, 0, 11, 14, 12966 }, // U+04B9
    { 12, 15, 213, 1, 15, 23, 12980 }, // U+04BA
    { 10, 16, 190, 1, 16, 20, 13003 }, // U+04BB
    { 17, 15, 278, 0, 15, 32, 13023 }, // U+04BC
    { 13, 11, 223, 0, 11, 18, 13055 }, // U+04BD
    { 17, 19, 278, 0, 15, 41, 13073 }, // U+04BE
    { 13, 14, 223, 0, 11, 23, 13114 }, // U+04BF
    { 3, 15, 90, 1, 15, 6, 13137 }, // U+04C0
    { 19, 19, 302, 0, 19, 46, 13143 }, // U+04C1
    { 16, 16, 254, 0, 16, 32, 13189 }, // U+04C2
    { 12, 19, 210, 1, 15, 29, 13221 }, // U+04C3
    { 10, 15, 181, 1, 11, 19, 13250 }, // U+04C4
    { 15, 19, 241, 0, 15, 36, 13269 }, // U+04C5
    { 13, 15, 203, 0, 11, 25, 13305 }, // U+04C6
    { 12, 19, 235, 1, 15, 29, 13330 }, // U+04C7
    { 10, 15, 195, 1, 11, 19, 13359 }, // U+04C8
    { 14, 19, 241, 1, 15, 34, 13378 }, // U+04C9
    { 12, 15, 199, 1, 11, 23, 13412 }, // U+04CA
    { 11, 19, 213, 1, 15, 27, 13435 }, // U+04CB
    { 10, 14, 178, 0, 11, 18, 13462 }, // U+04CC
    { 18, 19, 300, 1, 15, 43, 13480 }, // U+04CD
    { 15, 15, 250, 1, 11, 29, 13523 }, // U+04CE
    { 3, 15, 90, 1, 15, 6, 13552 }, // U+04CF
    { 14, 19, 221, 0, 19, 34, 13558 }, // U+04D0
    { 10, 16, 174, 0, 16, 20, 13592 }, // U+04D1
    { 14, 18, 221, 0, 18, 32, 13612 }, // U+04D2
    { 10, 15, 174, 0, 15, 19, 13644 }, // U+04D3
    { 19, 15, 312, 0, 15, 36, 13663 }, // U+04D4
    { 17, 11, 286, 0, 11, 24, 13699 }, // U+04D5
    { 11, 19, 190, 1, 19, 27, 13723 }, // U+04D6
    { 10, 16, 186, 1, 16, 20, 13750 }, // U+04D7
    { 13, 15, 235, 1, 15, 25, 13770 }, // U+04D8
    { 10, 11, 186, 1, 11, 14, 13795 }, // U+04D9
    { 13, 18, 235, 1, 18, 30, 13809 }, // U+04DA
    { 10, 15, 186, 1, 15, 19, 13839 }, // U+04DB
    { 19, 18, 302, 0, 18, 43, 13858 }, // U+04DC
    { 16, 15, 254, 0, 15, 30, 13901 }, // U+04DD
    { 11, 18, 191, 0, 18, 25, 13931 }, // U+04DE
    { 10, 15, 163, 0, 15, 19, 13956 }, // U+04DF
    { 11, 15, 189, 0, 15, 21, 13975 }, // U+04E0
    { 11, 15, 157, -1, 11, 21, 13996 }, // U+04E1
    { 13, 18, 243, 1, 18, 30, 14017 }, // U+04E2
    { 10, 15, 199, 1, 15, 19, 14047 }, // U+04E3
    { 13, 18, 243, 1, 18, 30, 14066 }, // U+04E4
    { 10, 15, 199, 1, 15, 19, 14096 }, // U+04E5
    { 15, 18, 259, 1, 18, 34, 14115 }, // U+04E6
    { 11, 15, 197, 1, 15, 21, 14149 }, // U+04E7
    { 15, 15, 259, 1, 15, 29, 14170 }, // U+04E8
    { 11, 11, 197, 1, 11, 16, 14199 }, // U+04E9
    { 15, 18, 259, 1, 18, 34, 14215 }, // U+04EA
    { 11, 15, 197, 1, 15, 21, 14249 }, // U+04EB
    { 12, 18, 207, 0, 18, 27, 14270 }, // U+04EC
    { 10, 15, 166, 0, 15, 19, 14297 }, // U+04ED
    { 13, 18, 196, 0, 18, 30, 14316 }, // U+04EE
    { 11, 19, 166, 0, 15, 27, 14346 }, // U+04EF
    { 13, 18, 196, 0, 18, 30, 14373 }, // U+04F0
    { 11, 19, 166, 0, 15, 27, 14403 }, // U+04F1
    { 13, 19, 196, 0, 19, 31, 14430 }, // U+04F2
    { 11, 20, 166, 0, 16, 28, 14461 }, // U+04F3
    { 11, 18, 210, 1, 18, 25, 14489 }, // U+04F4
    { 10, 15, 178, 0, 15, 19, 14514 }, // U+04F5
    { 10, 19, 170, 1, 15, 24, 14533 }, // U+04F6
    { 8, 14, 139, 1, 11, 14, 14557 }, // U+04F7
    { 16, 18, 285, 1, 18, 36, 14571 }, // U+04F8
    { 14, 15, 253, 1, 15, 27, 14607 }, // U+04F9
    { 13, 21, 203, 0, 16, 35, 14634 }, // U+1EA0
    { 10, 17, 188, 1, 12, 22, 14669 }, // U+1EA1
    { 13, 21, 203, 0, 21, 35, 14691 }, // U+1EA2
    { 10, 18, 188, 1, 18, 23, 14726 }, // U+1EA3
    { 13, 22, 203, 0, 22, 36, 14749 }, // U+1EA4
    { 11, 20, 188, 1, 20, 28, 14785 }, // U+1EA5
    { 13, 22, 203, 0, 22, 36, 14813 }, // U+1EA6
    { 11, 19, 188, 0, 19, 27, 14849 }, // U+1EA7
    { 13, 22, 203, 0, 22, 36, 14876 }, // U+1EA8
    { 11, 19, 188, 1, 19, 27, 14912 }, // U+1EA9
    { 13, 24, 203, 0, 24, 39, 14939 }, // U+1EAA
    { 10, 20, 188, 1, 20, 25, 14978 }, // U+1EAB
    { 13, 26, 203, 0, 21, 43, 15003 }, // U+1EAC
    { 10, 23, 188, 1, 18, 29, 15046 }, // U+1EAD
    { 13, 23, 203, 0, 23, 38, 15075 }, // U+1EAE
    { 10, 20, 188, 1, 20, 25, 15113 }, // U+1EAF
    { 13, 23, 203, 0, 23, 38, 15138 }, // U+1EB0
    { 10, 20, 188, 1, 20, 25, 15176 }, // U+1EB1
    { 13, 23, 203, 0, 23, 38, 15201 }, // U+1EB2
    { 10, 21, 188, 1, 21, 27, 15239 }, // U+1EB3
    { 13, 23, 203, 0, 23, 38, 15266 }, // U+1EB4
    { 10, 19, 188, 1, 19, 24, 15304 }, // U+1EB5
    { 13, 26, 203, 0, 21, 43, 15328 }, // U+1EB6
    { 10, 23, 188, 1, 18, 29, 15371 }, // U+1EB7
    { 10, 21, 196, 2, 16, 27, 15400 }, // U+1EB8
    { 10, 17, 185, 1, 12, 22, 15427 }, // U+1EB9
    { 10, 21, 196, 2, 21, 27, 15449 }, // U+1EBA
    { 10, 18, 185, 1, 18, 23, 15476 }, // U+1EBB
    { 10, 21, 196, 2, 21, 27, 15499 }, // U+1EBC
    { 10, 17, 185, 1, 17, 22, 15526 }, // U+1EBD
    { 10, 22, 196, 2, 22, 28, 15548 }, // U+1EBE
    { 11, 20, 185, 1, 20, 28, 15576 }, // U+1EBF
    { 11, 22, 196, 1, 22, 31, 15604 }, // U+1EC0
    { 11, 19, 185, 0, 19, 27, 15635 }, // U+1EC1
    { 10, 22, 196, 2, 22, 28, 15662 }, // U+1EC2
    { 10, 19, 185, 1, 19, 24, 15690 }, // U+1EC3
    { 10, 23, 196, 2, 23, 29, 15714 }, // U+1EC4
    { 10, 20, 185, 1, 20, 25, 15743 }, // U+1EC5
    { 10, 26, 196, 2, 21, 33, 15768 }, // U+1EC6
    { 10, 23, 185, 1, 18, 29, 15801 }, // U+1EC7
    { 4, 21, 98, 1, 21, 11, 15830 }, // U+1EC8
    { 4, 19, 92, 1, 19, 10, 15841 }, // U+1EC9
    { 4, 21, 98, 1, 16, 11, 15851 }, // U+1ECA
    { 4, 22, 92, 1, 17, 11, 15862 }, // U+1ECB
    { 14, 21, 247, 1, 16, 37, 15873 }, // U+1ECC
    { 11, 17, 202, 1, 12, 24, 15910 }, // U+1ECD
    { 14, 21, 247, 1, 21, 37, 15934 }, // U+1ECE
    { 11, 18, 202, 1, 18, 25, 15971 }, // U+1ECF
    { 14, 21, 247, 1, 21, 37, 15996 }, // U+1ED0
    { 11, 20, 202, 1, 20, 28, 16033 }, // U+1ED1
    { 14, 21, 247, 1, 21, 37, 16061 }, // U+1ED2
    { 12, 19, 202, 0, 19, 29, 16098 }, // U+1ED3
    { 14, 22, 247, 1, 22, 39, 16127 }, // U+1ED4
    { 11, 19, 202, 1, 19, 27, 16166 }, // U+1ED5
    { 14, 23, 247, 1, 23, 41, 16193 }, // U+1ED6
    { 11, 20, 202, 1, 20, 28, 16234 }, // U+1ED7
    { 14, 25, 247, 1, 20, 44, 16262 }, // U+1ED8
    { 11, 23, 202, 1, 18, 32, 16306 }, // U+1ED9
    { 14, 21, 247, 1, 21, 37, 16338 }, // U+1EDA
    { 12, 19, 202, 1, 19, 29, 16375 }, // U+1EDB
    { 14, 21, 247, 1, 21, 37, 16404 }, // U+1EDC
    { 12, 19, 202, 1, 19, 29, 16441 }, // U+1EDD
    { 14, 21, 247, 1, 21, 37, 16470 }, // U+1EDE
    { 12, 19, 202, 1, 19, 29, 16507 }, // U+1EDF
    { 14, 21, 247, 1, 21, 37, 16536 }, // U+1EE0
    { 12, 18, 202, 1, 18, 27, 16573 }, // U+1EE1
    { 14, 25, 247, 1, 20, 44, 16600 }, // U+1EE2
    { 12, 21, 202, 1, 16, 32, 16644 }, // U+1EE3
    { 11, 21, 240, 2, 16, 29, 16676 }, // U+1EE4
    { 10, 17, 202, 1, 12, 22, 16705 }, // U+1EE5
    { 11, 21, 240, 2, 21, 29, 16727 }, // U+1EE6
    { 10, 19, 202, 1, 19, 24, 16756 }, // U+1EE7
    { 14, 21, 245, 2, 21, 37, 16780 }, // U+1EE8
    { 12, 19, 202, 1, 19, 29, 16817 }, // U+1EE9
    { 14, 21, 245, 2, 21, 37, 16846 }, // U+1EEA
    { 12, 19, 202, 1, 19, 29, 16883 }, // U+1EEB
    { 14, 21, 245, 2, 21, 37, 16912 }, // U+1EEC
    { 12, 19, 202, 1, 19, 29, 16949 }, // U+1EED
    { 14, 21, 245, 2, 21, 37, 16978 }, // U+1EEE
    { 12, 18, 202, 1, 18, 27, 17015 }, // U+1EEF
    { 14, 25, 245, 2, 20, 44, 17042 }, // U+1EF0
    { 12, 21, 202, 1, 16, 32, 17086 }, // U+1EF1
    { 13, 20, 199, 0, 20, 33, 17118 }, // U+1EF2
    { 11, 21, 166, 0, 17, 29, 17151 }, // U+1EF3
    { 13, 21, 177, -1, 16, 35, 17180 }, // U+1EF4
    { 11, 17, 174, 0, 12, 24, 17215 }, // U+1EF5
    { 13, 21, 177, -1, 21, 35, 17239 }, // U+1EF6
    { 11, 24, 174, 0, 19, 33, 17274 }, // U+1EF7
    { 13, 21, 177, -1, 21, 35, 17307 }, // U+1EF8
    { 11, 23, 174, 0, 18, 32, 17342 }, // U+1EF9
    { 0, 0, 167, 0, 0, 0, 17374 }, // U+2002
    { 0, 0, 333, 0, 0, 0, 17374 }, // U+2003
    { 7, 1, 333, 7, 8, 1, 17374 }, // U+2010
    { 7, 2, 116, 0, 7, 2, 17375 }, // U+2011
    { 11, 2, 179, 0, 7, 3, 17377 }, // U+2012
    { 12, 2, 165, -1, 7, 3, 17380 }, // U+2013
    { 22, 2, 332, -1, 7, 6, 17383 }, // U+2014
    { 22, 2, 332, -1, 7, 6, 17389 }, // U+2015
    { 5, 22, 333, 8, 19, 14, 17395 }, // U+2016
    { 4, 5, 78, 1, 16, 3, 17409 }, // U+2018
    { 4, 5, 78, 0, 16, 3, 17412 }, // U+2019
    { 4, 5, 78, 0, 2, 3, 17415 }, // U+201A
    { 8, 5, 139, 1, 16, 5, 17418 }, // U+201C
    { 8, 5, 139, 0, 16, 5, 17423 }, // U+201D
    { 8, 5, 139, 0, 2, 5, 17428 }, // U+201E
    { 10, 18, 159, 0, 15, 23, 17433 }, // U+2020
    { 10, 18, 159, 0, 15, 23, 17456 }, // U+2021
    { 6, 5, 120, 1, 10, 4, 17479 }, // U+2022
    { 14, 3, 333, 3, 9, 6, 17483 }, // U+2025
    { 17, 3, 332, 2, 3, 7, 17489 }, // U+2026
    { 5, 5, 333, 8, 10, 4, 17496 }, // U+2027
    { 24, 15, 409, 1, 15, 45, 17500 }, // U+2030
    { 4, 6, 93, 1, 16, 3, 17545 }, // U+2032
    { 8, 6, 158, 1, 16, 6, 17548 }, // U+2033
    { 5, 4, 333, 7, 20, 3, 17554 }, // U+2035
    { 6, 9, 97, 0, 10, 7, 17557 }, // U+2039
    { 6, 9, 97, 0, 10, 7, 17564 }, // U+203A
    { 16, 16, 333, 2, 16, 32, 17571 }, // U+203B
    { 10, 16, 204, 1, 16, 20, 17603 }, // U+203C
    { 18, 17, 333, 1, 16, 39, 17623 }, // U+2042
    { 11, 15, 49, -4, 15, 21, 17662 }, // U+2044
    { 18, 16, 303, 0, 16, 36, 17683 }, // U+2047
    { 14, 16, 253, 0, 16, 28, 17719 }, // U+2048
    { 14, 16, 253, 1, 16, 28, 17747 }, // U+2049
    { 9, 18, 333, 6, 17, 21, 17775 }, // U+2051
    { 7, 8, 120, 0, 15, 7, 17796 }, // U+2070
    { 8, 8, 120, 0, 15, 8, 17803 }, // U+2074
    { 7, 8, 120, 0, 15, 7, 17811 }, // U+2075
    { 7, 8, 120, 0, 15, 7, 17818 }, // U+2076
    { 7, 8, 120, 0, 15, 7, 17825 }, // U+2077
    { 7, 8, 120, 0, 15, 7, 17832 }, // U+2078
    { 7, 8, 120, 0, 15, 7, 17839 }, // U+2079
    { 7, 8, 120, 0, 8, 7, 17846 }, // U+2080
    { 4, 8, 120, 1, 8, 4, 17853 }, // U+2081
    { 7, 8, 120, 0, 8, 7, 17857 }, // U+2082
    { 7, 8, 120, 0, 8, 7, 17864 }, // U+2083
    { 8, 8, 120, 0, 8, 8, 17871 }, // U+2084
    { 7, 8, 120, 0, 8, 7, 17879 }, // U+2085
    { 7, 8, 120, 0, 8, 7, 17886 }, // U+2086
    { 7, 8, 120, 0, 8, 7, 17893 }, // U+2087
    { 7, 8, 120, 0, 8, 7, 17900 }, // U+2088
    { 7, 8, 120, 0, 8, 7, 17907 }, // U+2089
    { 13, 15, 185, -1, 15, 25, 17914 }, // U+20A9
    { 11, 16, 185, 1, 16, 22, 17939 }, // U+20AB
    { 12, 14, 188, 0, 14, 21, 17961 }, // U+20AC
    { 12, 15, 188, 0, 15, 23, 17982 }, // U+20AE
    { 12, 15, 188, 0, 15, 23, 18005 }, // U+20B4
    { 11, 15, 188, 1, 15, 21, 18028 }, // U+20B9
    { 20, 11, 333, 0, 13, 28, 18049 }, // U+2190
    { 11, 20, 333, 5, 18, 28, 18077 }, // U+2191
    { 21, 11, 333, 0, 13, 29, 18105 }, // U+2192
    { 11, 20, 333, 5, 18, 28, 18134 }, // U+2193
    { 21, 11, 333, 0, 13, 29, 18162 }, // U+2194
    { 11, 20, 333, 5, 18, 28, 18191 }, // U+2195
    { 15, 15, 333, 3, 15, 29, 18219 }, // U+2196
    { 15, 15, 333, 3, 15, 29, 18248 }, // U+2197
    { 15, 15, 333, 3, 16, 29, 18277 }, // U+2198
    { 15, 15, 333, 3, 16, 29, 18306 }, // U+2199
    { 19, 18, 333, 1, 18, 43, 18335 }, // U+21B8
    { 21, 20, 333, 0, 18, 53, 18378 }, // U+21B9
    { 21, 20, 333, 0, 18, 53, 18431 }, // U+21C4
    { 20, 20, 333, 0, 18, 50, 18484 }, // U+21C5
    { 21, 20, 333, 0, 18, 53, 18534 }, // U+21C6
    { 21, 18, 333, 0, 17, 48, 18587 }, // U+21CB
    { 21, 18, 333, 0, 17, 48, 18635 }, // U+21CC
    { 20, 15, 333, 0, 15, 38, 18683 }, // U+21D0
    { 21, 15, 333, 0, 15, 40, 18721 }, // U+21D2
    { 21, 15, 333, 0, 15, 40, 18761 }, // U+21D4
    { 20, 16, 333, 0, 16, 40, 18801 }, // U+21E6
    { 15, 20, 333, 3, 18, 38, 18841 }, // U+21E7
    { 20, 16, 333, 1, 16, 40, 18879 }, // U+21E8
    { 15, 20, 333, 3, 18, 38, 18919 }, // U+21E9
    { 20, 20, 333, 0, 18, 50, 18957 }, // U+21F5
    { 17, 17, 333, 2, 16, 37, 19007 }, // U+2200
    { 12, 16, 195, 0, 16, 24, 19044 }, // U+2202
    { 13, 16, 333, 4, 16, 26, 19068 }, // U+2203
    { 17, 16, 333, 2, 16, 34, 19094 }, // U+2205
    { 14, 15, 217, 0, 15, 27, 19128 }, // U+2206
    { 15, 15, 333, 3, 15, 29, 19155 }, // U+2207
    { 17, 14, 333, 2, 15, 30, 19184 }, // U+2208
    { 17, 18, 333, 2, 17, 39, 19214 }, // U+2209
    { 11, 13, 333, 5, 12, 18, 19253 }, // U+220A
    { 17, 14, 333, 2, 15, 30, 19271 }, // U+220B
    { 12, 17, 232, 1, 15, 26, 19301 }, // U+220F
    { 11, 17, 172, 0, 15, 24, 19327 }, // U+2211
    { 10, 2, 188, 1, 7, 3, 19351 }, // U+2212
    { 17, 17, 333, 2, 16, 37, 19354 }, // U+2213
    { 11, 15, 49, -4, 15, 21, 19391 }, // U+2215
    { 3, 3, 82, 1, 8, 2, 19412 }, // U+2219
    { 13, 17, 188, 0, 16, 28, 19414 }, // U+221A
    { 18, 9, 333, 0, 12, 21, 19442 }, // U+221D
    { 12, 6, 196, 0, 9, 9, 19463 }, // U+221E
    { 16, 16, 333, 3, 16, 32, 19472 }, // U+221F
    { 17, 15, 333, 2, 15, 32, 19504 }, // U+2220
    { 3, 16, 333, 9, 16, 6, 19536 }, // U+2223
    { 13, 17, 333, 4, 16, 28, 19542 }, // U+2225
    { 13, 17, 333, 4, 16, 28, 19570 }, // U+2226
    { 17, 17, 333, 2, 17, 37, 19598 }, // U+2227
    { 17, 17, 333, 2, 16, 37, 19635 }, // U+2228
    { 15, 16, 333, 3, 16, 30, 19672 }, // U+2229
    { 15, 16, 333, 3, 16, 30, 19702 }, // U+222A
    { 8, 20, 123, 0, 16, 20, 19732 }, // U+222B
    { 17, 20, 333, 2, 18, 43, 19752 }, // U+222C
    { 20, 20, 333, 0, 18, 50, 19795 }, // U+222D
    { 9, 20, 333, 6, 18, 23, 19845 }, // U+222E
    { 15, 14, 333, 3, 15, 27, 19868 }, // U+2234
    { 15, 14, 333, 3, 15, 27, 19895 }, // U+2235
    { 4, 14, 333, 8, 15, 7, 19922 }, // U+2236
    { 15, 14, 333, 3, 15, 27, 19929 }, // U+2237
    { 21, 9, 333, 0, 12, 24, 19956 }, // U+223D
    { 17, 9, 333, 2, 13, 20, 19980 }, // U+2243
    { 17, 11, 333, 2, 13, 24, 20000 }, // U+2245
    { 11, 8, 188, 0, 10, 11, 20024 }, // U+2248
    { 21, 16, 333, 0, 16, 42, 20035 }, // U+224C
    { 10, 13, 188, 1, 13, 17, 20077 }, // U+2260
    { 16, 11, 333, 2, 13, 22, 20094 }, // U+2261
    { 16, 16, 333, 2, 16, 32, 20116 }, // U+2262
    { 10, 12, 188, 1, 12, 15, 20148 }, // U+2264
    { 10, 12, 188, 1, 12, 15, 20163 }, // U+2265
    { 17, 19, 333, 2, 18, 41, 20178 }, // U+2266
    { 17, 19, 333, 2, 18, 41, 20219 }, // U+2267
    { 19, 17, 333, 1, 16, 41, 20260 }, // U+226A
    { 19, 17, 333, 1, 16, 41, 20301 }, // U+226B
    { 17, 18, 333, 2, 17, 39, 20342 }, // U+226E
    { 17, 18, 333, 2, 17, 39, 20381 }, // U+226F
    { 17, 18, 333, 2, 17, 39, 20420 }, // U+2272
    { 17, 18, 333, 2, 17, 39, 20459 }, // U+2273
    { 17, 20, 333, 2, 18, 43, 20498 }, // U+2276
    { 18, 20, 333, 1, 18, 45, 20541 }, // U+2277
    { 17, 14, 333, 2, 15, 30, 20586 }, // U+2282
    { 17, 14, 333, 2, 15, 30, 20616 }, // U+2283
    { 17, 18, 333, 2, 17, 39, 20646 }, // U+2284
    { 17, 18, 333, 2, 17, 39, 20685 }, // U+2285
    { 17, 17, 333, 2, 16, 37, 20724 }, // U+2286
    { 17, 17, 333, 2, 16, 37, 20761 }, // U+2287
    { 17, 18, 333, 2, 16, 39, 20798 }, // U+228A
    { 17, 18, 333, 2, 16, 39, 20837 }, // U+228B
    { 17, 16, 333, 2, 16, 34, 20876 }, // U+2295
    { 17, 16, 333, 2, 16, 34, 20910 }, // U+2296
    { 17, 16, 333, 2, 16, 34, 20944 }, // U+2297
    { 17, 16, 333, 2, 16, 34, 20978 }, // U+2298
    { 17, 16, 333, 2, 16, 34, 21012 }, // U+2299
    { 17, 18, 333, 2, 17, 39, 21046 }, // U+22A0
    { 17, 16, 333, 2, 16, 34, 21085 }, // U+22A5
    { 17, 17, 333, 1, 17, 37, 21119 }, // U+22BF
    { 18, 20, 333, 1, 18, 45, 21156 }, // U+22DA
    { 17, 20, 333, 2, 18, 43, 21201 }, // U+22DB
    { 17, 3, 333, 2, 9, 7, 21244 }, // U+22EF
    { 8, 8, 333, 0, 6, 8, 21251 }, // U+3002
    { 20, 2, 333, 0, 9, 5, 21259 }, // U+4E00
    { 19, 19, 333, 1, 18, 46, 21264 }, // U+4E0A
    { 19, 18, 333, 1, 16, 43, 21310 }, // U+4E0B
    { 20, 18, 333, 0, 16, 45, 21353 }, // U+4E0D
    { 19, 18, 333, 1, 16, 43, 21398 }, // U+4E24
    { 21, 20, 333, 0, 18, 53, 21441 }, // U+4E2A
    { 18, 20, 333, 1, 18, 45, 21494 }, // U+4E2D
    { 17, 20, 333, 2, 18, 43, 21539 }, // U+4E32
    { 18, 20, 333, 1, 18, 45, 21582 }, // U+4E3A
    { 19, 19, 333, 1, 18, 46, 21627 }, // U+4E3B
    { 21, 20, 333, 0, 18, 53, 21673 }, // U+4E49
    { 19, 20, 333, 1, 18, 48, 21726 }, // U+4E66
    { 19, 15, 333, 1, 15, 36, 21774 }, // U+4E8C
    { 21, 20, 333, 0, 18, 53, 21810 }, // U+4EBA
    { 20, 19, 333, 0, 17, 48, 21863 }, // U+4ECE
    { 21, 20, 333, 0, 18, 53, 21911 }, // U+4ED6
    { 21, 20, 333, 0, 18, 53, 21964 }, // U+4EE3
    { 19, 19, 333, 2, 17, 46, 22017 }, // U+4EE5
    { 20, 20, 333, 0, 18, 50, 22063 }, // U+4EF6
    { 20, 20, 333, 0, 18, 50, 22113 }, // U+4F20
    { 20, 20, 333, 0, 18, 50, 22163 }, // U+4F4D
    { 21, 20, 333, 0, 18, 53, 22213 }, // U+4F4F
    { 21, 20, 333, 0, 18, 53, 22266 }, // U+4F53
    { 21, 20, 333, 0, 18, 53, 22319 }, // U+4F7F
    { 20, 20, 333, 0, 18, 50, 22372 }, // U+4F9B
    { 20, 20, 333, 0, 18, 50, 22422 }, // U+4FA7
    { 21, 20, 333, 0, 18, 53, 22472 }, // U+4FDD
    { 21, 20, 333, 0, 18, 53, 22525 }, // U+4FEE
    { 20, 20, 333, 0, 18, 50, 22578 }, // U+5012
    { 20, 20, 333, 0, 18, 50, 22628 }, // U+503C
    { 20, 20, 333, 0, 18, 50, 22678 }, // U+503E
    { 20, 20, 333, 0, 18, 50, 22728 }, // U+5148
    { 20, 20, 333, 0, 18, 50, 22778 }, // U+5149
    { 21, 19, 333, 0, 17, 50, 22828 }, // U+5165
    { 20, 20, 333, 0, 18, 50, 22878 }, // U+5171
    { 20, 20, 333, 0, 18, 50, 22928 }, // U+5173
    { 17, 20, 333, 2, 18, 43, 22978 }, // U+5185
    { 21, 19, 333, 0, 17, 50, 23021 }, // U+518D
    { 19, 19, 333, 1, 17, 46, 23071 }, // U+5199
    { 21, 20, 333, 0, 18, 53, 23117 }, // U+51D1
    { 21, 20, 333, 0, 18, 53, 23170 }, // U+51ED
    { 17, 20, 333, 2, 18, 43, 23223 }, // U+51FA
    { 21, 20, 333, 0, 18, 53, 23266 }, // U+5206
    { 20, 19, 333, 0, 17, 48, 23319 }, // U+5207
    { 20, 20, 333, 0, 18, 50, 23367 }, // U+521B
    { 20, 20, 333, 0, 18, 50, 23417 }, // U+5220
    { 18, 19, 333, 1, 18, 43, 23467 }, // U+5230
    { 20, 20, 333, 0, 18, 50, 23510 }, // U+5236
    { 20, 20, 333, 0, 18, 50, 23560 }, // U+5237
    { 19, 20, 333, 1, 18, 48, 23610 }, // U+524D
    { 19, 20, 333, 1, 18, 48, 23658 }, // U+526A
    { 20, 20, 333, 0, 18, 50, 23706 }, // U+529F
    { 20, 20, 333, 0, 18, 50, 23756 }, // U+52A0
    { 21, 20, 333, 0, 18, 53, 23806 }, // U+52A1
    { 19, 20, 333, 1, 18, 48, 23859 }, // U+52A8
    { 19, 18, 333, 1, 17, 43, 23907 }, // U+5339
    { 17, 20, 333, 3, 18, 43, 23950 }, // U+5360
    { 19, 20, 333, 1, 18, 48, 23993 }, // U+5361
    { 20, 19, 333, 0, 17, 48, 24041 }, // U+539F
    { 21, 19, 333, 0, 17, 50, 24089 }, // U+53D6
    { 17, 18, 333, 2, 16, 39, 24139 }, // U+53E3
    { 19, 18, 333, 1, 16, 43, 24178 }, // U+53EF
    { 20, 20, 333, 0, 18, 50, 24221 }, // U+53F3
    { 19, 19, 333, 1, 17, 46, 24271 }, // U+53F7
    { 19, 19, 333, 1, 17, 46, 24317 }, // U+540C
    { 18, 20, 333, 0, 18, 45, 24363 }, // U+540D
    { 20, 20, 333, 0, 18, 50, 24408 }, // U+540E
    { 17, 20, 333, 2, 18, 43, 24458 }, // U+5411
    { 20, 19, 333, 0, 17, 48, 24501 }, // U+5426
    { 19, 20, 333, 0, 18, 48, 24549 }, // U+542F
    { 19, 20, 333, 1, 18, 48, 24597 }, // U+544A
    { 21, 20, 333, 0, 18, 53, 24645 }, // U+547D
    { 20, 20, 333, 1, 18, 50, 24698 }, // U+54C8
    { 21, 19, 333, 0, 17, 50, 24748 }, // U+5668
    { 19, 19, 333, 1, 17, 46, 24798 }, // U+56DE
    { 19, 19, 333, 1, 17, 46, 24844 }, // U+56E0
    { 19, 19, 333, 1, 17, 46, 24890 }, // U+56F4
    { 19, 19, 333, 1, 17, 46, 24936 }, // U+56FE
    { 20, 20, 333, 0, 18, 50, 24982 }, // U+5728
    { 21, 19, 333, 0, 18, 50, 25032 }, // U+5730
    { 21, 19, 333, 0, 18, 50, 25082 }, // U+5740
    { 21, 20, 333, 0, 18, 53, 25132 }, // U+5907
    { 21, 20, 333, 0, 18, 53, 25185 }, // U+590D
    { 21, 20, 333, 0, 18, 53, 25238 }, // U+5916
    { 20, 20, 333, 0, 18, 50, 25291 }, // U+5927
    { 21, 20, 333, 0, 18, 53, 25341 }, // U+5931
    { 21, 20, 333, 0, 18, 53, 25394 }, // U+59CB
    { 19, 20, 333, 1, 18, 48, 25447 }, // U+5B57
    { 20, 20, 333, 0, 18, 50, 25495 }, // U+5B58
    { 20, 20, 333, 0, 18, 50, 25545 }, // U+5B8C
    { 20, 20, 333, 0, 18, 50, 25595 }, // U+5B9A
    { 21, 20, 333, 0, 18, 53, 25645 }, // U+5BBD
    { 20, 20, 333, 0, 18, 50, 25698 }, // U+5BC6
    { 20, 20, 333, 0, 18, 50, 25748 }, // U+5BF9
    { 20, 20, 333, 0, 18, 50, 25798 }, // U+5C01
    { 20, 20, 333, 0, 18, 50, 25848 }, // U+5C04
    { 20, 20, 333, 0, 18, 50, 25898 }, // U+5C06
    { 21, 20, 333, 0, 18, 53, 25948 }, // U+5C0F
    { 20, 20, 333, 1, 18, 50, 26001 }, // U+5C31
    { 20, 19, 333, 0, 17, 48, 26051 }, // U+5C40
    { 20, 19, 333, 0, 17, 48, 26099 }, // U+5C45
    { 20, 19, 333, 0, 17, 48, 26147 }, // U+5C4F
    { 19, 20, 333, 0, 18, 48, 26195 }, // U+5D29
    { 20, 20, 333, 0, 18, 50, 26243 }, // U+5D4C
    { 20, 19, 333, 0, 18, 48, 26293 }, // U+5DE6
    { 19, 18, 333, 1, 17, 43, 26341 }, // U+5DF2
    { 20, 20, 333, 0, 18, 50, 26384 }, // U+5E03
    { 20, 20, 333, 0, 18, 50, 26434 }, // U+5E0C
    { 21, 20, 333, 0, 18, 53, 26484 }, // U+5E55
    { 19, 20, 333, 1, 18, 48, 26537 }, // U+5E76
    { 20, 20, 333, 0, 18, 50, 26585 }, // U+5E94
    { 21, 20, 333, 0, 18, 53, 26635 }, // U+5EA6
    { 21, 20, 333, 0, 18, 53, 26688 }, // U+5EFA
    { 19, 19, 333, 1, 17, 46, 26741 }, // U+5F00
    { 20, 20, 333, 1, 18, 50, 26787 }, // U+5F0F
    { 17, 20, 333, 1, 18, 43, 26837 }, // U+5F15
    { 17, 20, 333, 2, 18, 43, 26880 }, // U+5F53
    { 19, 19, 333, 1, 17, 46, 26923 }, // U+5F55
    { 20, 19, 333, 0, 18, 48, 26969 }, // U+5FD8
    { 20, 20, 333, 0, 18, 50, 27017 }, // U+5FFD
    { 20, 19, 333, 0, 18, 48, 27067 }, // U+6001
    { 20, 20, 333, 0, 18, 50, 27115 }, // U+60A8
    { 20, 20, 333, 0, 18, 50, 27165 }, // U+60C5
    { 20, 20, 333, 0, 18, 50, 27215 }, // U+6210
    { 20, 20, 333, 1, 18, 50, 27265 }, // U+6216
    { 20, 20, 333, 0, 18, 50, 27315 }, // U+622A
    { 18, 20, 333, 0, 18, 45, 27365 }, // U+6237
    { 20, 20, 333, 0, 18, 50, 27410 }, // U+6240
    { 19, 20, 333, 1, 18, 48, 27460 }, // U+624B
    { 21, 20, 333, 0, 18, 53, 27508 }, // U+6253
    { 19, 20, 333, 0, 18, 48, 27561 }, // U+626B
    { 21, 20, 333, 0, 18, 53, 27609 }, // U+627E
    { 21, 20, 333, 0, 18, 53, 27662 }, // U+6297
    { 21, 20, 333, 0, 18, 53, 27715 }, // U+62A5
    { 21, 20, 333, 0, 18, 53, 27768 }, // U+62E9
    { 20, 20, 333, 0, 18, 50, 27821 }, // U+6309
    { 21, 20, 333, 0, 18, 53, 27871 }, // U+6362
    { 20, 20, 333, 0, 18, 50, 27924 }, // U+636E
    { 21, 20, 333, 0, 18, 53, 27974 }, // U+63A5
    { 21, 20, 333, 0, 18, 53, 28027 }, // U+63A7
    { 20, 20, 333, 0, 18, 50, 28080 }, // U+63CF
    { 21, 20, 333, 0, 18, 53, 28130 }, // U+63D0
    { 20, 20, 333, 0, 18, 50, 28183 }, // U+63D2
    { 21, 20, 333, 0, 18, 53, 28233 }, // U+641C
    { 20, 20, 333, 1, 18, 50, 28286 }, // U+6536
    { 21, 20, 333, 0, 18, 53, 28336 }, // U+6545
    { 21, 20, 333, 0, 18, 53, 28389 }, // U+6570
    { 21, 20, 333, 0, 18, 53, 28442 }, // U+6587
    { 21, 20, 333, 0, 18, 53, 28495 }, // U+659C
    { 20, 20, 333, 1, 18, 50, 28548 }, // U+65AD
    { 20, 20, 333, 0, 18, 50, 28598 }, // U+65B0
    { 20, 20, 333, 0, 18, 50, 28648 }, // U+65B9
    { 20, 18, 333, 0, 16, 45, 28698 }, // U+65E0
    { 20, 20, 333, 1, 18, 50, 28743 }, // U+65F6
    { 20, 20, 333, 1, 18, 50, 28793 }, // U+6620
    { 21, 19, 333, 0, 17, 50, 28843 }, // U+662F
    { 20, 18, 333, 0, 17, 45, 28893 }, // U+663E
    { 19, 20, 333, 1, 18, 48, 28938 }, // U+666E
    { 21, 19, 333, 0, 17, 50, 28986 }, // U+66F4
    { 21, 19, 333, 0, 17, 50, 29036 }, // U+6700
    { 20, 20, 333, 0, 18, 50, 29086 }, // U+6709
    { 21, 19, 333, 0, 17, 50, 29136 }, // U+670D
    { 21, 20, 333, 0, 18, 53, 29186 }, // U+672A
    { 21, 20, 333, 0, 18, 53, 29239 }, // U+672C
    { 21, 20, 333, 0, 18, 53, 29292 }, // U+673A
    { 21, 20, 333, 0, 18, 53, 29345 }, // U+675F
    { 21, 20, 333, 0, 18, 53, 29398 }, // U+6761
    { 21, 20, 333, 0, 18, 53, 29451 }, // U+6765
    { 20, 20, 333, 0, 18, 50, 29504 }, // U+677E
    { 20, 20, 333, 0, 18, 50, 29554 }, // U+6790
    { 21, 19, 333, 0, 18, 50, 29604 }, // U+67E5
    { 20, 20, 333, 0, 18, 50, 29654 }, // U+6807
    { 20, 20, 333, 0, 18, 50, 29704 }, // U+680F
    { 20, 20, 333, 0, 18, 50, 29754 }, // U+6837
    { 20, 20, 333, 0, 18, 50, 29804 }, // U+6863
    { 21, 20, 333, 0, 18, 53, 29854 }, // U+68C0
    { 21, 20, 333, 0, 18, 53, 29907 }, // U+6A21
    { 21, 20, 333, 0, 18, 53, 29960 }, // U+6A2A
    { 21, 20, 333, 0, 18, 53, 30013 }, // U+6B21
    { 19, 17, 333, 1, 16, 41, 30066 }, // U+6B63
    { 21, 20, 333, 0, 18, 53, 30107 }, // U+6B64
    { 19, 20, 333, 1, 18, 48, 30160 }, // U+6B65
    { 21, 20, 333, 0, 18, 53, 30208 }, // U+6BB5
    { 20, 21, 333, 0, 18, 53, 30261 }, // U+6BCF
    { 19, 20, 333, 1, 18, 48, 30314 }, // U+6BD4
    { 21, 20, 333, 0, 18, 53, 30362 }, // U+6CE8
    { 20, 20, 333, 0, 18, 50, 30415 }, // U+6D45
    { 20, 20, 333, 0, 18, 50, 30465 }, // U+6D4F
    { 20, 20, 333, 0, 18, 50, 30515 }, // U+6D88
    { 20, 20, 333, 0, 18, 50, 30565 }, // U+6DF1
    { 21, 20, 333, 0, 18, 53, 30615 }, // U+6DFB
    { 20, 20, 333, 0, 18, 50, 30668 }, // U+6E05
    { 20, 20, 333, 0, 18, 50, 30718 }, // U+6E83
    { 21, 20, 333, 0, 18, 53, 30768 }, // U+6E90
    { 21, 20, 333, 0, 18, 53, 30821 }, // U+6EE4
    { 20, 20, 333, 0, 18, 50, 30874 }, // U+70B9
    { 21, 20, 333, 0, 18, 53, 30924 }, // U+70ED
    { 19, 20, 333, 0, 18, 48, 30977 }, // U+7247
    { 21, 20, 333, 0, 18, 53, 31025 }, // U+7248
    { 20, 20, 333, 0, 18, 50, 31078 }, // U+7279
    { 21, 20, 333, 0, 18, 53, 31128 }, // U+72B6
    { 19, 20, 333, 1, 18, 48, 31181 }, // U+7387
    { 19, 18, 333, 0, 16, 43, 31229 }, // U+7528
    { 19, 20, 333, 2, 18, 48, 31272 }, // U+7535
    { 21, 19, 333, 0, 17, 50, 31320 }, // U+754C
    { 20, 20, 333, 1, 18, 50, 31370 }, // U+7565
    { 19, 19, 333, 1, 17, 46, 31420 }, // U+767E
    { 19, 20, 333, 1, 18, 48, 31466 }, // U+7684
    { 20, 19, 333, 0, 18, 48, 31514 }, // U+76D8
    { 15, 19, 333, 3, 17, 36, 31562 }, // U+76EE
    { 20, 19, 333, 1, 17, 48, 31598 }, // U+7720
    { 19, 19, 333, 1, 18, 46, 31646 }, // U+7761
    { 20, 20, 333, 0, 18, 50, 31692 }, // U+77ED
    { 20, 19, 333, 0, 17, 48, 31742 }, // U+7801
    { 20, 20, 333, 0, 18, 50, 31790 }, // U+786E
    { 20, 18, 333, 0, 16, 45, 31840 }, // U+793A
    { 20, 20, 333, 0, 18, 50, 31885 }, // U+79F0
    { 20, 20, 333, 0, 18, 50, 31935 }, // U+79FB
    { 21, 20, 333, 0, 18, 53, 31985 }, // U+7A0B
    { 19, 19, 333, 1, 18, 46, 32038 }, // U+7A7A
    { 19, 19, 333, 1, 18, 46, 32084 }, // U+7AD6
    { 20, 20, 333, 0, 18, 50, 32130 }, // U+7AE0
    { 20, 20, 333, 0, 18, 50, 32180 }, // U+7AEF
    { 20, 20, 333, 0, 18, 50, 32230 }, // U+7B26
    { 20, 20, 333, 0, 18, 50, 32280 }, // U+7B2C
    { 20, 20, 333, 0, 18, 50, 32330 }, // U+7B97
    { 20, 20, 333, 0, 18, 50, 32380 }, // U+7C4D
    { 20, 20, 333, 0, 18, 50, 32430 }, // U+7C97
    { 19, 20, 333, 1, 18, 48, 32480 }, // U+7CFB
    { 19, 20, 333, 1, 18, 48, 32528 }, // U+7D22
    { 19, 20, 333, 1, 18, 48, 32576 }, // U+7D27
    { 21, 20, 333, 0, 18, 53, 32624 }, // U+7EBF
    { 20, 20, 333, 0, 18, 50, 32677 }, // U+7EC6
    { 21, 20, 333, 0, 18, 53, 32727 }, // U+7EC8
    { 20, 20, 333, 0, 18, 50, 32780 }, // U+7ED3
    { 21, 20, 333, 0, 18, 53, 32830 }, // U+7EDC
    { 20, 20, 333, 0, 18, 50, 32883 }, // U+7EDF
    { 20, 19, 333, 0, 18, 48, 32933 }, // U+7EE7
    { 20, 20, 333, 0, 18, 50, 32981 }, // U+7EEA
    { 20, 20, 333, 0, 18, 50, 33031 }, // U+7EED
    { 20, 20, 333, 0, 18, 50, 33081 }, // U+7EF4
    { 21, 20, 333, 0, 18, 53, 33131 }, // U+7F13
    { 20, 20, 333, 0, 18, 50, 33184 }, // U+7F16
    { 19, 19, 333, 1, 17, 46, 33234 }, // U+7F51
    { 19, 18, 333, 1, 17, 43, 33280 }, // U+7F6E
    { 20, 20, 333, 0, 18, 50, 33323 }, // U+7FFB
    { 20, 20, 333, 1, 18, 50, 33373 }, // U+80FD
    { 20, 20, 333, 0, 18, 50, 33423 }, // U+811A
    { 15, 20, 333, 3, 18, 38, 33473 }, // U+81EA
    { 19, 18, 333, 1, 17, 43, 33511 }, // U+81F3
    { 21, 20, 333, 0, 18, 53, 33554 }, // U+822C
    { 21, 20, 333, 0, 18, 53, 33607 }, // U+8272
    { 19, 20, 333, 1, 18, 48, 33660 }, // U+8282
    { 19, 20, 333, 1, 18, 48, 33708 }, // U+8303
    { 20, 20, 333, 0, 18, 50, 33756 }, // U+83B7
    { 21, 20, 333, 0, 18, 53, 33806 }, // U+843D
    { 21, 20, 333, 0, 18, 53, 33859 }, // U+85CF
    { 20, 20, 333, 0, 18, 50, 33912 }, // U+884C
    { 21, 20, 333, 0, 18, 53, 33962 }, // U+88C1
    { 21, 20, 333, 0, 18, 53, 34015 }, // U+892A
    { 19, 19, 333, 1, 17, 46, 34068 }, // U+8981
    { 19, 20, 333, 1, 18, 48, 34114 }, // U+89C8
    { 20, 20, 333, 0, 18, 50, 34162 }, // U+89E3
    { 19, 20, 333, 1, 18, 48, 34212 }, // U+8A00
    { 20, 20, 333, 0, 18, 50, 34260 }, // U+8BA1
    { 19, 20, 333, 1, 18, 48, 34310 }, // U+8BA2
    { 21, 20, 333, 0, 18, 53, 34358 }, // U+8BA4
    { 21, 20, 333, 0, 18, 53, 34411 }, // U+8BB0
    { 21, 20, 333, 0, 18, 53, 34464 }, // U+8BBE
    { 20, 20, 333, 1, 18, 50, 34517 }, // U+8BC1
    { 20, 20, 333, 1, 18, 50, 34567 }, // U+8BD5
    { 20, 20, 333, 0, 18, 50, 34617 }, // U+8BE6
    { 20, 20, 333, 0, 18, 50, 34667 }, // U+8BED
    { 21, 19, 333, 0, 17, 50, 34717 }, // U+8BEF
    { 20, 20, 333, 0, 18, 50, 34767 }, // U+8BF7
    { 20, 20, 333, 0, 18, 50, 34817 }, // U+8BFB
    { 21, 20, 333, 0, 18, 53, 34867 }, // U+8D25
    { 21, 20, 333, 0, 18, 53, 34920 }, // U+8D26
    { 21, 20, 333, 0, 18, 53, 34973 }, // U+8D85
    { 20, 18, 333, 0, 17, 45, 35026 }, // U+8DDD
    { 21, 20, 333, 0, 18, 53, 35071 }, // U+8DF3
    { 20, 20, 333, 0, 18, 50, 35124 }, // U+8F6C
    { 20, 20, 333, 1, 18, 50, 35174 }, // U+8F7D
    { 20, 20, 333, 0, 18, 50, 35224 }, // U+8F91
    { 21, 20, 333, 0, 18, 53, 35274 }, // U+8F93
    { 21, 20, 333, 0, 18, 53, 35327 }, // U+8FB9
    { 21, 20, 333, 0, 18, 53, 35380 }, // U+8FD1
    { 21, 20, 333, 0, 18, 53, 35433 }, // U+8FD4
    { 21, 20, 333, 0, 18, 53, 35486 }, // U+8FDB
    { 21, 19, 333, 0, 17, 50, 35539 }, // U+8FDC
    { 21, 20, 333, 0, 18, 53, 35589 }, // U+8FDE
    { 21, 20, 333, 0, 18, 53, 35642 }, // U+9000
    { 21, 20, 333, 0, 18, 53, 35695 }, // U+9002
    { 21, 20, 333, 0, 18, 53, 35748 }, // U+9006
    { 21, 20, 333, 0, 18, 53, 35801 }, // U+9009
    { 21, 20, 333, 0, 18, 53, 35854 }, // U+901A
    { 20, 19, 333, 1, 17, 48, 35907 }, // U+914D
    { 19, 19, 333, 1, 18, 46, 35955 }, // U+91CD
    { 20, 19, 333, 0, 17, 48, 36001 }, // U+91CF
    { 20, 20, 333, 0, 18, 50, 36049 }, // U+9488
    { 20, 20, 333, 0, 18, 50, 36099 }, // U+949F
    { 21, 20, 333, 0, 18, 53, 36149 }, // U+94FE
    { 20, 20, 333, 0, 18, 50, 36202 }, // U+9519
    { 21, 20, 333, 0, 18, 53, 36252 }, // U+952E
    { 20, 20, 333, 0, 18, 50, 36305 }, // U+952F
    { 21, 20, 333, 0, 18, 53, 36355 }, // U+955C
    { 20, 20, 333, 1, 18, 50, 36408 }, // U+957F
    { 19, 20, 333, 1, 18, 48, 36458 }, // U+95F4
    { 18, 20, 333, 1, 18, 45, 36506 }, // U+9605
    { 18, 20, 333, 1, 18, 45, 36551 }, // U+9633
    { 20, 20, 333, 1, 18, 50, 36596 }, // U+9644
    { 20, 20, 333, 1, 18, 50, 36646 }, // U+9664
    { 19, 20, 333, 1, 18, 48, 36696 }, // U+9690
    { 19, 20, 333, 1, 18, 48, 36744 }, // U+969C
    { 19, 19, 333, 1, 17, 46, 36792 }, // U+9762
    { 19, 19, 333, 1, 17, 46, 36838 }, // U+9875
    { 21, 19, 333, 0, 17, 50, 36884 }, // U+9879
    { 20, 19, 333, 0, 17, 48, 36934 }, // U+987A
    { 20, 19, 333, 0, 17, 48, 36982 }, // U+9884
    { 21, 20, 333, 0, 18, 53, 37030 }, // U+9891
    { 21, 19, 333, 0, 17, 50, 37083 }, // U+9898
    { 21, 21, 333, 0, 18, 56, 37133 }, // U+989D
    { 21, 20, 333, 0, 18, 53, 37189 }, // U+9A8C
    { 21, 20, 333, 0, 18, 53, 37242 }, // U+9ED8
    { 21, 20, 333, 0, 18, 53, 37295 }, // U+9F50
    { 19, 20, 333, 1, 18, 48, 37348 }, // U+9F7F
    { 16, 16, 259, 1, 16, 32, 37396 }, // U+FB00
    { 12, 16, 214, 1, 16, 24, 37428 }, // U+FB01
    { 13, 16, 221, 1, 16, 26, 37452 }, // U+FB02
    { 20, 16, 344, 1, 16, 40, 37478 }, // U+FB03
    { 21, 16, 351, 1, 16, 42, 37518 }, // U+FB04
};

static const EpdUnicodeInterval ubuntu_10_regularIntervals[] = {
    { 0x0, 0x0, 0x0 },
    { 0x8, 0x9, 0x1 },
    { 0xD, 0xD, 0x3 },
    { 0x1D, 0x1D, 0x4 },
    { 0x20, 0x7E, 0x5 },
    { 0xA0, 0xFF, 0x64 },
    { 0x100, 0x17F, 0xC4 },
    { 0x1A0, 0x1A1, 0x144 },
    { 0x1AF, 0x1B0, 0x146 },
    { 0x1C4, 0x21F, 0x148 },
    { 0x300, 0x301, 0x1A4 },
    { 0x304, 0x304, 0x1A6 },
    { 0x307, 0x307, 0x1A7 },
    { 0x30C, 0x30C, 0x1A8 },
    { 0x311, 0x311, 0x1A9 },
    { 0x400, 0x45F, 0x1AA },
    { 0x462, 0x463, 0x20A },
    { 0x472, 0x475, 0x20C },
    { 0x48A, 0x4F9, 0x210 },
    { 0x1EA0, 0x1EF9, 0x280 },
    { 0x2002, 0x2003, 0x2DA },
    { 0x2010, 0x2016, 0x2DC },
    { 0x2018, 0x201A, 0x2E3 },
    { 0x201C, 0x201E, 0x2E6 },
    { 0x2020, 0x2022, 0x2E9 },
    { 0x2025, 0x2027, 0x2EC },
    { 0x2030, 0x2030, 0x2EF },
    { 0x2032, 0x2033, 0x2F0 },
    { 0x2035, 0x2035, 0x2F2 },
    { 0x2039, 0x203C, 0x2F3 },
    { 0x2042, 0x2042, 0x2F7 },
    { 0x2044, 0x2044, 0x2F8 },
    { 0x2047, 0x2049, 0x2F9 },
    { 0x2051, 0x2051, 0x2FC },
    { 0x2070, 0x2070, 0x2FD },
    { 0x2074, 0x2079, 0x2FE },
    { 0x2080, 0x2089, 0x304 },
    { 0x20A9, 0x20A9, 0x30E },
    { 0x20AB, 0x20AC, 0x30F },
    { 0x20AE, 0x20AE, 0x311 },
    { 0x20B4, 0x20B4, 0x312 },
    { 0x20B9, 0x20B9, 0x313 },
    { 0x2190, 0x2199, 0x314 },
    { 0x21B8, 0x21B9, 0x31E },
    { 0x21C4, 0x21C6, 0x320 },
    { 0x21CB, 0x21CC, 0x323 },
    { 0x21D0, 0x21D0, 0x325 },
    { 0x21D2, 0x21D2, 0x326 },
    { 0x21D4, 0x21D4, 0x327 },
    { 0x21E6, 0x21E9, 0x328 },
    { 0x21F5, 0x21F5, 0x32C },
    { 0x2200, 0x2200, 0x32D },
    { 0x2202, 0x2203, 0x32E },
    { 0x2205, 0x220B, 0x330 },
    { 0x220F, 0x220F, 0x337 },
    { 0x2211, 0x2213, 0x338 },
    { 0x2215, 0x2215, 0x33B },
    { 0x2219, 0x221A, 0x33C },
    { 0x221D, 0x2220, 0x33E },
    { 0x2223, 0x2223, 0x342 },
    { 0x2225, 0x222E, 0x343 },
    { 0x2234, 0x2237, 0x34D },
    { 0x223D, 0x223D, 0x351 },
    { 0x2243, 0x2243, 0x352 },
    { 0x2245, 0x2245, 0x353 },
    { 0x2248, 0x2248, 0x354 },
    { 0x224C, 0x224C, 0x355 },
    { 0x2260, 0x2262, 0x356 },
    { 0x2264, 0x2267, 0x359 },
    { 0x226A, 0x226B, 0x35D },
    { 0x226E, 0x226F, 0x35F },
    { 0x2272, 0x2273, 0x361 },
    { 0x2276, 0x2277, 0x363 },
    { 0x2282, 0x2287, 0x365 },
    { 0x228A, 0x228B, 0x36B },
    { 0x2295, 0x2299, 0x36D },
    { 0x22A0, 0x22A0, 0x372 },
    { 0x22A5, 0x22A5, 0x373 },
    { 0x22BF, 0x22BF, 0x374 },
    { 0x22DA, 0x22DB, 0x375 },
    { 0x22EF, 0x22EF, 0x377 },
    { 0x3002, 0x3002, 0x378 },
    { 0x4E00, 0x4E00, 0x379 },
    { 0x4E0A, 0x4E0A, 0x37A },
    { 0x4E0B, 0x4E0B, 0x37B },
    { 0x4E0D, 0x4E0D, 0x37C },
    { 0x4E24, 0x4E24, 0x37D },
    { 0x4E2A, 0x4E2A, 0x37E },
    { 0x4E2D, 0x4E2D, 0x37F },
    { 0x4E32, 0x4E32, 0x380 },
    { 0x4E3A, 0x4E3A, 0x381 },
    { 0x4E3B, 0x4E3B, 0x382 },
    { 0x4E49, 0x4E49, 0x383 },
    { 0x4E66, 0x4E66, 0x384 },
    { 0x4E8C, 0x4E8C, 0x385 },
    { 0x4EBA, 0x4EBA, 0x386 },
    { 0x4ECE, 0x4ECE, 0x387 },
    { 0x4ED6, 0x4ED6, 0x388 },
    { 0x4EE3, 0x4EE3, 0x389 },
    { 0x4EE5, 0x4EE5, 0x38A },
    { 0x4EF6, 0x4EF6, 0x38B },
    { 0x4F20, 0x4F20, 0x38C },
    { 0x4F4D, 0x4F4D, 0x38D },
    { 0x4F4F, 0x4F4F, 0x38E },
    { 0x4F53, 0x4F53, 0x38F },
    { 0x4F7F, 0x4F7F, 0x390 },
    { 0x4F9B, 0x4F9B, 0x391 },
    { 0x4FA7, 0x4FA7, 0x392 },
    { 0x4FDD, 0x4FDD, 0x393 },
    { 0x4FEE, 0x4FEE, 0x394 },
    { 0x5012, 0x5012, 0x395 },
    { 0x503C, 0x503C, 0x396 },
    { 0x503E, 0x503E, 0x397 },
    { 0x5148, 0x5148, 0x398 },
    { 0x5149, 0x5149, 0x399 },
    { 0x5165, 0x5165, 0x39A },
    { 0x5171, 0x5171, 0x39B },
    { 0x5173, 0x5173, 0x39C },
    { 0x5185, 0x5185, 0x39D },
    { 0x518D, 0x518D, 0x39E },
    { 0x5199, 0x5199, 0x39F },
    { 0x51D1, 0x51D1, 0x3A0 },
    { 0x51ED, 0x51ED, 0x3A1 },
    { 0x51FA, 0x51FA, 0x3A2 },
    { 0x5206, 0x5206, 0x3A3 },
    { 0x5207, 0x5207, 0x3A4 },
    { 0x521B, 0x521B, 0x3A5 },
    { 0x5220, 0x5220, 0x3A6 },
    { 0x5230, 0x5230, 0x3A7 },
    { 0x5236, 0x5236, 0x3A8 },
    { 0x5237, 0x5237, 0x3A9 },
    { 0x524D, 0x524D, 0x3AA },
    { 0x526A, 0x526A, 0x3AB },
    { 0x529F, 0x529F, 0x3AC },
    { 0x52A0, 0x52A0, 0x3AD },
    { 0x52A1, 0x52A1, 0x3AE },
    { 0x52A8, 0x52A8, 0x3AF },
    { 0x5339, 0x5339, 0x3B0 },
    { 0x5360, 0x5360, 0x3B1 },
    { 0x5361, 0x5361, 0x3B2 },
    { 0x539F, 0x539F, 0x3B3 },
    { 0x53D6, 0x53D6, 0x3B4 },
    { 0x53E3, 0x53E3, 0x3B5 },
    { 0x53EF, 0x53EF, 0x3B6 },
    { 0x53F3, 0x53F3, 0x3B7 },
    { 0x53F7, 0x53F7, 0x3B8 },
    { 0x540C, 0x540C, 0x3B9 },
    { 0x540D, 0x540D, 0x3BA },
    { 0x540E, 0x540E, 0x3BB },
    { 0x5411, 0x5411, 0x3BC },
    { 0x5426, 0x5426, 0x3BD },
    { 0x542F, 0x542F, 0x3BE },
    { 0x544A, 0x544A, 0x3BF },
    { 0x547D, 0x547D, 0x3C0 },
    { 0x54C8, 0x54C8, 0x3C1 },
    { 0x5668, 0x5668, 0x3C2 },
    { 0x56DE, 0x56DE, 0x3C3 },
    { 0x56E0, 0x56E0, 0x3C4 },
    { 0x56F4, 0x56F4, 0x3C5 },
    { 0x56FE, 0x56FE, 0x3C6 },
    { 0x5728, 0x5728, 0x3C7 },
    { 0x5730, 0x5730, 0x3C8 },
    { 0x5740, 0x5740, 0x3C9 },
    { 0x5907, 0x5907, 0x3CA },
    { 0x590D, 0x590D, 0x3CB },
    { 0x5916, 0x5916, 0x3CC },
    { 0x5927, 0x5927, 0x3CD },
    { 0x5931, 0x5931, 0x3CE },
    { 0x59CB, 0x59CB, 0x3CF },
    { 0x5B57, 0x5B57, 0x3D0 },
    { 0x5B58, 0x5B58, 0x3D1 },
    { 0x5B8C, 0x5B8C, 0x3D2 },
    { 0x5B9A, 0x5B9A, 0x3D3 },
    { 0x5BBD, 0x5BBD, 0x3D4 },
    { 0x5BC6, 0x5BC6, 0x3D5 },
    { 0x5BF9, 0x5BF9, 0x3D6 },
    { 0x5C01, 0x5C01, 0x3D7 },
    { 0x5C04, 0x5C04, 0x3D8 },
    { 0x5C06, 0x5C06, 0x3D9 },
    { 0x5C0F, 0x5C0F, 0x3DA },
    { 0x5C31, 0x5C31, 0x3DB },
    { 0x5C40, 0x5C40, 0x3DC },
    { 0x5C45, 0x5C45, 0x3DD },
    { 0x5C4F, 0x5C4F, 0x3DE },
    { 0x5D29, 0x5D29, 0x3DF },
    { 0x5D4C, 0x5D4C, 0x3E0 },
    { 0x5DE6, 0x5DE6, 0x3E1 },
    { 0x5DF2, 0x5DF2, 0x3E2 },
    { 0x5E03, 0x5E03, 0x3E3 },
    { 0x5E0C, 0x5E0C, 0x3E4 },
    { 0x5E55, 0x5E55, 0x3E5 },
    { 0x5E76, 0x5E76, 0x3E6 },
    { 0x5E94, 0x5E94, 0x3E7 },
    { 0x5EA6, 0x5EA6, 0x3E8 },
    { 0x5EFA, 0x5EFA, 0x3E9 },
    { 0x5F00, 0x5F00, 0x3EA },
    { 0x5F0F, 0x5F0F, 0x3EB },
    { 0x5F15, 0x5F15, 0x3EC },
    { 0x5F53, 0x5F53, 0x3ED },
    { 0x5F55, 0x5F55, 0x3EE },
    { 0x5FD8, 0x5FD8, 0x3EF },
    { 0x5FFD, 0x5FFD, 0x3F0 },
    { 0x6001, 0x6001, 0x3F1 },
    { 0x60A8, 0x60A8, 0x3F2 },
    { 0x60C5, 0x60C5, 0x3F3 },
    { 0x6210, 0x6210, 0x3F4 },
    { 0x6216, 0x6216, 0x3F5 },
    { 0x622A, 0x622A, 0x3F6 },
    { 0x6237, 0x6237, 0x3F7 },
    { 0x6240, 0x6240, 0x3F8 },
    { 0x624B, 0x624B, 0x3F9 },
    { 0x6253, 0x6253, 0x3FA },
    { 0x626B, 0x626B, 0x3FB },
    { 0x627E, 0x627E, 0x3FC },
    { 0x6297, 0x6297, 0x3FD },
    { 0x62A5, 0x62A5, 0x3FE },
    { 0x62E9, 0x62E9, 0x3FF },
    { 0x6309, 0x6309, 0x400 },
    { 0x6362, 0x6362, 0x401 },
    { 0x636E, 0x636E, 0x402 },
    { 0x63A5, 0x63A5, 0x403 },
    { 0x63A7, 0x63A7, 0x404 },
    { 0x63CF, 0x63CF, 0x405 },
    { 0x63D0, 0x63D0, 0x406 },
    { 0x63D2, 0x63D2, 0x407 },
    { 0x641C, 0x641C, 0x408 },
    { 0x6536, 0x6536, 0x409 },
    { 0x6545, 0x6545, 0x40A },
    { 0x6570, 0x6570, 0x40B },
    { 0x6587, 0x6587, 0x40C },
    { 0x659C, 0x659C, 0x40D },
    { 0x65AD, 0x65AD, 0x40E },
    { 0x65B0, 0x65B0, 0x40F },
    { 0x65B9, 0x65B9, 0x410 },
    { 0x65E0, 0x65E0, 0x411 },
    { 0x65F6, 0x65F6, 0x412 },
    { 0x6620, 0x6620, 0x413 },
    { 0x662F, 0x662F, 0x414 },
    { 0x663E, 0x663E, 0x415 },
    { 0x666E, 0x666E, 0x416 },
    { 0x66F4, 0x66F4, 0x417 },
    { 0x6700, 0x6700, 0x418 },
    { 0x6709, 0x6709, 0x419 },
    { 0x670D, 0x670D, 0x41A },
    { 0x672A, 0x672A, 0x41B },
    { 0x672C, 0x672C, 0x41C },
    { 0x673A, 0x673A, 0x41D },
    { 0x675F, 0x675F, 0x41E },
    { 0x6761, 0x6761, 0x41F },
    { 0x6765, 0x6765, 0x420 },
    { 0x677E, 0x677E, 0x421 },
    { 0x6790, 0x6790, 0x422 },
    { 0x67E5, 0x67E5, 0x423 },
    { 0x6807, 0x6807, 0x424 },
    { 0x680F, 0x680F, 0x425 },
    { 0x6837, 0x6837, 0x426 },
    { 0x6863, 0x6863, 0x427 },
    { 0x68C0, 0x68C0, 0x428 },
    { 0x6A21, 0x6A21, 0x429 },
    { 0x6A2A, 0x6A2A, 0x42A },
    { 0x6B21, 0x6B21, 0x42B },
    { 0x6B63, 0x6B63, 0x42C },
    { 0x6B64, 0x6B64, 0x42D },
    { 0x6B65, 0x6B65, 0x42E },
    { 0x6BB5, 0x6BB5, 0x42F },
    { 0x6BCF, 0x6BCF, 0x430 },
    { 0x6BD4, 0x6BD4, 0x431 },
    { 0x6CE8, 0x6CE8, 0x432 },
    { 0x6D45, 0x6D45, 0x433 },
    { 0x6D4F, 0x6D4F, 0x434 },
    { 0x6D88, 0x6D88, 0x435 },
    { 0x6DF1, 0x6DF1, 0x436 },
    { 0x6DFB, 0x6DFB, 0x437 },
    { 0x6E05, 0x6E05, 0x438 },
    { 0x6E83, 0x6E83, 0x439 },
    { 0x6E90, 0x6E90, 0x43A },
    { 0x6EE4, 0x6EE4, 0x43B },
    { 0x70B9, 0x70B9, 0x43C },
    { 0x70ED, 0x70ED, 0x43D },
    { 0x7247, 0x7247, 0x43E },
    { 0x7248, 0x7248, 0x43F },
    { 0x7279, 0x7279, 0x440 },
    { 0x72B6, 0x72B6, 0x441 },
    { 0x7387, 0x7387, 0x442 },
    { 0x7528, 0x7528, 0x443 },
    { 0x7535, 0x7535, 0x444 },
    { 0x754C, 0x754C, 0x445 },
    { 0x7565, 0x7565, 0x446 },
    { 0x767E, 0x767E, 0x447 },
    { 0x7684, 0x7684, 0x448 },
    { 0x76D8, 0x76D8, 0x449 },
    { 0x76EE, 0x76EE, 0x44A },
    { 0x7720, 0x7720, 0x44B },
    { 0x7761, 0x7761, 0x44C },
    { 0x77ED, 0x77ED, 0x44D },
    { 0x7801, 0x7801, 0x44E },
    { 0x786E, 0x786E, 0x44F },
    { 0x793A, 0x793A, 0x450 },
    { 0x79F0, 0x79F0, 0x451 },
    { 0x79FB, 0x79FB, 0x452 },
    { 0x7A0B, 0x7A0B, 0x453 },
    { 0x7A7A, 0x7A7A, 0x454 },
    { 0x7AD6, 0x7AD6, 0x455 },
    { 0x7AE0, 0x7AE0, 0x456 },
    { 0x7AEF, 0x7AEF, 0x457 },
    { 0x7B26, 0x7B26, 0x458 },
    { 0x7B2C, 0x7B2C, 0x459 },
    { 0x7B97, 0x7B97, 0x45A },
    { 0x7C4D, 0x7C4D, 0x45B },
    { 0x7C97, 0x7C97, 0x45C },
    { 0x7CFB, 0x7CFB, 0x45D },
    { 0x7D22, 0x7D22, 0x45E },
    { 0x7D27, 0x7D27, 0x45F },
    { 0x7EBF, 0x7EBF, 0x460 },
    { 0x7EC6, 0x7EC6, 0x461 },
    { 0x7EC8, 0x7EC8, 0x462 },
    { 0x7ED3, 0x7ED3, 0x463 },
    { 0x7EDC, 0x7EDC, 0x464 },
    { 0x7EDF, 0x7EDF, 0x465 },
    { 0x7EE7, 0x7EE7, 0x466 },
    { 0x7EEA, 0x7EEA, 0x467 },
    { 0x7EED, 0x7EED, 0x468 },
    { 0x7EF4, 0x7EF4, 0x469 },
    { 0x7F13, 0x7F13, 0x46A },
    { 0x7F16, 0x7F16, 0x46B },
    { 0x7F51, 0x7F51, 0x46C },
    { 0x7F6E, 0x7F6E, 0x46D },
    { 0x7FFB, 0x7FFB, 0x46E },
    { 0x80FD, 0x80FD, 0x46F },
    { 0x811A, 0x811A, 0x470 },
    { 0x81EA, 0x81EA, 0x471 },
    { 0x81F3, 0x81F3, 0x472 },
    { 0x822C, 0x822C, 0x473 },
    { 0x8272, 0x8272, 0x474 },
    { 0x8282, 0x8282, 0x475 },
    { 0x8303, 0x8303, 0x476 },
    { 0x83B7, 0x83B7, 0x477 },
    { 0x843D, 0x843D, 0x478 },
    { 0x85CF, 0x85CF, 0x479 },
    { 0x884C, 0x884C, 0x47A },
    { 0x88C1, 0x88C1, 0x47B },
    { 0x892A, 0x892A, 0x47C },
    { 0x8981, 0x8981, 0x47D },
    { 0x89C8, 0x89C8, 0x47E },
    { 0x89E3, 0x89E3, 0x47F },
    { 0x8A00, 0x8A00, 0x480 },
    { 0x8BA1, 0x8BA1, 0x481 },
    { 0x8BA2, 0x8BA2, 0x482 },
    { 0x8BA4, 0x8BA4, 0x483 },
    { 0x8BB0, 0x8BB0, 0x484 },
    { 0x8BBE, 0x8BBE, 0x485 },
    { 0x8BC1, 0x8BC1, 0x486 },
    { 0x8BD5, 0x8BD5, 0x487 },
    { 0x8BE6, 0x8BE6, 0x488 },
    { 0x8BED, 0x8BED, 0x489 },
    { 0x8BEF, 0x8BEF, 0x48A },
    { 0x8BF7, 0x8BF7, 0x48B },
    { 0x8BFB, 0x8BFB, 0x48C },
    { 0x8D25, 0x8D25, 0x48D },
    { 0x8D26, 0x8D26, 0x48E },
    { 0x8D85, 0x8D85, 0x48F },
    { 0x8DDD, 0x8DDD, 0x490 },
    { 0x8DF3, 0x8DF3, 0x491 },
    { 0x8F6C, 0x8F6C, 0x492 },
    { 0x8F7D, 0x8F7D, 0x493 },
    { 0x8F91, 0x8F91, 0x494 },
    { 0x8F93, 0x8F93, 0x495 },
    { 0x8FB9, 0x8FB9, 0x496 },
    { 0x8FD1, 0x8FD1, 0x497 },
    { 0x8FD4, 0x8FD4, 0x498 },
    { 0x8FDB, 0x8FDB, 0x499 },
    { 0x8FDC, 0x8FDC, 0x49A },
    { 0x8FDE, 0x8FDE, 0x49B },
    { 0x9000, 0x9000, 0x49C },
    { 0x9002, 0x9002, 0x49D },
    { 0x9006, 0x9006, 0x49E },
    { 0x9009, 0x9009, 0x49F },
    { 0x901A, 0x901A, 0x4A0 },
    { 0x914D, 0x914D, 0x4A1 },
    { 0x91CD, 0x91CD, 0x4A2 },
    { 0x91CF, 0x91CF, 0x4A3 },
    { 0x9488, 0x9488, 0x4A4 },
    { 0x949F, 0x949F, 0x4A5 },
    { 0x94FE, 0x94FE, 0x4A6 },
    { 0x9519, 0x9519, 0x4A7 },
    { 0x952E, 0x952E, 0x4A8 },
    { 0x952F, 0x952F, 0x4A9 },
    { 0x955C, 0x955C, 0x4AA },
    { 0x957F, 0x957F, 0x4AB },
    { 0x95F4, 0x95F4, 0x4AC },
    { 0x9605, 0x9605, 0x4AD },
    { 0x9633, 0x9633, 0x4AE },
    { 0x9644, 0x9644, 0x4AF },
    { 0x9664, 0x9664, 0x4B0 },
    { 0x9690, 0x9690, 0x4B1 },
    { 0x969C, 0x969C, 0x4B2 },
    { 0x9762, 0x9762, 0x4B3 },
    { 0x9875, 0x9875, 0x4B4 },
    { 0x9879, 0x9879, 0x4B5 },
    { 0x987A, 0x987A, 0x4B6 },
    { 0x9884, 0x9884, 0x4B7 },
    { 0x9891, 0x9891, 0x4B8 },
    { 0x9898, 0x9898, 0x4B9 },
    { 0x989D, 0x989D, 0x4BA },
    { 0x9A8C, 0x9A8C, 0x4BB },
    { 0x9ED8, 0x9ED8, 0x4BC },
    { 0x9F50, 0x9F50, 0x4BD },
    { 0x9F7F, 0x9F7F, 0x4BE },
    { 0xFB00, 0xFB04, 0x4BF },
};

static const EpdKernClassEntry ubuntu_10_regularKernLeftClasses[] = {
    { 0x0022, 1 }, // "
    { 0x0027, 1 }, // '
    { 0x0028, 2 }, // (
    { 0x0029, 3 }, // )
    { 0x002A, 4 }, // *
    { 0x002C, 5 }, // ,
    { 0x002D, 6 }, // -
    { 0x002E, 5 }, // .
    { 0x002F, 7 }, // /
    { 0x003A, 8 }, // :
    { 0x003B, 8 }, // ;
    { 0x0040, 9 }, // @
    { 0x0041, 10 }, // A
    { 0x0042, 11 }, // B
    { 0x0043, 12 }, // C
    { 0x0044, 13 }, // D
    { 0x0045, 14 }, // E
    { 0x0046, 15 }, // F
    { 0x0047, 16 }, // G
    { 0x004A, 17 }, // J
    { 0x004B, 18 }, // K
    { 0x004C, 19 }, // L
    { 0x004D, 20 }, // M
    { 0x004F, 21 }, // O
    { 0x0050, 22 }, // P
    { 0x0051, 23 }, // Q
    { 0x0052, 24 }, // R
    { 0x0054, 25 }, // T
    { 0x0055, 26 }, // U
    { 0x0056, 27 }, // V
    { 0x0057, 28 }, // W
    { 0x0058, 29 }, // X
    { 0x0059, 30 }, // Y
    { 0x005A, 31 }, // Z
    { 0x005B, 32 }, // [
    { 0x005D, 33 }, // ]
    { 0x0061, 34 }, // a
    { 0x0062, 35 }, // b
    { 0x0063, 36 }, // c
    { 0x0066, 37 }, // f
    { 0x0068, 38 }, // h
    { 0x006A, 39 }, // j
    { 0x006B, 40 }, // k
    { 0x006D, 41 }, // m
    { 0x006E, 41 }, // n
    { 0x006F, 42 }, // o
    { 0x0070, 43 }, // p
    { 0x0071, 44 }, // q
    { 0x0072, 45 }, // r
    { 0x0074, 46 }, // t
    { 0x0076, 47 }, // v
    { 0x0077, 48 }, // w
    { 0x0078, 49 }, // x
    { 0x007A, 50 }, // z
    { 0x007B, 51 }, // {
    { 0x007D, 52 }, // }
    { 0x00A1, 53 }, // U+00A1
    { 0x00AB, 54 }, // U+00AB
    { 0x00BB, 55 }, // U+00BB
    { 0x00BF, 56 }, // U+00BF
    { 0x00C0, 10 }, // U+00C0
    { 0x00C1, 10 }, // U+00C1
    { 0x00C2, 10 }, // U+00C2
    { 0x00C3, 10 }, // U+00C3
    { 0x00C4, 10 }, // U+00C4
    { 0x00C5, 10 }, // U+00C5
    { 0x00C6, 14 }, // U+00C6
    { 0x00C7, 12 }, // U+00C7
    { 0x00C8, 14 }, // U+00C8
    { 0x00C9, 14 }, // U+00C9
    { 0x00CA, 14 }, // U+00CA
    { 0x00CB, 14 }, // U+00CB
    { 0x00D0, 13 }, // U+00D0
    { 0x00D2, 21 }, // U+00D2
    { 0x00D3, 21 }, // U+00D3
    { 0x00D4, 21 }, // U+00D4
    { 0x00D5, 21 }, // U+00D5
    { 0x00D6, 21 }, // U+00D6
    { 0x00D8, 21 }, // U+00D8
    { 0x00D9, 26 }, // U+00D9
    { 0x00DA, 26 }, // U+00DA
    { 0x00DB, 26 }, // U+00DB
    { 0x00DC, 26 }, // U+00DC
    { 0x00DD, 30 }, // U+00DD
    { 0x00DE, 57 }, // U+00DE
    { 0x00DF, 58 }, // U+00DF
    { 0x00E0, 34 }, // U+00E0
    { 0x00E1, 34 }, // U+00E1
    { 0x00E2, 34 }, // U+00E2
    { 0x00E3, 34 }, // U+00E3
    { 0x00E4, 34 }, // U+00E4
    { 0x00E5, 34 }, // U+00E5
    { 0x00E7, 36 }, // U+00E7
    { 0x00F0, 59 }, // U+00F0
    { 0x00F1, 41 }, // U+00F1
    { 0x00F2, 42 }, // U+00F2
    { 0x00F3, 42 }, // U+00F3
    { 0x00F4, 42 }, // U+00F4
    { 0x00F5, 42 }, // U+00F5
    { 0x00F6, 42 }, // U+00F6
    { 0x00F8, 42 }, // U+00F8
    { 0x00FE, 60 }, // U+00FE
    { 0x0100, 10 }, // U+0100
    { 0x0101, 34 }, // U+0101
    { 0x0102, 10 }, // U+0102
    { 0x0103, 34 }, // U+0103
    { 0x0104, 10 }, // U+0104
    { 0x0105, 34 }, // U+0105
    { 0x0106, 12 }, // U+0106
    { 0x0107, 36 }, // U+0107
    { 0x0108, 12 }, // U+0108
    { 0x0109, 36 }, // U+0109
    { 0x010A, 12 }, // U+010A
    { 0x010B, 36 }, // U+010B
    { 0x010C, 12 }, // U+010C
    { 0x010D, 36 }, // U+010D
    { 0x010E, 13 }, // U+010E
    { 0x010F, 61 }, // U+010F
    { 0x0110, 13 }, // U+0110
    { 0x0112, 14 }, // U+0112
    { 0x0114, 14 }, // U+0114
    { 0x0116, 14 }, // U+0116
    { 0x0118, 14 }, // U+0118
    { 0x011A, 14 }, // U+011A
    { 0x011C, 16 }, // U+011C
    { 0x011E, 16 }, // U+011E
    { 0x0120, 16 }, // U+0120
    { 0x0122, 16 }, // U+0122
    { 0x0125, 38 }, // U+0125
    { 0x0127, 38 }, // U+0127
    { 0x0132, 17 }, // U+0132
    { 0x0133, 39 }, // U+0133
    { 0x0134, 17 }, // U+0134
    { 0x0135, 39 }, // U+0135
    { 0x0136, 18 }, // U+0136
    { 0x0137, 40 }, // U+0137
    { 0x0138, 40 }, // U+0138
    { 0x0139, 19 }, // U+0139
    { 0x013B, 19 }, // U+013B
    { 0x013D, 19 }, // U+013D
    { 0x013E, 61 }, // U+013E
    { 0x013F, 19 }, // U+013F
    { 0x0141, 19 }, // U+0141
    { 0x0144, 41 }, // U+0144
    { 0x0146, 41 }, // U+0146
    { 0x0148, 41 }, // U+0148
    { 0x0149, 41 }, // U+0149
    { 0x014A, 62 }, // U+014A
    { 0x014B, 63 }, // U+014B
    { 0x014C, 21 }, // U+014C
    { 0x014D, 42 }, // U+014D
    { 0x014E, 21 }, // U+014E
    { 0x014F, 42 }, // U+014F
    { 0x0150, 21 }, // U+0150
    { 0x0151, 42 }, // U+0151
    { 0x0152, 14 }, // U+0152
    { 0x0154, 24 }, // U+0154
    { 0x0155, 45 }, // U+0155
    { 0x0156, 24 }, // U+0156
    { 0x0157, 45 }, // U+0157
    { 0x0158, 24 }, // U+0158
    { 0x0159, 45 }, // U+0159
    { 0x0162, 25 }, // U+0162
    { 0x0163, 46 }, // U+0163
    { 0x0164, 25 }, // U+0164
    { 0x0165, 46 }, // U+0165
    { 0x0166, 25 }, // U+0166
    { 0x0167, 46 }, // U+0167
    { 0x0168, 26 }, // U+0168
    { 0x016A, 26 }, // U+016A
    { 0x016C, 26 }, // U+016C
    { 0x016E, 26 }, // U+016E
    { 0x0170, 26 }, // U+0170
    { 0x0172, 26 }, // U+0172
    { 0x0174, 28 }, // U+0174
    { 0x0175, 48 }, // U+0175
    { 0x0176, 30 }, // U+0176
    { 0x0178, 30 }, // U+0178
    { 0x0179, 31 }, // U+0179
    { 0x017A, 50 }, // U+017A
    { 0x017B, 31 }, // U+017B
    { 0x017C, 50 }, // U+017C
    { 0x017D, 31 }, // U+017D
    { 0x017E, 50 }, // U+017E
    { 0x017F, 37 }, // U+017F
    { 0x01C4, 31 }, // U+01C4
    { 0x01C5, 50 }, // U+01C5
    { 0x01C6, 50 }, // U+01C6
    { 0x01C7, 17 }, // U+01C7
    { 0x01C8, 39 }, // U+01C8
    { 0x01C9, 39 }, // U+01C9
    { 0x01CA, 17 }, // U+01CA
    { 0x01CB, 39 }, // U+01CB
    { 0x01CC, 39 }, // U+01CC
    { 0x01CD, 10 }, // U+01CD
    { 0x01CE, 34 }, // U+01CE
    { 0x01D1, 21 }, // U+01D1
    { 0x01D2, 42 }, // U+01D2
    { 0x01D3, 26 }, // U+01D3
    { 0x01D5, 26 }, // U+01D5
    { 0x01D7, 26 }, // U+01D7
    { 0x01D9, 26 }, // U+01D9
    { 0x01DB, 26 }, // U+01DB
    { 0x01DD, 42 }, // U+01DD
    { 0x01DE, 10 }, // U+01DE
    { 0x01DF, 34 }, // U+01DF
    { 0x01E0, 10 }, // U+01E0
    { 0x01E1, 34 }, // U+01E1
    { 0x01E2, 14 }, // U+01E2
    { 0x01E4, 16 }, // U+01E4
    { 0x01E6, 16 }, // U+01E6
    { 0x01E8, 18 }, // U+01E8
    { 0x01E9, 40 }, // U+01E9
    { 0x01EA, 21 }, // U+01EA
    { 0x01EB, 42 }, // U+01EB
    { 0x01EC, 21 }, // U+01EC
    { 0x01ED, 42 }, // U+01ED
    { 0x01EE, 64 }, // U+01EE
    { 0x01F0, 39 }, // U+01F0
    { 0x01F1, 31 }, // U+01F1
    { 0x01F2, 50 }, // U+01F2
    { 0x01F3, 50 }, // U+01F3
    { 0x01F4, 16 }, // U+01F4
    { 0x01F7, 65 }, // U+01F7
    { 0x01F9, 41 }, // U+01F9
    { 0x01FA, 10 }, // U+01FA
    { 0x01FB, 34 }, // U+01FB
    { 0x01FC, 14 }, // U+01FC
    { 0x01FE, 21 }, // U+01FE
    { 0x01FF, 42 }, // U+01FF
    { 0x0200, 10 }, // U+0200
    { 0x0201, 34 }, // U+0201
    { 0x0202, 10 }, // U+0202
    { 0x0203, 34 }, // U+0203
    { 0x0204, 14 }, // U+0204
    { 0x0206, 14 }, // U+0206
    { 0x020C, 21 }, // U+020C
    { 0x020D, 42 }, // U+020D
    { 0x020E, 21 }, // U+020E
    { 0x020F, 42 }, // U+020F
    { 0x0210, 24 }, // U+0210
    { 0x0211, 45 }, // U+0211
    { 0x0212, 24 }, // U+0212
    { 0x0213, 45 }, // U+0213
    { 0x0214, 26 }, // U+0214
    { 0x0216, 26 }, // U+0216
    { 0x021A, 25 }, // U+021A
    { 0x021B, 46 }, // U+021B
    { 0x021C, 66 }, // U+021C
    { 0x021F, 38 }, // U+021F
    { 0x0400, 67 }, // U+0400
    { 0x0401, 67 }, // U+0401
    { 0x0402, 68 }, // U+0402
    { 0x0403, 69 }, // U+0403
    { 0x0404, 70 }, // U+0404
    { 0x0405, 71 }, // U+0405
    { 0x040B, 72 }, // U+040B
    { 0x040C, 73 }, // U+040C
    { 0x040E, 74 }, // U+040E
    { 0x0410, 75 }, // U+0410
    { 0x0411, 68 }, // U+0411
    { 0x0412, 76 }, // U+0412
    { 0x0413, 69 }, // U+0413
    { 0x0414, 77 }, // U+0414
    { 0x0415, 67 }, // U+0415
    { 0x0417, 78 }, // U+0417
    { 0x041A, 73 }, // U+041A
    { 0x041C, 79 }, // U+041C
    { 0x041E, 80 }, // U+041E
    { 0x0420, 81 }, // U+0420
    { 0x0421, 70 }, // U+0421
    { 0x0422, 82 }, // U+0422
    { 0x0423, 74 }, // U+0423
    { 0x0424, 83 }, // U+0424
    { 0x0425, 84 }, // U+0425
    { 0x0426, 85 }, // U+0426
    { 0x0429, 85 }, // U+0429
    { 0x042D, 86 }, // U+042D
    { 0x042E, 80 }, // U+042E
    { 0x0430, 87 }, // U+0430
    { 0x0431, 88 }, // U+0431
    { 0x0432, 89 }, // U+0432
    { 0x0433, 90 }, // U+0433
    { 0x0434, 91 }, // U+0434
    { 0x0435, 92 }, // U+0435
    { 0x0436, 93 }, // U+0436
    { 0x0437, 94 }, // U+0437
    { 0x043A, 95 }, // U+043A
    { 0x043E, 96 }, // U+043E
    { 0x0440, 97 }, // U+0440
    { 0x0441, 98 }, // U+0441
    { 0x0442, 99 }, // U+0442
    { 0x0443, 100 }, // U+0443
    { 0x0444, 101 }, // U+0444
    { 0x0445, 102 }, // U+0445
    { 0x0446, 103 }, // U+0446
    { 0x0449, 103 }, // U+0449
    { 0x044A, 104 }, // U+044A
    { 0x044C, 104 }, // U+044C
    { 0x044D, 105 }, // U+044D
    { 0x044E, 106 }, // U+044E
    { 0x0450, 92 }, // U+0450
    { 0x0451, 92 }, // U+0451
    { 0x0452, 107 }, // U+0452
    { 0x0453, 90 }, // U+0453
    { 0x0454, 108 }, // U+0454
    { 0x0455, 109 }, // U+0455
    { 0x0459, 104 }, // U+0459
    { 0x045A, 104 }, // U+045A
    { 0x045B, 110 }, // U+045B
    { 0x045C, 95 }, // U+045C
    { 0x045E, 100 }, // U+045E
    { 0x0462, 68 }, // U+0462
    { 0x0463, 111 }, // U+0463
    { 0x0472, 80 }, // U+0472
    { 0x0473, 96 }, // U+0473
    { 0x0474, 112 }, // U+0474
    { 0x0475, 113 }, // U+0475
    { 0x048A, 85 }, // U+048A
    { 0x048B, 103 }, // U+048B
    { 0x048D, 104 }, // U+048D
    { 0x048F, 97 }, // U+048F
    { 0x0490, 69 }, // U+0490
    { 0x0491, 90 }, // U+0491
    { 0x0492, 69 }, // U+0492
    { 0x0493, 90 }, // U+0493
    { 0x0494, 68 }, // U+0494
    { 0x0495, 114 }, // U+0495
    { 0x0497, 93 }, // U+0497
    { 0x0498, 78 }, // U+0498
    { 0x0499, 94 }, // U+0499
    { 0x049A, 73 }, // U+049A
    { 0x049B, 95 }, // U+049B
    { 0x049C, 73 }, // U+049C
    { 0x049D, 95 }, // U+049D
    { 0x049E, 73 }, // U+049E
    { 0x049F, 95 }, // U+049F
    { 0x04A0, 73 }, // U+04A0
    { 0x04A1, 95 }, // U+04A1
    { 0x04A2, 85 }, // U+04A2
    { 0x04A3, 103 }, // U+04A3
    { 0x04A4, 82 }, // U+04A4
    { 0x04A5, 90 }, // U+04A5
    { 0x04A7, 115 }, // U+04A7
    { 0x04A8, 116 }, // U+04A8
    { 0x04A9, 117 }, // U+04A9
    { 0x04AA, 70 }, // U+04AA
    { 0x04AB, 98 }, // U+04AB
    { 0x04AC, 82 }, // U+04AC
    { 0x04AD, 99 }, // U+04AD
    { 0x04AE, 118 }, // U+04AE
    { 0x04AF, 119 }, // U+04AF
    { 0x04B0, 118 }, // U+04B0
    { 0x04B1, 119 }, // U+04B1
    { 0x04B2, 84 }, // U+04B2
    { 0x04B3, 102 }, // U+04B3
    { 0x04B4, 85 }, // U+04B4
    { 0x04B5, 103 }, // U+04B5
    { 0x04B6, 85 }, // U+04B6
    { 0x04B7, 103 }, // U+04B7
    { 0x04BA, 120 }, // U+04BA
    { 0x04BB, 121 }, // U+04BB
    { 0x04BC, 122 }, // U+04BC
    { 0x04BD, 123 }, // U+04BD
    { 0x04BE, 122 }, // U+04BE
    { 0x04BF, 123 }, // U+04BF
    { 0x04C2, 93 }, // U+04C2
    { 0x04C4, 124 }, // U+04C4
    { 0x04C6, 103 }, // U+04C6
    { 0x04C8, 125 }, // U+04C8
    { 0x04C9, 85 }, // U+04C9
    { 0x04CA, 103 }, // U+04CA
    { 0x04CD, 85 }, // U+04CD
    { 0x04CE, 103 }, // U+04CE
    { 0x04D0, 75 }, // U+04D0
    { 0x04D1, 87 }, // U+04D1
    { 0x04D2, 75 }, // U+04D2
    { 0x04D3, 87 }, // U+04D3
    { 0x04D5, 126 }, // U+04D5
    { 0x04D6, 67 }, // U+04D6
    { 0x04D7, 92 }, // U+04D7
    { 0x04D8, 127 }, // U+04D8
    { 0x04D9, 128 }, // U+04D9
    { 0x04DA, 127 }, // U+04DA
    { 0x04DB, 128 }, // U+04DB
    { 0x04DD, 93 }, // U+04DD
    { 0x04DE, 78 }, // U+04DE
    { 0x04DF, 94 }, // U+04DF
    { 0x04E0, 129 }, // U+04E0
    { 0x04E1, 130 }, // U+04E1
    { 0x04E6, 80 }, // U+04E6
    { 0x04E7, 96 }, // U+04E7
    { 0x04E8, 80 }, // U+04E8
    { 0x04E9, 96 }, // U+04E9
    { 0x04EA, 80 }, // U+04EA
    { 0x04EB, 96 }, // U+04EB
    { 0x04EC, 86 }, // U+04EC
    { 0x04ED, 94 }, // U+04ED
    { 0x04EE, 74 }, // U+04EE
    { 0x04EF, 100 }, // U+04EF
    { 0x04F0, 74 }, // U+04F0
    { 0x04F1, 100 }, // U+04F1
    { 0x04F2, 74 }, // U+04F2
    { 0x04F3, 100 }, // U+04F3
    { 0x04F6, 69 }, // U+04F6
    { 0x04F7, 90 }, // U+04F7
    { 0x1EA0, 131 }, // U+1EA0
    { 0x1EA1, 132 }, // U+1EA1
    { 0x1EA2, 131 }, // U+1EA2
    { 0x1EA3, 132 }, // U+1EA3
    { 0x1EA4, 131 }, // U+1EA4
    { 0x1EA5, 132 }, // U+1EA5
    { 0x1EA6, 131 }, // U+1EA6
    { 0x1EA7, 132 }, // U+1EA7
    { 0x1EA8, 131 }, // U+1EA8
    { 0x1EA9, 132 }, // U+1EA9
    { 0x1EAA, 131 }, // U+1EAA
    { 0x1EAB, 132 }, // U+1EAB
    { 0x1EAC, 131 }, // U+1EAC
    { 0x1EAD, 132 }, // U+1EAD
    { 0x1EAE, 131 }, // U+1EAE
    { 0x1EAF, 132 }, // U+1EAF
    { 0x1EB0, 131 }, // U+1EB0
    { 0x1EB1, 132 }, // U+1EB1
    { 0x1EB2, 131 }, // U+1EB2
    { 0x1EB3, 132 }, // U+1EB3
    { 0x1EB4, 131 }, // U+1EB4
    { 0x1EB5, 132 }, // U+1EB5
    { 0x1EB6, 131 }, // U+1EB6
    { 0x1EB7, 132 }, // U+1EB7
    { 0x1EB8, 133 }, // U+1EB8
    { 0x1EB9, 134 }, // U+1EB9
    { 0x1EBA, 133 }, // U+1EBA
    { 0x1EBB, 134 }, // U+1EBB
    { 0x1EBC, 133 }, // U+1EBC
    { 0x1EBD, 134 }, // U+1EBD
    { 0x1EBE, 133 }, // U+1EBE
    { 0x1EBF, 134 }, // U+1EBF
    { 0x1EC0, 133 }, // U+1EC0
    { 0x1EC1, 134 }, // U+1EC1
    { 0x1EC2, 133 }, // U+1EC2
    { 0x1EC3, 134 }, // U+1EC3
    { 0x1EC4, 133 }, // U+1EC4
    { 0x1EC5, 134 }, // U+1EC5
    { 0x1EC6, 133 }, // U+1EC6
    { 0x1EC7, 134 }, // U+1EC7
    { 0x1ECC, 135 }, // U+1ECC
    { 0x1ECD, 136 }, // U+1ECD
    { 0x1ECE, 135 }, // U+1ECE
    { 0x1ECF, 136 }, // U+1ECF
    { 0x1ED0, 135 }, // U+1ED0
    { 0x1ED1, 136 }, // U+1ED1
    { 0x1ED2, 135 }, // U+1ED2
    { 0x1ED3, 136 }, // U+1ED3
    { 0x1ED4, 135 }, // U+1ED4
    { 0x1ED5, 136 }, // U+1ED5
    { 0x1ED6, 135 }, // U+1ED6
    { 0x1ED7, 136 }, // U+1ED7
    { 0x1ED8, 135 }, // U+1ED8
    { 0x1ED9, 136 }, // U+1ED9
    { 0x1EDB, 137 }, // U+1EDB
    { 0x1EDD, 137 }, // U+1EDD
    { 0x1EDF, 137 }, // U+1EDF
    { 0x1EE1, 137 }, // U+1EE1
    { 0x1EE3, 137 }, // U+1EE3
    { 0x1EE4, 138 }, // U+1EE4
    { 0x1EE5, 139 }, // U+1EE5
    { 0x1EE6, 138 }, // U+1EE6
    { 0x1EE7, 139 }, // U+1EE7
    { 0x1EE8, 140 }, // U+1EE8
    { 0x1EE9, 141 }, // U+1EE9
    { 0x1EEA, 140 }, // U+1EEA
    { 0x1EEB, 141 }, // U+1EEB
    { 0x1EEC, 140 }, // U+1EEC
    { 0x1EED, 141 }, // U+1EED
    { 0x1EEE, 140 }, // U+1EEE
    { 0x1EEF, 141 }, // U+1EEF
    { 0x1EF0, 140 }, // U+1EF0
    { 0x1EF1, 141 }, // U+1EF1
    { 0x1EF2, 30 }, // U+1EF2
    { 0x1EF4, 142 }, // U+1EF4
    { 0x1EF5, 143 }, // U+1EF5
    { 0x1EF6, 142 }, // U+1EF6
    { 0x1EF7, 143 }, // U+1EF7
    { 0x1EF8, 142 }, // U+1EF8
    { 0x1EF9, 143 }, // U+1EF9
    { 0x2011, 144 }, // U+2011
    { 0x2012, 144 }, // U+2012
    { 0x2013, 6 }, // U+2013
    { 0x2014, 6 }, // U+2014
    { 0x2018, 145 }, // U+2018
    { 0x201A, 146 }, // U+201A
    { 0x201C, 145 }, // U+201C
    { 0x201E, 146 }, // U+201E
    { 0x2026, 5 }, // U+2026
    { 0x2039, 54 }, // U+2039
    { 0x203A, 55 }, // U+203A
    { 0xFB00, 37 }, // U+FB00
};

static const EpdKernClassEntry ubuntu_10_regularKernRightClasses[] = {
    { 0x0021, 1 }, // !
    { 0x0022, 2 }, // "
    { 0x0027, 2 }, // '
    { 0x0028, 3 }, // (
    { 0x0029, 4 }, // )
    { 0x002A, 5 }, // *
    { 0x002C, 6 }, // ,
    { 0x002D, 7 }, // -
    { 0x002E, 6 }, // .
    { 0x002F, 8 }, // /
    { 0x003A, 9 }, // :
    { 0x003B, 9 }, // ;
    { 0x003F, 10 }, // ?
    { 0x0040, 11 }, // @
    { 0x0041, 12 }, // A
    { 0x0043, 13 }, // C
    { 0x0047, 14 }, // G
    { 0x004A, 15 }, // J
    { 0x004D, 16 }, // M
    { 0x004F, 17 }, // O
    { 0x0051, 18 }, // Q
    { 0x0053, 19 }, // S
    { 0x0054, 20 }, // T
    { 0x0055, 21 }, // U
    { 0x0056, 22 }, // V
    { 0x0057, 23 }, // W
    { 0x0058, 24 }, // X
    { 0x0059, 25 }, // Y
    { 0x005A, 26 }, // Z
    { 0x005B, 27 }, // [
    { 0x005C, 28 }, // <backslash>
    { 0x005D, 29 }, // ]
    { 0x0061, 30 }, // a
    { 0x0062, 31 }, // b
    { 0x0063, 32 }, // c
    { 0x0064, 33 }, // d
    { 0x0065, 34 }, // e
    { 0x0066, 35 }, // f
    { 0x0067, 36 }, // g
    { 0x0068, 31 }, // h
    { 0x0069, 37 }, // i
    { 0x006A, 38 }, // j
    { 0x006B, 31 }, // k
    { 0x006C, 39 }, // l
    { 0x006D, 40 }, // m
    { 0x006E, 40 }, // n
    { 0x006F, 41 }, // o
    { 0x0070, 40 }, // p
    { 0x0071, 42 }, // q
    { 0x0072, 40 }, // r
    { 0x0073, 43 }, // s
    { 0x0074, 44 }, // t
    { 0x0075, 45 }, // u
    { 0x0076, 46 }, // v
    { 0x0077, 47 }, // w
    { 0x0078, 48 }, // x
    { 0x0079, 49 }, // y
    { 0x007A, 50 }, // z
    { 0x007B, 51 }, // {
    { 0x007D, 52 }, // }
    { 0x00AB, 53 }, // U+00AB
    { 0x00BB, 54 }, // U+00BB
    { 0x00C0, 12 }, // U+00C0
    { 0x00C1, 12 }, // U+00C1
    { 0x00C2, 12 }, // U+00C2
    { 0x00C3, 12 }, // U+00C3
    { 0x00C4, 12 }, // U+00C4
    { 0x00C5, 12 }, // U+00C5
    { 0x00C6, 55 }, // U+00C6
    { 0x00C7, 13 }, // U+00C7
    { 0x00D2, 17 }, // U+00D2
    { 0x00D3, 17 }, // U+00D3
    { 0x00D4, 17 }, // U+00D4
    { 0x00D5, 17 }, // U+00D5
    { 0x00D6, 17 }, // U+00D6
    { 0x00D8, 17 }, // U+00D8
    { 0x00D9, 21 }, // U+00D9
    { 0x00DA, 21 }, // U+00DA
    { 0x00DB, 21 }, // U+00DB
    { 0x00DC, 21 }, // U+00DC
    { 0x00DD, 25 }, // U+00DD
    { 0x00DF, 56 }, // U+00DF
    { 0x00E0, 30 }, // U+00E0
    { 0x00E1, 30 }, // U+00E1
    { 0x00E2, 30 }, // U+00E2
    { 0x00E3, 30 }, // U+00E3
    { 0x00E4, 30 }, // U+00E4
    { 0x00E5, 30 }, // U+00E5
    { 0x00E6, 30 }, // U+00E6
    { 0x00E7, 32 }, // U+00E7
    { 0x00E8, 34 }, // U+00E8
    { 0x00E9, 34 }, // U+00E9
    { 0x00EA, 34 }, // U+00EA
    { 0x00EB, 34 }, // U+00EB
    { 0x00EC, 57 }, // U+00EC
    { 0x00ED, 37 }, // U+00ED
    { 0x00EE, 58 }, // U+00EE
    { 0x00EF, 59 }, // U+00EF
    { 0x00F0, 60 }, // U+00F0
    { 0x00F1, 40 }, // U+00F1
    { 0x00F2, 41 }, // U+00F2
    { 0x00F3, 41 }, // U+00F3
    { 0x00F4, 41 }, // U+00F4
    { 0x00F5, 41 }, // U+00F5
    { 0x00F6, 41 }, // U+00F6
    { 0x00F8, 41 }, // U+00F8
    { 0x00F9, 45 }, // U+00F9
    { 0x00FA, 45 }, // U+00FA
    { 0x00FB, 45 }, // U+00FB
    { 0x00FC, 45 }, // U+00FC
    { 0x00FD, 49 }, // U+00FD
    { 0x00FE, 56 }, // U+00FE
    { 0x00FF, 49 }, // U+00FF
    { 0x0100, 12 }, // U+0100
    { 0x0101, 30 }, // U+0101
    { 0x0102, 12 }, // U+0102
    { 0x0103, 30 }, // U+0103
    { 0x0104, 12 }, // U+0104
    { 0x0105, 30 }, // U+0105
    { 0x0106, 13 }, // U+0106
    { 0x0107, 32 }, // U+0107
    { 0x0108, 13 }, // U+0108
    { 0x0109, 32 }, // U+0109
    { 0x010A, 13 }, // U+010A
    { 0x010B, 32 }, // U+010B
    { 0x010C, 13 }, // U+010C
    { 0x010D, 32 }, // U+010D
    { 0x010F, 33 }, // U+010F
    { 0x0111, 33 }, // U+0111
    { 0x0113, 34 }, // U+0113
    { 0x0115, 34 }, // U+0115
    { 0x0117, 34 }, // U+0117
    { 0x0119, 34 }, // U+0119
    { 0x011B, 34 }, // U+011B
    { 0x011C, 14 }, // U+011C
    { 0x011D, 36 }, // U+011D
    { 0x011E, 14 }, // U+011E
    { 0x011F, 36 }, // U+011F
    { 0x0120, 14 }, // U+0120
    { 0x0121, 36 }, // U+0121
    { 0x0122, 14 }, // U+0122
    { 0x0123, 36 }, // U+0123
    { 0x0125, 31 }, // U+0125
    { 0x0127, 31 }, // U+0127
    { 0x0129, 61 }, // U+0129
    { 0x012B, 62 }, // U+012B
    { 0x012D, 63 }, // U+012D
    { 0x012F, 37 }, // U+012F
    { 0x0131, 37 }, // U+0131
    { 0x0133, 37 }, // U+0133
    { 0x0134, 15 }, // U+0134
    { 0x0135, 38 }, // U+0135
    { 0x0137, 31 }, // U+0137
    { 0x013A, 39 }, // U+013A
    { 0x013C, 39 }, // U+013C
    { 0x013E, 39 }, // U+013E
    { 0x0140, 39 }, // U+0140
    { 0x0142, 39 }, // U+0142
    { 0x0144, 40 }, // U+0144
    { 0x0146, 40 }, // U+0146
    { 0x0148, 40 }, // U+0148
    { 0x0149, 40 }, // U+0149
    { 0x014A, 64 }, // U+014A
    { 0x014B, 65 }, // U+014B
    { 0x014C, 17 }, // U+014C
    { 0x014D, 41 }, // U+014D
    { 0x014E, 17 }, // U+014E
    { 0x014F, 41 }, // U+014F
    { 0x0150, 17 }, // U+0150
    { 0x0151, 41 }, // U+0151
    { 0x0152, 17 }, // U+0152
    { 0x0153, 41 }, // U+0153
    { 0x0155, 40 }, // U+0155
    { 0x0157, 40 }, // U+0157
    { 0x0159, 40 }, // U+0159
    { 0x015A, 19 }, // U+015A
    { 0x015B, 43 }, // U+015B
    { 0x015C, 19 }, // U+015C
    { 0x015D, 43 }, // U+015D
    { 0x015E, 19 }, // U+015E
    { 0x015F, 43 }, // U+015F
    { 0x0160, 19 }, // U+0160
    { 0x0161, 43 }, // U+0161
    { 0x0162, 20 }, // U+0162
    { 0x0163, 44 }, // U+0163
    { 0x0164, 20 }, // U+0164
    { 0x0165, 44 }, // U+0165
    { 0x0166, 20 }, // U+0166
    { 0x0167, 44 }, // U+0167
    { 0x0168, 21 }, // U+0168
    { 0x0169, 45 }, // U+0169
    { 0x016A, 21 }, // U+016A
    { 0x016B, 45 }, // U+016B
    { 0x016C, 21 }, // U+016C
    { 0x016D, 45 }, // U+016D
    { 0x016E, 21 }, // U+016E
    { 0x016F, 45 }, // U+016F
    { 0x0170, 21 }, // U+0170
    { 0x0171, 45 }, // U+0171
    { 0x0172, 21 }, // U+0172
    { 0x0173, 45 }, // U+0173
    { 0x0174, 23 }, // U+0174
    { 0x0175, 47 }, // U+0175
    { 0x0176, 25 }, // U+0176
    { 0x0177, 49 }, // U+0177
    { 0x0178, 25 }, // U+0178
    { 0x0179, 26 }, // U+0179
    { 0x017A, 50 }, // U+017A
    { 0x017B, 26 }, // U+017B
    { 0x017C, 50 }, // U+017C
    { 0x017D, 26 }, // U+017D
    { 0x017E, 50 }, // U+017E
    { 0x017F, 35 }, // U+017F
    { 0x01A0, 17 }, // U+01A0
    { 0x01A1, 41 }, // U+01A1
    { 0x01AF, 21 }, // U+01AF
    { 0x01B0, 45 }, // U+01B0
    { 0x01C6, 33 }, // U+01C6
    { 0x01C9, 39 }, // U+01C9
    { 0x01CC, 40 }, // U+01CC
    { 0x01CD, 12 }, // U+01CD
    { 0x01CE, 30 }, // U+01CE
    { 0x01D0, 37 }, // U+01D0
    { 0x01D1, 17 }, // U+01D1
    { 0x01D2, 41 }, // U+01D2
    { 0x01D3, 21 }, // U+01D3
    { 0x01D4, 45 }, // U+01D4
    { 0x01D5, 21 }, // U+01D5
    { 0x01D6, 45 }, // U+01D6
    { 0x01D7, 21 }, // U+01D7
    { 0x01D8, 45 }, // U+01D8
    { 0x01D9, 21 }, // U+01D9
    { 0x01DA, 45 }, // U+01DA
    { 0x01DB, 21 }, // U+01DB
    { 0x01DC, 45 }, // U+01DC
    { 0x01DD, 66 }, // U+01DD
    { 0x01DE, 12 }, // U+01DE
    { 0x01DF, 30 }, // U+01DF
    { 0x01E0, 12 }, // U+01E0
    { 0x01E1, 30 }, // U+01E1
    { 0x01E2, 55 }, // U+01E2
    { 0x01E3, 30 }, // U+01E3
    { 0x01E4, 14 }, // U+01E4
    { 0x01E5, 36 }, // U+01E5
    { 0x01E6, 14 }, // U+01E6
    { 0x01E7, 36 }, // U+01E7
    { 0x01E9, 31 }, // U+01E9
    { 0x01EA, 17 }, // U+01EA
    { 0x01EB, 41 }, // U+01EB
    { 0x01EC, 17 }, // U+01EC
    { 0x01ED, 41 }, // U+01ED
    { 0x01EE, 67 }, // U+01EE
    { 0x01EF, 68 }, // U+01EF
    { 0x01F0, 38 }, // U+01F0
    { 0x01F3, 33 }, // U+01F3
    { 0x01F4, 14 }, // U+01F4
    { 0x01F5, 36 }, // U+01F5
    { 0x01F7, 56 }, // U+01F7
    { 0x01F9, 40 }, // U+01F9
    { 0x01FA, 12 }, // U+01FA
    { 0x01FB, 30 }, // U+01FB
    { 0x01FC, 55 }, // U+01FC
    { 0x01FD, 30 }, // U+01FD
    { 0x01FE, 17 }, // U+01FE
    { 0x01FF, 41 }, // U+01FF
    { 0x0200, 12 }, // U+0200
    { 0x0201, 30 }, // U+0201
    { 0x0202, 12 }, // U+0202
    { 0x0203, 30 }, // U+0203
    { 0x0205, 34 }, // U+0205
    { 0x0207, 34 }, // U+0207
    { 0x0209, 37 }, // U+0209
    { 0x020B, 37 }, // U+020B
    { 0x020C, 17 }, // U+020C
    { 0x020D, 41 }, // U+020D
    { 0x020E, 17 }, // U+020E
    { 0x020F, 41 }, // U+020F
    { 0x0211, 40 }, // U+0211
    { 0x0213, 40 }, // U+0213
    { 0x0214, 21 }, // U+0214
    { 0x0215, 45 }, // U+0215
    { 0x0216, 21 }, // U+0216
    { 0x0217, 45 }, // U+0217
    { 0x0218, 19 }, // U+0218
    { 0x0219, 43 }, // U+0219
    { 0x021A, 20 }, // U+021A
    { 0x021B, 44 }, // U+021B
    { 0x021C, 69 }, // U+021C
    { 0x021D, 70 }, // U+021D
    { 0x021F, 31 }, // U+021F
    { 0x0402, 71 }, // U+0402
    { 0x0404, 72 }, // U+0404
    { 0x0405, 73 }, // U+0405
    { 0x0408, 74 }, // U+0408
    { 0x0409, 75 }, // U+0409
    { 0x040B, 71 }, // U+040B
    { 0x040E, 76 }, // U+040E
    { 0x0410, 77 }, // U+0410
    { 0x0414, 78 }, // U+0414
    { 0x0416, 79 }, // U+0416
    { 0x0417, 80 }, // U+0417
    { 0x041B, 75 }, // U+041B
    { 0x041C, 81 }, // U+041C
    { 0x041E, 82 }, // U+041E
    { 0x0421, 72 }, // U+0421
    { 0x0422, 71 }, // U+0422
    { 0x0423, 76 }, // U+0423
    { 0x0424, 83 }, // U+0424
    { 0x0425, 84 }, // U+0425
    { 0x0427, 85 }, // U+0427
    { 0x042A, 71 }, // U+042A
    { 0x042D, 86 }, // U+042D
    { 0x042F, 87 }, // U+042F
    { 0x0430, 88 }, // U+0430
    { 0x0431, 89 }, // U+0431
    { 0x0432, 90 }, // U+0432
    { 0x0433, 91 }, // U+0433
    { 0x0434, 92 }, // U+0434
    { 0x0435, 93 }, // U+0435
    { 0x0436, 94 }, // U+0436
    { 0x0437, 95 }, // U+0437
    { 0x0438, 91 }, // U+0438
    { 0x0439, 91 }, // U+0439
    { 0x043A, 91 }, // U+043A
    { 0x043B, 96 }, // U+043B
    { 0x043C, 97 }, // U+043C
    { 0x043D, 91 }, // U+043D
    { 0x043E, 98 }, // U+043E
    { 0x043F, 91 }, // U+043F
    { 0x0440, 99 }, // U+0440
    { 0x0441, 100 }, // U+0441
    { 0x0442, 101 }, // U+0442
    { 0x0443, 102 }, // U+0443
    { 0x0444, 103 }, // U+0444
    { 0x0445, 104 }, // U+0445
    { 0x0446, 91 }, // U+0446
    { 0x0447, 105 }, // U+0447
    { 0x0448, 91 }, // U+0448
    { 0x0449, 106 }, // U+0449
    { 0x044A, 107 }, // U+044A
    { 0x044B, 91 }, // U+044B
    { 0x044C, 91 }, // U+044C
    { 0x044D, 108 }, // U+044D
    { 0x044E, 90 }, // U+044E
    { 0x044F, 109 }, // U+044F
    { 0x0450, 93 }, // U+0450
    { 0x0451, 93 }, // U+0451
    { 0x0452, 110 }, // U+0452
    { 0x0453, 91 }, // U+0453
    { 0x0454, 111 }, // U+0454
    { 0x0455, 112 }, // U+0455
    { 0x0456, 113 }, // U+0456
    { 0x0457, 114 }, // U+0457
    { 0x0458, 115 }, // U+0458
    { 0x0459, 96 }, // U+0459
    { 0x045A, 91 }, // U+045A
    { 0x045B, 116 }, // U+045B
    { 0x045C, 91 }, // U+045C
    { 0x045D, 91 }, // U+045D
    { 0x045E, 102 }, // U+045E
    { 0x045F, 106 }, // U+045F
    { 0x0462, 71 }, // U+0462
    { 0x0463, 117 }, // U+0463
    { 0x0472, 82 }, // U+0472
    { 0x0473, 98 }, // U+0473
    { 0x0474, 76 }, // U+0474
    { 0x0475, 102 }, // U+0475
    { 0x048B, 91 }, // U+048B
    { 0x048D, 118 }, // U+048D
    { 0x048F, 99 }, // U+048F
    { 0x0491, 91 }, // U+0491
    { 0x0493, 91 }, // U+0493
    { 0x0495, 91 }, // U+0495
    { 0x0496, 79 }, // U+0496
    { 0x0497, 94 }, // U+0497
    { 0x0498, 80 }, // U+0498
    { 0x0499, 95 }, // U+0499
    { 0x049B, 91 }, // U+049B
    { 0x049D, 91 }, // U+049D
    { 0x049F, 91 }, // U+049F
    { 0x04A1, 91 }, // U+04A1
    { 0x04A3, 91 }, // U+04A3
    { 0x04A5, 91 }, // U+04A5
    { 0x04A7, 91 }, // U+04A7
    { 0x04A8, 119 }, // U+04A8
    { 0x04A9, 120 }, // U+04A9
    { 0x04AA, 72 }, // U+04AA
    { 0x04AB, 100 }, // U+04AB
    { 0x04AC, 71 }, // U+04AC
    { 0x04AD, 101 }, // U+04AD
    { 0x04AE, 121 }, // U+04AE
    { 0x04AF, 122 }, // U+04AF
    { 0x04B0, 121 }, // U+04B0
    { 0x04B1, 122 }, // U+04B1
    { 0x04B2, 84 }, // U+04B2
    { 0x04B3, 104 }, // U+04B3
    { 0x04B4, 71 }, // U+04B4
    { 0x04B5, 101 }, // U+04B5
    { 0x04B6, 85 }, // U+04B6
    { 0x04B7, 105 }, // U+04B7
    { 0x04B8, 85 }, // U+04B8
    { 0x04B9, 105 }, // U+04B9
    { 0x04BB, 123 }, // U+04BB
    { 0x04BC, 124 }, // U+04BC
    { 0x04BD, 125 }, // U+04BD
    { 0x04BE, 124 }, // U+04BE
    { 0x04BF, 125 }, // U+04BF
    { 0x04C1, 79 }, // U+04C1
    { 0x04C2, 94 }, // U+04C2
    { 0x04C4, 91 }, // U+04C4
    { 0x04C5, 75 }, // U+04C5
    { 0x04C6, 96 }, // U+04C6
    { 0x04C8, 91 }, // U+04C8
    { 0x04CA, 91 }, // U+04CA
    { 0x04CB, 85 }, // U+04CB
    { 0x04CC, 105 }, // U+04CC
    { 0x04CE, 97 }, // U+04CE
    { 0x04D0, 77 }, // U+04D0
    { 0x04D1, 88 }, // U+04D1
    { 0x04D2, 77 }, // U+04D2
    { 0x04D3, 88 }, // U+04D3
    { 0x04D5, 126 }, // U+04D5
    { 0x04D7, 93 }, // U+04D7
    { 0x04D8, 127 }, // U+04D8
    { 0x04D9, 128 }, // U+04D9
    { 0x04DA, 127 }, // U+04DA
    { 0x04DB, 128 }, // U+04DB
    { 0x04DC, 79 }, // U+04DC
    { 0x04DD, 94 }, // U+04DD
    { 0x04DE, 80 }, // U+04DE
    { 0x04DF, 129 }, // U+04DF
    { 0x04E0, 130 }, // U+04E0
    { 0x04E1, 131 }, // U+04E1
    { 0x04E3, 91 }, // U+04E3
    { 0x04E5, 91 }, // U+04E5
    { 0x04E6, 82 }, // U+04E6
    { 0x04E7, 98 }, // U+04E7
    { 0x04E8, 82 }, // U+04E8
    { 0x04E9, 98 }, // U+04E9
    { 0x04EA, 82 }, // U+04EA
    { 0x04EB, 98 }, // U+04EB
    { 0x04EC, 86 }, // U+04EC
    { 0x04ED, 132 }, // U+04ED
    { 0x04EE, 76 }, // U+04EE
    { 0x04EF, 102 }, // U+04EF
    { 0x04F0, 76 }, // U+04F0
    { 0x04F1, 102 }, // U+04F1
    { 0x04F2, 76 }, // U+04F2
    { 0x04F3, 102 }, // U+04F3
    { 0x04F4, 85 }, // U+04F4
    { 0x04F5, 105 }, // U+04F5
    { 0x04F7, 91 }, // U+04F7
    { 0x04F9, 91 }, // U+04F9
    { 0x1EA0, 133 }, // U+1EA0
    { 0x1EA1, 134 }, // U+1EA1
    { 0x1EA2, 133 }, // U+1EA2
    { 0x1EA3, 134 }, // U+1EA3
    { 0x1EA4, 133 }, // U+1EA4
    { 0x1EA5, 134 }, // U+1EA5
    { 0x1EA6, 133 }, // U+1EA6
    { 0x1EA7, 134 }, // U+1EA7
    { 0x1EA8, 133 }, // U+1EA8
    { 0x1EA9, 134 }, // U+1EA9
    { 0x1EAA, 133 }, // U+1EAA
    { 0x1EAB, 134 }, // U+1EAB
    { 0x1EAC, 133 }, // U+1EAC
    { 0x1EAD, 134 }, // U+1EAD
    { 0x1EAE, 133 }, // U+1EAE
    { 0x1EAF, 134 }, // U+1EAF
    { 0x1EB0, 133 }, // U+1EB0
    { 0x1EB1, 134 }, // U+1EB1
    { 0x1EB2, 133 }, // U+1EB2
    { 0x1EB3, 134 }, // U+1EB3
    { 0x1EB4, 133 }, // U+1EB4
    { 0x1EB5, 134 }, // U+1EB5
    { 0x1EB6, 133 }, // U+1EB6
    { 0x1EB7, 134 }, // U+1EB7
    { 0x1EB9, 135 }, // U+1EB9
    { 0x1EBB, 135 }, // U+1EBB
    { 0x1EBD, 135 }, // U+1EBD
    { 0x1EBF, 135 }, // U+1EBF
    { 0x1EC1, 135 }, // U+1EC1
    { 0x1EC3, 135 }, // U+1EC3
    { 0x1EC5, 135 }, // U+1EC5
    { 0x1EC7, 135 }, // U+1EC7
    { 0x1EC9, 136 }, // U+1EC9
    { 0x1ECB, 136 }, // U+1ECB
    { 0x1ECC, 137 }, // U+1ECC
    { 0x1ECD, 135 }, // U+1ECD
    { 0x1ECE, 137 }, // U+1ECE
    { 0x1ECF, 135 }, // U+1ECF
    { 0x1ED0, 137 }, // U+1ED0
    { 0x1ED1, 135 }, // U+1ED1
    { 0x1ED2, 137 }, // U+1ED2
    { 0x1ED3, 135 }, // U+1ED3
    { 0x1ED4, 137 }, // U+1ED4
    { 0x1ED5, 135 }, // U+1ED5
    { 0x1ED6, 137 }, // U+1ED6
    { 0x1ED7, 135 }, // U+1ED7
    { 0x1ED8, 137 }, // U+1ED8
    { 0x1ED9, 135 }, // U+1ED9
    { 0x1EDA, 137 }, // U+1EDA
    { 0x1EDB, 135 }, // U+1EDB
    { 0x1EDC, 137 }, // U+1EDC
    { 0x1EDD, 135 }, // U+1EDD
    { 0x1EDE, 137 }, // U+1EDE
    { 0x1EDF, 135 }, // U+1EDF
    { 0x1EE0, 137 }, // U+1EE0
    { 0x1EE1, 135 }, // U+1EE1
    { 0x1EE2, 137 }, // U+1EE2
    { 0x1EE3, 135 }, // U+1EE3
    { 0x1EE4, 138 }, // U+1EE4
    { 0x1EE5, 139 }, // U+1EE5
    { 0x1EE6, 138 }, // U+1EE6
    { 0x1EE7, 139 }, // U+1EE7
    { 0x1EE8, 138 }, // U+1EE8
    { 0x1EE9, 139 }, // U+1EE9
    { 0x1EEA, 138 }, // U+1EEA
    { 0x1EEB, 139 }, // U+1EEB
    { 0x1EEC, 138 }, // U+1EEC
    { 0x1EED, 139 }, // U+1EED
    { 0x1EEE, 138 }, // U+1EEE
    { 0x1EEF, 139 }, // U+1EEF
    { 0x1EF0, 138 }, // U+1EF0
    { 0x1EF1, 139 }, // U+1EF1
    { 0x1EF2, 25 }, // U+1EF2
    { 0x1EF3, 49 }, // U+1EF3
    { 0x1EF4, 140 }, // U+1EF4
    { 0x1EF5, 141 }, // U+1EF5
    { 0x1EF6, 140 }, // U+1EF6
    { 0x1EF7, 141 }, // U+1EF7
    { 0x1EF8, 140 }, // U+1EF8
    { 0x1EF9, 141 }, // U+1EF9
    { 0x2011, 142 }, // U+2011
    { 0x2012, 142 }, // U+2012
    { 0x2013, 7 }, // U+2013
    { 0x2014, 7 }, // U+2014
    { 0x2018, 143 }, // U+2018
    { 0x2019, 144 }, // U+2019
    { 0x201A, 145 }, // U+201A
    { 0x201C, 143 }, // U+201C
    { 0x201D, 144 }, // U+201D
    { 0x201E, 145 }, // U+201E
    { 0x2026, 6 }, // U+2026
    { 0x2039, 53 }, // U+2039
    { 0x203A, 54 }, // U+203A
    { 0x2047, 146 }, // U+2047
    { 0x2048, 146 }, // U+2048
    { 0xFB00, 35 }, // U+FB00
    { 0xFB01, 35 }, // U+FB01
    { 0xFB02, 35 }, // U+FB02
    { 0xFB03, 35 }, // U+FB03
    { 0xFB04, 35 }, // U+FB04
};

static const int8_t ubuntu_10_regularKernMatrix[] = {
       0,    0,    0,    0,    0,    0,    0,    0,    0,    0,    0,  -26,   -8,   -8,  -41,    0,   -8,   -8,    0,    0,    0,    4,    3,    0,    0,   -4,    0,    0,    0,    0,    0,    0,    0,    0,    0,    0,    0,    0,    0,    0,    0,    0,    0,    0,    0,    0,    0,    0,    0,    0,    0,    0,    0,    0,  -45,    0,    0,    0,    0,    0,    0,    0,    0,    0,    0,    0,    0,    0,    0,    0,    0,   -8,    0,  -38,  -24,    0,  -26,  -23,    0,    0,    0,   -8,   -8,    0,    0,    0,    0,    0,    0,    0,    0,    0,    0,    0,    0,    0,    0,    0,    0,    0,    0,    0,    0,    0,    0,    0,    0,    0,    0,    0,    0,    0,    0,    0,    0,    0,    0,    0,   -9,    0,    0,    0,    0,    0,    0,    0,  -11,    0,    0,   -4,    0,    0,    0,    0,    0,    0,    0,    0,    0,    0,    0,    0,    0,    0,    0,    0,
       0,    0,    0,   27,    0,    0,    0,    0,    0,    0,    0,    0,  -10,  -10,    0,    0,  -10,  -10,   -6,    4,   -3,    5,    0,    0,    6,    0,    0,    0,    0,    0,    0,    0,    0,    0,    0,    0,    0,    0,    0,    0,    0,    0,    0,    0,    0,    0,    0,    0,    0,    0,    0,    0,    0,    0,    0,    0,    0,    0,    0,    0,    0,    0,    0,    0,    0,    0,    0,    0,    0,    0,    4,  -10,   -4,    0,    0,    0,    0,    9,    0,    0,    0,  -10,  -10,    0,    0,    0,    0,    0,    0,    0,    0,    0,    0,    0,    0,    0,    0,    0,    0,    0,    0,    0,    0,    0,    0,    0,    0,    0,    0,    0,    0,    0,    0,    0,    0,    0,    0,    0,  -15,    0,    6,    0,    0,   -4,    0,    0,   -7,    0,    0,    0,    0,    0,    0,    0,    0,    0,    0,    0,    0,    0,    0,    0,    0,    0,    0,    0,
       0,    0,    0,    0,    0,    0,    0,    0,    0,    0,    0,   -7,   -4,   -4,   -4,    0,   -4,   -4,   -4,   -9,    0,  -11,   -6,   -9,  -14,   -7,    0,    0,    0,    0,    0,    0,    0,    0,    0,    0,    0,    0,    0,    0,    0,    0,    0,    0,    0,    0,    0,    0,    0,    0,    0,    0,    0,    0,   -7,    0,    0,    0,    0,    0,    0,    0,    0,    0,    0,    0,    0,    0,    0,    0,   -9,   -4,   -5,    0,    0,   -9,   -7,    0,   -7,   -6,    0,   -4,   -4,   -9,   -6,   -6,   -6,    0,    0,    0,    0,    0,    0,    0,    0,    0,    0,    0,    0,    0,    0,    0,    0,    0,    0,    0,    0,    0,    0,    0,    0,    0,    0,    0,    0,    0,    0,    0,   -5,    0,  -14,    0,    0,    0,    0,    0,   -4,    0,    0,   -6,    0,    0,    0,    0,    0,    0,    0,    0,    0,    0,    0,    0,    0,    0,    0,    0,
       0,    0,    0,    0,    0,    0,    0,    0,    0,    0,    0,  -21,   -3,   -3,  -41,    0,    0,    0,    0,    0,    0,    0,    0,   -8,    0,    0,    0,    0,    0,    0,    0,    0,    0,    0,    0,    0,    0,    0,    0,    0,    0,    0,    0,    0,    0,    0,    0,    0,    0,    0,    0,    0,    0,    0,  -32,    0,    0,    0,    0,    0,    0,    0,    0,    0,    0,    0,    0,    0,    0,    0,    0,   -3,    0,  -37,  -25,    0,  -21,  -24,  -10,   -5,    0,    0,    0,   -8,    0,    0,    0,    0,    0,    0,    0,    0,    0,    0,    0,    0,    0,    0,    0,    0,    0,    0,    0,    0,    0,    0,    0,    0,    0,    0,    0,    0,    0,    0,    0,    0,    0,    0,    0,    0,    0,    0,    0,    0,    0,    0,   -6,    0,    0,   -6,    0,    0,    0,    0,    0,    0,    0,    0,    0,    0,    0,    0,    0,    0,    0,    0,
       0,    0,    0,    0,    0,    0,    0,    0,    0,    0,    0,    8,  -10,  -10,    9,    0,  -11,  -11,    5,  -23,   -8,  -26,  -13,    3,  -27,    6,    0,    0,    0,    0,    0,    0,    0,    0,    0,    0,    0,    0,    0,    0,    0,    0,    0,    0,    0,    0,    0,    0,    0,    0,    0,    0,    0,    0,    6,    0,    0,    0,    0,    0,    0,    0,    0,    0,    0,    0,    0,    0,    0,    0,  -23,  -10,    0,    0,    0,    0,    8,    6,    0,    0,    0,  -11,  -11,    3,  -39,    0,    0,    0,    0,    0,    0,    0,    0,    0,    0,    0,    0,    0,    0,    0,    0,    0,    0,    0,    0,    0,    0,    0,    0,    0,    0,    0,    0,    0,    0,    0,    0,    0,  -14,    0,  -27,    0,    0,  -34,    0,    0,  -10,    0,    0,    0,    0,    0,    0,    0,    0,    0,    0,    0,    0,    0,    0,    0,    0,    0,    0,    0,
       0,    0,    0,    0,    0,    0,    0,    0,    0,    0,    0,    0,    0,    0,   -9,    0,    0,    0,    0,  -17,    0,   -4,    0,  -10,  -17,   -5,    0,    0,    0,    0,    0,    0,    0,    0,    0,    0,    0,    0,    0,    0,    0,    0,    0,    0,    0,    0,    0,    0,    0,    0,    0,    0,    0,    0,   -5,    0,    0,    0,    0,    0,    0,    0,    0,    0,    0,    0,    0,    0,    0,    0,  -17,    5,   -4,   -7,  -11,  -14,    0,   -7,  -13,   -5,    0,    5,    0,  -10,    0,   -6,    0,    0,    0,    0,    0,    0,    0,    0,    0,    0,    0,    0,    0,    0,    0,    0,    0,    0,    0,    0,    0,    0,    0,    0,    0,    0,    0,    0,    0,    0,    0,    0,    5,    0,  -17,    0,    0,    0,    0,    0,    5,    0,    0,   -8,    0,    0,    0,    0,    0,    0,    0,    0,    0,    0,    0,    0,    0,    0,    0,    0,
       0,    0,    0,    0,    0,    0,    0,    0,    0,    0,    0,  -17,   -9,   -9,  -24,    0,   -9,   -9,    0,   10,    0,   11,    7,    7,   11,    3,    0,    0,    0,    0,    0,    0,    0,    0,    0,    0,    0,    0,    0,    0,    0,    0,    0,    0,    0,    0,    0,    0,    0,    0,    0,    0,    0,    0,  -26,    0,    0,    0,    0,    0,    0,    0,    0,    0,    0,    0,    0,    0,    0,    0,   10,   -9,    0,  -21,  -20,    9,  -17,  -20,    6,    0,    0,   -9,   -9,    7,    0,    6,    0,    0,    0,    0,    0,    0,    0,    0,    0,    0,    0,    0,    0,    0,    0,    0,    0,    0,    0,    0,    0,    0,    0,    0,    0,    0,    0,    0,    0,    0,    0,    0,   -7,    0,   11,    0,    0,    0,    0,    0,    0,    0,    0,    0,    0,    0,    0,    0,    0,    0,    0,    0,    0,    0,    0,    0,    0,    0,    0,    0,
       0,    0,    0,    0,    0,    0,    0,    0,    0,    0,    0,    0,   -4,   -4,    0,    0,   -4,   -4,    0,  -28,   -4,   -7,   -4,    0,  -13,    0,    0,    0,    0,    0,    0,    0,    0,    0,    0,    0,    0,    0,    0,    0,    0,    0,    0,    0,    0,    0,    0,    0,    0,    0,    0,    0,    0,    0,    0,    0,    0,    0,    0,    0,    0,    0,    0,    0,    0,    0,    0,    0,    0,    0,  -28,   -4,    0,    0,    0,    0,    0,    0,    0,    0,    0,   -4,   -4,    0,    0,    0,    0,    0,    0,    0,    0,    0,    0,    0,    0,    0,    0,    0,    0,    0,    0,    0,    0,    0,    0,    0,    0,    0,    0,    0,    0,    0,    0,    0,    0,    0,    0,    0,    0,    0,  -13,    0,    0,    0,    0,    0,   -7,    0,    0,    0,    0,    0,    0,    0,    0,    0,    0,    0,    0,    0,    0,    0,    0,    0,    0,    0,
       0,    0,    0,    0,    0,    0,    0,    0,    0,    0,    0,   -9,   -3,   -3,   -9,    0,   -3,   -3,   -6,  -15,   -4,  -12,   -8,  -13,  -18,  -11,    0,    0,    0,    0,    0,    0,    0,    0,    0,    0,    0,    0,    0,    0,    0,    0,    0,    0,    0,    0,    0,    0,    0,    0,    0,    0,    0,    0,  -13,    0,    0,    0,    0,    0,    0,    0,    0,    0,    0,    0,    0,    0,    0,    0,  -15,   -3,   -5,   -7,   -8,  -13,   -9,   -7,  -15,  -10,    0,   -3,   -3,  -13,   -4,   -9,   -5,    0,    0,    0,    0,    0,    0,    0,    0,    0,    0,    0,    0,    0,    0,    0,    0,    0,    0,    0,    0,    0,    0,    0,    0,    0,    0,    0,    0,    0,    0,    0,    0,    0,  -18,    0,    0,    0,    0,    0,    0,    0,    0,   -9,    0,    0,    0,    0,    0,    0,    0,    0,    0,    0,    0,    0,    0,    0,    0,    0,
       0,  -26,   -6,    0,  -21,    9,    0,    6,    0,    0,   -5,   11,   -6,   -6,   10,    0,   -6,   -6,    5,  -21,   -3,  -21,   -6,    8,  -26,    6,    0,    0,   -9,    0,    0,   -4,   -4,   -4,    0,   -5,    0,    0,    0,    0,   -4,   -4,    4,    0,   -5,   -7,   -6,    9,   -5,    5,   -7,   -3,   -6,    0,   11,    0,    0,    0,    0,   -4,    0,    0,    0,    0,    0,    0,    0,    0,  -17,    0,    0,    0,    0,    0,    0,    0,    0,    0,    0,    0,    0,    0,    0,    0,    0,    0,    0,    0,    0,    0,    0,    0,    0,    0,    0,    0,    0,    0,    0,    0,    0,    0,    0,    0,    0,    0,    0,    0,    0,    0,    0,    0,    0,    0,    0,    0,    0,    0,    0,    0,    0,    0,    0,    0,    0,    0,    0,    0,    0,    0,    0,    0,    0,    0,    0,    0,    0,    0,    0,    0,    0,    0,  -24,  -23,    8,    0,
       0,   -4,   -4,   -8,   -4,   -3,    0,   -7,   -4,   -7,    0,    0,    0,    0,    0,    0,    0,    0,    0,    0,    0,   -6,   -4,   -7,   -8,    0,    0,    0,  -11,    0,    0,    0,    0,    0,    0,    0,    0,    0,    0,    0,    0,    0,    0,    0,    0,    0,    0,    0,    0,   -4,    0,   -7,    0,    0,   -4,    0,    0,    0,    0,    0,    0,    0,    0,    0,    0,    0,    0,    0,   -5,    0,    0,    0,    0,    0,    0,    0,    0,    0,    0,    0,    0,    0,    0,    0,    0,    0,    0,    0,    0,    0,    0,    0,    0,    0,    0,    0,    0,    0,    0,    0,    0,    0,    0,    0,    0,    0,    0,    0,    0,    0,    0,    0,    0,    0,    0,    0,    0,    0,    0,    0,    0,    0,    0,    0,    0,    0,    0,    0,    0,    0,    0,    0,    0,    0,    0,    0,    0,    0,    0,    0,    0,    0,    0,    0,    0,    0,
       0,    0,   -8,    0,    0,    7,  -10,    0,    0,    5,   -6,    7,   -7,   -7,    8,    0,   -7,   -7,    3,    6,    0,    6,    0,    4,    6,    3,   -3,    0,    0,    0,    0,   -5,   -5,   -5,    0,   -5,    0,    0,    0,    0,   -5,   -5,    0,    0,   -7,   -5,   -6,    5,   -5,    0,   -9,    0,  -15,    0,    7,    0,    0,    0,    0,   -5,    0,    0,    0,    0,    0,    0,    0,    0,    0,    0,    0,    0,    0,    0,    0,    0,    0,    0,    0,    0,    0,    0,    0,    0,    0,    0,    0,    0,    0,    0,    0,    0,    0,    0,    0,    0,    0,    0,    0,    0,    0,    0,    0,    0,    0,    0,    0,    0,    0,    0,    0,    0,    0,    0,    0,    0,    0,    0,    0,    0,    0,    0,    0,    0,    0,    0,    0,    0,    0,    0,    0,    0,    0,    0,    0,    0,    0,    0,    0,    0,    0,    0,    0,    4,    6,    0,
      -5,   -9,   -4,  -11,    0,  -11,    0,  -14,    0,  -13,   -4,   -6,    0,    0,   -8,    0,    0,    0,   -4,   -9,    0,   -6,   -6,   -8,  -14,   -5,   -4,    0,  -14,   -5,    0,    0,    0,    0,    0,    0,    0,    0,    0,    0,    0,    0,    0,    0,    0,    0,    0,    0,    0,    0,    0,  -10,    0,    0,  -14,    0,    0,    0,    0,    0,    0,    0,    0,    0,    0,    0,  -10,    0,  -10,    0,    0,    0,    0,    0,    0,    0,    0,    0,    0,    0,    0,    0,    0,    0,    0,    0,    0,    0,    0,    0,    0,    0,    0,    0,    0,    0,    0,    0,    0,    0,    0,    0,    0,    0,    0,    0,    0,    0,    0,    0,    0,    0,    0,    0,    0,    0,    0,    0,    0,    0,    0,    0,    0,    0,    0,    0,    0,    0,    0,    0,    0,    0,    0,    0,    0,    0,    0,    0,    0,    0,    0,    0,   -7,   -4,  -11,    0,
       0,   -5,   -7,    0,   -4,    4,    0,    0,    0,    0,   -5,    6,   -9,   -9,    6,    0,   -9,   -9,    0,    0,   -7,    0,    0,    0,    0,    0,   -6,    0,  -14,    0,    0,   -5,   -6,   -5,    0,   -8,    0,    0,    0,    0,   -6,   -5,    0,   -5,   -6,   -8,   -8,    3,   -8,    0,   -6,   -7,   -8,    0,    6,    0,    0,    0,    0,   -5,    0,    0,    0,    0,    0,    0,    0,    0,    0,    0,    0,    0,    0,    0,    0,    0,    0,    0,    0,    0,    0,    0,    0,    0,    0,    0,    0,    0,    0,    0,    0,    0,    0,    0,    0,    0,    0,    0,    0,    0,    0,    0,    0,    0,    0,    0,    0,    0,    0,    0,    0,    0,    0,    0,    0,    0,    0,    0,    0,    0,    0,    0,    0,    0,    0,    0,    0,    0,    0,    0,    0,    0,    0,    0,    0,    0,    0,    0,    0,    0,    0,    0,   -4,    0,    0,    0,
      -3,    0,   -8,    0,    0,  -22,    0,  -20,   -6,    4,   -6,  -15,   -4,   -4,  -27,    0,   -4,   -4,    0,    5,    0,    6,    0,    0,    7,    0,   -5,    0,  -14,  -17,    0,   -5,   -5,   -5,    0,   -5,    0,    0,    0,   -9,   -5,   -5,    0,    0,   -8,    0,    0,  -12,    0,   -9,    0,    0,    0,   -7,  -25,    0,    0,    0,    0,   -5,    0,    0,    0,    0,   -8,   -6,    0,    0,    0,    0,    0,    0,    0,    0,    0,    0,    0,    0,    0,    0,    0,    0,    0,    0,    0,    0,    0,    0,    0,    0,    0,    0,    0,    0,    0,    0,    0,    0,    0,    0,    0,    0,    0,    0,    0,    0,    0,    0,    0,    0,    0,    0,    0,    0,    0,    0,    0,    0,    0,    0,    0,    0,    0,    0,    0,    0,    0,    0,    0,    0,    0,    0,    0,    0,    0,    0,    0,    0,    0,    0,    0,    0,    0,    0,  -34,    0,
       0,    0,    0,   -3,   -8,    0,    0,    0,    0,    0,    0,    0,    0,    0,    0,    0,    0,    0,    0,    0,    0,    0,    0,    0,    0,    0,    0,    0,   -3,    0,    0,    0,    0,    0,    0,    0,    0,    0,    0,    0,    0,    0,    0,    0,    0,   -6,    0,    0,   -6,    0,    0,   -3,    0,    0,    0,    0,    0,    0,    0,    0,    0,    0,    0,    0,    0,    0,    0,    0,    0,    0,    0,    0,    0,    0,    0,    0,    0,    0,    0,    0,    0,    0,    0,    0,    0,    0,    0,    0,    0,    0,    0,    0,    0,    0,    0,    0,    0,    0,    0,    0,    0,    0,    0,    0,    0,    0,    0,    0,    0,    0,    0,    0,    0,    0,    0,    0,    0,    0,    0,    0,    0,    0,    0,    0,    0,    0,    0,    0,    0,    0,    0,    0,    0,    0,    0,    0,    0,    0,    0,    0,    0,    0,    0,    0,    0,    0,
       0,    0,    0,   -3,    0,   -3,    0,  -12,    0,    0,    0,   -3,    0,    0,   -5,    0,    0,    0,    0,    0,    0,    0,    0,    0,    0,   -6,    0,    0,  -11,    0,    0,    0,    0,    0,    0,    0,    0,    0,    0,    0,    0,    0,    0,    0,    0,    0,    0,    0,    0,   -6,    0,   -6,    0,    0,   -8,    0,    0,    0,    0,    0,    0,    0,    0,    0,    0,    0,   -5,    0,    0,    0,    0,    0,    0,    0,    0,    0,    0,    0,    0,    0,    0,    0,    0,    0,    0,    0,    0,    0,    0,    0,    0,    0,    0,    0,    0,    0,    0,    0,    0,    0,    0,    0,    0,    0,    0,    0,    0,    0,    0,    0,    0,    0,    0,    0,    0,    0,    0,    0,    0,    0,    0,    0,    0,    0,    0,    0,    0,    0,    0,    0,    0,    0,    0,    0,    0,    0,    0,    0,    0,    0,    0,    0,    0,    0,   -4,    0,
       0,    0,   -6,    0,  -11,    5,  -16,    6,    0,    4,   -6,   11,  -12,  -12,    9,    0,  -12,  -12,    0,    6,    0,    7,    3,    9,    7,    7,    0,    0,   -9,    0,    0,   -7,   -7,   -7,    0,   -7,    0,    0,    0,    0,   -7,   -7,    5,    0,   -4,   -5,  -16,    9,   -3,    5,   -6,    0,  -20,    0,   12,    0,    0,    0,    7,   -8,    4,    4,    0,    0,    0,   -4,    0,    0,    0,    0,    0,    0,    0,    0,    0,    0,    0,    0,    0,    0,    0,    0,    0,    0,    0,    0,    0,    0,    0,    0,    0,    0,    0,    0,    0,    0,    0,    0,    0,    0,    0,    0,    0,    0,    0,    0,    0,    0,    0,    0,    0,    0,    0,    0,    0,    0,    0,    0,    0,    0,    0,    0,    0,    0,    0,    0,    0,    0,    0,    0,    0,    0,    0,    0,    0,    0,    0,    0,    0,    0,    0,    0,    0,    0,    5,    0,
       0,  -42,   -3,    0,  -46,    8,  -23,    4,    0,    0,    0,    9,  -15,  -15,    9,    0,  -15,  -15,    5,  -38,   -6,  -33,  -15,    7,  -38,    5,    0,    0,  -11,    0,    0,   -4,   -4,   -4,    0,   -4,    0,    0,    0,    0,   -4,   -4,    0,    0,    0,  -13,  -12,    7,   -7,    3,   -8,   -5,  -13,    4,   10,    0,    0,    0,    0,    0,    0,    0,    0,    0,    0,    0,    0,    0,  -28,    0,    0,    0,    0,    0,    0,    0,    0,    0,    0,    0,    0,    0,    0,    0,    0,    0,    0,    0,    0,    0,    0,    0,    0,    0,    0,    0,    0,    0,    0,    0,    0,    0,    0,    0,    0,    0,    0,    0,    0,    0,    0,    0,    0,    0,    0,    0,    0,    0,    0,    0,    0,    0,    0,    0,    0,    0,    0,    0,    0,    0,    0,    0,    0,    0,    0,    0,    0,    0,    0,    0,    0,    0,  -40,  -39,    5,    0,
       0,    0,    0,    0,    0,    0,    0,    0,    0,    0,    0,    0,    0,    0,    0,    0,    0,    0,    0,    0,    0,   -2,    0,    0,   -3,    0,    0,    0,    0,    0,    0,    0,    0,    0,    0,    0,    0,    0,    0,    0,    0,    0,    0,    0,    0,    0,    0,    0,    0,    0,    0,    0,    0,    0,    0,    0,    0,    0,    0,    0,    0,    0,    0,    0,    0,    0,    0,    0,    0,    0,    0,    0,    0,    0,    0,    0,    0,    0,    0,    0,    0,    0,    0,    0,    0,    0,    0,    0,    0,    0,    0,    0,    0,    0,    0,    0,    0,    0,    0,    0,    0,    0,    0,    0,    0,    0,    0,    0,    0,    0,    0,    0,    0,    0,    0,    0,    0,    0,    0,    0,    0,    0,    0,    0,    0,    0,    0,    0,    0,    0,    0,    0,    0,    0,    0,    0,    0,    0,    0,    0,    0,    0,    0,    0,    0,    0,
      -5,   -8,   -4,   -9,    0,  -11,    0,  -14,    0,  -11,   -4,   -6,    0,    0,   -8,    0,    0,    0,   -3,   -9,    0,   -6,   -5,   -8,  -14,   -5,   -3,    0,  -14,   -4,    0,    0,    0,    0,    0,    0,    0,    0,    0,    0,    0,    0,    0,    0,    0,    0,    0,    0,    0,    0,    0,  -10,    0,    0,  -13,    0,    0,    0,    0,    0,    0,    0,    0,    0,    0,    0,   -9,    0,   -9,    0,    0,    0,    0,    0,    0,    0,    0,    0,    0,    0,    0,    0,    0,    0,    0,    0,    0,    0,    0,    0,    0,    0,    0,    0,    0,    0,    0,    0,    0,    0,    0,    0,    0,    0,    0,    0,    0,    0,    0,    0,    0,    0,    0,    0,    0,    0,    0,    0,    0,    0,    0,    0,    0,    0,    0,    0,    0,    0,    0,    0,    0,    0,    0,    0,    0,    0,    0,    0,    0,    0,    0,    0,   -5,   -3,  -10,    0,
      -4,    0,   -4,   -8,    0,  -30,    0,  -21,    0,    0,    0,  -17,    0,    0,  -32,    0,    0,    0,    0,    0,    0,    0,    0,   -6,    0,    0,   -5,    0,  -14,   -6,    0,   -7,   -7,  -11,    0,   -7,    0,    0,    0,    0,   -7,   -4,    0,    0,    0,    3,    3,    0,    3,    0,    0,   -8,   -6,    0,  -28,    0,    0,    0,    0,   -5,    0,    0,    0,    0,    0,    0,    0,    0,    0,    0,    0,    0,    0,    0,    0,    0,    0,    0,    0,    0,    0,    0,    0,    0,    0,    0,    0,    0,    0,    0,    0,    0,    0,    0,    0,    0,    0,    0,    0,    0,    0,    0,    0,    0,    0,    0,    0,    0,    0,    0,    0,    0,    0,    0,    0,    0,    0,    0,    0,    0,    0,    0,    0,    0,    0,    0,    0,    0,    0,    0,    0,    0,    0,    0,    0,    0,    0,    0,    0,    0,    0,    0,    0,    3,  -38,    0,
      -5,   -8,   -4,    0,    0,  -11,    0,    0,    0,  -11,   -4,   -6,    0,    0,   -8,    0,    0,    0,   -3,   -9,    0,   -6,   -5,   -8,  -14,   -5,   -3,    0,    0,   -5,    0,    0,    0,    0,    0,    0,    0,    5,    0,    0,    0,    0,    0,    0,    0,    0,    0,    0,    0,    0,    0,    0,    0,    0,  -13,    0,    0,    0,    0,    0,    0,    0,    0,    0,    0,    0,   -9,    0,    0,    0,    0,    0,    0,    0,    0,    0,    0,    0,    0,    0,    0,    0,    0,    0,    0,    0,    0,    0,    0,    0,    0,    0,    0,    0,    0,    0,    0,    0,    0,    0,    0,    0,    0,    0,    0,    0,    0,    0,    0,    0,    0,    0,    0,    0,    0,    0,    0,    0,    0,    0,    0,    0,    0,    0,    0,    0,    0,    0,    0,    0,    0,    0,    0,    0,    0,    0,    0,    0,    0,    0,    0,    0,   -5,   -3,   -7,    0,
       0,    0,   -4,    0,    0,    5,    0,    4,    0,   -4,   -5,    9,   -4,   -4,    7,    0,   -4,   -4,    0,    0,    0,   -3,    0,    6,   -6,    5,    0,    0,  -11,    0,    0,    0,    0,    0,    0,    0,    0,    0,    0,    0,    0,    0,    0,    0,    0,    0,    0,    7,    0,    3,   -6,   -5,   -7,    0,   10,    0,    0,    0,    0,   -5,    0,    0,    0,    0,    0,    0,    0,    0,    0,    0,    0,    0,    0,    0,    0,    0,    0,    0,    0,    0,    0,    0,    0,    0,    0,    0,    0,    0,    0,    0,    0,    0,    0,    0,    0,    0,    0,    0,    0,    0,    0,    0,    0,    0,    0,    0,    0,    0,    0,    0,    0,    0,    0,    0,    0,    0,    0,    0,    0,    0,    0,    0,    0,    0,    0,    0,    0,    0,    0,    0,    0,    0,    0,    0,    0,    0,    0,    0,    0,    0,    0,    0,    0,    0,    5,    0,
       0,    0,   -9,    4,    0,  -25,  -16,  -29,  -28,    7,  -17,  -21,   -9,   -9,  -30,    0,   -9,   -9,    0,    8,    0,    9,    6,    5,   10,    0,    0,    0,  -11,  -15,    0,  -18,  -18,  -18,    0,  -18,    0,    0,    0,  -13,  -18,  -18,  -15,    0,  -11,   -7,  -27,   -6,   -7,  -10,   -8,    0,  -28,  -25,  -24,    0,    0,    7,   10,  -26,   17,    7,    4,    0,  -24,  -22,    0,    0,    0,    0,    0,    0,    0,    0,    0,    0,    0,    0,    0,    0,    0,    0,    0,    0,    0,    0,    0,    0,    0,    0,    0,    0,    0,    0,    0,    0,    0,    0,    0,    0,    0,    0,    0,    0,    0,    0,    0,    0,    0,    0,    0,    0,    0,    0,    0,    0,    0,    0,    0,    0,    0,    0,    0,    0,    0,    0,    0,    0,    0,    0,    0,    0,    0,    0,    0,    0,    0,    0,    0,    0,    0,    0,    0,    0,  -22,    0,
       0,    0,   -3,    0,    0,   -3,    0,  -14,   -3,    0,    0,   -3,    0,    0,   -5,    0,    0,    0,    0,    0,    0,    0,    0,    0,    0,   -5,    0,    0,  -12,   -5,    0,    0,    0,    0,    0,    0,    0,    0,    0,    0,    0,    0,    0,    0,    0,    0,    0,    0,    0,   -6,   -3,   -7,    0,    0,  -11,    0,    0,    0,    0,    0,    0,    0,    0,    0,    0,    0,   -5,    0,    0,    0,    0,    0,    0,    0,    0,    0,    0,    0,    0,    0,    0,    0,    0,    0,    0,    0,    0,    0,    0,    0,    0,    0,    0,    0,    0,    0,    0,    0,    0,    0,    0,    0,    0,    0,    0,    0,    0,    0,    0,    0,    0,    0,    0,    0,    0,    0,    0,    0,    0,    0,    0,    0,    0,    0,    0,    0,    0,    0,    0,    0,    0,    0,    0,    0,    0,    0,    0,    0,    0,    0,    0,    0,    0,    0,   -7,    0,
       0,    5,  -11,    5,    0,  -25,   -3,  -22,   -7,    8,  -13,  -21,   -6,   -6,  -32,   -2,   -6,   -6,    0,    9,    0,   10,    7,    6,   11,    0,    0,    0,   -9,   -8,    0,  -15,  -15,  -15,    0,  -15,    0,    0,    0,  -10,  -15,  -15,   -5,    0,   -8,    0,    0,    0,    0,   -1,   -8,    0,  -14,   -4,  -27,    0,    4,    0,   11,  -17,   14,   10,    4,    0,   -9,   -8,    0,    0,    0,    0,    0,    0,    0,    0,    0,    0,    0,    0,    0,    0,    0,    0,    0,    0,    0,    0,    0,    0,    0,    0,    0,    0,    0,    0,    0,    0,    0,    0,    0,    0,    0,    0,    0,    0,    0,    0,    0,    0,    0,    0,    0,    0,    0,    0,    0,    0,    0,    0,    0,    0,    0,    0,    0,    0,    0,    0,    0,    0,    0,    0,    0,    0,    0,    0,    0,    0,    0,    0,    0,    0,    0,    0,    6,    8,  -25,    0,
       0,    4,   -5,    0,    0,  -12,    0,  -16,   -4,    5,   -6,   -6,   -5,   -5,  -20,    0,   -5,   -5,    0,    6,    0,    7,    4,    3,    8,    0,    0,    0,  -12,  -10,    0,   -7,   -7,   -7,    0,   -9,    0,    0,    0,   -7,   -7,   -7,   -6,    0,   -6,    0,    0,    0,    0,    0,   -6,    0,   -7,    0,  -16,    0,    0,    0,    6,   -9,    4,    0,    0,    0,   -5,    0,    0,    0,    0,    0,    0,    0,    0,    0,    0,    0,    0,    0,    0,    0,    0,    0,    0,    0,    0,    0,    0,    0,    0,    0,    0,    0,    0,    0,    0,    0,    0,    0,    0,    0,    0,    0,    0,    0,    0,    0,    0,    0,    0,    0,    0,    0,    0,    0,    0,    0,    0,    0,    0,    0,    0,    0,    0,    0,    0,    0,    0,    0,    0,    0,    0,    0,    0,    0,    0,    0,    0,    0,    0,    0,    0,    0,    6,    8,  -13,    0,
       0,    0,   -8,    0,   -9,    4,   -9,    3,    0,    0,   -9,    9,   -8,   -8,    7,    0,   -8,   -8,    0,    4,    0,    6,    0,    6,    6,    4,    0,    0,  -11,    0,    0,   -6,   -6,   -6,    0,   -6,    0,    0,    0,    0,   -6,   -6,    0,    0,   -3,   -4,  -12,    6,   -2,    0,   -9,    0,  -16,    0,    9,    0,    0,    0,    0,  -10,    0,    0,    0,    0,    0,   -6,    0,    0,    0,    0,    0,    0,    0,    0,    0,    0,    0,    0,    0,    0,    0,    0,    0,    0,    0,    0,    0,    0,    0,    0,    0,    0,    0,    0,    0,    0,    0,    0,    0,    0,    0,    0,    0,    0,    0,    0,    0,    0,    0,    0,    0,    0,    0,    0,    0,    0,    0,    0,    0,    0,    0,    0,    0,    0,    0,    0,    0,    0,    0,    0,    0,    0,    0,    0,    0,    0,    0,    0,    0,    0,    0,    0,    0,    0,    3,    0,
       0,    0,  -14,    6,    0,  -22,  -16,  -27,  -13,    8,  -19,  -26,  -14,  -14,  -38,   -3,  -14,  -14,    0,   10,    0,   11,    8,    7,   12,    4,    0,    0,   -9,  -14,    0,  -16,  -16,  -16,    0,  -16,    0,    0,    0,  -13,  -16,  -16,   -7,    0,  -11,    0,    0,   -5,    0,   -9,   -7,    0,  -25,  -11,  -27,    0,    0,    0,   14,  -26,   13,   11,    0,    0,  -14,  -13,    0,    0,    0,    0,    0,    0,    0,    0,    0,    0,    0,    0,    0,    0,    0,    0,    0,    0,    0,    0,    0,    0,    0,    0,    0,    0,    0,    0,    0,    0,    0,    0,    0,    0,    0,    0,    0,    0,    0,    0,    0,    0,    0,    0,    0,    0,    0,    0,    0,    0,    0,    0,    0,    0,    0,    0,    0,    0,    0,    0,    0,    0,    0,    0,    0,    0,    0,    0,    0,    0,    0,    0,    0,    0,    0,    0,    4,    6,  -26,    0,
       0,    0,   -7,    0,    0,    4,  -20,    0,    0,    0,   -5,    6,  -12,  -12,    6,    0,  -12,  -12,    0,    0,   -5,    3,    0,    0,    4,    0,   -6,    0,  -14,    0,    0,   -5,   -6,   -5,    0,   -8,    0,    0,    0,    0,   -6,   -5,    0,   -4,   -6,   -8,   -8,    3,   -8,    0,  -12,   -5,  -17,    0,    6,    0,    0,    0,    3,   -5,    4,    0,    0,    0,    0,    0,    0,    0,    0,    0,    0,    0,    0,    0,    0,    0,    0,    0,    0,    0,    0,    0,    0,    0,    0,    0,    0,    0,    0,    0,    0,    0,    0,    0,    0,    0,    0,    0,    0,    0,    0,    0,    0,    0,    0,    0,    0,    0,    0,    0,    0,    0,    0,    0,    0,    0,    0,    0,    0,    0,    0,    0,    0,    0,    0,    0,    0,    0,    0,    0,    0,    0,    0,    0,    0,    0,    0,    0,    0,    0,    0,    0,    0,    0,    0,    0,
       0,    0,    0,    0,    0,    0,    0,    0,    0,    0,    0,   -9,  -14,  -14,   -9,    0,  -14,  -14,   -9,  -11,  -13,  -10,  -12,  -12,   -9,  -14,    0,    0,   27,    0,    0,    0,    0,    0,    0,    0,    0,    0,    0,    0,    0,    0,    0,    0,    0,    0,    0,    0,    0,    0,    0,    0,    0,    0,   -9,    0,    0,    0,    0,    0,    0,    0,    0,    0,    0,    0,    0,    0,    0,    0,  -11,  -14,   -6,   -7,   -8,  -10,   -9,    9,  -10,    0,    0,  -14,  -14,  -12,  -16,    0,  -12,    0,    0,    0,    0,    0,    0,    0,    0,    0,    0,    0,    0,    0,    0,    0,    0,    0,    0,    0,    0,    0,    0,    0,    0,    0,    0,    0,    0,    0,    0,    0,  -16,    0,   -9,    0,    0,   -9,    0,    0,   -5,    0,    0,  -10,    0,    0,    0,    0,    0,    0,    0,    0,    0,    0,    0,    0,    0,    0,    0,    0,
       0,    0,    0,    0,    0,    0,    0,    0,    0,    0,    0,    0,   -3,   -3,    0,    0,   -3,   -3,    0,    0,    0,    0,   -3,   -3,    0,   -5,    0,    0,    0,    0,    0,    0,    0,    0,    0,    0,    0,    0,    0,    0,    0,    0,    0,    0,    0,    0,    0,    0,    0,    0,    0,    0,    0,    0,    0,    0,    0,    0,    0,    0,    0,    0,    0,    0,    0,    0,    0,    0,    0,    0,    0,   -3,   -3,    0,    0,    0,    0,    0,    0,    0,    0,   -3,   -3,   -3,   -7,    0,   -4,    0,    0,    0,    0,    0,    0,    0,    0,    0,    0,    0,    0,    0,    0,    0,    0,    0,    0,    0,    0,    0,    0,    0,    0,    0,    0,    0,    0,    0,    0,    0,   -7,    0,    0,    0,    0,    0,    0,    0,   -6,    0,    0,    0,    0,    0,    0,    0,    0,    0,    0,    0,    0,    0,    0,    0,    0,    0,    0,    0,
       0,   -9,    0,   -8,   -7,    0,    0,    0,    0,   -9,    0,    0,    0,    0,    0,    0,    0,    0,    0,    0,    0,    0,    0,    0,    0,    0,    0,    0,  -10,    0,    0,    0,    0,    0,    0,    0,    0,    0,    0,    0,    0,    0,    0,    0,    0,   -5,   -4,    0,   -5,    0,    0,   -7,    0,    0,    0,    0,    0,    0,    0,    0,    0,    0,    0,    0,    0,    0,    0,    0,    0,    0,    0,    0,    0,    0,    0,    0,    0,    0,    0,    0,    0,    0,    0,    0,    0,    0,    0,    0,    0,    0,    0,    0,    0,    0,    0,    0,    0,    0,    0,    0,    0,    0,    0,    0,    0,    0,    0,    0,    0,    0,    0,    0,    0,    0,    0,    0,    0,    0,    0,    0,    0,    0,    0,    0,    0,    0,    0,    0,    0,    0,    0,    0,    0,    0,    0,    0,    0,    0,    0,    0,    0,    0,    0,   -8,    0,    0,
       0,  -12,    0,   -9,    0,    0,    0,   -7,    0,   -9,    0,    0,    0,    0,    0,    0,    0,    0,    0,    0,    0,    0,    0,    0,    0,    0,    0,    0,  -10,    0,    0,    0,    0,    0,    0,    0,    0,    0,    0,    0,    0,    0,    0,    0,    0,   -4,   -4,   -6,   -4,   -7,    0,   -7,    0,    0,    0,    0,    0,    0,    0,    0,    0,    0,    0,    0,    0,    0,    0,    0,    0,    0,    0,    0,    0,    0,    0,    0,    0,    0,    0,    0,    0,    0,    0,    0,    0,    0,    0,    0,    0,    0,    0,    0,    0,    0,    0,    0,    0,    0,    0,    0,    0,    0,    0,    0,    0,    0,    0,    0,    0,    0,    0,    0,    0,    0,    0,    0,    0,    0,    0,    0,    0,    0,    0,    0,    0,    0,    0,    0,    0,    0,    0,    0,    0,    0,    0,    0,    0,    0,    0,    0,    0,    0,  -11,  -11,    0,    0,
       0,    0,    0,    0,    0,    3,  -11,    0,    0,    0,    0,    0,    0,    0,    0,    0,    0,    0,    0,    0,    0,    0,    0,    0,    0,    0,    0,    0,   -9,    0,    0,    0,   -4,    0,    0,   -5,    0,    0,    0,    0,   -4,    0,    0,    0,    0,    4,    3,    5,    4,    0,   -7,    0,  -10,    0,    0,    0,    0,    0,    0,    0,    0,    0,    0,    0,    0,    0,    0,    0,    0,    0,    0,    0,    0,    0,    0,    0,    0,    0,    0,    0,    0,    0,    0,    0,    0,    0,    0,    0,    0,    0,    0,    0,    0,    0,    0,    0,    0,    0,    0,    0,    0,    0,    0,    0,    0,    0,    0,    0,    0,    0,    0,    0,    0,    0,    0,    0,    0,    0,    0,    0,    0,    0,    0,    0,    0,    0,    0,    0,    0,    0,    0,    0,    0,    0,    0,    0,    0,    0,    0,    0,    0,    0,    0,    0,    0,    0,
       0,    0,    0,   13,    4,  -17,  -12,  -14,    0,    8,    0,    0,    0,    0,    0,    0,    0,    0,    0,    0,    0,    0,    0,    0,    0,    0,    0,    0,   13,    0,    0,    0,    0,    0,    0,    0,    0,    0,    0,    0,    0,    0,    0,    0,    0,    6,    6,    5,    6,    0,    0,   13,   -6,    3,    0,    0,   10,    0,   13,   -6,   13,   10,   13,    0,    0,    0,    0,    0,    0,    0,    0,    0,    0,    0,    0,    0,    0,    0,    0,    0,    0,    0,    0,    0,    0,    0,    0,    0,    0,    0,    0,    0,    0,    0,    0,    0,    0,    0,    0,    0,    0,    0,    0,    0,    0,    0,    0,    0,    0,    0,    0,    0,    0,    0,    0,    0,    0,    0,    0,    0,    0,    0,    0,    0,    0,    0,    0,    0,    0,    0,    0,    0,    0,    0,    0,    0,    0,    0,    0,    0,    0,    0,    0,    7,  -18,    0,
       0,  -12,    0,   -8,   -7,    0,    0,    0,    0,   -9,    0,    0,    0,    0,    0,    0,    0,    0,    0,    0,    0,    0,    0,    0,    0,    0,    0,    0,  -10,    0,    0,    0,    0,    0,    0,    0,    0,    0,    0,    0,    0,    0,    0,    0,    0,   -5,   -4,    0,   -6,    0,    0,   -7,    0,    0,    0,    0,    0,    0,    0,    0,    0,    0,    0,    0,    0,    0,    0,    0,    0,    0,    0,    0,    0,    0,    0,    0,    0,    0,    0,    0,    0,    0,    0,    0,    0,    0,    0,    0,    0,    0,    0,    0,    0,    0,    0,    0,    0,    0,    0,    0,    0,    0,    0,    0,    0,    0,    0,    0,    0,    0,    0,    0,    0,    0,    0,    0,    0,    0,    0,    0,    0,    0,    0,    0,    0,    0,    0,    0,    0,    0,    0,    0,    0,    0,    0,    0,    0,    0,    0,    0,    0,    0,  -10,  -10,    0,    0,
       0,    0,    0,    0,    0,    0,    0,    0,    0,    0,    0,    0,    0,    0,    0,    0,    0,    0,    0,    0,    0,    0,    0,    0,    0,    0,    0,    0,    0,    0,    0,    0,    0,    0,    0,    0,    0,    3,    0,    0,    0,    0,    0,    0,    0,    0,    0,    0,    0,    0,    0,    0,    0,    0,    0,    0,    0,    0,    0,    0,    0,    0,    0,    0,    0,    0,    0,    0,    0,    0,    0,    0,    0,    0,    0,    0,    0,    0,    0,    0,    0,    0,    0,    0,    0,    0,    0,    0,    0,    0,    0,    0,    0,    0,    0,    0,    0,    0,    0,    0,    0,    0,    0,    0,    0,    0,    0,    0,    0,    0,    0,    0,    0,    0,    0,    0,    0,    0,    0,    0,    0,    0,    0,    0,    0,    0,    0,    0,    0,    0,    0,    0,    0,    0,    0,    0,    0,    0,    0,    0,    0,    0,    0,    0,    0,    0,
       0,    0,    0,    0,    0,    0,   -9,    4,    0,    0,   -7,    0,    0,    0,    0,    0,    0,    0,    0,    0,    0,    0,    0,    0,    0,    0,    0,    0,   -8,    0,    0,   -9,   -9,   -9,    0,  -10,    0,    0,    0,    0,  -10,   -9,    0,    0,    0,    0,    0,    6,    0,    0,   -6,    0,  -11,    0,    0,    0,    0,    0,    0,   -9,    0,    0,    0,    0,    0,    0,    0,    0,    0,    0,    0,    0,    0,    0,    0,    0,    0,    0,    0,    0,    0,    0,    0,    0,    0,    0,    0,    0,    0,    0,    0,    0,    0,    0,    0,    0,    0,    0,    0,    0,    0,    0,    0,    0,    0,    0,    0,    0,    0,    0,    0,    0,    0,    0,    0,    0,    0,    0,    0,    0,    0,    0,    0,    0,    0,    0,    0,    0,    0,    0,    0,    0,    0,    0,    0,    0,    0,    0,    0,    0,    0,    0,    0,    0,    0,    0,
       0,  -10,    0,   -8,   -7,    0,    0,    0,    0,   -9,    0,    0,    0,    0,    0,    0,    0,    0,    0,    0,    0,    0,    0,    0,    0,    0,    0,    0,  -10,    0,    0,    0,    0,    0,    0,    0,    0,    0,    0,    0,    0,    0,    0,    0,    0,   -5,   -5,    0,   -6,    0,    0,   -7,    0,    0,    0,    0,    0,    0,    0,    0,    0,    0,    0,    0,    0,    0,    0,    0,    0,    0,    0,    0,    0,    0,    0,    0,    0,    0,    0,    0,    0,    0,    0,    0,    0,    0,    0,    0,    0,    0,    0,    0,    0,    0,    0,    0,    0,    0,    0,    0,    0,    0,    0,    0,    0,    0,    0,    0,    0,    0,    0,    0,    0,    0,    0,    0,    0,    0,    0,    0,    0,    0,    0,    0,    0,    0,    0,    0,    0,    0,    0,    0,    0,    0,    0,    0,    0,    0,    0,    0,    0,    0,   -7,   -9,    0,    0,
       0,  -11,    0,   -9,   -7,    0,    0,   -8,    0,  -10,    0,    0,    0,    0,    0,    0,    0,    0,    0,    0,    0,    0,    0,    0,    0,    0,    0,    0,  -10,    0,    0,    0,    0,    0,    0,    0,    0,    0,    0,    0,    0,    0,    0,    0,    0,   -5,   -4,   -6,   -5,   -7,    0,   -7,    0,    0,    0,    0,    0,    0,    0,    0,    0,    0,    0,    0,    0,    0,    0,    0,    0,    0,    0,    0,    0,    0,    0,    0,    0,    0,    0,    0,    0,    0,    0,    0,    0,    0,    0,    0,    0,    0,    0,    0,    0,    0,    0,    0,    0,    0,    0,    0,    0,    0,    0,    0,    0,    0,    0,    0,    0,    0,    0,    0,    0,    0,    0,    0,    0,    0,    0,    0,    0,    0,    0,    0,    0,    0,    0,    0,    0,    0,    0,    0,    0,    0,    0,    0,    0,    0,    0,    0,    0,    0,   -7,   -9,    0,    0,
       0,  -11,    0,   -9,   -7,    0,    0,   -7,    0,   -9,    0,    0,    0,    0,    0,    0,    0,    0,    0,    0,    0,    0,    0,    0,    0,    0,    0,    0,  -10,    0,    0,    0,    0,    0,    0,    0,    0,    0,    0,    0,    0,    0,    0,    0,    0,   -5,   -4,   -6,   -5,   -6,    0,   -7,    0,    0,    0,    0,    0,    0,    0,    0,    0,    0,    0,    0,    0,    0,    0,    0,    0,    0,    0,    0,    0,    0,    0,    0,    0,    0,    0,    0,    0,    0,    0,    0,    0,    0,    0,    0,    0,    0,    0,    0,    0,    0,    0,    0,    0,    0,    0,    0,    0,    0,    0,    0,    0,    0,    0,    0,    0,    0,    0,    0,    0,    0,    0,    0,    0,    0,    0,    0,    0,    0,    0,    0,    0,    0,    0,    0,    0,    0,    0,    0,    0,    0,    0,    0,    0,    0,    0,    0,    0,    0,   -7,   -9,    0,    0,
       0,    0,    0,    0,    0,    0,    0,    0,    0,    0,    0,    0,    0,    0,    0,    0,    0,    0,    0,    0,    0,    0,    0,    0,    0,    0,    0,    0,    0,    0,    0,    0,    0,    0,    0,    0,    0,   10,    0,    0,    0,    0,    0,    0,    0,    0,    0,    0,    0,    0,    0,    0,    0,    0,    0,    0,    0,    0,    0,    0,    0,    0,    0,    0,    0,    0,    0,    0,    0,    0,    0,    0,    0,    0,    0,    0,    0,    0,    0,    0,    0,    0,    0,    0,    0,    0,    0,    0,    0,    0,    0,    0,    0,    0,    0,    0,    0,    0,    0,    0,    0,    0,    0,    0,    0,    0,    0,    0,    0,    0,    0,    0,    0,    0,    0,    0,    0,    0,    0,    0,    0,    0,    0,    0,    0,    0,    0,    0,    0,    0,    0,    0,    0,    0,    0,    0,    0,    0,    0,    0,    0,    0,    0,    0,    0,    0,
       0,    0,    0,    0,    4,  -18,  -11,  -15,    0,  -14,    0,    0,    0,    0,    0,    0,    0,    0,    0,    0,    0,    0,    0,    0,    0,    0,    0,    0,   -8,    0,    0,    0,    0,    0,    0,    0,    0,    0,    0,    0,    0,   -4,    0,    0,    0,    7,    6,    5,    7,    0,    0,    0,   -7,    0,    0,    0,    0,    0,    0,   -6,    0,    0,    0,    0,    0,    0,    0,    0,    0,    0,    0,    0,    0,    0,    0,    0,    0,    0,    0,    0,    0,    0,    0,    0,    0,    0,    0,    0,    0,    0,    0,    0,    0,    0,    0,    0,    0,    0,    0,    0,    0,    0,    0,    0,    0,    0,    0,    0,    0,    0,    0,    0,    0,    0,    0,    0,    0,    0,    0,    0,    0,    0,    0,    0,    0,    0,    0,    0,    0,    0,    0,    0,    0,    0,    0,    0,    0,    0,    0,    0,    0,    0,    0,    5,  -17,    0,
       0,    0,    0,    0,    0,    4,  -13,    0,    0,    0,    0,    0,    0,    0,    0,    0,    0,    0,    0,    0,    0,    0,    0,    0,    0,    0,    0,    0,   -9,    0,    0,   -4,   -5,   -3,    0,   -3,    0,    0,    0,    0,   -5,   -4,    0,    0,    0,    0,    0,    6,    0,    0,   -7,    0,   -9,    0,    0,    0,    0,    0,    0,   -4,    0,    0,    0,    0,    0,    0,    0,    0,    0,    0,    0,    0,    0,    0,    0,    0,    0,    0,    0,    0,    0,    0,    0,    0,    0,    0,    0,    0,    0,    0,    0,    0,    0,    0,    0,    0,    0,    0,    0,    0,    0,    0,    0,    0,    0,    0,    0,    0,    0,    0,    0,    0,    0,    0,    0,    0,    0,    0,    0,    0,    0,    0,    0,    0,    0,    0,    0,    0,    0,    0,    0,    0,    0,    0,    0,    0,    0,    0,    0,    0,    0,    0,    0,    0,    0,    0,
       0,    0,    0,    0,    3,  -12,    0,  -11,    0,  -13,    0,    0,    0,    0,    0,    0,    0,    0,    0,    0,    0,    0,    0,    0,    0,    0,    0,    0,   -9,    0,    0,   -5,   -5,   -5,    0,   -4,    0,    0,    0,    0,   -5,   -5,    0,    0,    0,    6,    6,    5,    6,    0,    0,    0,    0,    0,    0,    0,    0,    0,    0,   -6,    0,    0,    0,    0,    0,    0,    0,    0,    0,    0,    0,    0,    0,    0,    0,    0,    0,    0,    0,    0,    0,    0,    0,    0,    0,    0,    0,    0,    0,    0,    0,    0,    0,    0,    0,    0,    0,    0,    0,    0,    0,    0,    0,    0,    0,    0,    0,    0,    0,    0,    0,    0,    0,    0,    0,    0,    0,    0,    0,    0,    0,    0,    0,    0,    0,    0,    0,    0,    0,    0,    0,    0,    0,    0,    0,    0,    0,    0,    0,    0,    0,    0,    0,    4,  -12,    0,
       0,    0,    0,    0,    3,  -11,    0,   -9,    0,  -12,    0,    0,    0,    0,    0,    0,    0,    0,    0,    0,    0,    0,    0,    0,    0,    0,    0,    0,   -9,    0,    0,   -4,    0,    0,    0,    0,    0,    0,    0,    0,   -4,    0,    0,    0,    0,    6,    6,    5,    6,    0,    0,    0,    0,    0,    0,    0,    0,    0,    0,   -5,    0,    0,    0,    0,    0,    0,    0,    0,    0,    0,    0,    0,    0,    0,    0,    0,    0,    0,    0,    0,    0,    0,    0,    0,    0,    0,    0,    0,    0,    0,    0,    0,    0,    0,    0,    0,    0,    0,    0,    0,    0,    0,    0,    0,    0,    0,    0,    0,    0,    0,    0,    0,    0,    0,    0,    0,    0,    0,    0,    0,    0,    0,    0,    0,    0,    0,    0,    0,    0,    0,    0,    0,    0,    0,    0,    0,    0,    0,    0,    0,    0,    0,    0,    4,  -10,    0,
       0,    0,    0,    0,    0,    0,    0,    0,    0,    0,    0,    0,    0,    0,    0,    0,    0,    0,    0,    0,    0,    0,    0,    0,    0,    0,    0,    0,   -9,    0,    0,   -7,   -7,   -7,    0,   -7,    0,    0,    0,    0,   -7,   -7,    0,    0,    0,    0,    0,    6,    0,    0,   -7,    0,  -10,    0,    0,    0,    0,    0,    0,   -8,    0,    0,    0,    0,    0,    0,    0,    0,    0,    0,    0,    0,    0,    0,    0,    0,    0,    0,    0,    0,    0,    0,    0,    0,    0,    0,    0,    0,    0,    0,    0,    0,    0,    0,    0,    0,    0,    0,    0,    0,    0,    0,    0,    0,    0,    0,    0,    0,    0,    0,    0,    0,    0,    0,    0,    0,    0,    0,    0,    0,    0,    0,    0,    0,    0,    0,    0,    0,    0,    0,    0,    0,    0,    0,    0,    0,    0,    0,    0,    0,    0,    0,    0,    0,    0,    0,
       0,    0,    0,    0,    0,    0,    0,    0,    0,    0,    0,    0,    0,    0,    0,    0,    0,    0,    0,    0,    0,    0,    0,    0,    0,    0,    0,    0,  -11,    0,    0,   -6,   -7,   -6,   -4,   -7,    0,    0,    0,    0,   -7,   -6,    0,   -4,   -4,    0,    0,    0,    0,    0,   -9,   -7,  -11,    0,    0,    0,    0,    0,    0,   -6,    0,    0,    0,    0,    0,    0,    0,    0,    0,    0,    0,    0,    0,    0,    0,    0,    0,    0,    0,    0,    0,    0,    0,    0,    0,    0,    0,    0,    0,    0,    0,    0,    0,    0,    0,    0,    0,    0,    0,    0,    0,    0,    0,    0,    0,    0,    0,    0,    0,    0,    0,    0,    0,    0,    0,    0,    0,    0,    0,    0,    0,    0,    0,    0,    0,    0,    0,    0,    0,    0,    0,    0,    0,    0,    0,    0,    0,    0,    0,    0,    0,    0,    0,    0,    0,    0,
       0,    0,    0,    0,    0,    0,    0,    0,    0,    0,    0,   -4,   -9,  -10,   -4,    0,  -10,  -10,   -7,    0,   -8,    0,    0,    0,    0,   -6,    0,    0,    0,    0,    0,    0,    0,    0,    0,    0,    0,    0,    0,    0,    0,    0,    0,    0,    0,    0,    0,    0,    0,    0,    0,   27,    0,    0,   -4,    0,    0,    0,    0,    0,    0,    0,    0,    0,    0,    0,    0,    0,    0,    0,    0,   -9,   -6,    0,    0,    0,   -4,    9,    0,    0,    0,  -10,  -10,    0,   -4,    0,   -7,    0,    0,    0,    0,    0,    0,    0,    0,    0,    0,    0,    0,    0,    0,    0,    0,    0,    0,    0,    0,    0,    0,    0,    0,    0,    0,    0,    0,    0,    0,    0,  -11,    0,    0,    0,    0,   -3,    0,    0,   -5,    0,    0,   -3,    0,    0,    0,    0,    0,    0,    0,    0,    0,    0,    0,    0,    0,    0,    0,    0,
       0,    0,    0,    0,    0,    0,    0,    0,    0,    0,    0,   -7,    0,    0,   -7,    0,    0,    0,   -6,   -8,   -4,   -8,   -6,  -10,   -8,  -11,    0,    0,    0,    0,    0,    0,    0,    0,    0,    0,    0,    0,    0,    0,    0,    0,    0,    0,    0,    0,    0,    0,    0,    0,    0,    0,    0,    0,   -7,    0,    0,    0,    0,    0,    0,    0,    0,    0,    0,    0,    0,    0,    0,    0,   -8,    0,   -6,   -5,   -6,   -8,   -7,   -6,   -8,   -9,    0,    0,    0,  -10,    0,   -8,   -5,    0,    0,    0,    0,    0,    0,    0,    0,    0,    0,    0,    0,    0,    0,    0,    0,    0,    0,    0,    0,    0,    0,    0,    0,    0,    0,    0,    0,    0,    0,    0,    0,    0,   -8,    0,    0,    0,    0,    0,    0,    0,    0,   -8,    0,    0,    0,    0,    0,    0,    0,    0,    0,    0,    0,    0,    0,    0,    0,    0,
       0,    0,    0,    0,    0,    0,    0,    0,    0,    0,    0,    0,    0,    0,    0,    0,    0,    0,    0,  -28,   -4,  -10,   -7,    0,  -16,   -4,    0,    0,    0,    0,    0,    0,    0,    0,    0,    0,    0,    0,    0,    0,    0,    0,    0,    0,    0,    0,    0,    0,    0,    0,    0,    0,    0,    0,    0,    0,    0,    0,    0,    0,    0,    0,    0,    0,    0,    0,    0,    0,    0,    0,    0,    0,    0,    0,    0,    0,    0,    0,    0,    0,    0,    0,    0,    0,    0,    0,    0,    0,    0,    0,    0,    0,    0,    0,    0,    0,    0,    0,    0,    0,    0,    0,    0,    0,    0,    0,    0,    0,    0,    0,    0,    0,    0,    0,    0,    0,    0,    0,    0,    0,    0,    0,    0,    0,    0,    0,    0,    0,    0,    0,    0,    0,    0,    0,    0,    0,    0,    0,    0,    0,    0,    0,    0,    0,    0,    0,
       0,    0,    0,    0,    0,    0,    0,    0,    0,    0,    0,    0,    0,    0,    0,    0,    0,    0,    0,  -26,    0,   -4,    0,    0,  -11,    0,    0,    0,    0,    0,    0,    0,    0,    0,    0,    0,    0,    0,    0,    0,    0,    0,    0,    0,    0,    0,    0,    0,    0,    0,    0,    0,    0,    0,    0,    0,    0,    0,    0,    0,    0,    0,    0,    0,    0,    0,    0,    0,    0,    0,  -26,    0,    0,    0,    0,    0,    0,    0,    0,    0,    0,    0,    0,    0,    0,    0,    0,    0,    0,    0,    0,    0,    0,    0,    0,    0,    0,    0,    0,    0,    0,    0,    0,    0,    0,    0,    0,    0,    0,    0,    0,    0,    0,    0,    0,    0,    0,    0,    0,    0,  -11,    0,    0,    0,    0,    0,    0,    0,    0,    0,    0,    0,    0,    0,    0,    0,    0,    0,    0,    0,    0,    0,    0,    0,    0,    0,
       0,    0,    0,    0,    0,    0,    0,    0,    0,    0,    0,   -7,    0,    0,  -14,    0,    0,    0,   -7,  -29,    0,  -15,   -7,  -17,  -26,  -14,    0,    0,    0,    0,    0,    0,    0,    0,    0,    0,    0,    0,    0,    0,    0,    0,    0,    0,    0,    0,    0,    0,    0,    0,    0,    0,    0,    0,  -15,    0,    0,    0,    0,    0,    0,    0,    0,    0,    0,    0,    0,    0,    0,    0,  -29,    0,   -8,  -12,  -12,  -18,   -7,  -11,  -19,  -13,    0,    0,    0,  -17,   -5,  -14,   -8,    0,    0,    0,    0,    0,    0,    0,    0,    0,    0,    0,    0,    0,    0,    0,    0,    0,    0,    0,    0,    0,    0,    0,    0,    0,    0,    0,    0,    0,    0,    0,    0,    0,  -26,    0,    0,   -3,    0,    0,    0,    0,    0,  -13,    0,    0,    0,    0,    0,    0,    0,    0,    0,    0,    0,    0,    0,    0,    0,    0,
       0,    0,    0,    0,    0,    0,    0,    0,    0,    0,    0,  -15,  -12,  -12,  -21,    0,  -12,  -12,  -10,  -37,  -15,  -16,  -13,  -23,  -22,  -23,    0,    0,    0,    0,    0,    0,    0,    0,    0,    0,    0,    0,    0,    0,    0,    0,    0,    0,    0,    0,    0,    0,    0,    0,    0,    0,    0,    0,  -24,    0,    0,    0,    0,    0,    0,    0,    0,    0,    0,    0,    0,    0,    0,    0,    0,    0,    0,    0,    0,    0,    0,    0,    0,    0,    0,    0,    0,    0,    0,    0,    0,    0,    0,    0,    0,    0,    0,    0,    0,    0,    0,    0,    0,    0,    0,    0,    0,    0,    0,    0,    0,    0,    0,    0,    0,    0,    0,    0,    0,    0,    0,    0,    0,    0,    0,    0,    0,    0,    0,    0,    0,    0,    0,    0,    0,    0,    0,    0,    0,    0,    0,    0,    0,    0,    0,    0,    0,    0,    0,    0,
      -5,  -11,    0,  -13,    0,  -20,    0,  -14,    0,  -11,    0,   -9,    0,    0,  -19,    0,    0,    0,    0,  -15,    0,   -7,    0,  -14,  -14,  -16,   -5,    0,  -14,   -5,    0,    0,    0,    0,    0,    0,    0,    0,    0,    0,    0,    0,    0,    0,    0,    0,    0,    0,    0,    0,    0,   -9,    0,    0,  -16,    0,    0,    0,    0,    0,    0,    0,    0,    0,    0,    0,  -14,    0,   -8,    0,    0,    0,    0,    0,    0,    0,    0,    0,    0,    0,    0,    0,    0,    0,    0,    0,    0,    0,    0,    0,    0,    0,    0,    0,    0,    0,    0,    0,    0,    0,    0,    0,    0,    0,    0,    0,    0,    0,    0,    0,    0,    0,    0,    0,    0,    0,    0,    0,    0,    0,    0,    0,    0,    0,    0,    0,    0,    0,    0,    0,    0,    0,    0,    0,    0,    0,    0,    0,    0,    0,    0,    0,   -8,   -5,  -19,    0,
       0,  -13,    0,   -9,  -11,    0,    0,    0,    0,   -7,    0,    0,    0,    0,    0,    0,    0,    0,    0,    0,    0,    0,    0,    0,    0,    0,    0,    0,   -7,    0,    0,    0,    0,    0,    0,    0,    0,    0,    0,    0,    0,    0,    0,    0,    0,   -9,   -8,    0,   -9,    0,    0,   -7,    0,    0,    0,    0,    0,    0,    0,    0,    0,    0,    0,    0,    0,    0,    0,  -11,    0,   -7,    0,    0,    0,    0,    0,    0,    0,    0,    0,    0,    0,    0,    0,    0,    0,    0,    0,    0,    0,    0,    0,    0,    0,    0,    0,    0,    0,    0,    0,    0,    0,    0,    0,    0,    0,    0,    0,    0,    0,    0,    0,    0,    0,    0,    0,    0,    0,    0,    0,    0,    0,    0,    0,    0,    0,    0,    0,    0,    0,    0,    0,    0,    0,    0,    0,    0,    0,    0,    0,    0,    0,    0,  -10,  -10,    0,    0,
       0,    0,    0,    0,    0,    0,    0,   -7,    0,    5,    0,    0,    0,    0,    0,    0,    0,    0,    0,    0,    0,    0,    0,    0,    0,    0,    0,    0,    4,    0,    0,    0,    0,    0,    0,    0,    0,    0,    0,    0,    0,    0,    0,    0,    0,    0,    0,    0,    0,    0,    0,    4,    0,    0,    0,    0,    0,    0,    0,    0,    0,    0,    0,    0,    0,    0,    0,    0,    0,    0,    0,    0,    0,    0,    0,    0,    0,    0,    0,    0,    0,    0,    0,    0,    0,    0,    0,    0,    0,    0,    0,    0,    0,    0,    0,    0,    0,    0,    0,    0,    0,    0,    0,    0,    0,    0,    0,    0,    0,    0,    0,    0,    0,    0,    0,    0,    0,    0,    0,    0,    0,    0,    0,    0,    0,    0,    0,    0,    0,    0,    0,    0,    0,    0,    0,    0,    0,    0,    0,    0,    0,    0,    0,    0,    0,    0,
       0,  -13,    0,   -9,   -7,    0,    0,   -7,    0,   -9,    0,    0,    0,    0,    0,    0,    0,    0,    0,    0,    0,    0,    0,    0,    0,    0,    0,    0,  -10,    0,    0,    0,    0,    0,    0,    0,    0,    0,    0,    0,    0,    0,    0,    0,    0,   -5,   -4,   -6,   -5,   -6,    0,   -7,    0,    0,    0,    0,    0,    0,    0,    0,    0,    0,    0,    0,    0,    0,    0,    0,    0,    0,    0,    0,    0,    0,    0,    0,    0,    0,    0,    0,    0,    0,    0,    0,    0,    0,    0,    0,    0,    0,    0,    0,    0,    0,    0,    0,    0,    0,    0,    0,    0,    0,    0,    0,    0,    0,    0,    0,    0,    0,    0,    0,    0,    0,    0,    0,    0,    0,    0,    0,    0,    0,    0,    0,    0,    0,    0,    0,    0,    0,    0,    0,    0,    0,    0,    0,    0,    0,    0,    0,    0,    0,  -12,  -12,    0,    0,
       0,    6,    0,   20,    0,   -4,   -4,    0,   -4,   15,    0,    0,    0,    0,    0,    0,    0,    0,    0,    0,    0,    0,    0,    0,    0,    0,    0,   30,   23,   -4,    5,   -4,   -4,   -4,    0,   -4,    3,    3,    5,   -4,   -4,   -4,   -4,    3,   -4,    0,    0,    0,    0,    0,    0,   23,    0,    0,    0,    0,   23,   31,   37,    0,   37,   37,   29,    0,    0,    0,    0,    0,    0,    0,    0,    0,    0,    0,    0,    0,    0,    0,    0,    0,    0,    0,    0,    0,    0,    0,    0,    0,    0,    0,    0,    0,    0,    0,    0,    0,    0,    0,    0,    0,    0,    0,    0,    0,    0,    0,    0,    0,    0,    0,    0,    0,    0,    0,    0,    0,    0,    0,    0,    0,    0,    0,    0,    0,    0,    0,    0,    0,    0,    0,    0,    0,    0,    0,    0,    0,    0,    0,    0,    0,    0,    0,    0,    7,    0,    0,
       0,    0,    0,    0,    0,    0,    0,    0,    0,    0,    0,    0,    0,    0,    0,    0,    0,    0,    0,    0,    0,    0,    0,    0,    0,    0,    0,    0,    0,    0,    0,    0,    0,    0,    0,    0,    0,    6,    0,    0,    0,    0,    0,    0,    0,    0,    0,    0,    0,   -4,    0,    0,    0,    0,    0,    0,    0,    0,    0,    0,    0,    0,    0,    0,    0,    0,    0,    0,    0,    0,    0,    0,    0,    0,    0,    0,    0,    0,    0,    0,    0,    0,    0,    0,    0,    0,    0,    0,    0,    0,    0,    0,    0,    0,    0,    0,    0,    0,    0,    0,    0,    0,    0,    0,    0,    0,    0,    0,    0,    0,    0,    0,    0,    0,    0,    0,    0,    0,    0,    0,    0,    0,    0,    0,    0,    0,    0,    0,    0,    0,    0,    0,    0,    0,    0,    0,    0,    0,    0,    0,    0,    0,    0,    0,    0,    0,
       0,  -14,    0,    0,   -7,    0,    0,    0,    0,   -8,    0,    0,    0,    0,    0,    0,    0,    0,    0,    0,    0,    0,    0,    0,    0,    0,    0,    0,    0,    0,    0,    0,    0,    0,    0,    0,    0,    0,    0,    0,    0,    0,    0,    0,    0,   -5,   -4,    0,    0,    0,    0,    0,    0,    0,    0,    0,    0,    0,    0,    0,    0,    0,    0,    0,    0,    0,    0,    0,    0,    0,    0,    0,    0,    0,    0,    0,    0,    0,    0,    0,    0,    0,    0,    0,    0,    0,    0,    0,    0,    0,    0,    0,    0,    0,    0,    0,    0,    0,    0,    0,    0,    0,    0,    0,    0,    0,    0,    0,    0,    0,    0,    0,    0,    0,    0,    0,    0,    0,    0,    0,    0,    0,    0,    0,    0,    0,    0,    0,    0,    0,    0,    0,    0,    0,    0,    0,    0,    0,    0,    0,    0,    0,  -11,  -11,    0,    0,
       0,    0,    0,    0,    0,    0,    0,    0,    0,    0,    0,    0,    0,    0,    0,    0,    0,    0,    0,    0,    0,    0,    0,    0,    0,    0,    0,    0,    0,    0,    0,    0,    0,    0,    0,    0,    0,   -5,    0,    0,    0,    0,    0,    0,    0,   -8,   -7,   -5,   -8,    0,    0,    0,    0,    0,    0,    0,    0,    0,    0,    0,    0,    0,    0,    0,    0,    0,    0,  -11,    0,   -8,    0,    0,    0,    0,    0,    0,    0,    0,    0,    0,    0,    0,    0,    0,    0,    0,    0,    0,    0,    0,    0,    0,    0,    0,    0,    0,    0,    0,    0,    0,    0,    0,    0,    0,    0,    0,    0,    0,    0,    0,    0,    0,    0,    0,    0,    0,    0,    0,    0,    0,    0,    0,    0,    0,    0,    0,    0,    0,    0,    0,    0,    0,    0,    0,    0,    0,    0,    0,    0,    0,    0,    0,    0,    0,    0,    0,
       0,    0,    0,    0,    0,    0,    0,    0,    0,    0,    0,  -12,    0,    0,  -21,    0,    0,    0,    0,    0,    0,    0,    0,  -10,   -5,   -5,    0,    0,    0,   -7,   -4,    0,    0,    0,   -4,    0,   -4,   -4,    0,   -4,    0,    0,    0,    0,    0,    0,    0,    0,    0,    0,    0,    0,    0,    0,  -19,   -4,   -4,   -4,   -4,    0,   -4,   -4,   -4,   -4,    0,    0,   -6,    0,    0,    0,    0,    0,    0,    0,    0,    0,    0,    0,    0,    0,    0,    0,    0,    0,    0,    0,    0,    0,    0,    0,    0,    0,    0,    0,    0,    0,    0,    0,    0,    0,    0,    0,    0,    0,    0,    0,    0,    0,    0,    0,    0,    0,    0,    0,    0,    0,    0,    0,    0,    0,    0,    0,    0,    0,    0,    0,    0,    0,    0,    0,    0,    0,    0,    0,    0,    0,    0,    0,    0,    0,    0,    0,    0,    0,    0,    0,
       0,    0,    0,    0,    0,    0,    0,    0,    0,    0,    0,    0,    0,    0,    0,    0,    0,    0,    0,    0,    0,   -5,    0,    0,   -7,    0,    0,    0,    0,    0,    0,    0,    0,    0,    0,    0,    0,    0,    0,    0,    0,    0,    0,    0,    0,    0,    0,    0,    0,    0,    0,    0,    0,    0,    0,    0,    0,    0,    0,    0,    0,    0,    0,   -4,    0,    0,    0,    0,   -5,    0,    0,    0,    0,    0,    0,    0,    0,    0,    0,    0,    0,    0,    0,    0,    0,    0,    0,    0,    0,    0,    0,    0,    0,    0,    0,    0,    0,    0,    0,    0,    0,    0,    0,    0,    0,    0,    0,    0,    0,    0,    0,    0,    0,    0,    0,    0,    0,    0,    0,    0,    0,    0,    0,    0,    0,    0,    0,    0,    0,    0,    0,    0,    0,    0,    0,    0,    0,    0,    0,    0,    0,    0,    0,    0,    0,    0,
       0,   -5,   -7,    0,   -4,    4,    0,    0,    0,    0,   -5,    0,    0,    0,    0,    0,    0,    0,    0,    0,    0,    0,    0,    0,    0,    0,   -6,    0,  -14,    0,    0,    0,    0,    0,    0,    0,    0,    0,    0,    0,    0,    0,    0,    0,    0,    0,    0,    0,    0,    0,   -6,   -7,   -8,    0,    0,    0,    0,    0,    0,    0,    0,    0,    0,    0,    0,    0,    0,    0,    0,    0,    0,   -9,    0,    5,    0,    0,    6,    0,    0,    0,    0,   -9,   -9,    0,    0,    0,    0,    0,   -5,    0,    0,    0,   -5,    0,    0,    0,    0,   -6,    0,   -5,   -5,   -8,   -6,    3,   -6,    0,   -5,    0,    0,    0,    0,    0,    0,    0,    0,    0,   -5,    0,   -8,   -4,    0,   -8,    0,    0,    0,    0,   -6,    0,    0,    0,   -6,    0,    0,    0,    0,    0,    0,    0,    0,    0,    0,    0,   -4,    0,    0,    0,
      -4,  -12,    0,   -6,  -10,   -4,    5,   -5,   -4,   -4,    0,    0,    0,    0,    0,    0,    0,    0,    0,    0,    0,    0,    0,    0,    0,    0,   -6,    0,  -14,    0,    0,    0,    0,    0,    0,    0,    0,    0,    0,    0,    0,    0,    0,    0,    0,    0,    0,    0,    0,    0,    0,   -9,    0,    0,    0,    0,    0,    0,    0,    0,    0,    0,    0,    0,    0,    0,    0,    0,    0,    0,    0,    0,    0,    0,    0,   -4,    0,    0,   -6,    0,    0,    0,    0,   -6,   -7,    0,   -6,    0,    0,    0,    0,    0,    0,   -6,   -3,    0,    0,    0,    0,    0,  -11,   -5,    0,   -5,    0,    0,  -11,    0,    0,    0,    0,    0,    0,    0,    0,    0,  -11,   -3,    0,    0,    0,   -5,    0,   -6,    0,    0,    0,    0,   -3,    0,  -10,   -3,    0,    0,    0,    0,    0,    0,    0,    0,    0,    0,    0,    0,    0,    0,
       0,    0,   -9,    4,    0,  -25,  -16,  -29,  -28,    7,  -17,    0,    0,    0,    0,    0,    0,    0,    0,    0,    0,    0,    0,    0,    0,    0,    0,    0,  -11,    0,    0,    0,    0,    0,    0,    0,    0,    0,    0,    0,    0,    0,    0,    0,    0,    0,    0,    0,    0,    0,   -8,    0,  -28,  -25,    0,    0,    0,    0,    0,    0,    0,    0,    0,    0,    0,    0,    0,    0,    0,    0,    8,   -9,    0,  -37,  -22,    7,  -21,  -21,    0,    0,    0,   -9,   -9,    5,    0,    6,    0,  -32,    0,  -30,  -31,  -38,  -38,  -25,  -27,  -38,  -35,  -38,  -31,  -38,  -21,  -21,  -26,  -22,  -25,  -31,  -21,  -26,  -37,    9,  -38,  -35,    0,   14,    0,    9,    0,  -25,   -7,  -40,    0,  -21,    0,    0,  -31,  -32,    0,  -32,  -44,    0,  -21,  -37,    0,    0,    0,    0,    0,    0,    0,    0,    0,    0,    0,    0,  -22,    0,
       0,    0,   -8,    0,    0,    7,  -10,    0,    0,    5,   -6,    0,    0,    0,    0,    0,    0,    0,    0,    0,    0,    0,    0,    0,    0,    0,   -3,    0,    0,    0,    0,    0,    0,    0,    0,    0,    0,    0,    0,    0,    0,    0,    0,    0,    0,    0,    0,    0,    0,    0,   -9,    0,  -15,    0,    0,    0,    0,    0,    0,    0,    0,    0,    0,    0,    0,    0,    0,    0,    0,    0,    6,   -7,    0,    7,    6,    0,    7,    6,    0,    0,    0,   -7,   -7,    4,    0,    0,    0,    0,   -5,    0,    0,    6,   -5,    5,    0,    6,    0,   -5,    0,   -5,  -11,   -5,   -5,    5,  -16,    0,  -11,    0,    0,    7,    0,    0,    0,    0,    0,    7,    0,    0,  -10,   -3,    6,   -5,    0,    0,  -17,    0,   -4,    0,    0,    0,  -12,    0,    0,    0,    0,    0,    0,    0,    0,    0,    0,    0,    0,    4,    6,    0,
       0,   -4,    0,    0,   -6,    0,    0,    0,    0,    0,    0,    0,    0,    0,    0,    0,    0,    0,    0,    0,    0,    0,    0,    0,    0,    0,    0,    0,    0,    0,    0,    0,    0,    0,    0,    0,    0,    0,    0,    0,    0,    0,    0,    0,    0,    0,    0,    0,    0,    0,    0,    0,    0,    0,    0,    0,    0,    0,    0,    0,    0,    0,    0,    0,    0,    0,    0,    0,    0,    0,    0,    0,    0,    0,    0,    0,    0,    0,    0,    0,    0,    0,    0,    0,    0,    0,    0,    0,    0,    0,    0,    0,    0,    0,    0,    0,    0,    0,    0,    0,  -15,   -5,    0,    0,    0,    0,  -11,    0,    0,    0,    0,    0,    0,    0,    0,    0,   -8,    0,    0,    0,    0,   -5,    0,    0,    0,    0,    0,    0,    0,    0,   -7,    0,    0,    0,    0,    0,    0,    0,    0,    0,    0,    0,    0,    0,    0,    0,
      -5,  -25,   -6,   -7,  -12,    0,    0,    0,    0,  -10,   -4,    0,    0,    0,    0,    0,    0,    0,    0,    0,    0,    0,    0,    0,    0,    0,   -6,    0,  -17,    0,    0,    0,    0,    0,    0,    0,    0,    0,    0,    0,    0,    0,    0,    0,    0,    0,    0,    0,    0,    0,    0,  -12,    0,    0,    0,    0,    0,    0,    0,    0,    0,    0,    0,    0,    0,    0,    0,    0,    0,    0,  -17,   -4,    0,    0,    0,    0,    0,    0,    0,    0,    0,   -4,   -5,    0,  -10,    0,    0,    0,   -4,    0,    0,    0,    0,    0,    0,    0,    0,    0,    0,    0,  -12,   -8,    0,    0,    0,    0,  -12,    0,    0,   -5,    0,    0,   -6,   -6,   -6,   -5,  -12,   -4,   -4,    0,    0,   -7,   -4,   -7,    0,    0,   -3,    0,    0,    0,  -13,    0,    0,    0,    0,    0,    0,    0,    0,    0,    0,    0,    0,    0,    0,    0,
       0,    0,   -6,    0,  -11,    5,  -16,    6,    0,    4,   -6,    0,    0,    0,    0,    0,    0,    0,    0,    0,    0,    0,    0,    0,    0,    0,    0,    0,   -9,    0,    0,    0,    0,    0,    0,    0,    0,    0,    0,    0,    0,    0,    0,    0,    0,    0,    0,    0,    0,    0,   -6,    0,  -20,    0,    0,    0,    0,    0,    0,    0,    0,    0,    0,    0,    0,    0,    0,    0,    0,    0,    6,  -12,    0,    8,    8,    0,   11,    9,    8,    5,    0,  -12,  -12,    9,    0,    7,    6,    0,   -8,    0,    0,    9,   -6,    9,    0,    8,    0,   -6,    0,   -6,  -13,  -16,   -9,    9,  -20,    0,   -8,    6,    6,    7,   -6,    5,    0,    0,    0,    7,   -8,    0,  -14,   -7,    0,  -16,    0,  -13,  -20,    0,   -6,   -5,    0,    6,  -17,    0,    0,    0,    0,    0,    0,    0,    0,    0,    0,    0,    0,    0,    5,    0,
       0,    5,  -11,    5,    0,  -25,   -3,  -22,   -7,    8,  -13,    0,    0,    0,    0,    0,    0,    0,    0,    0,    0,    0,    0,    0,    0,    0,    0,    0,   -9,    0,    0,    0,    0,    0,    0,    0,    0,    0,    0,    0,    0,    0,    0,    0,    0,    0,    0,    0,    0,    0,   -8,    0,  -14,   -4,    0,    0,    0,    0,    0,    0,    0,    0,    0,    0,    0,    0,    0,    0,    0,    0,    9,   -6,    0,  -27,  -21,    8,  -21,  -20,    5,    0,   -2,   -6,   -6,    6,    0,    6,    0,   -9,   -6,   -6,   -6,  -21,  -13,    0,    0,  -21,  -10,  -13,   -6,  -13,    0,    0,  -13,    0,    0,   -6,    0,    0,  -10,   11,  -13,   -6,    0,   14,    0,   11,    0,    0,   -7,  -13,    0,    0,    0,    0,    0,   -9,    0,   -8,    0,    0,    0,    0,    0,    0,    0,    0,    0,    0,    0,    0,    0,    0,    6,    8,  -25,    0,
       0,  -26,   -6,    0,  -21,    9,    0,    6,    0,    0,   -5,    0,    0,    0,    0,    0,    0,    0,    0,    0,    0,    0,    0,    0,    0,    0,    0,    0,   -9,    0,    0,    0,    0,    0,    0,    0,    0,    0,    0,    0,    0,    0,    0,    0,    0,    0,    0,    0,    0,    0,   -7,   -3,   -6,    0,    0,    0,    0,    0,    0,    0,    0,    0,    0,    0,    0,    0,    0,    0,    0,    0,  -21,   -6,    5,    9,    8,    0,   11,    9,    7,    5,    0,   -6,   -6,    8,  -17,    7,    5,    0,   -5,    0,    0,    9,   -4,    9,    0,    8,    0,   -4,    0,   -4,  -13,   -5,   -4,    9,   -9,    0,   -8,    6,    6,    0,    0,    5,    0,    0,    0,    0,   -8,    0,   -8,    0,  -26,   -7,    0,  -12,   -6,    0,   -5,    0,    0,    6,  -12,    0,    0,    0,    0,    0,    0,    0,    0,    0,    0,    0,  -24,  -23,    8,    0,
       0,   -4,   -4,   -8,   -4,   -3,    0,   -7,   -4,   -7,    0,    0,    0,    0,    0,    0,    0,    0,    0,    0,    0,    0,    0,    0,    0,    0,   -4,    0,  -11,    0,    0,    0,    0,    0,    0,    0,    0,    0,    0,    0,    0,    0,    0,    0,    0,    0,    0,    0,    0,    0,    0,   -7,    0,    0,    0,    0,    0,    0,    0,    0,    0,    0,    0,    0,    0,    0,    0,    0,    0,    0,    0,    0,    0,    0,    0,   -4,    0,    0,   -6,    0,    0,    0,   -3,   -7,   -6,    0,   -5,    0,    0,    0,    0,    0,    0,    0,   -4,    0,    0,    0,    0,    0,    0,    0,    0,    0,    0,    0,    0,    0,    0,    0,    0,    0,    0,    0,   -3,    0,    0,    0,    0,    0,   -8,    0,    0,    0,    0,    0,    0,    0,   -4,    0,    0,   -4,    0,    0,    0,    0,    0,    0,    0,    0,    0,    0,    0,    0,    0,    0,
       0,   -4,    0,    9,   -6,    6,    0,   14,    0,    0,    0,    0,    0,    0,    0,    0,    0,    0,    0,    0,    0,    0,    0,    0,    0,    0,    0,    0,    8,    0,    0,    0,    0,    0,    0,    0,    0,    0,    0,    0,    0,    0,    0,    0,    0,    0,    0,    0,    0,    0,   -5,    8,   -5,    0,    0,    0,    0,    0,    0,    0,    0,    0,    0,    0,    0,    0,    0,    0,    0,    0,    0,   -6,    0,    8,    7,    0,    8,    7,    6,    5,    0,   -6,   -9,    6,   -9,    6,    0,    0,    0,    0,    0,    7,    0,    7,    0,    7,    0,    0,    0,    0,    0,   10,    0,    7,   -6,    0,    0,    0,    5,    0,    0,    0,    0,    0,   22,    0,    0,    0,   -8,    0,    0,    0,    0,    0,    0,    0,   -3,    0,    0,    6,   10,    0,    0,    0,    0,    0,    0,    0,    0,    0,    0,    0,    0,    0,    0,    0,
       0,   -4,   -4,   -9,    0,    0,    0,   -5,   -4,   -4,    0,    0,    0,    0,    0,    0,    0,    0,    0,    0,    0,    0,    0,    0,    0,    0,   -4,    0,  -13,    0,    0,    0,    0,    0,    0,    0,    0,    0,    0,    0,    0,    0,    0,    0,    0,    0,    0,    0,    0,    0,    0,   -9,    0,    0,    0,    0,    0,    0,    0,    0,    0,    0,    0,    0,    0,    0,    0,    0,    0,    0,    0,    0,    0,    0,    0,   -3,    0,    0,   -5,    0,    0,    0,   -4,   -5,   -5,    0,   -5,    0,    0,    0,    0,    0,    0,    0,    0,    0,    0,    0,    0,    0,    0,    0,    0,    0,    0,    0,    0,    0,    0,    0,    0,    0,    0,    0,   -3,    0,    0,    0,    0,    0,    0,    0,    0,    0,    0,    0,    0,    0,    0,    0,    0,    0,    0,    0,    0,    0,    0,    0,    0,    0,    0,    0,    0,    0,    0,    0,
       0,   -5,   -5,   -7,   -5,    0,    0,    0,    0,   -4,   -4,    0,    0,    0,    0,    0,    0,    0,    0,    0,    0,    0,    0,    0,    0,    0,   -4,    0,  -11,    0,    0,    0,    0,    0,    0,    0,    0,    0,    0,    0,    0,    0,    0,    0,    0,    0,    0,    0,    0,    0,    0,   -8,    0,    0,    0,    0,    0,    0,    0,    0,    0,    0,    0,    0,    0,    0,    0,    0,    0,    0,    0,    0,    0,    0,    0,   -2,    0,    0,    0,    0,    0,    0,    0,    0,    0,    0,    0,    0,    0,    0,    0,    0,    0,    0,    0,    0,    0,    0,    0,    0,    0,    0,   -3,    0,   -4,    0,    0,    0,    0,    0,    0,    0,    0,    0,    0,    0,    0,    0,    0,    0,   -3,    0,    0,    0,    0,    0,    0,    0,    0,    0,    0,    0,    0,    0,    0,    0,    0,    0,    0,    0,    0,    0,    0,    0,    0,    0,
      -5,   -8,   -4,   -9,    0,  -11,    5,  -14,    0,  -11,   -4,    0,    0,    0,    0,    0,    0,    0,    0,    0,    0,    0,    0,    0,    0,    0,   -3,    0,  -14,    0,    0,    0,    0,    0,    0,    0,    0,    0,    0,    0,    0,    0,    0,    0,    0,    0,    0,    0,    0,    0,    0,  -10,    0,    0,    0,    0,    0,    0,    0,    0,    0,    0,    0,    0,    0,    0,    0,    0,    0,    0,   -9,    0,    0,   -8,   -8,  -12,   -6,   -7,  -16,  -10,    0,    0,    0,   -8,    0,  -10,    0,   -4,    0,    0,    0,   -8,    0,   -3,   -4,   -9,    0,    0,    0,    0,    0,    0,    0,    0,    0,    0,    0,    0,    0,   -4,    0,    0,   -4,   -4,   -5,    0,    0,    0,    0,    0,  -14,    0,    0,    0,    0,    0,    0,    0,   -4,   -9,    0,   -4,    0,    0,    0,    0,    0,    0,    0,    0,    0,    0,   -5,   -3,  -10,    0,
      -4,    0,   -4,   -8,    0,  -30,    0,  -21,    0,    0,    0,    0,    0,    0,    0,    0,    0,    0,    0,    0,    0,    0,    0,    0,    0,    0,   -5,    0,  -14,    0,    0,    0,    0,    0,    0,    0,    0,    0,    0,    0,    0,    0,    0,    0,    0,    0,    0,    0,    0,    0,    0,   -8,   -6,    0,    0,    0,    0,    0,    0,    0,    0,    0,    0,    0,    0,    0,    0,    0,    0,    0,    0,    0,    0,  -31,  -24,    0,  -17,  -23,   -9,   -5,    0,    0,    0,   -6,    0,    0,    0,   -6,    0,    0,    0,  -15,    0,    0,    0,  -16,   -4,    0,    0,    0,    0,    3,    0,    0,    0,    0,    0,    0,    0,    0,    0,    0,    0,    0,    0,    0,    0,    5,    0,    0,    0,    3,    0,    5,    0,   -4,    0,    0,    0,    0,    0,    0,    0,    0,    0,    0,    0,    0,    0,    0,    0,    0,    0,    3,  -38,    0,
       0,    0,   -9,    4,    0,  -25,  -16,  -29,  -28,    7,  -17,    0,    0,    0,    0,    0,    0,    0,    0,    0,    0,    0,    0,    0,    0,    0,    0,    0,  -11,    0,    0,    0,    0,    0,    0,    0,    0,    0,    0,    0,    0,    0,    0,    0,    0,    0,    0,    0,    0,    0,   -8,    0,  -28,  -25,    0,    0,    0,    0,    0,    0,    0,    0,    0,    0,    0,    0,    0,    0,    0,    0,    8,   -9,    0,  -22,  -22,    7,  -21,  -21,    0,    0,    0,   -9,   -9,    5,    0,    6,    0,  -15,    0,  -25,  -25,  -23,  -18,  -23,  -27,  -23,  -25,  -18,  -13,  -18,  -21,   -7,  -18,   -6,  -25,  -25,  -21,  -26,  -25,    9,  -26,  -26,    0,   14,    0,    9,    0,  -23,   -7,  -26,   10,   -7,    0,    0,  -22,  -27,    0,  -27,  -45,    0,  -21,  -38,    0,    0,    0,    0,    0,    0,    0,    0,    0,    0,    0,    0,  -22,    0,
      -5,   -8,   -4,   -9,    0,  -11,    0,  -14,    0,  -11,   -4,    0,    0,    0,    0,    0,    0,    0,    0,    0,    0,    0,    0,    0,    0,    0,   -3,    0,  -14,    0,    0,    0,    0,    0,    0,    0,    0,    0,    0,    0,    0,    0,    0,    0,    0,    0,    0,    0,    0,    0,    0,  -10,    0,    0,    0,    0,    0,    0,    0,    0,    0,    0,    0,    0,    0,    0,    0,    0,    0,    0,   -9,    0,    0,  -18,  -19,  -12,   -6,  -18,  -20,  -15,    0,    0,    0,   -8,    0,  -13,    0,   -6,    0,   -5,   -4,  -13,    0,   -4,   -3,  -14,   -6,    0,   -5,    0,    0,    0,    0,    0,    0,   -4,    0,    0,    0,   -5,    0,    0,   -5,   -5,   -5,   -5,    0,    0,    0,    0,    0,    0,   -5,    0,    0,   -6,    0,    0,   -3,  -19,    0,   -3,    0,    0,    0,    0,    0,    0,    0,    0,    0,    0,   -5,   -3,  -10,    0,
       0,    0,   -8,    0,   -9,    4,   -9,    3,    0,    0,   -9,    0,    0,    0,    0,    0,    0,    0,    0,    0,    0,    0,    0,    0,    0,    0,    0,    0,  -11,    0,    0,    0,    0,    0,    0,    0,    0,    0,    0,    0,    0,    0,    0,    0,    0,    0,    0,    0,    0,    0,   -9,    0,  -16,    0,    0,    0,    0,    0,    0,    0,    0,    0,    0,    0,    0,    0,    0,    0,    0,    0,    4,   -8,    0,    0,    0,    0,    9,    0,    0,    0,    0,   -8,   -8,    6,    0,    0,    0,    0,   -9,    0,    0,    7,   -6,    7,    0,    6,    0,   -6,    0,   -6,  -10,   -2,   -6,    6,  -15,    0,  -10,    0,    0,    6,   -7,    0,    0,    0,    0,    6,   -9,    0,    0,   -8,    6,   -4,    0,    0,  -16,    0,    0,   -6,    0,    0,  -11,    0,    0,    0,    0,    0,    0,    0,    0,    0,    0,    0,    0,    0,    3,    0,
       0,   -4,    0,    9,   -6,    6,    0,   14,    0,    0,    0,    0,    0,    0,    0,    0,    0,    0,    0,    0,    0,    0,    0,    0,    0,    0,    0,    0,    8,    0,    0,    0,    0,    0,    0,    0,    0,    0,    0,    0,    0,    0,    0,    0,    0,    0,    0,    0,    0,    0,   -5,    8,   -5,    0,    0,    0,    0,    0,    0,    0,    0,    0,    0,    0,    0,    0,    0,    0,    0,    0,    0,   -6,    0,    8,    7,    0,    8,    7,    6,    5,    0,   -6,   -9,    6,   -9,    6,    0,    0,    0,    0,    0,    7,    0,    7,    0,    7,    0,    0,    0,    0,    0,   10,    0,    7,   -6,    0,    0,    0,    5,    0,    0,    0,    0,    0,   23,    0,    0,    0,   -8,    0,    0,    0,    0,    0,    0,    0,   -3,    0,    0,    6,   10,    0,    0,    0,    0,    0,    0,    0,    0,    0,    0,    0,    0,    0,    0,    0,
      -5,   -8,   -4,   -9,    0,  -11,    5,  -14,    0,  -11,   -4,    0,    0,    0,    0,    0,    0,    0,    0,    0,    0,    0,    0,    0,    0,    0,   -3,    0,  -14,    0,    0,    0,    0,    0,    0,    0,    0,    0,    0,    0,    0,    0,    0,    0,    0,    0,    0,    0,    0,    0,    0,  -10,    0,    0,    0,    0,    0,    0,    0,    0,    0,    0,    0,    0,    0,    0,    0,    0,    0,    0,   -9,    0,    0,   -7,   -7,  -11,   -6,   -6,  -15,  -10,    0,    0,    0,   -8,    0,   -9,    0,    0,    0,    0,    0,   -8,    0,    0,   -4,   -9,    0,    0,    0,    0,    0,    0,    0,    0,    0,    0,    0,    0,    0,    0,    0,    0,   -4,   -4,   -5,    0,    0,    0,    0,    0,    0,    0,    0,    0,    0,    0,    0,    0,   -4,   -9,    0,   -4,    0,    0,    0,    0,    0,    0,    0,    0,    0,    0,   -5,   -3,  -10,    0,
       0,   -9,    0,   -8,   -7,    0,    0,    0,    0,   -9,    0,    0,    0,    0,    0,    0,    0,    0,    0,    0,    0,    0,    0,    0,    0,    0,    0,    0,  -10,    0,    0,    0,    0,    0,    0,    0,    0,    0,    0,    0,    0,    0,    0,    0,    0,    0,    0,    0,    0,    0,    0,   -7,    0,    0,    0,    0,    0,    0,    0,    0,    0,    0,    0,    0,    0,    0,    0,    0,    0,    0,    0,    0,    0,    0,    0,    0,    0,    0,    0,    0,    0,    0,    0,    0,    0,    0,    0,    0,    0,    0,    0,    0,    0,    0,    0,    0,    0,    0,    0,    0,    0,   -5,    0,    0,    0,    0,    0,    0,    0,    0,    0,    0,    0,    0,    0,    0,    0,    0,    0,    0,    0,   -5,    0,    0,    0,    0,    0,    0,    0,    0,    0,    0,    0,    0,    0,    0,    0,    0,    0,    0,    0,    0,    0,   -8,    0,    0,
      -4,   -8,   -4,    0,   -6,   -6,    6,   -7,   -6,    0,    0,    0,    0,    0,    0,    0,    0,    0,    0,    0,    0,    0,    0,    0,    0,    0,   -6,    0,    0,    0,    0,    0,    0,    0,    0,    0,    0,    0,    0,    0,    0,    0,    0,    0,    0,    0,    0,    0,    0,    0,    0,    0,    0,    0,    0,    0,    0,    0,    0,    0,    0,    0,    0,    0,    0,    0,    0,    0,    0,    0,    0,    0,    0,    0,    0,    0,    0,    0,    0,    0,    0,    0,    0,    0,    0,    0,    0,    0,    0,    0,    0,    0,    0,   -7,   -5,    0,    0,    0,    0,    0,    0,    0,    0,   -4,    0,    0,    0,    0,    0,    0,    0,    0,    0,    0,    0,    0,    0,    0,    0,    0,    0,    0,    0,    0,    0,    0,    0,    0,   -5,    0,    0,   -5,    0,    0,    0,    0,    0,    0,    0,    0,    0,    0,    0,    0,    0,    0,
       0,  -12,    0,   -8,   -5,    0,    0,    0,    0,   -7,    0,    0,    0,    0,    0,    0,    0,    0,    0,    0,    0,    0,    0,    0,    0,    0,    0,    0,   -9,    0,    0,    0,    0,    0,    0,    0,    0,    0,    0,    0,    0,    0,    0,    0,    0,    0,    0,    0,    0,    0,    0,   -6,    0,    0,    0,    0,    0,    0,    0,    0,    0,    0,    0,    0,    0,    0,    0,    0,    0,    0,    0,    0,    0,    0,    0,    0,    0,    0,    0,    0,    0,    0,    0,    0,    0,    0,    0,    0,    0,    0,    0,    0,    0,    0,    0,    0,    0,    0,    0,    0,    0,    0,    0,    0,    0,    0,    0,    0,    0,    0,    0,    0,    0,    0,    0,    0,    0,    0,    0,    0,    0,    0,    0,    0,    0,    0,    0,    0,    0,    0,    0,    0,    0,    0,    0,    0,    0,    0,    0,    0,    0,    0,    0,    0,    0,    0,
       0,    0,    0,   -5,    0,  -26,  -19,  -15,    0,  -17,    0,    0,    0,    0,    0,    0,    0,    0,    0,    0,    0,    0,    0,    0,    0,    0,    0,    0,   -9,    0,    0,    0,    0,    0,    0,    0,    0,    0,    0,    0,    0,    0,    0,    0,    0,    0,    0,    0,    0,    0,   -6,   -4,   -7,    0,    0,    0,    0,    0,    0,    0,    0,    0,    0,    0,    0,    0,    0,    0,    0,    0,    0,    0,    0,    0,    0,    0,    0,    0,    0,    0,    0,    0,    0,    0,    0,    0,    0,    0,    0,    0,    0,  -15,    0,    0,    0,  -12,    0,    0,    0,    0,    7,    7,    0,    6,    0,    0,    7,    0,    0,    0,    0,    0,    0,    0,    0,    0,    0,    8,    0,    0,    0,    7,    0,    0,    7,    0,    0,    0,    0,    0,    7,    0,    0,    0,    0,    0,    0,    0,    0,    0,    0,    0,    0,    0,    0,    0,
       0,  -10,    0,    8,    0,    0,    0,   11,    0,    0,    0,    0,    0,    0,    0,    0,    0,    0,    0,    0,    0,    0,    0,    0,    0,    0,    0,    0,    8,    0,    0,    0,    0,    0,    0,    0,    0,    0,    0,    0,    0,    0,    0,    0,    0,    0,    0,    0,    0,    0,    0,    8,    0,    0,    0,    0,    0,    0,    0,    0,    0,    0,    0,    0,    0,    0,    0,    0,    0,    0,    0,    0,    0,    0,    0,    0,    0,    0,    0,    0,    0,    0,    0,    0,    0,    0,    0,    0,    0,    0,    0,    7,    0,    7,    0,    7,    0,    0,    0,    0,    0,    8,   -4,    7,   -4,    0,    0,    0,    0,    0,    0,    0,    0,    0,    0,    0,    0,    0,    0,    0,    0,    0,    0,    0,    0,    0,    0,    0,    0,    0,   10,    0,    0,    0,    0,    0,    0,    0,    0,    0,    0,    0,    0,    0,    0,    0,
       0,   -9,    0,   -9,   -6,   -4,    5,   -4,   -4,  -10,    0,    0,    0,    0,    0,    0,    0,    0,    0,    0,    0,    0,    0,    0,    0,    0,   -4,    0,  -10,    0,    0,    0,    0,    0,    0,    0,    0,    0,    0,    0,    0,    0,    0,    0,    0,    0,    0,    0,    0,    0,    0,   -7,    0,    0,    0,    0,    0,    0,    0,    0,    0,    0,    0,    0,    0,    0,    0,    0,    0,    0,    0,    0,    0,    0,    0,    0,    0,    0,    0,    0,    0,    0,    0,    0,    0,    0,    0,    0,    0,    0,    0,    0,    0,    0,   -4,    0,    0,    0,    0,    0,    0,   -4,    0,    0,    0,    0,    0,    0,    0,    0,    0,    0,    0,    0,    0,    0,    0,    0,    0,    0,    0,   -4,    0,    0,    0,    0,    0,    0,   -4,    0,    0,   -4,    0,    0,    0,    0,    0,    0,    0,    0,    0,    0,    0,   -8,    0,    0,
       0,   -4,   -6,    0,    0,    0,   -9,    4,    0,    0,   -7,    0,    0,    0,    0,    0,    0,    0,    0,    0,    0,    0,    0,    0,    0,    0,    0,    0,   -8,    0,    0,    0,    0,    0,    0,    0,    0,    0,    0,    0,    0,    0,    0,    0,    0,    0,    0,    0,    0,    0,   -6,    0,  -11,    0,    0,    0,    0,    0,    0,    0,    0,    0,    0,    0,    0,    0,    0,    0,    0,    0,    0,    0,    0,    0,    0,    0,    0,    0,    0,    0,    0,    0,    0,    0,    0,    0,    0,    0,    0,    0,    0,    8,   -9,    8,    0,    7,    0,  -10,    0,   -9,    0,    0,  -10,    6,    0,    0,    0,    0,    5,    0,   -7,    0,    0,    0,    0,    0,    0,    0,    0,   -8,    0,    0,    0,    0,    0,    0,    0,   -4,    0,    0,    0,    0,    0,    0,    0,    0,    0,    0,    0,    0,    0,    0,    0,    0,    0,    0,
       0,  -12,    0,   -8,   -6,    0,    0,    0,    0,   -8,    0,    0,    0,    0,    0,    0,    0,    0,    0,    0,    0,    0,    0,    0,    0,    0,    0,    0,  -11,    0,    0,    0,    0,    0,    0,    0,    0,    0,    0,    0,    0,    0,    0,    0,    0,    0,    0,    0,    0,    0,    0,   -7,    0,    0,    0,    0,    0,    0,    0,    0,    0,    0,    0,    0,    0,    0,    0,    0,    0,    0,    0,    0,    0,    0,    0,    0,    0,    0,    0,    0,    0,    0,    0,    0,    0,    0,    0,    0,    0,    0,    0,    0,    0,    0,    0,    0,    0,    0,    0,    0,    0,    0,    0,    0,    0,    0,    0,    0,    0,    0,    0,    0,    0,    0,    0,    0,    0,    0,    0,    0,    0,    0,    0,    0,    0,    0,    0,    0,    0,    0,    0,    0,    0,    0,    0,    0,    0,    0,    0,    0,    0,    0,    0,    0,    0,    0,
       0,    0,   -5,    0,    0,    0,   -9,    4,    0,    0,   -7,    0,    0,    0,    0,    0,    0,    0,    0,    0,    0,    0,    0,    0,    0,    0,    0,    0,   -8,    0,    0,    0,    0,    0,    0,    0,    0,    0,    0,    0,    0,    0,    0,    0,    0,    0,    0,    0,    0,    0,   -6,    0,  -11,    0,    0,    0,    0,    0,    0,    0,    0,    0,    0,    0,    0,    0,    0,    0,    0,    0,    0,    0,    0,    0,    0,    0,    0,    0,    0,    0,    0,    0,    0,    0,    0,    0,    0,    0,    0,    0,    0,    8,   -9,    8,    0,    7,    0,  -10,    0,   -9,    0,    0,  -10,    6,    0,    0,    0,    0,    5,    0,   -8,    0,    0,    0,    0,    0,    0,    0,    0,   -8,    0,    0,    0,    0,    0,    0,    0,    0,    0,    0,    0,    0,    0,    0,    0,    0,    0,    0,    0,    0,    0,    0,    0,    0,    0,    0,
       0,  -11,    0,   -9,   -7,   -7,    6,   -8,   -6,  -10,    0,    0,    0,    0,    0,    0,    0,    0,    0,    0,    0,    0,    0,    0,    0,    0,    0,    0,  -10,    0,    0,    0,    0,    0,    0,    0,    0,    0,    0,    0,    0,    0,    0,    0,    0,    0,    0,    0,    0,    0,    0,   -7,    0,    0,    0,    0,    0,    0,    0,    0,    0,    0,    0,    0,    0,    0,    0,    0,    0,    0,    0,    0,    0,    0,    0,    0,    0,    0,    0,    0,    0,    0,    0,    0,    0,    0,    0,    0,    0,    0,    0,    0,    0,   -8,   -6,    0,    0,    0,    0,    0,    0,   -5,    0,   -6,    0,    0,    0,   -4,    0,    0,    0,    0,    0,    0,    0,    0,    0,    0,    0,    0,    0,   -5,    0,    0,    0,    0,    0,    0,   -6,    0,    0,   -6,    0,    0,    0,    0,    0,    0,    0,    0,    0,    0,   -7,   -9,    0,    0,
       0,  -11,   -4,   -9,   -7,   -6,    6,   -7,   -6,   -9,    0,    0,    0,    0,    0,    0,    0,    0,    0,    0,    0,    0,    0,    0,    0,    0,   -6,    0,  -10,    0,    0,    0,    0,    0,    0,    0,    0,    0,    0,    0,    0,    0,    0,    0,    0,    0,    0,    0,    0,    0,    0,   -7,    0,    0,    0,    0,    0,    0,    0,    0,    0,    0,    0,    0,    0,    0,    0,    0,    0,    0,    0,    0,    0,    0,    0,    0,    0,    0,    0,    0,    0,    0,    0,    0,    0,    0,    0,    0,    0,    0,    0,    0,    0,   -7,   -5,    0,    0,    0,    0,    0,    0,   -5,    0,   -6,    0,    0,    0,    0,    0,   -4,    0,    0,    0,    0,    0,    0,    0,    0,    0,    0,    0,   -5,    0,    0,    0,    0,    0,    0,   -5,    0,    0,   -5,    0,    0,    0,    0,    0,    0,    0,    0,    0,    0,   -7,   -9,    0,    0,
       0,    0,    0,    0,    0,    3,  -11,    0,    0,    0,    0,    0,    0,    0,    0,    0,    0,    0,    0,    0,    0,    0,    0,    0,    0,    0,    0,    0,   -9,    0,    0,    0,    0,    0,    0,    0,    0,    0,    0,    0,    0,    0,    0,    0,    0,    0,    0,    0,    0,    0,   -7,   -4,  -10,    0,    0,    0,    0,    0,    0,    0,    0,    0,    0,    0,    0,    0,    0,    0,    0,    0,    0,    0,    0,    0,    0,    0,    0,    0,    0,    0,    0,    0,    0,    0,    0,    0,    0,    0,    0,    0,    0,    7,    0,    7,    0,    6,    0,   -4,    0,    0,    5,    4,   -4,    5,    0,    0,    5,    0,    0,    0,    0,    0,    0,    0,    0,    0,    0,    0,    0,    0,    0,    4,    0,    0,    0,    0,    0,    0,    0,    0,    0,    0,    0,    0,    0,    0,    0,    0,    0,    0,    0,    0,    0,    0,    0,    0,
       0,    0,    0,   -4,    0,  -17,  -10,  -15,    0,  -16,    0,    0,    0,    0,    0,    0,    0,    0,    0,    0,    0,    0,    0,    0,    0,    0,    0,    0,   -8,    0,    0,    0,    0,    0,    0,    0,    0,    0,    0,    0,    0,    0,    0,    0,    0,    0,    0,    0,    0,    0,   -6,   -4,   -6,    0,    0,    0,    0,    0,    0,    0,    0,    0,    0,    0,    0,    0,    0,    0,    0,    0,    0,    0,    0,    0,    0,    0,    0,    0,    0,    0,    0,    0,    0,    0,    0,    0,    0,    0,    0,    0,    0,  -12,    0,    0,    0,  -12,    0,    0,    0,    0,    7,    7,    0,    6,    0,    0,    7,    0,    0,    0,    0,    0,    0,    0,    0,    0,    0,    8,    0,    0,    0,    7,    0,    0,    7,    0,    0,    0,    0,    0,    7,    0,    0,    0,    0,    0,    0,    0,    0,    0,    0,    0,    0,    0,    0,    0,
       0,    0,    0,   -5,    0,   -7,    0,  -10,    0,  -11,    0,    0,    0,    0,    0,    0,    0,    0,    0,    0,    0,    0,    0,    0,    0,    0,    0,    0,   -9,    0,    0,    0,    0,    0,    0,    0,    0,    0,    0,    0,    0,    0,    0,    0,    0,    0,    0,    0,    0,    0,    0,   -4,    0,    0,    0,    0,    0,    0,    0,    0,    0,    0,    0,    0,    0,    0,    0,    0,    0,    0,    0,    0,    0,    0,    0,    0,    0,    0,    0,    0,    0,    0,    0,    0,    0,    0,    0,    0,    0,    0,    0,   -8,   -4,    0,    0,   -9,    0,   -4,    0,   -4,    7,    6,   -4,    4,    0,    0,    7,    0,    0,    0,    0,    0,    0,    0,    0,    0,    0,    6,    0,    0,    0,    6,    0,    0,    0,    0,    0,    0,    0,    0,    6,    0,    0,    0,    0,    0,    0,    0,    0,    0,    0,    0,    0,    4,  -10,    0,
      -7,  -11,    0,   -9,   -7,   -8,    6,   -8,   -7,  -10,    0,    0,    0,    0,    0,    0,    0,    0,    0,    0,    0,    0,    0,    0,    0,    0,   -6,    0,  -10,    0,    0,    0,    0,    0,    0,    0,    0,    0,    0,    0,    0,    0,    0,    0,    0,    0,    0,    0,    0,    0,    0,   -7,    0,    0,    0,    0,    0,    0,    0,    0,    0,    0,    0,    0,    0,    0,    0,    0,    0,    0,    0,    0,    0,    0,    0,    0,    0,    0,    0,    0,    0,    0,    0,    0,    0,    0,    0,    0,    0,    0,    0,    0,    0,   -9,   -7,   -4,    0,    0,    0,    0,    0,   -5,    0,   -6,    0,    0,    0,   -5,    0,   -4,    0,    0,    0,    0,    0,    0,    0,    0,    0,    0,    0,    0,    0,    0,    0,    0,    0,    0,   -7,    0,   -4,   -7,    0,    0,    0,    0,    0,    0,    0,    0,    0,    0,   -7,   -9,    0,    0,
       0,    0,   -5,    0,    0,    0,   -5,    0,    0,   -4,   -4,    0,    0,    0,    0,    0,    0,    0,    0,    0,    0,    0,    0,    0,    0,    0,    0,    0,   -9,    0,    0,    0,    0,    0,    0,    0,    0,    0,    0,    0,    0,    0,    0,    0,    0,    0,    0,    0,    0,    0,   -7,   -4,  -10,    0,    0,    0,    0,    0,    0,    0,    0,    0,    0,    0,    0,    0,    0,    0,    0,    0,    0,    0,    0,    0,    0,    0,    0,    0,    0,    0,    0,    0,    0,    0,    0,    0,    0,    0,    0,    0,    0,    7,   -7,    7,    0,    6,    0,   -7,    0,   -7,    0,    0,   -7,    6,    0,    0,    0,    0,    0,    0,   -5,    0,    0,    0,    0,    0,    0,    0,    0,   -5,    0,    0,    0,    0,    0,    0,    0,    0,    0,    0,    0,    0,    0,    0,    0,    0,    0,    0,    0,    0,    0,    0,    0,    0,    0,    0,
       0,  -10,    0,    8,    0,    0,    0,   11,    0,    0,    0,    0,    0,    0,    0,    0,    0,    0,    0,    0,    0,    0,    0,    0,    0,    0,    0,    0,    8,    0,    0,    0,    0,    0,    0,    0,    0,    0,    0,    0,    0,    0,    0,    0,    0,    0,    0,    0,    0,    0,    0,    8,    0,    0,    0,    0,    0,    0,    0,    0,    0,    0,    0,    0,    0,    0,    0,    0,    0,    0,    0,    0,    0,    0,    0,    0,    0,    0,    0,    0,    0,    0,    0,    0,    0,    0,    0,    0,    0,    0,    0,    7,    0,    7,    0,    7,    0,    0,    0,    0,    0,    8,   -4,    7,   -4,    0,    0,    0,    0,    0,    0,    0,    0,    0,   28,    0,    0,    0,    0,    0,    0,    0,    0,    0,    0,    0,    0,    0,    0,    0,   10,    0,    0,    0,    0,    0,    0,    0,    0,    0,    0,    0,    0,    0,    0,    0,
       0,  -27,    0,   -8,  -17,    0,    0,    0,    0,   -6,    0,    0,    0,    0,    0,    0,    0,    0,    0,    0,    0,    0,    0,    0,    0,    0,    0,    0,  -11,    0,    0,    0,    0,    0,    0,    0,    0,    0,    0,    0,    0,    0,    0,    0,    0,    0,    0,    0,    0,    0,    0,   -6,    0,    0,    0,    0,    0,    0,    0,    0,    0,    0,    0,    0,    0,    0,    0,    0,    0,    0,    0,    0,    0,    0,    0,    0,    0,    0,    0,    0,    0,    0,    0,    0,    0,    0,    0,    0,    0,    0,    0,    0,    0,    0,    0,    0,    0,    0,    0,    0,  -16,   -6,    0,    0,    0,    0,  -11,    0,    0,    0,    0,    0,    0,    0,    0,    0,    0,    0,    0,    0,    0,   -6,    0,    0,    0,    0,    0,    0,    0,    0,   -7,    0,    0,    0,    0,    0,    0,    0,    0,    0,    0,    0,    0,    0,    0,    0,
       0,  -11,    0,   -9,   -7,   -6,    6,   -8,   -5,  -10,    0,    0,    0,    0,    0,    0,    0,    0,    0,    0,    0,    0,    0,    0,    0,    0,    0,    0,  -10,    0,    0,    0,    0,    0,    0,    0,    0,    0,    0,    0,    0,    0,    0,    0,    0,    0,    0,    0,    0,    0,    0,   -7,    0,    0,    0,    0,    0,    0,    0,    0,    0,    0,    0,    0,    0,    0,    0,    0,    0,    0,    0,    0,    0,    0,    0,    0,    0,    0,    0,    0,    0,    0,    0,    0,    0,    0,    0,    0,    0,    0,    0,    0,    0,   -7,   -5,    0,    0,    0,    0,    0,    0,   -5,    0,   -6,    0,    0,    0,   -4,    0,    0,    0,    0,    0,    0,    0,    0,    0,    0,    0,    0,    0,    0,    0,    0,    0,    0,    0,    0,   -5,    0,    0,   -5,    0,    0,    0,    0,    0,    0,    0,    0,    0,    0,   -7,   -9,    0,    0,
       0,  -11,    0,   -9,   -7,   -7,    6,   -8,   -6,  -10,    0,    0,    0,    0,    0,    0,    0,    0,    0,    0,    0,    0,    0,    0,    0,    0,    0,    0,  -10,    0,    0,    0,    0,    0,    0,    0,    0,    0,    0,    0,    0,    0,    0,    0,    0,    0,    0,    0,    0,    0,    0,   -7,    0,    0,    0,    0,    0,    0,    0,    0,    0,    0,    0,    0,    0,    0,    0,    0,    0,    0,    0,    0,    0,    0,    0,    0,    0,    0,    0,    0,    0,    0,    0,    0,    0,    0,    0,    0,    0,    0,    0,    0,    0,   -8,   -6,    0,    0,    0,    0,    0,    0,   -5,    0,   -6,    0,    0,    0,   -4,    0,    0,    0,    0,    0,    0,    0,    0,    0,    0,    0,    0,    0,    0,    0,    0,    0,    0,    0,    0,   -6,    0,    0,   -6,    0,    0,    0,    0,    0,    0,    0,    0,    0,    0,   -7,   -9,    0,    0,
       0,  -19,   -6,    0,   -8,    0,    0,    0,    0,  -10,   -4,    0,    0,    0,    0,    0,    0,    0,    0,    0,    0,    0,    0,    0,    0,    0,   -4,    0,    0,    0,    0,    0,    0,    0,    0,    0,    0,    0,    0,    0,    0,    0,    0,    0,    0,    0,    0,    0,    0,    0,    0,    0,    0,    0,    0,    0,    0,    0,    0,    0,    0,    0,    0,    0,    0,    0,    0,    0,    0,    0,    0,    0,    0,    0,    0,    0,    0,    0,    0,    0,    0,    0,    0,    0,    0,    0,    0,    0,   -4,    0,    0,    0,    0,    0,    0,    0,    0,    0,    0,    0,    0,    0,    0,    0,    0,    0,    0,    0,    0,   -6,    0,    0,    0,    0,    0,    0,    0,    0,    0,    0,    0,    0,    0,    0,    0,    0,    0,    0,    0,    0,    0,    0,    0,    0,    0,    0,    0,    0,    0,    0,    0,    0,    0,    0,    0,    0,
       0,   -4,   -6,    0,    0,    0,   -5,    0,    0,   -5,   -4,    0,    0,    0,    0,    0,    0,    0,    0,    0,    0,    0,    0,    0,    0,    0,   -4,    0,  -11,    0,    0,    0,    0,    0,    0,    0,    0,    0,    0,    0,    0,    0,    0,    0,    0,    0,    0,    0,    0,    0,   -8,   -6,  -10,    0,    0,    0,    0,    0,    0,    0,    0,    0,    0,    0,    0,    0,    0,    0,    0,    0,    0,    0,    0,    0,    0,    0,    0,    0,    0,    0,    0,    0,    0,    0,    0,    0,    0,    0,    0,    0,    0,    0,   -4,    0,    0,    0,    0,   -4,    0,   -4,    0,    0,   -5,    0,    0,    0,    0,    0,    0,    0,   -4,    0,    0,    0,    0,    0,    0,    0,    0,   -4,    0,    0,    0,    0,    0,    0,    0,    0,    0,    0,    0,    0,    0,    0,    0,    0,    0,    0,    0,    0,    0,    0,    0,    0,    0,    0,
       0,   -8,    0,   -9,    0,    0,    0,    0,    0,   -6,    0,    0,    0,    0,    0,    0,    0,    0,    0,    0,    0,    0,    0,    0,    0,    0,    0,    0,  -12,    0,    0,    0,    0,    0,    0,    0,    0,    0,    0,    0,    0,    0,    0,    0,    0,    0,    0,    0,    0,    0,   -4,   -7,    0,    0,    0,    0,    0,    0,    0,    0,    0,    0,    0,    0,    0,    0,    0,    0,    0,    0,    0,    0,    0,    0,    0,    0,    0,    0,    0,    0,    0,    0,    0,    0,    0,    0,    0,    0,    0,    0,    0,    0,    0,    0,    0,    0,    0,    0,    0,    0,    0,    0,    0,    0,    0,    0,    0,    0,    0,    0,    0,    0,    0,    0,    0,    0,    0,    0,    0,    0,    0,    0,    0,    0,    0,    0,    0,    0,    0,    0,    0,    0,    0,    0,    0,    0,    0,    0,    0,    0,    0,    0,    0,    0,    0,    0,
       0,  -19,   -6,   -8,   -8,    0,    0,    0,    0,  -10,   -4,    0,    0,    0,    0,    0,    0,    0,    0,    0,    0,    0,    0,    0,    0,    0,   -4,    0,  -14,    0,    0,    0,    0,    0,    0,    0,    0,    0,    0,    0,    0,    0,    0,    0,    0,    0,    0,    0,    0,    0,    0,  -11,    0,    0,    0,    0,    0,    0,    0,    0,    0,    0,    0,    0,    0,    0,    0,    0,    0,    0,    0,    0,    0,    0,    0,    0,    0,    0,    0,    0,    0,    0,    0,    0,    0,    0,    0,    0,   -4,    0,    0,    0,    0,    0,    0,    0,    0,    0,    0,    0,    0,    0,    0,    0,    0,    0,    0,    0,    0,   -4,    0,    0,    0,    0,    0,    0,    0,    0,    0,    0,    0,    0,    0,    0,    0,    0,    0,    0,    0,    0,    0,    0,    0,    0,    0,    0,    0,    0,    0,    0,    0,    0,    0,    0,    0,    0,
       0,  -25,    0,   -8,  -17,    0,    0,    0,    0,   -6,    0,    0,    0,    0,    0,    0,    0,    0,    0,    0,    0,    0,    0,    0,    0,    0,    0,    0,  -11,    0,    0,    0,    0,    0,    0,    0,    0,    0,    0,    0,    0,    0,    0,    0,    0,    0,    0,    0,    0,    0,    0,   -6,    0,    0,    0,    0,    0,    0,    0,    0,    0,    0,    0,    0,    0,    0,    0,    0,    0,    0,    0,    0,    0,    0,    0,    0,    0,    0,    0,    0,    0,    0,    0,    0,    0,    0,    0,    0,    0,    0,    0,    0,    0,    0,    0,    0,    0,    0,    0,    0,  -13,   -6,    0,    0,    0,    0,  -10,    0,    0,    0,    0,    0,    0,    0,    0,    0,    0,    0,    0,    0,    0,   -6,    0,    0,    0,    0,    0,    0,    0,    0,   -7,    0,    0,    0,    0,    0,    0,    0,    0,    0,    0,    0,    0,    0,    0,    0,
       0,    0,   -6,    7,    0,    0,  -22,  -23,  -16,   12,  -13,    0,    0,    0,    0,    0,    0,    0,    0,    0,    0,    0,    0,    0,    0,    0,    0,    0,    8,    0,    0,    0,    0,    0,    0,    0,    0,    0,    0,    0,    0,    0,    0,    0,    0,    0,    0,    0,    0,    0,    0,    8,  -30,  -15,    0,    0,    0,    0,    0,    0,    0,    0,    0,    0,    0,    0,    0,    0,    0,    0,   13,   -6,    0,    0,  -17,   11,  -23,  -17,    7,    6,    0,   -6,  -10,    8,    6,   11,    0,  -18,    0,  -15,  -17,  -35,  -29,  -11,  -13,  -32,  -21,  -29,  -17,  -30,   -6,   -6,  -26,   -8,  -12,  -17,   -6,  -12,  -25,   15,  -29,  -21,    0,    0,    0,   15,    0,  -11,   -7,  -30,    0,   -6,    0,    0,  -17,  -18,    0,  -19,  -13,    6,   -7,  -13,    0,    0,    0,    0,    0,    0,    0,    0,    0,    0,    0,    0,    0,    0,
       0,    0,    0,    0,    7,  -26,   -7,  -15,    0,  -12,    0,    0,    0,    0,    0,    0,    0,    0,    0,    0,    0,    0,    0,    0,    0,    0,    0,    0,   -5,    0,    0,    0,    0,    0,    0,    0,    0,    0,    0,    0,    0,    0,    0,    0,    0,    0,    0,    0,    0,    0,    0,    0,   -5,    6,    0,    0,    0,    0,    0,    0,    0,    0,    0,    0,    0,    0,    0,    0,    0,    0,    0,    0,    0,    0,    0,    0,    0,    0,    0,    0,    0,    0,    0,    0,    0,    0,    0,    0,    0,    0,    0,   -9,    0,    7,    0,   -9,    0,    0,    0,    0,   11,   11,    0,   10,    6,    0,   11,    6,    0,    0,    0,    0,    0,    0,    0,    0,    0,   10,    0,    0,    0,   11,    0,    0,    8,    0,    0,    0,    0,    0,   10,    0,    0,    0,    0,    0,    0,    0,    0,    0,    0,    0,    0,    0,    0,    0,
       0,  -14,   -4,    0,   -6,    0,    0,    0,    0,   -5,    0,    0,    0,    0,    0,    0,    0,    0,    0,    0,    0,    0,    0,    0,    0,    0,    0,    0,    0,    0,    0,    0,    0,    0,    0,    0,    0,    0,    0,    0,    0,    0,    0,    0,    0,    0,    0,    0,    0,    0,    0,    0,    0,    0,    0,    0,    0,    0,    0,    0,    0,    0,    0,    0,    0,    0,    0,    0,    0,    0,    0,    0,    0,    0,    0,    0,    0,    0,    0,    0,    0,    0,    0,    0,    0,    0,    0,    0,    0,    0,    0,    0,    0,    0,    0,    0,    0,    0,    0,    0,    0,    0,    0,    0,   -6,    0,    0,    0,    0,    0,    0,    0,    0,    0,    0,    0,    0,    0,    0,    0,    0,    0,    0,    0,    0,    0,    0,    0,    0,    0,    0,    0,    0,    0,    0,    0,    0,    0,    0,    0,    0,    0,    0,    0,    0,    0,
       0,  -32,    0,    0,  -22,    0,    0,    0,    0,   -4,    0,    0,    0,    0,    0,    0,    0,    0,    0,    0,    0,    0,    0,    0,    0,    0,    0,    0,    0,    0,    0,    0,    0,    0,    0,    0,    0,    0,    0,    0,    0,    0,    0,    0,    0,    0,    0,    0,    0,    0,    0,    0,    0,    0,    0,    0,    0,    0,    0,    0,    0,    0,    0,    0,    0,    0,    0,    0,    0,    0,    0,    0,    0,    0,    0,    0,    0,    0,    0,    0,    0,    0,    0,    0,    0,    0,    0,    0,    0,    0,    0,    0,    0,    0,    0,    5,    0,    0,    0,    0,  -17,    0,    0,    0,   -5,    0,  -11,    0,    0,    0,    0,    0,    0,    0,    0,    0,    0,    0,    0,    0,    0,   -9,    0,    0,   -5,    0,    0,    0,    0,    0,    0,    0,    0,    0,    0,    0,    0,    0,    0,    0,    0,    0,    0,    0,    0,    0,
      -6,  -19,   -4,    0,   -6,  -11,    6,    0,   -5,  -11,    0,    0,    0,    0,    0,    0,    0,    0,    0,    0,    0,    0,    0,    0,    0,    0,   -7,    0,    0,    0,    0,    0,    0,    0,    0,    0,    0,    0,    0,    0,    0,    0,    0,    0,    0,    0,    0,    0,    0,    0,    0,    0,    0,    0,    0,    0,    0,    0,    0,    0,    0,    0,    0,    0,    0,    0,    0,    0,    0,    0,  -21,    0,   -6,   -5,   -6,  -11,   -5,    0,  -13,   -7,    0,    0,    0,  -12,   -4,   -7,   -6,    0,    0,    0,    0,    0,    0,  -10,   -7,   -7,    0,    0,   -3,    0,    0,    0,    0,   -6,    0,   -5,    0,   -6,    0,   -5,    0,    0,   -5,   -5,    9,   -5,    0,    0,    0,    0,    0,    0,   -5,    0,    0,    0,    0,    0,   -7,   -7,    0,   -7,    0,    0,    0,    0,    0,    0,    0,    0,    0,    0,    0,    0,    0,    0,
       0,  -22,    0,    0,  -10,   -4,    0,    0,   -4,  -10,    0,    0,    0,    0,    0,    0,    0,    0,    0,    0,    0,    0,    0,    0,    0,    0,   -5,    0,    0,    0,    0,    0,    0,    0,    0,    0,    0,    0,    0,    0,    0,    0,    0,    0,    0,    0,    0,    0,    0,    0,    0,    0,    0,    0,    0,    0,    0,    0,    0,    0,    0,    0,    0,    0,    0,    0,    0,    0,    0,    0,    0,    0,    0,    0,    0,    0,    0,    0,    0,    0,    0,    0,    0,    0,    0,    0,    0,    0,    0,    0,    0,    0,    0,   -5,    0,    0,    0,    0,    0,    0,  -11,    0,    0,   -5,    0,    0,  -11,    0,    0,    0,    0,    0,    0,    0,    0,    0,    0,    0,    0,    0,    0,   -5,    0,    0,    0,    0,    0,    0,    0,    0,    0,    0,    0,    0,    0,    0,    0,    0,    0,    0,    0,    0,    0,    0,    0,    0,
       0,    0,  -14,    6,    0,  -22,  -16,  -27,  -13,    8,  -19,    0,    0,    0,    0,    0,    0,    0,    0,    0,    0,    0,    0,    0,    0,    0,    0,    0,   -9,    0,    0,    0,    0,    0,    0,    0,    0,    0,    0,    0,    0,    0,    0,    0,    0,    0,    0,    0,    0,    0,   -7,    0,  -25,  -11,    0,    0,    0,    0,    0,    0,    0,    0,    0,    0,    0,    0,    0,    0,    0,    0,   10,  -14,    0,    0,    0,    0,  -26,    0,    0,    0,   -3,  -14,    0,    7,    0,    0,    0,  -14,   -9,  -11,  -12,  -25,  -16,   -6,   -8,  -25,  -16,  -16,  -13,  -16,    0,    0,  -23,   -5,   -7,  -12,    0,   -7,  -18,   11,  -22,  -14,    0,    0,    0,   11,    0,   -4,    0,  -22,   12,    0,    0,    0,   -9,  -14,    0,  -14,   -8,    0,    0,   -8,    0,    0,    0,    0,    0,    0,    0,    0,    0,    0,    4,    6,  -26,    0,
       0,    0,    0,   -4,    3,  -12,    0,  -11,    0,  -13,    0,    0,    0,    0,    0,    0,    0,    0,    0,    0,    0,    0,    0,    0,    0,    0,    0,    0,   -9,    0,    0,    0,    0,    0,    0,    0,    0,    0,    0,    0,    0,    0,    0,    0,    0,    0,    0,    0,    0,    0,    0,   -4,    0,    0,    0,    0,    0,    0,    0,    0,    0,    0,    0,    0,    0,    0,    0,    0,    0,    0,    0,    0,    0,    0,    0,    0,    0,    0,    0,    0,    0,    0,    0,    0,    0,    0,    0,    0,    0,    0,    0,   -9,   -5,    0,    0,  -12,    0,   -5,    0,   -5,    7,    6,    0,    5,    0,    0,    7,    0,    0,    0,    0,    0,    0,    0,    0,    0,    0,    6,    0,    0,    0,    6,    0,    0,    0,    0,    0,    0,    0,    0,    7,    0,    0,    0,    0,    0,    0,    0,    0,    0,    0,    0,    0,    4,  -12,    0,
      -4,  -29,   -5,   -6,   -9,    0,    0,    0,    0,   -9,    0,    0,    0,    0,    0,    0,    0,    0,    0,    0,    0,    0,    0,    0,    0,    0,   -6,    0,  -16,    0,    0,    0,    0,    0,    0,    0,    0,    0,    0,    0,    0,    0,    0,    0,    0,    0,    0,    0,    0,    0,    0,  -11,    0,    0,    0,    0,    0,    0,    0,    0,    0,    0,    0,    0,    0,    0,    0,    0,    0,    0,  -27,    0,    0,    0,    0,    0,    0,    0,    0,    0,    0,    0,    0,    0,   -7,    0,    0,    0,    0,    0,    0,    0,    0,    0,    0,    0,    0,    0,    0,    0,    0,    0,    0,    0,    0,    0,    0,    0,    0,    0,    0,    0,    0,    0,    0,    0,    0,    0,    0,    0,    0,    0,    0,   -4,    0,    0,    0,    0,    0,    0,    0,    0,    0,    0,    0,    0,    0,    0,    0,    0,    0,    0,    0,    0,    0,    0,
       0,  -19,   -6,   -8,   -8,    0,    0,    0,    0,  -10,   -4,    0,    0,    0,    0,    0,    0,    0,    0,    0,    0,    0,    0,    0,    0,    0,   -5,    0,  -15,    0,    0,    0,    0,    0,    0,    0,    0,    0,    0,    0,    0,    0,    0,    0,    0,    0,    0,    0,    0,    0,    0,  -12,    0,    0,    0,    0,    0,    0,    0,    0,    0,    0,    0,    0,    0,    0,    0,    0,    0,    0,    0,    0,    0,    0,    0,    0,    0,    0,    0,    0,    0,    0,    0,    0,    0,    0,    0,    0,   -4,    0,    0,    0,    0,    0,    0,    0,    0,    0,    0,    0,    0,    0,    0,    0,    0,    0,    0,    0,    0,   -4,    0,    0,    0,    0,    0,    0,    0,    0,    0,    0,    0,    0,    0,    0,    0,    0,    0,    0,    0,    0,    0,    0,    0,    0,    0,    0,    0,    0,    0,    0,    0,    0,    0,    0,    0,    0,
       0,   -6,   -4,  -11,    0,   -6,    0,   -7,    0,   -6,    0,    0,    0,    0,    0,    0,    0,    0,    0,    0,    0,    0,    0,    0,    0,    0,   -6,    0,  -15,    0,    0,    0,    0,    0,    0,    0,    0,    0,    0,    0,    0,    0,    0,    0,    0,    0,    0,    0,    0,    0,    0,  -10,    0,    0,    0,    0,    0,    0,    0,    0,    0,    0,    0,    0,    0,    0,    0,    0,    0,    0,    0,    0,    0,    0,    0,   -7,    0,    0,   -4,   -4,    0,    0,    0,   -4,    0,   -3,    0,   -6,    0,    0,    0,    0,    0,    0,    0,    0,   -4,    0,    0,    0,    0,    0,    0,    0,    0,    0,    0,    0,    0,    0,    0,    0,   -5,   -5,   -5,    0,    0,    0,    0,    0,    0,    0,    0,    0,    0,   -6,    0,   -5,    0,   -3,    0,    0,    0,    0,    0,    0,    0,    0,    0,    0,    0,    0,    0,    0,    0,    0,
       0,  -15,    0,  -10,   -6,   -4,    5,   -4,   -4,  -11,    0,    0,    0,    0,    0,    0,    0,    0,    0,    0,    0,    0,    0,    0,    0,    0,   -4,    0,  -13,    0,    0,    0,    0,    0,    0,    0,    0,    0,    0,    0,    0,    0,    0,    0,    0,    0,    0,    0,    0,    0,    0,   -9,    0,    0,    0,    0,    0,    0,    0,    0,    0,    0,    0,    0,    0,    0,    0,    0,    0,    0,    0,    0,    0,    0,    0,    0,    0,    0,    0,    0,    0,    0,    0,    0,    0,    0,    0,    0,    0,    0,    0,    0,    0,    0,   -4,    0,    0,    0,    0,    0,    0,    0,    0,    0,    0,    0,    0,    0,    0,    0,    0,    0,    0,    0,    0,    0,    0,    0,    0,    0,    0,    0,    0,    0,    0,    0,    0,    0,   -4,    0,    0,   -4,    0,    0,    0,    0,    0,    0,    0,    0,    0,    0,    0,    0,    0,    0,
       0,    0,   -4,    0,    0,    0,    0,    0,    0,   -4,    0,    0,    0,    0,    0,    0,    0,    0,    0,    0,    0,    0,    0,    0,    0,    0,    0,    0,    0,    0,    0,    0,    0,    0,    0,    0,    0,    0,    0,    0,    0,    0,    0,    0,    0,    0,    0,    0,    0,    0,   -6,    0,   -5,    0,    0,    0,    0,    0,    0,    0,    0,    0,    0,    0,    0,    0,    0,    0,    0,    0,    0,    0,    0,    0,    0,    0,    0,    0,    0,    0,    0,    0,    0,    0,    0,    0,    0,    0,    0,    0,    0,    0,    0,    0,    0,    0,    0,    0,    0,    0,    0,    0,    0,    0,    0,    0,    0,    0,    0,    0,    0,    0,    0,    0,    0,    0,    0,    0,    0,    0,    0,    0,    0,    0,    0,    0,    0,    0,    0,    0,    0,    0,    0,    0,    0,    0,    0,    0,    0,    0,    0,    0,    0,    0,    0,    0,
       0,   -8,   -4,    0,    0,    0,    0,    0,    0,   -8,    0,    0,    0,    0,    0,    0,    0,    0,    0,    0,    0,    0,    0,    0,    0,    0,    0,    0,    0,    0,    0,    0,    0,    0,    0,    0,    0,    0,    0,    0,    0,    0,    0,    0,    0,    0,    0,    0,    0,    0,    0,    0,    0,    0,    0,    0,    0,    0,    0,    0,    0,    0,    0,    0,    0,    0,    0,    0,    0,    0,    0,    0,    0,    0,    0,    0,    0,    0,    0,    0,    0,    0,    0,    0,    0,    0,    0,    0,    0,    0,    0,    0,    0,    0,    0,    0,    0,    0,    0,    0,    0,    0,   -4,    0,    0,    0,    0,    0,    0,    0,    0,    0,    0,    0,    0,    0,    0,    0,    0,   -4,    0,    0,    0,    0,    0,    0,    0,    0,    0,    0,    0,    0,    0,    0,    0,    0,    0,    0,    0,    0,    0,    0,    0,    0,    0,    0,
       0,  -14,    0,  -10,   -6,   -5,    5,   -4,   -4,  -10,    0,    0,    0,    0,    0,    0,    0,    0,    0,    0,    0,    0,    0,    0,    0,    0,   -4,    0,  -13,    0,    0,    0,    0,    0,    0,    0,    0,    0,    0,    0,    0,    0,    0,    0,    0,    0,    0,    0,    0,    0,    0,   -9,    0,    0,    0,    0,    0,    0,    0,    0,    0,    0,    0,    0,    0,    0,    0,    0,    0,    0,    0,    0,    0,    0,    0,    0,    0,    0,    0,    0,    0,    0,    0,    0,    0,    0,    0,    0,    0,    0,    0,    0,    0,    0,   -4,    0,    0,    0,    0,    0,    0,    0,    0,    0,    0,    0,    0,    0,    0,    0,    0,    0,    0,    0,    0,    0,    0,    0,    0,    0,    0,    0,    0,    0,    0,    0,    0,    0,   -4,    0,    0,   -4,    0,    0,    0,    0,    0,    0,    0,    0,    0,    0,    0,    0,    0,    0,
      -5,   -8,   -4,   -9,    0,  -11,    5,  -14,    0,  -11,   -4,    0,    0,    0,    0,    0,    0,    0,    0,    0,    0,    0,    0,    0,    0,    0,   -3,    0,  -14,    0,    0,    0,    0,    0,    0,    0,    0,    0,    0,    0,    0,    0,    0,    0,    0,    0,    0,    0,    0,    0,    0,  -10,    0,    0,    0,    0,    0,    0,    0,    0,    0,    0,    0,    0,    0,    0,    0,    0,    0,    0,   -9,    0,    0,    0,    0,    0,   -6,    0,    0,    0,    0,    0,    0,   -8,    0,    0,    0,   -4,    0,    0,    0,   -7,    0,    0,   -4,   -8,    0,    0,    0,    0,    0,    0,    0,    0,    0,    0,    0,    0,    0,    0,    0,    0,   -4,   -4,   -4,    0,    0,    0,    0,    0,  -14,    0,    0,    0,    0,    0,    0,    0,   -4,    0,    0,   -4,    0,    0,    0,    0,    0,    0,    0,    0,    0,    0,   -5,   -3,  -10,    0,
       0,  -11,    0,   -9,   -7,   -6,    6,   -8,   -5,  -10,    0,    0,    0,    0,    0,    0,    0,    0,    0,    0,    0,    0,    0,    0,    0,    0,    0,    0,  -10,    0,    0,    0,    0,    0,    0,    0,    0,    0,    0,    0,    0,    0,    0,    0,    0,    0,    0,    0,    0,    0,    0,   -7,    0,    0,    0,    0,    0,    0,    0,    0,    0,    0,    0,    0,    0,    0,    0,    0,    0,    0,    0,    0,    0,    0,    0,    0,    0,    0,    0,    0,    0,    0,    0,    0,    0,    0,    0,    0,    0,    0,    0,    0,    0,   -7,   -6,    0,    0,    0,    0,    0,    0,   -5,    0,   -6,    0,    0,    0,   -4,    0,    0,    0,    0,    0,    0,    0,    0,    0,    0,    0,    0,    0,   -5,    0,    0,    0,    0,    0,    0,   -6,    0,    0,   -6,    0,    0,    0,    0,    0,    0,    0,    0,    0,    0,   -7,   -9,    0,    0,
       0,    0,   -4,    0,   -6,   -4,    0,   -5,   -4,    0,    0,    0,    0,    0,    0,    0,    0,    0,    0,    0,    0,    0,    0,    0,    0,    0,   -5,    0,  -14,    0,    0,    0,    0,    0,    0,    0,    0,    0,    0,    0,    0,    0,    0,    0,    0,    0,    0,    0,    0,    0,    0,   -5,    0,    0,    0,    0,    0,    0,    0,    0,    0,    0,    0,    0,    0,    0,    0,    0,    0,    0,    0,    0,    0,    0,    0,    0,    0,    0,    0,    0,    0,    0,   -4,    0,    0,    0,   -6,    0,    0,    0,    0,    0,    0,   -5,    0,    0,    0,    0,    0,    0,  -11,   -7,    0,   -4,    0,    0,  -11,    0,   -4,    0,    0,    0,   -4,   -4,   -4,    0,   -9,   -4,    0,    0,    0,   -7,    0,   -8,    0,    0,    0,    0,    0,    0,  -10,    0,    0,    0,    0,    0,    0,    0,    0,    0,    0,    0,    0,    0,    0,    0,
       0,   -7,   -6,    0,    0,    0,    0,    0,    0,   -5,   -4,    0,    0,    0,    0,    0,    0,    0,    0,    0,    0,    0,    0,    0,    0,    0,    0,    0,    0,    0,    0,    0,    0,    0,    0,    0,    0,    0,    0,    0,    0,    0,    0,    0,    0,    0,    0,    0,    0,    0,   -7,    0,   -8,    0,    0,    0,    0,    0,    0,    0,    0,    0,    0,    0,    0,    0,    0,    0,    0,    0,    0,    0,    0,    0,    0,    0,    0,    0,    0,    0,    0,    0,    0,    0,    0,    0,    0,    0,    0,    0,    0,    0,    0,    0,    0,    0,    0,   -4,    0,    0,    0,    0,   -4,    0,    0,    0,    0,    0,    0,    0,    0,    0,    0,    0,    0,    0,    0,    0,    0,   -4,    0,    0,    0,    0,    0,    0,    0,    0,    0,    0,    0,    0,    0,    0,    0,    0,    0,    0,    0,    0,    0,    0,    0,    0,    0,    0,
       0,    0,    0,    0,    0,    0,    0,    0,    0,    0,    0,    0,    0,    0,    0,    0,    0,    0,    0,    0,    0,    0,    0,    0,    0,    0,    0,    0,    0,    0,    0,    0,    0,    0,    0,    0,    0,    0,    0,    0,    0,    0,    0,    0,    0,    0,    0,    0,    0,    0,    0,    0,    0,    0,    0,    0,    0,    0,    0,    0,    0,    0,    0,    0,    0,    0,    0,    0,    0,    0,    0,    0,    0,    0,    0,    0,    0,    0,    0,    0,    0,    0,    0,    0,    0,    0,    0,    0,    0,    0,    0,    0,    0,    0,    0,    0,    0,    0,    0,    0,    0,    0,    0,    0,    0,    0,    0,    0,    0,    0,    0,    0,    0,    0,    0,    0,    0,    0,    0,    0,    0,    0,    0,    0,    0,    0,    0,    0,    0,    0,    0,    0,   -2,    9,    0,    0,   -4,   -6,   -2,   -5,   -3,    0,    0,    0,    0,  -10,
       0,    0,    0,    0,    0,    0,    0,    0,    0,    0,    0,    0,    0,    0,    0,    0,    0,    0,    0,    0,    0,    0,    0,    0,    0,    0,    0,    0,    0,    0,    0,    0,    0,    0,    0,    0,    0,    0,    0,    0,    0,    0,    0,    0,    0,    0,    0,    0,    0,    0,    0,    0,    0,    0,    0,    0,    0,    0,    0,    0,    0,    0,    0,    0,    0,    0,    0,    0,    0,    0,    0,    0,    0,    0,    0,    0,    0,    0,    0,    0,    0,    0,    0,    0,    0,    0,    0,    0,    0,    0,    0,    0,    0,    0,    0,    0,    0,    0,    0,    0,    0,    0,    0,    0,    0,    0,    0,    0,    0,    0,    0,    0,    0,    0,    0,    0,    0,    0,    0,    0,    0,    0,    0,    0,    0,    0,    0,    0,    0,    0,    0,    0,    0,    0,    0,    0,    0,    0,    0,   -9,    0,    0,    0,    0,    0,   -5,
       0,    0,    0,    0,    0,    0,    0,    0,    0,    0,    0,    0,    0,    0,    0,    0,    0,    0,    0,    0,    0,    0,    0,    0,    0,    0,    0,    0,    0,    0,    0,    0,    0,    0,    0,    0,    0,    0,    0,    0,    0,    0,    0,    0,    0,    0,    0,    0,    0,    0,    0,    0,    0,    0,    0,    0,    0,    0,    0,    0,    0,    0,    0,    0,    0,    0,    0,    0,    0,    0,    0,    0,    0,    0,    0,    0,    0,    0,    0,    0,    0,    0,    0,    0,    0,    0,    0,    0,    0,    0,    0,    0,    0,    0,    0,    0,    0,    0,    0,    0,    0,    0,    0,    0,    0,    0,    0,    0,    0,    0,    0,    0,    0,    0,    0,    0,    0,    0,    0,    0,    0,    0,    0,    0,    0,    0,    0,    0,    0,    0,    0,    0,    0,    0,   -4,    0,    0,    0,    0,    0,   -4,    0,    0,    0,    0,    0,
       0,    0,    0,    0,    0,    0,    0,    0,    0,    0,    0,    0,    0,    0,    0,    0,    0,    0,    0,    0,    0,    0,    0,    0,    0,    0,    0,    0,    0,    0,    0,    0,    0,    0,    0,    0,    0,    0,    0,    0,    0,    0,    0,    0,    0,    0,    0,    0,    0,    0,    0,    0,    0,    0,    0,    0,    0,    0,    0,    0,    0,    0,    0,    0,    0,    0,    0,    0,    0,    0,    0,    0,    0,    0,    0,    0,    0,    0,    0,    0,    0,    0,    0,    0,    0,    0,    0,    0,    0,    0,    0,    0,    0,    0,    0,    0,    0,    0,    0,    0,    0,    0,    0,    0,    0,    0,    0,    0,    0,    0,    0,    0,    0,    0,    0,    0,    0,    0,    0,    0,    0,    0,    0,    0,    0,    0,    0,    0,    0,    0,    0,    0,    0,   -5,    0,    0,    0,    0,    0,  -10,    2,    4,    0,    0,    0,   -3,
       0,    0,    0,    0,    0,    0,    0,    0,    0,    0,    0,    0,    0,    0,    0,    0,    0,    0,    0,    0,    0,    0,    0,    0,    0,    0,    0,    0,    0,    0,    0,    0,    0,    0,    0,    0,    0,    0,    0,    0,    0,    0,    0,    0,    0,    0,    0,    0,    0,    0,    0,    0,    0,    0,    0,    0,    0,    0,    0,    0,    0,    0,    0,    0,    0,    0,    0,    0,    0,    0,    0,    0,    0,    0,    0,    0,    0,    0,    0,    0,    0,    0,    0,    0,    0,    0,    0,    0,    0,    0,    0,    0,    0,    0,    0,    0,    0,    0,    0,    0,    0,    0,    0,    0,    0,    0,    0,    0,    0,    0,    0,    0,    0,    0,    0,    0,    0,    0,    0,    0,    0,    0,    0,    0,    0,    0,    0,    0,    0,    0,    0,    0,   -4,    0,    0,    0,    0,    0,    0,   -7,    0,    0,    0,    0,    0,    0,
       0,    0,    0,    0,    0,    0,    0,    0,    0,    0,    0,    0,    0,    0,    0,    0,    0,    0,    0,    0,    0,    0,    0,    0,    0,    0,    0,    0,    0,    0,    0,    0,    0,    0,    0,    0,    0,    0,    0,    0,    0,    0,    0,    0,    0,    0,    0,    0,    0,    0,    0,    0,    0,    0,    0,    0,    0,    0,    0,    0,    0,    0,    0,    0,    0,    0,    0,    0,    0,    0,    0,    0,    0,    0,    0,    0,    0,    0,    0,    0,    0,    0,    0,    0,    0,    0,    0,    0,    0,    0,    0,    0,    0,    0,    0,    0,    0,    0,    0,    0,    0,    0,    0,    0,    0,    0,    0,    0,    0,    0,    0,    0,    0,    0,    0,    0,    0,    0,    0,    0,    0,    0,    0,    0,    0,    0,    0,    0,    0,    0,    0,    0,    0,   -5,    0,    0,    0,    0,    0,  -17,   -1,    2,    0,    0,    0,   -5,
       0,    0,    0,    0,    0,    0,    0,    0,    0,    0,    0,    0,    0,    0,    0,    0,    0,    0,    0,    0,    0,    0,    0,    0,    0,    0,    0,    0,    0,    0,    0,    0,    0,    0,    0,    0,    0,    0,    0,    0,    0,    0,    0,    0,    0,    0,    0,    0,    0,    0,    0,    0,    0,    0,    0,    0,    0,    0,    0,    0,    0,    0,    0,    0,    0,    0,    0,    0,    0,    0,    0,    0,    0,    0,    0,    0,    0,    0,    0,    0,    0,    0,    0,    0,    0,    0,    0,    0,    0,    0,    0,    0,    0,    0,    0,    0,    0,    0,    0,    0,    0,    0,    0,    0,    0,    0,    0,    0,    0,    0,    0,    0,    0,    0,    0,    0,    0,    0,    0,    0,    0,    0,    0,    0,    0,    0,    0,    0,    0,    0,    0,    0,    0,    0,    0,    0,    0,    0,    0,    0,    0,    0,    0,    0,    0,    1,
       0,    0,    0,    0,    0,    0,    0,    0,    0,    0,    0,    0,    0,    0,    0,    0,    0,    0,    0,    0,    0,    0,    0,    0,    0,    0,    0,    0,    0,    0,    0,    0,    0,    0,    0,    0,    0,    0,    0,    0,    0,    0,    0,    0,    0,    0,    0,    0,    0,    0,    0,    0,    0,    0,    0,    0,    0,    0,    0,    0,    0,    0,    0,    0,    0,    0,    0,    0,    0,    0,    0,    0,    0,    0,    0,    0,    0,    0,    0,    0,    0,    0,    0,    0,    0,    0,    0,    0,    0,    0,    0,    0,    0,    0,    0,    0,    0,    0,    0,    0,    0,    0,    0,    0,    0,    0,    0,    0,    0,    0,    0,    0,    0,    0,    0,    0,    0,    0,    0,    0,    0,    0,    0,    0,    0,    0,    0,    0,    0,    0,    0,    0,   -6,   -1,    0,    0,    0,    0,    0,   -5,    0,    0,    0,    0,    0,    0,
       0,    0,    0,    0,    0,    0,    0,    0,    0,    0,    0,    0,    0,    0,    0,    0,    0,    0,    0,    0,    0,    0,    0,    0,    0,    0,    0,    0,    0,    0,    0,    0,    0,    0,    0,    0,    0,    0,    0,    0,    0,    0,    0,    0,    0,    0,    0,    0,    0,    0,    0,    0,    0,    0,    0,    0,    0,    0,    0,    0,    0,    0,    0,    0,    0,    0,    0,    0,    0,    0,    0,    0,    0,    0,    0,    0,    0,    0,    0,    0,    0,    0,    0,    0,    0,    0,    0,    0,    0,    0,    0,    0,    0,    0,    0,    0,    0,    0,    0,    0,    0,    0,    0,    0,    0,    0,    0,    0,    0,    0,    0,    0,    0,    0,    0,    0,    0,    0,    0,    0,    0,    0,    0,    0,    0,    0,    0,    0,    0,    0,    0,    0,    0,    0,    0,    0,    0,    0,    0,  -11,    0,    0,    0,    0,    0,    0,
       0,    0,    0,    0,    0,    0,    0,    0,    0,    0,    0,    0,    0,    0,    0,    0,    0,    0,    0,    0,    0,    0,    0,    0,    0,    0,    0,    0,    0,    0,    0,    0,    0,    0,    0,    0,    0,    0,    0,    0,    0,    0,    0,    0,    0,    0,    0,    0,    0,    0,    0,    0,    0,    0,    0,    0,    0,    0,    0,    0,    0,    0,    0,    0,    0,    0,    0,    0,    0,    0,    0,    0,    0,    0,    0,    0,    0,    0,    0,    0,    0,    0,    0,    0,    0,    0,    0,    0,    0,    0,    0,    0,    0,    0,    0,    0,    0,    0,    0,    0,    0,    0,    0,    0,    0,    0,    0,    0,    0,    0,    0,    0,    0,    0,    0,    0,    0,    0,    0,    0,    0,    0,    0,    0,    0,    0,    0,    0,    0,    0,    0,    0,    0,   -7,    0,    0,    0,    0,    0,    0,    0,    0,    0,    0,    0,    0,
       0,    0,    0,    0,    0,    0,    0,    0,    0,    0,    0,    0,    0,    0,    0,    0,    0,    0,    0,    0,    0,    0,    0,    0,    0,    0,    0,    0,    0,    0,    0,    0,    0,    0,    0,    0,    0,    0,    0,    0,    0,    0,    0,    0,    0,    0,    0,    0,    0,    0,    0,    0,    0,    0,    0,    0,    0,    0,    0,    0,    0,    0,    0,    0,    0,    0,    0,    0,    0,    0,    0,    0,    0,    0,    0,    0,    0,    0,    0,    0,    0,    0,    0,    0,    0,    0,    0,    0,    0,    0,    0,    0,    0,    0,    0,    0,    0,    0,    0,    0,    0,    0,    0,    0,    0,    0,    0,    0,    0,    0,    0,    0,    0,    0,    0,    0,    0,    0,    0,    0,    0,    0,    0,    0,    0,    0,    0,    0,    0,    0,    0,    0,    0,   -4,    0,    5,    0,    0,    0,    0,    4,    0,    0,    0,    0,    3,
       0,    0,    0,    0,    0,    0,    0,    0,    0,    0,    0,    0,    0,    0,    0,    0,    0,    0,    0,    0,    0,    0,    0,    0,    0,    0,    0,    0,    0,    0,    0,    0,    0,    0,    0,    0,    0,    0,    0,    0,    0,    0,    0,    0,    0,    0,    0,    0,    0,    0,    0,    0,    0,    0,    0,    0,    0,    0,    0,    0,    0,    0,    0,    0,    0,    0,    0,    0,    0,    0,    0,    0,    0,    0,    0,    0,    0,    0,    0,    0,    0,    0,    0,    0,    0,    0,    0,    0,    0,    0,    0,    0,    0,    0,    0,    0,    0,    0,    0,    0,    0,    0,    0,    0,    0,    0,    0,    0,    0,    0,    0,    0,    0,    0,    0,    0,    0,    0,    0,    0,    0,    0,    0,    0,    0,    0,    0,    0,    0,    0,    0,    0,   -5,  -25,  -15,    0,   -5,   -4,  -13,    0,   -5,  -25,    0,    0,    0,   -3,
       0,    0,    0,    0,    0,    0,    0,    0,    0,    0,    0,    0,    0,    0,    0,    0,    0,    0,    0,    0,    0,    0,    0,    0,    0,    0,    0,    0,    0,    0,    0,    0,    0,    0,    0,    0,    0,    0,    0,    0,    0,    0,    0,    0,    0,    0,    0,    0,    0,    0,    0,    0,    0,    0,    0,    0,    0,    0,    0,    0,    0,    0,    0,    0,    0,    0,    0,    0,    0,    0,    0,    0,    0,    0,    0,    0,    0,    0,    0,    0,    0,    0,    0,    0,    0,    0,    0,    0,    0,    0,    0,    0,    0,    0,    0,    0,    0,    0,    0,    0,    0,    0,    0,    0,    0,    0,    0,    0,    0,    0,    0,    0,    0,    0,    0,    0,    0,    0,    0,    0,    0,    0,    0,    0,    0,    0,    0,    0,    0,    0,    0,    0,    0,   -7,   -1,    0,    0,    0,    0,   -3,    0,    0,    0,    0,    0,    0,
       0,    0,    0,    0,    0,    0,    0,    0,    0,    0,    0,    0,    0,    0,    0,    0,    0,    0,    0,    0,    0,    0,    0,    0,    0,    0,    0,    0,    0,    0,    0,    0,    0,    0,    0,    0,    0,    0,    0,    0,    0,    0,    0,    0,    0,    0,    0,    0,    0,    0,    0,    0,    0,    0,    0,    0,    0,    0,    0,    0,    0,    0,    0,    0,    0,    0,    0,    0,    0,    0,    0,    0,    0,    0,    0,    0,    0,    0,    0,    0,    0,    0,    0,    0,    0,    0,    0,    0,    0,    0,    0,    0,    0,    0,    0,    0,    0,    0,    0,    0,    0,    0,    0,    0,    0,    0,    0,    0,    0,    0,    0,    0,    0,    0,    0,    0,    0,    0,    0,    0,    0,    0,    0,    0,    0,    0,    0,    0,    0,    0,    0,    0,    0,    0,    0,    0,    0,    0,    0,  -25,    0,    0,    0,    0,    0,    0,
       0,    0,    0,    0,    0,    0,    0,    0,    0,    0,    0,  -25,   -7,   -7,  -38,    0,   -7,   -7,    0,    0,    0,    6,    6,    0,    4,    0,    0,    0,    0,    0,    0,    0,    0,    0,    0,    0,    0,    0,    0,    0,    0,    0,    0,    0,    0,    0,    0,    0,    0,    0,    0,    0,    0,    0,  -44,    0,    0,    0,    0,    0,    0,    0,    0,    0,    0,    0,    0,    0,    0,    0,    0,   -7,    0,    0,    0,    0,  -25,    0,    0,    0,    0,   -7,   -7,    0,    0,    0,    0,    0,    0,    0,    0,    0,    0,    0,    0,    0,    0,    0,    0,    0,    0,    0,    0,    0,    0,    0,    0,    0,    0,    0,    0,    0,    0,    0,    0,    0,    0,    0,    0,    0,    4,    0,    0,    0,    0,    0,    0,    0,    0,    0,    0,    0,    0,    0,    0,    0,    0,    0,    0,    0,    0,    0,    0,    0,    0,    0,
       0,    0,    0,    0,    0,    0,    0,    0,    0,    0,    0,    9,   -8,   -8,    9,    0,   -9,  -10,    5,  -22,   -6,  -25,  -11,    4,  -26,    7,    0,    0,    0,    0,    0,    0,    0,    0,    0,    0,    0,    0,    0,    0,    0,    0,    0,    0,    0,    0,    0,    0,    0,    0,    0,    0,    0,    0,    7,    0,    0,    0,    0,    0,    0,    0,    0,    0,    0,    0,    0,    0,    0,    0,  -22,   -8,    0,    0,    0,    0,    9,    0,    0,    0,    0,   -9,   -9,    4,    0,    0,    0,    0,    0,    0,    0,    0,    0,    0,    0,    0,    0,    0,    0,    0,    0,    0,    0,    0,    0,    0,    0,    0,    0,    0,    0,    0,    0,    0,    0,    0,    0,    0,    0,    0,  -26,    0,    0,    0,    0,    0,    0,    0,    0,    0,    0,    0,    0,    0,    0,    0,    0,    0,    0,    0,    0,    0,    0,    0,    0,    0,
};

static const EpdLigaturePair ubuntu_10_regularLigaturePairs[] = {
    { 0x00660066, 0xFB00 }, // f f -> U+FB00
    { 0x00660069, 0xFB01 }, // f i -> U+FB01
    { 0x0066006C, 0xFB02 }, // f l -> U+FB02
    { 0xFB000069, 0xFB03 }, // U+FB00 i -> U+FB03
    { 0xFB00006C, 0xFB04 }, // U+FB00 l -> U+FB04
};

static const EpdFontData ubuntu_10_regular = {
    ubuntu_10_regularBitmaps,
    ubuntu_10_regularGlyphs,
    ubuntu_10_regularIntervals,
    409,
    24,
    20,
    -4,
    false,
    nullptr,
    0,
    nullptr,
    ubuntu_10_regularKernLeftClasses,
    ubuntu_10_regularKernRightClasses,
    ubuntu_10_regularKernMatrix,
    498,
    553,
    146,
    146,
    ubuntu_10_regularLigaturePairs,
    5,
};
