/**
 * generated by fontconvert.py
 * name: ubuntu_12_regular
 * size: 12
 * mode: 1-bit
 * Command used: fontconvert.py ubuntu_12_regular 12 ../builtinFonts/source/Ubuntu/Ubuntu-Regular.ttf /tmp/NotoSansCJKSC-Regular.ttf --additional-intervals 0x3002,0x3002 --additional-intervals 0x4e00,0x4e00 --additional-intervals 0x4e0a,0x4e0a --additional-intervals 0x4e0b,0x4e0b --additional-intervals 0x4e0d,0x4e0d --additional-intervals 0x4e24,0x4e24 --additional-intervals 0x4e2a,0x4e2a --additional-intervals 0x4e2d,0x4e2d --additional-intervals 0x4e32,0x4e32 --additional-intervals 0x4e3a,0x4e3a --additional-intervals 0x4e3b,0x4e3b --additional-intervals 0x4e49,0x4e49 --additional-intervals 0x4e66,0x4e66 --additional-intervals 0x4e8c,0x4e8c --additional-intervals 0x4eba,0x4eba --additional-intervals 0x4ece,0x4ece --additional-intervals 0x4ed6,0x4ed6 --additional-intervals 0x4ee3,0x4ee3 --additional-intervals 0x4ee5,0x4ee5 --additional-intervals 0x4ef6,0x4ef6 --additional-intervals 0x4f20,0x4f20 --additional-intervals 0x4f4d,0x4f4d --additional-intervals 0x4f4f,0x4f4f --additional-intervals 0x4f53,0x4f53 --additional-intervals 0x4f7f,0x4f7f --additional-intervals 0x4f9b,0x4f9b --additional-intervals 0x4fa7,0x4fa7 --additional-intervals 0x4fdd,0x4fdd --additional-intervals 0x4fee,0x4fee --additional-intervals 0x5012,0x5012 --additional-intervals 0x503c,0x503c --additional-intervals 0x503e,0x503e --additional-intervals 0x5148,0x5148 --additional-intervals 0x5149,0x5149 --additional-intervals 0x5165,0x5165 --additional-intervals 0x5171,0x5171 --additional-intervals 0x5173,0x5173 --additional-intervals 0x5185,0x5185 --additional-intervals 0x518d,0x518d --additional-intervals 0x5199,0x5199 --additional-intervals 0x51d1,0x51d1 --additional-intervals 0x51ed,0x51ed --additional-intervals 0x51fa,0x51fa --additional-intervals 0x5206,0x5206 --additional-intervals 0x5207,0x5207 --additional-intervals 0x521b,0x521b --additional-intervals 0x5220,0x5220 --additional-intervals 0x5230,0x5230 --additional-intervals 0x5236,0x5236 --additional-intervals 0x5237,0x5237 --additional-intervals 0x524d,0x524d --additional-intervals 0x526a,0x526a --additional-intervals 0x529f,0x529f --additional-intervals 0x52a0,0x52a0 --additional-intervals 0x52a1,0x52a1 --additional-intervals 0x52a8,0x52a8 --additional-intervals 0x5339,0x5339 --additional-intervals 0x5360,0x5360 --additional-intervals 0x5361,0x5361 --additional-intervals 0x539f,0x539f --additional-intervals 0x53d6,0x53d6 --additional-intervals 0x53e3,0x53e3 --additional-intervals 0x53ef,0x53ef --additional-intervals 0x53f3,0x53f3 --additional-intervals 0x53f7,0x53f7 --additional-intervals 0x540c,0x540c --additional-intervals 0x540d,0x540d --additional-intervals 0x540e,0x540e --additional-intervals 0x5411,0x5411 --additional-intervals 0x5426,0x5426 --additional-intervals 0x542f,0x542f --additional-intervals 0x544a,0x544a --additional-intervals 0x547d,0x547d --additional-intervals 0x54c8,0x54c8 --additional-intervals 0x5668,0x5668 --additional-intervals 0x56de,0x56de --additional-intervals 0x56e0,0x56e0 --additional-intervals 0x56f4,0x56f4 --additional-intervals 0x56fe,0x56fe --additional-intervals 0x5728,0x5728 --additional-intervals 0x5730,0x5730 --additional-intervals 0x5740,0x5740 --additional-intervals 0x5907,0x5907 --additional-intervals 0x590d,0x590d --additional-intervals 0x5916,0x5916 --additional-intervals 0x5927,0x5927 --additional-intervals 0x5931,0x5931 --additional-intervals 0x59cb,0x59cb --additional-intervals 0x5b57,0x5b57 --additional-intervals 0x5b58,0x5b58 --additional-intervals 0x5b8c,0x5b8c --additional-intervals 0x5b9a,0x5b9a --additional-intervals 0x5bbd,0x5bbd --additional-intervals 0x5bc6,0x5bc6 --additional-intervals 0x5bf9,0x5bf9 --additional-intervals 0x5c01,0x5c01 --additional-intervals 0x5c04,0x5c04 --additional-intervals 0x5c06,0x5c06 --additional-intervals 0x5c0f,0x5c0f --additional-intervals 0x5c31,0x5c31 --additional-intervals 0x5c40,0x5c40 --additional-intervals 0x5c45,0x5c45 --additional-intervals 0x5c4f,0x5c4f --additional-intervals 0x5d29,0x5d29 --additional-intervals 0x5d4c,0x5d4c --additional-intervals 0x5de6,0x5de6 --additional-intervals 0x5df2,0x5df2 --additional-intervals 0x5e03,0x5e03 --additional-intervals 0x5e0c,0x5e0c --additional-intervals 0x5e55,0x5e55 --additional-intervals 0x5e76,0x5e76 --additional-intervals 0x5e94,0x5e94 --additional-intervals 0x5ea6,0x5ea6 --additional-intervals 0x5efa,0x5efa --additional-intervals 0x5f00,0x5f00 --additional-intervals 0x5f0f,0x5f0f --additional-intervals 0x5f15,0x5f15 --additional-intervals 0x5f53,0x5f53 --additional-intervals 0x5f55,0x5f55 --additional-intervals 0x5fd8,0x5fd8 --additional-intervals 0x5ffd,0x5ffd --additional-intervals 0x6001,0x6001 --additional-intervals 0x60a8,0x60a8 --additional-intervals 0x60c5,0x60c5 --additional-intervals 0x6210,0x6210 --additional-intervals 0x6216,0x6216 --additional-intervals 0x622a,0x622a --additional-intervals 0x6237,0x6237 --additional-intervals 0x6240,0x6240 --additional-intervals 0x624b,0x624b --additional-intervals 0x6253,0x6253 --additional-intervals 0x626b,0x626b --additional-intervals 0x627e,0x627e --additional-intervals 0x6297,0x6297 --additional-intervals 0x62a5,0x62a5 --additional-intervals 0x62e9,0x62e9 --additional-intervals 0x6309,0x6309 --additional-intervals 0x6362,0x6362 --additional-intervals 0x636e,0x636e --additional-intervals 0x63a5,0x63a5 --additional-intervals 0x63a7,0x63a7 --additional-intervals 0x63cf,0x63cf --additional-intervals 0x63d0,0x63d0 --additional-intervals 0x63d2,0x63d2 --additional-intervals 0x641c,0x641c --additional-intervals 0x6536,0x6536 --additional-intervals 0x6545,0x6545 --additional-intervals 0x6570,0x6570 --additional-intervals 0x6587,0x6587 --additional-intervals 0x659c,0x659c --additional-intervals 0x65ad,0x65ad --additional-intervals 0x65b0,0x65b0 --additional-intervals 0x65b9,0x65b9 --additional-intervals 0x65e0,0x65e0 --additional-intervals 0x65f6,0x65f6 --additional-intervals 0x6620,0x6620 --additional-intervals 0x662f,0x662f --additional-intervals 0x663e,0x663e --additional-intervals 0x666e,0x666e --additional-intervals 0x66f4,0x66f4 --additional-intervals 0x6700,0x6700 --additional-intervals 0x6709,0x6709 --additional-intervals 0x670d,0x670d --additional-intervals 0x672a,0x672a --additional-intervals 0x672c,0x672c --additional-intervals 0x673a,0x673a --additional-intervals 0x675f,0x675f --additional-intervals 0x6761,0x6761 --additional-intervals 0x6765,0x6765 --additional-intervals 0x677e,0x677e --additional-intervals 0x6790,0x6790 --additional-intervals 0x67e5,0x67e5 --additional-intervals 0x6807,0x6807 --additional-intervals 0x680f,0x680f --additional-intervals 0x6837,0x6837 --additional-intervals 0x6863,0x6863 --additional-intervals 0x68c0,0x68c0 --additional-intervals 0x6a21,0x6a21 --additional-intervals 0x6a2a,0x6a2a --additional-intervals 0x6b21,0x6b21 --additional-intervals 0x6b63,0x6b63 --additional-intervals 0x6b64,0x6b64 --additional-intervals 0x6b65,0x6b65 --additional-intervals 0x6bb5,0x6bb5 --additional-intervals 0x6bcf,0x6bcf --additional-intervals 0x6bd4,0x6bd4 --additional-intervals 0x6ce8,0x6ce8 --additional-intervals 0x6d45,0x6d45 --additional-intervals 0x6d4f,0x6d4f --additional-intervals 0x6d88,0x6d88 --additional-intervals 0x6df1,0x6df1 --additional-intervals 0x6dfb,0x6dfb --additional-intervals 0x6e05,0x6e05 --additional-intervals 0x6e83,0x6e83 --additional-intervals 0x6e90,0x6e90 --additional-intervals 0x6ee4,0x6ee4 --additional-intervals 0x70b9,0x70b9 --additional-intervals 0x70ed,0x70ed --additional-intervals 0x7247,0x7247 --additional-intervals 0x7248,0x7248 --additional-intervals 0x7279,0x7279 --additional-intervals 0x72b6,0x72b6 --additional-intervals 0x7387,0x7387 --additional-intervals 0x7528,0x7528 --additional-intervals 0x7535,0x7535 --additional-intervals 0x754c,0x754c --additional-intervals 0x7565,0x7565 --additional-intervals 0x767e,0x767e --additional-intervals 0x7684,0x7684 --additional-intervals 0x76d8,0x76d8 --additional-intervals 0x76ee,0x76ee --additional-intervals 0x7720,0x7720 --additional-intervals 0x7761,0x7761 --additional-intervals 0x77ed,0x77ed --additional-intervals 0x7801,0x7801 --additional-intervals 0x786e,0x786e --additional-intervals 0x793a,0x793a --additional-intervals 0x79f0,0x79f0 --additional-intervals 0x79fb,0x79fb --additional-intervals 0x7a0b,0x7a0b --additional-intervals 0x7a7a,0x7a7a --additional-intervals 0x7ad6,0x7ad6 --additional-intervals 0x7ae0,0x7ae0 --additional-intervals 0x7aef,0x7aef --additional-intervals 0x7b26,0x7b26 --additional-intervals 0x7b2c,0x7b2c --additional-intervals 0x7b97,0x7b97 --additional-intervals 0x7c4d,0x7c4d --additional-intervals 0x7c97,0x7c97 --additional-intervals 0x7cfb,0x7cfb --additional-intervals 0x7d22,0x7d22 --additional-intervals 0x7d27,0x7d27 --additional-intervals 0x7ebf,0x7ebf --additional-intervals 0x7ec6,0x7ec6 --additional-intervals 0x7ec8,0x7ec8 --additional-intervals 0x7ed3,0x7ed3 --additional-intervals 0x7edc,0x7edc --additional-intervals 0x7edf,0x7edf --additional-intervals 0x7ee7,0x7ee7 --additional-intervals 0x7eea,0x7eea --additional-intervals 0x7eed,0x7eed --additional-intervals 0x7ef4,0x7ef4 --additional-intervals 0x7f13,0x7f13 --additional-intervals 0x7f16,0x7f16 --additional-intervals 0x7f51,0x7f51 --additional-intervals 0x7f6e,0x7f6e --additional-intervals 0x7ffb,0x7ffb --additional-intervals 0x80fd,0x80fd --additional-intervals 0x811a,0x811a --additional-intervals 0x81ea,0x81ea --additional-intervals 0x81f3,0x81f3 --additional-intervals 0x822c,0x822c --additional-intervals 0x8272,0x8272 --additional-intervals 0x8282,0x8282 --additional-intervals 0x8303,0x8303 --additional-intervals 0x83b7,0x83b7 --additional-intervals 0x843d,0x843d --additional-intervals 0x85cf,0x85cf --additional-intervals 0x884c,0x884c --additional-intervals 0x88c1,0x88c1 --additional-intervals 0x892a,0x892a --additional-intervals 0x8981,0x8981 --additional-intervals 0x89c8,0x89c8 --additional-intervals 0x89e3,0x89e3 --additional-intervals 0x8a00,0x8a00 --additional-intervals 0x8ba1,0x8ba1 --additional-intervals 0x8ba2,0x8ba2 --additional-intervals 0x8ba4,0x8ba4 --additional-intervals 0x8bb0,0x8bb0 --additional-intervals 0x8bbe,0x8bbe --additional-intervals 0x8bc1,0x8bc1 --additional-intervals 0x8bd5,0x8bd5 --additional-intervals 0x8be6,0x8be6 --additional-intervals 0x8bed,0x8bed --additional-intervals 0x8bef,0x8bef --additional-intervals 0x8bf7,0x8bf7 --additional-intervals 0x8bfb,0x8bfb --additional-intervals 0x8d25,0x8d25 --additional-intervals 0x8d26,0x8d26 --additional-intervals 0x8d85,0x8d85 --additional-intervals 0x8ddd,0x8ddd --additional-intervals 0x8df3,0x8df3 --additional-intervals 0x8f6c,0x8f6c --additional-intervals 0x8f7d,0x8f7d --additional-intervals 0x8f91,0x8f91 --additional-intervals 0x8f93,0x8f93 --additional-intervals 0x8fb9,0x8fb9 --additional-intervals 0x8fd1,0x8fd1 --additional-intervals 0x8fd4,0x8fd4 --additional-intervals 0x8fdb,0x8fdb --additional-intervals 0x8fdc,0x8fdc --additional-intervals 0x8fde,0x8fde --additional-intervals 0x9000,0x9000 --additional-intervals 0x9002,0x9002 --additional-intervals 0x9006,0x9006 --additional-intervals 0x9009,0x9009 --additional-intervals 0x901a,0x901a --additional-intervals 0x914d,0x914d --additional-intervals 0x91cd,0x91cd --additional-intervals 0x91cf,0x91cf --additional-intervals 0x9488,0x9488 --additional-intervals 0x949f,0x949f --additional-intervals 0x94fe,0x94fe --additional-intervals 0x9519,0x9519 --additional-intervals 0x952e,0x952e --additional-intervals 0x952f,0x952f --additional-intervals 0x955c,0x955c --additional-intervals 0x957f,0x957f --additional-intervals 0x95f4,0x95f4 --additional-intervals 0x9605,0x9605 --additional-intervals 0x9633,0x9633 --additional-intervals 0x9644,0x9644 --additional-intervals 0x9664,0x9664 --additional-intervals 0x9690,0x9690 --additional-intervals 0x969c,0x969c --additional-intervals 0x9762,0x9762 --additional-intervals 0x9875,0x9875 --additional-intervals 0x9879,0x9879 --additional-intervals 0x987a,0x987a --additional-intervals 0x9884,0x9884 --additional-intervals 0x9891,0x9891 --additional-intervals 0x9898,0x9898 --additional-intervals 0x989d,0x989d --additional-intervals 0x9a8c,0x9a8c --additional-intervals 0x9ed8,0x9ed8 --additional-intervals 0x9f50,0x9f50 --additional-intervals 0x9f7f,0x9f7f
 */
#pragma once
#include "EpdFontData.h"

static const uint8_t ubuntu_12_regularBitmaps[53366] = {
    0x73, 0x9C, 0xE7, 0x39, 0xCE, 0x73, 0x9C, 0xE0, 0x01, 0xDE, 0x70, 0xF7, 0xF7, 0xF7, 0x67, 0x67,
    0x67, 0x0E, 0x18, 0x1C, 0x70, 0x38, 0xE0, 0x71, 0xC0, 0xC3, 0x9F, 0xFF, 0xFF, 0xFF, 0x8E, 0x38,
    0x1C, 0x70, 0x30, 0xE3, 0xFF, 0xFF, 0xFF, 0xF3, 0x8E, 0x07, 0x1C, 0x0E, 0x38, 0x38, 0x60, 0x71,
    0xC0, 0x06, 0x00, 0x60, 0x06, 0x01, 0xFE, 0x7F, 0xE7, 0x8E, 0x70, 0x07, 0x00, 0x70, 0x07, 0x80,
    0x3E, 0x01, 0xF8, 0x03, 0xC0, 0x1E, 0x00, 0xF0, 0x07, 0x00, 0xF7, 0x1F, 0xFF, 0xE7, 0xFC, 0x06,
    0x00, 0x60, 0x06, 0x00, 0x3E, 0x07, 0x07, 0xF0, 0xE0, 0xF7, 0x0E, 0x0E, 0x31, 0xC0, 0xE3, 0xBC,
    0x0E, 0x3B, 0x80, 0xE3, 0x70, 0x0F, 0x77, 0x7C, 0x7F, 0xEF, 0xE3, 0xEF, 0xEE, 0x01, 0xDC, 0x60,
    0x3D, 0xC7, 0x03, 0x9C, 0x70, 0x71, 0xC6, 0x07, 0x1E, 0xE0, 0xE0, 0xFE, 0x0E, 0x07, 0xC0, 0x0F,
    0x80, 0x3F, 0xC0, 0x3D, 0xE0, 0x38, 0xE0, 0x38, 0xE0, 0x38, 0xE0, 0x3B, 0xC0, 0x1F, 0x80, 0x3F,
    0x00, 0x7F, 0x0C, 0xF3, 0x9C, 0xE1, 0xDC, 0xE0, 0xF8, 0xE0, 0x78, 0xF9, 0xF8, 0x7F, 0xFE, 0x3F,
    0x8E, 0xFF, 0xF6, 0x66, 0x06, 0x1C, 0x70, 0xE3, 0x87, 0x1E, 0x38, 0x70, 0xE1, 0xC3, 0x87, 0x0E,
    0x1C, 0x38, 0x70, 0xE1, 0xE1, 0xC3, 0x83, 0x87, 0x07, 0x06, 0xE1, 0xC1, 0xC3, 0x83, 0x87, 0x07,
    0x0E, 0x1C, 0x38, 0x70, 0xE1, 0xE3, 0x87, 0x0E, 0x1C, 0x38, 0x71, 0xC3, 0x8E, 0x1C, 0x70, 0xE0,
    0x06, 0x00, 0x60, 0x66, 0x67, 0xFE, 0x7F, 0xE0, 0xF0, 0x1F, 0x81, 0xF8, 0x39, 0xC1, 0x98, 0x06,
    0x00, 0x60, 0x06, 0x00, 0x60, 0x06, 0x0F, 0xFF, 0xFF, 0xF0, 0x60, 0x06, 0x00, 0x60, 0x06, 0x00,
    0x60, 0x39, 0xDE, 0xE7, 0x39, 0x80, 0xFF, 0xFC, 0xFF, 0xF0, 0x00, 0xE0, 0x0E, 0x00, 0xE0, 0x1C,
    0x01, 0xC0, 0x1C, 0x03, 0x80, 0x38, 0x03, 0x80, 0x70, 0x07, 0x00, 0x70, 0x0E, 0x00, 0xE0, 0x0E,
    0x01, 0xC0, 0x1C, 0x01, 0xC0, 0x38, 0x03, 0x80, 0x38, 0x07, 0x00, 0x70, 0x07, 0x00, 0xE0, 0x00,
    0x1F, 0x83, 0xFC, 0x79, 0xE7, 0x0E, 0xF0, 0x7E, 0x07, 0xE0, 0x7E, 0x07, 0xE0, 0x7E, 0x07, 0xE0,
    0x7E, 0x07, 0xF0, 0x77, 0x0E, 0x79, 0xE3, 0xFC, 0x1F, 0x80, 0x0F, 0x1F, 0x7F, 0xFF, 0xE7, 0x07,
    0x07, 0x07, 0x07, 0x07, 0x07, 0x07, 0x07, 0x07, 0x07, 0x07, 0x07, 0x3F, 0x87, 0xFC, 0xF3, 0xE4,
    0x0E, 0x00, 0xE0, 0x0E, 0x01, 0xE0, 0x3C, 0x07, 0x80, 0xF0, 0x1E, 0x01, 0xC0, 0x38, 0x07, 0x00,
    0x70, 0x0F, 0xFF, 0xFF, 0xF0, 0x3F, 0x87, 0xFC, 0x73, 0xC0, 0x1E, 0x00, 0xE0, 0x1E, 0x03, 0xC1,
    0xF8, 0x1F, 0xC0, 0x7E, 0x00, 0xE0, 0x0F, 0x00, 0xF0, 0x0E, 0xE3, 0xEF, 0xFC, 0xFF, 0x80, 0x01,
    0xC0, 0x1E, 0x01, 0xF0, 0x1F, 0x80, 0xFC, 0x0E, 0xE0, 0xE7, 0x07, 0x38, 0x71, 0xC3, 0x0E, 0x38,
    0x71, 0xFF, 0xEF, 0xFF, 0x00, 0xE0, 0x07, 0x00, 0x38, 0x01, 0xC0, 0x3F, 0xE3, 0xFE, 0x38, 0x03,
    0x80, 0x30, 0x03, 0x00, 0x7F, 0x07, 0xFC, 0x0F, 0xE0, 0x1E, 0x00, 0xF0, 0x0F, 0x00, 0xF0, 0x0E,
    0x63, 0xEF, 0xFC, 0x7F, 0x80, 0x03, 0xE0, 0xFE, 0x1F, 0xC3, 0xC0, 0x78, 0x07, 0x00, 0x7F, 0xCF,
    0xFE, 0xF9, 0xFE, 0x07, 0xE0, 0x7F, 0x07, 0xF0, 0x77, 0x0F, 0x7D, 0xE3, 0xFE, 0x1F, 0x80, 0xFF,
    0xFF, 0xFF, 0x00, 0xF0, 0x1E, 0x01, 0xC0, 0x3C, 0x03, 0x80, 0x70, 0x07, 0x00, 0x70, 0x0E, 0x00,
    0xE0, 0x0E, 0x01, 0xC0, 0x1C, 0x01, 0xC0, 0x1C, 0x00, 0x1F, 0x83, 0xFE, 0x79, 0xE7, 0x0F, 0xF0,
    0x77, 0x0E, 0x78, 0xE7, 0xFC, 0x3F, 0xC7, 0xFE, 0x71, 0xFE, 0x07, 0xE0, 0x7E, 0x07, 0xF9, 0xF7,
    0xFE, 0x3F, 0xC0, 0x1F, 0x87, 0xFC, 0x79, 0xEF, 0x0E, 0xE0, 0xFE, 0x07, 0xE0, 0x7F, 0x9F, 0x7F,
    0xF3, 0xFF, 0x00, 0xE0, 0x0E, 0x01, 0xE0, 0x3C, 0x1F, 0x87, 0xF0, 0x7C, 0x00, 0xFF, 0xF0, 0x00,
    0x00, 0x00, 0xFF, 0xF0, 0x7B, 0xDE, 0x00, 0x00, 0x00, 0x00, 0x0E, 0x77, 0xB9, 0xCE, 0x60, 0x00,
    0x70, 0x1F, 0x0F, 0xE3, 0xF8, 0xFC, 0x0F, 0x00, 0xFC, 0x03, 0xF8, 0x0F, 0xE0, 0x1F, 0x00, 0x70,
    0xFF, 0xFF, 0xFF, 0x00, 0x00, 0x00, 0x00, 0x0F, 0xFF, 0xFF, 0xF0, 0xE0, 0x0F, 0x80, 0x7F, 0x00,
    0xFC, 0x03, 0xF0, 0x0F, 0x03, 0xF0, 0xFC, 0x7F, 0x0F, 0x80, 0xE0, 0x00, 0x7F, 0x3F, 0xE6, 0x7C,
    0x0F, 0x01, 0xC0, 0xE0, 0x78, 0x3C, 0x0E, 0x07, 0x01, 0xC0, 0x60, 0x00, 0x00, 0x01, 0xC0, 0xF0,
    0x1C, 0x00, 0x01, 0xFE, 0x00, 0x1F, 0xFE, 0x00, 0xFC, 0xFC, 0x07, 0x80, 0x78, 0x3C, 0x00, 0x71,
    0xE3, 0xFD, 0xE7, 0x1F, 0xF3, 0x9C, 0xF9, 0xCE, 0xE3, 0x87, 0x3B, 0x8E, 0x1C, 0x6E, 0x78, 0x71,
    0xB9, 0xE1, 0xCE, 0xE3, 0x87, 0x3B, 0x8E, 0x1C, 0xE7, 0x3C, 0xF7, 0x9C, 0x7F, 0xFC, 0x78, 0xFF,
    0xE0, 0xF0, 0x00, 0x01, 0xE0, 0x00, 0x07, 0xF0, 0x80, 0x07, 0xFF, 0x00, 0x07, 0xFC, 0x00, 0x01,
    0xC0, 0x01, 0xF0, 0x00, 0xF8, 0x00, 0xFC, 0x00, 0x77, 0x00, 0x73, 0x80, 0x39, 0xE0, 0x3C, 0x70,
    0x1C, 0x3C, 0x0E, 0x0E, 0x0F, 0x07, 0x07, 0xFF, 0xC3, 0xFF, 0xE3, 0x80, 0x71, 0xC0, 0x3D, 0xE0,
    0x0E, 0xE0, 0x07, 0x80, 0xFF, 0xC7, 0xFF, 0x38, 0xFD, 0xC0, 0xEE, 0x07, 0x70, 0x3B, 0x87, 0xDF,
    0xFC, 0xFF, 0xF7, 0x0F, 0xB8, 0x1F, 0xC0, 0x7E, 0x03, 0xF0, 0x3F, 0x87, 0xDF, 0xFE, 0xFF, 0xC0,
    0x07, 0xF8, 0x7F, 0xF3, 0xF3, 0xDE, 0x00, 0x78, 0x01, 0xC0, 0x0F, 0x00, 0x38, 0x00, 0xE0, 0x03,
    0x80, 0x0F, 0x00, 0x3C, 0x00, 0x70, 0x01, 0xE0, 0x03, 0xF1, 0xC7, 0xFF, 0x07, 0xF8, 0xFF, 0xC1,
    0xFF, 0xC3, 0x87, 0xE7, 0x03, 0xCE, 0x03, 0xDC, 0x03, 0xB8, 0x07, 0xF0, 0x0F, 0xE0, 0x1F, 0xC0,
    0x3F, 0x80, 0x7F, 0x00, 0xEE, 0x03, 0xDC, 0x0F, 0x38, 0x7E, 0x7F, 0xF0, 0xFF, 0xC0, 0xFF, 0xEF,
    0xFE, 0xE0, 0x0E, 0x00, 0xE0, 0x0E, 0x00, 0xE0, 0x0F, 0xFC, 0xFF, 0xCE, 0x00, 0xE0, 0x0E, 0x00,
    0xE0, 0x0E, 0x00, 0xE0, 0x0F, 0xFF, 0xFF, 0xF0, 0xFF, 0xFF, 0xFF, 0x80, 0x70, 0x0E, 0x01, 0xC0,
    0x38, 0x07, 0xFE, 0xFF, 0xDC, 0x03, 0x80, 0x70, 0x0E, 0x01, 0xC0, 0x38, 0x07, 0x00, 0xE0, 0x00,
    0x07, 0xF8, 0x3F, 0xF8, 0xFC, 0xF3, 0xC0, 0x07, 0x80, 0x0E, 0x00, 0x3C, 0x00, 0x70, 0x00, 0xE0,
    0x01, 0xC0, 0x3F, 0xC0, 0x7F, 0x80, 0xF7, 0x01, 0xEF, 0x03, 0xCF, 0xC7, 0x8F, 0xFF, 0x07, 0xFC,
    0xE0, 0x1F, 0x80, 0x7E, 0x01, 0xF8, 0x07, 0xE0, 0x1F, 0x80, 0x7E, 0x01, 0xFF, 0xFF, 0xFF, 0xFF,
    0x80, 0x7E, 0x01, 0xF8, 0x07, 0xE0, 0x1F, 0x80, 0x7E, 0x01, 0xF8, 0x07, 0xE0, 0x1C, 0xFF, 0xFF,
    0xFF, 0xFF, 0xFF, 0xFF, 0xE0, 0x00, 0xE0, 0x1C, 0x03, 0x80, 0x70, 0x0E, 0x01, 0xC0, 0x38, 0x07,
    0x00, 0xE0, 0x1C, 0x03, 0x80, 0x70, 0x0E, 0x03, 0xF9, 0xF7, 0xFE, 0x7F, 0x00, 0xE0, 0x7B, 0x83,
    0xCE, 0x1E, 0x38, 0xF0, 0xE7, 0x83, 0xBC, 0x0F, 0xE0, 0x3F, 0x00, 0xFE, 0x03, 0xFC, 0x0E, 0xF8,
    0x39, 0xF0, 0xE3, 0xE3, 0x87, 0xCE, 0x0F, 0x38, 0x1E, 0xE0, 0x3C, 0xE0, 0x1C, 0x03, 0x80, 0x70,
    0x0E, 0x01, 0xC0, 0x38, 0x07, 0x00, 0xE0, 0x1C, 0x03, 0x80, 0x70, 0x0E, 0x01, 0xC0, 0x38, 0x07,
    0xFF, 0xFF, 0xE0, 0x38, 0x01, 0xC7, 0x80, 0x1C, 0x7C, 0x03, 0xC7, 0xC0, 0x3E, 0x7E, 0x06, 0xE7,
    0x60, 0x6E, 0x77, 0x0C, 0xE7, 0x30, 0xCE, 0x73, 0x1C, 0xE7, 0x39, 0x8E, 0x71, 0x98, 0xE7, 0x1F,
    0x8E, 0x70, 0xF0, 0xEF, 0x0F, 0x0E, 0xF0, 0xE0, 0xEE, 0x00, 0x0E, 0xE0, 0x00, 0xE0, 0xE0, 0x1D,
    0xE0, 0x3B, 0xE0, 0x77, 0xE0, 0xEF, 0xC1, 0xDD, 0xC3, 0xBB, 0xC7, 0x73, 0xCE, 0xE3, 0x9D, 0xC3,
    0xBB, 0x87, 0xF7, 0x07, 0xEE, 0x07, 0xDC, 0x0F, 0xB8, 0x0F, 0x70, 0x0E, 0xE0, 0x1C, 0x07, 0xF8,
    0x0F, 0xFE, 0x0F, 0xCF, 0x8F, 0x01, 0xE7, 0x00, 0x7B, 0x80, 0x3F, 0xC0, 0x0F, 0xC0, 0x07, 0xE0,
    0x03, 0xF0, 0x01, 0xFC, 0x00, 0xEE, 0x00, 0xF7, 0x00, 0x7B, 0xC0, 0x78, 0xFC, 0xF8, 0x3F, 0xF8,
    0x07, 0xF8, 0x00, 0xFF, 0x87, 0xFF, 0x38, 0xFD, 0xC0, 0xEE, 0x07, 0xF0, 0x3F, 0x81, 0xFC, 0x0E,
    0xE3, 0xF7, 0xFF, 0x3F, 0xF1, 0xC0, 0x0E, 0x00, 0x70, 0x03, 0x80, 0x1C, 0x00, 0xE0, 0x00, 0x07,
    0xF8, 0x0F, 0xFE, 0x0F, 0xCF, 0x8F, 0x01, 0xE7, 0x00, 0x7B, 0x80, 0x3F, 0xC0, 0x0F, 0xC0, 0x07,
    0xE0, 0x03, 0xF0, 0x01, 0xFC, 0x00, 0xEE, 0x00, 0xF7, 0x00, 0x7B, 0xC0, 0x78, 0xFC, 0xF8, 0x3F,
    0xF8, 0x07, 0xF8, 0x00, 0x70, 0x00, 0x3C, 0x00, 0x0F, 0xC0, 0x03, 0xF0, 0x00, 0x78, 0xFF, 0xC3,
    0xFF, 0x8E, 0x3F, 0x38, 0x1C, 0xE0, 0x7B, 0x81, 0xEE, 0x07, 0x38, 0x7C, 0xFF, 0xE3, 0xFF, 0x0E,
    0x3C, 0x38, 0x70, 0xE0, 0xE3, 0x83, 0xCE, 0x07, 0x38, 0x1E, 0xE0, 0x38, 0x1F, 0xE1, 0xFF, 0x9F,
    0x1C, 0xE0, 0x07, 0x00, 0x3C, 0x00, 0xF8, 0x03, 0xE0, 0x07, 0xC0, 0x0F, 0x80, 0x3C, 0x00, 0xF0,
    0x03, 0x80, 0x3D, 0xE7, 0xCF, 0xFE, 0x3F, 0xC0, 0xFF, 0xFF, 0xFF, 0xF0, 0x78, 0x01, 0xE0, 0x07,
    0x80, 0x1E, 0x00, 0x78, 0x01, 0xE0, 0x07, 0x80, 0x1E, 0x00, 0x78, 0x01, 0xE0, 0x07, 0x80, 0x1E,
    0x00, 0x78, 0x01, 0xE0, 0x07, 0x80, 0xE0, 0x3F, 0x80, 0xFE, 0x03, 0xF8, 0x0F, 0xE0, 0x3F, 0x80,
    0xFE, 0x03, 0xF8, 0x0F, 0xE0, 0x3F, 0x80, 0xFE, 0x03, 0xF8, 0x0E, 0xE0, 0x3B, 0xC1, 0xE7, 0xCF,
    0x0F, 0xFC, 0x1F, 0xC0, 0xE0, 0x07, 0x78, 0x03, 0x9C, 0x03, 0xCF, 0x01, 0xC7, 0x80, 0xE1, 0xC0,
    0xF0, 0xF0, 0x70, 0x38, 0x78, 0x1C, 0x38, 0x0F, 0x1C, 0x03, 0x9E, 0x01, 0xEE, 0x00, 0x7F, 0x00,
    0x3F, 0x00, 0x0F, 0x80, 0x07, 0x80, 0x03, 0xC0, 0x00, 0xF0, 0x00, 0x0E, 0xE0, 0x00, 0x3D, 0xC0,
    0xE0, 0x73, 0x81, 0xE0, 0xE7, 0x07, 0xC1, 0xCF, 0x0F, 0x83, 0x8E, 0x1F, 0x8F, 0x1C, 0x77, 0x1C,
    0x38, 0xEE, 0x38, 0x79, 0xCE, 0x70, 0x77, 0x1C, 0xE0, 0xEE, 0x3B, 0x81, 0xDC, 0x3F, 0x03, 0xF0,
    0x7E, 0x03, 0xE0, 0x78, 0x07, 0x80, 0xF0, 0x0F, 0x01, 0xE0, 0x70, 0x1E, 0x78, 0x1C, 0x3C, 0x3C,
    0x1C, 0x78, 0x1E, 0x70, 0x0F, 0xF0, 0x07, 0xE0, 0x03, 0xC0, 0x03, 0xC0, 0x07, 0xE0, 0x0F, 0xE0,
    0x0E, 0xF0, 0x1E, 0x78, 0x3C, 0x3C, 0x38, 0x1C, 0x78, 0x1E, 0xF0, 0x0E, 0xF0, 0x1E, 0xE0, 0x39,
    0xE0, 0xF1, 0xC1, 0xC3, 0xC7, 0x83, 0xDE, 0x03, 0xB8, 0x07, 0xF0, 0x07, 0xC0, 0x07, 0x00, 0x0E,
    0x00, 0x1C, 0x00, 0x38, 0x00, 0x70, 0x00, 0xE0, 0x01, 0xC0, 0x03, 0x80, 0x7F, 0xFD, 0xFF, 0xF0,
    0x07, 0x80, 0x3C, 0x00, 0xE0, 0x07, 0x80, 0x3C, 0x01, 0xE0, 0x07, 0x00, 0x3C, 0x01, 0xE0, 0x07,
    0x00, 0x3C, 0x01, 0xE0, 0x07, 0x00, 0x3F, 0xFF, 0xFF, 0xFC, 0xFD, 0xFB, 0x87, 0x0E, 0x1C, 0x38,
    0x70, 0xE1, 0xC3, 0x87, 0x0E, 0x1C, 0x38, 0x70, 0xE1, 0xC3, 0x87, 0x0E, 0x1C, 0x38, 0x7E, 0xFC,
    0xE0, 0x07, 0x00, 0x70, 0x07, 0x00, 0x38, 0x03, 0x80, 0x38, 0x01, 0xC0, 0x1C, 0x01, 0xC0, 0x0E,
    0x00, 0xE0, 0x0E, 0x00, 0x70, 0x07, 0x00, 0x70, 0x03, 0x80, 0x38, 0x03, 0x80, 0x1C, 0x01, 0xC0,
    0x1C, 0x00, 0xE0, 0x0E, 0x00, 0xE0, 0xFF, 0xF1, 0xC7, 0x1C, 0x71, 0xC7, 0x1C, 0x71, 0xC7, 0x1C,
    0x71, 0xC7, 0x1C, 0x71, 0xC7, 0x1C, 0x71, 0xFF, 0xFC, 0x0F, 0x00, 0xF0, 0x1F, 0x81, 0xDC, 0x39,
    0xC7, 0x0E, 0x70, 0xEE, 0x07, 0xE0, 0x70, 0x7F, 0xFD, 0xFF, 0xF0, 0x63, 0xC7, 0x0E, 0x18, 0x7F,
    0x8F, 0xF9, 0x8F, 0x00, 0xE0, 0x0E, 0x7F, 0xDF, 0xFF, 0xCF, 0xE0, 0xFC, 0x1F, 0xC7, 0xFF, 0xF3,
    0xFC, 0xE0, 0x0E, 0x00, 0xE0, 0x0E, 0x00, 0xE0, 0x0E, 0x00, 0xFF, 0x8F, 0xFC, 0xF3, 0xEE, 0x0E,
    0xE0, 0xFE, 0x07, 0xE0, 0x7E, 0x07, 0xE0, 0xFE, 0x0E, 0xE3, 0xEF, 0xFC, 0xFF, 0x80, 0x1F, 0xC7,
    0xF9, 0xF3, 0x38, 0x0E, 0x01, 0xC0, 0x38, 0x07, 0x00, 0xE0, 0x1E, 0x01, 0xF3, 0x1F, 0xE1, 0xFC,
    0x00, 0x70, 0x07, 0x00, 0x70, 0x07, 0x00, 0x70, 0x07, 0x1F, 0xF3, 0xFF, 0x79, 0xFF, 0x07, 0xE0,
    0x7E, 0x07, 0xE0, 0x7E, 0x07, 0xE0, 0x7F, 0x07, 0x7C, 0x73, 0xFF, 0x1F, 0xF0, 0x1F, 0x83, 0xFE,
    0x79, 0xEF, 0x0F, 0xE0, 0x7F, 0xFF, 0xFF, 0xFE, 0x00, 0xE0, 0x0F, 0x00, 0x7C, 0x63, 0xFE, 0x1F,
    0xE0, 0x3F, 0x7F, 0xF3, 0xE0, 0xE0, 0xE0, 0xFF, 0xFF, 0xE0, 0xE0, 0xE0, 0xE0, 0xE0, 0xE0, 0xE0,
    0xE0, 0xE0, 0xE0, 0xE0, 0x1F, 0xF3, 0xFF, 0x7C, 0xF7, 0x07, 0xE0, 0x7E, 0x07, 0xE0, 0x7E, 0x07,
    0xE0, 0x7F, 0x07, 0x7D, 0xF3, 0xFF, 0x1F, 0xF0, 0x07, 0x00, 0xF7, 0x1E, 0x7F, 0xE7, 0xF8, 0xE0,
    0x1C, 0x03, 0x80, 0x70, 0x0E, 0x01, 0xC0, 0x3F, 0xE7, 0xFE, 0xF3, 0xDC, 0x3F, 0x83, 0xF0, 0x7E,
    0x0F, 0xC1, 0xF8, 0x3F, 0x07, 0xE0, 0xFC, 0x1F, 0x83, 0x80, 0xFF, 0x00, 0x07, 0x77, 0x77, 0x77,
    0x77, 0x77, 0x77, 0x1E, 0x3C, 0x00, 0x00, 0x01, 0xC3, 0x87, 0x0E, 0x1C, 0x38, 0x70, 0xE1, 0xC3,
    0x87, 0x0E, 0x1C, 0x38, 0xF3, 0xDF, 0xBE, 0x00, 0xE0, 0x1C, 0x03, 0x80, 0x70, 0x0E, 0x01, 0xC0,
    0x38, 0x77, 0x1C, 0xEF, 0x1F, 0xC3, 0xF0, 0x7C, 0x0F, 0xC1, 0xFC, 0x3B, 0xC7, 0x3C, 0xE3, 0xDC,
    0x3B, 0x87, 0x80, 0x71, 0xC7, 0x1C, 0x71, 0xC7, 0x1C, 0x71, 0xC7, 0x1C, 0x71, 0xC7, 0x1C, 0x79,
    0xF3, 0x80, 0xFF, 0x7F, 0x3F, 0xFF, 0xEE, 0x3E, 0x7F, 0x87, 0x07, 0xE1, 0xC1, 0xF8, 0x70, 0x7E,
    0x1C, 0x1F, 0x87, 0x07, 0xE1, 0xC1, 0xF8, 0x70, 0x7E, 0x1C, 0x1F, 0x87, 0x07, 0xE1, 0xC1, 0xC0,
    0xFF, 0x9F, 0xFB, 0x8F, 0x70, 0xFE, 0x0F, 0xC1, 0xF8, 0x3F, 0x07, 0xE0, 0xFC, 0x1F, 0x83, 0xF0,
    0x7E, 0x0E, 0x1F, 0xC1, 0xFF, 0x1E, 0x7C, 0xE0, 0xEE, 0x07, 0xF0, 0x1F, 0x80, 0xFC, 0x07, 0xE0,
    0x7B, 0x83, 0x9E, 0x7C, 0x7F, 0xC1, 0xFC, 0x00, 0xFF, 0x8F, 0xFC, 0xE3, 0xEE, 0x0E, 0xE0, 0xFE,
    0x07, 0xE0, 0x7E, 0x07, 0xE0, 0xFE, 0x0E, 0xF3, 0xEF, 0xFC, 0xFF, 0x8E, 0x00, 0xE0, 0x0E, 0x00,
    0xE0, 0x0E, 0x00, 0x1F, 0xF3, 0xFF, 0x7C, 0x7F, 0x07, 0xE0, 0x7E, 0x07, 0xE0, 0x7E, 0x07, 0xE0,
    0x7F, 0x07, 0x79, 0xF3, 0xFF, 0x1F, 0xF0, 0x07, 0x00, 0x70, 0x07, 0x00, 0x70, 0x07, 0xFF, 0xFF,
    0xE2, 0xE0, 0xE0, 0xE0, 0xE0, 0xE0, 0xE0, 0xE0, 0xE0, 0xE0, 0xE0, 0x3F, 0xBF, 0xEF, 0x33, 0x80,
    0xF0, 0x3F, 0x03, 0xF0, 0x3E, 0x03, 0x80, 0xFE, 0x7B, 0xFE, 0xFF, 0x00, 0x70, 0x78, 0x3C, 0x1E,
    0x0F, 0xF7, 0xFB, 0xC1, 0xE0, 0xF0, 0x78, 0x3C, 0x1E, 0x0F, 0x03, 0x81, 0xE4, 0xFF, 0x3F, 0x80,
    0xF0, 0x7F, 0x07, 0xF0, 0x7F, 0x07, 0xF0, 0x7F, 0x07, 0xF0, 0x7F, 0x07, 0x70, 0x77, 0x07, 0x78,
    0xF3, 0xFF, 0x1F, 0xF0, 0xE0, 0x77, 0x83, 0x9C, 0x1C, 0xE1, 0xC7, 0x8E, 0x1C, 0x70, 0xE7, 0x03,
    0xB8, 0x1F, 0xC0, 0xFC, 0x03, 0xE0, 0x1E, 0x00, 0x70, 0x00, 0xE0, 0xE0, 0xFE, 0x1C, 0x1D, 0xC3,
    0xC3, 0xB8, 0x78, 0xE7, 0x1F, 0x1C, 0x73, 0xF3, 0x8E, 0x6E, 0xE1, 0xDD, 0xDC, 0x1F, 0x9B, 0x83,
    0xE3, 0xE0, 0x7C, 0x7C, 0x07, 0x87, 0x80, 0xE0, 0xE0, 0x70, 0x73, 0xC7, 0x0E, 0x78, 0x3B, 0x81,
    0xF8, 0x07, 0x80, 0x3C, 0x01, 0xF0, 0x1F, 0xC1, 0xEF, 0x0E, 0x38, 0xE1, 0xEF, 0x07, 0x00, 0xE0,
    0x7F, 0x07, 0x70, 0x77, 0x0E, 0x78, 0xE3, 0x8E, 0x38, 0xC1, 0xDC, 0x1D, 0xC1, 0xF8, 0x0F, 0x80,
    0xF8, 0x07, 0x00, 0x70, 0x07, 0x09, 0xE0, 0xFC, 0x0F, 0x80, 0x7F, 0xEF, 0xFC, 0x07, 0x81, 0xE0,
    0x78, 0x1E, 0x03, 0x80, 0xF0, 0x3C, 0x0F, 0x01, 0xC0, 0x3F, 0xF7, 0xFE, 0x0E, 0x1F, 0x3C, 0x38,
    0x38, 0x38, 0x38, 0x38, 0x38, 0x38, 0x38, 0x70, 0xE0, 0xF0, 0x78, 0x38, 0x38, 0x38, 0x38, 0x38,
    0x38, 0x38, 0x3C, 0x1F, 0x1F, 0xFF, 0xFF, 0xFF, 0xFF, 0xFF, 0xFF, 0xFF, 0xFF, 0xFF, 0xE0, 0xF0,
    0xF8, 0x78, 0x38, 0x38, 0x38, 0x38, 0x38, 0x38, 0x18, 0x1C, 0x1E, 0x0F, 0x1F, 0x1E, 0x1C, 0x38,
    0x38, 0x38, 0x38, 0x38, 0x38, 0x78, 0xF8, 0xF0, 0x7C, 0x3F, 0xF7, 0xEF, 0xFC, 0x3E, 0x77, 0x9C,
    0x00, 0x39, 0xCE, 0x73, 0x9C, 0xE7, 0x39, 0xCE, 0x73, 0x80, 0x06, 0x01, 0x80, 0x60, 0x7F, 0x3F,
    0xDF, 0x3F, 0x03, 0x80, 0xE0, 0x38, 0x0E, 0x03, 0x80, 0xF0, 0x1F, 0x33, 0xFC, 0x7F, 0x06, 0x01,
    0x80, 0x60, 0x07, 0xF0, 0xFF, 0x1E, 0x61, 0xC0, 0x1C, 0x03, 0xC0, 0x3C, 0x03, 0xC0, 0xFF, 0xCF,
    0xFC, 0x3C, 0x03, 0x80, 0x38, 0x03, 0x80, 0x38, 0x03, 0xFF, 0x3F, 0xF0, 0x60, 0x7F, 0xFF, 0x7F,
    0xE7, 0x9E, 0x70, 0xE7, 0x06, 0x70, 0x67, 0x0E, 0x79, 0xE7, 0xFE, 0xFF, 0xF6, 0x07, 0xF0, 0x3D,
    0xC0, 0xE7, 0x87, 0x8E, 0x1C, 0x1C, 0xE0, 0x7B, 0x80, 0xFC, 0x01, 0xF0, 0x7F, 0xF9, 0xFF, 0xE0,
    0x38, 0x00, 0xE0, 0x7F, 0xF9, 0xFF, 0xE0, 0x38, 0x00, 0xE0, 0x03, 0x80, 0xFF, 0xFF, 0xFF, 0xFC,
    0x00, 0x07, 0xFF, 0xFF, 0xFF, 0xE0, 0x3F, 0xCF, 0xF9, 0xE7, 0x38, 0x07, 0x00, 0xF8, 0x1F, 0xC7,
    0xFE, 0xE3, 0xDC, 0x1F, 0x83, 0xF8, 0xE7, 0xFC, 0x7F, 0x01, 0xF0, 0x0E, 0x01, 0xDC, 0x7B, 0xFE,
    0x7F, 0x80, 0x73, 0xBB, 0xDC, 0xE0, 0x07, 0xF8, 0x03, 0xFF, 0x81, 0xF3, 0xF0, 0xE0, 0x1E, 0x73,
    0xFB, 0x9D, 0xFE, 0x7E, 0x7B, 0x1F, 0xB8, 0x07, 0xEE, 0x00, 0xFB, 0x80, 0x7E, 0x79, 0x9D, 0xDF,
    0xE7, 0x73, 0xFB, 0x8E, 0x01, 0xE1, 0xF1, 0xF0, 0x3F, 0xF8, 0x07, 0xF8, 0x00, 0x3F, 0x1F, 0x88,
    0xE7, 0xF7, 0xFB, 0x9D, 0xCE, 0xFF, 0x3F, 0x80, 0x0C, 0x61, 0xCF, 0x3C, 0xE3, 0x9C, 0x7B, 0xC7,
    0x38, 0x7B, 0xC3, 0x9C, 0x3C, 0xE1, 0xCF, 0x0C, 0x60, 0xFF, 0xFF, 0xFF, 0x00, 0x70, 0x07, 0x00,
    0x70, 0x07, 0x00, 0x70, 0x07, 0x00, 0x70, 0xFF, 0xFC, 0x07, 0xF8, 0x03, 0xFF, 0x81, 0xF3, 0xF0,
    0xE0, 0x1E, 0x77, 0xF3, 0x9D, 0xFE, 0x7E, 0x73, 0x9F, 0x9C, 0xE7, 0xE7, 0xF8, 0xF9, 0xFC, 0x7E,
    0x77, 0x1D, 0xDC, 0xE7, 0x77, 0x1F, 0x8E, 0x01, 0xE1, 0xF1, 0xF0, 0x3F, 0xF8, 0x07, 0xF8, 0x00,
    0xFF, 0xFF, 0x3E, 0x7E, 0xF7, 0xE3, 0xF7, 0x7E, 0x3E, 0x06, 0x00, 0x60, 0x06, 0x00, 0x60, 0x06,
    0x0F, 0xFF, 0xFF, 0xF0, 0x60, 0x06, 0x00, 0x60, 0x06, 0x00, 0x60, 0x00, 0x0F, 0xFF, 0xFF, 0xF0,
    0x7E, 0x7F, 0x67, 0x07, 0x0E, 0x1C, 0x38, 0x70, 0x7F, 0x7F, 0x7E, 0x7E, 0x6F, 0x3E, 0x3E, 0x0F,
    0x07, 0x67, 0x7F, 0x7E, 0x19, 0xDD, 0xCC, 0x00, 0xE0, 0xFC, 0x1F, 0x83, 0xF0, 0x7E, 0x0F, 0xC1,
    0xF8, 0x3F, 0x07, 0xE0, 0xFC, 0x1F, 0xE7, 0xFF, 0xFF, 0xFF, 0xC0, 0x38, 0x07, 0x00, 0xE0, 0x1C,
    0x00, 0x1F, 0xF9, 0xFF, 0xDF, 0xCF, 0xFE, 0x7F, 0xF3, 0xFF, 0x9F, 0xFC, 0xFF, 0xE7, 0xFF, 0x3B,
    0xF9, 0xC7, 0xCE, 0x06, 0x70, 0x33, 0x81, 0x9C, 0x0C, 0xE0, 0x67, 0x03, 0x38, 0x19, 0xC0, 0xCE,
    0x06, 0x70, 0x33, 0x81, 0x9C, 0xFF, 0xF0, 0x38, 0xE3, 0x87, 0x7F, 0xE0, 0x3B, 0xFF, 0xF1, 0x8C,
    0x63, 0x18, 0xC0, 0x3E, 0x1F, 0xCF, 0x7B, 0x86, 0xC1, 0xB8, 0x6F, 0x79, 0xFC, 0x3E, 0x00, 0xC7,
    0x1C, 0xE1, 0xCE, 0x3D, 0xE3, 0x9C, 0x7B, 0xCE, 0x73, 0xDE, 0x73, 0x9C, 0xE3, 0x1C, 0x00, 0x38,
    0x00, 0x03, 0xC0, 0x38, 0x3E, 0x03, 0x81, 0xF0, 0x1C, 0x01, 0x81, 0xC0, 0x0C, 0x0E, 0x00, 0x60,
    0xE0, 0x03, 0x07, 0x00, 0x18, 0x70, 0xE0, 0xC7, 0x0F, 0x00, 0x38, 0x78, 0x03, 0x87, 0xC0, 0x1C,
    0x76, 0x01, 0xC3, 0x30, 0x0E, 0x3F, 0xE0, 0xE1, 0xFF, 0x0E, 0x00, 0x60, 0x70, 0x03, 0x00, 0x38,
    0x00, 0x07, 0x80, 0xE0, 0xF8, 0x0E, 0x0F, 0x81, 0xC0, 0x18, 0x1C, 0x01, 0x83, 0x80, 0x18, 0x38,
    0x01, 0x87, 0x00, 0x18, 0xE7, 0xE1, 0x8E, 0xFE, 0x01, 0xC6, 0x70, 0x1C, 0x06, 0x03, 0x80, 0xE0,
    0x38, 0x1C, 0x07, 0x03, 0x80, 0xE0, 0x70, 0x0E, 0x07, 0xF1, 0xC0, 0x7F, 0x7E, 0x00, 0x01, 0xF8,
    0x0E, 0x06, 0xF0, 0x38, 0x0F, 0x81, 0xC0, 0x3E, 0x07, 0x00, 0x3C, 0x38, 0x00, 0x71, 0xC0, 0x19,
    0xC7, 0x00, 0x7F, 0x38, 0x71, 0xF8, 0xE3, 0xC0, 0x07, 0x0F, 0x00, 0x1C, 0x7C, 0x00, 0xE3, 0xB0,
    0x07, 0x0C, 0xC0, 0x1C, 0x7F, 0xC0, 0xE1, 0xFF, 0x03, 0x80, 0x30, 0x1C, 0x00, 0xC0, 0x0E, 0x03,
    0xC0, 0xE0, 0x00, 0x00, 0x01, 0x80, 0xE0, 0x38, 0x1E, 0x0F, 0x03, 0x81, 0xC0, 0x70, 0x3C, 0x0F,
    0x01, 0xE6, 0x7F, 0xCF, 0xE0, 0x07, 0x00, 0x03, 0x80, 0x00, 0xE0, 0x00, 0x38, 0x00, 0x0C, 0x00,
    0x00, 0x00, 0x00, 0x00, 0x03, 0x80, 0x03, 0xE0, 0x01, 0xF0, 0x01, 0xF8, 0x00, 0xEE, 0x00, 0xE7,
    0x00, 0x73, 0xC0, 0x78, 0xE0, 0x38, 0x78, 0x1C, 0x1C, 0x1E, 0x0E, 0x0F, 0xFF, 0x87, 0xFF, 0xC7,
    0x00, 0xE3, 0x80, 0x7B, 0xC0, 0x1D, 0xC0, 0x0F, 0x00, 0x60, 0x00, 0x70, 0x00, 0x78, 0x00, 0x38,
    0x00, 0x18, 0x00, 0x00, 0x00, 0x00, 0x00, 0x03, 0x80, 0x03, 0xE0, 0x01, 0xF0, 0x01, 0xF8, 0x00,
    0xEE, 0x00, 0xE7, 0x00, 0x73, 0xC0, 0x78, 0xE0, 0x38, 0x78, 0x1C, 0x1C, 0x1E, 0x0E, 0x0F, 0xFF,
    0x87, 0xFF, 0xC7, 0x00, 0xE3, 0x80, 0x7B, 0xC0, 0x1D, 0xC0, 0x0F, 0x01, 0x80, 0x01, 0xE0, 0x00,
    0xF8, 0x00, 0xEE, 0x00, 0x63, 0x00, 0x00, 0x00, 0x00, 0x00, 0x03, 0x80, 0x03, 0xE0, 0x01, 0xF0,
    0x01, 0xF8, 0x00, 0xEE, 0x00, 0xE7, 0x00, 0x73, 0xC0, 0x78, 0xE0, 0x38, 0x78, 0x1C, 0x1C, 0x1E,
    0x0E, 0x0F, 0xFF, 0x87, 0xFF, 0xC7, 0x00, 0xE3, 0x80, 0x7B, 0xC0, 0x1D, 0xC0, 0x0F, 0x07, 0xB8,
    0x07, 0xF8, 0x03, 0x7C, 0x00, 0x00, 0x00, 0x00, 0x00, 0x00, 0x00, 0x07, 0x00, 0x07, 0xC0, 0x03,
    0xE0, 0x03, 0xF0, 0x01, 0xDC, 0x01, 0xCE, 0x00, 0xE7, 0x80, 0xF1, 0xC0, 0x70, 0xF0, 0x38, 0x38,
    0x3C, 0x1C, 0x1F, 0xFF, 0x0F, 0xFF, 0x8E, 0x01, 0xC7, 0x00, 0xF7, 0x80, 0x3B, 0x80, 0x1E, 0x0E,
    0x70, 0x07, 0xB8, 0x03, 0x9C, 0x00, 0x00, 0x00, 0x00, 0x00, 0x0E, 0x00, 0x0F, 0x80, 0x07, 0xC0,
    0x07, 0xE0, 0x03, 0xB8, 0x03, 0x9C, 0x01, 0xCF, 0x01, 0xE3, 0x80, 0xE1, 0xE0, 0x70, 0x70, 0x78,
    0x38, 0x3F, 0xFE, 0x1F, 0xFF, 0x1C, 0x03, 0x8E, 0x01, 0xEF, 0x00, 0x77, 0x00, 0x3C, 0x03, 0xC0,
    0x01, 0xB0, 0x01, 0x98, 0x00, 0xEC, 0x00, 0x3E, 0x00, 0x1E, 0x00, 0x0F, 0x80, 0x0F, 0xC0, 0x07,
    0x70, 0x07, 0x38, 0x03, 0x9E, 0x03, 0xC7, 0x01, 0xC3, 0xC0, 0xE0, 0xE0, 0xF0, 0x70, 0x7F, 0xFC,
    0x7F, 0xFE, 0x38, 0x07, 0x1C, 0x03, 0xDE, 0x00, 0xEE, 0x00, 0x78, 0x00, 0x3F, 0xFC, 0x00, 0xFF,
    0xF8, 0x03, 0xF8, 0x00, 0x07, 0x70, 0x00, 0x1E, 0xE0, 0x00, 0x39, 0xC0, 0x00, 0xE3, 0x80, 0x03,
    0xC7, 0xFC, 0x07, 0x0F, 0xF8, 0x1C, 0x1C, 0x00, 0x78, 0x38, 0x00, 0xFF, 0xF0, 0x03, 0xFF, 0xE0,
    0x07, 0x01, 0xC0, 0x1E, 0x03, 0x80, 0x38, 0x07, 0xFF, 0xE0, 0x0F, 0xFE, 0x07, 0xF8, 0x7F, 0xF3,
    0xF3, 0xDE, 0x00, 0x78, 0x01, 0xC0, 0x0F, 0x00, 0x38, 0x00, 0xE0, 0x03, 0x80, 0x0F, 0x00, 0x3C,
    0x00, 0x70, 0x01, 0xE0, 0x03, 0xF1, 0xC7, 0xFF, 0x07, 0xF8, 0x06, 0x00, 0x3C, 0x00, 0x70, 0x01,
    0xC0, 0x1F, 0x00, 0x7C, 0x00, 0x18, 0x01, 0xC0, 0x0E, 0x00, 0x70, 0x03, 0x00, 0x00, 0x00, 0x0F,
    0xFE, 0xFF, 0xEE, 0x00, 0xE0, 0x0E, 0x00, 0xE0, 0x0E, 0x00, 0xFF, 0xCF, 0xFC, 0xE0, 0x0E, 0x00,
    0xE0, 0x0E, 0x00, 0xE0, 0x0E, 0x00, 0xFF, 0xFF, 0xFF, 0x01, 0x80, 0x38, 0x07, 0x00, 0xE0, 0x0C,
    0x00, 0x00, 0x00, 0x0F, 0xFE, 0xFF, 0xEE, 0x00, 0xE0, 0x0E, 0x00, 0xE0, 0x0E, 0x00, 0xFF, 0xCF,
    0xFC, 0xE0, 0x0E, 0x00, 0xE0, 0x0E, 0x00, 0xE0, 0x0E, 0x00, 0xFF, 0xFF, 0xFF, 0x0C, 0x00, 0xE0,
    0x1F, 0x03, 0xB8, 0x31, 0x80, 0x00, 0x00, 0x0F, 0xFE, 0xFF, 0xEE, 0x00, 0xE0, 0x0E, 0x00, 0xE0,
    0x0E, 0x00, 0xFF, 0xCF, 0xFC, 0xE0, 0x0E, 0x00, 0xE0, 0x0E, 0x00, 0xE0, 0x0E, 0x00, 0xFF, 0xFF,
    0xFF, 0x3B, 0x87, 0xBC, 0x3B, 0x80, 0x00, 0x00, 0x0F, 0xFE, 0xFF, 0xEE, 0x00, 0xE0, 0x0E, 0x00,
    0xE0, 0x0E, 0x00, 0xFF, 0xCF, 0xFC, 0xE0, 0x0E, 0x00, 0xE0, 0x0E, 0x00, 0xE0, 0x0E, 0x00, 0xFF,
    0xFF, 0xFF, 0xE3, 0xC7, 0x0E, 0x18, 0x00, 0x0E, 0x38, 0xE3, 0x8E, 0x38, 0xE3, 0x8E, 0x38, 0xE3,
    0x8E, 0x38, 0xE3, 0x8E, 0x18, 0xE7, 0x9C, 0x60, 0x00, 0x1C, 0x71, 0xC7, 0x1C, 0x71, 0xC7, 0x1C,
    0x71, 0xC7, 0x1C, 0x71, 0xC7, 0x1C, 0x18, 0x1C, 0x3E, 0x77, 0x63, 0x00, 0x00, 0x1C, 0x1C, 0x1C,
    0x1C, 0x1C, 0x1C, 0x1C, 0x1C, 0x1C, 0x1C, 0x1C, 0x1C, 0x1C, 0x1C, 0x1C, 0x1C, 0x1C, 0x67, 0x7B,
    0xD9, 0xC0, 0x00, 0x00, 0xE0, 0x70, 0x38, 0x1C, 0x0E, 0x07, 0x03, 0x81, 0xC0, 0xE0, 0x70, 0x38,
    0x1C, 0x0E, 0x07, 0x03, 0x81, 0xC0, 0xE0, 0x3F, 0xF0, 0x1F, 0xFE, 0x0E, 0x1F, 0x87, 0x01, 0xE3,
    0x80, 0x71, 0xC0, 0x3C, 0xE0, 0x0F, 0xFF, 0x07, 0xFF, 0x83, 0x9C, 0x01, 0xCE, 0x00, 0xE7, 0x00,
    0xF3, 0x80, 0x71, 0xC0, 0x78, 0xE1, 0xF8, 0x7F, 0xF8, 0x3F, 0xF0, 0x00, 0x0F, 0x60, 0x3F, 0xC0,
    0x6F, 0x00, 0x00, 0x00, 0x00, 0x00, 0x00, 0x38, 0x07, 0x78, 0x0E, 0xF8, 0x1D, 0xF8, 0x3B, 0xF0,
    0x77, 0x70, 0xEE, 0xF1, 0xDC, 0xF3, 0xB8, 0xE7, 0x70, 0xEE, 0xE1, 0xFD, 0xC1, 0xFB, 0x81, 0xF7,
    0x03, 0xEE, 0x03, 0xDC, 0x03, 0xB8, 0x07, 0x00, 0x03, 0x00, 0x01, 0xC0, 0x00, 0x70, 0x00, 0x38,
    0x00, 0x0C, 0x00, 0x00, 0x00, 0x00, 0x00, 0x0F, 0xF0, 0x1F, 0xFC, 0x1F, 0x9F, 0x1E, 0x03, 0xCE,
    0x00, 0xF7, 0x00, 0x7F, 0x80, 0x1F, 0x80, 0x0F, 0xC0, 0x07, 0xE0, 0x03, 0xF8, 0x01, 0xDC, 0x01,
    0xEE, 0x00, 0xF7, 0x80, 0xF1, 0xF9, 0xF0, 0x7F, 0xF0, 0x0F, 0xF0, 0x00, 0x70, 0x00, 0x38, 0x00,
    0x38, 0x00, 0x38, 0x00, 0x18, 0x00, 0x00, 0x00, 0x00, 0x00, 0x0F, 0xF0, 0x1F, 0xFC, 0x1F, 0x9F,
    0x1E, 0x03, 0xCE, 0x00, 0xF7, 0x00, 0x7F, 0x80, 0x1F, 0x80, 0x0F, 0xC0, 0x07, 0xE0, 0x03, 0xF8,
    0x01, 0xDC, 0x01, 0xEE, 0x00, 0xF7, 0x80, 0xF1, 0xF9, 0xF0, 0x7F, 0xF0, 0x0F, 0xF0, 0x00, 0xC0,
    0x00, 0xF0, 0x00, 0xF8, 0x00, 0xEE, 0x00, 0x63, 0x00, 0x00, 0x00, 0x00, 0x00, 0x0F, 0xF0, 0x1F,
    0xFC, 0x1F, 0x9F, 0x1E, 0x03, 0xCE, 0x00, 0xF7, 0x00, 0x7F, 0x80, 0x1F, 0x80, 0x0F, 0xC0, 0x07,
    0xE0, 0x03, 0xF8, 0x01, 0xDC, 0x01, 0xEE, 0x00, 0xF7, 0x80, 0xF1, 0xF9, 0xF0, 0x7F, 0xF0, 0x0F,
    0xF0, 0x07, 0xD8, 0x03, 0xFC, 0x03, 0xBC, 0x00, 0x00, 0x00, 0x00, 0x00, 0x00, 0x00, 0x1F, 0xE0,
    0x3F, 0xF8, 0x3F, 0x3E, 0x3C, 0x07, 0x9C, 0x01, 0xEE, 0x00, 0xFF, 0x00, 0x3F, 0x00, 0x1F, 0x80,
    0x0F, 0xC0, 0x07, 0xF0, 0x03, 0xB8, 0x03, 0xDC, 0x01, 0xEF, 0x01, 0xE3, 0xF3, 0xE0, 0xFF, 0xE0,
    0x1F, 0xE0, 0x07, 0x38, 0x03, 0xBC, 0x01, 0xCE, 0x00, 0x00, 0x00, 0x00, 0x00, 0x3F, 0xC0, 0x7F,
    0xF0, 0x7E, 0x7C, 0x78, 0x0F, 0x38, 0x03, 0xDC, 0x01, 0xFE, 0x00, 0x7E, 0x00, 0x3F, 0x00, 0x1F,
    0x80, 0x0F, 0xE0, 0x07, 0x70, 0x07, 0xB8, 0x03, 0xDE, 0x03, 0xC7, 0xE7, 0xC1, 0xFF, 0xC0, 0x3F,
    0xC0, 0x40, 0x9C, 0x3B, 0xCF, 0x3F, 0xC3, 0xF0, 0x3C, 0x0F, 0xC3, 0xFC, 0xF3, 0xDC, 0x39, 0x02,
    0x00, 0x00, 0x03, 0x03, 0xFD, 0xC7, 0xFF, 0xC7, 0xE7, 0xC7, 0x81, 0xF3, 0x81, 0xF9, 0xC0, 0xFF,
    0xE0, 0xE7, 0xE0, 0xE3, 0xF0, 0xE1, 0xF8, 0xF0, 0xFE, 0xF0, 0x77, 0x70, 0x3B, 0xF0, 0x3D, 0xF0,
    0x3C, 0x7E, 0x7C, 0x7F, 0xFC, 0x3B, 0xFC, 0x18, 0x00, 0x00, 0x0C, 0x00, 0x38, 0x00, 0xF0, 0x01,
    0xC0, 0x03, 0x00, 0x00, 0x00, 0x00, 0x38, 0x0F, 0xE0, 0x3F, 0x80, 0xFE, 0x03, 0xF8, 0x0F, 0xE0,
    0x3F, 0x80, 0xFE, 0x03, 0xF8, 0x0F, 0xE0, 0x3F, 0x80, 0xFE, 0x03, 0xB8, 0x0E, 0xF0, 0x79, 0xF3,
    0xC3, 0xFF, 0x07, 0xF0, 0x01, 0xC0, 0x0F, 0x00, 0x38, 0x01, 0xC0, 0x06, 0x00, 0x00, 0x00, 0x00,
    0x38, 0x0F, 0xE0, 0x3F, 0x80, 0xFE, 0x03, 0xF8, 0x0F, 0xE0, 0x3F, 0x80, 0xFE, 0x03, 0xF8, 0x0F,
    0xE0, 0x3F, 0x80, 0xFE, 0x03, 0xB8, 0x0E, 0xF0, 0x79, 0xF3, 0xC3, 0xFF, 0x07, 0xF0, 0x03, 0x00,
    0x1C, 0x00, 0xF8, 0x07, 0x70, 0x18, 0xC0, 0x00, 0x00, 0x00, 0x38, 0x0F, 0xE0, 0x3F, 0x80, 0xFE,
    0x03, 0xF8, 0x0F, 0xE0, 0x3F, 0x80, 0xFE, 0x03, 0xF8, 0x0F, 0xE0, 0x3F, 0x80, 0xFE, 0x03, 0xB8,
    0x0E, 0xF0, 0x79, 0xF3, 0xC3, 0xFF, 0x07, 0xF0, 0x1D, 0xC0, 0xF7, 0x81, 0xDC, 0x00, 0x00, 0x00,
    0x03, 0x80, 0xFE, 0x03, 0xF8, 0x0F, 0xE0, 0x3F, 0x80, 0xFE, 0x03, 0xF8, 0x0F, 0xE0, 0x3F, 0x80,
    0xFE, 0x03, 0xF8, 0x0F, 0xE0, 0x3B, 0x80, 0xEF, 0x07, 0x9F, 0x3C, 0x3F, 0xF0, 0x7F, 0x00, 0x00,
    0xC0, 0x03, 0xC0, 0x07, 0x00, 0x1C, 0x00, 0x30, 0x00, 0x00, 0x00, 0x00, 0x78, 0x0F, 0x70, 0x1C,
    0xF0, 0x78, 0xE0, 0xE1, 0xE3, 0xC1, 0xEF, 0x01, 0xDC, 0x03, 0xF8, 0x03, 0xE0, 0x03, 0x80, 0x07,
    0x00, 0x0E, 0x00, 0x1C, 0x00, 0x38, 0x00, 0x70, 0x00, 0xE0, 0x01, 0xC0, 0xE0, 0x07, 0x00, 0x38,
    0x01, 0xFF, 0x0F, 0xFE, 0x71, 0xFB, 0x81, 0xDC, 0x0F, 0xE0, 0x7F, 0x03, 0xF8, 0x1D, 0xC7, 0xEF,
    0xFE, 0x7F, 0xE3, 0x80, 0x1C, 0x00, 0xE0, 0x00, 0x3F, 0x83, 0xFE, 0x3E, 0xF9, 0xC1, 0xCE, 0x0E,
    0x70, 0xE3, 0x87, 0x1C, 0x70, 0xE7, 0x07, 0x38, 0x39, 0xE1, 0xCF, 0xCE, 0x3F, 0x70, 0x7F, 0x80,
    0xFC, 0x07, 0xEE, 0x7F, 0x7F, 0xBB, 0xF8, 0x18, 0x03, 0x80, 0x78, 0x07, 0x00, 0x60, 0x00, 0x00,
    0x03, 0xFC, 0x7F, 0xCC, 0x78, 0x07, 0x00, 0x73, 0xFE, 0xFF, 0xFE, 0x7F, 0x07, 0xE0, 0xFE, 0x3F,
    0xFF, 0x9F, 0xE0, 0x03, 0x00, 0xF0, 0x1C, 0x07, 0x00, 0xC0, 0x00, 0x00, 0x03, 0xFC, 0x7F, 0xCC,
    0x78, 0x07, 0x00, 0x73, 0xFE, 0xFF, 0xFE, 0x7F, 0x07, 0xE0, 0xFE, 0x3F, 0xFF, 0x9F, 0xE0, 0x04,
    0x01, 0xC0, 0x7C, 0x1D, 0xC3, 0x18, 0x00, 0x00, 0x03, 0xFC, 0x7F, 0xCC, 0x78, 0x07, 0x00, 0x73,
    0xFE, 0xFF, 0xFE, 0x7F, 0x07, 0xE0, 0xFE, 0x3F, 0xFF, 0x9F, 0xE0, 0x3E, 0xC7, 0xF9, 0xDE, 0x00,
    0x00, 0x00, 0x00, 0x1F, 0xE3, 0xFE, 0x63, 0xC0, 0x38, 0x03, 0x9F, 0xF7, 0xFF, 0xF3, 0xF8, 0x3F,
    0x07, 0xF1, 0xFF, 0xFC, 0xFF, 0x00, 0x3B, 0x8F, 0x78, 0xEE, 0x00, 0x00, 0x00, 0xFF, 0x1F, 0xF3,
    0x1E, 0x01, 0xC0, 0x1C, 0xFF, 0xBF, 0xFF, 0x9F, 0xC1, 0xF8, 0x3F, 0x8F, 0xFF, 0xE7, 0xF8, 0x1F,
    0x03, 0x60, 0x6C, 0x0D, 0x81, 0xF0, 0x00, 0x00, 0x03, 0xFC, 0x7F, 0xCC, 0x78, 0x07, 0x00, 0x73,
    0xFE, 0xFF, 0xFE, 0x7F, 0x07, 0xE0, 0xFE, 0x3F, 0xFF, 0x9F, 0xE0, 0x7F, 0x1F, 0x87, 0xFB, 0xFC,
    0x63, 0xFB, 0xE0, 0x1E, 0x0E, 0x00, 0xE0, 0xE3, 0xFF, 0xFE, 0x7F, 0xFF, 0xEF, 0x9E, 0x00, 0xE0,
    0xE0, 0x0E, 0x0F, 0x00, 0xF1, 0xF8, 0xCF, 0xFF, 0xFC, 0x3F, 0x9F, 0xC0, 0x1F, 0xC7, 0xF9, 0xF3,
    0x38, 0x0E, 0x01, 0xC0, 0x38, 0x07, 0x00, 0xE0, 0x1E, 0x01, 0xF3, 0x1F, 0xE1, 0xFC, 0x0C, 0x01,
    0xC0, 0x38, 0x07, 0x03, 0xE0, 0x7C, 0x00, 0x1C, 0x01, 0xC0, 0x0E, 0x00, 0x70, 0x03, 0x00, 0x00,
    0x00, 0x01, 0xF8, 0x3F, 0xE7, 0x9E, 0xF0, 0xFE, 0x07, 0xFF, 0xFF, 0xFF, 0xE0, 0x0E, 0x00, 0xF0,
    0x07, 0xC6, 0x3F, 0xE1, 0xFE, 0x01, 0x80, 0x38, 0x07, 0x00, 0xE0, 0x06, 0x00, 0x00, 0x00, 0x01,
    0xF8, 0x3F, 0xE7, 0x9E, 0xF0, 0xFE, 0x07, 0xFF, 0xFF, 0xFF, 0xE0, 0x0E, 0x00, 0xF0, 0x07, 0xC6,
    0x3F, 0xE1, 0xFE, 0x06, 0x00, 0xF0, 0x1F, 0x81, 0x9C, 0x18, 0x80, 0x00, 0x00, 0x01, 0xF8, 0x3F,
    0xE7, 0x9E, 0xF0, 0xFE, 0x07, 0xFF, 0xFF, 0xFF, 0xE0, 0x0E, 0x00, 0xF0, 0x07, 0xC6, 0x3F, 0xE1,
    0xFE, 0x39, 0xC3, 0xDC, 0x39, 0xC0, 0x00, 0x00, 0x01, 0xF8, 0x3F, 0xE7, 0x9E, 0xF0, 0xFE, 0x07,
    0xFF, 0xFF, 0xFF, 0xE0, 0x0E, 0x00, 0xF0, 0x07, 0xC6, 0x3F, 0xE1, 0xFE, 0xE7, 0x1C, 0x71, 0x80,
    0x07, 0x39, 0xCE, 0x73, 0x9C, 0xE7, 0x39, 0xCE, 0x70, 0x18, 0xE7, 0x38, 0x60, 0x00, 0x1C, 0x71,
    0xC7, 0x1C, 0x71, 0xC7, 0x1C, 0x71, 0xC7, 0x1C, 0x18, 0x3C, 0x7E, 0x67, 0x62, 0x00, 0x00, 0x1C,
    0x1C, 0x1C, 0x1C, 0x1C, 0x1C, 0x1C, 0x1C, 0x1C, 0x1C, 0x1C, 0x1C, 0x1C, 0xE7, 0xF7, 0xE7, 0x00,
    0x00, 0x1C, 0x1C, 0x1C, 0x1C, 0x1C, 0x1C, 0x1C, 0x1C, 0x1C, 0x1C, 0x1C, 0x1C, 0x1C, 0x03, 0x00,
    0x1E, 0xE0, 0x3F, 0x81, 0xF8, 0x07, 0xE0, 0x01, 0xC0, 0x07, 0x07, 0xFC, 0x7F, 0xF9, 0xE7, 0xEF,
    0x03, 0xB8, 0x0E, 0xE0, 0x7B, 0x81, 0xCE, 0x07, 0x3C, 0x1C, 0x79, 0xE0, 0xFF, 0x81, 0xF8, 0x00,
    0x3D, 0xCF, 0xF1, 0xBE, 0x00, 0x00, 0x00, 0x00, 0x3F, 0xE7, 0xFE, 0xE3, 0xDC, 0x3F, 0x83, 0xF0,
    0x7E, 0x0F, 0xC1, 0xF8, 0x3F, 0x07, 0xE0, 0xFC, 0x1F, 0x83, 0x80, 0x1C, 0x00, 0xF0, 0x03, 0x80,
    0x0E, 0x00, 0x30, 0x00, 0x00, 0x00, 0x03, 0xF8, 0x3F, 0xE3, 0xCF, 0x9C, 0x1D, 0xC0, 0xFE, 0x03,
    0xF0, 0x1F, 0x80, 0xFC, 0x0F, 0x70, 0x73, 0xCF, 0x8F, 0xF8, 0x3F, 0x80, 0x01, 0x80, 0x1C, 0x01,
    0xE0, 0x0E, 0x00, 0x60, 0x00, 0x00, 0x00, 0x03, 0xF8, 0x3F, 0xE3, 0xCF, 0x9C, 0x1D, 0xC0, 0xFE,
    0x03, 0xF0, 0x1F, 0x80, 0xFC, 0x0F, 0x70, 0x73, 0xCF, 0x8F, 0xF8, 0x3F, 0x80, 0x06, 0x00, 0x38,
    0x03, 0xE0, 0x3B, 0x81, 0x8C, 0x00, 0x00, 0x00, 0x03, 0xF8, 0x3F, 0xE3, 0xCF, 0x9C, 0x1D, 0xC0,
    0xFE, 0x03, 0xF0, 0x1F, 0x80, 0xFC, 0x0F, 0x70, 0x73, 0xCF, 0x8F, 0xF8, 0x3F, 0x80, 0x1E, 0xE1,
    0xFE, 0x0D, 0xF0, 0x00, 0x00, 0x00, 0x00, 0x00, 0x7F, 0x07, 0xFC, 0x79, 0xF3, 0x83, 0xB8, 0x1F,
    0xC0, 0x7E, 0x03, 0xF0, 0x1F, 0x81, 0xEE, 0x0E, 0x79, 0xF1, 0xFF, 0x07, 0xF0, 0x19, 0xC1, 0xEF,
    0x06, 0x70, 0x00, 0x00, 0x00, 0x0F, 0xE0, 0xFF, 0x8F, 0x3E, 0x70, 0x77, 0x03, 0xF8, 0x0F, 0xC0,
    0x7E, 0x03, 0xF0, 0x3D, 0xC1, 0xCF, 0x3E, 0x3F, 0xE0, 0xFE, 0x00, 0x0F, 0x00, 0xF0, 0x0F, 0x00,
    0x00, 0x00, 0x0F, 0xFF, 0xFF, 0xF0, 0x00, 0x00, 0x00, 0xF0, 0x0F, 0x00, 0xF0, 0x00, 0x30, 0xFF,
    0x8F, 0xFC, 0xF3, 0xEF, 0x1F, 0x70, 0xFF, 0x8E, 0xFC, 0xE7, 0xEE, 0x3F, 0xE3, 0xDE, 0x1C, 0xFB,
    0xE7, 0xFE, 0x7F, 0xE3, 0x00, 0x00, 0x18, 0x01, 0xC0, 0x0E, 0x00, 0x70, 0x03, 0x00, 0x00, 0x00,
    0x0F, 0x07, 0xF0, 0x7F, 0x07, 0xF0, 0x7F, 0x07, 0xF0, 0x7F, 0x07, 0xF0, 0x77, 0x07, 0x70, 0x77,
    0x8F, 0x3F, 0xF1, 0xFF, 0x01, 0x80, 0x38, 0x07, 0x00, 0xE0, 0x0E, 0x00, 0x00, 0x00, 0x0F, 0x07,
    0xF0, 0x7F, 0x07, 0xF0, 0x7F, 0x07, 0xF0, 0x7F, 0x07, 0xF0, 0x77, 0x07, 0x70, 0x77, 0x8F, 0x3F,
    0xF1, 0xFF, 0x06, 0x00, 0xF0, 0x1F, 0x81, 0x9C, 0x18, 0x80, 0x00, 0x00, 0x0F, 0x07, 0xF0, 0x7F,
    0x07, 0xF0, 0x7F, 0x07, 0xF0, 0x7F, 0x07, 0xF0, 0x77, 0x07, 0x70, 0x77, 0x8F, 0x3F, 0xF1, 0xFF,
    0x39, 0xC3, 0xDC, 0x39, 0xC0, 0x00, 0x00, 0x0F, 0x07, 0xF0, 0x7F, 0x07, 0xF0, 0x7F, 0x07, 0xF0,
    0x7F, 0x07, 0xF0, 0x77, 0x07, 0x70, 0x77, 0x8F, 0x3F, 0xF1, 0xFF, 0x01, 0x80, 0x3C, 0x03, 0x80,
    0x70, 0x06, 0x00, 0x00, 0x00, 0x0E, 0x07, 0xF0, 0x77, 0x07, 0x70, 0xE7, 0x8E, 0x38, 0xE3, 0x8C,
    0x1D, 0xC1, 0xDC, 0x1F, 0x80, 0xF8, 0x0F, 0x80, 0x70, 0x07, 0x00, 0x70, 0x9E, 0x0F, 0xC0, 0xF8,
    0x00, 0xE0, 0x0E, 0x00, 0xE0, 0x0E, 0x00, 0xE0, 0x0E, 0x00, 0xFF, 0x8F, 0xFC, 0xF3, 0xEE, 0x0E,
    0xE0, 0xFE, 0x07, 0xE0, 0x7E, 0x07, 0xE0, 0xFE, 0x0E, 0xF3, 0xEF, 0xFC, 0xFF, 0x8E, 0x00, 0xE0,
    0x0E, 0x00, 0xE0, 0x0E, 0x00, 0x1D, 0xC3, 0xDE, 0x1D, 0xC0, 0x00, 0x00, 0x0E, 0x07, 0xF0, 0x77,
    0x07, 0x70, 0xE7, 0x8E, 0x38, 0xE3, 0x8C, 0x1D, 0xC1, 0xDC, 0x1F, 0x80, 0xF8, 0x0F, 0x80, 0x70,
    0x07, 0x00, 0x70, 0x9E, 0x0F, 0xC0, 0xF8, 0x00, 0x0F, 0xF0, 0x07, 0xF8, 0x00, 0x00, 0x00, 0x00,
    0x00, 0x00, 0x00, 0x0E, 0x00, 0x0F, 0x80, 0x07, 0xC0, 0x07, 0xE0, 0x03, 0xB8, 0x03, 0x9C, 0x01,
    0xCF, 0x01, 0xE3, 0x80, 0xE1, 0xE0, 0x70, 0x70, 0x78, 0x38, 0x3F, 0xFE, 0x1F, 0xFF, 0x1C, 0x03,
    0x8E, 0x01, 0xEF, 0x00, 0x77, 0x00, 0x3C, 0x3F, 0xC7, 0xF8, 0x00, 0x00, 0x00, 0x00, 0xFF, 0x1F,
    0xF3, 0x1E, 0x01, 0xC0, 0x1C, 0xFF, 0xBF, 0xFF, 0x9F, 0xC1, 0xF8, 0x3F, 0x8F, 0xFF, 0xE7, 0xF8,
    0x06, 0x30, 0x03, 0xB8, 0x01, 0xF8, 0x00, 0x7C, 0x00, 0x00, 0x00, 0x00, 0x00, 0x07, 0x00, 0x07,
    0xC0, 0x03, 0xE0, 0x03, 0xF0, 0x01, 0xDC, 0x01, 0xCE, 0x00, 0xE7, 0x80, 0xF1, 0xC0, 0x70, 0xF0,
    0x38, 0x38, 0x3C, 0x1C, 0x1F, 0xFF, 0x0F, 0xFF, 0x8E, 0x01, 0xC7, 0x00, 0xF7, 0x80, 0x3B, 0x80,
    0x1E, 0x31, 0x87, 0x70, 0x7E, 0x0F, 0x80, 0x00, 0x00, 0x1F, 0xE3, 0xFE, 0x63, 0xC0, 0x38, 0x03,
    0x9F, 0xF7, 0xFF, 0xF3, 0xF8, 0x3F, 0x07, 0xF1, 0xFF, 0xFC, 0xFF, 0x00, 0x01, 0xC0, 0x01, 0xF0,
    0x00, 0xF8, 0x00, 0xFC, 0x00, 0x77, 0x00, 0x73, 0x80, 0x39, 0xE0, 0x3C, 0x70, 0x1C, 0x3C, 0x0E,
    0x0E, 0x0F, 0x07, 0x07, 0xFF, 0xC3, 0xFF, 0xE3, 0x80, 0x71, 0xC0, 0x3D, 0xE0, 0x0E, 0xE0, 0x07,
    0x80, 0x03, 0x80, 0x03, 0x80, 0x01, 0xC0, 0x00, 0xF8, 0x00, 0x7C, 0x7F, 0x8F, 0xF9, 0x8F, 0x00,
    0xE0, 0x0E, 0x7F, 0xDF, 0xFF, 0xCF, 0xE0, 0xFC, 0x1F, 0xC7, 0xFF, 0xF3, 0xFC, 0x07, 0x80, 0xE0,
    0x3C, 0x03, 0xC0, 0x7C, 0x00, 0x60, 0x03, 0x80, 0x1C, 0x00, 0xE0, 0x01, 0x80, 0x00, 0x00, 0x00,
    0x01, 0xFE, 0x1F, 0xFC, 0xFC, 0xF7, 0x80, 0x1E, 0x00, 0x70, 0x03, 0xC0, 0x0E, 0x00, 0x38, 0x00,
    0xE0, 0x03, 0xC0, 0x0F, 0x00, 0x1C, 0x00, 0x78, 0x00, 0xFC, 0x71, 0xFF, 0xC1, 0xFE, 0x01, 0x80,
    0x70, 0x1C, 0x07, 0x00, 0x60, 0x00, 0x00, 0x00, 0xFE, 0x3F, 0xCF, 0x99, 0xC0, 0x70, 0x0E, 0x01,
    0xC0, 0x38, 0x07, 0x00, 0xF0, 0x0F, 0x98, 0xFF, 0x0F, 0xE0, 0x01, 0x80, 0x0F, 0x00, 0x7E, 0x01,
    0x9C, 0x06, 0x20, 0x00, 0x00, 0x00, 0x01, 0xFE, 0x1F, 0xFC, 0xFC, 0xF7, 0x80, 0x1E, 0x00, 0x70,
    0x03, 0xC0, 0x0E, 0x00, 0x38, 0x00, 0xE0, 0x03, 0xC0, 0x0F, 0x00, 0x1C, 0x00, 0x78, 0x00, 0xFC,
    0x71, 0xFF, 0xC1, 0xFE, 0x06, 0x01, 0xE0, 0x7E, 0x0C, 0xE1, 0x88, 0x00, 0x00, 0x00, 0xFE, 0x3F,
    0xCF, 0x99, 0xC0, 0x70, 0x0E, 0x01, 0xC0, 0x38, 0x07, 0x00, 0xF0, 0x0F, 0x98, 0xFF, 0x0F, 0xE0,
    0x01, 0xC0, 0x0F, 0x00, 0x1C, 0x00, 0x00, 0x00, 0x00, 0x1F, 0xE1, 0xFF, 0xCF, 0xCF, 0x78, 0x01,
    0xE0, 0x07, 0x00, 0x3C, 0x00, 0xE0, 0x03, 0x80, 0x0E, 0x00, 0x3C, 0x00, 0xF0, 0x01, 0xC0, 0x07,
    0x80, 0x0F, 0xC7, 0x1F, 0xFC, 0x1F, 0xE0, 0x07, 0x01, 0xE0, 0x1C, 0x00, 0x00, 0x00, 0x3F, 0x8F,
    0xF3, 0xE6, 0x70, 0x1C, 0x03, 0x80, 0x70, 0x0E, 0x01, 0xC0, 0x3C, 0x03, 0xE6, 0x3F, 0xC3, 0xF8,
    0x06, 0x20, 0x19, 0xC0, 0x7E, 0x00, 0xF0, 0x01, 0x80, 0x00, 0x00, 0x00, 0x01, 0xFE, 0x1F, 0xFC,
    0xFC, 0xF7, 0x80, 0x1E, 0x00, 0x70, 0x03, 0xC0, 0x0E, 0x00, 0x38, 0x00, 0xE0, 0x03, 0xC0, 0x0F,
    0x00, 0x1C, 0x00, 0x78, 0x00, 0xFC, 0x71, 0xFF, 0xC1, 0xFE, 0x18, 0x83, 0x38, 0x7E, 0x07, 0x80,
    0x60, 0x00, 0x00, 0x00, 0xFE, 0x3F, 0xCF, 0x99, 0xC0, 0x70, 0x0E, 0x01, 0xC0, 0x38, 0x07, 0x00,
    0xF0, 0x0F, 0x98, 0xFF, 0x0F, 0xE0, 0x18, 0xC0, 0x3B, 0x80, 0x3E, 0x00, 0x78, 0x00, 0x60, 0x00,
    0x00, 0x00, 0x00, 0x7F, 0xE0, 0xFF, 0xE1, 0xC3, 0xF3, 0x81, 0xE7, 0x01, 0xEE, 0x01, 0xDC, 0x03,
    0xF8, 0x07, 0xF0, 0x0F, 0xE0, 0x1F, 0xC0, 0x3F, 0x80, 0x77, 0x01, 0xEE, 0x07, 0x9C, 0x3F, 0x3F,
    0xF8, 0x7F, 0xE0, 0x00, 0x77, 0x00, 0x77, 0x00, 0x77, 0x00, 0x77, 0x00, 0x77, 0x00, 0x76, 0x1F,
    0xF0, 0x3F, 0xF0, 0x79, 0xF0, 0xF0, 0x70, 0xE0, 0x70, 0xE0, 0x70, 0xE0, 0x70, 0xE0, 0x70, 0xE0,
    0x70, 0xF0, 0x70, 0x7C, 0x70, 0x3F, 0xF0, 0x1F, 0xF0, 0x3F, 0xF0, 0x1F, 0xFE, 0x0E, 0x1F, 0x87,
    0x01, 0xE3, 0x80, 0x71, 0xC0, 0x3C, 0xE0, 0x0F, 0xFF, 0x07, 0xFF, 0x83, 0x9C, 0x01, 0xCE, 0x00,
    0xE7, 0x00, 0xF3, 0x80, 0x71, 0xC0, 0x78, 0xE1, 0xF8, 0x7F, 0xF8, 0x3F, 0xF0, 0x00, 0x00, 0x70,
    0x01, 0xC0, 0x7F, 0xC1, 0xFF, 0x00, 0x70, 0x01, 0xC1, 0xFF, 0x0F, 0xFC, 0x79, 0xF3, 0xC1, 0xCE,
    0x07, 0x38, 0x1C, 0xE0, 0x73, 0x81, 0xCE, 0x07, 0x3C, 0x1C, 0x7C, 0x70, 0xFF, 0xC1, 0xFF, 0x00,
    0x7F, 0x87, 0xF8, 0x00, 0x00, 0x00, 0x00, 0x0F, 0xFE, 0xFF, 0xEE, 0x00, 0xE0, 0x0E, 0x00, 0xE0,
    0x0E, 0x00, 0xFF, 0xCF, 0xFC, 0xE0, 0x0E, 0x00, 0xE0, 0x0E, 0x00, 0xE0, 0x0E, 0x00, 0xFF, 0xFF,
    0xFF, 0x3F, 0xC3, 0xFC, 0x00, 0x00, 0x00, 0x00, 0x01, 0xF8, 0x3F, 0xE7, 0x9E, 0xF0, 0xFE, 0x07,
    0xFF, 0xFF, 0xFF, 0xE0, 0x0E, 0x00, 0xF0, 0x07, 0xC6, 0x3F, 0xE1, 0xFE, 0x31, 0x83, 0xB8, 0x3F,
    0x01, 0xE0, 0x00, 0x00, 0x00, 0xFF, 0xEF, 0xFE, 0xE0, 0x0E, 0x00, 0xE0, 0x0E, 0x00, 0xE0, 0x0F,
    0xFC, 0xFF, 0xCE, 0x00, 0xE0, 0x0E, 0x00, 0xE0, 0x0E, 0x00, 0xE0, 0x0F, 0xFF, 0xFF, 0xF0, 0x39,
    0xC1, 0xDC, 0x1F, 0x80, 0xF0, 0x00, 0x00, 0x00, 0x1F, 0x83, 0xFE, 0x79, 0xEF, 0x0F, 0xE0, 0x7F,
    0xFF, 0xFF, 0xFE, 0x00, 0xE0, 0x0F, 0x00, 0x7C, 0x63, 0xFE, 0x1F, 0xE0, 0x0E, 0x00, 0xE0, 0x0E,
    0x00, 0x00, 0x00, 0x0F, 0xFE, 0xFF, 0xEE, 0x00, 0xE0, 0x0E, 0x00, 0xE0, 0x0E, 0x00, 0xFF, 0xCF,
    0xFC, 0xE0, 0x0E, 0x00, 0xE0, 0x0E, 0x00, 0xE0, 0x0E, 0x00, 0xFF, 0xFF, 0xFF, 0x07, 0x00, 0xF0,
    0x07, 0x00, 0x00, 0x00, 0x01, 0xF8, 0x3F, 0xE7, 0x9E, 0xF0, 0xFE, 0x07, 0xFF, 0xFF, 0xFF, 0xE0,
    0x0E, 0x00, 0xF0, 0x07, 0xC6, 0x3F, 0xE1, 0xFE, 0xFF, 0xEF, 0xFE, 0xE0, 0x0E, 0x00, 0xE0, 0x0E,
    0x00, 0xE0, 0x0F, 0xFC, 0xFF, 0xCE, 0x00, 0xE0, 0x0E, 0x00, 0xE0, 0x0E, 0x00, 0xE0, 0x0F, 0xFF,
    0xFF, 0xF0, 0x0E, 0x01, 0xC0, 0x1C, 0x01, 0xF0, 0x1F, 0x1F, 0x83, 0xFE, 0x79, 0xEF, 0x0F, 0xE0,
    0x7F, 0xFF, 0xFF, 0xFE, 0x00, 0xE0, 0x0F, 0x00, 0x7C, 0x63, 0xFE, 0x1F, 0xE0, 0x1C, 0x03, 0x80,
    0x38, 0x03, 0xE0, 0x3E, 0x31, 0x03, 0x38, 0x1F, 0x01, 0xE0, 0x0C, 0x00, 0x00, 0x00, 0x0F, 0xFE,
    0xFF, 0xEE, 0x00, 0xE0, 0x0E, 0x00, 0xE0, 0x0E, 0x00, 0xFF, 0xCF, 0xFC, 0xE0, 0x0E, 0x00, 0xE0,
    0x0E, 0x00, 0xE0, 0x0E, 0x00, 0xFF, 0xFF, 0xFF, 0x18, 0x81, 0x9C, 0x1F, 0x80, 0xF0, 0x06, 0x00,
    0x00, 0x00, 0x00, 0x00, 0x1F, 0x83, 0xFE, 0x79, 0xEF, 0x0F, 0xE0, 0x7F, 0xFF, 0xFF, 0xFE, 0x00,
    0xE0, 0x0F, 0x00, 0x7C, 0x63, 0xFE, 0x1F, 0xE0, 0x01, 0x80, 0x03, 0x80, 0x0F, 0x80, 0x3B, 0x80,
    0x63, 0x00, 0x00, 0x00, 0x00, 0x03, 0xFC, 0x1F, 0xFC, 0x7E, 0x79, 0xE0, 0x03, 0xC0, 0x07, 0x00,
    0x1E, 0x00, 0x38, 0x00, 0x70, 0x00, 0xE0, 0x1F, 0xE0, 0x3F, 0xC0, 0x7B, 0x80, 0xF7, 0x81, 0xE7,
    0xE3, 0xC7, 0xFF, 0x83, 0xFE, 0x02, 0x00, 0x70, 0x0F, 0x81, 0xDC, 0x18, 0xC0, 0x00, 0x00, 0x01,
    0xFF, 0x3F, 0xF7, 0xCF, 0x70, 0x7E, 0x07, 0xE0, 0x7E, 0x07, 0xE0, 0x7E, 0x07, 0xF0, 0x77, 0xDF,
    0x3F, 0xF1, 0xFF, 0x00, 0x70, 0x0F, 0x71, 0xE7, 0xFE, 0x7F, 0x80, 0x06, 0x30, 0x0E, 0xE0, 0x1F,
    0x80, 0x1F, 0x00, 0x00, 0x00, 0x00, 0x01, 0xFE, 0x0F, 0xFE, 0x3F, 0x3C, 0xF0, 0x01, 0xE0, 0x03,
    0x80, 0x0F, 0x00, 0x1C, 0x00, 0x38, 0x00, 0x70, 0x0F, 0xF0, 0x1F, 0xE0, 0x3D, 0xC0, 0x7B, 0xC0,
    0xF3, 0xF1, 0xE3, 0xFF, 0xC1, 0xFF, 0x00, 0x18, 0xC1, 0xDC, 0x0F, 0xC0, 0xF8, 0x00, 0x00, 0x00,
    0x1F, 0xF3, 0xFF, 0x7C, 0xF7, 0x07, 0xE0, 0x7E, 0x07, 0xE0, 0x7E, 0x07, 0xE0, 0x7F, 0x07, 0x7D,
    0xF3, 0xFF, 0x1F, 0xF0, 0x07, 0x00, 0xF7, 0x1E, 0x7F, 0xE7, 0xF8, 0x01, 0xC0, 0x03, 0x80, 0x07,
    0x00, 0x00, 0x00, 0x00, 0x00, 0xFF, 0x07, 0xFF, 0x1F, 0x9E, 0x78, 0x00, 0xF0, 0x01, 0xC0, 0x07,
    0x80, 0x0E, 0x00, 0x1C, 0x00, 0x38, 0x07, 0xF8, 0x0F, 0xF0, 0x1E, 0xE0, 0x3D, 0xE0, 0x79, 0xF8,
    0xF1, 0xFF, 0xE0, 0xFF, 0x80, 0x07, 0x00, 0x70, 0x07, 0x00, 0x00, 0x00, 0x01, 0xFF, 0x3F, 0xF7,
    0xCF, 0x70, 0x7E, 0x07, 0xE0, 0x7E, 0x07, 0xE0, 0x7E, 0x07, 0xF0, 0x77, 0xDF, 0x3F, 0xF1, 0xFF,
    0x00, 0x70, 0x0F, 0x71, 0xE7, 0xFE, 0x7F, 0x80, 0x07, 0xF8, 0x3F, 0xF8, 0xFC, 0xF3, 0xC0, 0x07,
    0x80, 0x0E, 0x00, 0x3C, 0x00, 0x70, 0x00, 0xE0, 0x01, 0xC0, 0x3F, 0xC0, 0x7F, 0x80, 0xF7, 0x01,
    0xEF, 0x03, 0xCF, 0xC7, 0x8F, 0xFF, 0x07, 0xFC, 0x00, 0x00, 0x07, 0x00, 0x3E, 0x00, 0x78, 0x00,
    0x03, 0x80, 0x38, 0x07, 0x00, 0x70, 0x00, 0x00, 0x00, 0x1F, 0xF3, 0xFF, 0x7C, 0xF7, 0x07, 0xE0,
    0x7E, 0x07, 0xE0, 0x7E, 0x07, 0xE0, 0x7F, 0x07, 0x7D, 0xF3, 0xFF, 0x1F, 0xF0, 0x07, 0x00, 0xF7,
    0x1E, 0x7F, 0xE7, 0xF8, 0x03, 0x00, 0x1E, 0x00, 0xF8, 0x07, 0x30, 0x18, 0xC0, 0x00, 0x00, 0x00,
    0x38, 0x07, 0xE0, 0x1F, 0x80, 0x7E, 0x01, 0xF8, 0x07, 0xE0, 0x1F, 0x80, 0x7F, 0xFF, 0xFF, 0xFF,
    0xE0, 0x1F, 0x80, 0x7E, 0x01, 0xF8, 0x07, 0xE0, 0x1F, 0x80, 0x7E, 0x01, 0xF8, 0x07, 0x30, 0x07,
    0xC0, 0xFE, 0x0C, 0xC0, 0x00, 0x00, 0x00, 0x70, 0x07, 0x00, 0x70, 0x07, 0x00, 0x70, 0x07, 0x00,
    0x7F, 0xC7, 0xFE, 0x79, 0xE7, 0x0F, 0x70, 0x77, 0x07, 0x70, 0x77, 0x07, 0x70, 0x77, 0x07, 0x70,
    0x77, 0x07, 0x70, 0x70, 0x38, 0x07, 0x0E, 0x01, 0xCF, 0xFF, 0xFF, 0xFF, 0xFF, 0x38, 0x07, 0x0E,
    0x01, 0xC3, 0x80, 0x70, 0xFF, 0xFC, 0x3F, 0xFF, 0x0E, 0x01, 0xC3, 0x80, 0x70, 0xE0, 0x1C, 0x38,
    0x07, 0x0E, 0x01, 0xC3, 0x80, 0x70, 0xE0, 0x1C, 0x38, 0x07, 0x00, 0x38, 0x01, 0xC0, 0x3F, 0xE1,
    0xFF, 0x03, 0x80, 0x1C, 0x00, 0xFF, 0x87, 0xFE, 0x3C, 0xF1, 0xC3, 0xCE, 0x0E, 0x70, 0x73, 0x83,
    0x9C, 0x1C, 0xE0, 0xE7, 0x07, 0x38, 0x39, 0xC1, 0xCE, 0x0E, 0x7B, 0xFF, 0xB7, 0xC0, 0x00, 0x00,
    0x00, 0x70, 0x38, 0x1C, 0x0E, 0x07, 0x03, 0x81, 0xC0, 0xE0, 0x70, 0x38, 0x1C, 0x0E, 0x07, 0x03,
    0x81, 0xC0, 0xE0, 0x70, 0x7B, 0x7F, 0xB7, 0xC0, 0x00, 0x00, 0x00, 0x70, 0x38, 0x1C, 0x0E, 0x07,
    0x03, 0x81, 0xC0, 0xE0, 0x70, 0x38, 0x1C, 0x0E, 0x07, 0x00, 0xFF, 0xFF, 0x00, 0x00, 0x00, 0x1C,
    0x1C, 0x1C, 0x1C, 0x1C, 0x1C, 0x1C, 0x1C, 0x1C, 0x1C, 0x1C, 0x1C, 0x1C, 0x1C, 0x1C, 0x1C, 0x1C,
    0xFF, 0xFF, 0x00, 0x00, 0x00, 0x1C, 0x1C, 0x1C, 0x1C, 0x1C, 0x1C, 0x1C, 0x1C, 0x1C, 0x1C, 0x1C,
    0x1C, 0x1C, 0xC7, 0xDF, 0xF3, 0xE0, 0x00, 0x0E, 0x1C, 0x38, 0x70, 0xE1, 0xC3, 0x87, 0x0E, 0x1C,
    0x38, 0x70, 0xE1, 0xC3, 0x87, 0x0E, 0x00, 0x63, 0x77, 0x7E, 0x3C, 0x00, 0x00, 0x1C, 0x1C, 0x1C,
    0x1C, 0x1C, 0x1C, 0x1C, 0x1C, 0x1C, 0x1C, 0x1C, 0x1C, 0x1C, 0x39, 0xCE, 0x73, 0x9C, 0xE7, 0x39,
    0xCE, 0x73, 0x9C, 0xE7, 0x3B, 0x99, 0xCF, 0xBC, 0x7B, 0xC0, 0x00, 0x1C, 0xE7, 0x39, 0xCE, 0x73,
    0x9C, 0xE7, 0x39, 0xDD, 0xCE, 0x7F, 0xE0, 0x77, 0x70, 0x07, 0x77, 0x77, 0x77, 0x77, 0x77, 0x77,
    0x77, 0x77, 0xFF, 0xFF, 0xFF, 0xFF, 0xFE, 0xE0, 0x0F, 0xE0, 0x0F, 0xE0, 0x0F, 0xE0, 0x0F, 0xE0,
    0x0F, 0xE0, 0x0F, 0xE0, 0x0F, 0xE0, 0x0F, 0xE0, 0x0F, 0xE0, 0x0F, 0xE0, 0x0F, 0xE0, 0x0F, 0xE0,
    0x0F, 0xE0, 0x0E, 0xE7, 0x3E, 0xE7, 0xFC, 0xE3, 0xF8, 0xF1, 0xDE, 0x38, 0x00, 0x00, 0x00, 0x00,
    0xE3, 0x9C, 0x73, 0x8E, 0x71, 0xCE, 0x39, 0xC7, 0x38, 0xE7, 0x1C, 0xE3, 0x9C, 0x73, 0x8E, 0x71,
    0xCE, 0x38, 0x07, 0x00, 0xE0, 0x3C, 0x1F, 0x07, 0xC0, 0x00, 0xC0, 0x0F, 0x00, 0x7C, 0x06, 0x70,
    0x31, 0x80, 0x00, 0x00, 0x00, 0x1C, 0x00, 0xE0, 0x07, 0x00, 0x38, 0x01, 0xC0, 0x0E, 0x00, 0x70,
    0x03, 0x80, 0x1C, 0x00, 0xE0, 0x07, 0x00, 0x38, 0x01, 0xC0, 0x1E, 0x73, 0xE3, 0xFF, 0x0F, 0xE0,
    0x0C, 0x0F, 0x0F, 0xC6, 0x73, 0x10, 0x00, 0x00, 0x1C, 0x0E, 0x07, 0x03, 0x81, 0xC0, 0xE0, 0x70,
    0x38, 0x1C, 0x0E, 0x07, 0x03, 0x81, 0xC0, 0xE0, 0xF0, 0xF1, 0xF8, 0xF8, 0x00, 0xE0, 0x7B, 0x83,
    0xCE, 0x1E, 0x38, 0xF0, 0xE7, 0x83, 0xBC, 0x0F, 0xE0, 0x3F, 0x00, 0xFE, 0x03, 0xFC, 0x0E, 0xF8,
    0x39, 0xF0, 0xE3, 0xE3, 0x87, 0xCE, 0x0F, 0x38, 0x1E, 0xE0, 0x3C, 0x00, 0x00, 0x70, 0x07, 0xC0,
    0x1E, 0x00, 0xE0, 0x1C, 0x03, 0x80, 0x70, 0x0E, 0x01, 0xC0, 0x38, 0x77, 0x1C, 0xEF, 0x1F, 0xC3,
    0xF0, 0x7C, 0x0F, 0xC1, 0xFC, 0x3B, 0xC7, 0x3C, 0xE3, 0xDC, 0x3B, 0x87, 0x80, 0x01, 0xC0, 0x78,
    0x0F, 0x00, 0xE1, 0xEE, 0x3C, 0xE7, 0x8E, 0xF0, 0xFE, 0x0F, 0xC0, 0xFC, 0x0F, 0xE0, 0xEF, 0x0E,
    0x78, 0xE3, 0xCE, 0x1C, 0xE0, 0xE0, 0x18, 0x07, 0x01, 0xC0, 0x70, 0x0C, 0x00, 0x00, 0x00, 0x07,
    0x00, 0xE0, 0x1C, 0x03, 0x80, 0x70, 0x0E, 0x01, 0xC0, 0x38, 0x07, 0x00, 0xE0, 0x1C, 0x03, 0x80,
    0x70, 0x0E, 0x01, 0xC0, 0x3F, 0xFF, 0xFF, 0x19, 0xEF, 0x80, 0x71, 0xC7, 0x1C, 0x71, 0xC7, 0x1C,
    0x71, 0xC7, 0x1C, 0x71, 0xC7, 0x1C, 0x79, 0xF3, 0x80, 0xE0, 0x1C, 0x03, 0x80, 0x70, 0x0E, 0x01,
    0xC0, 0x38, 0x07, 0x00, 0xE0, 0x1C, 0x03, 0x80, 0x70, 0x0E, 0x01, 0xC0, 0x38, 0x07, 0xFF, 0xFF,
    0xE0, 0x00, 0x38, 0x1F, 0x03, 0xC0, 0x38, 0x70, 0xE1, 0xC3, 0x87, 0x0E, 0x1C, 0x38, 0x70, 0xE1,
    0xC3, 0x87, 0x0E, 0x1C, 0x3C, 0x7C, 0x70, 0x03, 0x8F, 0x1C, 0x00, 0xEE, 0x1D, 0xC3, 0xB8, 0x77,
    0x0E, 0xE1, 0xDC, 0x38, 0x07, 0x00, 0xE0, 0x1C, 0x03, 0x80, 0x70, 0x0E, 0x01, 0xC0, 0x38, 0x07,
    0xFF, 0xFF, 0xE0, 0x77, 0x76, 0x76, 0x76, 0x76, 0x76, 0x70, 0x70, 0x70, 0x70, 0x70, 0x70, 0x70,
    0x70, 0x70, 0x70, 0x78, 0x7C, 0x38, 0xE0, 0x1C, 0x03, 0x80, 0x70, 0x0E, 0x01, 0xC0, 0x38, 0x07,
    0x1C, 0xE3, 0xDC, 0x73, 0x80, 0x70, 0x0E, 0x01, 0xC0, 0x38, 0x07, 0xFF, 0xFF, 0xE0, 0x70, 0x38,
    0x1C, 0x0E, 0x07, 0x03, 0x81, 0xC0, 0xE0, 0x70, 0x3B, 0x9D, 0xEE, 0xE7, 0x03, 0x81, 0xC0, 0xE0,
    0x78, 0x3E, 0x0E, 0x00, 0x1C, 0x00, 0x38, 0x00, 0x70, 0x00, 0xE0, 0x01, 0xC0, 0x03, 0x90, 0x07,
    0xF0, 0x0F, 0xC0, 0x3E, 0x00, 0xF8, 0x01, 0xF0, 0x00, 0xE0, 0x01, 0xC0, 0x03, 0x80, 0x07, 0x00,
    0x0F, 0xFE, 0x1F, 0xFC, 0x38, 0x38, 0x38, 0x38, 0x38, 0x38, 0x3A, 0x3E, 0x3E, 0xF8, 0xF8, 0x38,
    0x38, 0x38, 0x38, 0x38, 0x3C, 0x3E, 0x1E, 0x00, 0xC0, 0x03, 0x80, 0x0E, 0x00, 0x38, 0x00, 0x70,
    0x00, 0x00, 0x00, 0x00, 0x70, 0x0E, 0xF0, 0x1D, 0xF0, 0x3B, 0xF0, 0x77, 0xE0, 0xEE, 0xE1, 0xDD,
    0xE3, 0xB9, 0xE7, 0x71, 0xCE, 0xE1, 0xDD, 0xC3, 0xFB, 0x83, 0xF7, 0x03, 0xEE, 0x07, 0xDC, 0x07,
    0xB8, 0x07, 0x70, 0x0E, 0x03, 0x00, 0xE0, 0x38, 0x07, 0x00, 0xC0, 0x00, 0x00, 0x07, 0xFC, 0xFF,
    0xDC, 0x7B, 0x87, 0xF0, 0x7E, 0x0F, 0xC1, 0xF8, 0x3F, 0x07, 0xE0, 0xFC, 0x1F, 0x83, 0xF0, 0x70,
    0xE0, 0x1D, 0xE0, 0x3B, 0xE0, 0x77, 0xE0, 0xEF, 0xC1, 0xDD, 0xC3, 0xBB, 0xC7, 0x73, 0xCE, 0xE3,
    0x9D, 0xC3, 0xBB, 0x87, 0xF7, 0x07, 0xEE, 0x07, 0xDC, 0x0F, 0xB8, 0x0F, 0x70, 0x0E, 0xE0, 0x1C,
    0x00, 0x00, 0x1E, 0x00, 0x78, 0x00, 0xF0, 0x00, 0xFF, 0x9F, 0xFB, 0x8F, 0x70, 0xFE, 0x0F, 0xC1,
    0xF8, 0x3F, 0x07, 0xE0, 0xFC, 0x1F, 0x83, 0xF0, 0x7E, 0x0E, 0x00, 0x03, 0x81, 0xF0, 0x3C, 0x00,
    0x0C, 0x40, 0x19, 0xC0, 0x3F, 0x00, 0x3C, 0x00, 0x30, 0x00, 0x00, 0x00, 0x00, 0x70, 0x0E, 0xF0,
    0x1D, 0xF0, 0x3B, 0xF0, 0x77, 0xE0, 0xEE, 0xE1, 0xDD, 0xE3, 0xB9, 0xE7, 0x71, 0xCE, 0xE1, 0xDD,
    0xC3, 0xFB, 0x83, 0xF7, 0x03, 0xEE, 0x07, 0xDC, 0x07, 0xB8, 0x07, 0x70, 0x0E, 0x31, 0x86, 0x70,
    0x7C, 0x0F, 0x00, 0xC0, 0x00, 0x00, 0x07, 0xFC, 0xFF, 0xDC, 0x7B, 0x87, 0xF0, 0x7E, 0x0F, 0xC1,
    0xF8, 0x3F, 0x07, 0xE0, 0xFC, 0x1F, 0x83, 0xF0, 0x70, 0x70, 0x03, 0x80, 0x38, 0x01, 0xC0, 0x0E,
    0x00, 0x00, 0x00, 0xFF, 0x87, 0xFE, 0x38, 0xF1, 0xC3, 0xCE, 0x0E, 0x70, 0x73, 0x83, 0x9C, 0x1C,
    0xE0, 0xE7, 0x07, 0x38, 0x39, 0xC1, 0xCE, 0x0E, 0xE0, 0x1D, 0xE0, 0x3B, 0xE0, 0x77, 0xE0, 0xEF,
    0xC1, 0xDD, 0xC3, 0xBB, 0xC7, 0x73, 0xCE, 0xE3, 0x9D, 0xC3, 0xBB, 0x83, 0xF7, 0x07, 0xEE, 0x07,
    0xDC, 0x07, 0xB8, 0x07, 0x70, 0x0E, 0xE0, 0x1C, 0x00, 0x38, 0x00, 0x70, 0x00, 0xE0, 0x07, 0xC0,
    0x0F, 0x00, 0xFF, 0x9F, 0xFB, 0x8F, 0x70, 0xFE, 0x0F, 0xC1, 0xF8, 0x3F, 0x07, 0xE0, 0xFC, 0x1F,
    0x83, 0xF0, 0x7E, 0x0E, 0x01, 0xC0, 0x38, 0x0F, 0x07, 0xC0, 0xF8, 0x07, 0xF8, 0x03, 0xFC, 0x00,
    0x00, 0x00, 0x00, 0x00, 0x00, 0x00, 0x3F, 0xC0, 0x7F, 0xF0, 0x7E, 0x7C, 0x78, 0x0F, 0x38, 0x03,
    0xDC, 0x01, 0xFE, 0x00, 0x7E, 0x00, 0x3F, 0x00, 0x1F, 0x80, 0x0F, 0xE0, 0x07, 0x70, 0x07, 0xB8,
    0x03, 0xDE, 0x03, 0xC7, 0xE7, 0xC1, 0xFF, 0xC0, 0x3F, 0xC0, 0x3F, 0xC1, 0xFE, 0x00, 0x00, 0x00,
    0x00, 0x00, 0x0F, 0xE0, 0xFF, 0x8F, 0x3E, 0x70, 0x77, 0x03, 0xF8, 0x0F, 0xC0, 0x7E, 0x03, 0xF0,
    0x3D, 0xC1, 0xCF, 0x3E, 0x3F, 0xE0, 0xFE, 0x00, 0x06, 0x30, 0x03, 0xB8, 0x00, 0xFC, 0x00, 0x7C,
    0x00, 0x00, 0x00, 0x00, 0x00, 0x1F, 0xE0, 0x3F, 0xF8, 0x3F, 0x3E, 0x3C, 0x07, 0x9C, 0x01, 0xEE,
    0x00, 0xFF, 0x00, 0x3F, 0x00, 0x1F, 0x80, 0x0F, 0xC0, 0x07, 0xF0, 0x03, 0xB8, 0x03, 0xDC, 0x01,
    0xEF, 0x01, 0xE3, 0xF3, 0xE0, 0xFF, 0xE0, 0x1F, 0xE0, 0x18, 0xC0, 0xEE, 0x07, 0xE0, 0x1F, 0x00,
    0x00, 0x00, 0x00, 0x7F, 0x07, 0xFC, 0x79, 0xF3, 0x83, 0xB8, 0x1F, 0xC0, 0x7E, 0x03, 0xF0, 0x1F,
    0x81, 0xEE, 0x0E, 0x79, 0xF1, 0xFF, 0x07, 0xF0, 0x00, 0xCC, 0x00, 0xEE, 0x00, 0xEE, 0x00, 0x66,
    0x00, 0x33, 0x00, 0x00, 0x00, 0x00, 0x00, 0x0F, 0xF0, 0x1F, 0xFC, 0x1F, 0x9F, 0x1E, 0x03, 0xCE,
    0x00, 0xF7, 0x00, 0x7F, 0x80, 0x1F, 0x80, 0x0F, 0xC0, 0x07, 0xE0, 0x03, 0xF8, 0x01, 0xDC, 0x01,
    0xEE, 0x00, 0xF7, 0x80, 0xF1, 0xF9, 0xF0, 0x7F, 0xF0, 0x0F, 0xF0, 0x06, 0x70, 0x3B, 0x83, 0xB8,
    0x3B, 0x81, 0x98, 0x00, 0x00, 0x00, 0x03, 0xF8, 0x3F, 0xE3, 0xCF, 0x9C, 0x1D, 0xC0, 0xFE, 0x03,
    0xF0, 0x1F, 0x80, 0xFC, 0x0F, 0x70, 0x73, 0xCF, 0x8F, 0xF8, 0x3F, 0x80, 0x07, 0xFF, 0xFE, 0x3F,
    0xFF, 0xFC, 0xFC, 0x38, 0x01, 0xE0, 0x70, 0x07, 0x80, 0xE0, 0x0E, 0x01, 0xC0, 0x3C, 0x03, 0x80,
    0x70, 0x07, 0xFE, 0xE0, 0x0F, 0xFD, 0xC0, 0x1C, 0x03, 0xC0, 0x38, 0x03, 0x80, 0x70, 0x07, 0x80,
    0xE0, 0x0F, 0x81, 0xC0, 0x0F, 0xC3, 0x80, 0x0F, 0xFF, 0xFF, 0x07, 0xFF, 0xFE, 0x1F, 0x87, 0xE0,
    0xFF, 0xBF, 0xC7, 0x9F, 0xE7, 0x9C, 0x1E, 0x0E, 0xE0, 0x78, 0x3F, 0x80, 0xFF, 0xFE, 0x03, 0xFF,
    0xF8, 0x0E, 0x00, 0xE0, 0x78, 0x01, 0xC1, 0xF0, 0x07, 0x9F, 0xF3, 0x0F, 0xFB, 0xFE, 0x1F, 0x87,
    0xF8, 0x03, 0x00, 0x1C, 0x00, 0xF0, 0x03, 0x80, 0x0C, 0x00, 0x00, 0x00, 0x00, 0x3F, 0xF0, 0xFF,
    0xE3, 0x8F, 0xCE, 0x07, 0x38, 0x1E, 0xE0, 0x7B, 0x81, 0xCE, 0x1F, 0x3F, 0xF8, 0xFF, 0xC3, 0x8F,
    0x0E, 0x1C, 0x38, 0x38, 0xE0, 0xF3, 0x81, 0xCE, 0x07, 0xB8, 0x0E, 0x0E, 0x0E, 0x1C, 0x38, 0x30,
    0x00, 0x00, 0xFF, 0xFF, 0xE2, 0xE0, 0xE0, 0xE0, 0xE0, 0xE0, 0xE0, 0xE0, 0xE0, 0xE0, 0xE0, 0xFF,
    0xC3, 0xFF, 0x8E, 0x3F, 0x38, 0x1C, 0xE0, 0x7B, 0x81, 0xEE, 0x07, 0x38, 0x7C, 0xFF, 0xE3, 0xFF,
    0x0E, 0x3C, 0x38, 0x70, 0xE0, 0xE3, 0x83, 0xCE, 0x07, 0x38, 0x1E, 0xE0, 0x38, 0x00, 0x00, 0x70,
    0x07, 0xC0, 0x1E, 0x00, 0x3F, 0xCF, 0xF3, 0x88, 0xE0, 0x38, 0x0E, 0x03, 0x80, 0xE0, 0x38, 0x0E,
    0x03, 0x80, 0xE0, 0x38, 0x00, 0x07, 0x83, 0xC0, 0xF0, 0x00, 0x31, 0x80, 0xEE, 0x01, 0xF0, 0x03,
    0x80, 0x0C, 0x00, 0x00, 0x00, 0x00, 0x3F, 0xF0, 0xFF, 0xE3, 0x8F, 0xCE, 0x07, 0x38, 0x1E, 0xE0,
    0x7B, 0x81, 0xCE, 0x1F, 0x3F, 0xF8, 0xFF, 0xC3, 0x8F, 0x0E, 0x1C, 0x38, 0x38, 0xE0, 0xF3, 0x81,
    0xCE, 0x07, 0xB8, 0x0E, 0xC6, 0xEE, 0x7C, 0x3C, 0x18, 0x00, 0x00, 0xFF, 0xFF, 0xE2, 0xE0, 0xE0,
    0xE0, 0xE0, 0xE0, 0xE0, 0xE0, 0xE0, 0xE0, 0xE0, 0x00, 0xC0, 0x0E, 0x00, 0xE0, 0x0E, 0x00, 0x60,
    0x00, 0x00, 0x00, 0x03, 0xFC, 0x3F, 0xF3, 0xE3, 0x9C, 0x00, 0xE0, 0x07, 0x80, 0x1F, 0x00, 0x7C,
    0x00, 0xF8, 0x01, 0xF0, 0x07, 0x80, 0x1E, 0x00, 0x70, 0x07, 0xBC, 0xF9, 0xFF, 0xC7, 0xF8, 0x07,
    0x01, 0xC0, 0xE0, 0x70, 0x18, 0x00, 0x00, 0x00, 0xFE, 0xFF, 0xBC, 0xCE, 0x03, 0xC0, 0xFC, 0x0F,
    0xC0, 0xF8, 0x0E, 0x03, 0xF9, 0xEF, 0xFB, 0xFC, 0x03, 0x00, 0x3C, 0x03, 0xF0, 0x39, 0x80, 0x8C,
    0x00, 0x00, 0x00, 0x03, 0xFC, 0x3F, 0xF3, 0xE3, 0x9C, 0x00, 0xE0, 0x07, 0x80, 0x1F, 0x00, 0x7C,
    0x00, 0xF8, 0x01, 0xF0, 0x07, 0x80, 0x1E, 0x00, 0x70, 0x07, 0xBC, 0xF9, 0xFF, 0xC7, 0xF8, 0x0C,
    0x07, 0x03, 0xE1, 0xDC, 0x63, 0x00, 0x00, 0x00, 0xFE, 0xFF, 0xBC, 0xCE, 0x03, 0xC0, 0xFC, 0x0F,
    0xC0, 0xF8, 0x0E, 0x03, 0xF9, 0xEF, 0xFB, 0xFC, 0x1F, 0xE1, 0xFF, 0x9F, 0x1C, 0xE0, 0x07, 0x00,
    0x3C, 0x00, 0xF8, 0x03, 0xE0, 0x07, 0xC0, 0x0F, 0x80, 0x3C, 0x00, 0xF0, 0x03, 0x80, 0x3D, 0xE7,
    0xCF, 0xFE, 0x3F, 0xC0, 0x38, 0x01, 0xC0, 0x07, 0x00, 0xF8, 0x07, 0x80, 0x3F, 0xBF, 0xEF, 0x33,
    0x80, 0xF0, 0x3F, 0x03, 0xF0, 0x3E, 0x03, 0x80, 0xFE, 0x7B, 0xFE, 0xFF, 0x07, 0x01, 0xC0, 0x38,
    0x3E, 0x1F, 0x00, 0x08, 0xC0, 0xE6, 0x03, 0xF0, 0x0F, 0x00, 0x30, 0x00, 0x00, 0x00, 0x03, 0xFC,
    0x3F, 0xF3, 0xE3, 0x9C, 0x00, 0xE0, 0x07, 0x80, 0x1F, 0x00, 0x7C, 0x00, 0xF8, 0x01, 0xF0, 0x07,
    0x80, 0x1E, 0x00, 0x70, 0x07, 0xBC, 0xF9, 0xFF, 0xC7, 0xF8, 0x63, 0x1D, 0xC3, 0xE0, 0x70, 0x08,
    0x00, 0x00, 0x00, 0xFE, 0xFF, 0xBC, 0xCE, 0x03, 0xC0, 0xFC, 0x0F, 0xC0, 0xF8, 0x0E, 0x03, 0xF9,
    0xEF, 0xFB, 0xFC, 0xFF, 0xFF, 0xFF, 0xF0, 0x78, 0x01, 0xE0, 0x07, 0x80, 0x1E, 0x00, 0x78, 0x01,
    0xE0, 0x07, 0x80, 0x1E, 0x00, 0x78, 0x01, 0xE0, 0x07, 0x80, 0x1E, 0x00, 0x78, 0x01, 0xE0, 0x07,
    0x80, 0x0C, 0x00, 0x70, 0x00, 0xE0, 0x03, 0x80, 0x3E, 0x00, 0xF0, 0x00, 0x70, 0x78, 0x3C, 0x1E,
    0x0F, 0xF7, 0xFB, 0xC1, 0xE0, 0xF0, 0x78, 0x3C, 0x1E, 0x07, 0x03, 0x81, 0xE4, 0xFF, 0x3F, 0x86,
    0x03, 0x81, 0xC3, 0xE1, 0xF0, 0x08, 0x40, 0x33, 0x80, 0xFC, 0x01, 0xE0, 0x03, 0x00, 0x00, 0x00,
    0x00, 0x3F, 0xFF, 0xFF, 0xFC, 0x1E, 0x00, 0x78, 0x01, 0xE0, 0x07, 0x80, 0x1E, 0x00, 0x78, 0x01,
    0xE0, 0x07, 0x80, 0x1E, 0x00, 0x78, 0x01, 0xE0, 0x07, 0x80, 0x1E, 0x00, 0x78, 0x01, 0xE0, 0x06,
    0x03, 0x01, 0x8E, 0xCF, 0x67, 0x83, 0xC1, 0xFE, 0xFF, 0x78, 0x3C, 0x1E, 0x0F, 0x07, 0x83, 0xC1,
    0xE0, 0x70, 0x3C, 0x9F, 0xE7, 0xF0, 0xFF, 0xFF, 0xFF, 0xF0, 0x78, 0x01, 0xE0, 0x07, 0x80, 0x1E,
    0x00, 0x78, 0x0F, 0xFC, 0x3F, 0xF0, 0x1E, 0x00, 0x78, 0x01, 0xE0, 0x07, 0x80, 0x1E, 0x00, 0x78,
    0x01, 0xE0, 0x07, 0x80, 0x70, 0x78, 0x3C, 0x1E, 0x0F, 0xF7, 0xFB, 0xC1, 0xE0, 0xF0, 0x7F, 0xBF,
    0xDE, 0x0F, 0x03, 0x81, 0xE4, 0xFF, 0x3F, 0x80, 0x1F, 0x60, 0x7F, 0x83, 0xBC, 0x00, 0x00, 0x00,
    0x00, 0x00, 0x0E, 0x03, 0xF8, 0x0F, 0xE0, 0x3F, 0x80, 0xFE, 0x03, 0xF8, 0x0F, 0xE0, 0x3F, 0x80,
    0xFE, 0x03, 0xF8, 0x0F, 0xE0, 0x3F, 0x80, 0xEE, 0x03, 0xBC, 0x1E, 0x7C, 0xF0, 0xFF, 0xC1, 0xFC,
    0x00, 0x1E, 0xC3, 0xFC, 0x37, 0x80, 0x00, 0x00, 0x00, 0x00, 0xF0, 0x7F, 0x07, 0xF0, 0x7F, 0x07,
    0xF0, 0x7F, 0x07, 0xF0, 0x7F, 0x07, 0x70, 0x77, 0x07, 0x78, 0xF3, 0xFF, 0x1F, 0xF0, 0x1F, 0xE0,
    0x7F, 0x80, 0x00, 0x00, 0x00, 0x00, 0x03, 0x80, 0xFE, 0x03, 0xF8, 0x0F, 0xE0, 0x3F, 0x80, 0xFE,
    0x03, 0xF8, 0x0F, 0xE0, 0x3F, 0x80, 0xFE, 0x03, 0xF8, 0x0F, 0xE0, 0x3B, 0x80, 0xEF, 0x07, 0x9F,
    0x3C, 0x3F, 0xF0, 0x7F, 0x00, 0x3F, 0xC3, 0xFC, 0x00, 0x00, 0x00, 0x00, 0x0F, 0x07, 0xF0, 0x7F,
    0x07, 0xF0, 0x7F, 0x07, 0xF0, 0x7F, 0x07, 0xF0, 0x77, 0x07, 0x70, 0x77, 0x8F, 0x3F, 0xF1, 0xFF,
    0x18, 0xC0, 0x77, 0x00, 0xFC, 0x03, 0xE0, 0x00, 0x00, 0x00, 0x0E, 0x03, 0xF8, 0x0F, 0xE0, 0x3F,
    0x80, 0xFE, 0x03, 0xF8, 0x0F, 0xE0, 0x3F, 0x80, 0xFE, 0x03, 0xF8, 0x0F, 0xE0, 0x3F, 0x80, 0xEE,
    0x03, 0xBC, 0x1E, 0x7C, 0xF0, 0xFF, 0xC1, 0xFC, 0x00, 0x39, 0xC1, 0xDC, 0x1F, 0x80, 0xF0, 0x00,
    0x00, 0x00, 0xF0, 0x7F, 0x07, 0xF0, 0x7F, 0x07, 0xF0, 0x7F, 0x07, 0xF0, 0x7F, 0x07, 0x70, 0x77,
    0x07, 0x78, 0xF3, 0xFF, 0x1F, 0xF0, 0x07, 0x80, 0x36, 0x00, 0xCC, 0x03, 0x60, 0x07, 0x80, 0x00,
    0x00, 0x00, 0x38, 0x0F, 0xE0, 0x3F, 0x80, 0xFE, 0x03, 0xF8, 0x0F, 0xE0, 0x3F, 0x80, 0xFE, 0x03,
    0xF8, 0x0F, 0xE0, 0x3F, 0x80, 0xFE, 0x03, 0xB8, 0x0E, 0xF0, 0x79, 0xF3, 0xC3, 0xFF, 0x07, 0xF0,
    0x0F, 0x01, 0xD8, 0x19, 0x81, 0xD8, 0x0F, 0x00, 0x00, 0x00, 0x0F, 0x07, 0xF0, 0x7F, 0x07, 0xF0,
    0x7F, 0x07, 0xF0, 0x7F, 0x07, 0xF0, 0x77, 0x07, 0x70, 0x77, 0x8F, 0x3F, 0xF1, 0xFF, 0x03, 0x30,
    0x1D, 0xC0, 0xEE, 0x07, 0x30, 0x18, 0xC0, 0x00, 0x00, 0x00, 0x38, 0x0F, 0xE0, 0x3F, 0x80, 0xFE,
    0x03, 0xF8, 0x0F, 0xE0, 0x3F, 0x80, 0xFE, 0x03, 0xF8, 0x0F, 0xE0, 0x3F, 0x80, 0xFE, 0x03, 0xB8,
    0x0E, 0xF0, 0x79, 0xF3, 0xC3, 0xFF, 0x07, 0xF0, 0x06, 0x60, 0xEE, 0x0E, 0xE1, 0xDC, 0x19, 0x80,
    0x00, 0x00, 0x0F, 0x07, 0xF0, 0x7F, 0x07, 0xF0, 0x7F, 0x07, 0xF0, 0x7F, 0x07, 0xF0, 0x77, 0x07,
    0x70, 0x77, 0x8F, 0x3F, 0xF1, 0xFF, 0xE0, 0x3F, 0x80, 0xFE, 0x03, 0xF8, 0x0F, 0xE0, 0x3F, 0x80,
    0xFE, 0x03, 0xF8, 0x0F, 0xE0, 0x3F, 0x80, 0xFE, 0x03, 0xF8, 0x0E, 0xE0, 0x3B, 0xC1, 0xE7, 0xCF,
    0x8F, 0xFC, 0x1F, 0xE0, 0x0E, 0x00, 0x70, 0x01, 0xC0, 0x07, 0xC0, 0x0F, 0x00, 0xF0, 0x7F, 0x07,
    0xF0, 0x7F, 0x07, 0xF0, 0x7F, 0x07, 0xF0, 0x7F, 0x07, 0x70, 0x77, 0x07, 0x78, 0xF3, 0xFF, 0x1F,
    0xF0, 0x0E, 0x01, 0xC0, 0x1C, 0x01, 0xF0, 0x1F, 0x00, 0x18, 0x00, 0x00, 0x70, 0x00, 0x01, 0xF0,
    0x00, 0x07, 0x70, 0x00, 0x0C, 0x60, 0x00, 0x00, 0x00, 0x00, 0x00, 0x00, 0x78, 0x00, 0x07, 0x70,
    0x00, 0x1E, 0xE0, 0x70, 0x39, 0xC0, 0xF0, 0x73, 0x83, 0xE0, 0xE7, 0x87, 0xC1, 0xC7, 0x0F, 0xC7,
    0x8E, 0x3B, 0x8E, 0x1C, 0x77, 0x1C, 0x3C, 0xE7, 0x38, 0x3B, 0x8E, 0x70, 0x77, 0x1D, 0xC0, 0xEE,
    0x1F, 0x81, 0xF8, 0x3F, 0x01, 0xF0, 0x3C, 0x03, 0xC0, 0x78, 0x07, 0x80, 0xF0, 0x00, 0x60, 0x00,
    0x1C, 0x00, 0x07, 0xC0, 0x01, 0xDC, 0x00, 0x31, 0x80, 0x00, 0x00, 0x00, 0x00, 0x07, 0x07, 0x07,
    0xF0, 0xE0, 0xEE, 0x1E, 0x1D, 0xC3, 0xC7, 0x38, 0xF8, 0xE3, 0x9F, 0x9C, 0x73, 0x77, 0x0E, 0xEE,
    0xE0, 0xFC, 0xDC, 0x1F, 0x1F, 0x03, 0xE3, 0xE0, 0x3C, 0x3C, 0x07, 0x07, 0x00, 0x01, 0x00, 0x07,
    0x00, 0x1F, 0x00, 0x77, 0x00, 0xC6, 0x00, 0x00, 0x00, 0x00, 0x78, 0x0F, 0x70, 0x1C, 0xF0, 0x78,
    0xE0, 0xE1, 0xE3, 0xC1, 0xEF, 0x01, 0xDC, 0x03, 0xF8, 0x03, 0xE0, 0x03, 0x80, 0x07, 0x00, 0x0E,
    0x00, 0x1C, 0x00, 0x38, 0x00, 0x70, 0x00, 0xE0, 0x01, 0xC0, 0x02, 0x00, 0x70, 0x0F, 0x81, 0xDC,
    0x18, 0xC0, 0x00, 0x00, 0x0E, 0x07, 0xF0, 0x77, 0x07, 0x70, 0xE7, 0x8E, 0x38, 0xE3, 0x8C, 0x1D,
    0xC1, 0xDC, 0x1F, 0x80, 0xF8, 0x0F, 0x80, 0x70, 0x07, 0x00, 0x70, 0x9E, 0x0F, 0xC0, 0xF8, 0x00,
    0x0E, 0xE0, 0x3D, 0xE0, 0x3B, 0x80, 0x00, 0x00, 0x00, 0x1E, 0x03, 0xDC, 0x07, 0x3C, 0x1E, 0x38,
    0x38, 0x78, 0xF0, 0x7B, 0xC0, 0x77, 0x00, 0xFE, 0x00, 0xF8, 0x00, 0xE0, 0x01, 0xC0, 0x03, 0x80,
    0x07, 0x00, 0x0E, 0x00, 0x1C, 0x00, 0x38, 0x00, 0x70, 0x00, 0x00, 0xC0, 0x07, 0x00, 0x38, 0x00,
    0xE0, 0x03, 0x00, 0x00, 0x00, 0x00, 0x1F, 0xFF, 0x7F, 0xFC, 0x01, 0xE0, 0x0F, 0x00, 0x38, 0x01,
    0xE0, 0x0F, 0x00, 0x78, 0x01, 0xC0, 0x0F, 0x00, 0x78, 0x01, 0xC0, 0x0F, 0x00, 0x78, 0x01, 0xC0,
    0x0F, 0xFF, 0xFF, 0xFF, 0x03, 0x80, 0x70, 0x1C, 0x07, 0x00, 0xC0, 0x00, 0x00, 0x03, 0xFF, 0x7F,
    0xE0, 0x3C, 0x0F, 0x03, 0xC0, 0xF0, 0x1C, 0x07, 0x81, 0xE0, 0x78, 0x0E, 0x01, 0xFF, 0xBF, 0xF0,
    0x03, 0x80, 0x1E, 0x00, 0x38, 0x00, 0x00, 0x00, 0x01, 0xFF, 0xF7, 0xFF, 0xC0, 0x1E, 0x00, 0xF0,
    0x03, 0x80, 0x1E, 0x00, 0xF0, 0x07, 0x80, 0x1C, 0x00, 0xF0, 0x07, 0x80, 0x1C, 0x00, 0xF0, 0x07,
    0x80, 0x1C, 0x00, 0xFF, 0xFF, 0xFF, 0xF0, 0x0E, 0x01, 0xE0, 0x38, 0x00, 0x00, 0x00, 0xFF, 0xDF,
    0xF8, 0x0F, 0x03, 0xC0, 0xF0, 0x3C, 0x07, 0x01, 0xE0, 0x78, 0x1E, 0x03, 0x80, 0x7F, 0xEF, 0xFC,
    0x0C, 0x60, 0x3B, 0x80, 0x7C, 0x01, 0xE0, 0x03, 0x00, 0x00, 0x00, 0x00, 0x1F, 0xFF, 0x7F, 0xFC,
    0x01, 0xE0, 0x0F, 0x00, 0x38, 0x01, 0xE0, 0x0F, 0x00, 0x78, 0x01, 0xC0, 0x0F, 0x00, 0x78, 0x01,
    0xC0, 0x0F, 0x00, 0x78, 0x01, 0xC0, 0x0F, 0xFF, 0xFF, 0xFF, 0x31, 0x87, 0x30, 0x7C, 0x07, 0x80,
    0x60, 0x00, 0x00, 0x03, 0xFF, 0x7F, 0xE0, 0x3C, 0x0F, 0x03, 0xC0, 0xF0, 0x1C, 0x07, 0x81, 0xE0,
    0x78, 0x0E, 0x01, 0xFF, 0xBF, 0xF0, 0x3F, 0x7F, 0xF0, 0xE0, 0xE0, 0xE0, 0xE0, 0xE0, 0xE0, 0xE0,
    0xE0, 0xE0, 0xE0, 0xE0, 0xE0, 0xE0, 0xE0, 0xE0, 0xE0, 0x00, 0x03, 0x80, 0x00, 0xE0, 0x7F, 0xB8,
    0x7F, 0xFE, 0x3F, 0x3F, 0x1E, 0x03, 0xC7, 0x00, 0x71, 0xC0, 0x1E, 0xF0, 0x03, 0xB8, 0x00, 0xEE,
    0x00, 0x3B, 0x80, 0x0E, 0xF0, 0x03, 0x9C, 0x01, 0xE7, 0x00, 0x79, 0xE0, 0x3C, 0x3F, 0x3E, 0x07,
    0xFF, 0x00, 0x7F, 0x80, 0x00, 0x1C, 0x00, 0x71, 0xFD, 0xCF, 0xFE, 0x79, 0xF1, 0xC1, 0xCE, 0x07,
    0xB8, 0x0E, 0xE0, 0x3B, 0x80, 0xEE, 0x07, 0x9C, 0x1C, 0x79, 0xF0, 0xFF, 0x81, 0xFC, 0x00, 0x00,
    0x03, 0x80, 0x01, 0xC0, 0x01, 0xDC, 0x07, 0xEE, 0x03, 0xE7, 0x01, 0xE3, 0x80, 0xF1, 0xC0, 0x78,
    0xE0, 0x3C, 0x70, 0x1E, 0x38, 0x0F, 0x1C, 0x07, 0x8E, 0x03, 0xC7, 0x01, 0xE3, 0x80, 0xE1, 0xC0,
    0x70, 0xF0, 0x78, 0x3E, 0x7C, 0x0F, 0xFC, 0x03, 0xF8, 0x00, 0x00, 0x0E, 0x00, 0x1C, 0x00, 0x7F,
    0x83, 0xEF, 0x07, 0x9E, 0x0E, 0x3C, 0x1C, 0x78, 0x38, 0xF0, 0x71, 0xE0, 0xE3, 0xC1, 0xC3, 0x83,
    0x87, 0x07, 0x0F, 0x1E, 0x0F, 0xFC, 0x0F, 0xF8, 0x00, 0x00, 0x0C, 0x60, 0x00, 0x00, 0x33, 0x80,
    0x00, 0x00, 0x7C, 0x00, 0x00, 0x01, 0xE0, 0x00, 0x00, 0x03, 0x00, 0x00, 0x00, 0x00, 0x00, 0x00,
    0x00, 0x00, 0x3F, 0xF0, 0x1F, 0xFE, 0xFF, 0xE0, 0x7F, 0xFB, 0x87, 0xE0, 0x01, 0xEE, 0x07, 0x80,
    0x0F, 0x38, 0x0F, 0x00, 0x38, 0xE0, 0x1C, 0x01, 0xC3, 0x80, 0x78, 0x0F, 0x0E, 0x01, 0xE0, 0x78,
    0x38, 0x07, 0x81, 0xC0, 0xE0, 0x1E, 0x0F, 0x03, 0x80, 0x78, 0x78, 0x0E, 0x01, 0xC1, 0xC0, 0x38,
    0x0F, 0x0E, 0x00, 0xE0, 0x78, 0x78, 0x03, 0x87, 0xE1, 0xC0, 0x0F, 0xFE, 0x0F, 0xFF, 0xFF, 0xF0,
    0x3F, 0xFF, 0x00, 0x00, 0x31, 0x80, 0x00, 0x07, 0x70, 0x00, 0x00, 0x7C, 0x7F, 0xE0, 0x07, 0x8F,
    0xFE, 0x00, 0x61, 0xC3, 0xF0, 0x00, 0x38, 0x1E, 0x00, 0x07, 0x01, 0xE3, 0xFF, 0xE0, 0x1C, 0x7F,
    0xFC, 0x03, 0xC0, 0x3F, 0x80, 0x78, 0x0F, 0x70, 0x0F, 0x03, 0xCE, 0x01, 0xE0, 0xF1, 0xC0, 0x3C,
    0x3C, 0x38, 0x07, 0x07, 0x07, 0x01, 0xE1, 0xE0, 0xE0, 0x78, 0x78, 0x1C, 0x3F, 0x0E, 0x03, 0xFF,
    0x83, 0xFF, 0xFF, 0xE0, 0x7F, 0xF0, 0x00, 0x00, 0xC6, 0x00, 0x38, 0x77, 0x00, 0x1C, 0x1F, 0x00,
    0x0E, 0x07, 0x00, 0x07, 0x01, 0x80, 0x03, 0x80, 0x00, 0x01, 0xC0, 0x00, 0x3F, 0xE3, 0xFF, 0x3F,
    0xF1, 0xFF, 0xBC, 0xF8, 0x03, 0xBC, 0x1C, 0x03, 0xDC, 0x0E, 0x03, 0xCE, 0x07, 0x03, 0xC7, 0x03,
    0x83, 0xC3, 0x81, 0xC1, 0xC1, 0xC0, 0xE1, 0xE0, 0xF0, 0x71, 0xE0, 0x3E, 0x38, 0xE0, 0x0F, 0xFC,
    0xFF, 0xE3, 0xFE, 0x7F, 0xF0, 0xE0, 0x00, 0x1F, 0x80, 0x00, 0x7E, 0x00, 0x01, 0xF8, 0x00, 0x07,
    0xE0, 0x00, 0x1F, 0x80, 0x00, 0x7E, 0x00, 0x01, 0xF8, 0x00, 0x07, 0xE0, 0x00, 0x1F, 0x80, 0x00,
    0x7E, 0x00, 0x01, 0xF8, 0x00, 0x07, 0xE0, 0x00, 0x1F, 0x80, 0x00, 0xFE, 0x01, 0xE7, 0xBF, 0xFF,
    0xFE, 0xFF, 0xEF, 0xE0, 0x00, 0x07, 0xE0, 0x07, 0xE0, 0x00, 0xE0, 0x00, 0xE0, 0x00, 0xE0, 0x07,
    0xE0, 0x07, 0xE0, 0x07, 0xE0, 0x07, 0xE0, 0x07, 0xE0, 0x07, 0xE0, 0x07, 0xE0, 0x07, 0xE0, 0x07,
    0xE0, 0x07, 0xE0, 0x07, 0xFF, 0xE7, 0xFF, 0xE7, 0x00, 0x07, 0x00, 0x0F, 0x00, 0x0E, 0x00, 0x7E,
    0x00, 0x7C, 0x70, 0x0E, 0x3D, 0xC7, 0xB8, 0x07, 0x00, 0xE0, 0x1C, 0x3B, 0x87, 0x70, 0xEE, 0x1D,
    0xC3, 0xB8, 0x77, 0x0E, 0xE1, 0xDC, 0x3B, 0x87, 0x78, 0xEF, 0x9C, 0xE3, 0x80, 0x70, 0x1C, 0x07,
    0x83, 0xF0, 0x7C, 0xE0, 0x1C, 0x00, 0xFE, 0x03, 0x80, 0x1F, 0xE0, 0x70, 0x03, 0xFE, 0x0E, 0x00,
    0x7F, 0xC1, 0xC0, 0x0F, 0xDC, 0x38, 0x01, 0xFB, 0xC7, 0x00, 0x3F, 0x3C, 0xE0, 0x07, 0xE3, 0x9C,
    0x00, 0xFC, 0x3B, 0x80, 0x1F, 0x87, 0xF0, 0x03, 0xF0, 0x7E, 0x00, 0x7E, 0x07, 0xC0, 0x0F, 0xC0,
    0xF8, 0x01, 0xF8, 0x0F, 0x1C, 0xF7, 0x00, 0xE7, 0xFE, 0xE0, 0x1C, 0x7F, 0x80, 0x00, 0x00, 0x3F,
    0x00, 0xE1, 0xFC, 0x07, 0x01, 0xF0, 0x38, 0x0F, 0xC1, 0xC0, 0x7E, 0x0E, 0x1F, 0xB8, 0x70, 0xFD,
    0xE3, 0x87, 0xE7, 0x9C, 0x3F, 0x1C, 0xE1, 0xF8, 0x77, 0x0F, 0xC3, 0xF8, 0x7E, 0x0F, 0xC3, 0xF0,
    0x3E, 0x1F, 0x81, 0xF0, 0xFC, 0x07, 0x87, 0xE0, 0x1C, 0x3F, 0x00, 0xE1, 0xC0, 0x00, 0x0E, 0x00,
    0x00, 0x70, 0x00, 0x07, 0x80, 0x01, 0xF8, 0x00, 0x0F, 0x80, 0x00, 0x03, 0x80, 0x00, 0xE0, 0x00,
    0x00, 0x00, 0x00, 0x00, 0x00, 0x3F, 0xE0, 0xEF, 0xFC, 0x3B, 0x8F, 0x0E, 0xE1, 0xE3, 0xB8, 0x38,
    0xEE, 0x0E, 0x3B, 0x83, 0x8E, 0xE0, 0xE3, 0xB8, 0x38, 0xEE, 0x0E, 0x3B, 0x83, 0x8E, 0xE0, 0xE3,
    0xB8, 0x38, 0xE0, 0x00, 0x38, 0x00, 0x0E, 0x00, 0x07, 0x80, 0x07, 0xC0, 0x03, 0xE0, 0x06, 0x30,
    0x03, 0xB8, 0x00, 0xF8, 0x00, 0x78, 0x00, 0x18, 0x00, 0x00, 0x00, 0x00, 0x00, 0x03, 0x80, 0x03,
    0xE0, 0x01, 0xF0, 0x01, 0xF8, 0x00, 0xEE, 0x00, 0xE7, 0x00, 0x73, 0xC0, 0x78, 0xE0, 0x38, 0x78,
    0x1C, 0x1C, 0x1E, 0x0E, 0x0F, 0xFF, 0x87, 0xFF, 0xC7, 0x00, 0xE3, 0x80, 0x7B, 0xC0, 0x1D, 0xC0,
    0x0F, 0x31, 0x87, 0x70, 0x7C, 0x07, 0x00, 0x40, 0x00, 0x00, 0x03, 0xFC, 0x7F, 0xCC, 0x78, 0x07,
    0x00, 0x73, 0xFE, 0xFF, 0xFE, 0x7F, 0x07, 0xE0, 0xFE, 0x3F, 0xFF, 0x9F, 0xE0, 0xC7, 0xDD, 0xF1,
    0xC3, 0x00, 0x00, 0x1C, 0x38, 0x70, 0xE1, 0xC3, 0x87, 0x0E, 0x1C, 0x38, 0x70, 0xE1, 0xC3, 0x87,
    0x0E, 0x1C, 0x63, 0x67, 0x3E, 0x3C, 0x18, 0x00, 0x00, 0x1C, 0x1C, 0x1C, 0x1C, 0x1C, 0x1C, 0x1C,
    0x1C, 0x1C, 0x1C, 0x1C, 0x1C, 0x1C, 0x06, 0x30, 0x03, 0xB8, 0x00, 0xF8, 0x00, 0x3C, 0x00, 0x0C,
    0x00, 0x00, 0x00, 0x00, 0x00, 0x0F, 0xF0, 0x1F, 0xFC, 0x1F, 0x9F, 0x1E, 0x03, 0xCE, 0x00, 0xF7,
    0x00, 0x7F, 0x80, 0x1F, 0x80, 0x0F, 0xC0, 0x07, 0xE0, 0x03, 0xF8, 0x01, 0xDC, 0x01, 0xEE, 0x00,
    0xF7, 0x80, 0xF1, 0xF9, 0xF0, 0x7F, 0xF0, 0x0F, 0xF0, 0x18, 0xC0, 0xEE, 0x03, 0xE0, 0x0E, 0x00,
    0x60, 0x00, 0x00, 0x00, 0x03, 0xF8, 0x3F, 0xE3, 0xCF, 0x9C, 0x1D, 0xC0, 0xFE, 0x03, 0xF0, 0x1F,
    0x80, 0xFC, 0x0F, 0x70, 0x73, 0xCF, 0x8F, 0xF8, 0x3F, 0x80, 0x18, 0xC0, 0x77, 0x00, 0xF8, 0x01,
    0xC0, 0x03, 0x00, 0x00, 0x00, 0x00, 0x38, 0x0F, 0xE0, 0x3F, 0x80, 0xFE, 0x03, 0xF8, 0x0F, 0xE0,
    0x3F, 0x80, 0xFE, 0x03, 0xF8, 0x0F, 0xE0, 0x3F, 0x80, 0xFE, 0x03, 0xB8, 0x0E, 0xF0, 0x79, 0xF3,
    0xC3, 0xFF, 0x07, 0xF0, 0x18, 0x81, 0x9C, 0x1F, 0x80, 0xF0, 0x06, 0x00, 0x00, 0x00, 0x0F, 0x07,
    0xF0, 0x7F, 0x07, 0xF0, 0x7F, 0x07, 0xF0, 0x7F, 0x07, 0xF0, 0x77, 0x07, 0x70, 0x77, 0x8F, 0x3F,
    0xF1, 0xFF, 0x1F, 0xC0, 0x7F, 0x00, 0x00, 0x07, 0x38, 0x3D, 0xE0, 0x73, 0x80, 0x00, 0x00, 0x00,
    0xE0, 0x3F, 0x80, 0xFE, 0x03, 0xF8, 0x0F, 0xE0, 0x3F, 0x80, 0xFE, 0x03, 0xF8, 0x0F, 0xE0, 0x3F,
    0x80, 0xFE, 0x03, 0xF8, 0x0E, 0xE0, 0x3B, 0xC1, 0xE7, 0xCF, 0x0F, 0xFC, 0x1F, 0xC0, 0x1F, 0xC1,
    0xFC, 0x00, 0x03, 0x9C, 0x39, 0xC3, 0x9C, 0x00, 0x00, 0x00, 0xF0, 0x7F, 0x07, 0xF0, 0x7F, 0x07,
    0xF0, 0x7F, 0x07, 0xF0, 0x7F, 0x07, 0x70, 0x77, 0x07, 0x78, 0xF3, 0xFF, 0x1F, 0xF0, 0x01, 0x80,
    0x0E, 0x03, 0xF6, 0x0F, 0xBC, 0x38, 0x60, 0x00, 0x00, 0x00, 0x38, 0x0F, 0xE0, 0x3F, 0x80, 0xFE,
    0x03, 0xF8, 0x0F, 0xE0, 0x3F, 0x80, 0xFE, 0x03, 0xF8, 0x0F, 0xE0, 0x3F, 0x80, 0xFE, 0x03, 0xB8,
    0x0E, 0xF0, 0x79, 0xF3, 0xC3, 0xFF, 0x07, 0xF0, 0x01, 0x80, 0x38, 0x07, 0x03, 0xFC, 0x39, 0xC3,
    0x9C, 0x00, 0x00, 0x00, 0xF0, 0x7F, 0x07, 0xF0, 0x7F, 0x07, 0xF0, 0x7F, 0x07, 0xF0, 0x7F, 0x07,
    0x70, 0x77, 0x07, 0x78, 0xF3, 0xFF, 0x1F, 0xF0, 0x18, 0xC0, 0x3F, 0x00, 0x78, 0x0E, 0xD8, 0x38,
    0xF0, 0xE1, 0x80, 0x00, 0x00, 0x00, 0xE0, 0x3F, 0x80, 0xFE, 0x03, 0xF8, 0x0F, 0xE0, 0x3F, 0x80,
    0xFE, 0x03, 0xF8, 0x0F, 0xE0, 0x3F, 0x80, 0xFE, 0x03, 0xF8, 0x0E, 0xE0, 0x3B, 0xC1, 0xE7, 0xCF,
    0x0F, 0xFC, 0x1F, 0xC0, 0x19, 0x81, 0xF8, 0x0F, 0x00, 0x60, 0x39, 0xC3, 0x9C, 0x39, 0xC0, 0x00,
    0x00, 0x0F, 0x07, 0xF0, 0x7F, 0x07, 0xF0, 0x7F, 0x07, 0xF0, 0x7F, 0x07, 0xF0, 0x77, 0x07, 0x70,
    0x77, 0x8F, 0x3F, 0xF1, 0xFF, 0x0C, 0x00, 0x38, 0x03, 0xF6, 0x0E, 0xFC, 0x38, 0x60, 0x00, 0x00,
    0x00, 0x38, 0x0F, 0xE0, 0x3F, 0x80, 0xFE, 0x03, 0xF8, 0x0F, 0xE0, 0x3F, 0x80, 0xFE, 0x03, 0xF8,
    0x0F, 0xE0, 0x3F, 0x80, 0xFE, 0x03, 0xB8, 0x0E, 0xF0, 0x79, 0xF3, 0xC3, 0xFF, 0x07, 0xF0, 0x0C,
    0x01, 0xC0, 0x0E, 0x03, 0xFC, 0x39, 0xC3, 0x9C, 0x00, 0x00, 0x00, 0xF0, 0x7F, 0x07, 0xF0, 0x7F,
    0x07, 0xF0, 0x7F, 0x07, 0xF0, 0x7F, 0x07, 0x70, 0x77, 0x07, 0x78, 0xF3, 0xFF, 0x1F, 0xF0, 0x7F,
    0x87, 0xFC, 0x63, 0xE0, 0x0E, 0x00, 0xF0, 0x07, 0xFF, 0xFF, 0xFF, 0xE0, 0x7E, 0x0E, 0x7B, 0xE7,
    0xFC, 0x3F, 0x80, 0x07, 0xF0, 0x03, 0xF8, 0x00, 0x00, 0x01, 0xCE, 0x00, 0xE7, 0x00, 0x73, 0x80,
    0x00, 0x00, 0x00, 0x00, 0x01, 0xC0, 0x01, 0xF0, 0x00, 0xF8, 0x00, 0xFC, 0x00, 0x77, 0x00, 0x73,
    0x80, 0x39, 0xE0, 0x3C, 0x70, 0x1C, 0x3C, 0x0E, 0x0E, 0x0F, 0x07, 0x07, 0xFF, 0xC3, 0xFF, 0xE3,
    0x80, 0x71, 0xC0, 0x3D, 0xE0, 0x0E, 0xE0, 0x07, 0x80, 0x3F, 0x87, 0xF0, 0x00, 0x18, 0xE7, 0xBC,
    0x63, 0x80, 0x00, 0x00, 0x7F, 0x8F, 0xF9, 0x8F, 0x00, 0xE0, 0x0E, 0x7F, 0xDF, 0xFF, 0xCF, 0xE0,
    0xFC, 0x1F, 0xC7, 0xFF, 0xF3, 0xFC, 0x07, 0xF0, 0x03, 0xF8, 0x00, 0x00, 0x00, 0x38, 0x00, 0x1C,
    0x00, 0x0E, 0x00, 0x00, 0x00, 0x00, 0x00, 0x01, 0xC0, 0x01, 0xF0, 0x00, 0xF8, 0x00, 0xFC, 0x00,
    0x77, 0x00, 0x73, 0x80, 0x39, 0xE0, 0x3C, 0x70, 0x1C, 0x3C, 0x0E, 0x0E, 0x0F, 0x07, 0x07, 0xFF,
    0xC3, 0xFF, 0xE3, 0x80, 0x71, 0xC0, 0x3D, 0xE0, 0x0E, 0xE0, 0x07, 0x80, 0x3F, 0x87, 0xF0, 0x00,
    0x07, 0x00, 0xE0, 0x1C, 0x00, 0x00, 0x00, 0x7F, 0x8F, 0xF9, 0x8F, 0x00, 0xE0, 0x0E, 0x7F, 0xDF,
    0xFF, 0xCF, 0xE0, 0xFC, 0x1F, 0xC7, 0xFF, 0xF3, 0xFC, 0x00, 0x1F, 0xC0, 0x00, 0x3F, 0x80, 0x00,
    0x00, 0x00, 0x00, 0x00, 0x00, 0x00, 0x00, 0x00, 0x07, 0xFF, 0x80, 0x1F, 0xFF, 0x00, 0x7F, 0x00,
    0x00, 0xEE, 0x00, 0x03, 0xDC, 0x00, 0x07, 0x38, 0x00, 0x1C, 0x70, 0x00, 0x78, 0xFF, 0x80, 0xE1,
    0xFF, 0x03, 0x83, 0x80, 0x0F, 0x07, 0x00, 0x1F, 0xFE, 0x00, 0x7F, 0xFC, 0x00, 0xE0, 0x38, 0x03,
    0xC0, 0x70, 0x07, 0x00, 0xFF, 0xFC, 0x01, 0xFF, 0xC0, 0x03, 0xFC, 0x00, 0x3F, 0xC0, 0x00, 0x00,
    0x00, 0x00, 0x00, 0x00, 0x00, 0x07, 0xF1, 0xF8, 0x7F, 0xBF, 0xC6, 0x3F, 0xBE, 0x01, 0xE0, 0xE0,
    0x0E, 0x0E, 0x3F, 0xFF, 0xE7, 0xFF, 0xFE, 0xF9, 0xE0, 0x0E, 0x0E, 0x00, 0xE0, 0xF0, 0x0F, 0x1F,
    0x8C, 0xFF, 0xFF, 0xC3, 0xF9, 0xFC, 0x07, 0xF8, 0x0F, 0xFE, 0x0F, 0xCF, 0x0F, 0x00, 0x07, 0x00,
    0x03, 0x80, 0x03, 0xC0, 0x01, 0xC0, 0x00, 0xE0, 0x1E, 0x70, 0x0F, 0x3C, 0x1F, 0xFE, 0x0F, 0xF7,
    0x01, 0xE3, 0xC0, 0xF0, 0xFC, 0x78, 0x3F, 0xFC, 0x07, 0xFC, 0x00, 0x1F, 0xF0, 0xFF, 0xC7, 0xCF,
    0x1C, 0x1C, 0xE0, 0x73, 0x8F, 0xFE, 0x3F, 0xF8, 0x1C, 0xE0, 0x73, 0xC1, 0xC7, 0xDF, 0x0F, 0xFC,
    0x1F, 0xF0, 0x01, 0xC0, 0x0F, 0x1C, 0x78, 0x7F, 0xC1, 0xFE, 0x00, 0x06, 0x30, 0x0E, 0xE0, 0x0F,
    0x80, 0x0E, 0x00, 0x18, 0x00, 0x00, 0x00, 0x00, 0x03, 0xFC, 0x1F, 0xFC, 0x7E, 0x79, 0xE0, 0x03,
    0xC0, 0x07, 0x00, 0x1E, 0x00, 0x38, 0x00, 0x70, 0x00, 0xE0, 0x1F, 0xE0, 0x3F, 0xC0, 0x7B, 0x80,
    0xF7, 0x81, 0xE7, 0xE3, 0xC7, 0xFF, 0x83, 0xFE, 0x18, 0xC1, 0x9C, 0x0F, 0x80, 0xF0, 0x06, 0x00,
    0x00, 0x00, 0x01, 0xFF, 0x3F, 0xF7, 0xCF, 0x70, 0x7E, 0x07, 0xE0, 0x7E, 0x07, 0xE0, 0x7E, 0x07,
    0xF0, 0x77, 0xDF, 0x3F, 0xF1, 0xFF, 0x00, 0x70, 0x0F, 0x71, 0xE7, 0xFE, 0x7F, 0x80, 0x10, 0x80,
    0xE7, 0x01, 0xF8, 0x03, 0xC0, 0x06, 0x00, 0x00, 0x00, 0x00, 0x38, 0x1E, 0xE0, 0xF3, 0x87, 0x8E,
    0x3C, 0x39, 0xE0, 0xEF, 0x03, 0xF8, 0x0F, 0xC0, 0x3F, 0x80, 0xFF, 0x03, 0xBE, 0x0E, 0x7C, 0x38,
    0xF8, 0xE1, 0xF3, 0x83, 0xCE, 0x07, 0xB8, 0x0F, 0xCC, 0x0F, 0xE0, 0x7C, 0x03, 0x80, 0x00, 0x00,
    0x00, 0x70, 0x07, 0x00, 0x70, 0x07, 0x00, 0x70, 0x07, 0x00, 0x70, 0xE7, 0x1C, 0x77, 0x87, 0xF0,
    0x7E, 0x07, 0xC0, 0x7E, 0x07, 0xF0, 0x77, 0x87, 0x3C, 0x71, 0xE7, 0x0E, 0x70, 0xF0, 0x07, 0xF8,
    0x0F, 0xFE, 0x0F, 0xCF, 0x8F, 0x01, 0xE7, 0x00, 0x7B, 0x80, 0x3F, 0xC0, 0x0F, 0xC0, 0x07, 0xE0,
    0x03, 0xF0, 0x01, 0xFC, 0x00, 0xEE, 0x00, 0xF7, 0x00, 0x7B, 0xC0, 0x78, 0xFC, 0xF8, 0x3F, 0xF8,
    0x07, 0xF8, 0x00, 0x70, 0x00, 0x70, 0x00, 0x38, 0x00, 0x1F, 0x00, 0x07, 0x80, 0x1F, 0xC1, 0xFF,
    0x1E, 0x7C, 0xE0, 0xEE, 0x07, 0xF0, 0x1F, 0x80, 0xFC, 0x07, 0xE0, 0x7B, 0x83, 0x9E, 0x7C, 0x7F,
    0xC1, 0xFC, 0x03, 0x80, 0x38, 0x01, 0xC0, 0x0F, 0x80, 0x3C, 0x00, 0x07, 0xF8, 0x03, 0xFC, 0x00,
    0x00, 0x00, 0x00, 0x00, 0x00, 0x00, 0x3F, 0xC0, 0x7F, 0xF0, 0x7E, 0x7C, 0x78, 0x0F, 0x38, 0x03,
    0xDC, 0x01, 0xFE, 0x00, 0x7E, 0x00, 0x3F, 0x00, 0x1F, 0x80, 0x0F, 0xE0, 0x07, 0x70, 0x07, 0xB8,
    0x03, 0xDE, 0x03, 0xC7, 0xE7, 0xC1, 0xFF, 0xC0, 0x3F, 0xC0, 0x03, 0x80, 0x03, 0x80, 0x01, 0xC0,
    0x00, 0xF8, 0x00, 0x3C, 0x00, 0x3F, 0xC1, 0xFE, 0x00, 0x00, 0x00, 0x00, 0x00, 0x0F, 0xE0, 0xFF,
    0x8F, 0x3E, 0x70, 0x77, 0x03, 0xF8, 0x0F, 0xC0, 0x7E, 0x03, 0xF0, 0x3D, 0xC1, 0xCF, 0x3E, 0x3F,
    0xE0, 0xFE, 0x01, 0xC0, 0x1C, 0x00, 0xE0, 0x07, 0xC0, 0x1E, 0x00, 0x08, 0x40, 0xE7, 0x03, 0xF0,
    0x0F, 0x00, 0x30, 0x00, 0x00, 0x00, 0x0F, 0xFF, 0x7F, 0xF8, 0x03, 0x80, 0x38, 0x03, 0x80, 0x38,
    0x03, 0x80, 0x3F, 0x81, 0xFE, 0x01, 0xF8, 0x03, 0xC0, 0x0E, 0x00, 0x70, 0x03, 0xBC, 0xFF, 0xFF,
    0xCF, 0xF8, 0x10, 0x81, 0x9C, 0x1F, 0x80, 0xF0, 0x06, 0x00, 0x00, 0x00, 0x07, 0xFF, 0x7F, 0xE0,
    0x0E, 0x01, 0xC0, 0x38, 0x07, 0x00, 0xF0, 0x0F, 0x80, 0xFE, 0x03, 0xF0, 0x0F, 0x00, 0x70, 0x07,
    0x00, 0x70, 0x0F, 0x73, 0xE7, 0xFE, 0x7F, 0x80, 0x31, 0x99, 0xC7, 0xC3, 0xC0, 0xC0, 0x00, 0x00,
    0x1C, 0x0E, 0x07, 0x03, 0x81, 0xC0, 0xE0, 0x70, 0x38, 0x1C, 0x0E, 0x07, 0x03, 0x81, 0xC0, 0xE0,
    0xF0, 0xF1, 0xF8, 0xF8, 0x00, 0xFF, 0xC0, 0x7F, 0xFB, 0xFF, 0x81, 0xFF, 0xEE, 0x1F, 0x80, 0x07,
    0xB8, 0x1E, 0x00, 0x3C, 0xE0, 0x3C, 0x00, 0xE3, 0x80, 0x70, 0x07, 0x0E, 0x01, 0xE0, 0x3C, 0x38,
    0x07, 0x81, 0xE0, 0xE0, 0x1E, 0x07, 0x03, 0x80, 0x78, 0x3C, 0x0E, 0x01, 0xE1, 0xE0, 0x38, 0x07,
    0x07, 0x00, 0xE0, 0x3C, 0x38, 0x03, 0x81, 0xE1, 0xE0, 0x0E, 0x1F, 0x87, 0x00, 0x3F, 0xF8, 0x3F,
    0xFF, 0xFF, 0xC0, 0xFF, 0xFC, 0xFF, 0xC0, 0x00, 0x1F, 0xFC, 0x00, 0x03, 0x87, 0xE0, 0x00, 0x70,
    0x3C, 0x00, 0x0E, 0x03, 0xC7, 0xFF, 0xC0, 0x38, 0xFF, 0xF8, 0x07, 0x80, 0x7F, 0x00, 0xF0, 0x1E,
    0xE0, 0x1E, 0x07, 0x9C, 0x03, 0xC1, 0xE3, 0x80, 0x78, 0x78, 0x70, 0x0E, 0x0E, 0x0E, 0x03, 0xC3,
    0xC1, 0xC0, 0xF0, 0xF0, 0x38, 0x7E, 0x1C, 0x07, 0xFF, 0x07, 0xFF, 0xFF, 0xC0, 0xFF, 0xE0, 0x00,
    0x70, 0x00, 0x00, 0x38, 0x00, 0x00, 0x1C, 0x00, 0x00, 0x0E, 0x00, 0x00, 0x07, 0x00, 0x00, 0x03,
    0x80, 0x00, 0x7F, 0xC7, 0xFE, 0x7F, 0xE3, 0xFF, 0x79, 0xF0, 0x07, 0x78, 0x38, 0x07, 0xB8, 0x1C,
    0x07, 0x9C, 0x0E, 0x07, 0x8E, 0x07, 0x07, 0x87, 0x03, 0x83, 0x83, 0x81, 0xC3, 0xC1, 0xE0, 0xE3,
    0xC0, 0x7C, 0x71, 0xC0, 0x1F, 0xF9, 0xFF, 0xC7, 0xFC, 0xFF, 0xE0, 0x00, 0x60, 0x01, 0xE0, 0x03,
    0x80, 0x0E, 0x00, 0x18, 0x00, 0x00, 0x00, 0x00, 0x03, 0xFC, 0x1F, 0xFC, 0x7E, 0x79, 0xE0, 0x03,
    0xC0, 0x07, 0x00, 0x1E, 0x00, 0x38, 0x00, 0x70, 0x00, 0xE0, 0x1F, 0xE0, 0x3F, 0xC0, 0x7B, 0x80,
    0xF7, 0x81, 0xE7, 0xE3, 0xC7, 0xFF, 0x83, 0xFE, 0x01, 0x80, 0x38, 0x07, 0x80, 0x70, 0x06, 0x00,
    0x00, 0x00, 0x01, 0xFF, 0x3F, 0xF7, 0xCF, 0x70, 0x7E, 0x07, 0xE0, 0x7E, 0x07, 0xE0, 0x7E, 0x07,
    0xF0, 0x77, 0xDF, 0x3F, 0xF1, 0xFF, 0x00, 0x70, 0x0F, 0x71, 0xE7, 0xFE, 0x7F, 0x80, 0xE0, 0x1C,
    0x01, 0xC0, 0x38, 0x03, 0x80, 0x70, 0x07, 0x00, 0xE0, 0x0E, 0x01, 0xC0, 0xFC, 0x03, 0x81, 0xF8,
    0x07, 0x03, 0xFF, 0xFE, 0x07, 0xFF, 0xFC, 0x0F, 0xC0, 0x38, 0x1F, 0x80, 0x70, 0x3F, 0x00, 0xE0,
    0x7E, 0x01, 0xC0, 0xFC, 0x03, 0x83, 0xF8, 0x07, 0xCF, 0x70, 0x07, 0xFE, 0xE0, 0x07, 0xF0, 0x7F,
    0xC7, 0xFF, 0x3C, 0x7D, 0xC0, 0xFE, 0x03, 0xF0, 0x1F, 0x80, 0xFC, 0x07, 0xE0, 0x3F, 0x03, 0xF8,
    0x1D, 0xC1, 0xEE, 0x1E, 0x73, 0xE3, 0xFC, 0x1F, 0xC0, 0xF8, 0x07, 0x00, 0x38, 0x01, 0xC0, 0x0E,
    0x00, 0x70, 0x00, 0x0C, 0x00, 0x1C, 0x00, 0x1C, 0x00, 0x1C, 0x00, 0x18, 0x00, 0x00, 0x00, 0x00,
    0x70, 0x0E, 0xF0, 0x1D, 0xF0, 0x3B, 0xF0, 0x77, 0xE0, 0xEE, 0xE1, 0xDD, 0xE3, 0xB9, 0xE7, 0x71,
    0xCE, 0xE1, 0xDD, 0xC3, 0xFB, 0x83, 0xF7, 0x03, 0xEE, 0x07, 0xDC, 0x07, 0xB8, 0x07, 0x70, 0x0E,
    0x38, 0x07, 0x00, 0x70, 0x07, 0x00, 0x60, 0x00, 0x00, 0x07, 0xFC, 0xFF, 0xDC, 0x7B, 0x87, 0xF0,
    0x7E, 0x0F, 0xC1, 0xF8, 0x3F, 0x07, 0xE0, 0xFC, 0x1F, 0x83, 0xF0, 0x70, 0x00, 0xC0, 0x01, 0xF0,
    0x00, 0xF0, 0x00, 0x78, 0x00, 0x36, 0x00, 0x1B, 0x00, 0x0F, 0x80, 0x07, 0x80, 0x03, 0xE0, 0x03,
    0xF0, 0x01, 0xDC, 0x01, 0xCE, 0x00, 0xE7, 0x80, 0xF1, 0xC0, 0x70, 0xF0, 0x38, 0x38, 0x3C, 0x1C,
    0x1F, 0xFF, 0x1F, 0xFF, 0x8E, 0x01, 0xC7, 0x00, 0xF7, 0x80, 0x3B, 0x80, 0x1E, 0x07, 0x03, 0xE0,
    0x78, 0x07, 0x81, 0xB0, 0x36, 0x03, 0xC0, 0x00, 0x7F, 0x8F, 0xF9, 0x8F, 0x00, 0xE0, 0x0E, 0x7F,
    0xDF, 0xFF, 0xCF, 0xE0, 0xFC, 0x1F, 0xC7, 0xFF, 0xF3, 0xFC, 0x00, 0x01, 0x80, 0x00, 0x07, 0x00,
    0x00, 0x1C, 0x00, 0x00, 0x78, 0x00, 0x00, 0x60, 0x00, 0x00, 0x00, 0x00, 0x00, 0x00, 0x00, 0x1F,
    0xFE, 0x00, 0x7F, 0xFC, 0x01, 0xFC, 0x00, 0x03, 0xB8, 0x00, 0x0F, 0x70, 0x00, 0x1C, 0xE0, 0x00,
    0x71, 0xC0, 0x01, 0xE3, 0xFE, 0x03, 0x87, 0xFC, 0x0E, 0x0E, 0x00, 0x3C, 0x1C, 0x00, 0x7F, 0xF8,
    0x01, 0xFF, 0xF0, 0x03, 0x80, 0xE0, 0x0F, 0x01, 0xC0, 0x1C, 0x03, 0xFF, 0xF0, 0x07, 0xFF, 0x00,
    0x30, 0x00, 0x07, 0x80, 0x00, 0x70, 0x00, 0x0E, 0x00, 0x00, 0xC0, 0x00, 0x00, 0x00, 0x00, 0x00,
    0x07, 0xF1, 0xF8, 0x7F, 0xBF, 0xC6, 0x3F, 0xBE, 0x01, 0xE0, 0xE0, 0x0E, 0x0E, 0x3F, 0xFF, 0xE7,
    0xFF, 0xFE, 0xF9, 0xE0, 0x0E, 0x0E, 0x00, 0xE0, 0xF0, 0x0F, 0x1F, 0x8C, 0xFF, 0xFF, 0xC3, 0xF9,
    0xFC, 0x00, 0x70, 0x00, 0x38, 0x00, 0x38, 0x00, 0x38, 0x00, 0x18, 0x00, 0x00, 0x00, 0x00, 0x0C,
    0x0F, 0xF7, 0x1F, 0xFF, 0x1F, 0x9F, 0x1E, 0x07, 0xCE, 0x07, 0xE7, 0x03, 0xFF, 0x83, 0x9F, 0x83,
    0x8F, 0xC3, 0x87, 0xE3, 0xC3, 0xFB, 0xC1, 0xDD, 0xC0, 0xEF, 0xC0, 0xF7, 0xC0, 0xF1, 0xF9, 0xF1,
    0xFF, 0xF0, 0xEF, 0xF0, 0x60, 0x00, 0x00, 0x01, 0x80, 0x1C, 0x01, 0xE0, 0x0E, 0x00, 0x60, 0x00,
    0x00, 0x00, 0xC3, 0xFE, 0x3F, 0xF3, 0xCF, 0xBC, 0x7D, 0xC3, 0xFE, 0x3B, 0xF3, 0x9F, 0xB8, 0xFF,
    0x8F, 0x78, 0x73, 0xEF, 0x9F, 0xF9, 0xFF, 0x8C, 0x00, 0x00, 0x19, 0x80, 0x0E, 0xE0, 0x03, 0xB8,
    0x00, 0xEE, 0x00, 0x63, 0x00, 0x00, 0x00, 0x00, 0x00, 0x03, 0x80, 0x03, 0xE0, 0x01, 0xF0, 0x01,
    0xF8, 0x00, 0xEE, 0x00, 0xE7, 0x00, 0x73, 0xC0, 0x78, 0xE0, 0x38, 0x78, 0x1C, 0x1C, 0x1E, 0x0E,
    0x0F, 0xFF, 0x87, 0xFF, 0xC7, 0x00, 0xE3, 0x80, 0x7B, 0xC0, 0x1D, 0xC0, 0x0F, 0xE6, 0x1D, 0xC1,
    0xDC, 0x1D, 0xC1, 0x98, 0x00, 0x00, 0x03, 0xFC, 0x7F, 0xCC, 0x78, 0x07, 0x00, 0x73, 0xFE, 0xFF,
    0xFE, 0x7F, 0x07, 0xE0, 0xFE, 0x3F, 0xFF, 0x9F, 0xE0, 0x03, 0xC0, 0x03, 0xF0, 0x01, 0xDC, 0x01,
    0xC6, 0x00, 0x00, 0x00, 0x00, 0x00, 0x07, 0x00, 0x07, 0xC0, 0x03, 0xE0, 0x03, 0xF0, 0x01, 0xDC,
    0x01, 0xCE, 0x00, 0xE7, 0x80, 0xF1, 0xC0, 0x70, 0xF0, 0x38, 0x38, 0x3C, 0x1C, 0x1F, 0xFF, 0x0F,
    0xFF, 0x8E, 0x01, 0xC7, 0x00, 0xF7, 0x80, 0x3B, 0x80, 0x1E, 0x1F, 0x07, 0xF0, 0xEE, 0x18, 0xC0,
    0x00, 0x00, 0x1F, 0xE3, 0xFE, 0x63, 0xC0, 0x38, 0x03, 0x9F, 0xF7, 0xFF, 0xF3, 0xF8, 0x3F, 0x07,
    0xF1, 0xFF, 0xFC, 0xFF, 0x00, 0x66, 0x07, 0x70, 0x73, 0x83, 0xB8, 0x19, 0x80, 0x00, 0x00, 0x0F,
    0xFE, 0xFF, 0xEE, 0x00, 0xE0, 0x0E, 0x00, 0xE0, 0x0E, 0x00, 0xFF, 0xCF, 0xFC, 0xE0, 0x0E, 0x00,
    0xE0, 0x0E, 0x00, 0xE0, 0x0E, 0x00, 0xFF, 0xFF, 0xFF, 0x66, 0x07, 0x70, 0x3B, 0x83, 0x98, 0x19,
    0x80, 0x00, 0x00, 0x01, 0xF8, 0x3F, 0xE7, 0x9E, 0xF0, 0xFE, 0x07, 0xFF, 0xFF, 0xFF, 0xE0, 0x0E,
    0x00, 0xF0, 0x07, 0xC6, 0x3F, 0xE1, 0xFE, 0x1F, 0x03, 0xF0, 0x3B, 0x83, 0x18, 0x00, 0x00, 0x00,
    0xFF, 0xEF, 0xFE, 0xE0, 0x0E, 0x00, 0xE0, 0x0E, 0x00, 0xE0, 0x0F, 0xFC, 0xFF, 0xCE, 0x00, 0xE0,
    0x0E, 0x00, 0xE0, 0x0E, 0x00, 0xE0, 0x0F, 0xFF, 0xFF, 0xF0, 0x0F, 0x01, 0xF8, 0x1D, 0xC3, 0x8C,
    0x00, 0x00, 0x00, 0x1F, 0x83, 0xFE, 0x79, 0xEF, 0x0F, 0xE0, 0x7F, 0xFF, 0xFF, 0xFE, 0x00, 0xE0,
    0x0F, 0x00, 0x7C, 0x63, 0xFE, 0x1F, 0xE0, 0xCC, 0x77, 0x1D, 0xC7, 0x73, 0x18, 0x00, 0x00, 0x1C,
    0x0E, 0x07, 0x03, 0x81, 0xC0, 0xE0, 0x70, 0x38, 0x1C, 0x0E, 0x07, 0x03, 0x81, 0xC0, 0xE0, 0x70,
    0x38, 0x1C, 0x66, 0x1D, 0xC3, 0xB8, 0xE6, 0x19, 0x80, 0x00, 0x00, 0x1C, 0x07, 0x01, 0xC0, 0x70,
    0x1C, 0x07, 0x01, 0xC0, 0x70, 0x1C, 0x07, 0x01, 0xC0, 0x70, 0x1C, 0x7D, 0xFB, 0xBE, 0x30, 0x00,
    0x0E, 0x1C, 0x38, 0x70, 0xE1, 0xC3, 0x87, 0x0E, 0x1C, 0x38, 0x70, 0xE1, 0xC3, 0x87, 0x0E, 0x00,
    0x3C, 0x7E, 0x77, 0x63, 0x00, 0x00, 0x1C, 0x1C, 0x1C, 0x1C, 0x1C, 0x1C, 0x1C, 0x1C, 0x1C, 0x1C,
    0x1C, 0x1C, 0x1C, 0x0C, 0xC0, 0x0E, 0x70, 0x03, 0xB8, 0x00, 0xEE, 0x00, 0x33, 0x00, 0x00, 0x00,
    0x00, 0x00, 0x0F, 0xF0, 0x1F, 0xFC, 0x1F, 0x9F, 0x1E, 0x03, 0xCE, 0x00, 0xF7, 0x00, 0x7F, 0x80,
    0x1F, 0x80, 0x0F, 0xC0, 0x07, 0xE0, 0x03, 0xF8, 0x01, 0xDC, 0x01, 0xEE, 0x00, 0xF7, 0x80, 0xF1,
    0xF9, 0xF0, 0x7F, 0xF0, 0x0F, 0xF0, 0x66, 0x03, 0xB8, 0x0E, 0xE0, 0x33, 0x81, 0x98, 0x00, 0x00,
    0x00, 0x03, 0xF8, 0x3F, 0xE3, 0xCF, 0x9C, 0x1D, 0xC0, 0xFE, 0x03, 0xF0, 0x1F, 0x80, 0xFC, 0x0F,
    0x70, 0x73, 0xCF, 0x8F, 0xF8, 0x3F, 0x80, 0x01, 0xE0, 0x01, 0xF8, 0x01, 0xDC, 0x00, 0xC6, 0x00,
    0x00, 0x00, 0x00, 0x00, 0x1F, 0xE0, 0x3F, 0xF8, 0x3F, 0x3E, 0x3C, 0x07, 0x9C, 0x01, 0xEE, 0x00,
    0xFF, 0x00, 0x3F, 0x00, 0x1F, 0x80, 0x0F, 0xC0, 0x07, 0xF0, 0x03, 0xB8, 0x03, 0xDC, 0x01, 0xEF,
    0x01, 0xE3, 0xF3, 0xE0, 0xFF, 0xE0, 0x1F, 0xE0, 0x0F, 0x80, 0xFC, 0x07, 0x70, 0x31, 0x80, 0x00,
    0x00, 0x00, 0x7F, 0x07, 0xFC, 0x79, 0xF3, 0x83, 0xB8, 0x1F, 0xC0, 0x7E, 0x03, 0xF0, 0x1F, 0x81,
    0xEE, 0x0E, 0x79, 0xF1, 0xFF, 0x07, 0xF0, 0xCC, 0x03, 0xB8, 0x07, 0x70, 0x0C, 0xE0, 0x33, 0x00,
    0x00, 0x00, 0x00, 0x3F, 0xF0, 0xFF, 0xE3, 0x8F, 0xCE, 0x07, 0x38, 0x1E, 0xE0, 0x7B, 0x81, 0xCE,
    0x1F, 0x3F, 0xF8, 0xFF, 0xC3, 0x8F, 0x0E, 0x1C, 0x38, 0x38, 0xE0, 0xF3, 0x81, 0xCE, 0x07, 0xB8,
    0x0E, 0x66, 0x39, 0xC7, 0x70, 0xEE, 0x19, 0x80, 0x00, 0x00, 0xFF, 0x3F, 0xCE, 0x23, 0x80, 0xE0,
    0x38, 0x0E, 0x03, 0x80, 0xE0, 0x38, 0x0E, 0x03, 0x80, 0xE0, 0x1F, 0x00, 0xFC, 0x03, 0xB8, 0x0C,
    0x60, 0x00, 0x00, 0x00, 0x0F, 0xFC, 0x3F, 0xF8, 0xE3, 0xF3, 0x81, 0xCE, 0x07, 0xB8, 0x1E, 0xE0,
    0x73, 0x87, 0xCF, 0xFE, 0x3F, 0xF0, 0xE3, 0xC3, 0x87, 0x0E, 0x0E, 0x38, 0x3C, 0xE0, 0x73, 0x81,
    0xEE, 0x03, 0x80, 0x3C, 0x7E, 0xEE, 0xC6, 0x00, 0x00, 0xFF, 0xFF, 0xE2, 0xE0, 0xE0, 0xE0, 0xE0,
    0xE0, 0xE0, 0xE0, 0xE0, 0xE0, 0xE0, 0x73, 0x01, 0xDC, 0x03, 0xB8, 0x07, 0x70, 0x0C, 0xC0, 0x00,
    0x00, 0x00, 0x38, 0x0F, 0xE0, 0x3F, 0x80, 0xFE, 0x03, 0xF8, 0x0F, 0xE0, 0x3F, 0x80, 0xFE, 0x03,
    0xF8, 0x0F, 0xE0, 0x3F, 0x80, 0xFE, 0x03, 0xB8, 0x0E, 0xF0, 0x79, 0xF3, 0xC3, 0xFF, 0x07, 0xF0,
    0x66, 0x07, 0x70, 0x33, 0x83, 0xB8, 0x19, 0x80, 0x00, 0x00, 0x0F, 0x07, 0xF0, 0x7F, 0x07, 0xF0,
    0x7F, 0x07, 0xF0, 0x7F, 0x07, 0xF0, 0x77, 0x07, 0x70, 0x77, 0x8F, 0x3F, 0xF1, 0xFF, 0x0F, 0x80,
    0x3F, 0x01, 0xDC, 0x06, 0x30, 0x00, 0x00, 0x00, 0x0E, 0x03, 0xF8, 0x0F, 0xE0, 0x3F, 0x80, 0xFE,
    0x03, 0xF8, 0x0F, 0xE0, 0x3F, 0x80, 0xFE, 0x03, 0xF8, 0x0F, 0xE0, 0x3F, 0x80, 0xEE, 0x03, 0xBC,
    0x1E, 0x7C, 0xF0, 0xFF, 0xC1, 0xFC, 0x00, 0x0F, 0x01, 0xF8, 0x1D, 0xC3, 0x9C, 0x00, 0x00, 0x00,
    0xF0, 0x7F, 0x07, 0xF0, 0x7F, 0x07, 0xF0, 0x7F, 0x07, 0xF0, 0x7F, 0x07, 0x70, 0x77, 0x07, 0x78,
    0xF3, 0xFF, 0x1F, 0xF0, 0x1F, 0xE1, 0xFF, 0x9F, 0x1C, 0xE0, 0x07, 0x00, 0x3C, 0x00, 0xF8, 0x03,
    0xE0, 0x07, 0xC0, 0x0F, 0x80, 0x3C, 0x00, 0xF0, 0x03, 0x80, 0x3D, 0xE7, 0xCF, 0xFE, 0x3F, 0xC0,
    0x00, 0x01, 0xC0, 0x1E, 0x00, 0xE0, 0x00, 0x3F, 0xBF, 0xEF, 0x33, 0x80, 0xF0, 0x3F, 0x03, 0xF0,
    0x3E, 0x03, 0x80, 0xFE, 0x7B, 0xFE, 0xFF, 0x00, 0x01, 0xC1, 0xF0, 0x78, 0x00, 0xFF, 0xFF, 0xFF,
    0xF0, 0x78, 0x01, 0xE0, 0x07, 0x80, 0x1E, 0x00, 0x78, 0x01, 0xE0, 0x07, 0x80, 0x1E, 0x00, 0x78,
    0x01, 0xE0, 0x07, 0x80, 0x1E, 0x00, 0x78, 0x01, 0xE0, 0x07, 0x80, 0x00, 0x00, 0x78, 0x03, 0xC0,
    0x0F, 0x00, 0x70, 0x78, 0x3C, 0x1E, 0x0F, 0xF7, 0xFB, 0xC1, 0xE0, 0xF0, 0x78, 0x3C, 0x1E, 0x0F,
    0x03, 0x81, 0xE4, 0xFF, 0x3F, 0x80, 0x07, 0x07, 0x83, 0x80, 0x7F, 0x87, 0xFE, 0x1C, 0xF8, 0x01,
    0xC0, 0x0F, 0x00, 0x78, 0x03, 0x80, 0x3C, 0x07, 0xC0, 0xFC, 0x07, 0xF0, 0x0F, 0xC0, 0x0F, 0x00,
    0x38, 0x01, 0xC0, 0x0E, 0x00, 0x70, 0x07, 0x80, 0x78, 0x1F, 0xCF, 0xFC, 0x7F, 0x80, 0xFF, 0x3F,
    0xEE, 0x78, 0x0F, 0x03, 0xC0, 0xE0, 0xF8, 0xFC, 0x3F, 0x83, 0xE0, 0x1C, 0x07, 0x01, 0xC0, 0x70,
    0x7C, 0xFE, 0xFF, 0x3F, 0x00, 0x18, 0xC0, 0x73, 0x00, 0xF8, 0x01, 0xE0, 0x03, 0x00, 0x00, 0x00,
    0x00, 0x38, 0x07, 0xE0, 0x1F, 0x80, 0x7E, 0x01, 0xF8, 0x07, 0xE0, 0x1F, 0x80, 0x7F, 0xFF, 0xFF,
    0xFF, 0xE0, 0x1F, 0x80, 0x7E, 0x01, 0xF8, 0x07, 0xE0, 0x1F, 0x80, 0x7E, 0x01, 0xF8, 0x07, 0xCC,
    0x0F, 0xE0, 0x7C, 0x03, 0x80, 0x00, 0x00, 0x00, 0x70, 0x07, 0x00, 0x70, 0x07, 0x00, 0x70, 0x07,
    0x00, 0x7F, 0xC7, 0xFE, 0x79, 0xE7, 0x0F, 0x70, 0x77, 0x07, 0x70, 0x77, 0x07, 0x70, 0x77, 0x07,
    0x70, 0x77, 0x07, 0x70, 0x70, 0x60, 0x0E, 0x01, 0xE0, 0x0F, 0x00, 0xF0, 0x0F, 0x00, 0xF0, 0x0F,
    0x00, 0x40, 0x00, 0xC0, 0x38, 0x0E, 0x03, 0x81, 0xE0, 0x78, 0x1E, 0x03, 0x80, 0x20, 0x00, 0xFF,
    0xFF, 0x77, 0xFF, 0xF7, 0x00, 0xE0, 0x3B, 0x83, 0x9C, 0x1C, 0x71, 0xC1, 0xDC, 0x0E, 0xE0, 0x3E,
    0x00, 0xE0, 0x07, 0x00, 0x10, 0x00, 0x7C, 0x7E, 0xEE, 0xC6, 0x18, 0x01, 0xC0, 0x0E, 0x00, 0x70,
    0x03, 0x00, 0x00, 0x00, 0x0F, 0xFE, 0xFF, 0xEE, 0x00, 0xE0, 0x0E, 0x00, 0xE0, 0x0E, 0x00, 0xFF,
    0xCF, 0xFC, 0xE0, 0x0E, 0x00, 0xE0, 0x0E, 0x00, 0xE0, 0x0E, 0x00, 0xFF, 0xFF, 0xFF, 0x3B, 0x87,
    0xBC, 0x3B, 0x80, 0x00, 0x00, 0x0F, 0xFE, 0xFF, 0xEE, 0x00, 0xE0, 0x0E, 0x00, 0xE0, 0x0E, 0x00,
    0xFF, 0xCF, 0xFC, 0xE0, 0x0E, 0x00, 0xE0, 0x0E, 0x00, 0xE0, 0x0E, 0x00, 0xFF, 0xFF, 0xFF, 0xFF,
    0xFC, 0x3F, 0xFF, 0x00, 0x70, 0x00, 0x1C, 0x00, 0x07, 0x00, 0x01, 0xC0, 0x00, 0x7F, 0xE0, 0x1F,
    0xFE, 0x07, 0x8F, 0x81, 0xC0, 0xF0, 0x70, 0x1C, 0x1C, 0x07, 0x07, 0x01, 0xC1, 0xC0, 0xF0, 0x70,
    0x7C, 0x1C, 0x7E, 0x07, 0x1F, 0x00, 0x03, 0x00, 0xE0, 0x38, 0x0F, 0x00, 0xC0, 0x00, 0x00, 0x07,
    0xFF, 0xFF, 0xFC, 0x03, 0x80, 0x70, 0x0E, 0x01, 0xC0, 0x38, 0x07, 0x00, 0xE0, 0x1C, 0x03, 0x80,
    0x70, 0x0E, 0x01, 0xC0, 0x38, 0x07, 0x00, 0x07, 0xF8, 0x7F, 0xF3, 0xF1, 0xDE, 0x00, 0x70, 0x01,
    0xC0, 0x0F, 0x00, 0x3F, 0xF8, 0xFF, 0xE3, 0x80, 0x0F, 0x00, 0x1C, 0x00, 0x70, 0x01, 0xE0, 0x03,
    0xF1, 0xC7, 0xFF, 0x07, 0xF8, 0x1F, 0xE1, 0xFF, 0x9F, 0x1C, 0xE0, 0x07, 0x00, 0x3C, 0x00, 0xF8,
    0x03, 0xE0, 0x07, 0xC0, 0x0F, 0x80, 0x3C, 0x00, 0xF0, 0x03, 0x80, 0x3D, 0xE7, 0xCF, 0xFE, 0x3F,
    0xC0, 0xFF, 0xFF, 0xFF, 0xFF, 0xFF, 0xFF, 0xE0, 0x67, 0x7B, 0xD9, 0xC0, 0x00, 0x00, 0xE0, 0x70,
    0x38, 0x1C, 0x0E, 0x07, 0x03, 0x81, 0xC0, 0xE0, 0x70, 0x38, 0x1C, 0x0E, 0x07, 0x03, 0x81, 0xC0,
    0xE0, 0x00, 0xE0, 0x1C, 0x03, 0x80, 0x70, 0x0E, 0x01, 0xC0, 0x38, 0x07, 0x00, 0xE0, 0x1C, 0x03,
    0x80, 0x70, 0x0E, 0x03, 0xF9, 0xF7, 0xFE, 0x7F, 0x00, 0x07, 0xFF, 0x00, 0x01, 0xFF, 0xC0, 0x00,
    0x70, 0x70, 0x00, 0x1C, 0x1C, 0x00, 0x07, 0x07, 0x00, 0x01, 0xC1, 0xC0, 0x00, 0x70, 0x7F, 0xC0,
    0x1C, 0x1F, 0xFC, 0x07, 0x07, 0x1F, 0x81, 0xC1, 0xC0, 0xE0, 0xF0, 0x70, 0x38, 0x38, 0x1C, 0x0F,
    0x0E, 0x07, 0x03, 0x87, 0x81, 0xC0, 0xE7, 0xC0, 0x71, 0xFB, 0xE0, 0x1F, 0xFC, 0xF0, 0x07, 0xFC,
    0x00, 0x00, 0x00, 0x00, 0xE0, 0x38, 0x01, 0xC0, 0x70, 0x03, 0x80, 0xE0, 0x07, 0x01, 0xC0, 0x0E,
    0x03, 0x80, 0x1C, 0x07, 0x00, 0x3F, 0xFF, 0xFC, 0x7F, 0xFF, 0xFE, 0xE0, 0x3C, 0x7D, 0xC0, 0x70,
    0x3F, 0x80, 0xE0, 0x3F, 0x01, 0xC0, 0x7E, 0x03, 0x80, 0xFC, 0x07, 0x03, 0xF8, 0x0F, 0x1F, 0x70,
    0x1F, 0xFC, 0xE0, 0x3F, 0xF0, 0xFF, 0xFC, 0x3F, 0xFF, 0x00, 0x70, 0x00, 0x1C, 0x00, 0x07, 0x00,
    0x01, 0xC0, 0x00, 0x7F, 0xE0, 0x1F, 0xFC, 0x07, 0x8F, 0x81, 0xC0, 0xE0, 0x70, 0x38, 0x1C, 0x0E,
    0x07, 0x03, 0x81, 0xC0, 0xE0, 0x70, 0x38, 0x1C, 0x0E, 0x07, 0x03, 0x80, 0x01, 0x80, 0x0E, 0x00,
    0x70, 0x03, 0x80, 0x0E, 0x00, 0x00, 0x00, 0x00, 0x38, 0x1E, 0xE0, 0xF3, 0x87, 0x8E, 0x3C, 0x39,
    0xE0, 0xEF, 0x03, 0xF8, 0x0F, 0xC0, 0x3F, 0x80, 0xFF, 0x03, 0xBE, 0x0E, 0x7C, 0x38, 0xF8, 0xE1,
    0xF3, 0x83, 0xCE, 0x07, 0xB8, 0x0F, 0x0C, 0x00, 0x1C, 0x00, 0x1C, 0x00, 0x1C, 0x00, 0x18, 0x00,
    0x00, 0x00, 0x00, 0x70, 0x0E, 0xE0, 0x3D, 0xC0, 0xFB, 0x81, 0xF7, 0x07, 0xEE, 0x1F, 0xDC, 0x7B,
    0xB8, 0xE7, 0x73, 0x8E, 0xEF, 0x1D, 0xFC, 0x3B, 0xF0, 0x77, 0xE0, 0xEF, 0x81, 0xDE, 0x03, 0xBC,
    0x07, 0x70, 0x0E, 0x0C, 0x70, 0x1D, 0xC0, 0x3F, 0x80, 0x3E, 0x00, 0x00, 0x00, 0x00, 0x3C, 0x07,
    0xB8, 0x0E, 0x78, 0x1C, 0x70, 0x78, 0xF0, 0xE0, 0xE1, 0xC1, 0xE7, 0x01, 0xCE, 0x03, 0xFC, 0x03,
    0xF0, 0x03, 0xE0, 0x07, 0x80, 0x07, 0x00, 0x1C, 0x04, 0xF8, 0x0F, 0xE0, 0x1F, 0x80, 0x00, 0xE0,
    0x1F, 0x80, 0x7E, 0x01, 0xF8, 0x07, 0xE0, 0x1F, 0x80, 0x7E, 0x01, 0xF8, 0x07, 0xE0, 0x1F, 0x80,
    0x7E, 0x01, 0xF8, 0x07, 0xE0, 0x1F, 0x80, 0x7E, 0x01, 0xFF, 0xFF, 0xFF, 0xFC, 0x1C, 0x00, 0x70,
    0x01, 0xC0, 0x07, 0x00, 0x1C, 0x00, 0x01, 0xC0, 0x01, 0xF0, 0x00, 0xF8, 0x00, 0xFC, 0x00, 0x77,
    0x00, 0x73, 0x80, 0x39, 0xE0, 0x3C, 0x70, 0x1C, 0x3C, 0x0E, 0x0E, 0x0F, 0x07, 0x07, 0xFF, 0xC3,
    0xFF, 0xE3, 0x80, 0x71, 0xC0, 0x3D, 0xE0, 0x0E, 0xE0, 0x07, 0x80, 0xFF, 0xE7, 0xFF, 0x38, 0x01,
    0xC0, 0x0E, 0x00, 0x70, 0x03, 0xFF, 0x1F, 0xFC, 0xE3, 0xF7, 0x03, 0xF8, 0x1F, 0xC0, 0x7E, 0x07,
    0xF0, 0x3B, 0x87, 0xDF, 0xFC, 0xFF, 0xC0, 0xFF, 0xC7, 0xFF, 0x38, 0xFD, 0xC0, 0xEE, 0x07, 0x70,
    0x3B, 0x87, 0xDF, 0xFC, 0xFF, 0xF7, 0x0F, 0xB8, 0x1F, 0xC0, 0x7E, 0x03, 0xF0, 0x3F, 0x87, 0xDF,
    0xFE, 0xFF, 0xC0, 0xFF, 0xFF, 0xFF, 0x80, 0x70, 0x0E, 0x01, 0xC0, 0x38, 0x07, 0x00, 0xE0, 0x1C,
    0x03, 0x80, 0x70, 0x0E, 0x01, 0xC0, 0x38, 0x07, 0x00, 0xE0, 0x00, 0x07, 0xFF, 0x01, 0xFF, 0xC0,
    0x70, 0x70, 0x1C, 0x1C, 0x07, 0x07, 0x01, 0xC1, 0xC0, 0x70, 0x70, 0x1C, 0x1C, 0x07, 0x07, 0x01,
    0xC1, 0xC0, 0xE0, 0x70, 0x38, 0x1C, 0x1E, 0x07, 0x07, 0x01, 0xC3, 0xC0, 0x73, 0xFF, 0xFF, 0xFF,
    0xFF, 0xF8, 0x00, 0x7E, 0x00, 0x1F, 0x80, 0x07, 0xE0, 0x01, 0xF8, 0x00, 0x70, 0xFF, 0xEF, 0xFE,
    0xE0, 0x0E, 0x00, 0xE0, 0x0E, 0x00, 0xE0, 0x0F, 0xFC, 0xFF, 0xCE, 0x00, 0xE0, 0x0E, 0x00, 0xE0,
    0x0E, 0x00, 0xE0, 0x0F, 0xFF, 0xFF, 0xF0, 0x78, 0x38, 0x3C, 0x78, 0x70, 0xF0, 0x70, 0xE3, 0xC0,
    0x71, 0xCF, 0x00, 0xF3, 0xBC, 0x00, 0xF7, 0xF0, 0x00, 0xFF, 0xC0, 0x00, 0xFF, 0x80, 0x03, 0xFF,
    0x00, 0x0F, 0x77, 0x00, 0x1C, 0xE7, 0x00, 0x71, 0xCF, 0x01, 0xC3, 0x8F, 0x07, 0x87, 0x0E, 0x0E,
    0x0E, 0x1E, 0x3C, 0x1C, 0x1E, 0xF0, 0x38, 0x1C, 0x3F, 0xC1, 0xFF, 0xC3, 0x9F, 0x00, 0x1E, 0x00,
    0x78, 0x01, 0xC0, 0x1F, 0x07, 0xF8, 0x1F, 0xF0, 0x07, 0xE0, 0x03, 0x80, 0x0E, 0x00, 0x38, 0x00,
    0xE7, 0x9F, 0x9F, 0xFC, 0x3F, 0xE0, 0xE0, 0x1D, 0xC0, 0x7B, 0x81, 0xF7, 0x03, 0xEE, 0x0F, 0xDC,
    0x3F, 0xB8, 0xF7, 0x71, 0xCE, 0xE7, 0x1D, 0xDE, 0x3B, 0xF8, 0x77, 0xE0, 0xEF, 0xC1, 0xDF, 0x03,
    0xBC, 0x07, 0x78, 0x0E, 0xE0, 0x1C, 0x1C, 0x60, 0x3D, 0xC0, 0x3F, 0x00, 0x3E, 0x00, 0x00, 0x00,
    0x00, 0x38, 0x07, 0x70, 0x1E, 0xE0, 0x7D, 0xC0, 0xFB, 0x83, 0xF7, 0x0F, 0xEE, 0x3D, 0xDC, 0x73,
    0xB9, 0xC7, 0x77, 0x8E, 0xFE, 0x1D, 0xF8, 0x3B, 0xF0, 0x77, 0xC0, 0xEF, 0x01, 0xDE, 0x03, 0xB8,
    0x07, 0x00, 0xE0, 0x7B, 0x83, 0xCE, 0x1E, 0x38, 0xF0, 0xE7, 0x83, 0xBC, 0x0F, 0xE0, 0x3F, 0x00,
    0xFE, 0x03, 0xFC, 0x0E, 0xF8, 0x39, 0xF0, 0xE3, 0xE3, 0x87, 0xCE, 0x0F, 0x38, 0x1E, 0xE0, 0x3C,
    0x07, 0xFF, 0x07, 0xFF, 0x07, 0x07, 0x07, 0x07, 0x07, 0x07, 0x07, 0x07, 0x07, 0x07, 0x07, 0x07,
    0x07, 0x07, 0x07, 0x07, 0x0F, 0x07, 0x0E, 0x07, 0x0E, 0x07, 0x1E, 0x07, 0x7C, 0x07, 0xF8, 0x07,
    0xF0, 0x07, 0x38, 0x01, 0xC7, 0x80, 0x1C, 0x7C, 0x03, 0xC7, 0xC0, 0x3E, 0x7E, 0x06, 0xE7, 0x60,
    0x6E, 0x77, 0x0C, 0xE7, 0x30, 0xCE, 0x73, 0x1C, 0xE7, 0x39, 0x8E, 0x71, 0x98, 0xE7, 0x1F, 0x8E,
    0x70, 0xF0, 0xEF, 0x0F, 0x0E, 0xF0, 0xE0, 0xEE, 0x00, 0x0E, 0xE0, 0x00, 0xE0, 0xE0, 0x1F, 0x80,
    0x7E, 0x01, 0xF8, 0x07, 0xE0, 0x1F, 0x80, 0x7E, 0x01, 0xFF, 0xFF, 0xFF, 0xFF, 0x80, 0x7E, 0x01,
    0xF8, 0x07, 0xE0, 0x1F, 0x80, 0x7E, 0x01, 0xF8, 0x07, 0xE0, 0x1C, 0x07, 0xF8, 0x0F, 0xFE, 0x0F,
    0xCF, 0x8F, 0x01, 0xE7, 0x00, 0x7B, 0x80, 0x3F, 0xC0, 0x0F, 0xC0, 0x07, 0xE0, 0x03, 0xF0, 0x01,
    0xFC, 0x00, 0xEE, 0x00, 0xF7, 0x00, 0x7B, 0xC0, 0x78, 0xFC, 0xF8, 0x3F, 0xF8, 0x07, 0xF8, 0x00,
    0xFF, 0xFF, 0xFF, 0xFE, 0x01, 0xF8, 0x07, 0xE0, 0x1F, 0x80, 0x7E, 0x01, 0xF8, 0x07, 0xE0, 0x1F,
    0x80, 0x7E, 0x01, 0xF8, 0x07, 0xE0, 0x1F, 0x80, 0x7E, 0x01, 0xF8, 0x07, 0xE0, 0x1C, 0xFF, 0x87,
    0xFF, 0x38, 0xFD, 0xC0, 0xEE, 0x07, 0xF0, 0x3F, 0x81, 0xFC, 0x0E, 0xE3, 0xF7, 0xFF, 0x3F, 0xF1,
    0xC0, 0x0E, 0x00, 0x70, 0x03, 0x80, 0x1C, 0x00, 0xE0, 0x00, 0x07, 0xF8, 0x7F, 0xF3, 0xF3, 0xDE,
    0x00, 0x78, 0x01, 0xC0, 0x0F, 0x00, 0x38, 0x00, 0xE0, 0x03, 0x80, 0x0F, 0x00, 0x3C, 0x00, 0x70,
    0x01, 0xE0, 0x03, 0xF1, 0xC7, 0xFF, 0x07, 0xF8, 0xFF, 0xFF, 0xFF, 0xF0, 0x78, 0x01, 0xE0, 0x07,
    0x80, 0x1E, 0x00, 0x78, 0x01, 0xE0, 0x07, 0x80, 0x1E, 0x00, 0x78, 0x01, 0xE0, 0x07, 0x80, 0x1E,
    0x00, 0x78, 0x01, 0xE0, 0x07, 0x80, 0xF0, 0x1E, 0xE0, 0x39, 0xE0, 0x71, 0xC1, 0xE3, 0xC3, 0x83,
    0x87, 0x07, 0x9C, 0x07, 0x38, 0x0F, 0xF0, 0x0F, 0xC0, 0x0F, 0x80, 0x1E, 0x00, 0x1C, 0x00, 0x70,
    0x13, 0xE0, 0x3F, 0x80, 0x7E, 0x00, 0x00, 0xE0, 0x00, 0x0E, 0x00, 0x07, 0xFE, 0x01, 0xFF, 0xF8,
    0x3E, 0xEF, 0xC7, 0x8E, 0x1E, 0x70, 0xE0, 0xEF, 0x0E, 0x0E, 0xE0, 0xE0, 0xFE, 0x0E, 0x0F, 0xF0,
    0xE0, 0xE7, 0x0E, 0x0E, 0x78, 0xE1, 0xE3, 0xEE, 0xFC, 0x1F, 0xFF, 0x80, 0xFF, 0xE0, 0x00, 0xE0,
    0x00, 0x0E, 0x00, 0x70, 0x1E, 0x78, 0x1C, 0x3C, 0x3C, 0x1C, 0x78, 0x1E, 0x70, 0x0F, 0xF0, 0x07,
    0xE0, 0x03, 0xC0, 0x03, 0xC0, 0x07, 0xE0, 0x0F, 0xE0, 0x0E, 0xF0, 0x1E, 0x78, 0x3C, 0x3C, 0x38,
    0x1C, 0x78, 0x1E, 0xF0, 0x0E, 0xE0, 0x1C, 0xE0, 0x1C, 0xE0, 0x1C, 0xE0, 0x1C, 0xE0, 0x1C, 0xE0,
    0x1C, 0xE0, 0x1C, 0xE0, 0x1C, 0xE0, 0x1C, 0xE0, 0x1C, 0xE0, 0x1C, 0xE0, 0x1C, 0xE0, 0x1C, 0xE0,
    0x1C, 0xE0, 0x1C, 0xFF, 0xFF, 0xFF, 0xFF, 0x00, 0x07, 0x00, 0x07, 0x00, 0x07, 0x00, 0x07, 0x00,
    0x07, 0xE0, 0x3F, 0x01, 0xF8, 0x0F, 0xC0, 0x7E, 0x03, 0xF0, 0x1F, 0x80, 0xFE, 0x07, 0x78, 0x7B,
    0xFF, 0xC7, 0xFE, 0x00, 0x70, 0x03, 0x80, 0x1C, 0x00, 0xE0, 0x07, 0x00, 0x38, 0xE0, 0x70, 0x3F,
    0x03, 0x81, 0xF8, 0x1C, 0x0F, 0xC0, 0xE0, 0x7E, 0x07, 0x03, 0xF0, 0x38, 0x1F, 0x81, 0xC0, 0xFC,
    0x0E, 0x07, 0xE0, 0x70, 0x3F, 0x03, 0x81, 0xF8, 0x1C, 0x0F, 0xC0, 0xE0, 0x7E, 0x07, 0x03, 0xF0,
    0x38, 0x1F, 0x81, 0xC0, 0xFF, 0xFF, 0xFF, 0xFF, 0xFF, 0xF8, 0xE0, 0x70, 0x39, 0xC0, 0xE0, 0x73,
    0x81, 0xC0, 0xE7, 0x03, 0x81, 0xCE, 0x07, 0x03, 0x9C, 0x0E, 0x07, 0x38, 0x1C, 0x0E, 0x70, 0x38,
    0x1C, 0xE0, 0x70, 0x39, 0xC0, 0xE0, 0x73, 0x81, 0xC0, 0xE7, 0x03, 0x81, 0xCE, 0x07, 0x03, 0x9C,
    0x0E, 0x07, 0x38, 0x1C, 0x0E, 0x7F, 0xFF, 0xFF, 0xFF, 0xFF, 0xFE, 0x00, 0x00, 0x1C, 0x00, 0x00,
    0x38, 0x00, 0x00, 0x70, 0x00, 0x00, 0xE0, 0x00, 0x01, 0xC0, 0xFF, 0x00, 0x3F, 0xC0, 0x00, 0x70,
    0x00, 0x1C, 0x00, 0x07, 0x00, 0x01, 0xC0, 0x00, 0x7F, 0xC0, 0x1F, 0xFC, 0x07, 0x1F, 0x81, 0xC0,
    0xE0, 0x70, 0x38, 0x1C, 0x0F, 0x07, 0x03, 0x81, 0xC0, 0xE0, 0x71, 0xF8, 0x1F, 0xFC, 0x07, 0xFC,
    0x00, 0xE0, 0x03, 0xF8, 0x00, 0xFE, 0x00, 0x3F, 0x80, 0x0F, 0xE0, 0x03, 0xF8, 0x00, 0xFF, 0xF8,
    0x3F, 0xFF, 0x8F, 0xE3, 0xF3, 0xF8, 0x1C, 0xFE, 0x07, 0x3F, 0x81, 0xEF, 0xE0, 0x73, 0xF8, 0x1C,
    0xFE, 0x3F, 0x3F, 0xFF, 0x8F, 0xFF, 0x83, 0xC0, 0xE0, 0x07, 0x00, 0x38, 0x01, 0xC0, 0x0E, 0x00,
    0x70, 0x03, 0xFF, 0x1F, 0xFC, 0xE3, 0xF7, 0x03, 0xB8, 0x1F, 0xC0, 0x7E, 0x07, 0xF0, 0x3B, 0x87,
    0xDF, 0xFC, 0xFF, 0xC0, 0x7F, 0xC1, 0xFF, 0xC1, 0xC7, 0xC0, 0x03, 0xC0, 0x03, 0xC0, 0x03, 0x80,
    0x07, 0x0F, 0xFE, 0x1F, 0xFC, 0x00, 0x38, 0x00, 0x70, 0x00, 0xE0, 0x03, 0xC0, 0x0F, 0x1C, 0x7C,
    0x7F, 0xF0, 0x7F, 0xC0, 0xE0, 0x1F, 0xC1, 0xC0, 0xFF, 0xE3, 0x83, 0xE7, 0xE7, 0x0F, 0x01, 0xCE,
    0x1C, 0x03, 0xDC, 0x78, 0x03, 0xB8, 0xF0, 0x07, 0x7F, 0xC0, 0x0F, 0xFF, 0x80, 0x1F, 0xC7, 0x00,
    0x3F, 0x8F, 0x00, 0x77, 0x0E, 0x00, 0xEE, 0x1C, 0x03, 0xDC, 0x3C, 0x07, 0x38, 0x3E, 0x7E, 0x70,
    0x3F, 0xF8, 0xE0, 0x1F, 0xC0, 0x0F, 0xFC, 0x7F, 0xF3, 0xE1, 0xDE, 0x07, 0x70, 0x1D, 0xC0, 0x77,
    0x81, 0xCF, 0x87, 0x3F, 0xFC, 0x3F, 0xF0, 0xE1, 0xC7, 0x87, 0x1C, 0x1C, 0xF0, 0x73, 0x81, 0xDE,
    0x07, 0x70, 0x1C, 0x7F, 0x8F, 0xF9, 0x8F, 0x00, 0xE0, 0x0E, 0x7F, 0xDF, 0xFF, 0xCF, 0xE0, 0xFC,
    0x1F, 0xC7, 0xFF, 0xF3, 0xFC, 0x03, 0xF0, 0x7F, 0x87, 0xF8, 0x78, 0x07, 0x80, 0x38, 0x01, 0xFF,
    0x1F, 0xFC, 0xFD, 0xF7, 0x83, 0xF8, 0x0F, 0xC0, 0x7E, 0x03, 0xF8, 0x1D, 0xC1, 0xEE, 0x0E, 0x7C,
    0xF1, 0xFF, 0x07, 0xF0, 0xFF, 0x9F, 0xFB, 0x8F, 0x70, 0xEE, 0x3D, 0xFF, 0x3F, 0xF7, 0x1F, 0xE0,
    0xFC, 0x1F, 0x8F, 0xFF, 0xEF, 0xF8, 0xFF, 0x7F, 0xB8, 0x1C, 0x0E, 0x07, 0x03, 0x81, 0xC0, 0xE0,
    0x70, 0x38, 0x1C, 0x0E, 0x00, 0x0F, 0xF8, 0x1F, 0xF0, 0x38, 0xE0, 0x71, 0xC0, 0xE3, 0x81, 0x87,
    0x07, 0x0E, 0x0E, 0x1C, 0x1C, 0x38, 0x70, 0x70, 0xE0, 0xE7, 0xFF, 0xFF, 0xFF, 0xFC, 0x01, 0xF8,
    0x03, 0xF0, 0x07, 0xE0, 0x0E, 0x1F, 0x83, 0xFE, 0x79, 0xEF, 0x0F, 0xE0, 0x7F, 0xFF, 0xFF, 0xFE,
    0x00, 0xE0, 0x0F, 0x00, 0x7C, 0x63, 0xFE, 0x1F, 0xE0, 0x78, 0xE1, 0xC7, 0x1C, 0x70, 0x73, 0x9C,
    0x07, 0x77, 0x00, 0x7F, 0xC0, 0x07, 0xF8, 0x01, 0xFF, 0x00, 0x77, 0x70, 0x1C, 0xE7, 0x07, 0x9C,
    0xF0, 0xE3, 0x8F, 0x38, 0x70, 0xEF, 0x0E, 0x1E, 0xFF, 0x3F, 0xEE, 0x7C, 0x07, 0x03, 0xCF, 0xE3,
    0xF8, 0x0F, 0x01, 0xC0, 0x7E, 0x3F, 0xFF, 0xFF, 0x00, 0xE0, 0xFC, 0x3F, 0x8F, 0xF1, 0xFE, 0x7F,
    0xDD, 0xFB, 0xBF, 0xE7, 0xF8, 0xFF, 0x1F, 0xC3, 0xF0, 0x7E, 0x0E, 0x71, 0x87, 0x70, 0xFE, 0x0F,
    0x80, 0x00, 0x00, 0x38, 0x3F, 0x0F, 0xE3, 0xFC, 0x7F, 0x9F, 0xF7, 0x7E, 0xEF, 0xF9, 0xFE, 0x3F,
    0xC7, 0xF0, 0xFC, 0x1F, 0x83, 0x80, 0xE1, 0xEE, 0x3C, 0xE7, 0x8E, 0xF0, 0xFE, 0x0F, 0xC0, 0xFC,
    0x0F, 0xE0, 0xEF, 0x0E, 0x78, 0xE3, 0xCE, 0x1C, 0xE0, 0xE0, 0x0F, 0xF8, 0x7F, 0xC3, 0x8E, 0x1C,
    0x70, 0xE3, 0x87, 0x1C, 0x38, 0xE3, 0x87, 0x1C, 0x39, 0xE1, 0xDE, 0x0F, 0xF0, 0x7E, 0x03, 0x80,
    0x70, 0x0E, 0x78, 0x1E, 0x78, 0x1E, 0x7C, 0x3E, 0x7C, 0x36, 0x76, 0x77, 0x76, 0x67, 0x67, 0xE7,
    0x63, 0xC7, 0xE3, 0xC7, 0xE1, 0xC7, 0xE0, 0x07, 0xE0, 0x07, 0xE0, 0xFC, 0x1F, 0x83, 0xF0, 0x7E,
    0x0F, 0xFF, 0xFF, 0xFF, 0x07, 0xE0, 0xFC, 0x1F, 0x83, 0xF0, 0x7E, 0x0E, 0x1F, 0xC1, 0xFF, 0x1E,
    0x7C, 0xE0, 0xEE, 0x07, 0xF0, 0x1F, 0x80, 0xFC, 0x07, 0xE0, 0x7B, 0x83, 0x9E, 0x7C, 0x7F, 0xC1,
    0xFC, 0x00, 0xFF, 0xFF, 0xFF, 0x83, 0xF0, 0x7E, 0x0F, 0xC1, 0xF8, 0x3F, 0x07, 0xE0, 0xFC, 0x1F,
    0x83, 0xF0, 0x7E, 0x0E, 0xFF, 0x8F, 0xFC, 0xE3, 0xEE, 0x0E, 0xE0, 0xFE, 0x07, 0xE0, 0x7E, 0x07,
    0xE0, 0xFE, 0x0E, 0xF3, 0xEF, 0xFC, 0xFF, 0x8E, 0x00, 0xE0, 0x0E, 0x00, 0xE0, 0x0E, 0x00, 0x1F,
    0xC7, 0xF9, 0xF3, 0x38, 0x0E, 0x01, 0xC0, 0x38, 0x07, 0x00, 0xE0, 0x1E, 0x01, 0xF3, 0x1F, 0xE1,
    0xFC, 0xFF, 0xFF, 0xFF, 0x0E, 0x00, 0xE0, 0x0E, 0x00, 0xE0, 0x0E, 0x00, 0xE0, 0x0E, 0x00, 0xE0,
    0x0E, 0x00, 0xE0, 0x0E, 0x00, 0xE0, 0x7F, 0x07, 0x70, 0x77, 0x0E, 0x78, 0xE3, 0x8E, 0x38, 0xC1,
    0xDC, 0x1D, 0xC1, 0xF8, 0x0F, 0x80, 0xF8, 0x07, 0x00, 0x70, 0x07, 0x09, 0xE0, 0xFC, 0x0F, 0x80,
    0x01, 0xC0, 0x00, 0xE0, 0x00, 0x70, 0x00, 0x38, 0x00, 0x1C, 0x00, 0x0E, 0x00, 0x3F, 0xE0, 0x7F,
    0xFC, 0x7D, 0xDF, 0x38, 0xE3, 0xF8, 0x70, 0xFC, 0x38, 0x7E, 0x1C, 0x3F, 0x0E, 0x1F, 0x87, 0x0E,
    0xE3, 0x8F, 0x7D, 0xDF, 0x1F, 0xFF, 0x03, 0xFE, 0x00, 0x38, 0x00, 0x1C, 0x00, 0x0E, 0x00, 0x07,
    0x00, 0x03, 0x80, 0x70, 0x73, 0xC7, 0x0E, 0x78, 0x3B, 0x81, 0xF8, 0x07, 0x80, 0x3C, 0x01, 0xF0,
    0x1F, 0xC1, 0xEF, 0x0E, 0x38, 0xE1, 0xEF, 0x07, 0x00, 0xE0, 0xE7, 0x07, 0x38, 0x39, 0xC1, 0xCE,
    0x0E, 0x70, 0x73, 0x83, 0x9C, 0x1C, 0xE0, 0xE7, 0x07, 0x38, 0x39, 0xFF, 0xFF, 0xFF, 0x80, 0x1C,
    0x00, 0xE0, 0x07, 0x00, 0x38, 0xE0, 0xFC, 0x1F, 0x83, 0xF0, 0x7E, 0x0F, 0xE3, 0xDF, 0xF9, 0xFF,
    0x00, 0xE0, 0x1C, 0x03, 0x80, 0x70, 0x0E, 0xE1, 0xC3, 0xF0, 0xE1, 0xF8, 0x70, 0xFC, 0x38, 0x7E,
    0x1C, 0x3F, 0x0E, 0x1F, 0x87, 0x0F, 0xC3, 0x87, 0xE1, 0xC3, 0xF0, 0xE1, 0xF8, 0x70, 0xFF, 0xFF,
    0xFF, 0xFF, 0xF8, 0xE1, 0xC3, 0x9C, 0x38, 0x73, 0x87, 0x0E, 0x70, 0xE1, 0xCE, 0x1C, 0x39, 0xC3,
    0x87, 0x38, 0x70, 0xE7, 0x0E, 0x1C, 0xE1, 0xC3, 0x9C, 0x38, 0x73, 0x87, 0x0E, 0x7F, 0xFF, 0xFF,
    0xFF, 0xFE, 0x00, 0x01, 0xC0, 0x00, 0x38, 0x00, 0x07, 0x00, 0x00, 0xE0, 0xFC, 0x01, 0xF8, 0x00,
    0x70, 0x00, 0xE0, 0x01, 0xFF, 0x03, 0xFF, 0x87, 0x8F, 0x0E, 0x0E, 0x1C, 0x1E, 0x38, 0x38, 0x78,
    0xF0, 0xFF, 0xE0, 0xFF, 0x00, 0xE0, 0x0F, 0xC0, 0x1F, 0x80, 0x3F, 0x00, 0x7E, 0x00, 0xFF, 0xF1,
    0xFF, 0xF3, 0xF1, 0xE7, 0xE1, 0xEF, 0xC3, 0xDF, 0x8F, 0x3F, 0xFE, 0x7F, 0xF8, 0xE0, 0xE0, 0x1C,
    0x03, 0x80, 0x70, 0x0F, 0xF9, 0xFF, 0xB8, 0xF7, 0x0F, 0xE0, 0xFC, 0x3F, 0x8F, 0x7F, 0xEF, 0xF8,
    0x7F, 0x07, 0xFC, 0x63, 0xC0, 0x0E, 0x00, 0xE1, 0xFE, 0x1F, 0xF0, 0x0E, 0x00, 0xE0, 0x1E, 0x63,
    0xE7, 0xFC, 0x7F, 0x00, 0xE0, 0xFC, 0x71, 0xFF, 0x38, 0xF3, 0xDC, 0xF0, 0xFE, 0x70, 0x3F, 0xF8,
    0x1F, 0xFC, 0x0F, 0xCE, 0x07, 0xE7, 0x03, 0xF3, 0xC3, 0xF8, 0xF3, 0xDC, 0x3F, 0xCE, 0x0F, 0xC0,
    0x1F, 0xF3, 0xFF, 0x3C, 0x77, 0x07, 0x70, 0x77, 0xC7, 0x3F, 0xF1, 0xFF, 0x1C, 0x73, 0x87, 0x38,
    0x77, 0x07, 0x70, 0x70, 0x1C, 0x01, 0xC0, 0x0E, 0x00, 0x70, 0x03, 0x00, 0x00, 0x00, 0x01, 0xF8,
    0x3F, 0xE7, 0x9E, 0xF0, 0xFE, 0x07, 0xFF, 0xFF, 0xFF, 0xE0, 0x0E, 0x00, 0xF0, 0x07, 0xC6, 0x3F,
    0xE1, 0xFE, 0x39, 0xC3, 0xDC, 0x39, 0xC0, 0x00, 0x00, 0x01, 0xF8, 0x3F, 0xE7, 0x9E, 0xF0, 0xFE,
    0x07, 0xFF, 0xFF, 0xFF, 0xE0, 0x0E, 0x00, 0xF0, 0x07, 0xC6, 0x3F, 0xE1, 0xFE, 0x38, 0x01, 0xC0,
    0x3F, 0xE1, 0xFF, 0x03, 0x80, 0x1C, 0x00, 0xFF, 0x87, 0xFE, 0x3C, 0xF1, 0xC3, 0xCE, 0x0E, 0x70,
    0x73, 0x83, 0x9C, 0x1C, 0xE0, 0xE7, 0x07, 0x38, 0x39, 0xC1, 0xCE, 0x0E, 0x00, 0x70, 0x03, 0x80,
    0x3C, 0x07, 0xC0, 0x3E, 0x07, 0x03, 0x83, 0x83, 0x81, 0x80, 0x00, 0x01, 0xFE, 0xFF, 0x70, 0x38,
    0x1C, 0x0E, 0x07, 0x03, 0x81, 0xC0, 0xE0, 0x70, 0x38, 0x1C, 0x00, 0x1F, 0xC7, 0xF9, 0xF3, 0x38,
    0x0E, 0x01, 0xFE, 0x3F, 0xC7, 0x00, 0xE0, 0x1E, 0x01, 0xF3, 0x9F, 0xF1, 0xFE, 0x3F, 0xBF, 0xEF,
    0x33, 0x80, 0xF0, 0x3F, 0x03, 0xF0, 0x3E, 0x03, 0x80, 0xFE, 0x7B, 0xFE, 0xFF, 0x00, 0xFF, 0x00,
    0x07, 0x77, 0x77, 0x77, 0x77, 0x77, 0x77, 0xE7, 0x7B, 0xB9, 0xC0, 0x00, 0x00, 0xE0, 0x70, 0x38,
    0x1C, 0x0E, 0x07, 0x03, 0x81, 0xC0, 0xE0, 0x70, 0x38, 0x1C, 0x0E, 0x00, 0x1E, 0x3C, 0x00, 0x00,
    0x01, 0xC3, 0x87, 0x0E, 0x1C, 0x38, 0x70, 0xE1, 0xC3, 0x87, 0x0E, 0x1C, 0x38, 0xF3, 0xDF, 0xBE,
    0x00, 0x0F, 0xF8, 0x00, 0x7F, 0xC0, 0x03, 0x8E, 0x00, 0x1C, 0x70, 0x00, 0xE3, 0x80, 0x07, 0x1F,
    0xF0, 0x38, 0xFF, 0xC3, 0x87, 0x9F, 0x1C, 0x38, 0x39, 0xE1, 0xC1, 0xDE, 0x0E, 0x1F, 0xF0, 0x7F,
    0xEE, 0x03, 0xFE, 0x00, 0xE0, 0xE0, 0x1C, 0x1C, 0x03, 0x83, 0x80, 0x70, 0x70, 0x0E, 0x0E, 0x01,
    0xC1, 0xFF, 0x3F, 0xFF, 0xF7, 0xFF, 0x1F, 0xE0, 0xE0, 0xFC, 0x1C, 0x1F, 0x83, 0x8F, 0xF0, 0x7F,
    0xEE, 0x0F, 0xF8, 0x38, 0x01, 0xC0, 0x3F, 0xE1, 0xFF, 0x03, 0x80, 0x1C, 0x00, 0xFF, 0x87, 0xFE,
    0x3C, 0xF1, 0xC3, 0xCE, 0x0E, 0x70, 0x73, 0x83, 0x9C, 0x1C, 0xE0, 0xE7, 0x07, 0x38, 0x39, 0xC1,
    0xCE, 0x0E, 0x03, 0x00, 0x70, 0x0E, 0x01, 0xC0, 0x1C, 0x00, 0x00, 0x00, 0x0E, 0x1E, 0xE3, 0xCE,
    0x78, 0xEF, 0x0F, 0xE0, 0xFC, 0x0F, 0xC0, 0xFE, 0x0E, 0xF0, 0xE7, 0x8E, 0x3C, 0xE1, 0xCE, 0x0E,
    0x18, 0x07, 0x80, 0x70, 0x07, 0x00, 0x60, 0x00, 0x00, 0x07, 0x07, 0xE1, 0xFC, 0x7F, 0x8F, 0xF3,
    0xFE, 0xEF, 0xDD, 0xFF, 0x3F, 0xC7, 0xF8, 0xFE, 0x1F, 0x83, 0xF0, 0x70, 0x18, 0xE1, 0xDC, 0x1F,
    0xC0, 0xF8, 0x00, 0x00, 0x00, 0xE0, 0x7F, 0x07, 0x70, 0x77, 0x0E, 0x78, 0xE3, 0x8E, 0x38, 0xC1,
    0xDC, 0x1D, 0xC1, 0xF8, 0x0F, 0x80, 0xF8, 0x07, 0x00, 0x70, 0x07, 0x09, 0xE0, 0xFC, 0x0F, 0x80,
    0xE0, 0xFC, 0x1F, 0x83, 0xF0, 0x7E, 0x0F, 0xC1, 0xF8, 0x3F, 0x07, 0xE0, 0xFC, 0x1F, 0x83, 0xFF,
    0xFF, 0xFE, 0x1C, 0x03, 0x80, 0x70, 0x0E, 0x00, 0x07, 0x00, 0x01, 0xC0, 0x0F, 0xFF, 0x83, 0xFF,
    0xE0, 0x07, 0x00, 0x01, 0xC0, 0x00, 0x70, 0x00, 0x1F, 0xF0, 0x07, 0xFF, 0x01, 0xC7, 0xE0, 0x70,
    0x38, 0x1C, 0x0E, 0x07, 0x03, 0xC1, 0xC0, 0xE0, 0x70, 0x38, 0x1C, 0x7E, 0x07, 0xFF, 0x01, 0xFF,
    0x00, 0x1C, 0x00, 0x38, 0x00, 0x70, 0x00, 0xE0, 0x01, 0xC0, 0x03, 0x80, 0x3F, 0xF8, 0x7F, 0xF0,
    0x1C, 0x00, 0x38, 0x00, 0x7F, 0xC0, 0xFF, 0xE1, 0xE3, 0xC3, 0x83, 0x87, 0x07, 0x8E, 0x0E, 0x1E,
    0x3C, 0x3F, 0xF8, 0x3F, 0xC0, 0x07, 0xF8, 0x0F, 0xFE, 0x0F, 0xCF, 0x8F, 0x01, 0xE7, 0x80, 0x7B,
    0x80, 0x3F, 0xC0, 0x0F, 0xFF, 0x07, 0xFF, 0xE7, 0xFC, 0xFF, 0xFC, 0x1F, 0xEE, 0x00, 0x77, 0x00,
    0x7B, 0xC0, 0x78, 0xF8, 0xF8, 0x3F, 0xF8, 0x07, 0xF8, 0x00, 0x1F, 0xC1, 0xFF, 0x1E, 0x7C, 0xE0,
    0xEF, 0xE7, 0xFF, 0xBF, 0xDF, 0xFC, 0x7F, 0xE0, 0x7B, 0x83, 0x9E, 0x7C, 0x7F, 0xC1, 0xFC, 0x00,
    0xE0, 0x03, 0xEF, 0x00, 0x7E, 0x70, 0x0F, 0x67, 0x80, 0xE0, 0x78, 0x0E, 0x03, 0x81, 0xC0, 0x3C,
    0x1C, 0x01, 0xC3, 0xC0, 0x1C, 0x38, 0x01, 0xE3, 0x80, 0x0E, 0x70, 0x00, 0xF7, 0x00, 0x07, 0xF0,
    0x00, 0x7E, 0x00, 0x03, 0xE0, 0x00, 0x3C, 0x00, 0x03, 0xC0, 0x00, 0xE0, 0x3D, 0xE0, 0xF9, 0xC1,
    0xC3, 0x87, 0x07, 0x8E, 0x07, 0x1C, 0x0E, 0x70, 0x0E, 0xE0, 0x1F, 0x80, 0x3F, 0x00, 0x3E, 0x00,
    0x78, 0x00, 0x70, 0x00, 0x1C, 0x60, 0x0F, 0x70, 0x03, 0xF0, 0x00, 0xF8, 0x00, 0x00, 0x00, 0x00,
    0x03, 0x80, 0x71, 0xC0, 0x78, 0xE0, 0x7C, 0x70, 0x3E, 0x38, 0x3F, 0x1C, 0x3F, 0x8E, 0x3D, 0xC7,
    0x1C, 0xE3, 0x9C, 0x71, 0xDE, 0x38, 0xFE, 0x1C, 0x7E, 0x0E, 0x3F, 0x07, 0x1F, 0x03, 0x8F, 0x01,
    0xC7, 0x80, 0xFF, 0x80, 0x7E, 0x00, 0x0E, 0x00, 0x07, 0x00, 0x07, 0x00, 0x03, 0x80, 0x01, 0x80,
    0x71, 0x80, 0xEE, 0x03, 0xF8, 0x07, 0xC0, 0x00, 0x00, 0x00, 0x0E, 0x0E, 0x38, 0x78, 0xE3, 0xE3,
    0x8F, 0x8E, 0x7E, 0x3B, 0xB8, 0xEE, 0xE3, 0xF3, 0x8F, 0x8E, 0x3E, 0x38, 0xF0, 0xE3, 0x83, 0xEE,
    0x0F, 0x80, 0x0E, 0x00, 0x38, 0x01, 0xE0, 0x07, 0x00, 0x18, 0x38, 0x00, 0x70, 0x03, 0xFE, 0x07,
    0xFC, 0x03, 0x80, 0x07, 0x00, 0x0E, 0x00, 0x1F, 0xF8, 0x3F, 0xF8, 0x71, 0xF8, 0xE0, 0x79, 0xC0,
    0x73, 0x80, 0xE7, 0x01, 0xCE, 0x07, 0x9C, 0x3E, 0x3F, 0xF8, 0x7F, 0xE0, 0x38, 0x07, 0xFC, 0x3F,
    0xE0, 0x70, 0x03, 0x80, 0x1F, 0xF0, 0xFF, 0xC7, 0x1F, 0x38, 0x39, 0xC1, 0xCE, 0x3E, 0x7F, 0xE3,
    0xFE, 0x00, 0xFF, 0x87, 0xFF, 0x38, 0xFD, 0xC0, 0xEE, 0x07, 0xF0, 0x3F, 0x99, 0xFC, 0xEE, 0xE7,
    0xF7, 0xFF, 0x3F, 0xF1, 0xC3, 0x8E, 0x0E, 0x70, 0x63, 0x80, 0x1C, 0x00, 0xE0, 0x00, 0xFF, 0x8F,
    0xFC, 0xE3, 0xEE, 0x0E, 0xE0, 0xFE, 0x07, 0xE0, 0x7E, 0x67, 0xE6, 0xFE, 0x7E, 0xF3, 0xEF, 0xFC,
    0xFF, 0xCE, 0x1C, 0xE0, 0xCE, 0x00, 0xE0, 0x0E, 0x00, 0x00, 0xE0, 0x1C, 0x03, 0xFF, 0xFF, 0xFF,
    0xC0, 0x38, 0x07, 0x00, 0xE0, 0x1C, 0x03, 0x80, 0x70, 0x0E, 0x01, 0xC0, 0x38, 0x07, 0x00, 0xE0,
    0x1C, 0x03, 0x80, 0x70, 0x00, 0x03, 0x81, 0xC0, 0xFF, 0xFF, 0xFF, 0x03, 0x81, 0xC0, 0xE0, 0x70,
    0x38, 0x1C, 0x0E, 0x07, 0x03, 0x81, 0xC0, 0x3F, 0xF9, 0xFF, 0xCE, 0x00, 0x70, 0x03, 0x80, 0x1C,
    0x00, 0xE0, 0x1F, 0xF0, 0xFF, 0x81, 0xC0, 0x0E, 0x00, 0x70, 0x03, 0x80, 0x1C, 0x00, 0xE0, 0x07,
    0x00, 0x38, 0x00, 0x3F, 0xE7, 0xFC, 0xE0, 0x1C, 0x03, 0x80, 0x70, 0x3F, 0xE7, 0xFC, 0x38, 0x07,
    0x00, 0xE0, 0x1C, 0x03, 0x80, 0xFF, 0xE7, 0xFF, 0x38, 0x01, 0xC0, 0x0E, 0x00, 0x70, 0x03, 0xFE,
    0x1F, 0xFC, 0xF1, 0xF7, 0x07, 0xB8, 0x1F, 0xC0, 0xFE, 0x03, 0xF0, 0x1F, 0x80, 0xFC, 0x07, 0xE0,
    0x78, 0x03, 0x80, 0x3C, 0x07, 0xC0, 0xFE, 0x07, 0xC0, 0xFF, 0x9F, 0xF3, 0x80, 0x70, 0x0E, 0x01,
    0xFF, 0x3F, 0xF7, 0x1E, 0xE1, 0xFC, 0x1F, 0x83, 0xF0, 0x7E, 0x0E, 0x01, 0xC0, 0x78, 0x1E, 0x0F,
    0x81, 0xE0, 0x78, 0x38, 0x3C, 0x78, 0x70, 0xF0, 0x70, 0xE3, 0xC0, 0x71, 0xCF, 0x00, 0x73, 0xBC,
    0x00, 0xF7, 0xF0, 0x00, 0xFF, 0xC0, 0x00, 0xFF, 0x80, 0x03, 0xFF, 0x00, 0x0F, 0x77, 0x00, 0x1C,
    0xE7, 0x00, 0x71, 0xCF, 0x01, 0xC3, 0x8F, 0x07, 0x87, 0x0E, 0x0E, 0x0E, 0x1E, 0x3C, 0x1C, 0x1F,
    0xF0, 0x38, 0x1E, 0x00, 0x00, 0x1C, 0x00, 0x00, 0x38, 0x00, 0x00, 0x70, 0x00, 0x00, 0xE0, 0x00,
    0x01, 0xC0, 0x78, 0xE1, 0xC3, 0x8E, 0x38, 0x1C, 0xE7, 0x00, 0xEE, 0xE0, 0x07, 0xFC, 0x00, 0x3F,
    0xC0, 0x07, 0xFC, 0x00, 0xEF, 0xE0, 0x1C, 0xEF, 0x03, 0xCE, 0x78, 0x38, 0xE3, 0xC7, 0x0E, 0x1F,
    0xF0, 0xE1, 0xF0, 0x00, 0x07, 0x00, 0x00, 0x70, 0x00, 0x07, 0x00, 0x00, 0x70, 0x3F, 0xC1, 0xFF,
    0xC3, 0x9F, 0x00, 0x1E, 0x00, 0x78, 0x01, 0xC0, 0x1F, 0x07, 0xF8, 0x1F, 0xF0, 0x07, 0xE0, 0x03,
    0x80, 0x0E, 0x00, 0x38, 0x00, 0xE7, 0x9F, 0x9F, 0xFC, 0x7F, 0xE0, 0x1C, 0x00, 0x38, 0x00, 0xE0,
    0x0F, 0x80, 0x3C, 0x00, 0xFF, 0x3F, 0xEE, 0x7C, 0x07, 0x03, 0xCF, 0xE3, 0xF8, 0x0F, 0x01, 0xC0,
    0x7E, 0x3F, 0xFF, 0xFF, 0x07, 0x00, 0xE0, 0x38, 0x3E, 0x0F, 0x00, 0xE0, 0x79, 0xC1, 0xE3, 0x87,
    0x87, 0x1E, 0x0E, 0x78, 0x1D, 0xE0, 0x3F, 0x80, 0x7E, 0x00, 0xFE, 0x01, 0xDE, 0x03, 0x9E, 0x07,
    0x1E, 0x0E, 0x1E, 0x1C, 0x3C, 0x38, 0x3C, 0x70, 0x3F, 0xE0, 0x3E, 0x00, 0x1C, 0x00, 0x38, 0x00,
    0x70, 0x00, 0xE0, 0x01, 0xC0, 0xE1, 0xEE, 0x3C, 0xE7, 0x8E, 0xE0, 0xFC, 0x0F, 0x80, 0xFC, 0x0F,
    0xE0, 0xEF, 0x0E, 0x78, 0xE3, 0xCE, 0x1F, 0xE0, 0xF0, 0x07, 0x00, 0x70, 0x07, 0x00, 0x70, 0xE0,
    0x1E, 0xE0, 0x3C, 0xE0, 0x78, 0xEC, 0xF0, 0xED, 0xE0, 0xED, 0xC0, 0xEF, 0x80, 0xFF, 0x80, 0xFF,
    0x80, 0xED, 0xC0, 0xED, 0xE0, 0xEC, 0xF0, 0xEC, 0x70, 0xE0, 0x78, 0xE0, 0x3C, 0xE0, 0x1E, 0xE0,
    0x0E, 0xE0, 0x73, 0x83, 0xCF, 0xDE, 0x3F, 0xF0, 0xFF, 0x83, 0xFC, 0x0F, 0xF8, 0x3F, 0xE0, 0xFD,
    0xC3, 0xF3, 0x8E, 0x0F, 0x38, 0x1E, 0xE0, 0x38, 0x38, 0x1E, 0x38, 0x3C, 0xFF, 0x78, 0xFF, 0xF0,
    0x39, 0xE0, 0x3B, 0xC0, 0x3F, 0x80, 0x3F, 0x00, 0x3F, 0x80, 0x3F, 0xC0, 0x3B, 0xE0, 0x38, 0xF0,
    0x38, 0x78, 0x38, 0x3C, 0x38, 0x1E, 0x38, 0x1E, 0x38, 0x0F, 0x38, 0x78, 0xE3, 0xCF, 0xFE, 0x3F,
    0xF0, 0x3F, 0x80, 0xFC, 0x03, 0xF0, 0x0F, 0xE0, 0x3B, 0xC0, 0xE7, 0x83, 0x8F, 0x0E, 0x1E, 0x38,
    0x3C, 0xFF, 0x03, 0xDF, 0xE0, 0xF0, 0x1C, 0x3C, 0x03, 0x8F, 0x00, 0x73, 0xC0, 0x0E, 0xF0, 0x01,
    0xF8, 0x00, 0x3F, 0x00, 0x07, 0xF0, 0x00, 0xFF, 0x00, 0x1D, 0xF0, 0x03, 0x9F, 0x00, 0x71, 0xE0,
    0x0E, 0x1E, 0x01, 0xC1, 0xE0, 0x38, 0x1E, 0x07, 0x01, 0xC0, 0xFC, 0x1D, 0xF8, 0x70, 0x71, 0xE0,
    0xE7, 0x81, 0xDE, 0x03, 0xF8, 0x07, 0xE0, 0x0F, 0xF0, 0x1C, 0xF0, 0x38, 0xF0, 0x70, 0xE0, 0xE0,
    0xE1, 0xC1, 0xE0, 0xE0, 0x1C, 0xE0, 0x1C, 0xE0, 0x1C, 0xE0, 0x1C, 0xE0, 0x1C, 0xE0, 0x1C, 0xE0,
    0x1C, 0xFF, 0xFC, 0xFF, 0xFC, 0xE0, 0x1C, 0xE0, 0x1C, 0xE0, 0x1C, 0xE0, 0x1C, 0xE0, 0x1C, 0xE0,
    0x1C, 0xE0, 0x1F, 0xE0, 0x1F, 0x00, 0x07, 0x00, 0x07, 0x00, 0x07, 0x00, 0x07, 0x00, 0x07, 0xE0,
    0xE7, 0x07, 0x38, 0x39, 0xC1, 0xCE, 0x0E, 0x7F, 0xF3, 0xFF, 0x9C, 0x1C, 0xE0, 0xE7, 0x07, 0x38,
    0x39, 0xC1, 0xFE, 0x0F, 0x80, 0x1C, 0x00, 0xE0, 0x07, 0x00, 0x38, 0xE0, 0x1F, 0xF8, 0x07, 0xFE,
    0x01, 0xC3, 0x80, 0x70, 0xE0, 0x1C, 0x38, 0x07, 0x0E, 0x01, 0xC3, 0xFF, 0xF0, 0xFF, 0xFC, 0x38,
    0x07, 0x0E, 0x01, 0xC3, 0x80, 0x70, 0xE0, 0x1C, 0x38, 0x07, 0x0E, 0x01, 0xC3, 0x80, 0x70, 0xE0,
    0x1C, 0x00, 0xE0, 0xFF, 0x83, 0xFE, 0x0E, 0x38, 0x38, 0xE0, 0xE3, 0xFF, 0x8F, 0xFE, 0x38, 0x38,
    0xE0, 0xE3, 0x83, 0x8E, 0x0E, 0x38, 0x38, 0xE0, 0xE0, 0xFF, 0xF8, 0x01, 0xFF, 0xF0, 0x03, 0x80,
    0xE0, 0x07, 0x01, 0xC0, 0x0E, 0x03, 0x80, 0x1C, 0x07, 0x00, 0x38, 0x0F, 0xFC, 0x70, 0x1F, 0xFC,
    0xE0, 0x3C, 0x7D, 0xC0, 0x70, 0x3B, 0x80, 0xE0, 0x7F, 0x01, 0xC0, 0x7E, 0x03, 0x80, 0xFC, 0x07,
    0x01, 0xF8, 0x0E, 0x03, 0xF0, 0x1C, 0x07, 0xE0, 0x38, 0x0E, 0x00, 0x00, 0x3C, 0x00, 0x00, 0x70,
    0x00, 0x03, 0xE0, 0x00, 0x3F, 0x80, 0x00, 0x7C, 0x00, 0xFF, 0xE0, 0x1F, 0xFC, 0x03, 0x83, 0x80,
    0x70, 0x70, 0x0E, 0x0E, 0x01, 0xC1, 0xFF, 0x38, 0x3F, 0xF7, 0x07, 0x1E, 0xE0, 0xE1, 0xFC, 0x1C,
    0x1F, 0x83, 0x83, 0xF0, 0x70, 0x7E, 0x0E, 0x0E, 0x00, 0x01, 0xC0, 0x00, 0x78, 0x00, 0x1E, 0x00,
    0x0F, 0xC0, 0x01, 0xE0, 0x07, 0xF8, 0x07, 0xFE, 0x03, 0xF1, 0x80, 0xF0, 0x00, 0x78, 0x00, 0x1C,
    0x1F, 0x8F, 0x0F, 0xF3, 0x87, 0xDE, 0xE1, 0xC3, 0xB8, 0x70, 0xFF, 0x1C, 0x3D, 0xC7, 0x0F, 0x71,
    0xC3, 0x9E, 0x71, 0xE3, 0xFD, 0xF0, 0x7F, 0xF8, 0x07, 0xF8, 0x00, 0x1C, 0x00, 0x07, 0x80, 0x00,
    0xFC, 0x00, 0x1F, 0x80, 0x01, 0xE0, 0x1F, 0x80, 0xFE, 0x07, 0xC0, 0x3C, 0x7C, 0xE3, 0xFB, 0x9E,
    0xEE, 0x73, 0xB9, 0xC6, 0xE7, 0x3B, 0xDC, 0xE7, 0xFF, 0x8F, 0xFC, 0x1F, 0xC0, 0x0F, 0x00, 0x1F,
    0x00, 0x3E, 0x00, 0x78, 0x07, 0xF8, 0x7F, 0xF3, 0xF3, 0xDE, 0x00, 0x78, 0x01, 0xC0, 0x0F, 0x00,
    0x38, 0x00, 0xE0, 0x03, 0x80, 0x0F, 0x00, 0x3C, 0x00, 0x70, 0x01, 0xE0, 0x03, 0xF1, 0xC7, 0xFF,
    0x07, 0xF8, 0x06, 0x00, 0x3C, 0x00, 0x70, 0x01, 0xC0, 0x1F, 0x00, 0x7C, 0x00, 0x1F, 0xC7, 0xF9,
    0xF3, 0x38, 0x0E, 0x01, 0xC0, 0x38, 0x07, 0x00, 0xE0, 0x1E, 0x01, 0xF3, 0x1F, 0xE1, 0xFC, 0x0C,
    0x01, 0xC0, 0x38, 0x07, 0x03, 0xE0, 0x7C, 0x00, 0xFF, 0xFF, 0xFF, 0xF0, 0x78, 0x01, 0xE0, 0x07,
    0x80, 0x1E, 0x00, 0x78, 0x01, 0xE0, 0x07, 0x80, 0x1E, 0x00, 0x78, 0x01, 0xE0, 0x07, 0x80, 0x1E,
    0x00, 0x78, 0x01, 0xF8, 0x07, 0xE0, 0x03, 0x80, 0x0E, 0x00, 0x38, 0x00, 0xE0, 0x03, 0x80, 0xFF,
    0xFF, 0xFF, 0x0E, 0x00, 0xE0, 0x0E, 0x00, 0xE0, 0x0E, 0x00, 0xE0, 0x0E, 0x00, 0xE0, 0x0E, 0x00,
    0xF8, 0x0F, 0x80, 0x38, 0x03, 0x80, 0x38, 0x03, 0x80, 0xF0, 0x1E, 0xE0, 0x39, 0xE0, 0xF1, 0xC1,
    0xC3, 0xC7, 0x83, 0xDE, 0x03, 0xB8, 0x07, 0xF0, 0x07, 0xC0, 0x07, 0x00, 0x0E, 0x00, 0x1C, 0x00,
    0x38, 0x00, 0x70, 0x00, 0xE0, 0x01, 0xC0, 0x03, 0x80, 0xE0, 0x77, 0x83, 0x9C, 0x1C, 0xE1, 0xE7,
    0x8E, 0x1C, 0x70, 0xE7, 0x07, 0xB8, 0x1D, 0xC0, 0xFC, 0x03, 0xE0, 0x1E, 0x00, 0xF0, 0x03, 0x80,
    0x1C, 0x00, 0xE0, 0x07, 0x00, 0x38, 0x00, 0xF0, 0x1E, 0xE0, 0x39, 0xE0, 0xF1, 0xC1, 0xC3, 0xC7,
    0x83, 0xCE, 0x03, 0xB8, 0x07, 0xF0, 0x07, 0xC0, 0x0F, 0x80, 0xFF, 0xE1, 0xFF, 0xC0, 0x38, 0x00,
    0x70, 0x00, 0xE0, 0x01, 0xC0, 0x03, 0x80, 0xE0, 0x77, 0x83, 0x9C, 0x1C, 0xE1, 0xC7, 0x8E, 0x1C,
    0x70, 0xE7, 0x03, 0xB8, 0x1F, 0x80, 0xFC, 0x03, 0xE0, 0xFF, 0xC7, 0xFE, 0x03, 0x80, 0x1C, 0x00,
    0xE0, 0x07, 0x00, 0x38, 0x00, 0x70, 0x1E, 0x3C, 0x0E, 0x0F, 0x0F, 0x03, 0x8F, 0x01, 0xE7, 0x00,
    0x7F, 0x80, 0x1F, 0x80, 0x07, 0x80, 0x03, 0xC0, 0x03, 0xF0, 0x03, 0xF8, 0x01, 0xDE, 0x01, 0xE7,
    0x81, 0xE1, 0xE0, 0xE0, 0x70, 0xF0, 0x3F, 0xF0, 0x0F, 0x80, 0x03, 0xC0, 0x01, 0xE0, 0x00, 0xF0,
    0x00, 0x78, 0x00, 0x3C, 0x70, 0x73, 0xC7, 0x0E, 0x78, 0x3B, 0x81, 0xF8, 0x07, 0x80, 0x3C, 0x01,
    0xF0, 0x1F, 0xC1, 0xEF, 0x0E, 0x38, 0xE1, 0xFF, 0x07, 0x80, 0x1C, 0x00, 0xE0, 0x07, 0x00, 0x38,
    0xFF, 0xF8, 0xE7, 0xFF, 0xC7, 0x01, 0xC0, 0x38, 0x0E, 0x01, 0xC0, 0x70, 0x0E, 0x03, 0x80, 0x70,
    0x1C, 0x03, 0x80, 0xE0, 0x1C, 0x07, 0x00, 0xE0, 0x38, 0x07, 0x01, 0xC0, 0x38, 0x0E, 0x01, 0xC0,
    0x70, 0x0E, 0x03, 0x80, 0x70, 0x1C, 0x03, 0x80, 0xFF, 0xFF, 0x07, 0xFF, 0xF8, 0x00, 0x01, 0xC0,
    0x00, 0x0E, 0x00, 0x00, 0x70, 0x00, 0x03, 0x80, 0x00, 0x1C, 0xFF, 0xCE, 0xFF, 0xCE, 0x1E, 0x0E,
    0x1E, 0x0E, 0x1E, 0x0E, 0x1E, 0x0E, 0x1E, 0x0E, 0x1E, 0x0E, 0x1E, 0x0E, 0x1E, 0x0E, 0x1E, 0x0E,
    0x1F, 0xFF, 0x1F, 0xFF, 0x00, 0x07, 0x00, 0x07, 0x00, 0x07, 0x00, 0x07, 0xE0, 0x39, 0xC0, 0x73,
    0x80, 0xE7, 0x01, 0xCE, 0x03, 0x9C, 0x07, 0x38, 0x0E, 0x78, 0x1C, 0x78, 0x78, 0xFF, 0xF0, 0x7F,
    0xE0, 0x01, 0xC0, 0x03, 0x80, 0x07, 0x00, 0x0E, 0x00, 0x1F, 0x00, 0x3E, 0x00, 0x1C, 0x00, 0x38,
    0x00, 0x70, 0x00, 0xE0, 0x01, 0xC0, 0xE0, 0xE7, 0x07, 0x38, 0x39, 0xC1, 0xCE, 0x0E, 0x78, 0xF1,
    0xFF, 0x87, 0xFC, 0x00, 0xE0, 0x07, 0x00, 0x38, 0x01, 0xE0, 0x0F, 0x00, 0x38, 0x01, 0xC0, 0x0E,
    0x00, 0x70, 0xE0, 0x3F, 0x01, 0xF8, 0x0F, 0xC0, 0x7E, 0x03, 0xF0, 0x1F, 0x9C, 0xFE, 0xE7, 0x7F,
    0x7B, 0xFF, 0xCF, 0xFE, 0x0E, 0x70, 0x73, 0x83, 0x9C, 0x00, 0xE0, 0x07, 0x00, 0x38, 0x70, 0x77,
    0x07, 0x70, 0x77, 0x07, 0x76, 0x77, 0xEF, 0x7F, 0xF3, 0xFF, 0x06, 0x70, 0x67, 0x00, 0x70, 0x07,
    0x00, 0x70, 0xE0, 0x07, 0x00, 0x38, 0x01, 0xC0, 0x0E, 0x00, 0x70, 0x03, 0xFF, 0x1F, 0xFE, 0xF1,
    0xF7, 0x03, 0xF8, 0x0F, 0xC0, 0x7E, 0x03, 0xF0, 0x1F, 0x80, 0xFC, 0x07, 0xE0, 0x38, 0xE0, 0x1C,
    0x03, 0x80, 0x70, 0x0E, 0x01, 0xC0, 0x3F, 0xE7, 0xFE, 0xF3, 0xDC, 0x3F, 0x83, 0xF0, 0x7E, 0x0F,
    0xC1, 0xF8, 0x3F, 0x07, 0xE0, 0xFC, 0x1F, 0x83, 0x80, 0x00, 0x7F, 0x00, 0x1F, 0xFC, 0x03, 0xE7,
    0xC0, 0x38, 0x1E, 0xE7, 0x00, 0xEE, 0x70, 0x0F, 0xFF, 0x00, 0x77, 0xFF, 0xFF, 0x3F, 0xFF, 0xF0,
    0xF0, 0x00, 0x07, 0x00, 0x00, 0x70, 0x00, 0x07, 0x80, 0x00, 0x38, 0x00, 0x03, 0xF1, 0xC0, 0x1F,
    0xFE, 0x00, 0x7F, 0xC0, 0x01, 0xF8, 0x07, 0xFC, 0xE7, 0x9E, 0xEF, 0x0E, 0xFE, 0x07, 0x7F, 0xFF,
    0x3F, 0xFF, 0x0E, 0x00, 0x0E, 0x00, 0x0F, 0x00, 0x07, 0xCE, 0x07, 0xFE, 0x01, 0xFE, 0x00, 0x7F,
    0x00, 0x1F, 0xFC, 0x03, 0xE7, 0xC0, 0x38, 0x1E, 0xE7, 0x00, 0xEE, 0x70, 0x0F, 0xFF, 0x00, 0x77,
    0xFF, 0xFF, 0x3F, 0xFF, 0xF0, 0xF0, 0x00, 0x0F, 0x00, 0x00, 0x70, 0x00, 0x07, 0x80, 0x00, 0x38,
    0x00, 0x03, 0xF1, 0xC0, 0x1F, 0xFE, 0x00, 0x7F, 0xC0, 0x01, 0xC0, 0x00, 0x1C, 0x00, 0x01, 0xC0,
    0x00, 0x1C, 0x00, 0x01, 0xC0, 0x01, 0xF8, 0x07, 0xFC, 0xE7, 0x9E, 0xEF, 0x0E, 0xFE, 0x07, 0x7F,
    0xFF, 0x3F, 0xFF, 0x0E, 0x00, 0x0E, 0x00, 0x0F, 0x00, 0x07, 0xCE, 0x07, 0xFE, 0x01, 0xFE, 0x00,
    0xE0, 0x00, 0xE0, 0x00, 0xE0, 0x00, 0xE0, 0xFF, 0xFF, 0xFF, 0xFF, 0xFF, 0xFF, 0xE0, 0x01, 0xC6,
    0x00, 0x01, 0xDC, 0x00, 0x03, 0xF8, 0x00, 0x03, 0xE0, 0x00, 0x00, 0x00, 0x00, 0x00, 0x00, 0x1E,
    0x0E, 0x0F, 0x1E, 0x1C, 0x3C, 0x1C, 0x38, 0xF0, 0x1C, 0x73, 0xC0, 0x3C, 0xEF, 0x00, 0x3D, 0xFC,
    0x00, 0x3F, 0xF0, 0x00, 0x3F, 0xE0, 0x00, 0xFF, 0xC0, 0x03, 0xDD, 0xC0, 0x07, 0x39, 0xC0, 0x1C,
    0x73, 0xC0, 0x70, 0xE3, 0xC1, 0xE1, 0xC3, 0x83, 0x83, 0x87, 0x8F, 0x07, 0x07, 0xBC, 0x0E, 0x07,
    0x00, 0x03, 0x1C, 0x00, 0x77, 0x00, 0x0F, 0xE0, 0x00, 0xF8, 0x00, 0x00, 0x00, 0x00, 0x00, 0x1E,
    0x38, 0x71, 0xC7, 0x1C, 0x1C, 0xE7, 0x01, 0xDD, 0xC0, 0x1F, 0xF0, 0x01, 0xFE, 0x00, 0x7F, 0xC0,
    0x1D, 0xDC, 0x07, 0x39, 0xC1, 0xE7, 0x3C, 0x38, 0xE3, 0xCE, 0x1C, 0x3B, 0xC3, 0x87, 0x80, 0xE0,
    0x7F, 0x07, 0xB8, 0x79, 0xC7, 0x8E, 0x78, 0x77, 0x83, 0xF8, 0x1F, 0xF0, 0xFF, 0xE7, 0x1F, 0xB8,
    0x3D, 0xC0, 0xFE, 0x03, 0xF0, 0x1F, 0x80, 0xFC, 0x07, 0xE0, 0x38, 0x03, 0xC0, 0x1C, 0x03, 0xE0,
    0xFE, 0x07, 0xE0, 0xE1, 0xFC, 0x7B, 0x9E, 0x77, 0x8F, 0xC1, 0xFE, 0x3F, 0xE7, 0x3E, 0xE1, 0xFC,
    0x1F, 0x83, 0xF0, 0x7E, 0x0E, 0x01, 0xC0, 0x78, 0x1E, 0x0F, 0x81, 0xE0, 0x07, 0xFF, 0x01, 0xFF,
    0xC0, 0x70, 0x70, 0x1C, 0x1C, 0x07, 0x07, 0x01, 0xC1, 0xC0, 0x70, 0x70, 0x1C, 0x1C, 0x07, 0x07,
    0x01, 0xC1, 0xC0, 0xF0, 0x70, 0x38, 0x1C, 0x0E, 0x07, 0x07, 0x81, 0xC7, 0xC0, 0x73, 0xE0, 0x1F,
    0xF0, 0x07, 0xC0, 0x00, 0x70, 0x00, 0x38, 0x00, 0x0E, 0x00, 0x07, 0x00, 0x01, 0xC0, 0x0F, 0xF8,
    0x0F, 0xF8, 0x0E, 0x38, 0x0E, 0x38, 0x0E, 0x38, 0x0E, 0x38, 0x0E, 0x38, 0x1C, 0x38, 0x1C, 0x38,
    0x3C, 0x38, 0x78, 0x38, 0xF8, 0x3E, 0xE0, 0x3E, 0x00, 0x0E, 0x00, 0x0E, 0x00, 0x1E, 0x00, 0x1C,
    0x00, 0x18, 0xE0, 0x1F, 0x80, 0x7E, 0x01, 0xF8, 0x07, 0xE0, 0x1F, 0x80, 0x7E, 0x01, 0xFF, 0xFF,
    0xFF, 0xFF, 0x80, 0x7E, 0x01, 0xF8, 0x07, 0xE0, 0x1F, 0x80, 0x7E, 0x01, 0xF8, 0x07, 0xE0, 0x1C,
    0x00, 0x70, 0x01, 0xC0, 0x0F, 0x00, 0xF8, 0x03, 0xE0, 0xE0, 0xFC, 0x1F, 0x83, 0xF0, 0x7E, 0x0F,
    0xFF, 0xFF, 0xFF, 0x07, 0xE0, 0xFC, 0x1F, 0x83, 0xF0, 0x7E, 0x0E, 0x01, 0xC0, 0x38, 0x0F, 0x07,
    0xC0, 0xF8, 0xE0, 0x1C, 0xE0, 0x1C, 0xE0, 0x1C, 0xE0, 0x1C, 0xE0, 0x1C, 0xE0, 0x1C, 0xE0, 0x1C,
    0xFF, 0xFC, 0xFF, 0xFC, 0xE0, 0x1C, 0xE0, 0x1C, 0xE0, 0x1C, 0xE0, 0x1C, 0xE0, 0x1C, 0xE0, 0x1C,
    0xE0, 0x1F, 0xE0, 0x1F, 0x00, 0x07, 0x00, 0x0E, 0x00, 0x0E, 0x00, 0x1C, 0x00, 0x1C, 0xE0, 0xE7,
    0x07, 0x38, 0x39, 0xC1, 0xCE, 0x0E, 0x7F, 0xF3, 0xFF, 0x9C, 0x1C, 0xE0, 0xE7, 0x07, 0x38, 0x39,
    0xC1, 0xFE, 0x0F, 0x80, 0x1C, 0x00, 0xE0, 0x0E, 0x00, 0x70, 0x03, 0x00, 0xE0, 0x3F, 0x01, 0xF8,
    0x0F, 0xC0, 0x7E, 0x03, 0xF0, 0x1F, 0xC0, 0xEE, 0x07, 0x7C, 0x7B, 0xFF, 0xC7, 0xFE, 0x00, 0x70,
    0x03, 0x80, 0x1C, 0x00, 0xE0, 0x1F, 0x00, 0xF8, 0x07, 0x00, 0x38, 0x01, 0xC0, 0x0E, 0x00, 0x70,
    0xE0, 0xFC, 0x1F, 0x83, 0xF0, 0x7E, 0x0F, 0xE3, 0xDF, 0xF9, 0xFF, 0x00, 0xE0, 0x1C, 0x03, 0x81,
    0xF0, 0x3E, 0x07, 0x00, 0xE0, 0x1C, 0x03, 0x80, 0x38, 0x01, 0xC1, 0xE0, 0x07, 0x07, 0xC0, 0x3C,
    0x1F, 0x00, 0xF8, 0x7E, 0x06, 0xE1, 0xD8, 0x1B, 0x87, 0x70, 0xCE, 0x1C, 0xC3, 0x38, 0x73, 0x1C,
    0xE1, 0xCE, 0x63, 0x87, 0x19, 0x8E, 0x1C, 0x7E, 0x38, 0x70, 0xF0, 0xE3, 0xC3, 0xC3, 0x8F, 0x0E,
    0x0E, 0x38, 0x00, 0x3F, 0xE0, 0x00, 0xFC, 0x00, 0x00, 0xE0, 0x00, 0x03, 0x80, 0x00, 0x1C, 0x00,
    0x00, 0x70, 0x00, 0x01, 0x80, 0x70, 0x0E, 0x1E, 0x07, 0x87, 0x81, 0xE1, 0xF0, 0xF8, 0x7C, 0x36,
    0x1D, 0x9D, 0xC7, 0x66, 0x71, 0x9F, 0x9C, 0x63, 0xC7, 0x38, 0xF1, 0xCE, 0x1C, 0x73, 0x80, 0x1F,
    0xE0, 0x07, 0xC0, 0x00, 0x70, 0x00, 0x38, 0x00, 0x0E, 0x00, 0x07, 0x80, 0x00, 0xC0, 0xFF, 0xFF,
    0xFF, 0xFF, 0xFF, 0xFF, 0xE0, 0x0E, 0x30, 0x03, 0xB8, 0x01, 0xFC, 0x00, 0x7C, 0x00, 0x00, 0x00,
    0x00, 0x00, 0x07, 0x00, 0x07, 0xC0, 0x03, 0xE0, 0x03, 0xF0, 0x01, 0xDC, 0x01, 0xCE, 0x00, 0xE7,
    0x80, 0xF1, 0xC0, 0x70, 0xF0, 0x38, 0x38, 0x3C, 0x1C, 0x1F, 0xFF, 0x0F, 0xFF, 0x8E, 0x01, 0xC7,
    0x00, 0xF7, 0x80, 0x3B, 0x80, 0x1E, 0x31, 0xC7, 0x70, 0xFE, 0x0F, 0x80, 0x00, 0x00, 0x1F, 0xE3,
    0xFE, 0x63, 0xC0, 0x38, 0x03, 0x9F, 0xF7, 0xFF, 0xF3, 0xF8, 0x3F, 0x07, 0xF1, 0xFF, 0xFC, 0xFF,
    0x00, 0x0E, 0x70, 0x07, 0xB8, 0x03, 0x9C, 0x00, 0x00, 0x00, 0x00, 0x00, 0x0E, 0x00, 0x0F, 0x80,
    0x07, 0xC0, 0x07, 0xE0, 0x03, 0xB8, 0x03, 0x9C, 0x01, 0xCF, 0x01, 0xE3, 0x80, 0xE1, 0xE0, 0x70,
    0x70, 0x78, 0x38, 0x3F, 0xFE, 0x1F, 0xFF, 0x1C, 0x03, 0x8E, 0x01, 0xEF, 0x00, 0x77, 0x00, 0x3C,
    0x3B, 0x8F, 0x78, 0xEE, 0x00, 0x00, 0x00, 0xFF, 0x1F, 0xF3, 0x1E, 0x01, 0xC0, 0x1C, 0xFF, 0xBF,
    0xFF, 0x9F, 0xC1, 0xF8, 0x3F, 0x8F, 0xFF, 0xE7, 0xF8, 0x00, 0x3F, 0xFC, 0x00, 0xFF, 0xF8, 0x03,
    0xF8, 0x00, 0x07, 0x70, 0x00, 0x1E, 0xE0, 0x00, 0x39, 0xC0, 0x00, 0xE3, 0x80, 0x03, 0xC7, 0xFC,
    0x07, 0x0F, 0xF8, 0x1C, 0x1C, 0x00, 0x78, 0x38, 0x00, 0xFF, 0xF0, 0x03, 0xFF, 0xE0, 0x07, 0x01,
    0xC0, 0x1E, 0x03, 0x80, 0x38, 0x07, 0xFF, 0xE0, 0x0F, 0xFE, 0x7F, 0x1F, 0x87, 0xFB, 0xFC, 0x63,
    0xFB, 0xE0, 0x1E, 0x0E, 0x00, 0xE0, 0xE3, 0xFF, 0xFE, 0x7F, 0xFF, 0xEF, 0x9E, 0x00, 0xE0, 0xE0,
    0x0E, 0x0F, 0x00, 0xF1, 0xF8, 0xCF, 0xFF, 0xFC, 0x3F, 0x9F, 0xC0, 0x71, 0x87, 0xB8, 0x3F, 0x01,
    0xF0, 0x00, 0x00, 0x00, 0xFF, 0xEF, 0xFE, 0xE0, 0x0E, 0x00, 0xE0, 0x0E, 0x00, 0xE0, 0x0F, 0xFC,
    0xFF, 0xCE, 0x00, 0xE0, 0x0E, 0x00, 0xE0, 0x0E, 0x00, 0xE0, 0x0F, 0xFF, 0xFF, 0xF0, 0x38, 0xC3,
    0xDC, 0x1F, 0x80, 0xF8, 0x00, 0x00, 0x00, 0x1F, 0x83, 0xFE, 0x79, 0xEF, 0x0F, 0xE0, 0x7F, 0xFF,
    0xFF, 0xFE, 0x00, 0xE0, 0x0F, 0x00, 0x7C, 0x63, 0xFE, 0x1F, 0xE0, 0x3F, 0xE0, 0x7F, 0xF8, 0x38,
    0xFC, 0x00, 0x3C, 0x00, 0x1E, 0x00, 0x0E, 0x00, 0x0E, 0x00, 0x0E, 0xFF, 0xFF, 0xFF, 0xFE, 0xE0,
    0x0E, 0xF0, 0x0E, 0x70, 0x1E, 0x78, 0x1C, 0x7C, 0x7C, 0x3F, 0xF8, 0x0F, 0xE0, 0x7F, 0x87, 0xFC,
    0x63, 0xE0, 0x0F, 0x00, 0x70, 0x07, 0xFF, 0xFF, 0xFF, 0xE0, 0x7F, 0x0F, 0x79, 0xE7, 0xFC, 0x3F,
    0x80, 0x0E, 0xE0, 0x1E, 0xF0, 0x0E, 0xE0, 0x00, 0x00, 0x00, 0x00, 0x3F, 0xE0, 0x7F, 0xF8, 0x38,
    0xFC, 0x00, 0x3C, 0x00, 0x1E, 0x00, 0x0E, 0x00, 0x0E, 0x00, 0x0E, 0xFF, 0xFF, 0xFF, 0xFE, 0xE0,
    0x0E, 0xF0, 0x0E, 0x70, 0x1E, 0x78, 0x1C, 0x7C, 0x7C, 0x3F, 0xF8, 0x0F, 0xE0, 0x39, 0xC3, 0xBC,
    0x39, 0xC0, 0x00, 0x00, 0x07, 0xF8, 0x7F, 0xC6, 0x3E, 0x00, 0xF0, 0x07, 0x00, 0x7F, 0xFF, 0xFF,
    0xFE, 0x07, 0xF0, 0xF7, 0x9E, 0x7F, 0xC3, 0xF8, 0x01, 0xCE, 0x00, 0x03, 0xDC, 0x00, 0x07, 0x38,
    0x00, 0x00, 0x00, 0x00, 0x00, 0x00, 0x0F, 0x07, 0x07, 0x8F, 0x0E, 0x1E, 0x0E, 0x1C, 0x78, 0x0E,
    0x39, 0xE0, 0x1E, 0x77, 0x80, 0x1E, 0xFE, 0x00, 0x1F, 0xF8, 0x00, 0x1F, 0xF0, 0x00, 0x7F, 0xE0,
    0x01, 0xEE, 0xE0, 0x03, 0x9C, 0xE0, 0x0E, 0x39, 0xE0, 0x38, 0x71, 0xE0, 0xF0, 0xE1, 0xC1, 0xC1,
    0xC3, 0xC7, 0x83, 0x83, 0xDE, 0x07, 0x03, 0x80, 0x03, 0xB8, 0x00, 0xF7, 0x80, 0x0E, 0xE0, 0x00,
    0x00, 0x00, 0x00, 0x00, 0xF1, 0xC3, 0x8E, 0x38, 0xE0, 0xE7, 0x38, 0x0E, 0xEE, 0x00, 0xFF, 0x80,
    0x0F, 0xF0, 0x03, 0xFE, 0x00, 0xEE, 0xE0, 0x39, 0xCE, 0x0F, 0x39, 0xE1, 0xC7, 0x1E, 0x70, 0xE1,
    0xDE, 0x1C, 0x3C, 0x19, 0xC0, 0xF7, 0x81, 0x9C, 0x00, 0x00, 0x00, 0x00, 0xFF, 0x07, 0xFF, 0x0E,
    0x7C, 0x00, 0x78, 0x01, 0xE0, 0x07, 0x00, 0x7C, 0x1F, 0xE0, 0x7F, 0xC0, 0x1F, 0x80, 0x0E, 0x00,
    0x38, 0x00, 0xE0, 0x03, 0x9E, 0x7E, 0x7F, 0xF0, 0xFF, 0x80, 0x73, 0x9D, 0xE7, 0x38, 0x00, 0x00,
    0x3F, 0xCF, 0xFB, 0x9F, 0x01, 0xC0, 0xF3, 0xF8, 0xFE, 0x03, 0xC0, 0x70, 0x1F, 0x8F, 0xFF, 0xFF,
    0xC0, 0x7F, 0xFB, 0xFF, 0xC0, 0x1C, 0x01, 0xC0, 0x1C, 0x01, 0xC0, 0x1C, 0x01, 0xFC, 0x0F, 0xF0,
    0x0F, 0xC0, 0x1E, 0x00, 0x70, 0x03, 0x80, 0x1D, 0xE7, 0xFF, 0xFE, 0x7F, 0xC0, 0x7F, 0xF7, 0xFE,
    0x00, 0xE0, 0x1C, 0x03, 0x80, 0x70, 0x0F, 0x00, 0xF8, 0x0F, 0xE0, 0x3F, 0x00, 0xF0, 0x07, 0x00,
    0x70, 0x07, 0x00, 0xF7, 0x3E, 0x7F, 0xE7, 0xF8, 0x1F, 0xE0, 0x3F, 0xC0, 0x00, 0x00, 0x00, 0x00,
    0x00, 0x1C, 0x03, 0xB8, 0x0F, 0x70, 0x3E, 0xE0, 0x7D, 0xC1, 0xFB, 0x87, 0xF7, 0x1E, 0xEE, 0x39,
    0xDC, 0xE3, 0xBB, 0xC7, 0x7F, 0x0E, 0xFC, 0x1D, 0xF8, 0x3B, 0xE0, 0x77, 0x80, 0xEF, 0x01, 0xDC,
    0x03, 0x80, 0x3F, 0x87, 0xF0, 0x00, 0x00, 0x00, 0x01, 0xC1, 0xF8, 0x7F, 0x1F, 0xE3, 0xFC, 0xFF,
    0xBB, 0xF7, 0x7F, 0xCF, 0xF1, 0xFE, 0x3F, 0x87, 0xE0, 0xFC, 0x1C, 0x1C, 0xE0, 0x3D, 0xC0, 0x73,
    0x80, 0x00, 0x00, 0x00, 0x1C, 0x03, 0xB8, 0x0F, 0x70, 0x3E, 0xE0, 0x7D, 0xC1, 0xFB, 0x87, 0xF7,
    0x1E, 0xEE, 0x39, 0xDC, 0xE3, 0xBB, 0xC7, 0x7F, 0x0E, 0xFC, 0x1D, 0xF8, 0x3B, 0xE0, 0x77, 0x80,
    0xEF, 0x01, 0xDC, 0x03, 0x80, 0x3B, 0x8F, 0x78, 0xEE, 0x00, 0x00, 0x01, 0xC1, 0xF8, 0x7F, 0x1F,
    0xE3, 0xFC, 0xFF, 0xBB, 0xF7, 0x7F, 0xCF, 0xF1, 0xFE, 0x3F, 0x87, 0xE0, 0xFC, 0x1C, 0x07, 0x38,
    0x03, 0xBC, 0x01, 0xCE, 0x00, 0x00, 0x00, 0x00, 0x00, 0x3F, 0xC0, 0x7F, 0xF0, 0x7E, 0x7C, 0x78,
    0x0F, 0x38, 0x03, 0xDC, 0x01, 0xFE, 0x00, 0x7E, 0x00, 0x3F, 0x00, 0x1F, 0x80, 0x0F, 0xE0, 0x07,
    0x70, 0x07, 0xB8, 0x03, 0xDE, 0x03, 0xC7, 0xE7, 0xC1, 0xFF, 0xC0, 0x3F, 0xC0, 0x19, 0xC1, 0xEF,
    0x06, 0x70, 0x00, 0x00, 0x00, 0x0F, 0xE0, 0xFF, 0x8F, 0x3E, 0x70, 0x77, 0x03, 0xF8, 0x0F, 0xC0,
    0x7E, 0x03, 0xF0, 0x3D, 0xC1, 0xCF, 0x3E, 0x3F, 0xE0, 0xFE, 0x00, 0x07, 0xF8, 0x0F, 0xFE, 0x0F,
    0x8F, 0x8F, 0x01, 0xE7, 0x00, 0x7B, 0x80, 0x1F, 0x80, 0x0F, 0xFF, 0xFF, 0xFF, 0xFF, 0xF0, 0x01,
    0xFC, 0x00, 0xEE, 0x00, 0xF7, 0x80, 0x7B, 0xC0, 0x78, 0xFC, 0xF8, 0x3F, 0xF8, 0x07, 0xF8, 0x00,
    0x1F, 0xC1, 0xFF, 0x1F, 0x7C, 0xE0, 0xEE, 0x07, 0xFF, 0xFF, 0xFF, 0xFC, 0x07, 0xE0, 0x7B, 0x83,
    0x9E, 0x7C, 0x7F, 0xC1, 0xFC, 0x00, 0x07, 0x38, 0x03, 0xBC, 0x01, 0xCE, 0x00, 0x00, 0x00, 0x00,
    0x00, 0x3F, 0xC0, 0x7F, 0xF0, 0x7C, 0x7C, 0x78, 0x0F, 0x38, 0x03, 0xDC, 0x00, 0xFC, 0x00, 0x7F,
    0xFF, 0xFF, 0xFF, 0xFF, 0x80, 0x0F, 0xE0, 0x07, 0x70, 0x07, 0xBC, 0x03, 0xDE, 0x03, 0xC7, 0xE7,
    0xC1, 0xFF, 0xC0, 0x3F, 0xC0, 0x39, 0xC1, 0xEF, 0x0E, 0x70, 0x00, 0x00, 0x00, 0x0F, 0xE0, 0xFF,
    0x8F, 0xBE, 0x70, 0x77, 0x03, 0xFF, 0xFF, 0xFF, 0xFE, 0x03, 0xF0, 0x3D, 0xC1, 0xCF, 0x3E, 0x3F,
    0xE0, 0xFE, 0x00, 0x39, 0xC0, 0x7B, 0x80, 0xE7, 0x00, 0x00, 0x00, 0x00, 0x0F, 0xF8, 0x3F, 0xF8,
    0x38, 0xF8, 0x00, 0x78, 0x00, 0x78, 0x00, 0x70, 0x00, 0xE1, 0xFF, 0xC3, 0xFF, 0x80, 0x07, 0x00,
    0x0E, 0x00, 0x1C, 0x00, 0x78, 0x01, 0xE3, 0x8F, 0x8F, 0xFE, 0x0F, 0xF8, 0x00, 0x73, 0x87, 0xB8,
    0x73, 0x80, 0x00, 0x00, 0x07, 0xF0, 0x7F, 0xC6, 0x3C, 0x00, 0xE0, 0x0E, 0x1F, 0xE1, 0xFF, 0x00,
    0xE0, 0x0E, 0x01, 0xE6, 0x3E, 0x7F, 0xC7, 0xF0, 0x0F, 0xF0, 0x1F, 0xE0, 0x00, 0x00, 0x00, 0x00,
    0x00, 0x1E, 0x03, 0xDC, 0x07, 0x3C, 0x0E, 0x38, 0x3C, 0x78, 0x70, 0x70, 0xE0, 0xF3, 0x80, 0xE7,
    0x01, 0xFE, 0x01, 0xF8, 0x01, 0xF0, 0x03, 0xC0, 0x03, 0x80, 0x0E, 0x02, 0x7C, 0x07, 0xF0, 0x0F,
    0xC0, 0x00, 0x1F, 0xC1, 0xFC, 0x00, 0x00, 0x00, 0x00, 0x0E, 0x07, 0xF0, 0x77, 0x07, 0x70, 0xE7,
    0x8E, 0x38, 0xE3, 0x8C, 0x1D, 0xC1, 0xDC, 0x1F, 0x80, 0xF8, 0x0F, 0x80, 0x70, 0x07, 0x00, 0x70,
    0x9E, 0x0F, 0xC0, 0xF8, 0x00, 0x0E, 0x70, 0x3D, 0xE0, 0x39, 0xC0, 0x00, 0x00, 0x00, 0x1E, 0x03,
    0xDC, 0x07, 0x3C, 0x0E, 0x38, 0x3C, 0x78, 0x70, 0x70, 0xE0, 0xF3, 0x80, 0xE7, 0x01, 0xFE, 0x01,
    0xF8, 0x01, 0xF0, 0x03, 0xC0, 0x03, 0x80, 0x0E, 0x02, 0x7C, 0x07, 0xF0, 0x0F, 0xC0, 0x00, 0x1D,
    0xC3, 0xDE, 0x1D, 0xC0, 0x00, 0x00, 0x0E, 0x07, 0xF0, 0x77, 0x07, 0x70, 0xE7, 0x8E, 0x38, 0xE3,
    0x8C, 0x1D, 0xC1, 0xDC, 0x1F, 0x80, 0xF8, 0x0F, 0x80, 0x70, 0x07, 0x00, 0x70, 0x9E, 0x0F, 0xC0,
    0xF8, 0x00, 0x01, 0x98, 0x07, 0x70, 0x1D, 0xC0, 0x73, 0x00, 0x66, 0x00, 0x00, 0x00, 0x00, 0x78,
    0x0F, 0x70, 0x1C, 0xF0, 0x38, 0xE0, 0xF1, 0xE1, 0xC1, 0xC3, 0x83, 0xCE, 0x03, 0x9C, 0x07, 0xF8,
    0x07, 0xE0, 0x07, 0xC0, 0x0F, 0x00, 0x0E, 0x00, 0x38, 0x09, 0xF0, 0x1F, 0xC0, 0x3F, 0x00, 0x07,
    0x30, 0x77, 0x0E, 0xE1, 0xDC, 0x18, 0xC0, 0x00, 0x00, 0x0E, 0x07, 0xF0, 0x77, 0x07, 0x70, 0xE7,
    0x8E, 0x38, 0xE3, 0x8C, 0x1D, 0xC1, 0xDC, 0x1F, 0x80, 0xF8, 0x0F, 0x80, 0x70, 0x07, 0x00, 0x70,
    0x9E, 0x0F, 0xC0, 0xF8, 0x00, 0x1C, 0xE0, 0xEF, 0x07, 0x38, 0x00, 0x00, 0x00, 0x70, 0x1F, 0x80,
    0xFC, 0x07, 0xE0, 0x3F, 0x01, 0xF8, 0x0F, 0xC0, 0x7F, 0x03, 0xBC, 0x3D, 0xFF, 0xE3, 0xFF, 0x00,
    0x38, 0x01, 0xC0, 0x0E, 0x00, 0x70, 0x03, 0x80, 0x1C, 0x73, 0x8F, 0x71, 0xCE, 0x00, 0x00, 0x01,
    0xC1, 0xF8, 0x3F, 0x07, 0xE0, 0xFC, 0x1F, 0xC7, 0xBF, 0xF3, 0xFE, 0x01, 0xC0, 0x38, 0x07, 0x00,
    0xE0, 0x1C, 0xFF, 0xFF, 0xFF, 0x80, 0x70, 0x0E, 0x01, 0xC0, 0x38, 0x07, 0x00, 0xE0, 0x1C, 0x03,
    0x80, 0x70, 0x0E, 0x01, 0xC0, 0x38, 0x07, 0xC0, 0xF8, 0x07, 0x00, 0xE0, 0x1C, 0x03, 0x80, 0x70,
    0x00, 0xFF, 0x7F, 0xB8, 0x1C, 0x0E, 0x07, 0x03, 0x81, 0xC0, 0xE0, 0x70, 0x38, 0x1E, 0x0F, 0x03,
    0x81, 0xC0, 0xE0, 0x70, 0x00, 0x07, 0x38, 0x01, 0xDE, 0x00, 0x73, 0x80, 0x00, 0x00, 0x00, 0x00,
    0x38, 0x00, 0xFE, 0x00, 0x3F, 0x80, 0x0F, 0xE0, 0x03, 0xF8, 0x00, 0xFE, 0x00, 0x3F, 0xFE, 0x0F,
    0xFF, 0xE3, 0xF8, 0xFC, 0xFE, 0x07, 0x3F, 0x81, 0xCF, 0xE0, 0x7B, 0xF8, 0x1C, 0xFE, 0x07, 0x3F,
    0x8F, 0xCF, 0xFF, 0xE3, 0xFF, 0xE0, 0xF0, 0x0E, 0xE0, 0x3D, 0xE0, 0x3B, 0x80, 0x00, 0x00, 0x00,
    0x1C, 0x01, 0xF8, 0x03, 0xF0, 0x07, 0xE0, 0x0F, 0xC0, 0x1F, 0xFE, 0x3F, 0xFE, 0x7E, 0x3C, 0xFC,
    0x3D, 0xF8, 0x7B, 0xF1, 0xE7, 0xFF, 0xCF, 0xFF, 0x1C, 0x03, 0x80, 0x07, 0xC0, 0x07, 0xC0, 0x06,
    0xC0, 0x0E, 0xE0, 0x0E, 0xE0, 0x0E, 0x60, 0x1C, 0x70, 0x1C, 0x70, 0x1C, 0x70, 0x38, 0x38, 0x3F,
    0xF8, 0x3F, 0xF8, 0x30, 0x1C, 0x70, 0x1C, 0x70, 0x1C, 0x70, 0x0E, 0xE0, 0x0E, 0xE0, 0x0E, 0x00,
    0x00, 0x00, 0x00, 0x00, 0x00, 0x03, 0x80, 0x03, 0x80, 0x03, 0x80, 0x1F, 0x87, 0xFC, 0x79, 0xE0,
    0x0E, 0x00, 0xE0, 0x3E, 0x1F, 0xE7, 0xCE, 0x70, 0xEE, 0x0E, 0xE0, 0xEF, 0x3E, 0x7F, 0xE3, 0xE6,
    0x00, 0x00, 0x00, 0x00, 0x00, 0xE0, 0x0F, 0x00, 0xE0, 0x07, 0x80, 0x03, 0xC0, 0x00, 0xC0, 0x03,
    0xC0, 0x03, 0x80, 0x00, 0x00, 0x03, 0x80, 0x07, 0xC0, 0x07, 0xC0, 0x06, 0xC0, 0x0E, 0xE0, 0x0E,
    0xE0, 0x0E, 0x60, 0x1C, 0x70, 0x1C, 0x70, 0x1C, 0x70, 0x38, 0x38, 0x3F, 0xF8, 0x3F, 0xF8, 0x30,
    0x1C, 0x70, 0x1C, 0x70, 0x1C, 0x70, 0x0E, 0xE0, 0x0E, 0xE0, 0x0E, 0x0E, 0x00, 0xF0, 0x07, 0x80,
    0x38, 0x07, 0x80, 0x70, 0x00, 0x00, 0x00, 0x1F, 0x87, 0xFC, 0x79, 0xE0, 0x0E, 0x00, 0xE0, 0x3E,
    0x1F, 0xE7, 0xCE, 0x70, 0xEE, 0x0E, 0xE0, 0xEF, 0x3E, 0x7F, 0xE3, 0xE6, 0x00, 0x00, 0x00, 0x1C,
    0x03, 0xB8, 0x07, 0xF0, 0x0F, 0xE0, 0x0C, 0x60, 0x00, 0x00, 0x03, 0x80, 0x07, 0xC0, 0x07, 0xC0,
    0x06, 0xC0, 0x0E, 0xE0, 0x0E, 0xE0, 0x0E, 0x60, 0x1C, 0x70, 0x1C, 0x70, 0x1C, 0x70, 0x38, 0x38,
    0x3F, 0xF8, 0x3F, 0xF8, 0x30, 0x1C, 0x70, 0x1C, 0x70, 0x1C, 0x70, 0x0E, 0xE0, 0x0E, 0xE0, 0x0E,
    0x00, 0x10, 0x00, 0xC0, 0x0E, 0x0E, 0xE1, 0xFE, 0x0E, 0xE0, 0x41, 0x00, 0x00, 0x00, 0x00, 0xFC,
    0x1F, 0xF0, 0xF3, 0xC0, 0x0E, 0x00, 0x70, 0x0F, 0x83, 0xFC, 0x7C, 0xE3, 0x87, 0x38, 0x39, 0xC1,
    0xCF, 0x3E, 0x3F, 0xF0, 0xF9, 0x80, 0x00, 0x00, 0x30, 0x00, 0x3B, 0x80, 0x1F, 0xC0, 0x0F, 0xE0,
    0x0C, 0x60, 0x00, 0x00, 0x03, 0x80, 0x07, 0xC0, 0x07, 0xC0, 0x06, 0xC0, 0x0E, 0xE0, 0x0E, 0xE0,
    0x0E, 0x60, 0x1C, 0x70, 0x1C, 0x70, 0x1C, 0x70, 0x38, 0x38, 0x3F, 0xF8, 0x3F, 0xF8, 0x30, 0x1C,
    0x70, 0x1C, 0x70, 0x1C, 0x70, 0x0E, 0xE0, 0x0E, 0xE0, 0x0E, 0x00, 0x07, 0x00, 0x1C, 0x00, 0x77,
    0x01, 0xFC, 0x07, 0x70, 0x20, 0x80, 0x00, 0x00, 0x00, 0x7E, 0x0F, 0xF8, 0x79, 0xE0, 0x07, 0x00,
    0x38, 0x07, 0xC1, 0xFE, 0x3E, 0x71, 0xC3, 0x9C, 0x1C, 0xE0, 0xE7, 0x9F, 0x1F, 0xF8, 0x7C, 0xC0,
    0x00, 0x78, 0x00, 0x3C, 0x03, 0x9C, 0x07, 0xF8, 0x0F, 0xF0, 0x0C, 0x60, 0x00, 0x00, 0x03, 0x80,
    0x07, 0xC0, 0x07, 0xC0, 0x06, 0xC0, 0x0E, 0xE0, 0x0E, 0xE0, 0x0E, 0x60, 0x1C, 0x70, 0x1C, 0x70,
    0x1C, 0x70, 0x38, 0x38, 0x3F, 0xF8, 0x3F, 0xF8, 0x30, 0x1C, 0x70, 0x1C, 0x70, 0x1C, 0x70, 0x0E,
    0xE0, 0x0E, 0xE0, 0x0E, 0x00, 0x00, 0x07, 0x80, 0x1E, 0x0E, 0x70, 0xFF, 0x0F, 0xE0, 0x63, 0x00,
    0x00, 0x00, 0x00, 0xFC, 0x1F, 0xF0, 0xF3, 0xC0, 0x0E, 0x00, 0x70, 0x0F, 0x83, 0xFC, 0x7C, 0xE3,
    0x87, 0x38, 0x39, 0xC1, 0xCF, 0x3E, 0x3F, 0xF0, 0xF9, 0x80, 0x0F, 0x30, 0x1F, 0xF0, 0x19, 0xE0,
    0x03, 0x80, 0x07, 0xC0, 0x0F, 0xE0, 0x0C, 0x60, 0x00, 0x00, 0x03, 0x80, 0x07, 0xC0, 0x07, 0xC0,
    0x06, 0xC0, 0x0E, 0xE0, 0x0E, 0xE0, 0x0E, 0x60, 0x1C, 0x70, 0x1C, 0x70, 0x1C, 0x70, 0x38, 0x38,
    0x3F, 0xF8, 0x3F, 0xF8, 0x30, 0x1C, 0x70, 0x1C, 0x70, 0x1C, 0x70, 0x0E, 0xE0, 0x0E, 0xE0, 0x0E,
    0x0C, 0x41, 0xFC, 0x3F, 0xC0, 0x70, 0x0F, 0x81, 0xFC, 0x18, 0xC0, 0x00, 0x00, 0x01, 0xF8, 0x7F,
    0xC7, 0x9E, 0x00, 0xE0, 0x0E, 0x03, 0xE1, 0xFE, 0x7C, 0xE7, 0x0E, 0xE0, 0xEE, 0x0E, 0xF3, 0xE7,
    0xFE, 0x3E, 0x60, 0x07, 0xC0, 0x0F, 0xE0, 0x0E, 0xF0, 0x18, 0x30, 0x00, 0x00, 0x03, 0x80, 0x07,
    0xC0, 0x07, 0xC0, 0x06, 0xC0, 0x0E, 0xE0, 0x0E, 0xE0, 0x0E, 0x60, 0x1C, 0x70, 0x1C, 0x70, 0x1C,
    0x70, 0x38, 0x38, 0x3F, 0xF8, 0x3F, 0xF8, 0x30, 0x1C, 0x70, 0x1C, 0x70, 0x1C, 0x70, 0x0E, 0xE0,
    0x0E, 0xE0, 0x0E, 0x00, 0x00, 0x00, 0x00, 0x00, 0x00, 0x03, 0x80, 0x03, 0x80, 0x03, 0x80, 0x07,
    0x00, 0xF8, 0x1F, 0xC3, 0x8E, 0x30, 0x60, 0x00, 0x00, 0x01, 0xF8, 0x7F, 0xC7, 0x9E, 0x00, 0xE0,
    0x0E, 0x03, 0xE1, 0xFE, 0x7C, 0xE7, 0x0E, 0xE0, 0xEE, 0x0E, 0xF3, 0xE7, 0xFE, 0x3E, 0x60, 0x00,
    0x00, 0x00, 0x00, 0x0E, 0x00, 0xF0, 0x0E, 0x00, 0x00, 0x40, 0x00, 0xE0, 0x01, 0xC0, 0x1B, 0xB0,
    0x1D, 0x30, 0x0E, 0xE0, 0x0F, 0xE0, 0x03, 0x80, 0x00, 0x00, 0x03, 0x80, 0x07, 0xC0, 0x07, 0xC0,
    0x06, 0xC0, 0x0E, 0xE0, 0x0E, 0xE0, 0x0E, 0x60, 0x1C, 0x70, 0x1C, 0x70, 0x1C, 0x70, 0x38, 0x38,
    0x3F, 0xF8, 0x3F, 0xF8, 0x30, 0x1C, 0x70, 0x1C, 0x70, 0x1C, 0x70, 0x0E, 0xE0, 0x0E, 0xE0, 0x0E,
    0x00, 0x00, 0x18, 0x03, 0x83, 0x76, 0x36, 0x63, 0x8E, 0x1F, 0xC0, 0xF8, 0x00, 0x00, 0x00, 0x1F,
    0x87, 0xFC, 0x79, 0xE0, 0x0E, 0x00, 0xE0, 0x3E, 0x1F, 0xE7, 0xCE, 0x70, 0xEE, 0x0E, 0xE0, 0xEF,
    0x3E, 0x7F, 0xE3, 0xE6, 0x04, 0x00, 0x0E, 0x00, 0x07, 0x00, 0x1B, 0xB0, 0x1D, 0x30, 0x0E, 0xE0,
    0x0F, 0xE0, 0x03, 0x80, 0x00, 0x00, 0x03, 0x80, 0x07, 0xC0, 0x07, 0xC0, 0x06, 0xC0, 0x0E, 0xE0,
    0x0E, 0xE0, 0x0E, 0x60, 0x1C, 0x70, 0x1C, 0x70, 0x1C, 0x70, 0x38, 0x38, 0x3F, 0xF8, 0x3F, 0xF8,
    0x30, 0x1C, 0x70, 0x1C, 0x70, 0x1C, 0x70, 0x0E, 0xE0, 0x0E, 0xE0, 0x0E, 0x00, 0x00, 0xC0, 0x0E,
    0x03, 0x76, 0x33, 0x63, 0x8E, 0x1F, 0xC0, 0xF8, 0x00, 0x00, 0x00, 0x1F, 0x87, 0xFC, 0x79, 0xE0,
    0x0E, 0x00, 0xE0, 0x3E, 0x1F, 0xE7, 0xCE, 0x70, 0xEE, 0x0E, 0xE0, 0xEF, 0x3E, 0x7F, 0xE3, 0xE6,
    0x00, 0x00, 0x03, 0x80, 0x01, 0xC0, 0x09, 0xE0, 0x1B, 0xB0, 0x0E, 0xE0, 0x0F, 0xE0, 0x03, 0x80,
    0x00, 0x00, 0x03, 0x80, 0x07, 0xC0, 0x07, 0xC0, 0x06, 0xC0, 0x0E, 0xE0, 0x0E, 0xE0, 0x0E, 0x60,
    0x1C, 0x70, 0x1C, 0x70, 0x1C, 0x70, 0x38, 0x38, 0x3F, 0xF8, 0x3F, 0xF8, 0x30, 0x1C, 0x70, 0x1C,
    0x70, 0x1C, 0x70, 0x0E, 0xE0, 0x0E, 0xE0, 0x0E, 0x0F, 0x00, 0x78, 0x03, 0x83, 0x7E, 0x37, 0x63,
    0x8E, 0x1F, 0xC0, 0xF8, 0x00, 0x00, 0x00, 0x1F, 0x87, 0xFC, 0x79, 0xE0, 0x0E, 0x00, 0xE0, 0x3E,
    0x1F, 0xE7, 0xCE, 0x70, 0xEE, 0x0E, 0xE0, 0xEF, 0x3E, 0x7F, 0xE3, 0xE6, 0x0F, 0x30, 0x1F, 0xF0,
    0x19, 0xE0, 0x18, 0x30, 0x1E, 0x70, 0x0F, 0xE0, 0x03, 0x80, 0x00, 0x00, 0x03, 0x80, 0x07, 0xC0,
    0x07, 0xC0, 0x06, 0xC0, 0x0E, 0xE0, 0x0E, 0xE0, 0x0E, 0x60, 0x1C, 0x70, 0x1C, 0x70, 0x1C, 0x70,
    0x38, 0x38, 0x3F, 0xF8, 0x3F, 0xF8, 0x30, 0x1C, 0x70, 0x1C, 0x70, 0x1C, 0x70, 0x0E, 0xE0, 0x0E,
    0xE0, 0x0E, 0x0C, 0x61, 0xFC, 0x3F, 0xC1, 0x04, 0x30, 0xE1, 0xFC, 0x0F, 0x80, 0x00, 0x00, 0x01,
    0xF8, 0x7F, 0xC7, 0x9E, 0x00, 0xE0, 0x0E, 0x03, 0xE1, 0xFE, 0x7C, 0xE7, 0x0E, 0xE0, 0xEE, 0x0E,
    0xF3, 0xE7, 0xFE, 0x3E, 0x60, 0x08, 0x20, 0x1C, 0x30, 0x0E, 0xF0, 0x0F, 0xE0, 0x03, 0x80, 0x00,
    0x00, 0x03, 0x80, 0x07, 0xC0, 0x07, 0xC0, 0x06, 0xC0, 0x0E, 0xE0, 0x0E, 0xE0, 0x0E, 0x60, 0x1C,
    0x70, 0x1C, 0x70, 0x1C, 0x70, 0x38, 0x38, 0x3F, 0xF8, 0x3F, 0xF8, 0x30, 0x1C, 0x70, 0x1C, 0x70,
    0x1C, 0x70, 0x0E, 0xE0, 0x0E, 0xE0, 0x0E, 0x00, 0x00, 0x00, 0x00, 0x00, 0x00, 0x03, 0x80, 0x03,
    0x80, 0x03, 0x80, 0x30, 0x63, 0x06, 0x38, 0xE1, 0xFC, 0x0F, 0x80, 0x00, 0x00, 0x01, 0xF8, 0x7F,
    0xC7, 0x9E, 0x00, 0xE0, 0x0E, 0x03, 0xE1, 0xFE, 0x7C, 0xE7, 0x0E, 0xE0, 0xEE, 0x0E, 0xF3, 0xE7,
    0xFE, 0x3E, 0x60, 0x00, 0x00, 0x00, 0x00, 0x0E, 0x00, 0xF0, 0x0E, 0x00, 0xFF, 0xEF, 0xFE, 0xE0,
    0x0E, 0x00, 0xE0, 0x0E, 0x00, 0xE0, 0x0E, 0x00, 0xFF, 0xCF, 0xFC, 0xE0, 0x0E, 0x00, 0xE0, 0x0E,
    0x00, 0xE0, 0x0E, 0x00, 0xE0, 0x0F, 0xFF, 0xFF, 0xF0, 0x00, 0x00, 0x00, 0x00, 0x07, 0x00, 0x70,
    0x07, 0x00, 0x0F, 0x83, 0xFE, 0x78, 0xE7, 0x07, 0xE0, 0x7E, 0x07, 0xFF, 0xFF, 0xFF, 0xE0, 0x0E,
    0x00, 0x70, 0x07, 0x86, 0x3F, 0xE0, 0xFC, 0x00, 0x00, 0x00, 0x00, 0x00, 0x70, 0x07, 0x00, 0x70,
    0x0F, 0x00, 0xF0, 0x03, 0x80, 0x70, 0x06, 0x00, 0x00, 0xFF, 0xEF, 0xFE, 0xE0, 0x0E, 0x00, 0xE0,
    0x0E, 0x00, 0xE0, 0x0E, 0x00, 0xFF, 0xCF, 0xFC, 0xE0, 0x0E, 0x00, 0xE0, 0x0E, 0x00, 0xE0, 0x0E,
    0x00, 0xE0, 0x0F, 0xFF, 0xFF, 0xF0, 0x0E, 0x00, 0xF0, 0x07, 0x80, 0x38, 0x07, 0x80, 0x70, 0x00,
    0x00, 0x00, 0x0F, 0x83, 0xFE, 0x78, 0xE7, 0x07, 0xE0, 0x7E, 0x07, 0xFF, 0xFF, 0xFF, 0xE0, 0x0E,
    0x00, 0x70, 0x07, 0x86, 0x3F, 0xE0, 0xFC, 0x00, 0x03, 0xC6, 0x7F, 0xE6, 0x7E, 0x63, 0xC0, 0x00,
    0xFF, 0xEF, 0xFE, 0xE0, 0x0E, 0x00, 0xE0, 0x0E, 0x00, 0xE0, 0x0E, 0x00, 0xFF, 0xCF, 0xFC, 0xE0,
    0x0E, 0x00, 0xE0, 0x0E, 0x00, 0xE0, 0x0E, 0x00, 0xE0, 0x0F, 0xFF, 0xFF, 0xF0, 0x3C, 0x63, 0xE6,
    0x77, 0xE6, 0x3C, 0x00, 0x00, 0x00, 0x0F, 0x83, 0xFE, 0x78, 0xE7, 0x07, 0xE0, 0x7E, 0x07, 0xFF,
    0xFF, 0xFF, 0xE0, 0x0E, 0x00, 0x70, 0x07, 0x86, 0x3F, 0xE0, 0xFC, 0x00, 0x00, 0x01, 0x81, 0x9C,
    0x1F, 0xC1, 0xFC, 0x1C, 0x60, 0x00, 0x1F, 0xFC, 0xFF, 0xE7, 0x00, 0x38, 0x01, 0xC0, 0x0E, 0x00,
    0x70, 0x03, 0x80, 0x1F, 0xF8, 0xFF, 0xC7, 0x00, 0x38, 0x01, 0xC0, 0x0E, 0x00, 0x70, 0x03, 0x80,
    0x1C, 0x00, 0xFF, 0xF7, 0xFF, 0x80, 0x00, 0x10, 0x01, 0xC0, 0x0C, 0x1E, 0xE1, 0xFE, 0x1E, 0xE0,
    0x43, 0x00, 0x00, 0x00, 0x00, 0x7C, 0x0F, 0xF8, 0xF1, 0xC7, 0x07, 0x70, 0x3B, 0x81, 0xDF, 0xFE,
    0xFF, 0xF7, 0x00, 0x38, 0x00, 0xE0, 0x07, 0x86, 0x1F, 0xF0, 0x3F, 0x00, 0x00, 0x0C, 0x00, 0x66,
    0x03, 0xF0, 0x1F, 0xC3, 0x8C, 0x00, 0x0F, 0xFE, 0xFF, 0xEE, 0x00, 0xE0, 0x0E, 0x00, 0xE0, 0x0E,
    0x00, 0xE0, 0x0F, 0xFC, 0xFF, 0xCE, 0x00, 0xE0, 0x0E, 0x00, 0xE0, 0x0E, 0x00, 0xE0, 0x0E, 0x00,
    0xFF, 0xFF, 0xFF, 0x00, 0x07, 0x00, 0x1C, 0x00, 0x7F, 0x01, 0xFC, 0x0F, 0x70, 0x21, 0x80, 0x00,
    0x00, 0x00, 0x3E, 0x07, 0xFC, 0x78, 0xE3, 0x83, 0xB8, 0x1D, 0xC0, 0xEF, 0xFF, 0x7F, 0xFB, 0x80,
    0x1C, 0x00, 0x70, 0x03, 0xC3, 0x0F, 0xF8, 0x1F, 0x80, 0x00, 0xE0, 0x0F, 0x06, 0x30, 0xF7, 0x1F,
    0xC3, 0x8C, 0x00, 0x0F, 0xFE, 0xFF, 0xEE, 0x00, 0xE0, 0x0E, 0x00, 0xE0, 0x0E, 0x00, 0xE0, 0x0F,
    0xFC, 0xFF, 0xCE, 0x00, 0xE0, 0x0E, 0x00, 0xE0, 0x0E, 0x00, 0xE0, 0x0E, 0x00, 0xFF, 0xFF, 0xFF,
    0x00, 0x00, 0x07, 0x80, 0x1C, 0x0E, 0x60, 0xFF, 0x0F, 0xE0, 0x63, 0x00, 0x00, 0x00, 0x00, 0x7C,
    0x0F, 0xF8, 0xF1, 0xC7, 0x07, 0x70, 0x3B, 0x81, 0xDF, 0xFE, 0xFF, 0xF7, 0x00, 0x38, 0x00, 0xE0,
    0x07, 0x86, 0x1F, 0xF0, 0x3F, 0x00, 0x3C, 0xC3, 0xFC, 0x33, 0xC0, 0x60, 0x0F, 0x01, 0xFC, 0x38,
    0xC0, 0x00, 0xFF, 0xEF, 0xFE, 0xE0, 0x0E, 0x00, 0xE0, 0x0E, 0x00, 0xE0, 0x0E, 0x00, 0xFF, 0xCF,
    0xFC, 0xE0, 0x0E, 0x00, 0xE0, 0x0E, 0x00, 0xE0, 0x0E, 0x00, 0xE0, 0x0F, 0xFF, 0xFF, 0xF0, 0x0C,
    0x41, 0xFC, 0x37, 0xC0, 0x70, 0x0F, 0x81, 0xFC, 0x18, 0xC0, 0x00, 0x00, 0x00, 0xF8, 0x3F, 0xE7,
    0x8E, 0x70, 0x7E, 0x07, 0xE0, 0x7F, 0xFF, 0xFF, 0xFE, 0x00, 0xE0, 0x07, 0x00, 0x78, 0x63, 0xFE,
    0x0F, 0xC0, 0x0F, 0x01, 0xF8, 0x39, 0xC3, 0x0C, 0x00, 0x0F, 0xFE, 0xFF, 0xEE, 0x00, 0xE0, 0x0E,
    0x00, 0xE0, 0x0E, 0x00, 0xE0, 0x0F, 0xFC, 0xFF, 0xCE, 0x00, 0xE0, 0x0E, 0x00, 0xE0, 0x0E, 0x00,
    0xE0, 0x0E, 0x00, 0xFF, 0xFF, 0xFF, 0x00, 0x00, 0x00, 0x00, 0x00, 0x70, 0x07, 0x00, 0x70, 0x07,
    0x00, 0xF8, 0x1F, 0xC3, 0x9E, 0x30, 0x60, 0x00, 0x00, 0x00, 0xF8, 0x3F, 0xE7, 0x8E, 0x70, 0x7E,
    0x07, 0xE0, 0x7F, 0xFF, 0xFF, 0xFE, 0x00, 0xE0, 0x07, 0x00, 0x78, 0x63, 0xFE, 0x0F, 0xC0, 0x00,
    0x00, 0x00, 0x00, 0x07, 0x00, 0x70, 0x07, 0x00, 0x73, 0xC6, 0xF7, 0x01, 0xCE, 0x73, 0x9C, 0xE7,
    0x39, 0xCE, 0x73, 0x9C, 0xE7, 0x39, 0xCE, 0x70, 0xE7, 0x9E, 0x77, 0xB0, 0x00, 0x73, 0x9C, 0xE7,
    0x39, 0xCE, 0x73, 0x9C, 0xE7, 0x38, 0xEE, 0xEE, 0xEE, 0xEE, 0xEE, 0xEE, 0xEE, 0xEE, 0xEE, 0xE0,
    0x00, 0xEE, 0xE0, 0x77, 0x70, 0x00, 0x77, 0x77, 0x77, 0x77, 0x77, 0x77, 0x77, 0x00, 0x07, 0x77,
    0x07, 0xF0, 0x0F, 0xFC, 0x0F, 0x9F, 0x07, 0x03, 0xC7, 0x00, 0xE3, 0x80, 0x3B, 0xC0, 0x1D, 0xC0,
    0x0E, 0xE0, 0x07, 0x70, 0x03, 0xB8, 0x01, 0xDC, 0x00, 0xEF, 0x00, 0x73, 0x80, 0x39, 0xC0, 0x38,
    0x70, 0x3C, 0x3E, 0x7C, 0x0F, 0xFC, 0x01, 0xFC, 0x00, 0x00, 0x00, 0x00, 0x00, 0x00, 0x00, 0x07,
    0x00, 0x07, 0x80, 0x01, 0xC0, 0x00, 0x0F, 0xC1, 0xFF, 0x1F, 0x7C, 0xE0, 0xEF, 0x03, 0xF0, 0x1F,
    0x80, 0xFC, 0x07, 0xE0, 0x3F, 0x81, 0xDC, 0x1C, 0xF9, 0xE3, 0xFE, 0x07, 0xE0, 0x00, 0x00, 0x00,
    0x00, 0x00, 0x38, 0x01, 0xC0, 0x0E, 0x00, 0x03, 0xC0, 0x01, 0xF0, 0x00, 0x38, 0x00, 0x3C, 0x00,
    0x1C, 0x00, 0x00, 0x00, 0x1F, 0xC0, 0x3F, 0xF0, 0x3E, 0x7C, 0x1C, 0x0F, 0x1C, 0x03, 0x8E, 0x00,
    0xEF, 0x00, 0x77, 0x00, 0x3B, 0x80, 0x1D, 0xC0, 0x0E, 0xE0, 0x07, 0x70, 0x03, 0xBC, 0x01, 0xCE,
    0x00, 0xE7, 0x00, 0xE1, 0xC0, 0xF0, 0xF9, 0xF0, 0x3F, 0xF0, 0x07, 0xF0, 0x00, 0x06, 0x00, 0x78,
    0x00, 0xE0, 0x03, 0x00, 0x78, 0x03, 0x80, 0x00, 0x00, 0x00, 0x0F, 0xC1, 0xFF, 0x1F, 0x7C, 0xE0,
    0xEF, 0x03, 0xF0, 0x1F, 0x80, 0xFC, 0x07, 0xE0, 0x3F, 0x81, 0xDC, 0x1C, 0xF9, 0xE3, 0xFE, 0x07,
    0xE0, 0x00, 0x00, 0x00, 0x06, 0x00, 0x07, 0x80, 0x7B, 0x00, 0x7F, 0x00, 0x33, 0x80, 0x00, 0x00,
    0x0F, 0xE0, 0x1F, 0xF8, 0x1F, 0x3E, 0x0E, 0x07, 0x8E, 0x01, 0xC7, 0x00, 0x77, 0x80, 0x3B, 0x80,
    0x1D, 0xC0, 0x0E, 0xE0, 0x07, 0x70, 0x03, 0xB8, 0x01, 0xDE, 0x00, 0xE7, 0x00, 0x73, 0x80, 0x70,
    0xE0, 0x78, 0x7C, 0xF8, 0x1F, 0xF8, 0x03, 0xF8, 0x00, 0x00, 0x10, 0x00, 0x60, 0x03, 0x81, 0xFC,
    0x0F, 0xE0, 0x77, 0x01, 0x84, 0x00, 0x00, 0x00, 0x00, 0x3F, 0x03, 0xFE, 0x1F, 0x7C, 0x70, 0x73,
    0xC0, 0xEE, 0x03, 0xB8, 0x0E, 0xE0, 0x3B, 0x80, 0xEF, 0x03, 0x9C, 0x1C, 0x7C, 0xF0, 0xFF, 0x80,
    0xFC, 0x00, 0x00, 0x00, 0x18, 0x00, 0x0E, 0x00, 0x03, 0xF8, 0x00, 0xFE, 0x00, 0x33, 0x80, 0x00,
    0x00, 0x0F, 0xE0, 0x1F, 0xF8, 0x1F, 0x3E, 0x0E, 0x07, 0x8E, 0x01, 0xC7, 0x00, 0x77, 0x80, 0x3B,
    0x80, 0x1D, 0xC0, 0x0E, 0xE0, 0x07, 0x70, 0x03, 0xB8, 0x01, 0xDE, 0x00, 0xE7, 0x00, 0x73, 0x80,
    0x70, 0xE0, 0x78, 0x7C, 0xF8, 0x1F, 0xF8, 0x03, 0xF8, 0x00, 0x00, 0x01, 0x80, 0x07, 0x00, 0x0E,
    0xF0, 0x1F, 0xE0, 0x3B, 0x80, 0xC2, 0x00, 0x00, 0x00, 0x00, 0x1F, 0x81, 0xFF, 0x0F, 0xBE, 0x38,
    0x39, 0xE0, 0x77, 0x01, 0xDC, 0x07, 0x70, 0x1D, 0xC0, 0x77, 0x81, 0xCE, 0x0E, 0x3E, 0x78, 0x7F,
    0xC0, 0x7E, 0x00, 0x00, 0x3C, 0x00, 0x0E, 0x00, 0x03, 0x00, 0x7B, 0x80, 0x7F, 0x80, 0x33, 0x80,
    0x00, 0x00, 0x0F, 0xE0, 0x1F, 0xF8, 0x1F, 0x3E, 0x0E, 0x07, 0x8E, 0x01, 0xC7, 0x00, 0x77, 0x80,
    0x3B, 0x80, 0x1D, 0xC0, 0x0E, 0xE0, 0x07, 0x70, 0x03, 0xB8, 0x01, 0xDE, 0x00, 0xE7, 0x00, 0x73,
    0x80, 0x70, 0xE0, 0x78, 0x7C, 0xF8, 0x1F, 0xF8, 0x03, 0xF8, 0x00, 0x00, 0x00, 0x03, 0x80, 0x0E,
    0x0E, 0x70, 0xFF, 0x0F, 0xE0, 0x63, 0x00, 0x00, 0x00, 0x00, 0x7E, 0x0F, 0xF8, 0xFB, 0xE7, 0x07,
    0x78, 0x1F, 0x80, 0xFC, 0x07, 0xE0, 0x3F, 0x01, 0xFC, 0x0E, 0xE0, 0xE7, 0xCF, 0x1F, 0xF0, 0x3F,
    0x00, 0x07, 0x10, 0x07, 0xFC, 0x03, 0x7C, 0x00, 0x0C, 0x00, 0x3C, 0x00, 0x3F, 0x00, 0x19, 0xC0,
    0x00, 0x00, 0x07, 0xF0, 0x0F, 0xFC, 0x0F, 0x9F, 0x07, 0x03, 0xC7, 0x00, 0xE3, 0x80, 0x3B, 0xC0,
    0x1D, 0xC0, 0x0E, 0xE0, 0x07, 0x70, 0x03, 0xB8, 0x01, 0xDC, 0x00, 0xEF, 0x00, 0x73, 0x80, 0x39,
    0xC0, 0x38, 0x70, 0x3C, 0x3E, 0x7C, 0x0F, 0xFC, 0x01, 0xFC, 0x00, 0x0C, 0x60, 0xFE, 0x06, 0xF0,
    0x0E, 0x00, 0xF8, 0x0F, 0xE0, 0x63, 0x00, 0x00, 0x00, 0x00, 0x7E, 0x0F, 0xF8, 0xFB, 0xE7, 0x07,
    0x78, 0x1F, 0x80, 0xFC, 0x07, 0xE0, 0x3F, 0x01, 0xFC, 0x0E, 0xE0, 0xE7, 0xCF, 0x1F, 0xF0, 0x3F,
    0x00, 0x03, 0xC0, 0x03, 0xF0, 0x03, 0x9C, 0x01, 0x87, 0x00, 0x00, 0x00, 0x3F, 0x80, 0x7F, 0xE0,
    0x7C, 0xF8, 0x38, 0x1E, 0x38, 0x07, 0x1C, 0x01, 0xDE, 0x00, 0xEE, 0x00, 0x77, 0x00, 0x3B, 0x80,
    0x1D, 0xC0, 0x0E, 0xE0, 0x07, 0x78, 0x03, 0x9C, 0x01, 0xCE, 0x01, 0xC3, 0x81, 0xE1, 0xF3, 0xE0,
    0x7F, 0xE0, 0x0F, 0xE0, 0x00, 0x00, 0x00, 0x00, 0x00, 0x00, 0x00, 0x38, 0x00, 0x3C, 0x00, 0x0E,
    0x00, 0x07, 0x00, 0x7C, 0x07, 0xF0, 0x71, 0xC3, 0x06, 0x00, 0x00, 0x00, 0x01, 0xF8, 0x3F, 0xE3,
    0xEF, 0x9C, 0x1D, 0xE0, 0x7E, 0x03, 0xF0, 0x1F, 0x80, 0xFC, 0x07, 0xF0, 0x3B, 0x83, 0x9F, 0x3C,
    0x7F, 0xC0, 0xFC, 0x00, 0x00, 0x00, 0x00, 0x00, 0x07, 0x00, 0x38, 0x01, 0xC0, 0x00, 0x20, 0x00,
    0x38, 0x00, 0x3C, 0xC0, 0x3C, 0x70, 0x18, 0x38, 0x00, 0x18, 0x1F, 0xFC, 0x3F, 0xFC, 0x3F, 0x7C,
    0x1E, 0x0F, 0x1E, 0x03, 0xCE, 0x00, 0xEF, 0x00, 0x77, 0x80, 0x3B, 0x80, 0x1D, 0xC0, 0x0F, 0xE0,
    0x07, 0x78, 0x03, 0x9C, 0x01, 0xCE, 0x00, 0xE7, 0x80, 0xF1, 0xE0, 0xF0, 0xF9, 0xF0, 0x3F, 0xF0,
    0x07, 0xF0, 0x00, 0x00, 0x00, 0x03, 0x80, 0x1E, 0x00, 0xF0, 0x07, 0x9C, 0x1C, 0x70, 0x21, 0xC0,
    0x07, 0x00, 0x1C, 0x3F, 0xE3, 0xFE, 0x1F, 0x7C, 0x70, 0x73, 0xC0, 0xEE, 0x03, 0xB8, 0x0E, 0xE0,
    0x3B, 0x80, 0xEF, 0x03, 0x9C, 0x1C, 0x7C, 0xF0, 0xFF, 0x80, 0xFC, 0x00, 0x06, 0x00, 0x03, 0x80,
    0x01, 0xE0, 0xC0, 0x78, 0x70, 0x1C, 0x38, 0x00, 0x18, 0x1F, 0xFC, 0x3F, 0xFC, 0x3F, 0x7C, 0x1E,
    0x0F, 0x1E, 0x03, 0xCE, 0x00, 0xEF, 0x00, 0x77, 0x80, 0x3B, 0x80, 0x1D, 0xC0, 0x0F, 0xE0, 0x07,
    0x78, 0x03, 0x9C, 0x01, 0xCE, 0x00, 0xE7, 0x80, 0xF1, 0xE0, 0xF0, 0xF9, 0xF0, 0x3F, 0xF0, 0x07,
    0xF0, 0x00, 0x08, 0x00, 0x60, 0x01, 0xC0, 0x03, 0x80, 0x0F, 0x1C, 0x1C, 0x70, 0x31, 0xC0, 0x07,
    0x00, 0x1C, 0x3F, 0xE3, 0xFE, 0x1F, 0x7C, 0x70, 0x73, 0xC0, 0xEE, 0x03, 0xB8, 0x0E, 0xE0, 0x3B,
    0x80, 0xEF, 0x03, 0x9C, 0x1C, 0x7C, 0xF0, 0xFF, 0x80, 0xFC, 0x00, 0x03, 0xC0, 0x01, 0xF0, 0x00,
    0x38, 0xC0, 0x3C, 0x70, 0x1C, 0x38, 0x00, 0x18, 0x1F, 0xFC, 0x3F, 0xFC, 0x3F, 0x7C, 0x1E, 0x0F,
    0x1E, 0x03, 0xCE, 0x00, 0xEF, 0x00, 0x77, 0x80, 0x3B, 0x80, 0x1D, 0xC0, 0x0F, 0xE0, 0x07, 0x78,
    0x03, 0x9C, 0x01, 0xCE, 0x00, 0xE7, 0x80, 0xF1, 0xE0, 0xF0, 0xF9, 0xF0, 0x3F, 0xF0, 0x07, 0xF0,
    0x00, 0x0F, 0x00, 0x3E, 0x00, 0x18, 0x00, 0xE7, 0x07, 0x9C, 0x18, 0x70, 0x01, 0xC0, 0x07, 0x0F,
    0xF8, 0xFF, 0x87, 0xDF, 0x1C, 0x1C, 0xF0, 0x3B, 0x80, 0xEE, 0x03, 0xB8, 0x0E, 0xE0, 0x3B, 0xC0,
    0xE7, 0x07, 0x1F, 0x3C, 0x3F, 0xE0, 0x3F, 0x00, 0x0F, 0x18, 0x0F, 0xCD, 0x87, 0x7E, 0xC3, 0x1E,
    0x70, 0x00, 0x30, 0x3F, 0xF8, 0x7F, 0xF8, 0x7E, 0xF8, 0x3C, 0x1E, 0x3C, 0x07, 0x9C, 0x01, 0xDE,
    0x00, 0xEF, 0x00, 0x77, 0x00, 0x3B, 0x80, 0x1F, 0xC0, 0x0E, 0xF0, 0x07, 0x38, 0x03, 0x9C, 0x01,
    0xCF, 0x01, 0xE3, 0xC1, 0xE1, 0xF3, 0xE0, 0x7F, 0xE0, 0x0F, 0xE0, 0x18, 0x00, 0xF9, 0x87, 0xFF,
    0xD9, 0xFF, 0x61, 0xDC, 0x00, 0x70, 0x01, 0xC3, 0xFE, 0x3F, 0xE1, 0xF7, 0xC7, 0x07, 0x3C, 0x0E,
    0xE0, 0x3B, 0x80, 0xEE, 0x03, 0xB8, 0x0E, 0xF0, 0x39, 0xC1, 0xC7, 0xCF, 0x0F, 0xF8, 0x0F, 0xC0,
    0x00, 0x03, 0x00, 0x01, 0xC0, 0x00, 0xE0, 0x00, 0x60, 0x7F, 0xF0, 0xFF, 0xF0, 0xFD, 0xF0, 0x78,
    0x3C, 0x78, 0x0F, 0x38, 0x03, 0xBC, 0x01, 0xDE, 0x00, 0xEE, 0x00, 0x77, 0x00, 0x3F, 0x80, 0x1D,
    0xE0, 0x0E, 0x70, 0x07, 0x38, 0x03, 0x9E, 0x03, 0xC7, 0x83, 0xC3, 0xE7, 0xC0, 0xFF, 0xC0, 0x1F,
    0xC0, 0x00, 0x00, 0x00, 0x00, 0x00, 0x00, 0x00, 0x70, 0x00, 0x78, 0x00, 0x1C, 0x00, 0x00, 0x1C,
    0x00, 0x70, 0x01, 0xC0, 0x07, 0x00, 0x1C, 0x3F, 0xE3, 0xFE, 0x1F, 0x7C, 0x70, 0x73, 0xC0, 0xEE,
    0x03, 0xB8, 0x0E, 0xE0, 0x3B, 0x80, 0xEF, 0x03, 0x9C, 0x1C, 0x7C, 0xF0, 0xFF, 0x80, 0xFC, 0x00,
    0x00, 0x00, 0x00, 0x00, 0x00, 0x70, 0x01, 0xC0, 0x07, 0x00, 0xE0, 0x1F, 0x80, 0x7E, 0x01, 0xF8,
    0x07, 0xE0, 0x1F, 0x80, 0x7E, 0x01, 0xF8, 0x07, 0xE0, 0x1F, 0x80, 0x7E, 0x01, 0xF8, 0x07, 0xE0,
    0x1F, 0x80, 0x77, 0x03, 0xDC, 0x0E, 0x7C, 0xF8, 0xFF, 0xC1, 0xFE, 0x00, 0x00, 0x00, 0x00, 0x00,
    0x00, 0x70, 0x01, 0xE0, 0x07, 0x00, 0xE0, 0xFC, 0x1F, 0x83, 0xF0, 0x7E, 0x0F, 0xC1, 0xF8, 0x3F,
    0x07, 0xE0, 0xFC, 0x1F, 0x87, 0xF9, 0xF7, 0xFE, 0x7C, 0xC0, 0x00, 0x00, 0x00, 0x01, 0xC0, 0x38,
    0x07, 0x00, 0x07, 0x80, 0x1E, 0x00, 0x18, 0x00, 0xE0, 0x03, 0x00, 0x00, 0x0E, 0x01, 0xF8, 0x07,
    0xE0, 0x1F, 0x80, 0x7E, 0x01, 0xF8, 0x07, 0xE0, 0x1F, 0x80, 0x7E, 0x01, 0xF8, 0x07, 0xE0, 0x1F,
    0x80, 0x7E, 0x01, 0xF8, 0x07, 0x70, 0x3D, 0xC0, 0xE7, 0xCF, 0x8F, 0xFC, 0x1F, 0xE0, 0x0C, 0x03,
    0xE0, 0x1C, 0x03, 0x80, 0xF0, 0x18, 0x00, 0x00, 0x00, 0xE0, 0xFC, 0x1F, 0x83, 0xF0, 0x7E, 0x0F,
    0xC1, 0xF8, 0x3F, 0x07, 0xE0, 0xFC, 0x1F, 0x87, 0xF9, 0xF7, 0xFE, 0x7C, 0xC0, 0x00, 0x40, 0x00,
    0xF0, 0xC0, 0xF0, 0xE0, 0xF0, 0x70, 0x30, 0x38, 0x00, 0x3F, 0x80, 0x7D, 0xC0, 0x38, 0xE0, 0x1C,
    0x70, 0x0E, 0x38, 0x07, 0x1C, 0x03, 0x8E, 0x01, 0xC7, 0x00, 0xE3, 0x80, 0x71, 0xC0, 0x38, 0xE0,
    0x1C, 0x70, 0x0E, 0x38, 0x07, 0x1C, 0x03, 0x87, 0x03, 0xC3, 0x81, 0xC1, 0xF3, 0xE0, 0x7F, 0xE0,
    0x1F, 0xE0, 0x00, 0x00, 0x00, 0x06, 0x00, 0x3C, 0x01, 0xE0, 0x0F, 0x1C, 0x38, 0x70, 0x41, 0xC0,
    0x07, 0x00, 0x3B, 0x83, 0xCE, 0x0E, 0x38, 0x38, 0xE0, 0xE3, 0x83, 0x8E, 0x0E, 0x38, 0x38, 0xE0,
    0xE3, 0x83, 0x8E, 0x0E, 0x38, 0x78, 0xF3, 0xE1, 0xFF, 0x83, 0xE6, 0x00, 0x0C, 0x00, 0x0F, 0x00,
    0xC3, 0xC0, 0xE0, 0xF0, 0x70, 0x30, 0x38, 0x00, 0x3F, 0x80, 0x7D, 0xC0, 0x38, 0xE0, 0x1C, 0x70,
    0x0E, 0x38, 0x07, 0x1C, 0x03, 0x8E, 0x01, 0xC7, 0x00, 0xE3, 0x80, 0x71, 0xC0, 0x38, 0xE0, 0x1C,
    0x70, 0x0E, 0x38, 0x07, 0x1C, 0x03, 0x87, 0x03, 0xC3, 0x81, 0xC1, 0xF3, 0xE0, 0x7F, 0xE0, 0x1F,
    0xE0, 0x00, 0x00, 0x00, 0xC0, 0x07, 0x80, 0x0F, 0x00, 0x1E, 0x1C, 0x38, 0x70, 0x61, 0xC0, 0x07,
    0x00, 0x3B, 0x83, 0xCE, 0x0E, 0x38, 0x38, 0xE0, 0xE3, 0x83, 0x8E, 0x0E, 0x38, 0x38, 0xE0, 0xE3,
    0x83, 0x8E, 0x0E, 0x38, 0x78, 0xF3, 0xE1, 0xFF, 0x83, 0xE6, 0x00, 0x07, 0x80, 0x03, 0xC0, 0xC0,
    0x70, 0xE0, 0x70, 0x70, 0x30, 0x38, 0x00, 0x3F, 0x80, 0x7D, 0xC0, 0x38, 0xE0, 0x1C, 0x70, 0x0E,
    0x38, 0x07, 0x1C, 0x03, 0x8E, 0x01, 0xC7, 0x00, 0xE3, 0x80, 0x71, 0xC0, 0x38, 0xE0, 0x1C, 0x70,
    0x0E, 0x38, 0x07, 0x1C, 0x03, 0x87, 0x03, 0xC3, 0x81, 0xC1, 0xF3, 0xE0, 0x7F, 0xE0, 0x1F, 0xE0,
    0x00, 0x1C, 0x00, 0x78, 0x00, 0x70, 0x01, 0xC7, 0x0F, 0x1C, 0x30, 0x70, 0x01, 0xC0, 0x0E, 0xE0,
    0xF3, 0x83, 0x8E, 0x0E, 0x38, 0x38, 0xE0, 0xE3, 0x83, 0x8E, 0x0E, 0x38, 0x38, 0xE0, 0xE3, 0x83,
    0x8E, 0x1E, 0x3C, 0xF8, 0x7F, 0xE0, 0xF9, 0x80, 0x00, 0x00, 0x1F, 0x18, 0xCF, 0xFC, 0xE6, 0x7E,
    0x73, 0x1E, 0x38, 0x00, 0x3F, 0x80, 0x7D, 0xC0, 0x38, 0xE0, 0x1C, 0x70, 0x0E, 0x38, 0x07, 0x1C,
    0x03, 0x8E, 0x01, 0xC7, 0x00, 0xE3, 0x80, 0x71, 0xC0, 0x38, 0xE0, 0x1C, 0x70, 0x0E, 0x38, 0x07,
    0x1C, 0x03, 0x87, 0x03, 0xC3, 0x81, 0xC1, 0xF3, 0xE0, 0x7F, 0xE0, 0x1F, 0xE0, 0x00, 0x38, 0x41,
    0xF3, 0x86, 0xED, 0xB9, 0xF7, 0xC3, 0x9C, 0x00, 0x70, 0x03, 0xB8, 0x3C, 0xE0, 0xE3, 0x83, 0x8E,
    0x0E, 0x38, 0x38, 0xE0, 0xE3, 0x83, 0x8E, 0x0E, 0x38, 0x38, 0xE0, 0xE3, 0x87, 0x8F, 0x3E, 0x1F,
    0xF8, 0x3E, 0x60, 0x00, 0x01, 0x80, 0x01, 0xC0, 0x00, 0xE0, 0x00, 0x70, 0x00, 0x7F, 0x00, 0xFB,
    0x80, 0x71, 0xC0, 0x38, 0xE0, 0x1C, 0x70, 0x0E, 0x38, 0x07, 0x1C, 0x03, 0x8E, 0x01, 0xC7, 0x00,
    0xE3, 0x80, 0x71, 0xC0, 0x38, 0xE0, 0x1C, 0x70, 0x0E, 0x38, 0x07, 0x0E, 0x07, 0x87, 0x03, 0x83,
    0xE7, 0xC0, 0xFF, 0xC0, 0x3F, 0xC0, 0x00, 0x00, 0x00, 0x00, 0x00, 0x00, 0x00, 0xE0, 0x00, 0x78,
    0x00, 0x38, 0x00, 0x00, 0x1C, 0x00, 0x70, 0x01, 0xC0, 0x07, 0x00, 0x3B, 0x83, 0xCE, 0x0E, 0x38,
    0x38, 0xE0, 0xE3, 0x83, 0x8E, 0x0E, 0x38, 0x38, 0xE0, 0xE3, 0x83, 0x8E, 0x0E, 0x38, 0x78, 0xF3,
    0xE1, 0xFF, 0x83, 0xE6, 0x00, 0x00, 0x00, 0x00, 0x00, 0x00, 0xE0, 0x03, 0xC0, 0x0E, 0x00, 0x06,
    0x00, 0x1E, 0x00, 0x1C, 0x00, 0x1C, 0x00, 0x18, 0x00, 0x00, 0x00, 0x00, 0x78, 0x0F, 0x70, 0x1C,
    0xF0, 0x78, 0xE0, 0xE1, 0xE3, 0xC1, 0xEF, 0x01, 0xDC, 0x03, 0xF8, 0x03, 0xE0, 0x03, 0x80, 0x07,
    0x00, 0x0E, 0x00, 0x1C, 0x00, 0x38, 0x00, 0x70, 0x00, 0xE0, 0x01, 0xC0, 0x0C, 0x01, 0xE0, 0x0E,
    0x00, 0x70, 0x03, 0x00, 0x00, 0x00, 0x00, 0x00, 0xE0, 0x7F, 0x07, 0x70, 0x77, 0x0E, 0x78, 0xE3,
    0x8E, 0x38, 0xC1, 0xDC, 0x1D, 0xC1, 0xF8, 0x0F, 0x80, 0xF8, 0x07, 0x00, 0x70, 0x07, 0x09, 0xE0,
    0xFC, 0x0F, 0x80, 0x70, 0x1C, 0xE0, 0x38, 0xE0, 0xE1, 0xC1, 0xC1, 0xC3, 0x83, 0x8E, 0x03, 0x9C,
    0x07, 0x70, 0x07, 0xE0, 0x0F, 0x80, 0x0F, 0x00, 0x1C, 0x00, 0x38, 0x00, 0x70, 0x00, 0xE0, 0x01,
    0xC0, 0x03, 0x80, 0x07, 0x00, 0x0E, 0x00, 0x00, 0x00, 0x00, 0x00, 0x00, 0x00, 0xE0, 0x01, 0xC0,
    0x03, 0x80, 0xE0, 0x3B, 0x81, 0xDC, 0x1C, 0xE0, 0xE3, 0x87, 0x1C, 0x70, 0xE3, 0x83, 0x9C, 0x1D,
    0xC0, 0x6E, 0x03, 0xF0, 0x1F, 0x00, 0x78, 0x03, 0xC0, 0x1C, 0x00, 0xE0, 0x0E, 0x00, 0xF3, 0x9F,
    0x1E, 0xF0, 0xE0, 0x03, 0x80, 0x07, 0x80, 0x03, 0x00, 0x1E, 0x00, 0x38, 0x00, 0x00, 0x1C, 0x07,
    0x38, 0x0E, 0x38, 0x38, 0x70, 0x70, 0x70, 0xE0, 0xE3, 0x80, 0xE7, 0x01, 0xDC, 0x01, 0xF8, 0x03,
    0xE0, 0x03, 0xC0, 0x07, 0x00, 0x0E, 0x00, 0x1C, 0x00, 0x38, 0x00, 0x70, 0x00, 0xE0, 0x01, 0xC0,
    0x03, 0x80, 0x06, 0x00, 0x3C, 0x00, 0xE0, 0x03, 0x00, 0x78, 0x01, 0x00, 0x00, 0x00, 0x00, 0xE0,
    0x3B, 0x81, 0xDC, 0x1C, 0xE0, 0xE3, 0x87, 0x1C, 0x70, 0xE3, 0x83, 0x9C, 0x1D, 0xC0, 0x6E, 0x03,
    0xF0, 0x1F, 0x00, 0x78, 0x03, 0xC0, 0x1C, 0x00, 0xE0, 0x0E, 0x00, 0xF0, 0x1F, 0x00, 0xF0, 0x00,
    0x00, 0x00, 0x3E, 0x30, 0x7E, 0xE1, 0xCF, 0x83, 0x8E, 0x00, 0x00, 0x1C, 0x07, 0x38, 0x0E, 0x38,
    0x38, 0x70, 0x70, 0x70, 0xE0, 0xE3, 0x80, 0xE7, 0x01, 0xDC, 0x01, 0xF8, 0x03, 0xE0, 0x03, 0xC0,
    0x07, 0x00, 0x0E, 0x00, 0x1C, 0x00, 0x38, 0x00, 0x70, 0x00, 0xE0, 0x01, 0xC0, 0x03, 0x80, 0x1C,
    0x31, 0xF3, 0x8F, 0xFC, 0x67, 0xC3, 0x1C, 0x00, 0x00, 0x00, 0x1C, 0x07, 0x70, 0x3B, 0x83, 0x9C,
    0x1C, 0x70, 0xE3, 0x8E, 0x1C, 0x70, 0x73, 0x83, 0xB8, 0x0D, 0xC0, 0x7E, 0x03, 0xE0, 0x0F, 0x00,
    0x78, 0x03, 0x80, 0x1C, 0x01, 0xC0, 0x1E, 0x03, 0xE0, 0x1E, 0x00, 0x01, 0xFC, 0xFF, 0xFC, 0xFF,
    0xFF, 0xFF, 0x7F, 0xFD, 0xFF, 0xF0, 0x7F, 0xFF, 0xFF, 0xDF, 0xFF, 0xFF, 0xF0, 0x7F, 0xFF, 0xFF,
    0xDF, 0xFF, 0xFF, 0xF0, 0x8C, 0x63, 0x18, 0xC6, 0x31, 0x8C, 0x63, 0x18, 0xC6, 0x31, 0x8C, 0x63,
    0x18, 0xC6, 0x31, 0x88, 0x33, 0x9D, 0xEE, 0x70, 0x7B, 0xDC, 0xE7, 0x30, 0x7B, 0xDC, 0xE7, 0x30,
    0x33, 0xB9, 0xDD, 0xDE, 0xEE, 0x77, 0x38, 0x7B, 0xBD, 0xDC, 0xEE, 0x77, 0x73, 0x38, 0x7B, 0xBD,
    0xDC, 0xEE, 0x77, 0x73, 0x38, 0x06, 0x00, 0xC0, 0x18, 0x03, 0x00, 0x60, 0xFF, 0xDF, 0xF8, 0x30,
    0x06, 0x00, 0xC0, 0x18, 0x03, 0x00, 0x60, 0x0C, 0x01, 0x80, 0x30, 0x06, 0x00, 0xC0, 0x18, 0x03,
    0x00, 0x60, 0x06, 0x00, 0xC0, 0x18, 0x03, 0x00, 0x60, 0xFF, 0xDF, 0xF8, 0x30, 0x06, 0x00, 0xC0,
    0x18, 0x03, 0x07, 0xFE, 0xFF, 0xC1, 0x80, 0x30, 0x06, 0x00, 0xC0, 0x18, 0x03, 0x00, 0x60, 0x7D,
    0xFF, 0xFF, 0xFF, 0xEF, 0x80, 0x20, 0x02, 0x38, 0x03, 0xBC, 0x01, 0xEE, 0x00, 0xE0, 0xF0, 0x70,
    0x77, 0x87, 0x83, 0xFC, 0x1C, 0x1C, 0x10, 0xF9, 0xF3, 0xE7, 0xCF, 0x80, 0x3E, 0x07, 0x00, 0x03,
    0xF8, 0x70, 0x00, 0x3D, 0xC3, 0x80, 0x01, 0xC6, 0x38, 0x00, 0x0E, 0x3B, 0xC0, 0x00, 0x71, 0xDC,
    0x00, 0x03, 0x8D, 0xC0, 0x00, 0x1E, 0xEE, 0xF8, 0x7C, 0x7F, 0xEF, 0xE7, 0xF1, 0xF7, 0xF7, 0x3B,
    0x80, 0x77, 0x1B, 0x8E, 0x07, 0xB8, 0xFC, 0x70, 0x39, 0xC7, 0xE3, 0x83, 0x8E, 0x37, 0x1C, 0x1C,
    0x7B, 0x9D, 0xC1, 0xC1, 0xFC, 0xFE, 0x0E, 0x07, 0xC3, 0xE0, 0xEE, 0xEE, 0xEC, 0xC0, 0xE7, 0x73,
    0xB9, 0xDC, 0xEE, 0x76, 0x33, 0x18, 0xF0, 0xE1, 0xC3, 0x0C, 0x38, 0xF1, 0xC7, 0x8E, 0x1E, 0x1C,
    0x3C, 0x38, 0x30, 0xC3, 0x87, 0x1E, 0x38, 0xF3, 0x9E, 0x73, 0x8C, 0x00, 0x40, 0xE0, 0x4C, 0x3E,
    0x18, 0xC7, 0xC6, 0x0C, 0x71, 0x80, 0xC0, 0x60, 0x0C, 0x18, 0x00, 0xC6, 0x03, 0x8D, 0x8E, 0xF0,
    0xE1, 0xFF, 0x1C, 0x7D, 0xC7, 0xC7, 0x01, 0x8C, 0x00, 0x71, 0xC0, 0x1C, 0x1C, 0x07, 0x01, 0xC1,
    0xC7, 0x1C, 0x71, 0xF1, 0xDC, 0x3E, 0x1B, 0x03, 0x81, 0x00, 0x00, 0x1E, 0x1D, 0xC3, 0xB0, 0x76,
    0x0E, 0xC1, 0xD8, 0x3B, 0x07, 0x60, 0xEC, 0x1D, 0x83, 0xB0, 0x76, 0x0C, 0xC1, 0x88, 0x10, 0x00,
    0x60, 0xDE, 0x1F, 0xC7, 0xF8, 0x70, 0x00, 0x70, 0x00, 0x01, 0x00, 0x00, 0xC9, 0x80, 0x07, 0xFC,
    0x00, 0x0F, 0x80, 0x00, 0x7C, 0x00, 0x0E, 0xB8, 0x00, 0x64, 0xC0, 0x00, 0x60, 0x00, 0x03, 0x80,
    0x03, 0x00, 0x60, 0x18, 0x03, 0x04, 0xC8, 0x99, 0x77, 0xEF, 0xDC, 0xFC, 0x1F, 0x83, 0xC0, 0x78,
    0x7F, 0x8F, 0xF7, 0x6E, 0xED, 0xD3, 0x22, 0x64, 0x18, 0x03, 0x00, 0xC0, 0x18, 0x00, 0x00, 0x38,
    0x03, 0x80, 0x1C, 0x01, 0xC0, 0x0E, 0x00, 0xE0, 0x0E, 0x00, 0x70, 0x07, 0x00, 0x38, 0x03, 0x80,
    0x1C, 0x01, 0xC0, 0x1C, 0x00, 0xE0, 0x0E, 0x00, 0x70, 0x00, 0x3F, 0x07, 0xE7, 0xFC, 0xFF, 0xBC,
    0xE7, 0x9C, 0x83, 0x90, 0x70, 0x1C, 0x03, 0x80, 0xE0, 0x1C, 0x0E, 0x01, 0xC0, 0xF0, 0x1E, 0x07,
    0x00, 0xE0, 0x70, 0x0E, 0x07, 0x80, 0xE0, 0x38, 0x07, 0x01, 0xC0, 0x38, 0x04, 0x01, 0x80, 0x00,
    0x00, 0x01, 0x00, 0x20, 0x1C, 0x03, 0x80, 0xE0, 0x1C, 0x07, 0x00, 0xE0, 0x3F, 0x0E, 0xFF, 0x8E,
    0xF3, 0x8E, 0x41, 0xCE, 0x01, 0xCE, 0x01, 0xC6, 0x03, 0x86, 0x07, 0x86, 0x07, 0x06, 0x0E, 0x06,
    0x1E, 0x06, 0x1C, 0x06, 0x1C, 0x06, 0x08, 0x06, 0x00, 0x00, 0x08, 0x06, 0x1C, 0x0F, 0x1C, 0x0F,
    0x1C, 0x0E, 0x60, 0xFC, 0x71, 0xFE, 0x63, 0xCF, 0x61, 0x07, 0x60, 0x07, 0x60, 0x07, 0x60, 0x0E,
    0x60, 0x1E, 0x60, 0x1C, 0x60, 0x38, 0x60, 0x38, 0x60, 0x70, 0x60, 0x70, 0x60, 0x20, 0x00, 0x00,
    0x60, 0x20, 0xF0, 0x70, 0xF0, 0x78, 0xF0, 0x70, 0x00, 0x01, 0xC0, 0x10, 0x32, 0x67, 0xFC, 0x3E,
    0x07, 0xC3, 0xAE, 0x64, 0xC1, 0x80, 0x38, 0x00, 0x00, 0xE0, 0x18, 0x19, 0x33, 0xAE, 0x1F, 0x03,
    0xE1, 0xFF, 0x32, 0x60, 0x40, 0x1C, 0x00, 0x3E, 0x3F, 0x9D, 0xDC, 0x6E, 0x3F, 0x1F, 0x8C, 0xEE,
    0x7F, 0x1F, 0x00, 0x07, 0x07, 0x87, 0xC7, 0xE7, 0x73, 0x3B, 0xFF, 0xFF, 0x07, 0x03, 0x80, 0x7E,
    0xFD, 0x87, 0xEF, 0xE3, 0xC1, 0xE7, 0xFF, 0xF8, 0x0F, 0x1F, 0x9F, 0x0F, 0xC7, 0xF3, 0xB9, 0x8E,
    0xEE, 0x7F, 0x1F, 0x00, 0x7F, 0x3F, 0x81, 0xC1, 0xC0, 0xE0, 0xE0, 0x70, 0x30, 0x38, 0x1C, 0x00,
    0x3E, 0x3F, 0x9D, 0xCE, 0xE7, 0xE3, 0xF9, 0x8D, 0xEE, 0x7F, 0x1F, 0x00, 0x3E, 0x3F, 0x9D, 0xDC,
    0x67, 0xF1, 0xF8, 0x1C, 0x3E, 0x7E, 0x3C, 0x00, 0x3E, 0x3F, 0x9D, 0xDC, 0x6E, 0x3F, 0x1F, 0x8C,
    0xEE, 0x7F, 0x1F, 0x00, 0x3B, 0xFF, 0xF1, 0x8C, 0x63, 0x18, 0xC0, 0x7E, 0x7F, 0x67, 0x07, 0x0E,
    0x1C, 0x38, 0x70, 0x7F, 0x7F, 0x7E, 0x7E, 0x6F, 0x3E, 0x3E, 0x0F, 0x07, 0x67, 0x7F, 0x7E, 0x07,
    0x07, 0x87, 0xC7, 0xE7, 0x73, 0x3B, 0xFF, 0xFF, 0x07, 0x03, 0x80, 0x7E, 0xFD, 0x87, 0xEF, 0xE3,
    0xC1, 0xE7, 0xFF, 0xF8, 0x0F, 0x1F, 0x9F, 0x0F, 0xC7, 0xF3, 0xB9, 0x8E, 0xEE, 0x7F, 0x1F, 0x00,
    0x7F, 0x3F, 0x81, 0xC1, 0xC0, 0xE0, 0xE0, 0x70, 0x30, 0x38, 0x1C, 0x00, 0x3E, 0x3F, 0x9D, 0xCE,
    0xE7, 0xE3, 0xF9, 0x8D, 0xEE, 0x7F, 0x1F, 0x00, 0x3E, 0x3F, 0x9D, 0xDC, 0x67, 0xF1, 0xF8, 0x1C,
    0x3E, 0x7E, 0x3C, 0x00, 0x70, 0x0E, 0x71, 0x8E, 0x73, 0xCE, 0x73, 0xCE, 0x33, 0xCC, 0x33, 0xCC,
    0x33, 0xCC, 0x3B, 0xCC, 0xFF, 0xFF, 0x7F, 0xFE, 0x3E, 0x7C, 0x3E, 0x78, 0x1E, 0x78, 0x1E, 0x78,
    0x1E, 0x78, 0x1E, 0x78, 0x1E, 0x78, 0x1C, 0x78, 0x00, 0xE0, 0x07, 0x03, 0xFE, 0x1F, 0xE0, 0x0E,
    0x0F, 0x70, 0xFF, 0x8F, 0x7C, 0x70, 0xE3, 0x07, 0x18, 0x38, 0xC1, 0xC7, 0x0E, 0x38, 0xF0, 0xFF,
    0x83, 0xE8, 0x00, 0x03, 0xFF, 0x1F, 0xFC, 0x07, 0xF8, 0x7F, 0x87, 0xCC, 0x38, 0x03, 0x80, 0x7F,
    0xF3, 0xFF, 0x87, 0x00, 0x38, 0x07, 0xFE, 0x3F, 0xF0, 0x70, 0x03, 0xC0, 0x0E, 0x00, 0x7C, 0x61,
    0xFF, 0x07, 0xF8, 0xFF, 0xFF, 0xFF, 0xC1, 0xC0, 0x0E, 0x00, 0x70, 0x03, 0xF0, 0x1F, 0x83, 0xF0,
    0x7F, 0x03, 0xF8, 0x01, 0xF8, 0x0F, 0xC1, 0xF8, 0x3F, 0x81, 0xFC, 0x00, 0xE0, 0x07, 0x00, 0x1F,
    0xC0, 0x7F, 0xC1, 0x8F, 0x00, 0x1C, 0x00, 0x71, 0xFF, 0xF7, 0xFF, 0xC0, 0xF8, 0x07, 0xC0, 0x7C,
    0x07, 0xFF, 0xDF, 0xFF, 0x38, 0x00, 0xE0, 0x03, 0xC7, 0x0F, 0xFE, 0x0F, 0xF0, 0xFF, 0xFF, 0xFF,
    0xC0, 0xF0, 0x03, 0x8F, 0xFF, 0x7F, 0xF8, 0x07, 0x00, 0xF8, 0xFF, 0x87, 0xF0, 0x1E, 0x00, 0x78,
    0x01, 0xC0, 0x07, 0x00, 0x3C, 0x00, 0xF0, 0x03, 0xC0, 0x01, 0x00, 0x00, 0x03, 0x80, 0x00, 0x07,
    0x00, 0x00, 0x0E, 0x00, 0x00, 0x3C, 0x00, 0x00, 0x7F, 0xFF, 0xFF, 0x7F, 0xFF, 0xFF, 0x3C, 0x00,
    0x00, 0x1E, 0x00, 0x00, 0x0F, 0x00, 0x00, 0x07, 0x00, 0x00, 0x03, 0x80, 0x00, 0x01, 0x00, 0x00,
    0x00, 0x00, 0x10, 0x01, 0xC0, 0x1F, 0x01, 0xFC, 0x1F, 0xF1, 0xFF, 0xDE, 0xEF, 0x47, 0x10, 0x38,
    0x01, 0xC0, 0x0E, 0x00, 0x70, 0x03, 0x80, 0x1C, 0x00, 0xE0, 0x07, 0x00, 0x38, 0x01, 0xC0, 0x0E,
    0x00, 0x70, 0x03, 0x80, 0x1C, 0x00, 0xE0, 0x00, 0x00, 0x40, 0x00, 0x00, 0x70, 0x00, 0x00, 0x1C,
    0x00, 0x00, 0x07, 0x00, 0x00, 0x01, 0xE3, 0xFF, 0xFF, 0xF9, 0xFF, 0xFF, 0xFC, 0x00, 0x00, 0x3C,
    0x00, 0x00, 0x3C, 0x00, 0x00, 0x3C, 0x00, 0x00, 0x3C, 0x00, 0x00, 0x1C, 0x00, 0x00, 0x04, 0x00,
    0x07, 0x00, 0x38, 0x01, 0xC0, 0x0E, 0x00, 0x70, 0x03, 0x80, 0x1C, 0x00, 0xE0, 0x07, 0x00, 0x38,
    0x01, 0xC0, 0x0E, 0x00, 0x70, 0x03, 0x80, 0x1C, 0x08, 0xE2, 0xF7, 0x7B, 0xFF, 0x8F, 0xF8, 0x3F,
    0x80, 0xF8, 0x03, 0x80, 0x08, 0x00, 0x00, 0x00, 0x00, 0x00, 0x01, 0xC0, 0x70, 0x01, 0xE0, 0x3C,
    0x01, 0xE0, 0x0F, 0x01, 0xE0, 0x03, 0xC1, 0xE0, 0x00, 0xF1, 0xFF, 0xFF, 0xFC, 0xFF, 0xFF, 0xFE,
    0x1C, 0x00, 0x1C, 0x07, 0x00, 0x1C, 0x01, 0xC0, 0x1C, 0x00, 0x70, 0x1C, 0x00, 0x10, 0x04, 0x00,
    0x00, 0x00, 0x30, 0x01, 0xC0, 0x1F, 0x01, 0xFC, 0x1F, 0xF1, 0xDD, 0xDC, 0xE6, 0x47, 0x10, 0x38,
    0x01, 0xC0, 0x0E, 0x00, 0x70, 0x03, 0x80, 0x1C, 0x00, 0xE0, 0x67, 0x37, 0xBB, 0xDF, 0xFC, 0x7F,
    0xC1, 0xFC, 0x07, 0xC0, 0x1C, 0x00, 0x40, 0x80, 0x00, 0x3F, 0xE0, 0x0F, 0xFC, 0x03, 0xE0, 0x00,
    0xFC, 0x00, 0x3F, 0x80, 0x0E, 0xF0, 0x03, 0x9E, 0x00, 0xE3, 0x80, 0x38, 0x70, 0x00, 0x0E, 0x00,
    0x01, 0xC0, 0x00, 0x38, 0x00, 0x07, 0x00, 0x00, 0xE0, 0x00, 0x1C, 0x00, 0x03, 0x80, 0x00, 0x60,
    0x00, 0x18, 0x00, 0x00, 0x40, 0x1F, 0xF0, 0x0F, 0xFC, 0x00, 0x1F, 0x00, 0x0F, 0xC0, 0x07, 0xF0,
    0x03, 0xDC, 0x01, 0xE7, 0x00, 0x71, 0xC0, 0x38, 0x70, 0x1C, 0x00, 0x0E, 0x00, 0x07, 0x00, 0x03,
    0x80, 0x01, 0xC0, 0x00, 0xE0, 0x00, 0x70, 0x00, 0x18, 0x00, 0x04, 0x00, 0x00, 0x40, 0x00, 0x18,
    0x00, 0x07, 0x00, 0x00, 0xE0, 0x00, 0x1C, 0x00, 0x03, 0x80, 0x00, 0x70, 0x00, 0x0E, 0x00, 0x01,
    0xC0, 0x00, 0x38, 0x70, 0x07, 0x1C, 0x00, 0xE7, 0x00, 0x1D, 0xC0, 0x03, 0xF0, 0x00, 0xFC, 0x00,
    0x7F, 0x00, 0xFF, 0xC0, 0x1F, 0xF0, 0x00, 0x0C, 0x00, 0x00, 0x80, 0x00, 0x60, 0x00, 0x38, 0x00,
    0x1C, 0x00, 0x0E, 0x00, 0x07, 0x00, 0x03, 0x80, 0x01, 0xC0, 0x00, 0xE0, 0x38, 0x70, 0x0E, 0x38,
    0x03, 0x9E, 0x00, 0xEF, 0x00, 0x3F, 0x80, 0x0F, 0xC0, 0x03, 0xE0, 0x00, 0xFF, 0xC0, 0x3F, 0xE0,
    0x0C, 0x00, 0x00, 0x7F, 0xFF, 0xFD, 0xFF, 0xFF, 0xFD, 0xFF, 0xFF, 0xF0, 0x00, 0x00, 0x01, 0xE3,
    0x00, 0x03, 0xFF, 0x00, 0x07, 0xFE, 0x00, 0x0F, 0x80, 0x00, 0x0F, 0x80, 0x00, 0x1B, 0x80, 0x00,
    0x33, 0x80, 0x00, 0x63, 0x80, 0x01, 0xC3, 0x80, 0x01, 0x83, 0x80, 0x00, 0x03, 0x80, 0x00, 0x03,
    0x80, 0x00, 0x03, 0x80, 0x00, 0x07, 0x80, 0x00, 0x07, 0x80, 0x00, 0x07, 0x80, 0x00, 0x07, 0x00,
    0x00, 0x06, 0x00, 0x00, 0x00, 0x00, 0x70, 0xE0, 0x00, 0x38, 0xF0, 0x00, 0x1C, 0x70, 0x00, 0x0E,
    0xF0, 0x00, 0x07, 0xF0, 0x00, 0x03, 0xFF, 0xFF, 0xFD, 0xFF, 0xFF, 0xFE, 0xEE, 0x00, 0x00, 0x73,
    0x80, 0x00, 0x38, 0xE0, 0x00, 0x1C, 0x38, 0x00, 0x06, 0x0C, 0x18, 0x30, 0x00, 0x0E, 0x18, 0x00,
    0x03, 0x8C, 0x00, 0x00, 0xE6, 0x00, 0x00, 0x3B, 0x3F, 0xFF, 0xFF, 0x9F, 0xFF, 0xFF, 0xC0, 0x00,
    0x07, 0xF0, 0x00, 0x07, 0xB8, 0x00, 0x07, 0x1C, 0x00, 0x07, 0x8E, 0x00, 0x03, 0x87, 0x00, 0x00,
    0x00, 0x00, 0x00, 0x00, 0x00, 0x00, 0x00, 0x70, 0x00, 0x00, 0x3C, 0x00, 0x00, 0x0F, 0x00, 0x00,
    0x03, 0xC0, 0x00, 0x00, 0xF1, 0xFF, 0xFF, 0xFC, 0xFF, 0xFF, 0xFE, 0x00, 0x00, 0x1C, 0x00, 0x00,
    0x1C, 0x00, 0x00, 0x1C, 0x00, 0x00, 0x1C, 0x00, 0x30, 0x0E, 0x00, 0x1C, 0x00, 0x00, 0x1C, 0x00,
    0x00, 0x1C, 0x00, 0x00, 0x1C, 0x00, 0x00, 0x3F, 0xFF, 0xFF, 0x9F, 0xFF, 0xFF, 0xC7, 0x80, 0x00,
    0x01, 0xE0, 0x00, 0x00, 0x78, 0x00, 0x00, 0x1E, 0x00, 0x00, 0x07, 0x00, 0x00, 0x00, 0x00, 0x00,
    0x00, 0x00, 0x00, 0x00, 0x0C, 0x01, 0x80, 0x3C, 0x03, 0x00, 0xFC, 0x06, 0x03, 0xF8, 0x0C, 0x0F,
    0xFC, 0x18, 0x3D, 0xBC, 0x30, 0x73, 0x38, 0x60, 0x46, 0x20, 0xC0, 0x0C, 0x01, 0x80, 0x18, 0x03,
    0x00, 0x30, 0x06, 0x00, 0x60, 0x0C, 0x00, 0xC0, 0x18, 0x01, 0x80, 0x30, 0x03, 0x00, 0x60, 0x06,
    0x18, 0xC6, 0x0C, 0x39, 0x9C, 0x18, 0x3B, 0x70, 0x30, 0x3F, 0xC0, 0x60, 0x3F, 0x00, 0xC0, 0x3C,
    0x01, 0x80, 0x78, 0x03, 0x00, 0x60, 0x00, 0x00, 0x00, 0x01, 0xC0, 0x00, 0x01, 0xE0, 0x00, 0x01,
    0xE0, 0x00, 0x01, 0xE0, 0x00, 0x01, 0xE0, 0x00, 0x01, 0xFF, 0xFF, 0xFC, 0xFF, 0xFF, 0xFE, 0x1C,
    0x00, 0x00, 0x07, 0x00, 0x00, 0x01, 0xC0, 0x00, 0x00, 0x70, 0x00, 0x00, 0x38, 0x0C, 0x00, 0x00,
    0x07, 0x00, 0x00, 0x01, 0xC0, 0x00, 0x00, 0x70, 0x00, 0x00, 0x1C, 0x3F, 0xFF, 0xFF, 0x9F, 0xFF,
    0xFF, 0xC0, 0x00, 0x03, 0xC0, 0x00, 0x03, 0xC0, 0x00, 0x03, 0xC0, 0x00, 0x03, 0xC0, 0x00, 0x01,
    0xC0, 0x00, 0x00, 0x00, 0x00, 0x00, 0x00, 0x00, 0x00, 0xC0, 0x00, 0x00, 0xE0, 0x00, 0x00, 0xE0,
    0x00, 0x00, 0xE0, 0x00, 0x00, 0xE0, 0x00, 0x00, 0xFF, 0xFF, 0xFC, 0xFF, 0xFF, 0xFE, 0x00, 0x00,
    0x00, 0x00, 0x00, 0x00, 0x00, 0x00, 0x00, 0x00, 0x00, 0x00, 0x00, 0x00, 0x00, 0x00, 0x00, 0x00,
    0x00, 0x00, 0x00, 0x00, 0xFF, 0xFF, 0xFE, 0x7F, 0xFF, 0xFE, 0x00, 0x00, 0x0E, 0x00, 0x00, 0x0E,
    0x00, 0x00, 0x0E, 0x00, 0x00, 0x0E, 0x00, 0x00, 0x06, 0x00, 0x00, 0x00, 0x00, 0x00, 0x00, 0x00,
    0x00, 0x00, 0x60, 0x00, 0x00, 0x38, 0x00, 0x00, 0x0E, 0x00, 0x00, 0x03, 0x80, 0x00, 0x00, 0xE1,
    0xFF, 0xFF, 0xF8, 0xFF, 0xFF, 0xFE, 0x00, 0x00, 0x00, 0x00, 0x00, 0x00, 0x00, 0x00, 0x00, 0x00,
    0x00, 0x00, 0x00, 0x00, 0x00, 0x00, 0x00, 0x00, 0x00, 0x00, 0x00, 0x00, 0xFF, 0xFF, 0xFE, 0x3F,
    0xFF, 0xFF, 0x0E, 0x00, 0x00, 0x03, 0x80, 0x00, 0x00, 0xE0, 0x00, 0x00, 0x38, 0x00, 0x00, 0x0C,
    0x00, 0x00, 0x00, 0x00, 0x00, 0x00, 0x00, 0x00, 0x00, 0xC0, 0x00, 0x01, 0xC0, 0x00, 0x03, 0xC0,
    0x00, 0x03, 0x80, 0x00, 0x07, 0xFF, 0xFF, 0x0F, 0xFF, 0xFF, 0x1C, 0x00, 0x00, 0x78, 0x00, 0x00,
    0xF0, 0x00, 0x00, 0x78, 0x00, 0x00, 0x1C, 0x00, 0x00, 0x0F, 0xFF, 0xFF, 0x07, 0xFF, 0xFF, 0x03,
    0x80, 0x00, 0x03, 0xC0, 0x00, 0x01, 0xC0, 0x00, 0x00, 0xC0, 0x00, 0x00, 0x00, 0x00, 0x00, 0x01,
    0x80, 0x00, 0x00, 0xE0, 0x00, 0x00, 0x70, 0x00, 0x00, 0x1C, 0x07, 0xFF, 0xFF, 0x03, 0xFF, 0xFF,
    0xC0, 0x00, 0x00, 0x70, 0x00, 0x00, 0x1C, 0x00, 0x00, 0x07, 0x00, 0x00, 0x07, 0x80, 0x00, 0x07,
    0x0F, 0xFF, 0xFF, 0x07, 0xFF, 0xFF, 0x00, 0x00, 0x07, 0x00, 0x00, 0x03, 0x80, 0x00, 0x03, 0x80,
    0x00, 0x01, 0x80, 0x00, 0x00, 0x00, 0x00, 0x00, 0xC1, 0x80, 0x00, 0xE0, 0xE0, 0x00, 0xE0, 0x38,
    0x00, 0xE0, 0x1E, 0x00, 0x7F, 0xFF, 0x00, 0x7F, 0xFF, 0xC0, 0x70, 0x00, 0x70, 0xF0, 0x00, 0x1E,
    0xF0, 0x00, 0x07, 0x3C, 0x00, 0x07, 0x8F, 0x00, 0x07, 0x83, 0xFF, 0xFF, 0x80, 0xFF, 0xFF, 0x80,
    0x38, 0x03, 0x80, 0x0E, 0x03, 0x80, 0x03, 0x83, 0x80, 0x01, 0xC1, 0xC0, 0x00, 0x00, 0x00, 0x00,
    0x00, 0x00, 0x00, 0x00, 0x60, 0x00, 0x00, 0xE0, 0x00, 0x01, 0xE0, 0x00, 0x03, 0x60, 0x00, 0x06,
    0x7F, 0xFF, 0x0C, 0x00, 0x03, 0x18, 0x00, 0x03, 0x70, 0x00, 0x03, 0x60, 0x00, 0x03, 0x70, 0x00,
    0x03, 0x18, 0x00, 0x03, 0x0C, 0x00, 0x03, 0x06, 0x7F, 0xFF, 0x03, 0x60, 0x00, 0x01, 0xE0, 0x00,
    0x00, 0xE0, 0x00, 0x00, 0x60, 0x00, 0x00, 0x00, 0x00, 0x00, 0x40, 0x00, 0x1C, 0x00, 0x07, 0xC0,
    0x00, 0xD8, 0x00, 0x31, 0x80, 0x0C, 0x18, 0x03, 0x01, 0x80, 0xC0, 0x18, 0x38, 0x03, 0x86, 0x00,
    0x31, 0xF8, 0x3F, 0x03, 0x06, 0x00, 0x60, 0xC0, 0x0C, 0x18, 0x01, 0x83, 0x00, 0x30, 0x60, 0x06,
    0x0C, 0x00, 0xC1, 0x80, 0x18, 0x30, 0x03, 0x06, 0x00, 0x60, 0xC0, 0x0C, 0x18, 0x01, 0x83, 0x00,
    0x3F, 0xE0, 0x00, 0x00, 0x00, 0x00, 0x06, 0x00, 0x00, 0x07, 0x00, 0x00, 0x07, 0x80, 0x00, 0x06,
    0xC0, 0xFF, 0xFE, 0x60, 0xC0, 0x00, 0x30, 0xC0, 0x00, 0x18, 0xC0, 0x00, 0x0E, 0xC0, 0x00, 0x06,
    0xC0, 0x00, 0x0E, 0xC0, 0x00, 0x18, 0xC0, 0x00, 0x30, 0xFF, 0xFE, 0x60, 0x00, 0x06, 0xC0, 0x00,
    0x07, 0x80, 0x00, 0x07, 0x00, 0x00, 0x06, 0x00, 0x00, 0x00, 0x00, 0x07, 0xFC, 0x00, 0xC1, 0x80,
    0x18, 0x30, 0x03, 0x06, 0x00, 0x60, 0xC0, 0x0C, 0x18, 0x01, 0x83, 0x00, 0x30, 0x60, 0x06, 0x0C,
    0x00, 0xC1, 0x80, 0x18, 0x30, 0x03, 0x06, 0x00, 0x60, 0xC0, 0xFC, 0x1F, 0x8C, 0x00, 0x61, 0xC0,
    0x1C, 0x18, 0x03, 0x01, 0x80, 0xC0, 0x18, 0x30, 0x01, 0x8C, 0x00, 0x1B, 0x00, 0x03, 0xE0, 0x00,
    0x38, 0x00, 0x02, 0x00, 0x00, 0x00, 0x00, 0x0C, 0x01, 0x80, 0x18, 0x07, 0x80, 0x30, 0x1F, 0x80,
    0x60, 0x7F, 0x00, 0xC1, 0xFF, 0x81, 0x87, 0xB7, 0x83, 0x0E, 0x67, 0x06, 0x08, 0xC4, 0x0C, 0x01,
    0x80, 0x18, 0x03, 0x00, 0x30, 0x06, 0x00, 0x60, 0x0C, 0x00, 0xC0, 0x18, 0x01, 0x80, 0x30, 0x03,
    0x00, 0x60, 0xC6, 0x30, 0xC1, 0xCC, 0xE1, 0x81, 0xDB, 0x83, 0x01, 0xFE, 0x06, 0x01, 0xF8, 0x0C,
    0x01, 0xE0, 0x18, 0x03, 0xC0, 0x30, 0x03, 0x00, 0x60, 0x20, 0x00, 0x23, 0x00, 0x01, 0x9C, 0x00,
    0x1C, 0xE0, 0x00, 0xC3, 0x80, 0x0E, 0x1C, 0x00, 0x60, 0x70, 0x07, 0x03, 0xFF, 0xF8, 0x0F, 0xFF,
    0x80, 0x70, 0x1C, 0x01, 0xC1, 0xC0, 0x0E, 0x0E, 0x00, 0x38, 0xE0, 0x01, 0xC7, 0x00, 0x07, 0x70,
    0x00, 0x3B, 0x80, 0x00, 0xF8, 0x00, 0x07, 0xC0, 0x00, 0x1C, 0x00, 0x00, 0xE0, 0x00, 0x02, 0x00,
    0x00, 0x7F, 0x83, 0xFE, 0x18, 0xF8, 0x01, 0xE0, 0x07, 0x00, 0x38, 0x01, 0xC3, 0xFF, 0x3F, 0xFB,
    0xE7, 0xFC, 0x1F, 0xC0, 0xFE, 0x07, 0x70, 0x3B, 0x81, 0xDC, 0x1C, 0xFB, 0xE3, 0xFE, 0x0F, 0xE0,
    0x7F, 0xFF, 0xFF, 0xFF, 0x00, 0x03, 0x00, 0x03, 0x00, 0x03, 0x00, 0x03, 0x00, 0x03, 0x00, 0x03,
    0x00, 0x03, 0xFF, 0xFF, 0x7F, 0xFF, 0x00, 0x03, 0x00, 0x03, 0x00, 0x03, 0x00, 0x03, 0x00, 0x03,
    0x00, 0x03, 0x7F, 0xFF, 0xFF, 0xFF, 0x03, 0xF8, 0x01, 0xFF, 0xD8, 0x78, 0x3F, 0x1E, 0x03, 0xC7,
    0x00, 0x7C, 0xE0, 0x1F, 0xB8, 0x07, 0x3F, 0x01, 0xC7, 0xC0, 0x70, 0xF8, 0x1C, 0x0F, 0x87, 0x01,
    0xF1, 0xC0, 0x7E, 0x70, 0x0E, 0xFC, 0x03, 0x9F, 0x00, 0x71, 0xE0, 0x3C, 0x7E, 0x0F, 0x0D, 0xFF,
    0xC0, 0x0F, 0xE0, 0x00, 0x03, 0xC0, 0x01, 0xE0, 0x01, 0xF8, 0x00, 0xFC, 0x00, 0x67, 0x00, 0x73,
    0x80, 0x38, 0xE0, 0x38, 0x70, 0x1C, 0x38, 0x1C, 0x0E, 0x0E, 0x07, 0x07, 0x03, 0xC7, 0x00, 0xE3,
    0x80, 0x71, 0xC0, 0x3D, 0xFF, 0xFE, 0xFF, 0xFF, 0x00, 0xFF, 0xFF, 0xFF, 0xFF, 0xF9, 0xC0, 0x07,
    0x38, 0x01, 0xE3, 0x80, 0x38, 0x70, 0x07, 0x07, 0x01, 0xC0, 0xE0, 0x38, 0x1C, 0x0F, 0x01, 0xC1,
    0xC0, 0x38, 0x38, 0x03, 0x8E, 0x00, 0x71, 0xC0, 0x0E, 0x70, 0x00, 0xEE, 0x00, 0x1D, 0xC0, 0x01,
    0xF0, 0x00, 0x3E, 0x00, 0x03, 0x80, 0x00, 0x07, 0xFF, 0xE3, 0xFF, 0xFC, 0xFC, 0x00, 0x3C, 0x00,
    0x07, 0x00, 0x01, 0xC0, 0x00, 0x38, 0x00, 0x06, 0x00, 0x00, 0xFF, 0xFF, 0xFF, 0xFF, 0xFF, 0x80,
    0x00, 0x70, 0x00, 0x07, 0x00, 0x00, 0xE0, 0x00, 0x0F, 0x00, 0x00, 0xFF, 0xFF, 0x07, 0xFF, 0xE0,
    0x00, 0x00, 0x00, 0x1C, 0x00, 0x03, 0x80, 0x03, 0xFF, 0xF1, 0xFF, 0xFE, 0x7F, 0xC0, 0x1E, 0x38,
    0x03, 0x87, 0x00, 0xE0, 0xE0, 0x1C, 0x1C, 0x03, 0x03, 0x80, 0x7F, 0xFF, 0xFF, 0xFF, 0xFF, 0xC1,
    0xC0, 0x38, 0x38, 0x03, 0x87, 0x00, 0x70, 0xE0, 0x07, 0x9C, 0x00, 0x7F, 0xFF, 0x83, 0xFF, 0xF0,
    0x0E, 0x00, 0x01, 0xC0, 0x00, 0x18, 0x00, 0x07, 0xF8, 0xFF, 0xCF, 0x84, 0xF0, 0x07, 0x00, 0x78,
    0x03, 0xFF, 0x9F, 0xFC, 0xE0, 0x07, 0x00, 0x38, 0x00, 0xE0, 0x07, 0xC6, 0x1F, 0xF0, 0x3F, 0x00,
    0xFF, 0xFC, 0x1F, 0xFF, 0xE0, 0x00, 0x7E, 0x00, 0x01, 0xE0, 0x00, 0x1C, 0x00, 0x01, 0xC0, 0x00,
    0x38, 0x00, 0x03, 0xFF, 0xFF, 0xFF, 0xFF, 0xFC, 0x00, 0x03, 0x80, 0x00, 0x70, 0x00, 0x1C, 0x00,
    0x03, 0x80, 0x01, 0xE7, 0xFF, 0xF8, 0xFF, 0xFC, 0x00, 0xFF, 0xFF, 0xFF, 0xFE, 0x03, 0xF8, 0x0F,
    0xE0, 0x3F, 0x80, 0xFE, 0x03, 0xF8, 0x0F, 0xE0, 0x3F, 0x80, 0xFE, 0x03, 0xF8, 0x0F, 0xE0, 0x3F,
    0x80, 0xFE, 0x03, 0xF8, 0x0F, 0xE0, 0x3F, 0x80, 0xFE, 0x03, 0xF8, 0x0F, 0xFF, 0xFF, 0xFF, 0xDC,
    0x00, 0x70, 0x03, 0xC0, 0x0E, 0x00, 0x38, 0x01, 0xE0, 0x07, 0x80, 0x1C, 0x01, 0xE0, 0x1E, 0x00,
    0xE0, 0x0F, 0x00, 0xF0, 0x07, 0x00, 0x78, 0x03, 0x80, 0x3F, 0xFF, 0xFF, 0xF0, 0xFF, 0xFF, 0xFF,
    0xFF, 0xFF, 0xFF, 0xFF, 0xFC, 0x00, 0x00, 0x00, 0x00, 0x00, 0x0E, 0x00, 0x01, 0xC0, 0x00, 0x38,
    0x00, 0x07, 0x00, 0x00, 0xE0, 0x00, 0x1C, 0x00, 0x03, 0x80, 0x7F, 0xFF, 0xFF, 0xFF, 0xFE, 0x01,
    0xC0, 0x00, 0x38, 0x00, 0x07, 0x00, 0x00, 0xE0, 0x00, 0x1C, 0x00, 0x03, 0x80, 0x00, 0x70, 0x00,
    0x0E, 0x00, 0x00, 0x38, 0x03, 0x80, 0x1C, 0x01, 0xC0, 0x0E, 0x00, 0xE0, 0x0E, 0x00, 0x70, 0x07,
    0x00, 0x38, 0x03, 0x80, 0x1C, 0x01, 0xC0, 0x1C, 0x00, 0xE0, 0x0E, 0x00, 0x70, 0x00, 0xFF, 0xF0,
    0x00, 0x0E, 0x00, 0x18, 0x00, 0x70, 0x00, 0xE0, 0x01, 0x80, 0x07, 0x00, 0x0E, 0x00, 0x1C, 0x00,
    0x30, 0x00, 0xE1, 0xE1, 0xC7, 0xC3, 0x0F, 0xCE, 0x03, 0x9C, 0x03, 0xB8, 0x07, 0x60, 0x07, 0xC0,
    0x0F, 0x80, 0x1E, 0x00, 0x1C, 0x00, 0x0F, 0x80, 0xF8, 0xFF, 0x07, 0xE7, 0x9F, 0x7C, 0x1C, 0x1F,
    0xC0, 0x60, 0x3E, 0x01, 0x80, 0x70, 0x06, 0x03, 0xE0, 0x1C, 0x1F, 0xC0, 0x79, 0xF7, 0xC8, 0xFF,
    0x07, 0xE0, 0xF8, 0x0F, 0x80, 0x3C, 0xF9, 0xFF, 0xF7, 0x7D, 0xF8, 0xE3, 0x77, 0xDD, 0xFF, 0xF3,
    0xEF, 0x80, 0x00, 0x00, 0x30, 0x00, 0x0C, 0x00, 0x03, 0x00, 0x00, 0xC0, 0x00, 0x30, 0x00, 0x0C,
    0x00, 0x03, 0x00, 0x00, 0xC0, 0x00, 0x30, 0x00, 0x0C, 0x00, 0x03, 0x00, 0x00, 0xC0, 0x00, 0x30,
    0x00, 0x0C, 0x00, 0x03, 0x00, 0x00, 0xC0, 0x00, 0x30, 0x00, 0x0F, 0xFF, 0xFF, 0xFF, 0xFF, 0x00,
    0x00, 0xC0, 0x00, 0x0C, 0x00, 0x01, 0xC0, 0x00, 0x38, 0x00, 0x07, 0x00, 0x00, 0xE0, 0x00, 0x1C,
    0x00, 0x03, 0x80, 0x00, 0x70, 0x00, 0x0E, 0x00, 0x01, 0xC0, 0x00, 0x38, 0x00, 0x07, 0x00, 0x00,
    0xE0, 0x00, 0x1C, 0x00, 0x03, 0x80, 0x00, 0x7F, 0xFF, 0xFF, 0xFF, 0xFF, 0xFF, 0xFF, 0xFF, 0xFF,
    0xFF, 0xFF, 0xFD, 0x00, 0x00, 0xC0, 0x03, 0x80, 0x06, 0x10, 0x1C, 0x70, 0x30, 0xE0, 0xE3, 0x81,
    0x87, 0x07, 0x1C, 0x0C, 0x38, 0x38, 0xE0, 0x61, 0xC1, 0xC7, 0x03, 0x0E, 0x0E, 0x38, 0x18, 0x70,
    0x71, 0xC0, 0xC3, 0x80, 0x0E, 0x00, 0x1C, 0x00, 0x10, 0x00, 0x00, 0xC0, 0x03, 0x80, 0x06, 0x10,
    0x9C, 0x73, 0xB0, 0xE7, 0xE3, 0x87, 0x87, 0x07, 0x1C, 0x0F, 0x38, 0x3F, 0xE0, 0x67, 0xC1, 0xCF,
    0x03, 0x0E, 0x0E, 0x3E, 0x18, 0x7E, 0x71, 0xCC, 0xC3, 0x80, 0x0E, 0x00, 0x1C, 0x00, 0x10, 0x00,
    0x00, 0x20, 0x00, 0x01, 0x00, 0x00, 0x1C, 0x00, 0x00, 0xE0, 0x00, 0x0F, 0x80, 0x00, 0xEE, 0x00,
    0x07, 0x70, 0x00, 0x71, 0xC0, 0x03, 0x8E, 0x00, 0x38, 0x38, 0x01, 0xC1, 0xC0, 0x1C, 0x07, 0x00,
    0xE0, 0x38, 0x0E, 0x00, 0xE0, 0x70, 0x07, 0x07, 0x00, 0x1C, 0x38, 0x00, 0xE3, 0x80, 0x03, 0x9C,
    0x00, 0x1C, 0xC0, 0x00, 0x60, 0x60, 0x00, 0x33, 0x80, 0x03, 0x9C, 0x00, 0x1C, 0x70, 0x01, 0xC3,
    0x80, 0x0E, 0x0E, 0x00, 0xE0, 0x70, 0x07, 0x01, 0xC0, 0x70, 0x0E, 0x03, 0x80, 0x38, 0x38, 0x01,
    0xC1, 0xC0, 0x07, 0x1C, 0x00, 0x38, 0xE0, 0x00, 0xEE, 0x00, 0x07, 0x70, 0x00, 0x1F, 0x00, 0x00,
    0xF0, 0x00, 0x03, 0x80, 0x00, 0x08, 0x00, 0x00, 0x40, 0x00, 0x07, 0xF0, 0x0F, 0xFE, 0x0F, 0x07,
    0x87, 0x01, 0xC7, 0x00, 0x73, 0x00, 0x1B, 0x80, 0x0F, 0xC0, 0x07, 0xE0, 0x03, 0xF0, 0x01, 0xF8,
    0x00, 0xFC, 0x00, 0x7E, 0x00, 0x3F, 0x00, 0x1F, 0x80, 0x0F, 0xC0, 0x07, 0xE0, 0x03, 0xF0, 0x01,
    0xF8, 0x00, 0xF8, 0x00, 0x30, 0x00, 0x00, 0x70, 0x01, 0xF8, 0x00, 0xFC, 0x00, 0x7E, 0x00, 0x3F,
    0x00, 0x1F, 0x80, 0x0F, 0xC0, 0x07, 0xE0, 0x03, 0xF0, 0x01, 0xF8, 0x00, 0xFC, 0x00, 0x7E, 0x00,
    0x3F, 0x00, 0x1D, 0x80, 0x0C, 0xE0, 0x0E, 0x38, 0x0E, 0x1E, 0x0F, 0x07, 0xFF, 0x00, 0xFE, 0x00,
    0x07, 0x83, 0xE0, 0xF0, 0x78, 0x1C, 0x07, 0x01, 0xC0, 0x70, 0x1C, 0x07, 0x01, 0xC0, 0x70, 0x1C,
    0x07, 0x01, 0xC0, 0x70, 0x1C, 0x07, 0x01, 0xC0, 0x70, 0x1C, 0x1F, 0x0F, 0x83, 0xC0, 0x03, 0xC1,
    0xE0, 0xF0, 0x7C, 0x3C, 0x0E, 0x07, 0x03, 0x81, 0xC0, 0x70, 0x38, 0x0E, 0x07, 0x01, 0xC0, 0xE0,
    0x38, 0x1C, 0x07, 0x03, 0x80, 0xE0, 0x70, 0x1C, 0x0E, 0x03, 0x81, 0xC0, 0x70, 0x38, 0x0E, 0x07,
    0x01, 0xC0, 0xE0, 0x38, 0x1C, 0x07, 0x03, 0x80, 0xE0, 0x70, 0x1C, 0x0E, 0x03, 0x81, 0xC0, 0x70,
    0x38, 0x1C, 0x0E, 0x07, 0x87, 0xC3, 0xE0, 0xF0, 0x78, 0x00, 0x03, 0xC7, 0x1E, 0x0F, 0x3E, 0x7C,
    0x3C, 0x70, 0xE0, 0x71, 0xC3, 0x81, 0xC3, 0x87, 0x03, 0x87, 0x0E, 0x07, 0x0E, 0x1C, 0x0E, 0x1C,
    0x38, 0x1C, 0x38, 0x70, 0x38, 0x70, 0xE0, 0x70, 0xE1, 0xC0, 0xE1, 0xC3, 0x81, 0xC3, 0x87, 0x03,
    0x87, 0x0E, 0x07, 0x0E, 0x1C, 0x0E, 0x1C, 0x38, 0x1C, 0x38, 0x70, 0x38, 0x70, 0xE0, 0x70, 0xE1,
    0xC0, 0xE1, 0xC3, 0x81, 0xC3, 0x87, 0x03, 0x87, 0x1C, 0x0E, 0x1C, 0x78, 0x7C, 0xF9, 0xE0, 0xF1,
    0xC7, 0x80, 0x01, 0xC0, 0xF8, 0x1C, 0x07, 0x00, 0xE0, 0x1C, 0x03, 0x80, 0x70, 0x1F, 0x07, 0xF1,
    0xBB, 0x37, 0x66, 0xEC, 0xDD, 0x9B, 0xB1, 0xFC, 0x1F, 0x01, 0xC0, 0x38, 0x07, 0x00, 0xE0, 0x1C,
    0x07, 0x03, 0xE0, 0x70, 0x00, 0x01, 0xC0, 0x01, 0xE0, 0x00, 0xF8, 0x00, 0x38, 0x00, 0x00, 0x00,
    0x00, 0x00, 0x00, 0x00, 0x00, 0x00, 0x00, 0x00, 0x00, 0x00, 0x00, 0x00, 0x00, 0x00, 0x00, 0x00,
    0x07, 0x80, 0x3F, 0xC0, 0x1F, 0xE0, 0x0F, 0x60, 0x03, 0x00, 0x60, 0x03, 0x78, 0x03, 0xFC, 0x01,
    0xFE, 0x00, 0xF0, 0x00, 0x00, 0x00, 0x00, 0x00, 0x00, 0x00, 0x00, 0x00, 0x00, 0x00, 0x00, 0x00,
    0x00, 0x00, 0x00, 0x00, 0x00, 0x00, 0x0E, 0x00, 0x0F, 0x80, 0x07, 0x80, 0x01, 0xC0, 0x00, 0x77,
    0xBE, 0xE0, 0x00, 0x00, 0x00, 0x00, 0x00, 0x3B, 0xFE, 0x70, 0x60, 0x03, 0x78, 0x03, 0xFC, 0x01,
    0xFE, 0x00, 0xF0, 0x00, 0x00, 0x00, 0x00, 0x00, 0x00, 0x00, 0x00, 0x00, 0x00, 0x00, 0x00, 0x00,
    0x00, 0x00, 0x00, 0x00, 0x00, 0x07, 0x80, 0x3F, 0xC0, 0x1F, 0xE0, 0x0F, 0x60, 0x03, 0x00, 0x0F,
    0x00, 0xF8, 0x1F, 0x81, 0xFF, 0x1E, 0x01, 0xF3, 0xCE, 0x01, 0xE0, 0xE6, 0x00, 0xE0, 0x33, 0x00,
    0xE0, 0x19, 0x80, 0xE0, 0x0C, 0xE0, 0xF0, 0x0E, 0x79, 0xF0, 0x4F, 0x1F, 0xF0, 0x3F, 0x03, 0xE0,
    0x1E, 0x00, 0x1F, 0x80, 0x6F, 0xF8, 0x1D, 0xC7, 0xEF, 0x70, 0x3F, 0xC4, 0x01, 0xF0, 0x00, 0x00,
    0x00, 0x00, 0x00, 0x00, 0x00, 0xFF, 0xFF, 0xFF, 0xFF, 0xFC, 0x1F, 0x80, 0x6F, 0xF8, 0x1D, 0xC7,
    0xEF, 0x70, 0x3F, 0xC4, 0x01, 0xF0, 0x00, 0x00, 0x3F, 0xFF, 0xFF, 0xFF, 0xFF, 0x00, 0x00, 0x00,
    0x00, 0x03, 0xFF, 0xFF, 0xFF, 0xFF, 0xF0, 0x7C, 0x3F, 0xF7, 0xEF, 0xFC, 0x3E, 0x00, 0x00, 0x00,
    0x7C, 0x3F, 0xF7, 0xEF, 0xFC, 0x3E, 0x1F, 0x00, 0xFC, 0x1F, 0x81, 0xFF, 0x1C, 0x01, 0xE1, 0xCC,
    0x01, 0xC0, 0x66, 0x01, 0xC0, 0x33, 0x00, 0xE0, 0x19, 0x81, 0xE0, 0x0C, 0xE1, 0xE0, 0x0E, 0x3F,
    0xE0, 0x7E, 0x0F, 0xC0, 0x3E, 0x00, 0x00, 0x00, 0x00, 0x00, 0x00, 0x00, 0x00, 0x00, 0x00, 0xFF,
    0xFF, 0xE0, 0x7F, 0xFF, 0xF0, 0x00, 0x00, 0x00, 0x00, 0x00, 0x00, 0x0F, 0xFF, 0xFE, 0x07, 0xFF,
    0xFF, 0x00, 0x00, 0xC0, 0x1C, 0x01, 0xCF, 0xFF, 0xFF, 0xF0, 0x70, 0x07, 0x00, 0xE0, 0xFF, 0xFF,
    0xFF, 0x38, 0x03, 0x80, 0x30, 0x00, 0xFF, 0xFF, 0xFF, 0xFF, 0xFC, 0x00, 0x00, 0x00, 0x00, 0x00,
    0x00, 0x00, 0x00, 0x00, 0x3F, 0xFF, 0xFF, 0xFF, 0xFF, 0x00, 0x00, 0x00, 0x00, 0x00, 0x00, 0x00,
    0x7F, 0xFF, 0xFF, 0xFF, 0xFE, 0x00, 0x18, 0x00, 0x03, 0x80, 0x00, 0x60, 0x00, 0x1C, 0x0F, 0xFF,
    0xFF, 0xFF, 0xFF, 0xC0, 0x1C, 0x00, 0x03, 0x80, 0x00, 0x60, 0x1F, 0xFF, 0xFF, 0xFF, 0xFF, 0x80,
    0x60, 0x00, 0x1C, 0x01, 0xFF, 0xFF, 0xFF, 0xFF, 0xF8, 0x1C, 0x00, 0x03, 0x00, 0x00, 0xE0, 0x00,
    0x0C, 0x00, 0x00, 0x00, 0x70, 0x1F, 0x0F, 0xE3, 0xF8, 0xFC, 0x0F, 0x00, 0xFC, 0x03, 0xF8, 0x0F,
    0xE0, 0x1F, 0x00, 0x70, 0x00, 0x00, 0x0F, 0xFF, 0xFF, 0xF0, 0xE0, 0x0F, 0x80, 0x7F, 0x00, 0xFC,
    0x03, 0xF0, 0x0F, 0x03, 0xF0, 0xFC, 0x7F, 0x0F, 0x80, 0xE0, 0x00, 0x00, 0x00, 0x0F, 0xFF, 0xFF,
    0xF0, 0x00, 0x00, 0x30, 0x00, 0x07, 0x80, 0x01, 0xFC, 0x00, 0x3F, 0x00, 0x0F, 0xE0, 0x01, 0xF8,
    0x00, 0x7F, 0x00, 0x0F, 0xC0, 0x00, 0x7F, 0x00, 0x00, 0xFE, 0x00, 0x00, 0xFE, 0x00, 0x00, 0xFC,
    0x00, 0x01, 0xFC, 0x00, 0x01, 0xF8, 0x00, 0x03, 0xC0, 0x00, 0x02, 0x00, 0x00, 0x03, 0xFF, 0xFF,
    0x9F, 0xFF, 0xFC, 0x00, 0x00, 0x00, 0x00, 0x00, 0x00, 0x00, 0x01, 0xFF, 0xFF, 0xCF, 0xFF, 0xFE,
    0x60, 0x00, 0x03, 0xC0, 0x00, 0x1F, 0xC0, 0x00, 0x1F, 0x80, 0x00, 0x3F, 0x80, 0x00, 0x3F, 0x00,
    0x00, 0x7F, 0x00, 0x00, 0x7E, 0x00, 0x07, 0xF0, 0x00, 0xFC, 0x00, 0x3F, 0x80, 0x07, 0xE0, 0x01,
    0xFC, 0x00, 0x3F, 0x00, 0x01, 0xE0, 0x00, 0x08, 0x00, 0x00, 0x00, 0x00, 0x03, 0xFF, 0xFF, 0x9F,
    0xFF, 0xFC, 0x00, 0x00, 0x00, 0x00, 0x00, 0x00, 0x00, 0x01, 0xFF, 0xFF, 0xCF, 0xFF, 0xFE, 0x00,
    0x06, 0x0E, 0x00, 0x3C, 0x3C, 0x00, 0xF0, 0xE0, 0x03, 0x87, 0x80, 0x1E, 0x1E, 0x00, 0x78, 0xF0,
    0x03, 0xC3, 0xC0, 0x0F, 0x1E, 0x00, 0x78, 0x78, 0x01, 0xE1, 0xC0, 0x01, 0xE3, 0xC0, 0x01, 0xE1,
    0xE0, 0x00, 0xF1, 0xE0, 0x00, 0xF0, 0xF0, 0x00, 0x70, 0xF0, 0x00, 0x78, 0x70, 0x00, 0x78, 0x78,
    0x00, 0x3C, 0x78, 0x00, 0x38, 0x38, 0x00, 0x00, 0x20, 0xE0, 0xC0, 0x01, 0xE1, 0xE0, 0x00, 0xE1,
    0xE0, 0x00, 0xF0, 0xE0, 0x00, 0xF0, 0xF0, 0x00, 0x78, 0xF0, 0x00, 0x78, 0x78, 0x00, 0x3C, 0x78,
    0x00, 0x3C, 0x3C, 0x00, 0x1C, 0x3C, 0x00, 0x78, 0xF0, 0x03, 0xC3, 0xC0, 0x0F, 0x1E, 0x00, 0x78,
    0x78, 0x01, 0xE1, 0xC0, 0x07, 0x0F, 0x00, 0x3C, 0x3C, 0x00, 0xF1, 0xE0, 0x03, 0x83, 0x80, 0x02,
    0x00, 0x00, 0x00, 0x00, 0x60, 0x00, 0x03, 0x01, 0x80, 0x18, 0x3C, 0x00, 0xC7, 0xC0, 0x07, 0xF8,
    0x00, 0x3F, 0x00, 0x03, 0xE0, 0x00, 0x7C, 0x00, 0x0F, 0xE0, 0x01, 0xF3, 0x00, 0x3E, 0x18, 0x00,
    0xFC, 0xC0, 0x01, 0xFE, 0x00, 0x03, 0xF0, 0x00, 0x07, 0xE0, 0x00, 0x0F, 0xC0, 0x00, 0x7F, 0x80,
    0x03, 0x3F, 0x00, 0x18, 0x7C, 0x00, 0xC0, 0xE0, 0x06, 0x00, 0x00, 0x00, 0x00, 0x00, 0x70, 0x03,
    0x03, 0x80, 0x1E, 0x1C, 0x00, 0x7C, 0xE0, 0x00, 0xFF, 0x00, 0x01, 0xF8, 0x00, 0x03, 0xE0, 0x00,
    0x0F, 0xC0, 0x00, 0x7F, 0x80, 0x03, 0x9F, 0x00, 0x1C, 0x3E, 0x00, 0xE7, 0xE0, 0x07, 0xFC, 0x00,
    0x3F, 0x80, 0x03, 0xF0, 0x00, 0x7E, 0x00, 0x0F, 0xF0, 0x01, 0xFB, 0x80, 0x1F, 0x1C, 0x00, 0xE0,
    0xE0, 0x00, 0x07, 0x00, 0x00, 0x00, 0x00, 0x00, 0x00, 0x10, 0x00, 0x07, 0x80, 0x00, 0xFC, 0x00,
    0x1F, 0x80, 0x07, 0xF0, 0x00, 0xFC, 0x00, 0x1F, 0x80, 0x07, 0xF0, 0x00, 0x7C, 0x00, 0x01, 0xFC,
    0x00, 0x03, 0xF8, 0x00, 0x03, 0xF0, 0x00, 0x07, 0xF0, 0x00, 0x07, 0xE0, 0x00, 0x0F, 0xC0, 0x00,
    0x1E, 0x00, 0x00, 0x10, 0x00, 0x00, 0x03, 0xF0, 0x0C, 0x7F, 0xE0, 0xE7, 0x8F, 0xDF, 0x38, 0x1F,
    0xF1, 0x80, 0x3E, 0x00, 0x40, 0x00, 0x03, 0xC0, 0x00, 0x1F, 0x80, 0x00, 0x3F, 0x00, 0x00, 0x7F,
    0x00, 0x00, 0x7E, 0x00, 0x00, 0xFC, 0x00, 0x01, 0xFC, 0x00, 0x01, 0xF0, 0x00, 0x3F, 0x00, 0x0F,
    0xE0, 0x01, 0xF8, 0x00, 0x3F, 0x00, 0x0F, 0xE0, 0x01, 0xF8, 0x00, 0x0F, 0x00, 0x00, 0x40, 0x00,
    0x00, 0x00, 0x00, 0x03, 0xF0, 0x0C, 0x7F, 0xE0, 0xE7, 0x8F, 0xDF, 0x38, 0x1F, 0xF1, 0x80, 0x3E,
    0x00, 0x00, 0x00, 0x70, 0x00, 0x1F, 0x80, 0x07, 0xF8, 0x00, 0xFE, 0x00, 0x3F, 0x80, 0x0F, 0xE0,
    0x03, 0xF8, 0x00, 0x0F, 0xE0, 0x00, 0x0F, 0xE0, 0x02, 0x0F, 0xE0, 0x1E, 0x0F, 0xE0, 0xFE, 0x1F,
    0xE1, 0xFC, 0x1F, 0x01, 0xFC, 0x18, 0x01, 0xFC, 0x00, 0x01, 0xFC, 0x00, 0x03, 0xF8, 0x00, 0x7F,
    0x00, 0x1F, 0xC0, 0x07, 0xF0, 0x01, 0xFC, 0x00, 0x3F, 0x80, 0x01, 0xE0, 0x00, 0x08, 0x00, 0x00,
    0x70, 0x00, 0x03, 0xF0, 0x00, 0x0F, 0xE0, 0x00, 0x0F, 0xE0, 0x00, 0x0F, 0xE0, 0x00, 0x0F, 0xE0,
    0x00, 0x0F, 0xC0, 0x01, 0xFE, 0x00, 0x3F, 0x80, 0x0F, 0xE0, 0x03, 0xF8, 0x3C, 0xFE, 0x0F, 0xE7,
    0xC3, 0xFC, 0x30, 0x7F, 0x00, 0x1F, 0xC0, 0x07, 0xF0, 0x00, 0xFE, 0x00, 0x01, 0xFC, 0x00, 0x01,
    0xFC, 0x00, 0x01, 0xFC, 0x00, 0x03, 0xFC, 0x00, 0x03, 0xF8, 0x00, 0x03, 0xC0, 0x00, 0x00, 0x07,
    0xFF, 0xE3, 0xFF, 0xFC, 0xF8, 0x00, 0x3C, 0x00, 0x07, 0x00, 0x01, 0xC0, 0x00, 0x38, 0x00, 0x06,
    0x00, 0x00, 0xC0, 0x00, 0x18, 0x00, 0x03, 0x00, 0x00, 0x70, 0x00, 0x07, 0x00, 0x00, 0xF0, 0x00,
    0x0F, 0x00, 0x00, 0xFF, 0xFF, 0x07, 0xFF, 0xE0, 0xFF, 0xFC, 0x1F, 0xFF, 0xE0, 0x00, 0x3E, 0x00,
    0x01, 0xE0, 0x00, 0x1C, 0x00, 0x01, 0xC0, 0x00, 0x38, 0x00, 0x03, 0x00, 0x00, 0x60, 0x00, 0x0C,
    0x00, 0x03, 0x80, 0x00, 0x70, 0x00, 0x1C, 0x00, 0x07, 0x80, 0x01, 0xE7, 0xFF, 0xF8, 0xFF, 0xFC,
    0x00, 0x00, 0x01, 0x80, 0x00, 0x30, 0x1F, 0xFF, 0x8F, 0xFF, 0xF3, 0xE0, 0x70, 0xF0, 0x0C, 0x1C,
    0x03, 0x87, 0x00, 0x60, 0xE0, 0x1C, 0x18, 0x07, 0x03, 0x00, 0xE0, 0x60, 0x38, 0x0C, 0x07, 0x01,
    0xC1, 0xC0, 0x18, 0x38, 0x03, 0xCE, 0x00, 0x3D, 0xC0, 0x03, 0xFF, 0xFC, 0x1F, 0xFF, 0x83, 0x80,
    0x00, 0x70, 0x00, 0x00, 0x00, 0x00, 0x00, 0x08, 0x00, 0x03, 0x83, 0xFF, 0xF0, 0x7F, 0xFF, 0x80,
    0x07, 0xF8, 0x00, 0xE7, 0x80, 0x38, 0x70, 0x07, 0x07, 0x01, 0xC0, 0xE0, 0x38, 0x0C, 0x0E, 0x01,
    0x81, 0xC0, 0x30, 0x70, 0x0E, 0x0E, 0x01, 0xC3, 0x80, 0x70, 0x70, 0x1E, 0x1C, 0x07, 0x9F, 0xFF,
    0xE3, 0xFF, 0xF0, 0x1C, 0x00, 0x03, 0x00, 0x00, 0x00, 0x00, 0x00, 0x0F, 0xFF, 0xE3, 0xFF, 0xFD,
    0xF8, 0x00, 0x38, 0x00, 0x0E, 0x00, 0x01, 0x80, 0x00, 0x30, 0x00, 0x06, 0x00, 0x00, 0xC0, 0x00,
    0x1C, 0x00, 0x01, 0xC0, 0x00, 0x3C, 0x00, 0x03, 0xFF, 0xFE, 0x1F, 0xFF, 0xC0, 0x00, 0x00, 0x00,
    0x00, 0x00, 0x00, 0x00, 0x00, 0x00, 0x00, 0x00, 0x7F, 0xFF, 0xFF, 0xFF, 0xFE, 0xFF, 0xFE, 0x1F,
    0xFF, 0xE0, 0x00, 0x3F, 0x00, 0x00, 0xE0, 0x00, 0x0E, 0x00, 0x01, 0xC0, 0x00, 0x18, 0x00, 0x03,
    0x00, 0x00, 0x60, 0x00, 0x1C, 0x00, 0x07, 0x00, 0x01, 0xEF, 0xFF, 0xF9, 0xFF, 0xFC, 0x00, 0x00,
    0x00, 0x00, 0x00, 0x00, 0x00, 0x00, 0x00, 0x00, 0x00, 0x00, 0x7F, 0xFF, 0xFF, 0xFF, 0xFE, 0x0F,
    0xFF, 0xE3, 0xFF, 0xFD, 0xF8, 0x00, 0x38, 0x00, 0x0E, 0x00, 0x01, 0x80, 0x00, 0x30, 0x00, 0x06,
    0x00, 0x00, 0xC0, 0x00, 0x1C, 0x00, 0x01, 0xC0, 0x00, 0x3C, 0x00, 0x03, 0xFF, 0xFE, 0x1F, 0xFF,
    0xC0, 0x00, 0x00, 0x00, 0x00, 0x00, 0x30, 0x00, 0x0E, 0x03, 0xFF, 0xFF, 0xFF, 0xFF, 0xF0, 0x1C,
    0x00, 0x03, 0x00, 0x00, 0x00, 0x00, 0xFF, 0xFE, 0x1F, 0xFF, 0xE0, 0x00, 0x3F, 0x00, 0x00, 0xE0,
    0x00, 0x0E, 0x00, 0x01, 0xC0, 0x00, 0x18, 0x00, 0x03, 0x00, 0x00, 0x60, 0x00, 0x1C, 0x00, 0x07,
    0x00, 0x01, 0xEF, 0xFF, 0xF9, 0xFF, 0xFC, 0x00, 0x00, 0x00, 0x00, 0x00, 0x00, 0x30, 0x00, 0x0E,
    0x03, 0xFF, 0xFF, 0xFF, 0xFF, 0xF0, 0x1C, 0x00, 0x03, 0x00, 0x00, 0x00, 0x00, 0x03, 0xF8, 0x01,
    0xFF, 0xC0, 0x78, 0x3C, 0x1C, 0x71, 0xC7, 0x0E, 0x1C, 0xE1, 0xC3, 0xB8, 0x38, 0x3F, 0x07, 0x07,
    0xDF, 0xFF, 0x7B, 0xFF, 0xEF, 0x03, 0x81, 0xF0, 0x70, 0x7E, 0x0E, 0x0E, 0xE1, 0xC3, 0x9C, 0x38,
    0x71, 0xC2, 0x1C, 0x1E, 0x0F, 0x01, 0xFF, 0xC0, 0x0F, 0xE0, 0x00, 0x03, 0xF8, 0x01, 0xFF, 0xC0,
    0x78, 0x3C, 0x1C, 0x01, 0xC7, 0x00, 0x1C, 0xE0, 0x03, 0xB8, 0x00, 0x3F, 0x00, 0x07, 0xDF, 0xFF,
    0x7B, 0xFF, 0xEF, 0x00, 0x01, 0xF0, 0x00, 0x7E, 0x00, 0x0E, 0xE0, 0x03, 0x9C, 0x00, 0x71, 0xC0,
    0x1C, 0x1E, 0x0F, 0x01, 0xFF, 0xC0, 0x0F, 0xE0, 0x00, 0x03, 0xF8, 0x01, 0xFF, 0xC0, 0x78, 0x3C,
    0x1E, 0x03, 0xC7, 0x00, 0x1C, 0xEC, 0x1B, 0xB9, 0xC7, 0x3F, 0x1D, 0xC7, 0xC1, 0xF0, 0x78, 0x1C,
    0x0F, 0x07, 0xC1, 0xF1, 0xDC, 0x7E, 0x71, 0xCE, 0xEC, 0x1B, 0x9C, 0x00, 0x71, 0xC0, 0x3C, 0x1E,
    0x0F, 0x01, 0xFF, 0xC0, 0x0F, 0xE0, 0x00, 0x03, 0xF8, 0x01, 0xFF, 0xC0, 0x78, 0x3C, 0x1E, 0x03,
    0xC7, 0x00, 0x1C, 0xE0, 0x1B, 0xB8, 0x07, 0x3F, 0x01, 0xC7, 0xC0, 0x70, 0x78, 0x1C, 0x0F, 0x07,
    0x01, 0xF1, 0xC0, 0x7E, 0x70, 0x0E, 0xEC, 0x03, 0x9C, 0x00, 0x71, 0xC0, 0x3C, 0x1E, 0x0F, 0x01,
    0xFF, 0xC0, 0x0F, 0xE0, 0x00, 0x03, 0xF8, 0x01, 0xFF, 0xC0, 0x78, 0x3C, 0x1E, 0x03, 0xC7, 0x00,
    0x1C, 0xE0, 0x03, 0xB8, 0x00, 0x3F, 0x00, 0x07, 0xC0, 0xE0, 0x78, 0x1C, 0x0F, 0x03, 0x81, 0xF0,
    0x00, 0x7E, 0x00, 0x0E, 0xE0, 0x03, 0x9C, 0x00, 0x71, 0xE0, 0x3C, 0x1E, 0x0F, 0x01, 0xFF, 0xC0,
    0x0F, 0xE0, 0x00, 0xFF, 0xFF, 0xFF, 0xFF, 0xFF, 0xF8, 0x00, 0x0F, 0xC0, 0x00, 0x7E, 0x60, 0x33,
    0xF3, 0x01, 0x9F, 0x9C, 0x1C, 0xFC, 0x71, 0xC7, 0xE1, 0xDC, 0x3F, 0x07, 0xC1, 0xF8, 0x1C, 0x0F,
    0xC1, 0xF0, 0x7E, 0x1D, 0xC3, 0xF1, 0xC7, 0x1F, 0x9C, 0x1C, 0xFC, 0xC0, 0x67, 0xE6, 0x03, 0x3F,
    0x00, 0x01, 0xF8, 0x00, 0x0F, 0xFF, 0xFF, 0xFF, 0xFF, 0xFF, 0x80, 0x00, 0x70, 0x00, 0x03, 0x80,
    0x00, 0x1C, 0x00, 0x00, 0xE0, 0x00, 0x07, 0x00, 0x00, 0x38, 0x00, 0x01, 0xC0, 0x00, 0x0E, 0x00,
    0x00, 0x70, 0x00, 0x03, 0x80, 0x00, 0x1C, 0x00, 0x00, 0xE0, 0x00, 0x07, 0x00, 0x00, 0x38, 0x00,
    0x01, 0xC0, 0x00, 0x0E, 0x00, 0x00, 0x70, 0x07, 0xFF, 0xFF, 0xFF, 0xFF, 0xFE, 0x00, 0x00, 0x10,
    0x00, 0x03, 0x00, 0x00, 0x70, 0x00, 0x0F, 0x00, 0x01, 0xF0, 0x00, 0x3F, 0x00, 0x07, 0x70, 0x00,
    0xE7, 0x00, 0x1C, 0x70, 0x03, 0x87, 0x00, 0x70, 0x70, 0x0E, 0x07, 0x01, 0xC0, 0x70, 0x38, 0x07,
    0x07, 0x00, 0x70, 0xE0, 0x07, 0x1E, 0x00, 0x73, 0xC0, 0x07, 0x7F, 0xFF, 0xFF, 0xFF, 0xFF, 0x00,
    0x00, 0x30, 0x00, 0x3F, 0x00, 0x3F, 0xE0, 0x1F, 0xF0, 0x1F, 0xF0, 0x0F, 0xF0, 0x00, 0x3F, 0xE0,
    0x00, 0x3F, 0xE0, 0x00, 0x7F, 0xC0, 0x00, 0x7F, 0x00, 0x00, 0x77, 0xFF, 0xFF, 0x7F, 0xFF, 0xF4,
    0x00, 0x00, 0xF8, 0x00, 0x0F, 0xF8, 0x00, 0x1F, 0xF0, 0x00, 0x1F, 0xF0, 0x00, 0x3F, 0xE0, 0x01,
    0xFF, 0x00, 0xFF, 0x80, 0xFF, 0x80, 0x7F, 0xC0, 0x0F, 0xC0, 0x00, 0xE0, 0x00, 0x00, 0xC0, 0x00,
    0x0F, 0xC0, 0x00, 0x7F, 0xC0, 0x00, 0xFF, 0x80, 0x00, 0xFF, 0x80, 0x00, 0xFF, 0x00, 0x7F, 0xC0,
    0x7F, 0xC0, 0x3F, 0xE0, 0x0F, 0xE0, 0x00, 0xE0, 0x00, 0x0F, 0xFF, 0xFE, 0xFF, 0xFF, 0xE0, 0x00,
    0x02, 0x00, 0x01, 0xF0, 0x01, 0xFF, 0x00, 0xFF, 0x00, 0xFF, 0x80, 0x7F, 0x80, 0x0F, 0xF8, 0x00,
    0x1F, 0xF0, 0x00, 0x1F, 0xF0, 0x00, 0x3F, 0xE0, 0x00, 0x3F, 0x00, 0x00, 0x70, 0x20, 0x20, 0x27,
    0x83, 0x83, 0xBC, 0x1C, 0x1E, 0xE0, 0xE0, 0xE0, 0x7C, 0x7E, 0xC7, 0xC3, 0xC3, 0xC3, 0x7E, 0x7C,
    0xFF, 0xFF, 0xFF, 0xFF, 0xFF, 0xFC, 0x00, 0x00, 0x00, 0x00, 0x00, 0x00, 0x00, 0xE0, 0x00, 0x01,
    0xC0, 0x00, 0x03, 0x80, 0x00, 0x07, 0x00, 0x00, 0x0E, 0x00, 0x00, 0x1C, 0x00, 0x00, 0x38, 0x00,
    0x00, 0x70, 0x00, 0x00, 0xFF, 0xF0, 0x01, 0xFF, 0xE0, 0x03, 0x80, 0x00, 0x07, 0x00, 0x00, 0x0E,
    0x00, 0x00, 0x1C, 0x00, 0x00, 0x38, 0x00, 0x00, 0x70, 0x00, 0x00, 0xE0, 0x00, 0x01, 0xC0, 0x00,
    0x03, 0x80, 0x00, 0x07, 0x00, 0x1F, 0xFF, 0xFF, 0xFF, 0xFF, 0xFF, 0x80, 0xFF, 0xFF, 0xFF, 0xFF,
    0xFF, 0xFC, 0x00, 0xC0, 0x00, 0x01, 0x80, 0x00, 0x03, 0x00, 0x00, 0x06, 0x00, 0x00, 0x0E, 0x00,
    0x00, 0x1F, 0x00, 0x00, 0x3F, 0x80, 0x00, 0x6F, 0x80, 0x00, 0xC7, 0xC0, 0x01, 0x87, 0xC0, 0x03,
    0x03, 0x80, 0x06, 0x03, 0x00, 0x0C, 0x00, 0x00, 0x18, 0x00, 0x00, 0x30, 0x00, 0x00, 0x60, 0x00,
    0x00, 0xC0, 0x00, 0x01, 0x80, 0x00, 0x03, 0x00, 0x00, 0x06, 0x00, 0x00, 0x0C, 0x00, 0x00, 0xFF,
    0xFF, 0xFF, 0xFF, 0xFF, 0xFC, 0x00, 0x70, 0x00, 0x01, 0xE0, 0x00, 0x03, 0x80, 0x00, 0x0F, 0x00,
    0x00, 0x3E, 0x80, 0x00, 0xFF, 0x80, 0x03, 0xFF, 0xC0, 0x0F, 0x73, 0xC0, 0x3C, 0xE3, 0xC0, 0xF1,
    0xC3, 0xC7, 0xC3, 0x83, 0xFF, 0x07, 0x01, 0xF8, 0x0E, 0x01, 0x20, 0x1C, 0x00, 0x00, 0x38, 0x00,
    0x00, 0x70, 0x00, 0x00, 0xE0, 0x00, 0x01, 0xC0, 0x00, 0x03, 0x80, 0x00, 0x07, 0x00, 0x00, 0x0E,
    0x00, 0x00, 0xFF, 0xFF, 0xFF, 0xFF, 0xFF, 0xFC, 0x07, 0x1C, 0x00, 0x0E, 0x38, 0x00, 0x1C, 0x70,
    0x00, 0x38, 0xE0, 0x1F, 0xFF, 0xFF, 0x3F, 0xFF, 0xFE, 0x71, 0x87, 0x1C, 0xE3, 0x0E, 0x39, 0xC6,
    0x1C, 0x73, 0x9E, 0x3C, 0xE7, 0x3E, 0x79, 0xCE, 0x7D, 0xFB, 0x9D, 0xDF, 0xBF, 0x3B, 0x9E, 0x7E,
    0x7E, 0x1C, 0x7C, 0xFC, 0x70, 0x79, 0xF0, 0xC0, 0x73, 0x80, 0x00, 0xE7, 0x00, 0x01, 0xCE, 0x00,
    0x3F, 0x9C, 0x00, 0x7E, 0x00, 0x00, 0x0C, 0x00, 0x00, 0x0E, 0x00, 0x00, 0x0F, 0x80, 0x00, 0x0F,
    0xE0, 0x00, 0x0F, 0x78, 0x00, 0x0F, 0x1E, 0x00, 0x0F, 0x07, 0x80, 0x0F, 0x39, 0xF0, 0x1F, 0x1C,
    0x7C, 0x3E, 0x0E, 0x0F, 0x9E, 0x07, 0x03, 0xC4, 0x03, 0x80, 0x40, 0x01, 0xC0, 0x00, 0x00, 0xE0,
    0x00, 0x00, 0x70, 0x00, 0x00, 0x38, 0x00, 0x00, 0x1C, 0x00, 0x00, 0x0E, 0x00, 0x00, 0x07, 0x00,
    0x00, 0x03, 0x80, 0x00, 0x01, 0xC0, 0x00, 0x00, 0xE0, 0x00, 0x00, 0x70, 0x00, 0x00, 0x70, 0x00,
    0x03, 0x80, 0x00, 0x1C, 0x00, 0x00, 0xE0, 0x00, 0x07, 0x00, 0x7F, 0xFF, 0xFF, 0xFF, 0xFF, 0xFC,
    0x0E, 0x07, 0xE0, 0x70, 0x3F, 0x03, 0x81, 0xF8, 0x1C, 0x0F, 0xC0, 0xE0, 0x7E, 0x07, 0x03, 0xF0,
    0x38, 0x1F, 0xFF, 0xFF, 0xFF, 0xFF, 0xFF, 0xE0, 0x70, 0x3F, 0x03, 0x81, 0xC0, 0x1C, 0x00, 0x00,
    0xE0, 0x00, 0x07, 0x00, 0x00, 0x38, 0x00, 0x01, 0xC0, 0x00, 0x0E, 0x00, 0x00, 0x70, 0x00, 0x00,
    0x70, 0x00, 0x03, 0x80, 0x00, 0x1C, 0x00, 0xFF, 0xFF, 0xE7, 0xFF, 0xFF, 0x38, 0x38, 0x39, 0xC1,
    0xC1, 0xCE, 0x0E, 0x0E, 0x70, 0x70, 0x73, 0xFF, 0xFF, 0x9F, 0xFF, 0xFC, 0x00, 0xE0, 0x00, 0x07,
    0x00, 0x7F, 0xFF, 0xFF, 0xFF, 0xFF, 0xFC, 0x0E, 0x07, 0xE0, 0x70, 0x3F, 0x03, 0x81, 0xFF, 0xFF,
    0xFF, 0xFF, 0xFF, 0xFE, 0x07, 0x03, 0xA0, 0x38, 0x00, 0x01, 0xC0, 0x00, 0x0E, 0x00, 0x00, 0x70,
    0x00, 0x00, 0x60, 0x00, 0x61, 0xC0, 0x01, 0xC7, 0x00, 0x03, 0x9C, 0x00, 0x0E, 0x70, 0x00, 0x19,
    0xC0, 0x00, 0x06, 0x00, 0x1F, 0xFF, 0xFF, 0x7F, 0xFF, 0xFC, 0x03, 0x80, 0x70, 0x0E, 0x01, 0xC0,
    0x38, 0x07, 0x00, 0xFC, 0x1C, 0x07, 0x38, 0x70, 0x1C, 0xE1, 0xC0, 0xE1, 0xC6, 0x03, 0x83, 0x98,
    0x1C, 0x0C, 0x60, 0xF0, 0x01, 0x83, 0x80, 0x0E, 0x1C, 0x00, 0x39, 0xE0, 0x00, 0xEF, 0x00, 0x7F,
    0x18, 0x01, 0xFC, 0x00, 0x00, 0x00, 0x00, 0x00, 0x00, 0x01, 0xC0, 0x00, 0x01, 0xE0, 0x00, 0x01,
    0xE0, 0x00, 0x01, 0xC0, 0x00, 0x01, 0x80, 0x1F, 0xFF, 0xFF, 0x3F, 0xFF, 0xFE, 0x00, 0x38, 0x00,
    0x00, 0x70, 0x00, 0x00, 0xE0, 0x00, 0x01, 0xC0, 0x00, 0x03, 0x80, 0x07, 0xFF, 0xFF, 0x0F, 0xFF,
    0xFE, 0x00, 0x1C, 0x00, 0x00, 0x38, 0x00, 0x00, 0x70, 0x00, 0x00, 0xE0, 0x00, 0x01, 0xC0, 0x00,
    0x03, 0x80, 0x00, 0x07, 0x00, 0x3F, 0xFF, 0xFF, 0xFF, 0xFF, 0xFF, 0x00, 0x00, 0x00, 0x00, 0x1C,
    0x00, 0x00, 0x0E, 0x00, 0x00, 0x03, 0x83, 0x81, 0xC1, 0xC1, 0xC0, 0x60, 0x61, 0xC0, 0x38, 0x38,
    0xE0, 0x0C, 0x18, 0x60, 0x07, 0x00, 0x70, 0x01, 0x80, 0x70, 0x00, 0xE0, 0x38, 0x00, 0x38, 0x38,
    0x00, 0x1E, 0x1C, 0x00, 0x07, 0x1C, 0x00, 0x01, 0xDC, 0x00, 0x00, 0x7C, 0x00, 0x00, 0x1E, 0x00,
    0x00, 0x1F, 0x80, 0x00, 0x3F, 0xE0, 0x00, 0x3C, 0x7C, 0x00, 0x7C, 0x1F, 0x01, 0xF8, 0x03, 0xF1,
    0xF0, 0x00, 0xFC, 0xE0, 0x00, 0x1E, 0x00, 0x60, 0x00, 0x00, 0xE0, 0xC0, 0x01, 0xC1, 0xC0, 0x03,
    0x83, 0xE0, 0x07, 0x01, 0xE7, 0xFF, 0xFD, 0xCF, 0xFF, 0xF9, 0x00, 0x38, 0x30, 0x00, 0x70, 0x60,
    0x00, 0xE0, 0xC0, 0x01, 0xC1, 0x80, 0x03, 0x83, 0x0F, 0xFF, 0xFF, 0xFF, 0xFF, 0xFF, 0xC0, 0x1C,
    0x03, 0x80, 0x38, 0x07, 0x00, 0x70, 0x0E, 0x00, 0xE0, 0x18, 0x01, 0xC0, 0x30, 0x03, 0x80, 0xE0,
    0x07, 0x3F, 0xC0, 0x0E, 0x3F, 0x00, 0x1C, 0x00, 0x00, 0x38, 0x00, 0x00, 0x70, 0x00, 0x3F, 0xFF,
    0xF8, 0x7F, 0xFF, 0xF0, 0x00, 0x00, 0x00, 0x00, 0x00, 0x00, 0x00, 0x00, 0x00, 0x00, 0x00, 0x00,
    0x00, 0x00, 0x00, 0x00, 0x00, 0x00, 0x00, 0x00, 0x00, 0x00, 0x00, 0x00, 0x00, 0x00, 0x00, 0x00,
    0x00, 0x00, 0x00, 0x00, 0x00, 0x00, 0x00, 0x00, 0x00, 0x00, 0x00, 0x00, 0xFF, 0xFF, 0xFF, 0xFF,
    0xFF, 0xFC, 0x00, 0x38, 0x00, 0x00, 0x38, 0x00, 0x00, 0x38, 0x00, 0x00, 0x38, 0x00, 0x00, 0x38,
    0x00, 0x00, 0x38, 0x00, 0x00, 0x38, 0x00, 0x00, 0x78, 0x00, 0x00, 0x7C, 0x00, 0x00, 0x7C, 0x00,
    0x00, 0x6C, 0x00, 0x00, 0xEE, 0x00, 0x00, 0xEE, 0x00, 0x01, 0xC7, 0x00, 0x01, 0xC7, 0x00, 0x03,
    0x83, 0x80, 0x07, 0x83, 0xC0, 0x0F, 0x01, 0xE0, 0x0E, 0x00, 0xF0, 0x3C, 0x00, 0x78, 0x78, 0x00,
    0x3E, 0xF0, 0x00, 0x1E, 0x60, 0x00, 0x04, 0x07, 0x01, 0x80, 0x0E, 0x03, 0x00, 0x1C, 0x06, 0x00,
    0x38, 0x0C, 0x00, 0x70, 0x38, 0x00, 0xE0, 0x70, 0x01, 0xC0, 0xE0, 0x03, 0x01, 0xC0, 0x06, 0x03,
    0x80, 0x1E, 0x07, 0x00, 0x3E, 0x0E, 0x00, 0x7E, 0x3C, 0x00, 0xFC, 0x7C, 0x01, 0x9C, 0xF8, 0x07,
    0x1D, 0xB0, 0x0E, 0x3F, 0x70, 0x1C, 0x2E, 0x70, 0x70, 0x38, 0xE0, 0xE0, 0x70, 0xE3, 0x81, 0xC1,
    0xE7, 0x07, 0x81, 0xFC, 0x1E, 0x01, 0xD8, 0x18, 0x01, 0x00, 0x00, 0x01, 0x80, 0x01, 0xC0, 0xE0,
    0x00, 0xC0, 0x70, 0x00, 0xE6, 0x38, 0x00, 0x63, 0x1C, 0x00, 0x71, 0x8E, 0x70, 0x30, 0xC7, 0xF8,
    0x38, 0x63, 0xFC, 0x3C, 0x37, 0xF6, 0x3E, 0x1F, 0xE3, 0x1F, 0x3F, 0xF1, 0x9D, 0xBF, 0x38, 0xC4,
    0xDF, 0x1C, 0x60, 0x61, 0x8E, 0x30, 0x30, 0xC7, 0x18, 0x18, 0x63, 0x9C, 0x0C, 0x31, 0xFE, 0x06,
    0x18, 0xFE, 0x03, 0x0C, 0x70, 0x01, 0x86, 0x00, 0x60, 0xC3, 0x00, 0x30, 0x61, 0x80, 0x38, 0x30,
    0xFF, 0xFC, 0x18, 0x3F, 0xFC, 0x0C, 0x00, 0x00, 0x00, 0x00, 0x00, 0x00, 0x00, 0xE3, 0x98, 0x00,
    0x61, 0xCE, 0x00, 0x70, 0xE3, 0x80, 0x30, 0x70, 0xE0, 0x38, 0x18, 0x30, 0x38, 0x0C, 0x00, 0x1C,
    0x06, 0x1E, 0x1E, 0x0F, 0xFF, 0x1F, 0x7F, 0xFF, 0x9F, 0xBF, 0xE0, 0x1E, 0xD0, 0x70, 0x06, 0x60,
    0x38, 0x00, 0x30, 0x1C, 0x00, 0x18, 0x06, 0x00, 0x0C, 0x03, 0x80, 0x06, 0x01, 0xC0, 0x03, 0x00,
    0xE0, 0x01, 0x80, 0x38, 0xE0, 0xC0, 0x1C, 0x70, 0x60, 0x0F, 0x30, 0x30, 0x03, 0xF8, 0x18, 0x00,
    0xFC, 0x0C, 0x00, 0x3C, 0x06, 0x00, 0x04, 0x00, 0x00, 0x00, 0x60, 0x61, 0x00, 0xC0, 0xC7, 0x03,
    0x81, 0x87, 0x07, 0x03, 0x07, 0x0E, 0x06, 0x0E, 0x1C, 0x0C, 0x0E, 0x38, 0x18, 0x1C, 0x70, 0x30,
    0x00, 0xC0, 0x60, 0x03, 0x80, 0xC0, 0x07, 0x01, 0x80, 0x0E, 0x03, 0x00, 0x18, 0x06, 0x18, 0x70,
    0x0C, 0xF8, 0xE0, 0x1F, 0xE3, 0xE0, 0x7F, 0x0F, 0xE0, 0xF8, 0x3D, 0xE3, 0xC0, 0xF1, 0xE2, 0x07,
    0xC1, 0xE0, 0x1F, 0x01, 0xC0, 0x38, 0x01, 0x80, 0x00, 0x00, 0x00, 0x00, 0x00, 0x00, 0x03, 0x81,
    0x80, 0x03, 0x39, 0x80, 0x07, 0x39, 0x80, 0x06, 0x31, 0x80, 0x0E, 0x31, 0x80, 0x0E, 0x7F, 0xFE,
    0x1C, 0x7F, 0xFE, 0x3C, 0x61, 0x80, 0x7C, 0xE1, 0x80, 0x7C, 0xC1, 0x80, 0x6C, 0x41, 0x80, 0x4C,
    0x01, 0x80, 0x0C, 0xFF, 0xFF, 0x0C, 0xFF, 0xFF, 0x0C, 0x01, 0x80, 0x0C, 0x01, 0x80, 0x0C, 0x01,
    0x80, 0x0C, 0x01, 0x80, 0x0C, 0x01, 0x80, 0x0C, 0x01, 0x80, 0x0C, 0x01, 0x80, 0x0C, 0x01, 0x80,
    0x0C, 0x01, 0x80, 0x0C, 0x01, 0x80, 0x03, 0x03, 0x00, 0x03, 0x83, 0x00, 0x07, 0x07, 0x00, 0x07,
    0xFF, 0xFE, 0x0E, 0xFF, 0xFE, 0x0E, 0x06, 0x00, 0x1C, 0x0E, 0x00, 0x1C, 0x0E, 0x00, 0x3D, 0xFF,
    0xFF, 0x7D, 0xFF, 0xFF, 0xFC, 0x1C, 0x00, 0xEC, 0x1C, 0x00, 0x4C, 0x18, 0x00, 0x0C, 0x3F, 0xFC,
    0x0C, 0x3F, 0xFC, 0x0C, 0x00, 0x3C, 0x0C, 0x00, 0x78, 0x0C, 0x00, 0x70, 0x0C, 0x0E, 0xE0, 0x0C,
    0x0F, 0xC0, 0x0C, 0x07, 0xC0, 0x0C, 0x03, 0xE0, 0x0C, 0x00, 0xF0, 0x0C, 0x00, 0x70, 0x0C, 0x00,
    0x20, 0x01, 0x03, 0x00, 0x03, 0x83, 0x80, 0x03, 0x83, 0x80, 0x03, 0x01, 0x80, 0x07, 0x01, 0x80,
    0x0E, 0x7F, 0xFE, 0x0E, 0x7F, 0xFE, 0x1E, 0x00, 0x00, 0x3E, 0x18, 0x18, 0x3E, 0x18, 0x1C, 0x7E,
    0x18, 0x18, 0x6E, 0x1C, 0x18, 0x6E, 0x1C, 0x38, 0x0E, 0x1C, 0x38, 0x0E, 0x1C, 0x38, 0x0E, 0x0C,
    0x30, 0x0E, 0x0C, 0x30, 0x0E, 0x0E, 0x70, 0x0E, 0x0E, 0x70, 0x0E, 0x0E, 0x60, 0x0E, 0x00, 0x60,
    0x0E, 0xFF, 0xFF, 0x0E, 0xFF, 0xFF, 0x0E, 0x00, 0x00, 0x01, 0x03, 0x00, 0x01, 0xC1, 0x80, 0x00,
    0xE0, 0xE0, 0x00, 0x60, 0x70, 0x00, 0x70, 0x1C, 0x00, 0x38, 0x0C, 0x00, 0x3B, 0xFF, 0xFC, 0x3D,
    0xFF, 0xFE, 0x1E, 0x01, 0x80, 0x1F, 0x00, 0xC0, 0x1F, 0x80, 0x60, 0x0F, 0xC0, 0x30, 0x06, 0xE0,
    0x18, 0x00, 0x73, 0xFF, 0xF0, 0x39, 0xFF, 0xF8, 0x1C, 0x03, 0x00, 0x0E, 0x01, 0x80, 0x07, 0x00,
    0xC0, 0x03, 0x80, 0x60, 0x01, 0xC0, 0x30, 0x00, 0xE0, 0x18, 0x00, 0x70, 0x0C, 0x00, 0x3F, 0xFF,
    0xFC, 0x1D, 0xFF, 0xFE, 0x0E, 0x00, 0x00, 0x00, 0x02, 0x03, 0x00, 0x01, 0x81, 0xC0, 0x01, 0xC0,
    0xE0, 0x00, 0xC0, 0x70, 0x00, 0xE0, 0x38, 0x00, 0x70, 0x1C, 0x00, 0x77, 0xFF, 0xFC, 0x3B, 0xFF,
    0xFE, 0x3C, 0x07, 0xC0, 0x1E, 0x07, 0xF0, 0x1F, 0x03, 0xF8, 0x0D, 0x83, 0xFC, 0x06, 0xC1, 0xFF,
    0x00, 0x61, 0xDD, 0xC0, 0x30, 0xCE, 0xE0, 0x18, 0xE7, 0x38, 0x0C, 0xE3, 0x9E, 0x06, 0xF1, 0xC7,
    0x83, 0xFF, 0xFF, 0xC1, 0xB7, 0xFF, 0x60, 0xC0, 0x38, 0x00, 0x60, 0x1C, 0x00, 0x30, 0x0E, 0x00,
    0x18, 0x07, 0x00, 0x0C, 0x03, 0x00, 0x00, 0x01, 0x01, 0x80, 0x01, 0xC0, 0xC0, 0x00, 0xC0, 0x60,
    0x00, 0xFF, 0xFF, 0xE0, 0x6F, 0xFF, 0xF0, 0x70, 0x0C, 0x00, 0x38, 0x06, 0x00, 0x38, 0x03, 0x00,
    0x3C, 0xFF, 0xFF, 0x3E, 0x7F, 0xFF, 0xBF, 0x38, 0x61, 0xDD, 0x9C, 0x30, 0xE4, 0xCE, 0x18, 0x70,
    0x67, 0xFF, 0xF8, 0x33, 0xFF, 0xFC, 0x18, 0xC7, 0x00, 0x0C, 0x63, 0x80, 0x06, 0x39, 0xC0, 0x03,
    0x0F, 0xC0, 0x01, 0x83, 0xE0, 0x00, 0xC1, 0xF8, 0x00, 0x61, 0xFF, 0x80, 0x37, 0xE7, 0xFC, 0x1B,
    0xE0, 0x7E, 0x0C, 0x80, 0x07, 0x00, 0x03, 0x08, 0x10, 0x03, 0x9C, 0x38, 0x03, 0x1C, 0x38, 0x07,
    0x1C, 0x38, 0x06, 0x1C, 0x38, 0x0E, 0x1C, 0x38, 0x1C, 0xFF, 0xFF, 0x1C, 0xFF, 0xFF, 0x3C, 0x1C,
    0x38, 0x7C, 0x1C, 0x38, 0xFC, 0x1C, 0x38, 0xEC, 0x1C, 0x38, 0x4C, 0x1C, 0x38, 0x0C, 0x1C, 0x38,
    0x0D, 0xFF, 0xFF, 0x0D, 0xFF, 0xFF, 0x0C, 0x00, 0x00, 0x0C, 0x08, 0x10, 0x0C, 0x1C, 0x38, 0x0C,
    0x38, 0x38, 0x0C, 0x38, 0x1C, 0x0C, 0x70, 0x0E, 0x0C, 0xE0, 0x07, 0x0C, 0xC0, 0x07, 0x0C, 0x00,
    0x02, 0x06, 0x00, 0x06, 0x0E, 0x00, 0x06, 0x0F, 0xFF, 0x26, 0x0D, 0xFF, 0x76, 0x1D, 0x83, 0x76,
    0x1D, 0xBB, 0x76, 0x19, 0xBB, 0x76, 0x39, 0xBB, 0x76, 0x39, 0xBB, 0x76, 0x79, 0xBB, 0x76, 0x79,
    0xBB, 0x76, 0xF9, 0xBB, 0x76, 0x59, 0xBB, 0x76, 0x19, 0xBB, 0x76, 0x19, 0xBB, 0x76, 0x19, 0xBB,
    0x76, 0x19, 0xB3, 0x76, 0x19, 0xB3, 0x76, 0x19, 0xB3, 0x76, 0x18, 0x3C, 0x06, 0x18, 0x7E, 0x06,
    0x18, 0xE6, 0x06, 0x19, 0xC7, 0x06, 0x1B, 0xC3, 0xBE, 0x19, 0x01, 0x1C, 0x00, 0x00, 0x00, 0x01,
    0xC0, 0x00, 0x00, 0xFF, 0xFF, 0x80, 0xEF, 0xFF, 0xC0, 0x77, 0x00, 0xE0, 0x73, 0x80, 0x70, 0x39,
    0xC0, 0x38, 0x38, 0xE0, 0x1C, 0x3C, 0x7F, 0xFE, 0x3E, 0x3F, 0xFF, 0x3F, 0x00, 0x60, 0x0D, 0x80,
    0x30, 0x04, 0xC0, 0x18, 0x00, 0x6F, 0xFF, 0xF8, 0x37, 0xFF, 0xFC, 0x18, 0x0F, 0xC0, 0x0C, 0x0F,
    0xE0, 0x06, 0x07, 0xF8, 0x03, 0x07, 0x6E, 0x01, 0x8F, 0x33, 0x80, 0xCF, 0x19, 0xE0, 0x6F, 0x0C,
    0x7C, 0x37, 0x06, 0x0C, 0x18, 0x03, 0x00, 0x0C, 0x01, 0x80, 0x00, 0x00, 0x02, 0x00, 0x03, 0x83,
    0x80, 0x01, 0x81, 0xC0, 0x00, 0xC1, 0xFF, 0xC0, 0xE0, 0xFF, 0xE0, 0x60, 0xF0, 0x70, 0x70, 0xF8,
    0x70, 0x39, 0xEE, 0x70, 0x3D, 0xF3, 0xF0, 0x3E, 0xE0, 0xF8, 0x1F, 0x71, 0xFF, 0x1F, 0xBF, 0xE7,
    0xE5, 0xDF, 0xC6, 0xF0, 0xEF, 0x0F, 0x00, 0x77, 0x1F, 0x00, 0x3B, 0xBE, 0x30, 0x1D, 0xCC, 0x78,
    0x0E, 0xE0, 0xF8, 0x07, 0x73, 0xF1, 0xC3, 0xB9, 0xE3, 0xC1, 0xD8, 0x07, 0xC0, 0xE0, 0x0F, 0xC0,
    0x70, 0xFF, 0x80, 0x38, 0x7E, 0x00, 0x0C, 0x10, 0x00, 0x00, 0x04, 0x00, 0x00, 0x0C, 0x00, 0x0C,
    0x3F, 0xFE, 0x98, 0x7F, 0xFF, 0xB0, 0xC7, 0x07, 0x63, 0x8C, 0xCE, 0xC7, 0x39, 0x9D, 0x9E, 0x63,
    0xBB, 0x3D, 0xFF, 0x76, 0xFB, 0xFF, 0xED, 0xF7, 0x87, 0xDF, 0xE1, 0x83, 0xB5, 0xC3, 0x87, 0x63,
    0x87, 0x0E, 0xC7, 0x7F, 0xFD, 0x8E, 0xFF, 0xFB, 0x1C, 0x38, 0x76, 0x38, 0x70, 0xEC, 0x70, 0xE6,
    0x18, 0xE1, 0xFC, 0x31, 0xFF, 0xF8, 0x63, 0xFF, 0x00, 0xC7, 0xE0, 0x1F, 0x8E, 0x00, 0x3F, 0x1C,
    0x00, 0x00, 0x02, 0x01, 0x80, 0x03, 0x83, 0x80, 0x07, 0x03, 0x80, 0x07, 0xFF, 0xFF, 0x06, 0xFF,
    0xFF, 0x0E, 0x03, 0x00, 0x0C, 0x03, 0x00, 0x1C, 0x7F, 0xFC, 0x3C, 0x7F, 0xFC, 0x7C, 0x70, 0x0C,
    0x7C, 0x70, 0x0C, 0x6C, 0x7F, 0xFC, 0x4C, 0x7F, 0xFC, 0x0C, 0x70, 0x0C, 0x0C, 0x7F, 0xFC, 0x0C,
    0x7F, 0xFC, 0x0C, 0x70, 0x0C, 0x0C, 0x70, 0x0C, 0x0C, 0x7F, 0xFC, 0x0C, 0x7F, 0xFC, 0x0C, 0x70,
    0x0C, 0x0C, 0x70, 0x0C, 0x0D, 0xFF, 0xFF, 0x0D, 0xFF, 0xFF, 0x0C, 0x00, 0x00, 0x04, 0x00, 0x00,
    0x06, 0x00, 0x00, 0x0E, 0x0F, 0xFF, 0x0E, 0xCF, 0xFF, 0x0D, 0xC0, 0x70, 0x1D, 0xC0, 0x60, 0x1D,
    0xC7, 0xFE, 0x3D, 0xC7, 0xFE, 0x3D, 0xFF, 0x06, 0x7D, 0xFF, 0x66, 0xFD, 0xC7, 0x66, 0xFD, 0xC7,
    0x66, 0x5D, 0xC7, 0x66, 0x1D, 0xC7, 0x66, 0x1D, 0xC7, 0x66, 0x1D, 0xC7, 0x66, 0x1D, 0xFF, 0x66,
    0x1D, 0xFF, 0x66, 0x1D, 0xE6, 0xE6, 0x1D, 0x80, 0xD0, 0x1C, 0x01, 0xFC, 0x1C, 0x03, 0x9E, 0x1C,
    0x0F, 0x0F, 0x1C, 0x1E, 0x07, 0x1C, 0x08, 0x02, 0x00, 0x38, 0x00, 0x0C, 0x70, 0x00, 0x38, 0xE0,
    0x00, 0x71, 0xC0, 0x00, 0xE3, 0x80, 0x03, 0xFF, 0xFF, 0x07, 0xFF, 0xFE, 0x0C, 0x1C, 0x00, 0x38,
    0x38, 0x00, 0xE0, 0x70, 0x00, 0xC0, 0xE0, 0x00, 0x01, 0xC0, 0x0F, 0xFF, 0xFF, 0xFF, 0xFF, 0xFF,
    0xC0, 0x61, 0xC0, 0x01, 0xC3, 0x80, 0x03, 0x87, 0x00, 0x07, 0x0E, 0x00, 0x1C, 0x1C, 0x10, 0x38,
    0x38, 0x30, 0xE0, 0x70, 0x63, 0xC0, 0xE1, 0xFF, 0x00, 0xFF, 0xF8, 0x01, 0xFE, 0x40, 0x00, 0x00,
    0x00, 0x1C, 0x00, 0x00, 0x1C, 0x18, 0x1C, 0x1C, 0x1C, 0x0E, 0x1C, 0x1C, 0x0E, 0x1C, 0x38, 0x07,
    0x1C, 0x38, 0x07, 0x1C, 0x70, 0x03, 0x1C, 0x60, 0x03, 0x1C, 0x60, 0x00, 0x1C, 0x00, 0x7F, 0xFF,
    0xFF, 0x7F, 0xFF, 0xFF, 0x00, 0xC3, 0x80, 0x01, 0xC3, 0x80, 0x01, 0xC3, 0x80, 0x01, 0xC3, 0x80,
    0x01, 0xC3, 0x80, 0x03, 0x83, 0x80, 0x03, 0x83, 0x83, 0x07, 0x83, 0x83, 0x0F, 0x03, 0x83, 0x3E,
    0x03, 0x83, 0x7C, 0x03, 0xFF, 0x70, 0x01, 0xFE, 0x00, 0x00, 0x00, 0x00, 0x00, 0x00, 0x01, 0x80,
    0x00, 0x03, 0xC0, 0x00, 0x01, 0xE0, 0x00, 0x00, 0xF0, 0x00, 0x00, 0x78, 0x00, 0x00, 0x38, 0x00,
    0x00, 0x3C, 0x00, 0x00, 0x7C, 0x00, 0x00, 0x7E, 0x00, 0x00, 0x7E, 0x00, 0x00, 0xE7, 0x00, 0x00,
    0xE7, 0x00, 0x01, 0xE3, 0x80, 0x01, 0xC3, 0x80, 0x03, 0x81, 0xC0, 0x07, 0x81, 0xE0, 0x07, 0x00,
    0xF0, 0x0E, 0x00, 0x78, 0x3E, 0x00, 0x3C, 0x7C, 0x00, 0x3E, 0xF0, 0x00, 0x0E, 0x60, 0x00, 0x06,
    0x03, 0x01, 0x80, 0x06, 0x03, 0x00, 0x0C, 0x06, 0x00, 0x18, 0x0C, 0x00, 0x30, 0x18, 0x00, 0x60,
    0x30, 0x1F, 0xFF, 0xFF, 0x3F, 0xFF, 0xFE, 0x03, 0x01, 0x80, 0x06, 0x03, 0x00, 0x0C, 0x06, 0x00,
    0x18, 0x0C, 0x00, 0x30, 0x18, 0x00, 0x60, 0x30, 0x3F, 0xFF, 0xFF, 0xFF, 0xFF, 0xFF, 0x00, 0x00,
    0x00, 0x02, 0x02, 0x00, 0x0E, 0x0E, 0x00, 0x3C, 0x1E, 0x00, 0xF0, 0x0F, 0x07, 0xC0, 0x0F, 0x1E,
    0x00, 0x0F, 0x78, 0x00, 0x0E, 0x60, 0x00, 0x08, 0x00, 0x00, 0x00, 0x1C, 0x01, 0xC0, 0x1C, 0x03,
    0x80, 0x38, 0x0E, 0x00, 0x38, 0x18, 0x00, 0x70, 0x70, 0x0F, 0xFF, 0xFE, 0x1F, 0xFF, 0xFC, 0x00,
    0x38, 0x00, 0x00, 0x70, 0x00, 0x00, 0xE0, 0x00, 0x01, 0xC0, 0x00, 0x03, 0x80, 0x1F, 0xFF, 0xFF,
    0xFF, 0xFF, 0xFF, 0x80, 0x3E, 0x00, 0x00, 0x7E, 0x00, 0x01, 0xFC, 0x00, 0x07, 0x9C, 0x00, 0x1E,
    0x1C, 0x00, 0x78, 0x1E, 0x03, 0xE0, 0x1F, 0x3F, 0x80, 0x1F, 0xFC, 0x00, 0x0F, 0x40, 0x00, 0x04,
    0x00, 0x70, 0x00, 0x03, 0x80, 0x00, 0x1C, 0x00, 0x00, 0xE0, 0x00, 0x07, 0x00, 0x7F, 0xFF, 0xFF,
    0xFF, 0xFF, 0xFC, 0x0E, 0x07, 0xE0, 0x70, 0x3F, 0x03, 0x01, 0xF8, 0x1C, 0x0F, 0xC1, 0xF0, 0x7E,
    0x0F, 0xC3, 0xF0, 0xEF, 0x1F, 0x8F, 0x3C, 0xFC, 0xF0, 0xF7, 0xEF, 0x03, 0xFF, 0xF0, 0x0F, 0xFB,
    0x00, 0x2F, 0xC0, 0x00, 0x7E, 0x00, 0x03, 0xF0, 0x00, 0x1F, 0x80, 0x0F, 0xFC, 0x00, 0x7E, 0x00,
    0x00, 0x00, 0x3F, 0xFF, 0xFE, 0x1F, 0xFF, 0xFF, 0x00, 0x07, 0x00, 0x00, 0x03, 0x80, 0x00, 0xFF,
    0xFF, 0x80, 0x7F, 0xFF, 0xC0, 0x30, 0x70, 0x60, 0x18, 0x38, 0x30, 0x0C, 0x1C, 0x18, 0x07, 0xFF,
    0xFC, 0x03, 0xFF, 0xFE, 0x01, 0x83, 0x83, 0x00, 0xC1, 0xC1, 0x80, 0x60, 0xE0, 0xC1, 0xFF, 0xFF,
    0xFC, 0xFF, 0xFF, 0xFE, 0x0C, 0x00, 0x18, 0x06, 0x00, 0x0C, 0x03, 0x00, 0x06, 0x01, 0x80, 0x03,
    0x00, 0xC0, 0x01, 0x80, 0x60, 0x0F, 0xC0, 0x30, 0x07, 0xC0, 0x7F, 0xFF, 0xFC, 0xFF, 0xFF, 0xF9,
    0x8E, 0x00, 0x33, 0x1C, 0x00, 0x66, 0x30, 0x00, 0xC0, 0xFF, 0xFC, 0x01, 0xFF, 0xF8, 0x03, 0x80,
    0x00, 0x07, 0x00, 0x00, 0x0C, 0x00, 0x00, 0x3F, 0xFF, 0xC0, 0x7F, 0xFF, 0x80, 0x00, 0x07, 0x00,
    0x00, 0x0E, 0x00, 0x00, 0x1C, 0x3F, 0xFF, 0xB0, 0x7F, 0xFF, 0x60, 0x00, 0x00, 0xC0, 0x00, 0x03,
    0x80, 0x00, 0x07, 0x00, 0x03, 0xFC, 0x00, 0x03, 0xF8, 0x00, 0x00, 0x00, 0x00, 0x00, 0x06, 0x00,
    0x00, 0x06, 0x00, 0xE0, 0x0E, 0x00, 0xE3, 0xFF, 0xFC, 0x73, 0xFF, 0xFC, 0x38, 0x0C, 0x00, 0x39,
    0xFF, 0xF8, 0x1D, 0xFF, 0xFC, 0x10, 0x18, 0x00, 0x00, 0x38, 0x00, 0x07, 0xFF, 0xFE, 0x07, 0xFF,
    0xFE, 0x00, 0xE0, 0xF0, 0x11, 0xFF, 0xF8, 0x1F, 0xFF, 0xFE, 0x1F, 0x86, 0x1E, 0x3A, 0x0E, 0x06,
    0x38, 0xFF, 0xF8, 0x71, 0xFF, 0xF8, 0x70, 0x1F, 0x00, 0x70, 0x3B, 0xC0, 0xE0, 0xF9, 0xF0, 0xE3,
    0xE0, 0x7C, 0x03, 0xC0, 0x1C, 0x00, 0x00, 0x00, 0x03, 0x00, 0x00, 0x01, 0xC0, 0x7E, 0x01, 0xFF,
    0xFF, 0x00, 0xDF, 0xF8, 0x00, 0xE0, 0x38, 0x00, 0xF0, 0x1C, 0x00, 0xFF, 0xFF, 0xFC, 0xFF, 0xFF,
    0xFE, 0x6E, 0x03, 0x80, 0x07, 0x01, 0xC0, 0x03, 0x80, 0xE0, 0x01, 0xDF, 0xFF, 0xC0, 0xEF, 0xFF,
    0xF0, 0x60, 0x00, 0x00, 0x00, 0x00, 0x00, 0x07, 0xFF, 0xC0, 0x03, 0xFF, 0xE0, 0x01, 0xC0, 0x70,
    0x00, 0xE0, 0x38, 0x00, 0x60, 0x1C, 0x60, 0x70, 0x0E, 0x38, 0xF0, 0x07, 0x19, 0xF8, 0x03, 0xFC,
    0xF0, 0x01, 0xFE, 0x20, 0x00, 0x00, 0x00, 0x00, 0x70, 0x00, 0x03, 0x80, 0x00, 0x1C, 0x00, 0xE0,
    0xE0, 0xE7, 0x07, 0x07, 0x38, 0x38, 0x39, 0xC1, 0xC1, 0xCE, 0x0E, 0x0E, 0x70, 0x70, 0x73, 0x83,
    0x83, 0x9F, 0xFF, 0xFC, 0xFF, 0xFF, 0xE0, 0x07, 0x00, 0x70, 0x38, 0x1F, 0x81, 0xC0, 0xFC, 0x0E,
    0x07, 0xE0, 0x70, 0x3F, 0x03, 0x81, 0xF8, 0x1C, 0x0F, 0xC0, 0xE0, 0x7E, 0x07, 0x03, 0xFF, 0xFF,
    0xFF, 0xFF, 0xFF, 0xE0, 0x00, 0x07, 0x00, 0x00, 0x38, 0x00, 0x00, 0x00, 0x03, 0x83, 0x00, 0x03,
    0x83, 0x80, 0x03, 0x81, 0xC0, 0x07, 0x01, 0xC0, 0x0F, 0x00, 0xE0, 0x0E, 0x00, 0xF0, 0x1C, 0x00,
    0x78, 0x38, 0x00, 0x3C, 0x78, 0x00, 0x1E, 0xFF, 0xFF, 0xFE, 0x7F, 0xFF, 0xF4, 0x00, 0xE0, 0x70,
    0x00, 0xE0, 0x70, 0x00, 0xC0, 0x60, 0x01, 0xC0, 0x60, 0x01, 0xC0, 0x60, 0x01, 0x80, 0x60, 0x03,
    0x80, 0xE0, 0x07, 0x80, 0xE0, 0x0F, 0x00, 0xE0, 0x1E, 0x00, 0xE0, 0x7C, 0x1F, 0xC0, 0x78, 0x1F,
    0xC0, 0x60, 0x00, 0x00, 0x0C, 0x00, 0x00, 0x0C, 0x00, 0x00, 0x0C, 0x3F, 0xFF, 0x0C, 0x3F, 0xFF,
    0x0C, 0x03, 0x87, 0x0C, 0x23, 0x87, 0x0F, 0xE3, 0x87, 0x7F, 0xE3, 0x87, 0xFF, 0x03, 0x87, 0x6C,
    0x03, 0x07, 0x0C, 0x03, 0x07, 0x0C, 0x03, 0x07, 0x0C, 0x07, 0x07, 0x0C, 0x07, 0x06, 0x0C, 0x67,
    0x06, 0x0D, 0xE6, 0x06, 0x1F, 0xEE, 0x06, 0x1F, 0x0E, 0x0E, 0x1C, 0x1C, 0x0E, 0x18, 0x3C, 0x0E,
    0x00, 0x78, 0x0E, 0x00, 0xF0, 0xFC, 0x00, 0xE0, 0xFC, 0x00, 0x40, 0x00, 0x00, 0x80, 0x00, 0x03,
    0x80, 0x0C, 0x0F, 0x00, 0x18, 0x1F, 0x06, 0x30, 0x7F, 0x0C, 0x60, 0xEE, 0x18, 0xC3, 0x8E, 0x31,
    0x8E, 0x0E, 0x63, 0x38, 0x0E, 0xC6, 0xE0, 0x1D, 0x8D, 0xFF, 0xF3, 0x18, 0xFF, 0xC6, 0x31, 0xC3,
    0x8C, 0x63, 0x87, 0x18, 0xC7, 0x0E, 0x31, 0x8E, 0x1C, 0x63, 0x1C, 0x30, 0xC6, 0x3B, 0xE1, 0x8C,
    0x77, 0x80, 0x18, 0xE0, 0x70, 0x31, 0xC0, 0xE0, 0x63, 0x81, 0xC0, 0xC7, 0xFF, 0x3F, 0x87, 0xFE,
    0x3E, 0x00, 0x00, 0x00, 0x00, 0x00, 0x00, 0x7E, 0x7E, 0x0C, 0xFE, 0xFC, 0x19, 0xDD, 0xBB, 0xB3,
    0xBB, 0x77, 0x67, 0x76, 0xEE, 0xCE, 0xED, 0xDD, 0x9D, 0xDB, 0xBB, 0x3B, 0xB7, 0x76, 0x77, 0x6E,
    0xEC, 0xEE, 0xDD, 0xDB, 0xFF, 0xFF, 0xB7, 0xFF, 0xFF, 0x67, 0x76, 0xEE, 0xCE, 0xFD, 0xDD, 0x9D,
    0xFB, 0xBB, 0x33, 0xF7, 0x76, 0x67, 0xEE, 0xEC, 0xCF, 0xDC, 0x99, 0x9F, 0x38, 0x33, 0x3E, 0x70,
    0x66, 0x7C, 0xE0, 0xDF, 0xFF, 0xC1, 0xB7, 0xEF, 0x1F, 0x60, 0x00, 0x3C, 0x00, 0x00, 0x0F, 0xFF,
    0xF4, 0x3F, 0xFF, 0xD8, 0xC3, 0x80, 0x63, 0x0C, 0xE1, 0x8C, 0x71, 0xC6, 0x33, 0x87, 0x18, 0xCF,
    0xFE, 0x63, 0x7F, 0xFD, 0x8D, 0xFC, 0x76, 0x30, 0x30, 0x18, 0xC0, 0xC0, 0x63, 0x03, 0x01, 0x8D,
    0xFF, 0xE6, 0x37, 0xFF, 0x98, 0xC0, 0xC0, 0x63, 0x03, 0x01, 0x8C, 0x0C, 0x06, 0x30, 0x3F, 0xC0,
    0xC7, 0xFF, 0x03, 0xFF, 0xE0, 0x0F, 0xF0, 0x03, 0xF0, 0x00, 0x0F, 0x80, 0x03, 0x00, 0x04, 0x66,
    0x00, 0x1C, 0xCC, 0x00, 0x39, 0x98, 0x06, 0x77, 0xFF, 0x8C, 0xEF, 0xFF, 0x19, 0xF8, 0xC0, 0x33,
    0xF1, 0x80, 0x67, 0xC3, 0x00, 0xCF, 0xFF, 0xF9, 0x9F, 0xFF, 0xF3, 0x38, 0x18, 0x06, 0x70, 0x30,
    0x0C, 0xEF, 0xFF, 0x99, 0xDF, 0xFF, 0x33, 0xB1, 0x8E, 0x67, 0x63, 0x1C, 0xCE, 0xC6, 0x39, 0x9D,
    0x8C, 0x70, 0x3B, 0x18, 0xE0, 0x76, 0x31, 0xC0, 0xEC, 0x6F, 0x01, 0xD8, 0xDE, 0x3F, 0x01, 0x80,
    0x3E, 0x03, 0x00, 0x00, 0x00, 0x00, 0x06, 0x7F, 0xFC, 0x0C, 0xFF, 0xFB, 0x19, 0xC0, 0x76, 0x33,
    0x80, 0xEC, 0x67, 0x01, 0xD8, 0xCF, 0xFF, 0xB1, 0x9F, 0xFF, 0x63, 0x38, 0xE0, 0xC6, 0x71, 0xC1,
    0x8C, 0xFF, 0xFB, 0x19, 0xFF, 0xF6, 0x33, 0xEE, 0xEC, 0x67, 0xDD, 0xD8, 0xCF, 0xBB, 0xB1, 0x9F,
    0x77, 0x63, 0x3E, 0xEE, 0xC6, 0x7D, 0xDC, 0x0D, 0xFB, 0xB8, 0x1B, 0xF7, 0xF0, 0x36, 0xEF, 0xC0,
    0x6C, 0x1C, 0x0F, 0xC8, 0x38, 0x1F, 0x80, 0x04, 0x00, 0x40, 0x1C, 0x01, 0xC0, 0x1C, 0x03, 0x80,
    0x38, 0x0E, 0x00, 0x38, 0x1C, 0x1F, 0xFF, 0xFF, 0xFF, 0xFF, 0xFF, 0x80, 0x00, 0x00, 0x00, 0x00,
    0x18, 0x7F, 0xC6, 0x30, 0xFF, 0x8C, 0x61, 0x83, 0x18, 0xC3, 0x06, 0x31, 0x87, 0xFC, 0x63, 0x0F,
    0xF8, 0xC6, 0x18, 0x31, 0x8C, 0x30, 0x63, 0x18, 0x7F, 0xC6, 0x30, 0xFF, 0x8C, 0x61, 0x83, 0x18,
    0xC3, 0x06, 0x01, 0x86, 0x0C, 0x03, 0x0C, 0xF8, 0x7E, 0x19, 0xF0, 0xFC, 0x00, 0x00, 0x00, 0x06,
    0x00, 0xC0, 0x0E, 0x03, 0x80, 0x0C, 0x0E, 0x07, 0xFF, 0xFF, 0xFF, 0xFF, 0xFF, 0xE0, 0x00, 0x02,
    0x0F, 0xF8, 0xCE, 0x1F, 0xF1, 0x9C, 0x3F, 0xE3, 0x38, 0x7F, 0xC6, 0x70, 0xC1, 0x8C, 0xE1, 0xFF,
    0x19, 0xC3, 0xFE, 0x33, 0x86, 0x0C, 0x07, 0x0C, 0x78, 0x3E, 0x08, 0x60, 0x70, 0x7F, 0xFF, 0xF8,
    0xFF, 0xFF, 0xF0, 0x01, 0x80, 0xE0, 0x07, 0x01, 0xC0, 0x1C, 0x03, 0x80, 0xF8, 0x07, 0x1F, 0xC1,
    0xFC, 0x7F, 0x03, 0xF8, 0x60, 0x00, 0x00, 0x00, 0x01, 0x80, 0x00, 0x01, 0x80, 0x00, 0x01, 0x80,
    0x7F, 0xE3, 0x80, 0x7F, 0xE3, 0x80, 0x06, 0x03, 0x80, 0x06, 0x3F, 0xFF, 0x06, 0x3F, 0xFF, 0x06,
    0x03, 0x87, 0x06, 0x03, 0x87, 0x06, 0x03, 0x87, 0x06, 0x03, 0x87, 0x06, 0x03, 0x07, 0x06, 0x03,
    0x07, 0x06, 0x07, 0x07, 0x07, 0xE7, 0x06, 0x1F, 0xE6, 0x06, 0x7F, 0x8E, 0x06, 0x7C, 0x0E, 0x06,
    0x60, 0x1C, 0x0E, 0x00, 0x3C, 0x0E, 0x00, 0x78, 0x0E, 0x00, 0xF1, 0xFC, 0x00, 0xE0, 0xFC, 0x00,
    0x00, 0x00, 0x06, 0x00, 0x00, 0x1C, 0x00, 0x00, 0x38, 0x00, 0x00, 0x70, 0x00, 0x00, 0xE0, 0x3F,
    0xEF, 0xFF, 0x7F, 0xDF, 0xFE, 0xC1, 0x87, 0x1D, 0x83, 0x0E, 0x3B, 0x06, 0x1C, 0x76, 0x0C, 0x38,
    0xEC, 0x18, 0x71, 0xD8, 0x30, 0xE3, 0x30, 0x61, 0x86, 0x60, 0xC3, 0x0C, 0xC1, 0x86, 0x19, 0x83,
    0x1C, 0x33, 0x06, 0x38, 0x66, 0x0C, 0x60, 0xCC, 0x19, 0xC1, 0x98, 0x33, 0x87, 0x3F, 0xEE, 0x0E,
    0x7F, 0xDC, 0xFC, 0xC1, 0xB1, 0xF1, 0x83, 0x00, 0x00, 0x00, 0x00, 0xC0, 0x00, 0x00, 0xE0, 0x00,
    0x01, 0xC0, 0x00, 0x03, 0xFF, 0xF0, 0x07, 0xFF, 0xF8, 0x0F, 0x00, 0xF0, 0x3F, 0x81, 0xE0, 0x7B,
    0xC7, 0xC0, 0x31, 0xFF, 0x00, 0x00, 0xFE, 0x00, 0x0F, 0xFF, 0xFC, 0xFF, 0xC3, 0xFE, 0xFC, 0x30,
    0x3E, 0x00, 0x30, 0x00, 0x00, 0x70, 0x00, 0x3F, 0xFF, 0xF8, 0x3F, 0xFF, 0xF8, 0x00, 0xE0, 0x38,
    0x00, 0xE0, 0x38, 0x01, 0xC0, 0x30, 0x07, 0x80, 0x30, 0x1F, 0x00, 0x70, 0xFE, 0x0F, 0xF0, 0x78,
    0x0F, 0xE0, 0x40, 0x00, 0x00, 0x00, 0x01, 0xC0, 0x00, 0x03, 0x81, 0xFF, 0x87, 0x03, 0xFF, 0x0E,
    0x00, 0x00, 0x18, 0x00, 0x03, 0xFF, 0xC0, 0x07, 0xFF, 0x80, 0x00, 0xC7, 0xFF, 0xF1, 0x8F, 0xFF,
    0xE3, 0x1C, 0x70, 0x0E, 0x38, 0xE0, 0x1C, 0x71, 0x9C, 0x38, 0xE7, 0x18, 0x71, 0xCE, 0x38, 0xC3,
    0x98, 0x71, 0x87, 0x71, 0xE7, 0x0E, 0xFF, 0xEE, 0x1B, 0xFF, 0xF8, 0x33, 0xC1, 0xF0, 0x60, 0x01,
    0xC1, 0xC0, 0x07, 0xBF, 0x80, 0x0E, 0x7E, 0x00, 0x00, 0x00, 0xFF, 0xFF, 0xFB, 0xFF, 0xFF, 0xFE,
    0x18, 0x70, 0x38, 0x61, 0xC0, 0xE1, 0x87, 0x03, 0x86, 0x1C, 0x0E, 0x18, 0x70, 0x38, 0x61, 0xC0,
    0xE3, 0x87, 0x03, 0x8E, 0x1C, 0x0E, 0x38, 0x71, 0xB8, 0xC1, 0xC7, 0xE7, 0x07, 0x1B, 0x9C, 0x1C,
    0x6E, 0xE0, 0x7F, 0xBF, 0x00, 0xFC, 0xE8, 0x00, 0x03, 0x80, 0x00, 0x0E, 0x00, 0x00, 0x3F, 0xFF,
    0xFF, 0xFF, 0xFF, 0xFC, 0x00, 0xC0, 0x00, 0x06, 0x00, 0x00, 0x30, 0x00, 0x01, 0x80, 0x00, 0x0C,
    0x00, 0x00, 0x7F, 0xF8, 0x03, 0xFF, 0xE0, 0x18, 0x00, 0x00, 0xC0, 0x00, 0x06, 0x00, 0x00, 0x30,
    0x00, 0x01, 0x80, 0x07, 0xFF, 0xFC, 0x7F, 0xFF, 0xE3, 0x80, 0x03, 0x1C, 0x00, 0x18, 0xE0, 0x00,
    0xC7, 0x00, 0x06, 0x38, 0x00, 0x31, 0xC0, 0x01, 0x8E, 0x00, 0x0C, 0x7F, 0xFF, 0xE3, 0xFF, 0xFF,
    0x1C, 0x00, 0x18, 0x60, 0x00, 0xC0, 0x00, 0x30, 0x00, 0x00, 0x60, 0x00, 0x00, 0xC0, 0x00, 0x01,
    0x80, 0x00, 0x03, 0xFF, 0x80, 0x07, 0xFF, 0x00, 0x0C, 0x00, 0x00, 0x18, 0x00, 0x00, 0x30, 0x00,
    0x00, 0x60, 0x03, 0xFF, 0xFF, 0xFF, 0xFF, 0xFF, 0xF0, 0x03, 0x00, 0x00, 0x06, 0x00, 0x00, 0x0C,
    0x00, 0x00, 0x1F, 0x80, 0x00, 0x3F, 0xC0, 0x00, 0x67, 0xE0, 0x00, 0xC3, 0xF0, 0x01, 0x81, 0xC0,
    0x03, 0x00, 0x00, 0x06, 0x00, 0x00, 0x0C, 0x00, 0x00, 0x18, 0x00, 0x00, 0x30, 0x00, 0x1F, 0xFF,
    0xFF, 0x1F, 0xFF, 0xFF, 0x18, 0x07, 0x00, 0x18, 0x0E, 0x00, 0x19, 0xFF, 0xFC, 0x19, 0xFF, 0xFC,
    0x19, 0xC0, 0x1C, 0x19, 0xC0, 0x1C, 0x19, 0xFF, 0xFC, 0x19, 0xFF, 0xFC, 0x19, 0xC0, 0x1C, 0x19,
    0xC0, 0x1C, 0x19, 0xFF, 0xFC, 0x19, 0xFF, 0xFC, 0x38, 0x07, 0x00, 0x38, 0x67, 0x30, 0x38, 0xE7,
    0x70, 0x31, 0xC7, 0x38, 0x33, 0xC7, 0x1C, 0x77, 0x87, 0x0E, 0x77, 0x07, 0x07, 0x62, 0x3F, 0x06,
    0x00, 0x3E, 0x00, 0x7F, 0xF8, 0x00, 0x3F, 0xFF, 0xFF, 0x0E, 0x1B, 0xFF, 0x87, 0x0C, 0x60, 0xC3,
    0x86, 0x30, 0x61, 0xFF, 0x18, 0x70, 0xFF, 0x8E, 0x38, 0x70, 0xC7, 0x18, 0x38, 0x61, 0x8C, 0x1C,
    0x30, 0xCE, 0x0F, 0xF8, 0x77, 0x07, 0xFC, 0x3F, 0x03, 0x86, 0x0F, 0x81, 0xC3, 0x07, 0x80, 0xE1,
    0x81, 0xC0, 0x73, 0xF0, 0xE0, 0x7F, 0xF8, 0xF8, 0x3F, 0xF0, 0xFC, 0x1E, 0x18, 0xF7, 0x00, 0x0C,
    0xF3, 0xC0, 0x06, 0xF0, 0xF0, 0x03, 0x70, 0x38, 0x01, 0x90, 0x00, 0xFF, 0xFF, 0xFF, 0xFF, 0xFF,
    0x00, 0x01, 0xE0, 0x00, 0x3C, 0x00, 0x07, 0x80, 0x00, 0xF0, 0x00, 0x1E, 0x00, 0x03, 0xC0, 0x00,
    0x78, 0x00, 0x0F, 0x00, 0x01, 0xE0, 0x00, 0x3C, 0x00, 0x07, 0x80, 0x00, 0xF0, 0x00, 0x1E, 0x00,
    0x03, 0xC0, 0x00, 0x7F, 0xFF, 0xFF, 0xFF, 0xFF, 0xE0, 0x00, 0x3C, 0x00, 0x06, 0xFF, 0xFF, 0xFF,
    0xFF, 0xFF, 0xFC, 0x00, 0x01, 0xC0, 0x00, 0x03, 0x80, 0x00, 0x07, 0x00, 0x00, 0x0E, 0x07, 0xFF,
    0x1C, 0x0F, 0xFE, 0x38, 0x18, 0x1C, 0x70, 0x30, 0x38, 0xE0, 0x60, 0x71, 0xC0, 0xC0, 0xE3, 0x81,
    0x81, 0xC7, 0x03, 0x03, 0x8E, 0x07, 0xFF, 0x1C, 0x0F, 0xFE, 0x38, 0x18, 0x00, 0x70, 0x30, 0x00,
    0xE0, 0x00, 0x01, 0xC0, 0x00, 0x03, 0x80, 0x00, 0xFF, 0x00, 0x01, 0xFC, 0x00, 0x00, 0x30, 0x00,
    0x00, 0x30, 0x00, 0x00, 0x70, 0x00, 0x00, 0x70, 0x00, 0x00, 0x70, 0x00, 0x7F, 0xFF, 0xFF, 0x7F,
    0xFF, 0xFF, 0x00, 0xE0, 0x00, 0x01, 0xC0, 0x00, 0x01, 0xC0, 0x00, 0x03, 0x80, 0x00, 0x03, 0x80,
    0x00, 0x07, 0xFF, 0xFC, 0x0F, 0xFF, 0xFC, 0x0F, 0x80, 0x1C, 0x1F, 0x80, 0x1C, 0x3B, 0x80, 0x1C,
    0x7B, 0x80, 0x1C, 0x63, 0x80, 0x1C, 0x03, 0x80, 0x1C, 0x03, 0x80, 0x1C, 0x03, 0xFF, 0xFC, 0x03,
    0xFF, 0xFC, 0x03, 0x80, 0x1C, 0x03, 0x80, 0x0C, 0x1F, 0xFF, 0xF0, 0x3F, 0xFF, 0xE0, 0x70, 0x01,
    0xC0, 0xE0, 0x03, 0x81, 0xC0, 0x07, 0x03, 0x80, 0x0E, 0x07, 0xFF, 0xFC, 0x0F, 0xFF, 0xF8, 0x00,
    0x00, 0x00, 0x00, 0x00, 0x03, 0xFF, 0xFF, 0xFF, 0xFF, 0xFF, 0xF0, 0x70, 0x00, 0x00, 0xE0, 0x00,
    0x03, 0x80, 0x00, 0x07, 0xFF, 0xF8, 0x0F, 0xFF, 0xF0, 0x00, 0x00, 0xC0, 0x00, 0x03, 0x80, 0x00,
    0x07, 0x00, 0x00, 0x0E, 0x00, 0x07, 0xF8, 0x00, 0x0F, 0xF0, 0x00, 0x02, 0x00, 0xFF, 0xFF, 0xFF,
    0xFF, 0xFF, 0xF0, 0x00, 0x07, 0x80, 0x00, 0x3C, 0xFF, 0xF9, 0xE7, 0xFF, 0xCF, 0x00, 0x00, 0x78,
    0x00, 0x03, 0xC0, 0x00, 0x1E, 0x3F, 0xF8, 0xF1, 0xFF, 0xC7, 0x8E, 0x0E, 0x3C, 0x70, 0x71, 0xE3,
    0x83, 0x8F, 0x1C, 0x1C, 0x78, 0xFF, 0xE3, 0xC7, 0xFF, 0x1E, 0x38, 0x00, 0xF1, 0xC0, 0x07, 0x84,
    0x00, 0x3C, 0x00, 0x01, 0xE0, 0x00, 0xFF, 0x00, 0x07, 0xC0, 0x00, 0x60, 0x00, 0x07, 0x00, 0x00,
    0x78, 0x00, 0x07, 0xFF, 0xE0, 0x7F, 0xFF, 0x07, 0x80, 0x78, 0xF8, 0x03, 0x8F, 0xE0, 0x38, 0x77,
    0x87, 0x80, 0x1E, 0x78, 0x00, 0x3F, 0x80, 0x00, 0xF8, 0x00, 0x1F, 0x00, 0x07, 0xFF, 0xFF, 0xFF,
    0xFF, 0xFF, 0xE0, 0x07, 0x67, 0x00, 0x38, 0x38, 0x01, 0xC1, 0xC0, 0x0E, 0x0E, 0x00, 0x70, 0x70,
    0x03, 0x83, 0xFF, 0xFC, 0x1F, 0xFF, 0xE0, 0xE0, 0x07, 0x06, 0x00, 0x30, 0x00, 0x00, 0x00, 0x00,
    0x01, 0xFC, 0x07, 0xFF, 0xFC, 0x1F, 0xFF, 0xE0, 0x1F, 0xE0, 0x00, 0x1C, 0x00, 0x00, 0x1C, 0x00,
    0x00, 0x1C, 0x00, 0x00, 0x1F, 0xFF, 0xFF, 0x1F, 0xFF, 0xFF, 0x1C, 0x00, 0x00, 0x1C, 0x00, 0x00,
    0x1C, 0x00, 0x00, 0x1D, 0xFF, 0xFC, 0x1D, 0xFF, 0xFC, 0x1D, 0xC0, 0x0C, 0x1D, 0xC0, 0x0C, 0x19,
    0xC0, 0x0C, 0x39, 0xC0, 0x0C, 0x39, 0xC0, 0x0C, 0x39, 0xC0, 0x0C, 0x71, 0xFF, 0xFC, 0x71, 0xFF,
    0xFC, 0x61, 0xC0, 0x0C, 0x20, 0xC0, 0x0C, 0x00, 0x60, 0x00, 0x07, 0x00, 0x00, 0x38, 0x00, 0x01,
    0x80, 0x00, 0x1C, 0x00, 0x7F, 0xFF, 0xFF, 0xFF, 0xFF, 0xFC, 0x00, 0x07, 0xE0, 0x00, 0x3F, 0x00,
    0x01, 0xF9, 0xFF, 0xCF, 0xCF, 0xFE, 0x7E, 0x70, 0x73, 0xF3, 0x83, 0x9F, 0x9C, 0x1C, 0xFC, 0xE0,
    0xE7, 0xE7, 0x07, 0x3F, 0x3F, 0xF9, 0xF9, 0xFF, 0xCF, 0xCE, 0x00, 0x7E, 0x70, 0x03, 0xF0, 0x00,
    0x1F, 0x80, 0x0F, 0xFC, 0x00, 0x7E, 0x7F, 0xFF, 0xFF, 0x7F, 0xFF, 0xFF, 0x00, 0x1E, 0x00, 0x00,
    0x3C, 0x00, 0x00, 0x7D, 0x80, 0x01, 0xFF, 0xE0, 0x03, 0xDC, 0xF8, 0x1F, 0x9C, 0x3E, 0x7E, 0x1C,
    0x1F, 0x78, 0x1C, 0x07, 0x20, 0x1C, 0x00, 0x00, 0x1C, 0x00, 0x0F, 0xFF, 0xF8, 0x0F, 0xFF, 0xF8,
    0x0E, 0x00, 0x38, 0x0E, 0x00, 0x38, 0x0E, 0x00, 0x38, 0x0E, 0x00, 0x38, 0x0E, 0x00, 0x38, 0x0F,
    0xFF, 0xF8, 0x0F, 0xFF, 0xF8, 0x0E, 0x00, 0x38, 0x0E, 0x00, 0x18, 0x00, 0x18, 0x00, 0x00, 0x38,
    0x00, 0x00, 0x70, 0x00, 0x00, 0x70, 0x00, 0xFF, 0xFF, 0xC3, 0xFF, 0xFF, 0x87, 0x00, 0x07, 0x0E,
    0x00, 0x0E, 0x1C, 0x00, 0x1C, 0x38, 0x00, 0x38, 0x7F, 0xFF, 0xF0, 0xFF, 0xFF, 0xE1, 0xC0, 0x00,
    0x03, 0x80, 0x00, 0x07, 0x7F, 0xFF, 0x0E, 0xFF, 0xFF, 0x1D, 0x80, 0x0E, 0x3B, 0x00, 0x1C, 0x66,
    0x00, 0x39, 0xCC, 0x00, 0x73, 0x98, 0x00, 0xEE, 0x3F, 0xFF, 0xDC, 0x7F, 0xFF, 0xB0, 0xC0, 0x07,
    0x21, 0x80, 0x0C, 0x04, 0x18, 0x00, 0x1C, 0x30, 0x00, 0x38, 0x60, 0x00, 0x70, 0xC0, 0x01, 0xFF,
    0xFF, 0x83, 0xFF, 0xFF, 0x0E, 0x06, 0x00, 0x38, 0x0C, 0x00, 0x70, 0x18, 0x00, 0x40, 0x30, 0x03,
    0xFF, 0xFF, 0xFF, 0xFF, 0xFF, 0xF0, 0x00, 0x00, 0x00, 0x00, 0x00, 0x00, 0x00, 0x00, 0x0F, 0xFF,
    0xF8, 0x1F, 0xFF, 0xF0, 0x38, 0x00, 0xE0, 0x70, 0x01, 0xC0, 0xE0, 0x03, 0x81, 0xC0, 0x07, 0x03,
    0xFF, 0xFE, 0x07, 0xFF, 0xFC, 0x0E, 0x00, 0x38, 0x1C, 0x00, 0x70, 0x00, 0x0C, 0x00, 0x00, 0x0E,
    0x00, 0x00, 0x0F, 0x80, 0x00, 0x0F, 0xE0, 0x00, 0x0F, 0x78, 0x00, 0x1F, 0x1F, 0x00, 0x3E, 0x03,
    0xE0, 0x7F, 0xFF, 0xFE, 0x7D, 0xFF, 0xDF, 0x38, 0x00, 0x03, 0x00, 0x00, 0x00, 0x03, 0xFC, 0xFF,
    0x81, 0xFE, 0x7F, 0xC0, 0xC3, 0x38, 0x60, 0x61, 0x9C, 0x30, 0x30, 0xCE, 0x18, 0x18, 0x67, 0x0C,
    0x0C, 0x33, 0x86, 0x07, 0xF9, 0xC3, 0x03, 0xFC, 0xFF, 0x81, 0x80, 0x77, 0xC0, 0xC0, 0x38, 0x00,
    0x60, 0x1C, 0x00, 0x00, 0x0E, 0x00, 0x00, 0x07, 0x00, 0x00, 0x00, 0x03, 0x00, 0x00, 0x03, 0x80,
    0x00, 0x07, 0x80, 0xFF, 0x07, 0xC0, 0xFF, 0x0F, 0xC0, 0xE7, 0x0E, 0xE0, 0xE7, 0x1C, 0x70, 0xE7,
    0x38, 0x38, 0xE7, 0x78, 0x3C, 0xE7, 0xFF, 0xFE, 0xE7, 0xFF, 0xFE, 0xE7, 0x80, 0x00, 0xE7, 0x00,
    0x00, 0xE7, 0x00, 0x00, 0xE7, 0x3F, 0xF8, 0xE7, 0x3F, 0xF8, 0xFF, 0x30, 0x38, 0xFF, 0x30, 0x38,
    0xE0, 0x30, 0x38, 0xE0, 0x30, 0x38, 0x40, 0x30, 0x38, 0x00, 0x3F, 0xF8, 0x00, 0x3F, 0xF8, 0x00,
    0x30, 0x38, 0x00, 0x30, 0x38, 0x1F, 0xE7, 0xFC, 0x0F, 0xF3, 0xFE, 0x06, 0x19, 0xC3, 0x03, 0x0C,
    0xE1, 0x81, 0x86, 0x70, 0xC0, 0xFF, 0x3F, 0xE0, 0x7F, 0xEF, 0xF0, 0x00, 0x73, 0xC0, 0x00, 0x70,
    0xF0, 0x3F, 0xFF, 0xFF, 0x9F, 0xFF, 0xFF, 0xC0, 0x78, 0x38, 0x00, 0x78, 0x0F, 0x00, 0xF8, 0x03,
    0xE1, 0xFF, 0x8F, 0xFC, 0xFF, 0xCF, 0xFE, 0x78, 0x67, 0x0E, 0x0C, 0x33, 0x86, 0x06, 0x19, 0xC3,
    0x03, 0x0C, 0xE1, 0x81, 0xFE, 0x7F, 0xC0, 0xFF, 0x3F, 0xE0, 0x61, 0x8C, 0x30, 0xFF, 0xFF, 0xFF,
    0xFF, 0xFF, 0xF0, 0x00, 0x07, 0x80, 0x00, 0x3C, 0x00, 0x01, 0xE3, 0xFF, 0x8F, 0x1F, 0xFC, 0x78,
    0xE0, 0xE3, 0xC7, 0x07, 0x1E, 0x38, 0x38, 0xF1, 0xC1, 0xC7, 0x8E, 0x0E, 0x3C, 0x70, 0x71, 0xE3,
    0xFF, 0x8F, 0x1F, 0xFC, 0x78, 0x00, 0x03, 0xC0, 0x00, 0x1E, 0x00, 0x00, 0xF0, 0x00, 0x07, 0xFF,
    0xFF, 0xFF, 0xFF, 0xFF, 0xE0, 0x00, 0x0F, 0x00, 0x00, 0x60, 0xFF, 0xFF, 0xFF, 0xFF, 0xFF, 0xF0,
    0x00, 0x07, 0x80, 0xE0, 0x3C, 0x07, 0x01, 0xE0, 0x38, 0x0F, 0x01, 0xC0, 0x78, 0x0E, 0x03, 0xDF,
    0xFF, 0xDE, 0xFF, 0xFE, 0xF0, 0x18, 0x07, 0x80, 0xE0, 0x3C, 0x0F, 0x81, 0xE0, 0x7E, 0x0F, 0x07,
    0x38, 0x78, 0x78, 0xE3, 0xC7, 0x83, 0x9E, 0x78, 0x1E, 0xF7, 0x80, 0x77, 0x90, 0x00, 0x3F, 0xFF,
    0xFF, 0xFF, 0xFF, 0xFF, 0x00, 0x00, 0x78, 0x00, 0x03, 0xFF, 0xFF, 0xFF, 0xFF, 0xFF, 0xF0, 0x08,
    0x07, 0x80, 0xE0, 0x3C, 0x07, 0x01, 0xEF, 0xFF, 0xEF, 0x7F, 0xFF, 0x78, 0x0E, 0x03, 0xC0, 0x70,
    0x1E, 0x7F, 0xFC, 0xF3, 0xFF, 0xE7, 0x80, 0xE0, 0x3C, 0x07, 0x01, 0xEF, 0xFF, 0xEF, 0x7F, 0xFF,
    0x78, 0x0E, 0x3B, 0xC0, 0x71, 0xDE, 0x03, 0xFC, 0xF0, 0x1D, 0xC7, 0x80, 0xE0, 0x3F, 0xFF, 0xFF,
    0xFF, 0xFF, 0xFF, 0x00, 0x00, 0x78, 0x00, 0x03, 0xFF, 0xFF, 0xFF, 0xFF, 0xFF, 0xF0, 0x30, 0x07,
    0x83, 0x80, 0x3C, 0x3F, 0xF9, 0xE3, 0xFF, 0x8F, 0x7E, 0x3C, 0x7B, 0xBB, 0xC3, 0xC8, 0xF8, 0x1E,
    0x0F, 0xE0, 0xF3, 0xF7, 0xF7, 0xFF, 0x0F, 0xFD, 0x9F, 0x0D, 0xE0, 0x7E, 0x0F, 0x00, 0x70, 0x78,
    0xFC, 0x03, 0xC7, 0xFE, 0x1E, 0x01, 0xF8, 0xF0, 0x00, 0x87, 0xFF, 0xFF, 0xFF, 0xFF, 0xFF, 0xE0,
    0x00, 0x0F, 0x00, 0x00, 0x60, 0x00, 0x20, 0x00, 0x00, 0x70, 0x00, 0x00, 0x70, 0x00, 0x00, 0x60,
    0x00, 0x00, 0xE0, 0x00, 0x7F, 0xFF, 0xFF, 0x7F, 0xFF, 0xFF, 0x01, 0xC0, 0x00, 0x03, 0x81, 0x80,
    0x03, 0x81, 0x80, 0x07, 0x01, 0x80, 0x0E, 0x01, 0x80, 0x1E, 0x01, 0x80, 0x3E, 0x7F, 0xFE, 0x7E,
    0x7F, 0xFE, 0x7E, 0x01, 0x80, 0x6E, 0x01, 0x80, 0x0E, 0x01, 0x80, 0x0E, 0x01, 0x80, 0x0E, 0x01,
    0x80, 0x0E, 0x01, 0x80, 0x0E, 0x01, 0x80, 0x0E, 0xFF, 0xFF, 0x0E, 0xFF, 0xFF, 0x06, 0x00, 0x00,
    0x00, 0x00, 0xC0, 0x06, 0x00, 0xE0, 0x03, 0x00, 0x70, 0x01, 0x87, 0x38, 0x00, 0xC3, 0x9C, 0x00,
    0x61, 0xCE, 0x30, 0x30, 0xE7, 0xF8, 0xFF, 0x73, 0xFC, 0x7F, 0xBB, 0xF6, 0x06, 0x1F, 0xE3, 0x03,
    0x1F, 0xF1, 0x81, 0x9F, 0x38, 0xC0, 0xCF, 0x9C, 0x60, 0x61, 0xCE, 0x30, 0x30, 0xE7, 0x18, 0x1B,
    0x73, 0x9C, 0x0F, 0xF9, 0xFE, 0x1F, 0xDC, 0xEE, 0x1F, 0x0E, 0x30, 0x8E, 0x07, 0x00, 0x60, 0x03,
    0x80, 0x30, 0x01, 0xC0, 0x38, 0x00, 0x7F, 0xFC, 0x00, 0x1F, 0xFC, 0x04, 0x00, 0xC0, 0x07, 0x00,
    0x70, 0x03, 0x80, 0x38, 0x01, 0xC0, 0x1C, 0x00, 0xE0, 0x0E, 0x00, 0x70, 0xC7, 0x01, 0xFF, 0xE3,
    0x80, 0xFF, 0xF1, 0xC0, 0x0E, 0x38, 0xE0, 0x07, 0x1C, 0x7F, 0x83, 0x8E, 0x3F, 0xC1, 0xC7, 0x1C,
    0x00, 0xE3, 0x8E, 0x00, 0x71, 0xC7, 0x00, 0x39, 0xE3, 0x80, 0x1F, 0xF1, 0xC0, 0x0F, 0xF8, 0xE0,
    0x1F, 0x9C, 0x70, 0x1F, 0x0E, 0x38, 0x0E, 0x07, 0x1C, 0x00, 0x03, 0x8E, 0x00, 0x01, 0xC7, 0x00,
    0x07, 0xFF, 0xFC, 0x03, 0xFF, 0xFE, 0x00, 0x60, 0x00, 0x00, 0x70, 0x00, 0x00, 0x78, 0x00, 0x00,
    0x3F, 0xFE, 0x00, 0x7F, 0xFF, 0x00, 0x7C, 0x07, 0x00, 0xFF, 0x8F, 0x00, 0x79, 0xFF, 0x00, 0x10,
    0x7F, 0x00, 0x00, 0x7F, 0xE0, 0x03, 0xFD, 0xFF, 0x0F, 0xF8, 0x1F, 0xE7, 0xE0, 0x01, 0xF2, 0x7F,
    0xFF, 0xC0, 0x3F, 0xFF, 0xE0, 0x1C, 0x38, 0x70, 0x0E, 0x1C, 0x38, 0x07, 0xFF, 0xFC, 0x03, 0xFF,
    0xFE, 0x01, 0xC3, 0x87, 0x00, 0xE1, 0xC3, 0x80, 0x70, 0xE1, 0xC0, 0x3F, 0xFF, 0xE0, 0x1F, 0xFF,
    0xF0, 0x0C, 0x00, 0x38, 0x00, 0x03, 0x00, 0x00, 0x01, 0xC0, 0x00, 0x01, 0xC0, 0x00, 0x01, 0xFF,
    0xFF, 0xC0, 0xFF, 0xFF, 0xE0, 0xE0, 0x00, 0x01, 0xFF, 0xFF, 0xE0, 0xEF, 0xFF, 0xF0, 0x27, 0x00,
    0x38, 0x03, 0xFF, 0xFC, 0x01, 0xFF, 0xFE, 0x00, 0xE0, 0x07, 0x00, 0x7F, 0xFF, 0x80, 0x3F, 0xFF,
    0xC0, 0x07, 0x00, 0x00, 0x07, 0x80, 0x00, 0x07, 0xFF, 0xF8, 0x07, 0xFF, 0xF8, 0x07, 0xF0, 0x78,
    0x07, 0x1E, 0xF8, 0x01, 0x07, 0xF0, 0x00, 0x1F, 0xFF, 0x01, 0xFF, 0xCF, 0xFC, 0xFE, 0x00, 0xFE,
    0x00, 0x00, 0x00, 0x00, 0x07, 0x01, 0x80, 0x03, 0x80, 0xE0, 0x01, 0xC0, 0x70, 0x00, 0xC0, 0x38,
    0x00, 0xFF, 0x9C, 0x00, 0x7F, 0xCE, 0x00, 0x30, 0xE7, 0x00, 0x38, 0x73, 0x80, 0x18, 0x39, 0xE0,
    0x1C, 0x1C, 0xF8, 0x1F, 0x0C, 0x7E, 0x0F, 0xCE, 0x3F, 0x86, 0xF7, 0x1D, 0xE0, 0x1F, 0x0E, 0x78,
    0x07, 0x87, 0x1C, 0x03, 0xC3, 0x84, 0x01, 0xC1, 0xC0, 0x01, 0xE0, 0xE0, 0x01, 0xE0, 0x70, 0x01,
    0xE0, 0x38, 0x01, 0xE0, 0x1C, 0x01, 0xF0, 0x0E, 0x01, 0xE0, 0x07, 0x00, 0xE0, 0x03, 0x80, 0x00,
    0x01, 0x80, 0x00, 0x00, 0x38, 0x00, 0x00, 0x70, 0x00, 0x00, 0xE0, 0x00, 0x01, 0xC0, 0x00, 0x03,
    0x80, 0x00, 0x07, 0x00, 0x00, 0x0E, 0x00, 0x00, 0x1C, 0x00, 0xFF, 0xFF, 0xFF, 0xFF, 0xFF, 0xFC,
    0x01, 0xF0, 0x00, 0x03, 0xE0, 0x00, 0x07, 0xC0, 0x00, 0x1D, 0xC0, 0x00, 0x3B, 0x80, 0x00, 0xF3,
    0x80, 0x01, 0xC7, 0x80, 0x07, 0x07, 0x00, 0x1E, 0x07, 0x00, 0x78, 0x0F, 0x01, 0xE0, 0x0F, 0x07,
    0x80, 0x0F, 0xBE, 0x00, 0x0F, 0xF8, 0x00, 0x0F, 0x40, 0x00, 0x04, 0x00, 0x38, 0x00, 0x0E, 0x38,
    0x00, 0x0E, 0x38, 0x00, 0x0E, 0x38, 0x00, 0x1C, 0x38, 0x00, 0x1F, 0xFF, 0xF8, 0x3F, 0xFF, 0xF8,
    0x38, 0x38, 0x00, 0x70, 0x38, 0x00, 0xF0, 0x38, 0x00, 0x60, 0x38, 0x00, 0x00, 0x38, 0x00, 0xFF,
    0xFF, 0xFE, 0xFF, 0xFF, 0xFE, 0x00, 0x7C, 0x00, 0x00, 0x7C, 0x00, 0x00, 0xEE, 0x00, 0x01, 0xEF,
    0x00, 0x01, 0xC7, 0x00, 0x07, 0x83, 0xC0, 0x0F, 0x81, 0xE0, 0x3E, 0x00, 0xF8, 0xFC, 0x00, 0x7E,
    0xF0, 0x00, 0x1E, 0x40, 0x00, 0x04, 0x0C, 0x01, 0x80, 0x06, 0x00, 0xE0, 0x03, 0x00, 0xE0, 0x01,
    0x80, 0x70, 0x00, 0xC0, 0x71, 0x00, 0xE0, 0x39, 0xC1, 0xFF, 0x38, 0x70, 0xFF, 0x9C, 0x18, 0x19,
    0xDC, 0x0E, 0x0C, 0xFF, 0xFF, 0x8E, 0x7F, 0xFF, 0xC7, 0x37, 0xF0, 0x63, 0x18, 0x00, 0x31, 0x8C,
    0x00, 0x01, 0xEE, 0x7F, 0xF8, 0x7F, 0x3F, 0xFC, 0x1F, 0x1C, 0x0E, 0x07, 0x8E, 0x07, 0x01, 0xE7,
    0x03, 0x81, 0xFB, 0x81, 0xC1, 0xCD, 0xC0, 0xE1, 0xC2, 0xFF, 0xF1, 0xE0, 0x7F, 0xF8, 0xE0, 0x38,
    0x1C, 0x00, 0x18, 0x06, 0x00, 0x00, 0x30, 0x00, 0x00, 0xF0, 0x00, 0x00, 0xE0, 0x03, 0xFF, 0xFF,
    0xE7, 0xFF, 0xFF, 0xCC, 0x00, 0x01, 0x98, 0x00, 0x03, 0x30, 0x00, 0x06, 0x6F, 0xFF, 0xCC, 0x1F,
    0xFF, 0x80, 0x00, 0x0E, 0x00, 0x00, 0x78, 0x00, 0x01, 0xE0, 0x00, 0x07, 0x80, 0x00, 0x0E, 0x00,
    0x7F, 0xFF, 0xFF, 0xFF, 0xFF, 0xFE, 0x00, 0x70, 0x00, 0x00, 0xE0, 0x00, 0x01, 0xC0, 0x00, 0x03,
    0x80, 0x00, 0x07, 0x00, 0x00, 0xFE, 0x00, 0x01, 0xF8, 0x00, 0x00, 0x60, 0x00, 0x00, 0x70, 0x00,
    0x00, 0x60, 0x00, 0x00, 0xE0, 0x00, 0x7F, 0xFF, 0xFF, 0x7F, 0xFF, 0xFF, 0x01, 0xC0, 0x00, 0x01,
    0x80, 0x00, 0x03, 0x80, 0x00, 0x07, 0x3F, 0xFC, 0x07, 0x3F, 0xFC, 0x0E, 0x00, 0x78, 0x1E, 0x00,
    0xF0, 0x3E, 0x01, 0xC0, 0x7E, 0x01, 0xC0, 0x6E, 0xFF, 0xFF, 0x4E, 0xFF, 0xFF, 0x0E, 0x01, 0xC0,
    0x0E, 0x01, 0xC0, 0x0E, 0x01, 0xC0, 0x0E, 0x01, 0xC0, 0x0E, 0x01, 0xC0, 0x0E, 0x01, 0xC0, 0x0E,
    0x1F, 0x80, 0x0E, 0x1F, 0x80, 0x00, 0x70, 0x00, 0x00, 0xF0, 0x00, 0x00, 0xE0, 0x03, 0xFF, 0xFF,
    0xE7, 0xFF, 0xFF, 0xCC, 0x00, 0x01, 0x98, 0x00, 0x03, 0x30, 0x00, 0x06, 0x6F, 0xFF, 0xEC, 0x1F,
    0xFF, 0xC0, 0x00, 0x00, 0x00, 0x00, 0x00, 0x00, 0x00, 0x00, 0x1F, 0xFF, 0xFF, 0xFF, 0xFF, 0xFF,
    0x80, 0xC3, 0x80, 0x03, 0x87, 0x00, 0x07, 0x0E, 0x00, 0x0E, 0x1C, 0x00, 0x18, 0x38, 0x30, 0x70,
    0x70, 0x63, 0xC0, 0xE0, 0xFF, 0x01, 0xFF, 0xFC, 0x01, 0xFE, 0x40, 0x00, 0x00, 0x00, 0x18, 0x00,
    0x00, 0x1C, 0x00, 0x00, 0x1C, 0x00, 0x3F, 0xFF, 0xFE, 0x3F, 0xFF, 0xFE, 0x30, 0x00, 0x06, 0x30,
    0x00, 0x06, 0x30, 0x00, 0x06, 0x37, 0xFF, 0xF6, 0x07, 0xFF, 0xF0, 0x00, 0x1C, 0x00, 0x00, 0x1C,
    0x00, 0x07, 0x1C, 0x00, 0x07, 0x1C, 0x00, 0x07, 0x1C, 0x00, 0x06, 0x1F, 0xF8, 0x0E, 0x1F, 0xF8,
    0x0F, 0x1C, 0x00, 0x0F, 0x1C, 0x00, 0x1F, 0x9C, 0x00, 0x1D, 0xFC, 0x00, 0x38, 0xFC, 0x00, 0x78,
    0x7F, 0xFF, 0x70, 0x1F, 0xFF, 0x20, 0x00, 0x00, 0x00, 0x30, 0x00, 0x00, 0x38, 0x00, 0x00, 0x38,
    0x00, 0x7F, 0xFF, 0xFE, 0x7F, 0xFF, 0xFE, 0x61, 0x83, 0x0E, 0x61, 0x83, 0x0E, 0x7F, 0xFF, 0xFC,
    0x1F, 0xFF, 0xF0, 0x01, 0x83, 0x00, 0x01, 0x83, 0x00, 0x0F, 0xFF, 0xE0, 0x0F, 0xFF, 0xE0, 0x0C,
    0x00, 0x60, 0x0C, 0x30, 0x60, 0x0C, 0x30, 0x60, 0x0C, 0x30, 0x60, 0x0C, 0x7C, 0x60, 0x0C, 0x7C,
    0x64, 0x0C, 0xFC, 0x66, 0x01, 0xEC, 0x06, 0x0F, 0xCC, 0x06, 0x7F, 0x0F, 0xFE, 0xFC, 0x0F, 0xFC,
    0x70, 0x00, 0x00, 0x00, 0x18, 0x00, 0x00, 0x1C, 0x00, 0x00, 0x1C, 0x00, 0x3F, 0xFF, 0xFE, 0x3F,
    0xFF, 0xFE, 0x30, 0x60, 0x06, 0x30, 0x78, 0xE6, 0x31, 0xBD, 0xC6, 0x0D, 0xCF, 0xD0, 0x1D, 0xC7,
    0x38, 0x1D, 0xDE, 0x5C, 0x39, 0xFC, 0x6E, 0x71, 0xF0, 0x67, 0x2F, 0xFF, 0xE3, 0x7F, 0xFF, 0xE0,
    0x7C, 0x08, 0x00, 0x20, 0x1C, 0x00, 0x0C, 0x1C, 0x1C, 0x0C, 0x1C, 0x1C, 0x0C, 0x1C, 0x1C, 0x0C,
    0x1C, 0x1C, 0x0F, 0xFF, 0xFC, 0x0F, 0xFF, 0xFC, 0x00, 0x00, 0x1C, 0x00, 0x00, 0x18, 0x00, 0x00,
    0x30, 0x00, 0x00, 0x60, 0x00, 0x00, 0xC0, 0x00, 0x01, 0x8F, 0xFE, 0x03, 0x1F, 0xFC, 0x06, 0x00,
    0x38, 0x0C, 0x00, 0x6F, 0xFF, 0x00, 0xDF, 0xFE, 0x43, 0x80, 0x61, 0xC7, 0x00, 0xC1, 0xCE, 0x61,
    0x81, 0xD9, 0xC3, 0x01, 0xF1, 0xC6, 0x01, 0xE3, 0x8C, 0x03, 0xC3, 0x98, 0x07, 0xC7, 0x30, 0x1F,
    0xC6, 0x60, 0x3B, 0x80, 0xC0, 0xE3, 0x81, 0x83, 0x86, 0x03, 0x0F, 0x00, 0x06, 0x3C, 0x00, 0xFC,
    0x30, 0x01, 0xF8, 0x03, 0x00, 0x08, 0x03, 0x00, 0x1C, 0x03, 0x00, 0x1C, 0x03, 0x00, 0x1C, 0x3F,
    0xF0, 0x1C, 0x3F, 0xF0, 0x1C, 0x03, 0x07, 0xFF, 0x03, 0x0F, 0xFF, 0x03, 0x00, 0x1C, 0x7F, 0xF8,
    0x1C, 0x7F, 0xF8, 0x1C, 0x03, 0x03, 0x1C, 0x03, 0x03, 0x9C, 0x03, 0x03, 0x9C, 0x03, 0x01, 0x9C,
    0x7F, 0xF9, 0xDC, 0x7F, 0xF1, 0xDC, 0x03, 0x00, 0xDC, 0x03, 0x00, 0x1C, 0x03, 0x38, 0x1C, 0x1F,
    0xF8, 0x1C, 0x7F, 0xF8, 0x1C, 0x7E, 0x01, 0xFC, 0x00, 0x00, 0xF8, 0x03, 0x00, 0x18, 0x03, 0x80,
    0x1C, 0x03, 0x00, 0x1C, 0x1F, 0xF0, 0x1C, 0x1F, 0xF0, 0x1C, 0x18, 0x70, 0x1C, 0x18, 0x7F, 0xFF,
    0x1F, 0xFF, 0xFF, 0x1F, 0xF0, 0x1C, 0x18, 0x70, 0x1C, 0x18, 0x70, 0x1C, 0x1F, 0xF7, 0x1C, 0x1F,
    0xF7, 0x1C, 0x18, 0x73, 0x9C, 0x7F, 0xF1, 0x9C, 0x7F, 0xF1, 0xDC, 0x01, 0xF1, 0xDC, 0x03, 0xF0,
    0x9C, 0x07, 0x70, 0x1C, 0x0E, 0x70, 0x1C, 0x1C, 0x70, 0x1C, 0x78, 0x70, 0x1C, 0x70, 0x70, 0x1C,
    0x23, 0xF1, 0xF8, 0x01, 0xE0, 0xF8, 0x07, 0x01, 0x80, 0x07, 0x03, 0xC0, 0x07, 0x07, 0xFE, 0x07,
    0x0F, 0xFE, 0x67, 0x3E, 0x0E, 0x77, 0x7C, 0x1C, 0x3F, 0x7E, 0x3C, 0x1F, 0x07, 0x78, 0x1F, 0x03,
    0xE0, 0x0F, 0x07, 0xC0, 0x07, 0x3F, 0x98, 0x07, 0x7E, 0x38, 0x07, 0x70, 0x38, 0x07, 0xFF, 0xFF,
    0x1F, 0xFF, 0xFF, 0x3F, 0x00, 0x38, 0x7F, 0x38, 0x38, 0x77, 0x1C, 0x38, 0x67, 0x1E, 0x38, 0x07,
    0x0E, 0x38, 0x07, 0x07, 0x38, 0x07, 0x06, 0x38, 0x07, 0x00, 0x38, 0x07, 0x01, 0xF8, 0x07, 0x01,
    0xF0, 0x00, 0x00, 0x00, 0x00, 0x0E, 0x00, 0x00, 0x07, 0x00, 0x00, 0x03, 0x80, 0x00, 0x01, 0xC0,
    0x00, 0x00, 0xE0, 0x00, 0x00, 0x70, 0x00, 0x0C, 0x38, 0xE0, 0x0E, 0x1C, 0x38, 0x07, 0x0E, 0x1C,
    0x03, 0x87, 0x07, 0x03, 0x83, 0x83, 0x81, 0xC1, 0xC0, 0xE0, 0xE0, 0xE0, 0x70, 0xE0, 0x70, 0x1C,
    0x70, 0x38, 0x0E, 0x70, 0x1C, 0x07, 0x38, 0x0E, 0x01, 0xC8, 0x07, 0x00, 0xC0, 0x03, 0x80, 0x00,
    0x01, 0xC0, 0x00, 0x00, 0xE0, 0x00, 0x07, 0xF0, 0x00, 0x03, 0xF0, 0x00, 0x00, 0x00, 0x00, 0x00,
    0x06, 0x01, 0x80, 0x0E, 0x01, 0xC0, 0x06, 0x01, 0xF8, 0x07, 0x01, 0xD8, 0xFF, 0xF1, 0xDC, 0xFF,
    0xF1, 0xCC, 0x00, 0x01, 0x80, 0x7F, 0xEF, 0xFE, 0x7F, 0xEF, 0xFE, 0x70, 0x61, 0x80, 0x70, 0x61,
    0x80, 0x70, 0x61, 0xE0, 0x7F, 0xE3, 0xE0, 0x7F, 0xE3, 0xE0, 0x07, 0x03, 0xE0, 0x37, 0xC3, 0x60,
    0x37, 0xE3, 0x60, 0x37, 0x67, 0x60, 0x77, 0x66, 0x60, 0x67, 0x7E, 0x66, 0xE7, 0x2C, 0x67, 0xC7,
    0x1C, 0x67, 0x1E, 0x38, 0x7E, 0x1E, 0x38, 0x7E, 0x00, 0x10, 0x00, 0x1F, 0xFF, 0xF8, 0x3F, 0xFF,
    0xF0, 0x70, 0x00, 0x60, 0xE0, 0x00, 0xC1, 0xC0, 0x01, 0x83, 0xFF, 0xFF, 0x07, 0xFF, 0xFE, 0x0E,
    0x00, 0x00, 0x1C, 0x00, 0x00, 0x3F, 0xFF, 0xFC, 0x7F, 0xFF, 0xF8, 0xE0, 0x00, 0x71, 0xDF, 0xFC,
    0xE3, 0x3F, 0xF9, 0xC6, 0x70, 0x73, 0x9C, 0xE0, 0xE7, 0x39, 0xC1, 0xCE, 0x73, 0x83, 0x9D, 0xC7,
    0xFF, 0x3B, 0x8F, 0xFE, 0x7E, 0x1C, 0x01, 0xCC, 0x10, 0x1F, 0x80, 0x00, 0x3E, 0x00, 0x1F, 0xFF,
    0xFC, 0x1F, 0xFF, 0xFC, 0x1C, 0x00, 0x0C, 0x1C, 0x00, 0x0C, 0x1F, 0xFF, 0xFC, 0x1F, 0xFF, 0xFC,
    0x1C, 0x07, 0x00, 0x1C, 0x07, 0x00, 0x1C, 0x07, 0x00, 0x1F, 0xFF, 0xFF, 0x1F, 0xFF, 0xFF, 0x1C,
    0x07, 0x00, 0x1C, 0x07, 0x00, 0x1C, 0x07, 0x00, 0x19, 0xFF, 0xFC, 0x19, 0xFF, 0xFC, 0x39, 0xC0,
    0x1C, 0x39, 0xC0, 0x1C, 0x39, 0xC0, 0x1C, 0x71, 0xC0, 0x1C, 0x71, 0xFF, 0xFC, 0x61, 0xFF, 0xFC,
    0x21, 0x80, 0x1C, 0x1F, 0xFF, 0xFE, 0x1F, 0xFF, 0xFE, 0x1C, 0x00, 0x0E, 0x1C, 0x00, 0x0E, 0x1F,
    0xFF, 0xFE, 0x1F, 0xFF, 0xFE, 0x1C, 0x60, 0x38, 0x1C, 0x70, 0x70, 0x1C, 0x70, 0x70, 0x1F, 0xFF,
    0xFE, 0x1F, 0xFF, 0xFE, 0x1C, 0x30, 0x60, 0x18, 0x30, 0x60, 0x18, 0x30, 0x60, 0x18, 0x30, 0x60,
    0x1F, 0xFF, 0xFF, 0x3F, 0xFF, 0xFF, 0x38, 0x70, 0x60, 0x30, 0xF0, 0x60, 0x71, 0xE0, 0x60, 0x73,
    0xC0, 0x60, 0x67, 0x80, 0x60, 0x22, 0x00, 0x60, 0x00, 0x1C, 0x00, 0x00, 0x38, 0x00, 0xE0, 0x70,
    0x39, 0xC0, 0xE0, 0x73, 0x81, 0xC0, 0xE7, 0xFF, 0xFF, 0xCF, 0xFF, 0xFF, 0x80, 0x00, 0x00, 0x1F,
    0xE7, 0xFE, 0x3F, 0xCF, 0xFC, 0x61, 0x9C, 0x38, 0xC3, 0x38, 0x71, 0xFE, 0x7F, 0xE3, 0xFC, 0xFF,
    0xC6, 0x19, 0xC3, 0x8C, 0x33, 0x87, 0x38, 0x67, 0x0E, 0x7F, 0xCF, 0xFC, 0xFF, 0x9F, 0xF9, 0x83,
    0x30, 0x73, 0x06, 0x60, 0xEE, 0x0D, 0xC1, 0xDC, 0xFB, 0x1F, 0xB1, 0xF6, 0x1E, 0x00, 0x00, 0x00,
    0x00, 0x38, 0x00, 0x60, 0x70, 0x31, 0xC0, 0xE0, 0x73, 0x81, 0xC0, 0xE7, 0xFF, 0xFF, 0xCF, 0xFF,
    0xFF, 0x80, 0x00, 0x80, 0x18, 0x63, 0x80, 0x30, 0xC7, 0x00, 0x61, 0x8F, 0xFF, 0xFF, 0xDF, 0xFF,
    0xFF, 0xF0, 0x73, 0x0C, 0xEC, 0xC6, 0x19, 0x99, 0x8C, 0x37, 0x33, 0x1F, 0xEC, 0x66, 0x3F, 0xC1,
    0xE0, 0x61, 0x83, 0xC0, 0xC3, 0x07, 0x81, 0x86, 0x1F, 0x83, 0xFC, 0x73, 0x87, 0xF9, 0xE7, 0x8C,
    0x37, 0x87, 0x98, 0x7E, 0x07, 0x30, 0x08, 0x04, 0x00, 0x60, 0x00, 0x00, 0x60, 0x00, 0x00, 0x60,
    0x00, 0x00, 0xE0, 0x00, 0x00, 0xE0, 0x00, 0x7F, 0xFF, 0xFF, 0x7F, 0xFF, 0xFF, 0x01, 0xC0, 0x00,
    0x01, 0xC0, 0x00, 0x01, 0xC0, 0x00, 0x01, 0x80, 0x00, 0x03, 0x80, 0x00, 0x03, 0xFF, 0xFE, 0x07,
    0xFF, 0xFE, 0x07, 0x03, 0x00, 0x06, 0x03, 0x00, 0x0E, 0x03, 0x00, 0x1C, 0x03, 0x00, 0x1C, 0x03,
    0x00, 0x38, 0x03, 0x00, 0x78, 0x03, 0x00, 0x70, 0x03, 0x00, 0x67, 0xFF, 0xFF, 0x07, 0xFF, 0xFF,
    0xFF, 0xFF, 0xE3, 0xFF, 0xFF, 0x80, 0x00, 0x0E, 0x00, 0x00, 0x38, 0x70, 0x00, 0xE1, 0xC0, 0x03,
    0x87, 0x00, 0x0E, 0x1C, 0x00, 0x38, 0x70, 0x00, 0xE1, 0xFF, 0xFF, 0x87, 0xFF, 0xFE, 0x1C, 0x00,
    0x38, 0x70, 0x00, 0x41, 0xC0, 0x00, 0x07, 0x00, 0x00, 0x1C, 0x00, 0x07, 0x70, 0x00, 0x1D, 0xC0,
    0x00, 0x77, 0x00, 0x01, 0xDE, 0x00, 0x1E, 0x3F, 0xFF, 0xF8, 0x7F, 0xFF, 0xC0, 0x00, 0x30, 0x00,
    0x00, 0x70, 0x00, 0x00, 0x70, 0x00, 0x00, 0x60, 0x00, 0x7F, 0xFF, 0xFF, 0x7F, 0xFF, 0xFF, 0x01,
    0xC0, 0x00, 0x01, 0xCE, 0x00, 0x03, 0x8E, 0x00, 0x03, 0x8E, 0x00, 0x07, 0x0E, 0x00, 0x0F, 0xFF,
    0xFC, 0x1F, 0xFF, 0xFE, 0x3F, 0x0E, 0x0E, 0x7F, 0x0E, 0x0E, 0x77, 0x0E, 0x0E, 0x67, 0x0E, 0x0E,
    0x07, 0x0E, 0x0E, 0x07, 0x0E, 0x0E, 0x07, 0x0E, 0x0C, 0x07, 0x0E, 0xFC, 0x07, 0x0E, 0xFC, 0x00,
    0x0E, 0x00, 0x00, 0x0E, 0x00, 0x00, 0x0E, 0x00, 0x00, 0x00, 0x10, 0x0F, 0x00, 0x78, 0x0F, 0xE1,
    0xF0, 0x01, 0xFF, 0xC0, 0x00, 0x7F, 0x80, 0x07, 0xFF, 0xE0, 0x3F, 0xF1, 0xFC, 0x1F, 0x70, 0x38,
    0x00, 0x70, 0x00, 0x7F, 0xFF, 0xFF, 0x7F, 0xFF, 0xFF, 0x01, 0xCE, 0x00, 0x03, 0x8E, 0x00, 0x07,
    0x0E, 0x00, 0x0F, 0xFF, 0xFC, 0x1F, 0xFF, 0xFC, 0x7F, 0x0E, 0x1C, 0x77, 0x0E, 0x1C, 0x67, 0x0E,
    0x1C, 0x07, 0x0E, 0x1C, 0x07, 0x0E, 0x1C, 0x07, 0x0E, 0xFC, 0x07, 0x0E, 0xF8, 0x00, 0x0E, 0x00,
    0x00, 0x0C, 0x00, 0x01, 0x80, 0xC0, 0x00, 0xE0, 0xE0, 0x1F, 0xFF, 0xFF, 0xCF, 0xFF, 0xFF, 0xE0,
    0x1C, 0x1C, 0x00, 0x7F, 0xFF, 0xC0, 0x3F, 0xFF, 0xE0, 0x18, 0x00, 0x30, 0x0F, 0xFF, 0xF8, 0x07,
    0xFF, 0xFC, 0x03, 0x00, 0x06, 0x01, 0xFF, 0xFF, 0x00, 0xFF, 0xFF, 0x80, 0x07, 0x00, 0x01, 0xFF,
    0xFF, 0xFC, 0xFF, 0xFF, 0xFE, 0x07, 0x1C, 0x70, 0x0F, 0xFF, 0xFE, 0x1F, 0xFF, 0xFF, 0xCE, 0xC3,
    0x86, 0xE6, 0x61, 0xC3, 0x00, 0x30, 0xE1, 0x80, 0x18, 0x77, 0xC0, 0x0C, 0x39, 0xC0, 0x00, 0x18,
    0x00, 0x00, 0x06, 0x00, 0xC0, 0x1C, 0x01, 0xC0, 0x1C, 0x07, 0x00, 0x38, 0x0E, 0x00, 0x38, 0x18,
    0x00, 0x70, 0x70, 0x1F, 0xFF, 0xFF, 0x3F, 0xFF, 0xFE, 0x03, 0x01, 0x80, 0x06, 0x03, 0x00, 0x0C,
    0x06, 0x00, 0x18, 0x0C, 0x00, 0x30, 0x18, 0x1F, 0xFF, 0xFF, 0xFF, 0xFF, 0xFF, 0x83, 0x80, 0xC0,
    0x07, 0x01, 0x80, 0x0E, 0x03, 0x00, 0x3C, 0x06, 0x00, 0x70, 0x0C, 0x01, 0xE0, 0x18, 0x07, 0x80,
    0x30, 0x3E, 0x00, 0x60, 0x78, 0x00, 0xC0, 0x60, 0x01, 0x80, 0x00, 0x0C, 0x00, 0x00, 0x0C, 0x00,
    0x00, 0x0E, 0x00, 0x00, 0x0E, 0x00, 0x1F, 0xFF, 0xFF, 0x1F, 0xFF, 0xFF, 0x18, 0x00, 0x00, 0x18,
    0x04, 0x08, 0x18, 0x0C, 0x0E, 0x1B, 0x8E, 0x0C, 0x19, 0x8E, 0x1C, 0x19, 0xC6, 0x1C, 0x19, 0xC6,
    0x18, 0x18, 0xC7, 0x38, 0x18, 0xE7, 0x38, 0x38, 0xE7, 0x30, 0x38, 0xE3, 0x70, 0x38, 0x60, 0x60,
    0x38, 0x40, 0xE0, 0x38, 0x00, 0xC0, 0x30, 0x01, 0xC0, 0x77, 0xFF, 0xFF, 0x77, 0xFF, 0xFF, 0x60,
    0x00, 0x00, 0x20, 0x00, 0x00, 0x00, 0x0C, 0x00, 0x00, 0x07, 0x00, 0x00, 0x03, 0x80, 0x03, 0xFF,
    0xFF, 0xE1, 0xFF, 0xFF, 0xF0, 0xC1, 0x83, 0x00, 0x61, 0xC1, 0xC0, 0x30, 0xE0, 0xE0, 0x1F, 0xFF,
    0xFF, 0x0F, 0xFF, 0xFF, 0x86, 0x1C, 0x1C, 0x03, 0x0E, 0x0E, 0x01, 0x87, 0xFF, 0x00, 0xC3, 0xFF,
    0x80, 0x60, 0x00, 0x00, 0x37, 0xFF, 0xF0, 0x3B, 0xFF, 0xFC, 0x1C, 0x70, 0x1C, 0x0E, 0x1C, 0x1C,
    0x07, 0x07, 0xBC, 0x03, 0x01, 0xFC, 0x03, 0x83, 0xFF, 0x01, 0xDF, 0xFF, 0xFC, 0xCF, 0xC0, 0xFE,
    0x26, 0x00, 0x06, 0x00, 0x00, 0x03, 0x00, 0x00, 0x01, 0xC0, 0x1F, 0xE0, 0xE0, 0x0F, 0xFF, 0xFF,
    0x80, 0x73, 0xFF, 0xC0, 0x38, 0x1C, 0x60, 0x3B, 0xFF, 0xFC, 0x19, 0xFF, 0xFE, 0x1C, 0x03, 0x8C,
    0x1F, 0xC1, 0xC6, 0x1F, 0xFF, 0xFF, 0x04, 0x6F, 0xFF, 0x80, 0x30, 0x38, 0x00, 0x1B, 0xFF, 0xF0,
    0xDD, 0xFF, 0xF8, 0x6E, 0x07, 0x00, 0x3E, 0x03, 0x80, 0x0F, 0x7F, 0xFF, 0x87, 0xBF, 0xFF, 0xC1,
    0xE0, 0x70, 0x01, 0xF8, 0x38, 0x01, 0xDF, 0xC0, 0x01, 0xE3, 0xFF, 0xFC, 0xE0, 0x7F, 0xFE, 0x20,
    0x00, 0x00, 0x00, 0x7F, 0xFF, 0xFC, 0xFF, 0xFF, 0xF8, 0x0E, 0x07, 0x00, 0x1C, 0x0E, 0x00, 0x38,
    0x1C, 0x00, 0x70, 0x38, 0x00, 0xE0, 0x70, 0x01, 0xC0, 0xE0, 0x03, 0x81, 0xC1, 0xFF, 0xFF, 0xFF,
    0xFF, 0xFF, 0xF8, 0x18, 0x0E, 0x00, 0x30, 0x1C, 0x00, 0xE0, 0x38, 0x01, 0xC0, 0x70, 0x03, 0x80,
    0xE0, 0x0E, 0x01, 0xC0, 0x3C, 0x03, 0x80, 0x70, 0x07, 0x01, 0xC0, 0x0E, 0x0F, 0x80, 0x1C, 0x1E,
    0x00, 0x38, 0x10, 0x00, 0x60, 0x00, 0x00, 0x06, 0x00, 0x00, 0x07, 0x70, 0x00, 0x07, 0x78, 0x00,
    0x07, 0x3C, 0x00, 0x07, 0x18, 0xFF, 0xFF, 0xFE, 0xFF, 0xFF, 0xFE, 0x00, 0x07, 0x00, 0x00, 0x07,
    0x00, 0x00, 0x07, 0x00, 0x00, 0x07, 0x00, 0x7F, 0xFF, 0x00, 0x7F, 0xFB, 0x00, 0x07, 0x03, 0x00,
    0x07, 0x03, 0x80, 0x07, 0x03, 0x80, 0x07, 0x03, 0x80, 0x07, 0x01, 0x84, 0x07, 0x09, 0xC6, 0x07,
    0xF9, 0xC6, 0x1F, 0xF8, 0xE6, 0xFF, 0xC0, 0xF6, 0xFC, 0x00, 0x7E, 0x00, 0x00, 0x3C, 0x00, 0x00,
    0x7F, 0xFF, 0x07, 0xFF, 0xF0, 0x70, 0x07, 0x07, 0x00, 0x70, 0x70, 0x07, 0x07, 0x00, 0x70, 0x77,
    0xFF, 0x07, 0x7F, 0xF0, 0x76, 0x00, 0x07, 0x60, 0x00, 0x7E, 0x00, 0x07, 0xFF, 0xF0, 0x7F, 0xFF,
    0x07, 0x00, 0x70, 0x70, 0x07, 0x07, 0x00, 0x70, 0x70, 0x07, 0x07, 0x00, 0x60, 0x70, 0x06, 0x07,
    0x00, 0xE0, 0x71, 0xFE, 0x07, 0x1F, 0xC0, 0x70, 0x00, 0x07, 0x00, 0x70, 0x00, 0x03, 0x81, 0x1C,
    0x1C, 0x1C, 0xE0, 0xE0, 0xE3, 0x87, 0x0E, 0x1C, 0x38, 0x70, 0x71, 0xC7, 0x03, 0x8E, 0x38, 0x08,
    0x71, 0x80, 0x03, 0x80, 0x1F, 0xFF, 0xFC, 0xFF, 0xFF, 0xE0, 0x00, 0x07, 0x00, 0x00, 0x38, 0x00,
    0x01, 0xC7, 0xFF, 0xFE, 0x3F, 0xFF, 0xF0, 0x00, 0x03, 0x80, 0x00, 0x1C, 0x00, 0x00, 0xE0, 0x00,
    0x07, 0x3F, 0xFF, 0xFB, 0xFF, 0xFF, 0xC0, 0x00, 0x0E, 0x00, 0x00, 0x30, 0x00, 0x00, 0x00, 0x7F,
    0xFF, 0xE0, 0xFF, 0xFF, 0xC0, 0x00, 0x03, 0x80, 0x00, 0x07, 0x03, 0xFF, 0xFE, 0x07, 0xFF, 0xFC,
    0x00, 0x00, 0x38, 0x00, 0x00, 0x71, 0xFF, 0xFF, 0xFF, 0xFF, 0xFF, 0xF8, 0x01, 0xC0, 0x03, 0x83,
    0x83, 0x87, 0xC7, 0x8F, 0x03, 0xCF, 0x3C, 0x03, 0x9F, 0xE0, 0x02, 0xFF, 0x80, 0x07, 0xF7, 0x00,
    0x3F, 0xE7, 0x83, 0xF9, 0xC7, 0x87, 0xC3, 0x87, 0xEC, 0x07, 0x07, 0xC0, 0x7E, 0x03, 0x00, 0xF8,
    0x00, 0x00, 0x30, 0x00, 0x00, 0x70, 0x00, 0x00, 0xE0, 0x07, 0xFF, 0xFF, 0xEF, 0xFF, 0xFF, 0xE1,
    0x80, 0x00, 0x03, 0x00, 0x00, 0x06, 0x00, 0x00, 0x0C, 0x00, 0x00, 0x18, 0x00, 0x00, 0x3F, 0xFF,
    0xE0, 0x7F, 0xFF, 0xC0, 0x00, 0x00, 0x00, 0x0E, 0x00, 0x00, 0x0E, 0x00, 0x01, 0x9E, 0x18, 0x3F,
    0x1C, 0x38, 0x6E, 0x1C, 0x31, 0xDC, 0x30, 0x73, 0xB8, 0x07, 0x6E, 0x70, 0x0E, 0xFC, 0x60, 0x1D,
    0xD0, 0xFF, 0xF1, 0x00, 0xFF, 0xE0, 0x01, 0x80, 0x00, 0x03, 0x80, 0x00, 0x03, 0x80, 0x00, 0x07,
    0xFF, 0xFC, 0x0F, 0xFF, 0xFC, 0x0E, 0x71, 0xCC, 0x1C, 0x73, 0x8C, 0x78, 0xE3, 0x9C, 0x71, 0xC7,
    0x1C, 0x03, 0xC7, 0x1C, 0x07, 0x8E, 0x1C, 0x0F, 0x1C, 0x1C, 0x1E, 0x38, 0x18, 0x08, 0x79, 0xF8,
    0x00, 0x61, 0xF8, 0x00, 0x18, 0x00, 0x1B, 0x9C, 0x18, 0x1B, 0x8E, 0x1C, 0x3B, 0x8F, 0x1C, 0x3B,
    0x87, 0x6E, 0x73, 0x80, 0x66, 0x73, 0x80, 0x67, 0x63, 0xFF, 0xE6, 0x01, 0xFF, 0xC0, 0x00, 0x38,
    0x00, 0x00, 0x70, 0x00, 0x00, 0xE0, 0x00, 0x01, 0xC0, 0x0F, 0xFF, 0xFF, 0xFF, 0xFF, 0xFF, 0xC0,
    0x1F, 0x00, 0x00, 0x77, 0x00, 0x00, 0xEE, 0x00, 0x03, 0x8E, 0x00, 0x0F, 0x0E, 0x00, 0x3F, 0x8F,
    0x01, 0xF7, 0x8F, 0x9F, 0xC7, 0x8F, 0xFE, 0x03, 0x07, 0xA0, 0x38, 0x02, 0x3F, 0x38, 0x30, 0x7E,
    0x38, 0x70, 0xDC, 0x78, 0xE3, 0xB8, 0x76, 0xE7, 0x70, 0x0F, 0xCC, 0xE0, 0x1D, 0xB8, 0xFF, 0xF3,
    0xA1, 0xFF, 0xE6, 0x03, 0x18, 0x00, 0x03, 0x9C, 0x00, 0x07, 0x38, 0x00, 0x06, 0x3F, 0xFF, 0x0E,
    0x7F, 0xFE, 0x1E, 0x71, 0x8E, 0x3E, 0xE1, 0xCE, 0x7E, 0xD9, 0xDC, 0x7E, 0x1D, 0xF8, 0x2E, 0x39,
    0xDC, 0x0E, 0x39, 0xCE, 0x0E, 0x71, 0xCE, 0x0E, 0xE1, 0xC6, 0x0E, 0x4F, 0xC4, 0x0E, 0x07, 0x80,
    0x0E, 0x38, 0x00, 0x01, 0x1C, 0x08, 0x1F, 0x9E, 0x1C, 0x1B, 0x8E, 0x1C, 0x3B, 0x87, 0x2E, 0x3B,
    0x80, 0x7E, 0x73, 0x80, 0x77, 0x73, 0xFF, 0xF7, 0x21, 0xFF, 0xE0, 0x0C, 0x01, 0x80, 0x1C, 0x03,
    0x80, 0x1C, 0xFF, 0xFE, 0x1C, 0xFF, 0xFF, 0x1E, 0x03, 0x80, 0x3F, 0x7F, 0xFE, 0x7F, 0x7F, 0xFE,
    0x7F, 0x83, 0x80, 0x7D, 0x03, 0x80, 0x7D, 0xFF, 0xFF, 0x7D, 0xFF, 0xFF, 0x7C, 0x00, 0x00, 0x7C,
    0x7F, 0xFC, 0x1C, 0x7F, 0xFC, 0x1C, 0x70, 0x0C, 0x1C, 0x7F, 0xFC, 0x1C, 0x7F, 0xFC, 0x1C, 0x70,
    0x0C, 0x1C, 0x70, 0x0C, 0x1C, 0x7F, 0xFC, 0x1C, 0x7F, 0xFC, 0x1C, 0x70, 0x0C, 0x1C, 0x70, 0x0C,
    0x1C, 0x70, 0x7C, 0x0C, 0x60, 0x78, 0x00, 0x07, 0x00, 0x00, 0x07, 0x70, 0x00, 0x07, 0x7C, 0x00,
    0x07, 0x1E, 0x00, 0x07, 0x0C, 0x1F, 0xFF, 0xFF, 0x1F, 0xFF, 0xFF, 0x1C, 0x03, 0x00, 0x1C, 0x03,
    0x00, 0x1C, 0x03, 0x0C, 0x1F, 0xF3, 0x9C, 0x1F, 0xF3, 0x9C, 0x1C, 0x73, 0x98, 0x18, 0x73, 0xB8,
    0x18, 0x73, 0xB8, 0x18, 0x71, 0xF0, 0x18, 0x71, 0xE0, 0x38, 0x71, 0xE2, 0x38, 0x71, 0xC3, 0x3B,
    0xE3, 0xE3, 0x3B, 0xEF, 0xE3, 0x70, 0x1E, 0x77, 0x70, 0x3C, 0x3F, 0x60, 0x38, 0x1E, 0x20, 0x00,
    0x00, 0x00, 0x06, 0x40, 0x00, 0x0E, 0xF0, 0x00, 0x0E, 0xF8, 0x00, 0x0E, 0x3C, 0x00, 0x06, 0x18,
    0xFF, 0xFF, 0xFE, 0xFF, 0xFF, 0xFE, 0x00, 0x06, 0x00, 0x00, 0x07, 0x18, 0x3F, 0xE7, 0x1C, 0x3F,
    0xE7, 0x38, 0x30, 0x67, 0x38, 0x30, 0x67, 0x30, 0x30, 0x67, 0x70, 0x30, 0x63, 0xE0, 0x3F, 0xE3,
    0xE0, 0x3F, 0xE3, 0xC0, 0x00, 0x03, 0xC4, 0x00, 0xF7, 0xC6, 0x1F, 0xFF, 0xC6, 0xFF, 0xFE, 0xE6,
    0xFC, 0x3C, 0xFE, 0x40, 0x78, 0x7E, 0x00, 0x70, 0x3C, 0x01, 0x80, 0x00, 0x01, 0x81, 0xB0, 0x01,
    0x81, 0xBC, 0x3F, 0xFD, 0x9C, 0x3F, 0xFD, 0x8E, 0x01, 0x81, 0x86, 0x01, 0x81, 0x80, 0x7F, 0xFF,
    0xFF, 0x7F, 0xFF, 0xFF, 0x0E, 0xC1, 0x80, 0x0C, 0xE1, 0xCE, 0x1F, 0xFD, 0xCE, 0x3F, 0xFD, 0xCC,
    0x38, 0xE1, 0xDC, 0x7F, 0xF9, 0xD8, 0x7F, 0xFC, 0xF8, 0x18, 0xE0, 0xF8, 0x1F, 0xF8, 0xF0, 0x1F,
    0xFC, 0xE3, 0x18, 0xE0, 0xE3, 0x18, 0xE1, 0xF3, 0x1F, 0xFF, 0xFB, 0x1F, 0xFF, 0xBF, 0x18, 0x0F,
    0x1E, 0x00, 0x04, 0x00, 0x00, 0x18, 0x00, 0x00, 0x70, 0x00, 0x01, 0xC0, 0x00, 0x03, 0x80, 0x0F,
    0xFF, 0xF8, 0x3F, 0xFF, 0xE0, 0xE0, 0x01, 0x83, 0x80, 0x06, 0x0E, 0x00, 0x18, 0x38, 0x00, 0x60,
    0xE0, 0x01, 0x83, 0x80, 0x06, 0x0F, 0xFF, 0xF8, 0x3F, 0xFF, 0xE0, 0xC0, 0x01, 0x87, 0x00, 0x06,
    0x1C, 0x00, 0x00, 0x70, 0x00, 0x01, 0xC0, 0x00, 0x06, 0x00, 0x00, 0x38, 0x00, 0x00, 0xE0, 0x00,
    0x07, 0x00, 0x00, 0x1C, 0x00, 0x00, 0x20, 0x00, 0x00, 0x00, 0x00, 0x00, 0x00, 0x70, 0x1E, 0x0F,
    0xF1, 0xFF, 0x3F, 0xE7, 0xFC, 0x3E, 0x07, 0x80, 0x38, 0x07, 0x00, 0x38, 0x07, 0x00, 0x3F, 0xE7,
    0x00, 0x3F, 0xE7, 0x00, 0x38, 0x67, 0xFF, 0x38, 0x67, 0xFF, 0x38, 0x67, 0x18, 0x38, 0x67, 0x18,
    0x3F, 0xE7, 0x18, 0x3F, 0xE7, 0x18, 0x38, 0x06, 0x18, 0x30, 0x06, 0x18, 0x30, 0x0E, 0x18, 0x30,
    0x0E, 0x18, 0x70, 0x0E, 0x18, 0x70, 0x1C, 0x18, 0x70, 0x1C, 0x18, 0x60, 0x38, 0x18, 0x60, 0x38,
    0x18, 0x20, 0x10, 0x18, 0x00, 0x00, 0x20, 0x00, 0x0F, 0xE0, 0x7F, 0xFF, 0xC1, 0xFF, 0xFC, 0x03,
    0xFF, 0x80, 0x00, 0x07, 0x00, 0x00, 0x0E, 0x00, 0x00, 0x1C, 0x00, 0x3F, 0xFF, 0xFC, 0x7F, 0xFF,
    0xF8, 0x00, 0xE0, 0x00, 0x01, 0xC0, 0x00, 0x03, 0x80, 0x00, 0x07, 0x00, 0x3F, 0xFF, 0xFF, 0xFF,
    0xFF, 0xFF, 0x00, 0x38, 0x00, 0x00, 0x70, 0x00, 0x00, 0xE0, 0x00, 0x01, 0xC0, 0x00, 0x03, 0x80,
    0x00, 0x07, 0x00, 0x01, 0xFE, 0x00, 0x03, 0xF8, 0x00, 0x00, 0x00, 0x00, 0x06, 0x00, 0x00, 0x03,
    0x00, 0x00, 0x01, 0x80, 0x00, 0x00, 0xC7, 0xFF, 0xE0, 0x63, 0xFF, 0xF0, 0x30, 0x03, 0x81, 0xFF,
    0x81, 0xC0, 0xFF, 0xC0, 0xE0, 0x06, 0x00, 0x70, 0x03, 0x00, 0x38, 0x01, 0x80, 0x1C, 0x00, 0xC0,
    0x0E, 0x00, 0x7E, 0x07, 0x00, 0xFF, 0x03, 0x81, 0xFE, 0x01, 0xC0, 0xFC, 0x00, 0xE0, 0x06, 0x00,
    0x70, 0x03, 0x00, 0x38, 0x01, 0x80, 0x1C, 0x00, 0xC0, 0x0E, 0x00, 0x60, 0x07, 0x00, 0x30, 0x03,
    0x80, 0xF8, 0x1F, 0xC0, 0x7C, 0x0F, 0xC0, 0x06, 0x00, 0x00, 0x0C, 0x00, 0x00, 0x18, 0x00, 0x00,
    0x31, 0xFF, 0xF0, 0x63, 0xFF, 0xE0, 0xC0, 0x01, 0xDF, 0xF0, 0x03, 0xBF, 0xE0, 0x07, 0x06, 0x00,
    0x0E, 0x0C, 0x00, 0x1C, 0x18, 0x00, 0x38, 0x30, 0xFF, 0xF0, 0x7F, 0xFF, 0xE7, 0xFC, 0x01, 0xDF,
    0xC0, 0x03, 0xBF, 0x00, 0x07, 0x06, 0x00, 0x0E, 0x0C, 0x00, 0x1C, 0x18, 0x00, 0x38, 0x30, 0x00,
    0x70, 0x60, 0x00, 0xE0, 0xC7, 0xFF, 0xCF, 0x8F, 0xFF, 0x9F, 0x00, 0x07, 0x00, 0x00, 0x06, 0x06,
    0x06, 0x00, 0x07, 0x03, 0xB0, 0x03, 0x81, 0xDC, 0x01, 0xC0, 0xE7, 0x00, 0xE0, 0x71, 0xC0, 0x70,
    0x38, 0xE1, 0xFF, 0x1C, 0x38, 0xFF, 0xBF, 0xFE, 0x0E, 0x3F, 0xFF, 0x07, 0x1F, 0xC0, 0x03, 0x80,
    0xC3, 0x01, 0xC0, 0x71, 0x80, 0xFC, 0x39, 0xC1, 0xFE, 0x1C, 0xC1, 0xFC, 0x0E, 0xE0, 0xFC, 0x03,
    0xE0, 0x0E, 0x01, 0xE0, 0x07, 0x00, 0xF0, 0x03, 0x80, 0xF0, 0xC1, 0xC0, 0xFC, 0x70, 0xE1, 0xFF,
    0x30, 0x73, 0xE3, 0xF9, 0xF9, 0xE0, 0xFC, 0x78, 0x40, 0x3C, 0x00, 0x00, 0x04, 0x00, 0x0E, 0x03,
    0x00, 0x07, 0x01, 0xC0, 0x03, 0x80, 0xE0, 0x01, 0xC0, 0x38, 0x00, 0xE0, 0x1C, 0x00, 0x7F, 0xFF,
    0xF9, 0xFF, 0xFF, 0xFC, 0xFF, 0x80, 0x00, 0x0E, 0x00, 0x00, 0x07, 0x00, 0x00, 0x03, 0x83, 0xFE,
    0x01, 0xC1, 0xFF, 0x00, 0xFC, 0xC3, 0x80, 0xFE, 0x61, 0xC1, 0xFE, 0x30, 0xE0, 0xFC, 0x18, 0x70,
    0x4E, 0x1C, 0x38, 0x07, 0x0E, 0x1C, 0x03, 0x87, 0x0E, 0xC1, 0xC3, 0x07, 0x60, 0xE3, 0x83, 0xB0,
    0x73, 0x81, 0xD9, 0xFB, 0xC0, 0xFC, 0x79, 0xC0, 0x3E, 0x00, 0x40, 0x00, 0x00, 0x0E, 0x00, 0x00,
    0x07, 0x1F, 0xFF, 0x03, 0x8F, 0xFF, 0x81, 0xC7, 0x01, 0xC0, 0xE3, 0x80, 0xE0, 0x71, 0xC0, 0x61,
    0xFF, 0xE0, 0x30, 0xFF, 0xF3, 0xF8, 0x0E, 0x39, 0xF8, 0x07, 0x1C, 0x00, 0x03, 0x8F, 0xFF, 0x81,
    0xC7, 0xFF, 0xC0, 0xFF, 0xF0, 0xE1, 0xFF, 0xF8, 0x71, 0xFC, 0xEC, 0x30, 0xFC, 0x77, 0x38, 0x4E,
    0x39, 0xDC, 0x07, 0x1C, 0xFC, 0x03, 0x8E, 0x3E, 0x01, 0xC7, 0x1E, 0x00, 0xE3, 0x8F, 0x80, 0x71,
    0xCF, 0xE0, 0x38, 0xFE, 0x7C, 0xFC, 0x7E, 0x1E, 0x7C, 0x3E, 0x02, 0x00, 0x0C, 0x00, 0x00, 0x07,
    0x00, 0x00, 0x03, 0x8F, 0xFF, 0x81, 0xC7, 0xFF, 0xC0, 0xE0, 0xC1, 0xC0, 0x70, 0x71, 0xC1, 0xFF,
    0x1D, 0xE0, 0xFF, 0x87, 0xC0, 0x0E, 0x03, 0xE0, 0x07, 0x07, 0xFC, 0x03, 0x9F, 0x9F, 0xC1, 0xCF,
    0x93, 0xE0, 0xFE, 0x1C, 0x31, 0xFC, 0x0E, 0x01, 0xF8, 0xFF, 0xF0, 0xFC, 0x7F, 0xF8, 0x0E, 0x01,
    0xC0, 0x07, 0x00, 0xE0, 0x03, 0x9F, 0xFF, 0xC1, 0xCF, 0xFF, 0xE0, 0xE0, 0x1C, 0x00, 0x70, 0x0E,
    0x01, 0xF0, 0x07, 0x00, 0x78, 0x03, 0x80, 0x00, 0x00, 0x80, 0x00, 0x0C, 0x01, 0x80, 0x0E, 0x01,
    0x80, 0x0E, 0x01, 0xC0, 0x0E, 0x01, 0xC0, 0x0E, 0x7F, 0xFF, 0x0E, 0x7F, 0xFF, 0x7F, 0xF0, 0x07,
    0x7F, 0xF3, 0x87, 0x0E, 0x73, 0x07, 0x0E, 0x07, 0x00, 0x0E, 0x07, 0x00, 0x0E, 0xFF, 0xFF, 0x0E,
    0xFF, 0xFF, 0x0F, 0xCE, 0x18, 0x3F, 0xDC, 0x38, 0xFF, 0x1C, 0x38, 0x7E, 0x3C, 0x38, 0x4E, 0x3E,
    0x70, 0x0E, 0x0F, 0xF0, 0x0E, 0x03, 0xE0, 0x0E, 0x03, 0xF0, 0x0E, 0x07, 0xFC, 0x0E, 0x3F, 0x1E,
    0x7C, 0x7C, 0x0F, 0x3C, 0x70, 0x02, 0x0C, 0x06, 0x00, 0x06, 0x03, 0x00, 0x03, 0x03, 0x80, 0x01,
    0x83, 0xFF, 0x00, 0xC1, 0xFF, 0x80, 0x61, 0xC3, 0xC1, 0xFF, 0xC1, 0xC0, 0xFF, 0xFF, 0xF8, 0x0C,
    0x7F, 0xFC, 0x06, 0x18, 0xC6, 0x03, 0x0C, 0x63, 0x01, 0x86, 0x31, 0x80, 0xFB, 0x18, 0xC0, 0xFD,
    0x8C, 0x61, 0xFC, 0xC6, 0x30, 0xF9, 0xFF, 0xFE, 0x4C, 0xFF, 0xFF, 0x06, 0x03, 0xE0, 0x03, 0x01,
    0xF8, 0x01, 0x81, 0xCE, 0x00, 0xC3, 0xC3, 0x80, 0x63, 0xC0, 0xF1, 0xF7, 0xC0, 0x3C, 0x7B, 0x80,
    0x0E, 0x00, 0x00, 0x00, 0x00, 0x0C, 0x00, 0x00, 0x0C, 0x00, 0x00, 0x0C, 0x7F, 0xFE, 0x0C, 0x7F,
    0xFE, 0x0C, 0x70, 0x06, 0x0C, 0x70, 0x06, 0x7F, 0xF0, 0x06, 0x7F, 0xFF, 0xFE, 0x0C, 0x7F, 0xFE,
    0x0C, 0x70, 0xE0, 0x0C, 0x70, 0xE0, 0x0C, 0x7F, 0xFF, 0x0F, 0xFF, 0xFF, 0x1F, 0xF0, 0xE0, 0xFF,
    0x70, 0xE0, 0x7C, 0x70, 0xE0, 0x4C, 0x7F, 0xFE, 0x0C, 0x6F, 0xFF, 0x0C, 0x6C, 0x07, 0x0C, 0xEC,
    0x07, 0x0C, 0xEC, 0x07, 0x0C, 0xCC, 0x07, 0x7D, 0xCF, 0xFF, 0x7D, 0xCF, 0xFF, 0x00, 0x8C, 0x06,
    0x0C, 0x01, 0x00, 0x06, 0x01, 0xC0, 0x03, 0x00, 0x60, 0x01, 0x8F, 0xFF, 0xC0, 0xC7, 0xFF, 0xF0,
    0x60, 0x40, 0xC1, 0xFE, 0x70, 0xE0, 0xFF, 0x1C, 0x70, 0x0C, 0x0E, 0x70, 0x06, 0x7F, 0xFF, 0x83,
    0x3F, 0xFF, 0xC1, 0x80, 0x60, 0x00, 0xF0, 0x70, 0x00, 0xFC, 0x38, 0x03, 0xFF, 0xFF, 0xFC, 0xF9,
    0xFF, 0xFE, 0x4C, 0x1C, 0x38, 0x06, 0x1C, 0x1C, 0x03, 0x0F, 0x9C, 0x01, 0x83, 0xFC, 0x00, 0xC0,
    0x3F, 0x00, 0x60, 0xFF, 0xE1, 0xF3, 0xFC, 0x78, 0xF9, 0xF0, 0x1C, 0x00, 0x00, 0x00, 0x00, 0x0C,
    0x01, 0x80, 0x06, 0x01, 0xC0, 0x03, 0x00, 0x70, 0x01, 0x80, 0x38, 0x00, 0xC7, 0xFF, 0xF0, 0x63,
    0xFF, 0xF9, 0xFF, 0x80, 0x0C, 0xFF, 0xCE, 0x66, 0x0C, 0x0E, 0x78, 0x06, 0x0F, 0x1E, 0x03, 0x0F,
    0x07, 0x81, 0x8F, 0x00, 0xC0, 0xFA, 0x00, 0x20, 0xFD, 0xFF, 0xF1, 0xF8, 0xFF, 0xF8, 0xF8, 0x03,
    0x80, 0x4C, 0x01, 0xC0, 0x06, 0x00, 0xE0, 0x03, 0x00, 0x70, 0x01, 0x80, 0x38, 0x00, 0xC0, 0x1C,
    0x00, 0x60, 0x0E, 0x01, 0xF3, 0xFF, 0xFC, 0xF9, 0xFF, 0xFE, 0x00, 0x00, 0x00, 0x00, 0x0C, 0x0C,
    0x38, 0x0C, 0x0E, 0x38, 0x0C, 0x0E, 0x38, 0x0C, 0x0E, 0x38, 0x0C, 0x7F, 0xFF, 0x0F, 0xFF, 0xFF,
    0x7F, 0x8E, 0x38, 0x7F, 0x8E, 0x38, 0x0C, 0x0E, 0x38, 0x0C, 0x00, 0x00, 0x0C, 0x3F, 0xFE, 0x0C,
    0x3F, 0xFE, 0x0F, 0xB1, 0xC6, 0x3F, 0xB1, 0xC6, 0xFE, 0x31, 0xC6, 0x7C, 0x31, 0xC6, 0x4C, 0x3F,
    0xFE, 0x0C, 0x3F, 0xFE, 0x0C, 0x31, 0xC6, 0x0C, 0x31, 0xC6, 0x0C, 0x31, 0xC6, 0x0C, 0x3F, 0xFE,
    0x7C, 0x3F, 0xFE, 0x7C, 0x30, 0x06, 0x00, 0x30, 0x06, 0x0C, 0x00, 0x00, 0x06, 0x1F, 0xFE, 0x03,
    0x0F, 0xFF, 0x01, 0x86, 0x01, 0x80, 0xC3, 0x00, 0xC0, 0x61, 0xFF, 0xE1, 0xFE, 0xFF, 0xF0, 0xFF,
    0x60, 0x18, 0x0C, 0x3F, 0xFC, 0x06, 0x1F, 0xFE, 0x03, 0x00, 0x00, 0x01, 0x80, 0x00, 0x00, 0xFF,
    0xFF, 0xF0, 0xFF, 0xFF, 0xFB, 0xFC, 0x46, 0x00, 0xF8, 0x73, 0x00, 0x0C, 0x39, 0xFE, 0x06, 0x18,
    0xFF, 0x03, 0x0E, 0x60, 0x01, 0x8F, 0x30, 0x00, 0xC7, 0xD8, 0x00, 0x67, 0x7C, 0x01, 0xF7, 0x1F,
    0xFC, 0xFB, 0x87, 0xFE, 0x00, 0x80, 0x00, 0x00, 0x0C, 0x00, 0x00, 0x0C, 0x00, 0xFC, 0x0C, 0x3F,
    0xFE, 0x0C, 0x3F, 0xE0, 0x0C, 0x01, 0xC0, 0x0C, 0x01, 0xC0, 0x7F, 0x81, 0xC0, 0x7F, 0xFF, 0xFF,
    0x0C, 0x7F, 0xFF, 0x0C, 0x01, 0xC0, 0x0C, 0x0D, 0xC0, 0x0C, 0x3F, 0xFE, 0x0F, 0xF9, 0xFE, 0x3F,
    0xF1, 0xC6, 0x7F, 0x71, 0xC6, 0x7C, 0x71, 0xC6, 0x0C, 0x7F, 0xFE, 0x0C, 0x7F, 0xFE, 0x0C, 0x71,
    0xC6, 0x0C, 0x71, 0xC6, 0x0C, 0x71, 0xC6, 0x0C, 0x7F, 0xFE, 0x3C, 0x7F, 0xFE, 0x3C, 0x70, 0x06,
    0x00, 0x30, 0x06, 0x0C, 0x01, 0x80, 0x06, 0x03, 0xC0, 0x03, 0x0F, 0xEF, 0x81, 0x8F, 0xB7, 0xC0,
    0xC7, 0x18, 0x60, 0x63, 0x8C, 0x31, 0xFF, 0xF6, 0xF8, 0xFF, 0xFF, 0x7C, 0x0C, 0x71, 0x86, 0x06,
    0x38, 0xC3, 0x03, 0x1C, 0x61, 0x81, 0x8F, 0xFF, 0xC0, 0xFB, 0xFF, 0xE0, 0xFC, 0x0C, 0x01, 0xF8,
    0x06, 0x00, 0xF8, 0xFF, 0xFC, 0x4C, 0x7F, 0xFE, 0x06, 0x0E, 0x0E, 0x03, 0x07, 0x8E, 0x01, 0x81,
    0xFE, 0x00, 0xC0, 0x3E, 0x00, 0x60, 0xFF, 0xC1, 0xF7, 0xFD, 0xFC, 0x79, 0xF0, 0x3E, 0x00, 0x00,
    0x00, 0x00, 0x00, 0x06, 0x00, 0x01, 0x87, 0x00, 0x01, 0x86, 0x00, 0x61, 0x8E, 0x00, 0x71, 0x8E,
    0x00, 0x71, 0x8E, 0x00, 0x71, 0x8F, 0xFE, 0x71, 0x9F, 0xFE, 0x71, 0x9C, 0x18, 0x71, 0xBC, 0x38,
    0x71, 0xBE, 0x38, 0x71, 0xFE, 0x38, 0x71, 0xF6, 0x30, 0x71, 0xA7, 0x70, 0x71, 0x83, 0x70, 0x73,
    0x83, 0xE0, 0x7F, 0x83, 0xE0, 0x7F, 0x81, 0xC0, 0xF9, 0x83, 0xE0, 0x61, 0x83, 0xF0, 0x01, 0x87,
    0x70, 0x01, 0x9E, 0x3C, 0x01, 0xBC, 0x1E, 0x01, 0xB8, 0x0E, 0x01, 0xA0, 0x04, 0x0E, 0x03, 0x00,
    0x0E, 0x07, 0x00, 0x0E, 0x07, 0x00, 0x0E, 0x06, 0x00, 0x0E, 0x06, 0x00, 0x0E, 0x0F, 0xFE, 0xFF,
    0xEF, 0xFE, 0xFF, 0xEC, 0x18, 0x0E, 0x1E, 0x18, 0x0E, 0x1E, 0x38, 0x0E, 0x3E, 0x38, 0x0E, 0x76,
    0x38, 0x7F, 0xF7, 0x30, 0x7F, 0xC7, 0x70, 0x60, 0xC3, 0x70, 0x60, 0xC3, 0xE0, 0x60, 0xC3, 0xE0,
    0x60, 0xC1, 0xC0, 0x60, 0xC3, 0xE0, 0x60, 0xC7, 0xE0, 0x7F, 0xCF, 0x70, 0x7F, 0xDE, 0x3C, 0x60,
    0x7C, 0x3E, 0x60, 0x70, 0x0E, 0x00, 0x60, 0x04, 0x03, 0x00, 0x80, 0x19, 0xDC, 0xE0, 0x0E, 0xEE,
    0x60, 0x03, 0x7E, 0x30, 0x01, 0xBE, 0x18, 0x03, 0xFF, 0xFF, 0xF9, 0xFF, 0xFF, 0xFC, 0x0F, 0x87,
    0x18, 0x0F, 0xE3, 0x8C, 0x0F, 0xFF, 0xCE, 0x1E, 0xED, 0xE7, 0x0E, 0x71, 0xFB, 0x82, 0x70, 0xFD,
    0x80, 0x38, 0x27, 0xC1, 0xFF, 0xE3, 0xE0, 0xFF, 0xE1, 0xE0, 0x1C, 0x70, 0x70, 0x0E, 0x30, 0x38,
    0x07, 0xF8, 0x3E, 0x01, 0xF8, 0x3F, 0x00, 0x7E, 0x39, 0xC0, 0x7F, 0xBC, 0x71, 0xF8, 0xFC, 0x3C,
    0xF0, 0x38, 0x06, 0x00, 0x08, 0x00, 0x00, 0x00, 0x18, 0x00, 0x00, 0x1E, 0x00, 0x00, 0x07, 0x00,
    0x00, 0x03, 0x80, 0x00, 0x00, 0xE0, 0x03, 0xFF, 0xFF, 0xF9, 0xFF, 0xFF, 0xFC, 0x0E, 0x00, 0xE0,
    0x07, 0x00, 0x70, 0x01, 0xC0, 0x70, 0x00, 0xE0, 0x38, 0x00, 0x38, 0x38, 0x00, 0x1C, 0x1C, 0x00,
    0x07, 0x1C, 0x00, 0x01, 0xDE, 0x00, 0x00, 0xFE, 0x00, 0x00, 0x3E, 0x00, 0x00, 0x1F, 0x00, 0x00,
    0x1F, 0xC0, 0x00, 0x3E, 0xF8, 0x00, 0x7C, 0x3F, 0x00, 0xFC, 0x07, 0xE1, 0xF8, 0x00, 0xFC, 0xF0,
    0x00, 0x1E, 0x20, 0x00, 0x02, 0x00, 0x01, 0x80, 0x0C, 0x00, 0xC0, 0x0E, 0x00, 0xF0, 0x47, 0x00,
    0xFC, 0x73, 0x80, 0xEF, 0x1D, 0xC0, 0xE1, 0xC7, 0xE1, 0xE0, 0x71, 0xF1, 0xFF, 0xF0, 0x38, 0x7F,
    0xF2, 0x1C, 0x01, 0xC3, 0x8E, 0x00, 0xE1, 0xE7, 0x00, 0x70, 0x7B, 0x87, 0xFF, 0x8F, 0xC3, 0xFF,
    0xC6, 0xE0, 0x0E, 0x00, 0x74, 0x27, 0x40, 0x3E, 0x1B, 0xF3, 0xFF, 0x9D, 0xDB, 0xFE, 0x0E, 0xEF,
    0xE7, 0x06, 0x73, 0x03, 0x87, 0x39, 0x81, 0xC3, 0x1C, 0xC0, 0xE0, 0x8E, 0x00, 0x70, 0x3E, 0x00,
    0x38, 0x0F, 0x00, 0x1C, 0x00, 0x03, 0x00, 0x19, 0x86, 0x00, 0xFB, 0x4D, 0x9F, 0xF6, 0xDB, 0x7F,
    0x0D, 0xB6, 0xE0, 0x1B, 0x79, 0x80, 0x36, 0xF3, 0x00, 0x61, 0xC6, 0x00, 0xFF, 0xFC, 0x01, 0xFF,
    0xFF, 0xFB, 0x1C, 0x3F, 0xF6, 0x3C, 0x63, 0x8C, 0xFC, 0xC7, 0x19, 0xFD, 0x8E, 0x36, 0xDB, 0x1C,
    0x7D, 0xB6, 0x38, 0xF3, 0x0C, 0x71, 0xC6, 0x38, 0xE3, 0x0C, 0x71, 0xC6, 0x10, 0xE3, 0x8F, 0xFF,
    0x87, 0x1F, 0xFF, 0x0E, 0x00, 0x0E, 0x1C, 0x00, 0x18, 0x38, 0x00, 0x10, 0x70, 0x04, 0x00, 0x00,
    0x1C, 0x00, 0x78, 0x18, 0x0F, 0xF7, 0xFF, 0xFF, 0x8F, 0xFF, 0xF0, 0x06, 0x19, 0xC0, 0x0E, 0x33,
    0x80, 0x1C, 0xE7, 0x00, 0x19, 0x8E, 0x01, 0xFF, 0xFF, 0xFF, 0xFF, 0xFF, 0xF8, 0x30, 0x71, 0xC0,
    0x60, 0xE3, 0x9F, 0xFF, 0xC7, 0x3F, 0xFF, 0x8E, 0x03, 0x07, 0x1C, 0x36, 0xCE, 0x38, 0xED, 0xDC,
    0x71, 0x99, 0xB0, 0xE7, 0x33, 0x61, 0xCC, 0x67, 0xC3, 0x98, 0xC3, 0x87, 0x07, 0x8E, 0x0E, 0x0F,
    0x1C, 0x1C, 0x00, 0x00, 0x30, 0x00, 0x10, 0x00, 0x00, 0x70, 0x00, 0x00, 0xE0, 0x00, 0x00, 0xE0,
    0x00, 0x01, 0xC0, 0x1F, 0xFF, 0xFF, 0xFF, 0xFF, 0xFF, 0x80, 0xE0, 0x00, 0x01, 0xC0, 0x00, 0x03,
    0x80, 0x00, 0x07, 0x00, 0x00, 0x0F, 0xFF, 0x80, 0x1F, 0xFF, 0x00, 0x70, 0x0E, 0x00, 0xE0, 0x1C,
    0x01, 0xC0, 0x38, 0x03, 0x00, 0x70, 0x0E, 0x00, 0xE0, 0x3C, 0x01, 0xC0, 0x70, 0x03, 0x81, 0xC0,
    0x06, 0x07, 0x80, 0x1C, 0x3E, 0x07, 0xF8, 0x78, 0x0F, 0xE0, 0x40, 0x00, 0x00, 0x3F, 0xFF, 0xFE,
    0x3F, 0xFF, 0xFE, 0x00, 0x18, 0x00, 0x00, 0x18, 0x00, 0x00, 0x18, 0x00, 0x00, 0x38, 0x00, 0x00,
    0x38, 0x00, 0x00, 0x38, 0x00, 0x7F, 0xFF, 0xFF, 0x7F, 0xFF, 0xFF, 0x00, 0x3E, 0x00, 0x00, 0x7E,
    0x00, 0x00, 0x7E, 0x00, 0x00, 0x7E, 0x00, 0x00, 0xEE, 0x00, 0x01, 0xEE, 0x00, 0x01, 0xCE, 0x03,
    0x03, 0x8E, 0x03, 0x07, 0x8E, 0x03, 0x1F, 0x0E, 0x07, 0x7C, 0x07, 0xFF, 0x78, 0x07, 0xFE, 0x20,
    0x00, 0x00, 0x00, 0x00, 0x60, 0x00, 0x00, 0xC0, 0x00, 0x01, 0x87, 0xF8, 0x03, 0x0F, 0xF0, 0x06,
    0x18, 0x60, 0x0C, 0x30, 0xDF, 0xFF, 0x61, 0xBF, 0xFE, 0xC3, 0x00, 0x61, 0x86, 0x00, 0xC3, 0xFC,
    0xC1, 0x87, 0xF9, 0xC3, 0x0C, 0x31, 0xC6, 0x18, 0x63, 0x8C, 0x30, 0xC3, 0x98, 0x61, 0x87, 0x30,
    0xC3, 0x06, 0x61, 0x86, 0x00, 0xC3, 0xFC, 0x01, 0x87, 0xF8, 0x03, 0x0C, 0x00, 0x06, 0x18, 0x00,
    0x0C, 0x00, 0x03, 0xF8, 0x00, 0x07, 0xF0, 0x00, 0x01, 0x00, 0x00, 0x03, 0x80, 0x7F, 0x03, 0x80,
    0x7F, 0x03, 0x80, 0x67, 0x03, 0x80, 0x67, 0x3F, 0xFC, 0x67, 0x3F, 0xFC, 0x67, 0x33, 0x8C, 0x67,
    0x33, 0x8C, 0x67, 0x33, 0x8C, 0x7F, 0x33, 0x8C, 0x7F, 0x33, 0x8C, 0x67, 0x33, 0x8C, 0x67, 0xFF,
    0xFE, 0x67, 0xFF, 0xFF, 0x67, 0x03, 0xC0, 0x67, 0x07, 0xC0, 0x67, 0x07, 0xC0, 0x7F, 0x06, 0xE0,
    0x7F, 0x0E, 0x60, 0x60, 0x1C, 0x70, 0x60, 0x78, 0x38, 0x01, 0xF0, 0x1E, 0x01, 0xE0, 0x0E, 0x00,
    0x80, 0x04, 0x0F, 0xFF, 0xF8, 0x07, 0xFF, 0xFC, 0x03, 0x00, 0x06, 0x01, 0x80, 0x03, 0x00, 0xFF,
    0xFF, 0x80, 0x7F, 0xFF, 0xC0, 0x30, 0x00, 0x60, 0x1F, 0xFF, 0xF0, 0x0F, 0xFF, 0xF8, 0x00, 0x00,
    0x00, 0x00, 0x00, 0x00, 0x0F, 0xFF, 0xFF, 0xE7, 0xFF, 0xFF, 0xF0, 0x10, 0xE0, 0x00, 0x1C, 0x70,
    0x00, 0x0E, 0x38, 0x00, 0x06, 0x1F, 0xFC, 0x07, 0x8F, 0xFE, 0x03, 0xE7, 0x00, 0x03, 0xFB, 0x80,
    0x03, 0xDF, 0xC0, 0x03, 0xC7, 0xFF, 0xF9, 0xC0, 0xFF, 0xFC, 0x40, 0x00, 0x00, 0x0F, 0xFF, 0xF8,
    0x0F, 0xFF, 0xF8, 0x0C, 0x00, 0x18, 0x0C, 0x00, 0x18, 0x0F, 0xFF, 0xF8, 0x0F, 0xFF, 0xF8, 0x0C,
    0x00, 0x18, 0x0C, 0x00, 0x18, 0x0F, 0xFF, 0xF8, 0x0F, 0xFF, 0xF8, 0x00, 0x00, 0x00, 0x00, 0xE3,
    0x00, 0x18, 0xE3, 0x0C, 0x1C, 0xE3, 0x1C, 0x0C, 0xE3, 0x38, 0x0E, 0xE3, 0x38, 0x07, 0xE3, 0x70,
    0x06, 0xE3, 0x60, 0x00, 0xE3, 0x00, 0x7F, 0xFF, 0xFF, 0x7F, 0xFF, 0xFF, 0x02, 0x00, 0x80, 0x0E,
    0x03, 0x80, 0x1C, 0x07, 0x00, 0x18, 0x1C, 0x07, 0xFF, 0xFF, 0xCF, 0xFF, 0xFF, 0x86, 0x31, 0x8C,
    0x0E, 0x63, 0x38, 0x0C, 0xC6, 0x60, 0x1D, 0x8D, 0xC3, 0xFF, 0xFF, 0xFF, 0xFF, 0xFF, 0xF0, 0x00,
    0x00, 0x03, 0xFF, 0xFE, 0x07, 0xFF, 0xFC, 0x0E, 0x00, 0x38, 0x1C, 0x00, 0x70, 0x38, 0x00, 0xE0,
    0x7F, 0xFF, 0xC0, 0xFF, 0xFF, 0x81, 0xC0, 0x07, 0x03, 0x80, 0x0E, 0x07, 0xFF, 0xFC, 0x0F, 0xFF,
    0xF8, 0x0C, 0x00, 0x70, 0xFF, 0xFF, 0xFE, 0xFF, 0xFF, 0xFE, 0x00, 0x38, 0x00, 0x00, 0x38, 0x00,
    0x1F, 0xFF, 0xF8, 0x1F, 0xFF, 0xF8, 0x18, 0x38, 0x18, 0x18, 0x38, 0x18, 0x1F, 0xFF, 0xF8, 0x1F,
    0xFF, 0xF8, 0x18, 0x38, 0x18, 0x18, 0x38, 0x18, 0x1F, 0xFF, 0xF8, 0x1F, 0xFF, 0xF8, 0x0C, 0x38,
    0x00, 0x0E, 0x70, 0x00, 0x0F, 0x70, 0x00, 0x07, 0xE0, 0x00, 0x03, 0xF0, 0x00, 0x1F, 0xFF, 0xC0,
    0xFE, 0x3F, 0xFE, 0xF8, 0x03, 0xFE, 0x00, 0x00, 0x00, 0x1F, 0xFF, 0xF0, 0x1F, 0xFF, 0xF0, 0x1C,
    0x00, 0x70, 0x1F, 0xFF, 0xF0, 0x1F, 0xFF, 0xF0, 0x1C, 0x00, 0x70, 0x1F, 0xFF, 0xF0, 0x1F, 0xFF,
    0xF0, 0x00, 0x00, 0x00, 0xFF, 0xFF, 0xFE, 0xFF, 0xFF, 0xFE, 0x38, 0x60, 0x00, 0x38, 0x60, 0x00,
    0x3F, 0xFF, 0xFC, 0x3F, 0xFF, 0xFC, 0x38, 0x66, 0x18, 0x3F, 0xE7, 0x38, 0x3F, 0xE3, 0xF0, 0x38,
    0x63, 0xF0, 0x3F, 0xF1, 0xE0, 0xFF, 0xF3, 0xF0, 0xFE, 0x6F, 0xFE, 0x00, 0x7E, 0x1E, 0x00, 0x68,
    0x04, 0x00, 0x60, 0x00, 0x00, 0x70, 0x00, 0x00, 0x70, 0x00, 0x00, 0xE0, 0x00, 0x7F, 0xFF, 0xFF,
    0x7F, 0xFF, 0xFF, 0x01, 0xC0, 0x00, 0x01, 0x80, 0x00, 0x03, 0x80, 0x00, 0x07, 0xFF, 0xF8, 0x07,
    0xFF, 0xF8, 0x0F, 0x80, 0x38, 0x1F, 0x80, 0x38, 0x3F, 0xFF, 0xF8, 0x7B, 0xFF, 0xF8, 0x63, 0x80,
    0x38, 0x03, 0x80, 0x38, 0x03, 0xFF, 0xF8, 0x03, 0xFF, 0xF8, 0x03, 0x80, 0x38, 0x03, 0x80, 0x38,
    0x03, 0x80, 0x38, 0x03, 0x83, 0xF8, 0x03, 0x81, 0xF0, 0x00, 0x00, 0x00, 0x3F, 0xCF, 0xFE, 0x1F,
    0xE7, 0xFF, 0x0E, 0x33, 0x01, 0x87, 0x19, 0x80, 0xC3, 0x8C, 0xC0, 0x61, 0xC6, 0x60, 0x30, 0xFF,
    0x31, 0xF8, 0x7F, 0x98, 0xF8, 0x38, 0xCC, 0x00, 0x1C, 0x67, 0xFF, 0x8E, 0x33, 0xFF, 0xC7, 0x19,
    0xF0, 0xC3, 0x8C, 0xD8, 0x61, 0xFE, 0x6C, 0x70, 0xFF, 0x37, 0x38, 0x71, 0x99, 0xB8, 0x30, 0xCC,
    0xFC, 0x18, 0x66, 0x3C, 0x0C, 0x33, 0x1E, 0x06, 0x19, 0x8F, 0x07, 0x0C, 0xCF, 0xC3, 0x86, 0x6E,
    0x79, 0x9F, 0x3E, 0x1C, 0xCF, 0x9A, 0x06, 0x00, 0x1C, 0x00, 0x00, 0x0E, 0x00, 0x00, 0x07, 0x00,
    0x00, 0x03, 0x80, 0x00, 0x01, 0xC0, 0x00, 0xFF, 0xFF, 0xE0, 0x7F, 0xFF, 0xF0, 0x00, 0x38, 0x00,
    0x00, 0x1C, 0x00, 0x00, 0x0E, 0x00, 0x00, 0x07, 0x00, 0x0F, 0xFF, 0xFF, 0xE7, 0xFF, 0xFF, 0xF0,
    0x01, 0xF0, 0x00, 0x01, 0xFC, 0x00, 0x01, 0xFF, 0x00, 0x01, 0xDD, 0xC0, 0x01, 0xEE, 0xF0, 0x01,
    0xE7, 0x3C, 0x03, 0xE3, 0x8F, 0x83, 0xC1, 0xC1, 0xE3, 0xC0, 0xE0, 0x79, 0xC0, 0x70, 0x1C, 0x00,
    0x38, 0x00, 0x00, 0x1C, 0x00, 0x00, 0x00, 0x1C, 0x00, 0x00, 0x0E, 0x00, 0x00, 0x07, 0x00, 0x00,
    0x03, 0x80, 0x00, 0x01, 0xC0, 0x00, 0x00, 0xE0, 0x01, 0xFF, 0xFF, 0xFC, 0xFF, 0xFF, 0xFE, 0x00,
    0x7F, 0x00, 0x00, 0x7F, 0xC0, 0x00, 0x37, 0xE0, 0x00, 0x3B, 0xB8, 0x00, 0x39, 0xDC, 0x00, 0x1C,
    0xE7, 0x00, 0x1C, 0x71, 0xC0, 0x1E, 0x38, 0xF0, 0x1E, 0x1C, 0x3C, 0x1E, 0x0E, 0x0F, 0x1F, 0xFF,
    0xFF, 0xCE, 0xFF, 0xFE, 0xE2, 0x01, 0xC0, 0x20, 0x00, 0xE0, 0x00, 0x00, 0x70, 0x00, 0x00, 0x38,
    0x00, 0x00, 0x1C, 0x00, 0x00, 0x06, 0x00, 0x00, 0x03, 0x80, 0x00, 0x01, 0xC3, 0xFE, 0x00, 0xE1,
    0xFF, 0x00, 0x70, 0xE1, 0x80, 0x38, 0x70, 0xC1, 0xFF, 0xB8, 0x60, 0xFF, 0xDC, 0x30, 0x07, 0x0E,
    0x18, 0x07, 0x87, 0x0C, 0x03, 0xC3, 0x86, 0x01, 0xF1, 0xC3, 0x01, 0xFC, 0xE1, 0x80, 0xFF, 0x70,
    0xC0, 0xFF, 0xB0, 0x60, 0x6E, 0xD8, 0x30, 0x77, 0x0C, 0x18, 0x73, 0x8E, 0x0C, 0x99, 0xC7, 0x06,
    0x68, 0xE3, 0x03, 0x30, 0x73, 0x81, 0x98, 0x39, 0x80, 0xDC, 0x1D, 0xC0, 0x7E, 0x0E, 0xC0, 0x3E,
    0x06, 0x00, 0x00, 0x00, 0x00, 0x1C, 0x00, 0x00, 0x0E, 0x00, 0x00, 0x07, 0x00, 0x07, 0xFF, 0xFF,
    0xC3, 0xFF, 0xFF, 0xF0, 0x00, 0xE0, 0x00, 0x00, 0x70, 0x00, 0x00, 0x38, 0x00, 0x1F, 0xFF, 0xFC,
    0x0F, 0xFF, 0xFE, 0x07, 0x07, 0x07, 0x03, 0x83, 0x83, 0x81, 0xC1, 0xC1, 0xC0, 0xE0, 0xE0, 0xE0,
    0x7F, 0xFF, 0xF0, 0x3F, 0xFF, 0xF8, 0x00, 0x7F, 0x00, 0x00, 0x7F, 0xC0, 0x00, 0x7F, 0xF0, 0x00,
    0xFB, 0xBE, 0x00, 0xF1, 0xC7, 0x83, 0xF0, 0xE1, 0xF9, 0xE0, 0x70, 0x3C, 0x40, 0x38, 0x04, 0x00,
    0x1C, 0x00, 0x00, 0x00, 0x60, 0x00, 0x00, 0x78, 0x00, 0x00, 0x38, 0x00, 0x00, 0x3F, 0xFE, 0x00,
    0x3F, 0xFE, 0x00, 0x7E, 0x0F, 0x00, 0x7F, 0x8F, 0x00, 0x79, 0xEF, 0x00, 0x30, 0x7F, 0x00, 0x00,
    0x3F, 0x80, 0x00, 0xFF, 0xF8, 0x07, 0xFC, 0x3F, 0xE7, 0xF1, 0xC7, 0xF3, 0xC0, 0xE0, 0x30, 0x00,
    0x70, 0x00, 0x3F, 0xFF, 0xF8, 0x1F, 0xFF, 0xFC, 0x00, 0x0E, 0x00, 0x00, 0xE7, 0x30, 0x00, 0xF3,
    0x9C, 0x00, 0xF1, 0xC7, 0x00, 0xF0, 0xE1, 0xC0, 0xF0, 0x70, 0x70, 0x30, 0xF8, 0x18, 0x00, 0x78,
    0x00, 0x00, 0x00, 0x1C, 0x00, 0x00, 0x0E, 0x00, 0x00, 0x07, 0x00, 0x07, 0xFF, 0xFF, 0xC3, 0xFF,
    0xFF, 0xE0, 0x30, 0xE1, 0xC0, 0x38, 0x70, 0xE0, 0x0E, 0x38, 0x60, 0x03, 0x1C, 0x70, 0x01, 0xCE,
    0x70, 0x00, 0xE7, 0x38, 0x0F, 0xFF, 0xFF, 0xE7, 0xFF, 0xFF, 0xF0, 0x03, 0xF8, 0x00, 0x03, 0xFC,
    0x00, 0x01, 0xFF, 0x00, 0x03, 0xDD, 0xC0, 0x03, 0xCE, 0x78, 0x03, 0xC7, 0x1E, 0x07, 0xC3, 0x87,
    0xC7, 0xC1, 0xC1, 0xF3, 0x80, 0xE0, 0x38, 0x80, 0x70, 0x08, 0x00, 0x38, 0x00, 0x06, 0x00, 0x00,
    0x06, 0x07, 0x30, 0x06, 0x07, 0x30, 0x06, 0x06, 0x38, 0x06, 0x0E, 0x38, 0x06, 0x0E, 0x18, 0x7F,
    0xCC, 0x1C, 0x7F, 0xDC, 0x1C, 0x0E, 0x1C, 0x0E, 0x0F, 0x39, 0xCF, 0x0F, 0x79, 0xC7, 0x1F, 0xF3,
    0x82, 0x1F, 0xC3, 0x80, 0x1F, 0xC3, 0x80, 0x3E, 0xC7, 0x00, 0x36, 0x87, 0x10, 0x76, 0x06, 0x38,
    0x66, 0x0E, 0x18, 0x66, 0x0E, 0x1C, 0x46, 0x1C, 0x0C, 0x06, 0x1D, 0xFE, 0x06, 0x3F, 0xFE, 0x06,
    0x3F, 0xF7, 0x06, 0x38, 0x06, 0x06, 0x00, 0x00, 0x06, 0x00, 0x00, 0x06, 0x00, 0x3C, 0x06, 0x01,
    0xFE, 0x06, 0x0F, 0xF8, 0x06, 0x0F, 0x80, 0x06, 0x0C, 0x00, 0x7F, 0xEC, 0x00, 0x7F, 0xEC, 0x00,
    0x0E, 0x0C, 0x00, 0x0F, 0x0F, 0xFF, 0x0F, 0x8F, 0xFF, 0x0F, 0x8C, 0x38, 0x1F, 0xCC, 0x38, 0x1E,
    0xEC, 0x38, 0x3E, 0xEC, 0x38, 0x36, 0x5C, 0x38, 0x76, 0x1C, 0x38, 0x66, 0x1C, 0x38, 0x66, 0x1C,
    0x38, 0x46, 0x18, 0x38, 0x06, 0x38, 0x38, 0x06, 0x38, 0x38, 0x06, 0x30, 0x38, 0x06, 0x70, 0x38,
    0x06, 0x00, 0x30, 0x00, 0x1C, 0x00, 0x00, 0x0E, 0x00, 0x00, 0x07, 0x00, 0x00, 0x03, 0x80, 0x07,
    0xFF, 0xFF, 0xF3, 0xFF, 0xFF, 0xF8, 0x03, 0xFE, 0x00, 0x03, 0xBF, 0x80, 0x03, 0xDD, 0xE0, 0x07,
    0x8E, 0x3C, 0x0F, 0x87, 0x0F, 0x8F, 0x81, 0x03, 0xE7, 0x7F, 0xFF, 0x70, 0x3F, 0xFF, 0x80, 0x1C,
    0x01, 0xC0, 0x0F, 0xFF, 0xE0, 0x07, 0xFF, 0xF0, 0x03, 0x80, 0x38, 0x01, 0xC0, 0x1C, 0x00, 0xFF,
    0xFE, 0x00, 0x7F, 0xFF, 0x00, 0x00, 0x00, 0x01, 0xFF, 0xFF, 0xFC, 0x7F, 0xFF, 0xFE, 0x06, 0x00,
    0x00, 0x06, 0x00, 0x00, 0x06, 0x1F, 0xFE, 0x06, 0x1F, 0xFE, 0x06, 0x00, 0x00, 0x06, 0x00, 0x00,
    0x7F, 0xE0, 0x00, 0x7F, 0xE0, 0x00, 0x0E, 0x00, 0x00, 0x0F, 0x3F, 0xFF, 0x1F, 0xBF, 0xFF, 0x1F,
    0xC0, 0xC0, 0x1F, 0xC0, 0xC0, 0x3E, 0xCC, 0xC8, 0x36, 0x4C, 0xDC, 0x76, 0x1C, 0xCC, 0xE6, 0x18,
    0xCE, 0x66, 0x18, 0xC6, 0x46, 0x38, 0xC7, 0x06, 0x70, 0xC7, 0x06, 0x70, 0xC3, 0x06, 0x21, 0xC3,
    0x06, 0x0F, 0xC0, 0x06, 0x07, 0xC0, 0x00, 0x00, 0x00, 0x06, 0x00, 0x08, 0x06, 0x0C, 0x1C, 0x06,
    0x0E, 0x1C, 0x06, 0x06, 0x38, 0x06, 0x07, 0x38, 0x7F, 0xC3, 0x70, 0x7F, 0xFF, 0xFE, 0x0E, 0x3F,
    0xFE, 0x0E, 0x00, 0x00, 0x0F, 0x00, 0x00, 0x1F, 0x80, 0x00, 0x1F, 0x80, 0x00, 0x1F, 0xC0, 0x00,
    0x1E, 0xC0, 0x00, 0x3E, 0xDF, 0xFC, 0x36, 0x1F, 0xFC, 0x76, 0x00, 0x00, 0x66, 0x00, 0x00, 0x66,
    0x00, 0x00, 0x06, 0x00, 0x00, 0x06, 0x00, 0x00, 0x06, 0x7F, 0xFF, 0x06, 0x7F, 0xFF, 0x06, 0x00,
    0x00, 0x06, 0x00, 0x00, 0x0E, 0x08, 0x0C, 0x0E, 0x1C, 0x0E, 0x0E, 0x1C, 0x1C, 0x0E, 0x0E, 0x1C,
    0x0E, 0x0E, 0x38, 0x7F, 0xBF, 0xFF, 0x7F, 0xBF, 0xFF, 0x0E, 0x01, 0xC0, 0x0E, 0x01, 0xC0, 0x0F,
    0x01, 0xC0, 0x1F, 0x01, 0xC0, 0x1F, 0xBF, 0xFE, 0x1F, 0xBF, 0xFE, 0x3F, 0x81, 0xC0, 0x3E, 0x81,
    0xC0, 0x7E, 0x01, 0xC0, 0x6E, 0x7F, 0xFF, 0x6E, 0x7F, 0xFF, 0x4E, 0x01, 0xC0, 0x0E, 0x01, 0xC0,
    0x0E, 0x01, 0xC0, 0x0E, 0x01, 0xC0, 0x0E, 0x01, 0xC0, 0x0E, 0x01, 0xC0, 0x0E, 0x01, 0xC0, 0x06,
    0x01, 0x80, 0x0E, 0x01, 0xC0, 0x0E, 0x31, 0xC6, 0x0E, 0x31, 0xCE, 0x0E, 0x39, 0xCE, 0x0E, 0x19,
    0xCC, 0x7F, 0xDD, 0xDC, 0x7F, 0xDD, 0xD8, 0x0E, 0x0D, 0xD8, 0x0E, 0x01, 0xC0, 0x1F, 0x7F, 0xFE,
    0x1F, 0xFF, 0xFE, 0x1F, 0xC0, 0x06, 0x3F, 0xC0, 0x06, 0x3E, 0xC0, 0x06, 0x3E, 0x3F, 0xFE, 0x7E,
    0x3F, 0xFE, 0xEE, 0x00, 0x06, 0x6E, 0x00, 0x06, 0x4E, 0x00, 0x06, 0x0E, 0x00, 0x06, 0x0E, 0x7F,
    0xFE, 0x0E, 0x7F, 0xFE, 0x0E, 0x00, 0x06, 0x06, 0x00, 0x06, 0x0C, 0x01, 0x80, 0x07, 0x00, 0xC0,
    0x03, 0x80, 0xF0, 0x01, 0xC0, 0xFC, 0x00, 0xE0, 0xEF, 0x03, 0xFC, 0xF3, 0xC1, 0xFE, 0xF0, 0xF0,
    0x1C, 0xF0, 0x3C, 0x0E, 0xFF, 0xFF, 0x0F, 0xFF, 0xFF, 0x87, 0xF0, 0x00, 0x03, 0xF0, 0x00, 0x03,
    0xFB, 0x38, 0xE1, 0xFD, 0x8C, 0x70, 0xF8, 0xC6, 0x30, 0xFC, 0x73, 0x38, 0x6E, 0x19, 0x98, 0x37,
    0x0C, 0xEC, 0x13, 0x86, 0x6E, 0x01, 0xC0, 0x06, 0x00, 0xE0, 0x07, 0x00, 0x77, 0xFF, 0xF8, 0x3B,
    0xFF, 0xFC, 0x1C, 0x00, 0x00, 0x0C, 0x00, 0x00, 0x00, 0x0C, 0x06, 0x30, 0x07, 0x07, 0x18, 0x03,
    0x83, 0x8C, 0x01, 0xCF, 0xFF, 0xE0, 0xE7, 0xFF, 0xF3, 0xFC, 0x71, 0x81, 0xFE, 0x38, 0xC0, 0x1C,
    0x7F, 0xFC, 0x0E, 0x3F, 0xFE, 0x0F, 0x18, 0x07, 0x07, 0xCF, 0xFF, 0x83, 0xE7, 0xFF, 0xC1, 0xFB,
    0x00, 0xE1, 0xFD, 0xFF, 0xF0, 0xFE, 0xFF, 0xF8, 0xFC, 0x03, 0x00, 0x6E, 0x03, 0x80, 0x37, 0x7F,
    0xFF, 0x93, 0xBF, 0xFF, 0xC1, 0xC0, 0xFC, 0x00, 0xE0, 0xF7, 0x00, 0x70, 0xF1, 0xE0, 0x3B, 0xF0,
    0x7C, 0x1D, 0xE0, 0x1E, 0x0C, 0xC0, 0x02, 0x00, 0x00, 0x06, 0x38, 0x07, 0x07, 0x1C, 0x03, 0x83,
    0x8E, 0x01, 0xC7, 0xFF, 0xE0, 0xE3, 0xFF, 0xF0, 0x70, 0x71, 0xC1, 0xFF, 0x38, 0xE0, 0xFF, 0xFF,
    0xFE, 0x0E, 0x7F, 0xFF, 0x07, 0x00, 0xE0, 0x07, 0x8F, 0xFF, 0x83, 0xE7, 0xFF, 0xC1, 0xFB, 0x1C,
    0x60, 0xFD, 0x8E, 0x30, 0xFF, 0xFF, 0xF8, 0x7D, 0x7F, 0xFC, 0x7E, 0x31, 0xC6, 0x77, 0x18, 0xE3,
    0x1B, 0x8F, 0xFF, 0x89, 0xC7, 0xFF, 0xC0, 0xE0, 0xE3, 0x80, 0x70, 0xF1, 0xE0, 0x39, 0xF0, 0x7C,
    0x1D, 0xE0, 0x0E, 0x06, 0x40, 0x02, 0x00, 0x00, 0x30, 0x00, 0x00, 0x38, 0x00, 0x40, 0x70, 0x00,
    0xF0, 0x70, 0x00, 0x78, 0x70, 0x00, 0x3E, 0x7F, 0xFC, 0x0C, 0xFF, 0xFC, 0x00, 0xE0, 0x1C, 0x01,
    0xC7, 0x1C, 0x01, 0xC7, 0x18, 0x03, 0x87, 0x38, 0x03, 0x87, 0x38, 0x04, 0x07, 0x30, 0x0E, 0x0F,
    0x00, 0x0E, 0x0F, 0x00, 0x1C, 0x0F, 0x80, 0x3C, 0x1F, 0x80, 0x38, 0x1D, 0xC0, 0x70, 0x3D, 0xC0,
    0xF0, 0x78, 0xE0, 0xE0, 0xF0, 0x70, 0x41, 0xE0, 0x7C, 0x07, 0xC0, 0x3E, 0x07, 0x80, 0x0E, 0x02,
    0x00, 0x00, 0x7F, 0xFF, 0xFC, 0xFF, 0xFF, 0xF8, 0x00, 0x60, 0x00, 0x00, 0xC0, 0x00, 0x01, 0x80,
    0x00, 0x03, 0x00, 0x00, 0x06, 0x00, 0x0E, 0x0C, 0x00, 0x1C, 0x18, 0x00, 0x38, 0x3F, 0xF0, 0x70,
    0x7F, 0xE0, 0xE0, 0xC0, 0x01, 0xC1, 0x80, 0x03, 0x83, 0x00, 0x07, 0x06, 0x00, 0x0E, 0x0C, 0x00,
    0x1C, 0x18, 0x00, 0x38, 0x30, 0x00, 0x70, 0x60, 0x07, 0xFF, 0xFF, 0xFF, 0xFF, 0xFF, 0xE0, 0x01,
    0x87, 0x00, 0x03, 0x87, 0x00, 0x03, 0x87, 0x00, 0x03, 0x87, 0x00, 0x03, 0x87, 0x00, 0x03, 0x87,
    0x00, 0x33, 0x87, 0x08, 0x33, 0x87, 0x1C, 0x33, 0x87, 0x3C, 0x33, 0xFF, 0xF8, 0x33, 0xFF, 0xF0,
    0x33, 0x87, 0xC0, 0x33, 0x87, 0x00, 0x33, 0x87, 0x00, 0x33, 0x87, 0x00, 0x33, 0x87, 0x00, 0x33,
    0x87, 0x00, 0x33, 0x87, 0x04, 0x33, 0x87, 0x07, 0x33, 0x87, 0x07, 0x33, 0xFF, 0x06, 0x3F, 0xFF,
    0x0E, 0xFF, 0xF7, 0xFE, 0xFE, 0x03, 0xFC, 0x80, 0x00, 0x00, 0x00, 0x18, 0x00, 0x00, 0x70, 0x00,
    0x30, 0xE0, 0x00, 0x71, 0xFF, 0x80, 0xE3, 0xFF, 0x81, 0xC7, 0x00, 0x03, 0x8E, 0x00, 0x07, 0x1C,
    0x00, 0xFF, 0xFF, 0xFF, 0xFF, 0xFF, 0xFC, 0x00, 0xE0, 0x00, 0x19, 0xC1, 0x80, 0x73, 0x83, 0x81,
    0xC7, 0x0E, 0x07, 0x8E, 0x3C, 0x1E, 0x1C, 0xF0, 0x78, 0x3B, 0xC0, 0xE0, 0x7F, 0x00, 0x80, 0xFC,
    0x00, 0x01, 0xF0, 0x00, 0x1F, 0xC0, 0x03, 0xFE, 0x00, 0x3F, 0xE0, 0x00, 0x7E, 0x00, 0x00, 0x40,
    0x00, 0x00, 0x00, 0xC0, 0x00, 0x01, 0xF3, 0xFC, 0x07, 0xF1, 0xFE, 0x03, 0xC0, 0xE7, 0x01, 0x80,
    0x73, 0x80, 0xC0, 0x31, 0xC0, 0x60, 0x18, 0xE0, 0x3F, 0xCC, 0x70, 0x1F, 0xEE, 0x38, 0x0C, 0x0E,
    0x1F, 0x86, 0x0F, 0x07, 0xC3, 0x03, 0x00, 0x01, 0xFF, 0xFF, 0xC0, 0xFF, 0xFF, 0xE0, 0x60, 0x38,
    0x70, 0x30, 0x0C, 0x38, 0x18, 0x27, 0x38, 0x0F, 0xF1, 0xDC, 0x1F, 0xF8, 0xFC, 0x0F, 0xC0, 0x3C,
    0x01, 0x80, 0x3F, 0x00, 0xC0, 0x3F, 0xE0, 0x60, 0xFC, 0xFC, 0x30, 0x78, 0x1E, 0x00, 0x30, 0x02,
    0x00, 0x03, 0x00, 0x00, 0x03, 0x80, 0x00, 0x07, 0x00, 0x00, 0x07, 0xFF, 0xFE, 0x0F, 0xFF, 0xFE,
    0x0E, 0x00, 0x00, 0x1C, 0x00, 0x00, 0x3F, 0xFF, 0xF8, 0x77, 0xFF, 0xF8, 0x77, 0x30, 0x38, 0x06,
    0x3C, 0x38, 0x06, 0x1E, 0x38, 0x06, 0x07, 0x38, 0x7F, 0xFF, 0xFF, 0x7F, 0xFF, 0xFF, 0x0E, 0x70,
    0x38, 0x0E, 0x78, 0x38, 0x0C, 0x1E, 0x38, 0x0C, 0x0E, 0x38, 0x0F, 0xFF, 0xFE, 0x1F, 0xFF, 0xFE,
    0x00, 0x00, 0x70, 0x00, 0x00, 0x70, 0x00, 0x07, 0xF0, 0x00, 0x03, 0xC0, 0x00, 0x18, 0x01, 0xC0,
    0x70, 0x07, 0x01, 0xC0, 0x1C, 0x07, 0x00, 0x70, 0x1C, 0x01, 0xC0, 0x70, 0x47, 0x01, 0xC3, 0x9C,
    0x07, 0x1E, 0x70, 0x1C, 0xF1, 0xFF, 0x77, 0x87, 0xFD, 0xFC, 0x1C, 0x07, 0xC0, 0x70, 0x1E, 0x01,
    0xC0, 0x70, 0x07, 0x01, 0xC0, 0x1C, 0x07, 0x00, 0x70, 0x1C, 0x19, 0xC0, 0x70, 0x77, 0x01, 0xC1,
    0xDC, 0x77, 0x07, 0x7F, 0xDC, 0x1D, 0xFE, 0x70, 0xEF, 0xE1, 0xFF, 0xBC, 0x03, 0xFC, 0x00, 0x00,
    0x00, 0x00, 0x06, 0x00, 0x78, 0x06, 0x00, 0x7C, 0x07, 0x00, 0x1E, 0x03, 0x80, 0x06, 0x03, 0x80,
    0x01, 0xFF, 0xFE, 0x01, 0xFF, 0xFE, 0x00, 0x03, 0x00, 0xE0, 0x03, 0x00, 0xF8, 0x03, 0x00, 0x7C,
    0x03, 0x00, 0x1C, 0x03, 0x00, 0x00, 0x03, 0x00, 0x00, 0xFF, 0xFC, 0x04, 0xFF, 0xFC, 0x06, 0x03,
    0x00, 0x0E, 0x03, 0x00, 0x0C, 0x03, 0x00, 0x1C, 0x03, 0x00, 0x38, 0x03, 0x00, 0x38, 0x03, 0x00,
    0x70, 0x03, 0x00, 0x73, 0xFF, 0xFE, 0x63, 0xFF, 0xFE, 0x00, 0x00, 0x00, 0x00, 0x0E, 0x00, 0x38,
    0x0E, 0xC0, 0x3E, 0x0E, 0xF0, 0x0F, 0x0E, 0x78, 0x07, 0x0E, 0x38, 0x00, 0x0E, 0x3E, 0x00, 0x3F,
    0xFE, 0x00, 0xFF, 0xFE, 0x70, 0xFE, 0x00, 0x78, 0x06, 0x00, 0x3C, 0x06, 0x03, 0x0C, 0x07, 0xFF,
    0x00, 0xFF, 0xFF, 0x01, 0xFF, 0xE6, 0x01, 0xF3, 0x07, 0x06, 0x03, 0x0E, 0x0E, 0x03, 0x9C, 0x0E,
    0x03, 0xF8, 0x0C, 0x01, 0xF2, 0x1C, 0x03, 0xE3, 0x1C, 0x0F, 0xC3, 0x38, 0x3F, 0xE3, 0x39, 0xFC,
    0x77, 0x70, 0xF0, 0x7E, 0x10, 0x80, 0x1E, 0x00, 0x00, 0x0D, 0x83, 0x80, 0x37, 0x06, 0x00, 0xCE,
    0x1C, 0x33, 0x1C, 0x30, 0xCC, 0x6F, 0xFB, 0x30, 0x3F, 0xEC, 0xC0, 0x07, 0x33, 0xC0, 0x1C, 0xCF,
    0x8E, 0x63, 0x37, 0x39, 0x8C, 0xCE, 0x7E, 0x33, 0x10, 0xF8, 0xCC, 0x03, 0xC3, 0x30, 0x07, 0x0C,
    0xC6, 0x1C, 0x33, 0x1C, 0x78, 0xCC, 0x63, 0xF3, 0x33, 0x8F, 0xCC, 0xCC, 0x73, 0x03, 0x73, 0xCE,
    0x0D, 0xCE, 0x10, 0x3E, 0x70, 0x00, 0xD9, 0x80, 0x1F, 0x00, 0x00, 0x78, 0x00, 0x01, 0x80, 0x38,
    0x61, 0x86, 0x3E, 0x61, 0x87, 0x0F, 0x71, 0x8E, 0x07, 0x39, 0x8C, 0x00, 0x39, 0x9C, 0x00, 0x19,
    0x98, 0x00, 0x01, 0x80, 0x70, 0x7F, 0xFE, 0x7C, 0x7F, 0xFE, 0x1E, 0x70, 0x0E, 0x0C, 0x70, 0x0E,
    0x00, 0x7F, 0xFE, 0x00, 0x7F, 0xFE, 0x06, 0x70, 0x0E, 0x07, 0x70, 0x0E, 0x06, 0x70, 0x0E, 0x0E,
    0x7F, 0xFE, 0x0C, 0x7F, 0xFE, 0x1C, 0x70, 0x0E, 0x18, 0x70, 0x0E, 0x38, 0x70, 0x0E, 0x30, 0x70,
    0x7E, 0x30, 0x70, 0x7C, 0x00, 0x20, 0x00, 0x00, 0x00, 0x00, 0x38, 0x00, 0x00, 0x3E, 0xFF, 0xFE,
    0x1E, 0xFF, 0xFE, 0x06, 0xC0, 0x06, 0x00, 0xCC, 0x66, 0x00, 0xDC, 0xF6, 0x00, 0x1C, 0x78, 0x60,
    0x38, 0x3C, 0x78, 0xF0, 0x1C, 0x3C, 0xE3, 0x8E, 0x1C, 0x43, 0x84, 0x04, 0x03, 0x80, 0x00, 0xFF,
    0xFE, 0x04, 0xFF, 0xFE, 0x06, 0x0F, 0xC0, 0x0E, 0x0F, 0xE0, 0x0C, 0x1F, 0xF0, 0x1C, 0x3B, 0xB8,
    0x1C, 0x73, 0xBC, 0x38, 0xF3, 0x9E, 0x39, 0xE3, 0x8F, 0x71, 0x83, 0x86, 0x30, 0x03, 0x80, 0x00,
    0x03, 0x00, 0x00, 0x00, 0x00, 0x1C, 0x00, 0x00, 0x0F, 0xBF, 0xFF, 0x81, 0xDF, 0xFF, 0xC0, 0x60,
    0x70, 0x00, 0x00, 0x30, 0x00, 0x00, 0x38, 0x00, 0x03, 0xFF, 0xFE, 0x71, 0xFF, 0xFF, 0x3E, 0x0E,
    0x38, 0x07, 0x0E, 0x1E, 0x01, 0x8F, 0x07, 0x80, 0x0F, 0x61, 0xE0, 0x0F, 0x30, 0x78, 0x0F, 0x18,
    0x3C, 0x1A, 0x6D, 0xB8, 0x0E, 0x76, 0xCC, 0x06, 0x33, 0x77, 0x07, 0x39, 0x99, 0xC3, 0x98, 0xCC,
    0xE3, 0x9C, 0x66, 0x31, 0xCC, 0x33, 0x19, 0xC0, 0x18, 0x00, 0x60, 0x7C, 0x00, 0x00, 0x3E, 0x00,
    0x00, 0x00, 0x03, 0x00, 0x30, 0x03, 0x80, 0x3C, 0xFF, 0xFE, 0x1E, 0xFF, 0xFE, 0x0E, 0x03, 0x80,
    0x04, 0xFF, 0xFC, 0x00, 0xFF, 0xFE, 0x00, 0x03, 0x80, 0x60, 0x03, 0x80, 0x79, 0xFF, 0xFF, 0x3D,
    0xFF, 0xFF, 0x0C, 0x00, 0x00, 0x00, 0x7F, 0xFC, 0x00, 0x7F, 0xFC, 0x04, 0x60, 0x1C, 0x06, 0x7F,
    0xFC, 0x0E, 0x7F, 0xFC, 0x0E, 0x60, 0x1C, 0x1C, 0x60, 0x1C, 0x1C, 0x7F, 0xFC, 0x18, 0x7F, 0xFC,
    0x38, 0x60, 0x1C, 0x70, 0x60, 0x1C, 0x30, 0x60, 0xFC, 0x00, 0x60, 0x78, 0x00, 0x03, 0x00, 0x60,
    0x0E, 0x01, 0xE3, 0xFF, 0xE1, 0xF7, 0xFF, 0xC0, 0xEC, 0x71, 0x80, 0x98, 0xE3, 0x00, 0x3F, 0xFE,
    0x00, 0x7F, 0xFC, 0xE0, 0x07, 0x01, 0xE7, 0xFF, 0xFD, 0xFF, 0xFF, 0xF8, 0xC0, 0x00, 0x00, 0x0F,
    0xFF, 0x80, 0x1F, 0xFF, 0x00, 0x38, 0x06, 0x06, 0x71, 0x8C, 0x0E, 0xE3, 0x18, 0x39, 0xC6, 0x30,
    0x73, 0x9C, 0x61, 0xC7, 0x38, 0xC3, 0x80, 0xEC, 0x0E, 0x07, 0xBE, 0x1C, 0x7E, 0x1F, 0x30, 0xF8,
    0x0E, 0x00, 0x80, 0x04, 0x00, 0x00, 0x00, 0x1C, 0x00, 0x00, 0x0F, 0x3F, 0xFF, 0xC3, 0xFF, 0xFF,
    0xE0, 0x6E, 0x0C, 0x00, 0x07, 0x0E, 0x00, 0x03, 0xBF, 0xF8, 0x01, 0xFF, 0xFC, 0x70, 0xFC, 0x06,
    0x3C, 0x7E, 0x03, 0x0F, 0x3F, 0xFF, 0x81, 0x9F, 0xFF, 0xC0, 0x0F, 0xC0, 0x60, 0x06, 0xE0, 0x30,
    0x13, 0x7F, 0xF8, 0x1D, 0xBF, 0xFC, 0x0E, 0xC0, 0xC0, 0x06, 0xE6, 0x66, 0x07, 0x77, 0x33, 0x83,
    0xB3, 0x99, 0xC3, 0xBB, 0x8C, 0x71, 0xDD, 0xC6, 0x39, 0xDC, 0xC3, 0x0C, 0xEE, 0x0F, 0x80, 0x02,
    0x07, 0x80, 0x00, 0x00, 0x06, 0x00, 0x20, 0x06, 0x00, 0x70, 0x07, 0xFC, 0x3C, 0x07, 0xFC, 0x1C,
    0x06, 0x00, 0x0D, 0xFF, 0xFE, 0x01, 0xFF, 0xFE, 0x01, 0x8C, 0x0E, 0xC1, 0x8E, 0x0C, 0xF1, 0xBF,
    0xEC, 0x79, 0xFF, 0xE8, 0x39, 0x8E, 0x0C, 0x01, 0x8E, 0x0C, 0x01, 0x8F, 0xFC, 0x01, 0x87, 0xF8,
    0x1D, 0x81, 0x00, 0x1F, 0x83, 0x98, 0x1B, 0xBD, 0xD8, 0x3B, 0xFC, 0xDC, 0x33, 0x6C, 0xCC, 0x73,
    0x6C, 0x1E, 0x77, 0xEC, 0x1E, 0xE6, 0xCF, 0xF6, 0x6E, 0x4F, 0xF0, 0x04, 0x00, 0x00, 0x00, 0x30,
    0x00, 0x00, 0x70, 0x00, 0x00, 0xE0, 0x00, 0x01, 0xFF, 0xE0, 0x03, 0xFF, 0xC0, 0x07, 0x00, 0x00,
    0x0E, 0x00, 0x00, 0x1C, 0x00, 0x1F, 0xFF, 0xF0, 0x3F, 0xFF, 0xE0, 0x60, 0x00, 0xC0, 0xC0, 0x01,
    0x81, 0x80, 0x03, 0x03, 0x00, 0x06, 0x06, 0x00, 0x0C, 0x0F, 0xFF, 0xF8, 0x1F, 0xFF, 0xF0, 0x00,
    0x00, 0x00, 0x60, 0x00, 0xC1, 0xCE, 0x71, 0xC3, 0x9C, 0x73, 0x8E, 0x38, 0xE3, 0x9C, 0x30, 0xC3,
    0xF0, 0x61, 0x87, 0x40, 0x80, 0x00, 0x0C, 0x06, 0x00, 0x0E, 0x06, 0x00, 0x0E, 0x06, 0x00, 0x0E,
    0x06, 0x00, 0xFF, 0xFF, 0xF0, 0xFF, 0xFF, 0xF0, 0x0E, 0x06, 0x30, 0x0E, 0x06, 0x30, 0x0E, 0x8E,
    0x30, 0x0F, 0xFE, 0x30, 0x7F, 0xFE, 0x30, 0xFE, 0x3E, 0x30, 0xFE, 0x1F, 0x30, 0x0E, 0x1F, 0xF2,
    0x0E, 0x39, 0xF7, 0x0E, 0x78, 0xBE, 0x7C, 0xF0, 0x1E, 0x7C, 0x60, 0x1E, 0x10, 0x00, 0x10, 0x19,
    0xC6, 0x38, 0x39, 0xC6, 0x38, 0x71, 0xC7, 0x1C, 0x70, 0xC7, 0x0E, 0xE0, 0xC3, 0x0E, 0x40, 0x82,
    0x04, 0x00, 0x07, 0x00, 0x1C, 0x0E, 0x00, 0x38, 0x1C, 0x00, 0x70, 0x38, 0x00, 0xE0, 0x70, 0x01,
    0xC0, 0xE0, 0x03, 0x81, 0xC0, 0x07, 0xFF, 0xFF, 0x0F, 0xFF, 0xFE, 0x1C, 0x00, 0x00, 0x38, 0x00,
    0x00, 0x70, 0x00, 0x00, 0xE0, 0x00, 0x01, 0xFF, 0xFC, 0x03, 0xFF, 0xF8, 0x06, 0x00, 0x70, 0x0C,
    0x00, 0xE0, 0x38, 0x01, 0xC0, 0x70, 0x03, 0x80, 0xE0, 0x07, 0x03, 0x80, 0x0E, 0x0F, 0x00, 0x1C,
    0x1C, 0x00, 0x38, 0x38, 0x00, 0x70, 0x20, 0x00, 0xE0, 0x01, 0x80, 0x00, 0x1C, 0xC0, 0x7F, 0x0E,
    0x63, 0xFF, 0xC7, 0x31, 0xFE, 0x03, 0x98, 0xC0, 0x01, 0xCC, 0x60, 0x00, 0xE6, 0x30, 0x00, 0x73,
    0x18, 0x00, 0x3F, 0xEF, 0xFE, 0x1F, 0xF7, 0xFF, 0x0E, 0x03, 0xC1, 0x87, 0x01, 0xF1, 0xC3, 0x80,
    0xD8, 0xE1, 0xFE, 0x6C, 0x70, 0xFF, 0x37, 0x30, 0x73, 0x99, 0xB8, 0x31, 0xDC, 0xF8, 0x18, 0xEE,
    0x7C, 0x0C, 0x77, 0x1C, 0x06, 0x3B, 0x1F, 0x07, 0x1D, 0x9F, 0xC3, 0x8F, 0xDE, 0xF1, 0x87, 0xFE,
    0x3C, 0xC3, 0xEE, 0x0E, 0x00, 0x00, 0x00, 0x00, 0x06, 0x00, 0xC0, 0x06, 0x00, 0xC0, 0x36, 0x00,
    0xC0, 0x36, 0x1F, 0xFE, 0x36, 0x1F, 0xFE, 0x37, 0x00, 0xC0, 0x3F, 0xC0, 0xC0, 0x7F, 0xC0, 0xC0,
    0x76, 0x7F, 0xFF, 0x66, 0x7F, 0xFF, 0x66, 0x00, 0x18, 0x66, 0x00, 0x18, 0x06, 0xC0, 0x18, 0x07,
    0xFF, 0xFF, 0x7F, 0xFF, 0xFF, 0x7E, 0x00, 0x18, 0x76, 0x1C, 0x18, 0x06, 0x0E, 0x18, 0x06, 0x07,
    0x18, 0x06, 0x07, 0x18, 0x06, 0x03, 0x18, 0x06, 0x00, 0x18, 0x06, 0x01, 0xF8, 0x06, 0x01, 0xF8,
    0x03, 0x01, 0x80, 0x01, 0x81, 0xC8, 0x00, 0xC0, 0xEE, 0x00, 0x60, 0x73, 0x87, 0x30, 0x38, 0xE3,
    0x98, 0x1C, 0x70, 0xEC, 0x0E, 0x18, 0x3E, 0x07, 0x00, 0x1F, 0x7F, 0xFF, 0x05, 0xBF, 0xFF, 0x80,
    0xC0, 0xE0, 0x00, 0x60, 0x78, 0x00, 0x70, 0x3C, 0x00, 0x78, 0x1E, 0x00, 0x7C, 0x1F, 0x80, 0x7E,
    0x0F, 0xC0, 0x7B, 0x06, 0x60, 0x39, 0x87, 0x38, 0x18, 0xC7, 0x8E, 0x00, 0x63, 0x87, 0x00, 0x33,
    0x81, 0xC0, 0x1B, 0xC0, 0x70, 0x0F, 0xC0, 0x3C, 0x07, 0xC0, 0x06, 0x03, 0x00, 0x00, 0x00, 0x00,
    0x30, 0x00, 0x00, 0x70, 0x00, 0x00, 0xE0, 0x07, 0xFF, 0xFF, 0xFF, 0xFF, 0xFF, 0xE0, 0x0E, 0x40,
    0x1C, 0x39, 0xC6, 0x3C, 0x67, 0x9C, 0x1D, 0xFE, 0xF0, 0x1B, 0xF9, 0xC0, 0x00, 0xF8, 0x00, 0x73,
    0xB7, 0x03, 0xFE, 0xFF, 0x1F, 0xFF, 0xF7, 0xBC, 0xFF, 0xE7, 0x20, 0x1C, 0x86, 0x00, 0x38, 0x01,
    0xFF, 0xFF, 0xFF, 0xFF, 0xFF, 0xF8, 0x01, 0xC0, 0x00, 0x03, 0x80, 0x00, 0x07, 0x00, 0x00, 0x0E,
    0x00, 0x00, 0x1C, 0x00, 0x00, 0x38, 0x00, 0x1F, 0xFF, 0xFC, 0x3F, 0xFF, 0xFC, 0x70, 0x70, 0x38,
    0xE0, 0xE0, 0x71, 0xC1, 0xC0, 0xE3, 0x83, 0x81, 0xC7, 0xFF, 0xFF, 0x8F, 0xFF, 0xFF, 0x1C, 0x1C,
    0x0E, 0x38, 0x38, 0x1C, 0x70, 0x70, 0x38, 0xE0, 0xE0, 0x71, 0xC1, 0xC0, 0xE3, 0xFF, 0xFF, 0xC7,
    0xFF, 0xFF, 0x8E, 0x0E, 0x07, 0x18, 0x1C, 0x0E, 0x70, 0x38, 0x1C, 0xE0, 0x70, 0x3B, 0x80, 0xE0,
    0x77, 0x01, 0xCF, 0xCC, 0x03, 0x9F, 0x80, 0x00, 0x00, 0x00, 0x00, 0xC0, 0x00, 0x03, 0x80, 0x00,
    0x0E, 0x00, 0x00, 0x38, 0x00, 0xFF, 0xFF, 0xE3, 0xFF, 0xFF, 0x8C, 0x0E, 0x0E, 0x30, 0x38, 0x38,
    0xC0, 0xE0, 0xE3, 0x03, 0x83, 0x8F, 0xFF, 0xFE, 0x3F, 0xFF, 0xF8, 0xC0, 0xE0, 0xE3, 0x03, 0x83,
    0x8C, 0x0E, 0x0E, 0x3F, 0xFF, 0xF8, 0xFF, 0xFF, 0xE3, 0x03, 0x80, 0x4C, 0x0E, 0x01, 0x80, 0x38,
    0x06, 0x00, 0xE0, 0x38, 0x03, 0x80, 0xE0, 0x0F, 0xFF, 0x80, 0x1F, 0xFC, 0x1F, 0xFF, 0xF0, 0x1F,
    0xFF, 0xF0, 0x18, 0x38, 0x30, 0x18, 0x38, 0x30, 0x18, 0x38, 0x30, 0x1F, 0xFF, 0xF0, 0x1F, 0xFF,
    0xF0, 0x18, 0x38, 0x30, 0x18, 0x38, 0x30, 0x1F, 0xFF, 0xF0, 0x1F, 0xFF, 0xF0, 0x01, 0xC7, 0x00,
    0x03, 0x83, 0xC0, 0x0F, 0x01, 0xE0, 0x3F, 0x83, 0xF8, 0xFF, 0x83, 0xBE, 0xF3, 0x83, 0x9E, 0x03,
    0x83, 0x80, 0x03, 0x83, 0x80, 0x07, 0x03, 0x80, 0x0F, 0x03, 0x80, 0x3E, 0x03, 0x80, 0x3C, 0x03,
    0x80, 0x10, 0x01, 0x80, 0x00, 0x03, 0x00, 0x00, 0x07, 0x00, 0x7F, 0xC7, 0x00, 0x7F, 0xCF, 0xFC,
    0x6D, 0xCF, 0xFC, 0x6D, 0xDC, 0x18, 0x6D, 0xFE, 0x38, 0x6D, 0xF6, 0x70, 0x6D, 0xE7, 0x70, 0x7F,
    0xC3, 0xE0, 0x7F, 0xC3, 0xC0, 0x6D, 0xC7, 0xF0, 0x6D, 0xCF, 0x78, 0x6D, 0xFE, 0x3E, 0x6D, 0xF8,
    0x1F, 0x6D, 0xFF, 0xFE, 0x6D, 0xDF, 0xFC, 0x7F, 0xD8, 0x1C, 0x7F, 0xD8, 0x1C, 0x60, 0x18, 0x1C,
    0x60, 0x18, 0x1C, 0x60, 0x18, 0x1C, 0x00, 0x1F, 0xFC, 0x00, 0x1F, 0xFC, 0x00, 0x18, 0x0C, 0xFF,
    0xFF, 0xFF, 0xFF, 0xFF, 0xFC, 0x00, 0xE0, 0x00, 0x01, 0x80, 0x00, 0x07, 0x00, 0x00, 0x0E, 0x00,
    0x07, 0xFF, 0xFC, 0x0F, 0xFF, 0xF8, 0x1C, 0x00, 0x30, 0x38, 0x00, 0x60, 0x70, 0x00, 0xC0, 0xE0,
    0x01, 0x81, 0xFF, 0xFF, 0x03, 0xFF, 0xFE, 0x07, 0x00, 0x0C, 0x0E, 0x00, 0x18, 0x1C, 0x00, 0x30,
    0x38, 0x00, 0x60, 0x70, 0x00, 0xC0, 0xFF, 0xFF, 0x81, 0xFF, 0xFF, 0x03, 0x80, 0x06, 0x07, 0x00,
    0x0C, 0x00, 0x0C, 0x04, 0x00, 0x70, 0x38, 0x01, 0xC0, 0xE0, 0x07, 0x03, 0x00, 0x18, 0x1C, 0x03,
    0xFE, 0x7F, 0xFF, 0xF9, 0xFF, 0xF0, 0x6E, 0x07, 0xC1, 0xB8, 0x1B, 0x07, 0xC0, 0x6C, 0x1E, 0x01,
    0xB0, 0x63, 0x06, 0xFF, 0x8E, 0x1B, 0xFE, 0x1C, 0x6C, 0x18, 0x71, 0xB0, 0x60, 0xE6, 0xC1, 0x81,
    0x9B, 0x06, 0x04, 0xEC, 0x18, 0x03, 0xB0, 0x60, 0x0E, 0xFF, 0x80, 0x3B, 0xFE, 0x00, 0xCC, 0x00,
    0x7F, 0x30, 0x01, 0xF8, 0x00, 0x00, 0x00, 0x00, 0x38, 0x00, 0x00, 0x70, 0x00, 0x3F, 0xFF, 0xC0,
    0x7F, 0xFF, 0x80, 0xE6, 0x07, 0x01, 0xCE, 0x0E, 0x03, 0x8F, 0x1C, 0x07, 0x0E, 0x38, 0xFF, 0xFF,
    0xFF, 0xFF, 0xFF, 0xFC, 0x71, 0x81, 0xC0, 0xE3, 0xC3, 0x83, 0x83, 0xC7, 0x0F, 0x01, 0xFE, 0x1C,
    0x00, 0xF8, 0x1F, 0xFF, 0xF8, 0x1F, 0xFF, 0xF0, 0x31, 0x8C, 0x60, 0x63, 0x18, 0xC0, 0xC6, 0x31,
    0x81, 0x8C, 0x63, 0x03, 0x18, 0xC6, 0x3F, 0xFF, 0xFF, 0xFF, 0xFF, 0xFF, 0x7F, 0xFF, 0xDF, 0xFF,
    0xF6, 0x00, 0x0D, 0x80, 0x03, 0x60, 0x00, 0xD8, 0x00, 0x37, 0xFF, 0xFD, 0xFF, 0xFF, 0x60, 0x00,
    0xD8, 0x00, 0x36, 0x00, 0x0D, 0x80, 0x03, 0x7F, 0xFF, 0xDF, 0xFF, 0xF6, 0x00, 0x0D, 0x80, 0x03,
    0x60, 0x00, 0xD8, 0x00, 0x36, 0x00, 0x0D, 0xFF, 0xFF, 0x7F, 0xFF, 0xD8, 0x00, 0x36, 0x00, 0x0C,
    0xFF, 0x7F, 0xFC, 0xFF, 0x7F, 0xFC, 0xE3, 0x70, 0x0C, 0xE3, 0x70, 0x0C, 0xE3, 0x70, 0x0C, 0xFF,
    0x7F, 0xFC, 0xFF, 0x7F, 0xFC, 0xE3, 0x71, 0xC0, 0xE3, 0x71, 0xC0, 0xE3, 0x71, 0xC0, 0xE3, 0x71,
    0xC0, 0xFF, 0x7F, 0xFE, 0xFF, 0x7F, 0xFE, 0xE3, 0x71, 0xC0, 0xE3, 0x70, 0xC0, 0xE3, 0x70, 0xC0,
    0xFF, 0x70, 0xE0, 0xFF, 0x70, 0xE6, 0xE0, 0x71, 0x66, 0xE0, 0x7F, 0x76, 0x60, 0xFF, 0x3E, 0x00,
    0xF8, 0x1E, 0x00, 0x40, 0x00, 0x00, 0x01, 0xF8, 0xFC, 0xFF, 0xF3, 0xF9, 0xFF, 0x87, 0x30, 0x1C,
    0x0E, 0x60, 0x38, 0x1C, 0xC0, 0x70, 0x3F, 0xBF, 0xFF, 0xFF, 0x7F, 0xFF, 0xE6, 0x33, 0xB9, 0xCC,
    0x67, 0x73, 0x98, 0xCE, 0xE7, 0x3F, 0xFF, 0xFF, 0xEF, 0xFF, 0xFF, 0xC6, 0x77, 0x39, 0x8C, 0xEE,
    0x73, 0x19, 0xDC, 0xE6, 0xFF, 0xFF, 0xFD, 0xFF, 0xFF, 0xF8, 0x0E, 0x07, 0x00, 0x1C, 0x0E, 0x00,
    0x38, 0x0C, 0x0F, 0xFF, 0x80, 0x1F, 0xFF, 0x00, 0x18, 0x00, 0x00, 0x18, 0x00, 0x00, 0x18, 0x1F,
    0xFF, 0x38, 0x1F, 0xFF, 0x3F, 0xE0, 0x00, 0x3F, 0xE0, 0x00, 0x37, 0x0F, 0xFE, 0x77, 0x0F, 0xFE,
    0x67, 0x0C, 0x06, 0x67, 0x0C, 0x06, 0x06, 0x0C, 0x06, 0x7F, 0xEC, 0x06, 0x7F, 0xEC, 0x06, 0x06,
    0x0F, 0xFE, 0x06, 0x0F, 0xFE, 0x0F, 0x00, 0x0C, 0x0F, 0x8E, 0x1C, 0x0F, 0x86, 0x1C, 0x1D, 0xC7,
    0x1C, 0x1C, 0xE7, 0x38, 0x38, 0xC3, 0x38, 0x78, 0x03, 0x30, 0x70, 0x3F, 0xFF, 0x60, 0x3F, 0xFF,
    0x00, 0x00, 0x00, 0x00, 0x00, 0x00, 0x7F, 0xDF, 0xFC, 0x7F, 0xDF, 0xFC, 0x0C, 0x00, 0x1C, 0x1C,
    0x0C, 0x18, 0x1C, 0x0C, 0x18, 0x18, 0x0C, 0x18, 0x18, 0x0C, 0x18, 0x3F, 0x8C, 0x38, 0x3F, 0x9C,
    0x38, 0x79, 0x9C, 0x38, 0x79, 0x9F, 0xFF, 0xF9, 0x9F, 0xFF, 0x79, 0x80, 0x07, 0x79, 0x80, 0x07,
    0x19, 0x80, 0x06, 0x19, 0xBF, 0xF6, 0x19, 0xBF, 0xF6, 0x1F, 0x80, 0x0E, 0x1F, 0x80, 0x0E, 0x18,
    0x00, 0x0E, 0x18, 0x00, 0xFC, 0x00, 0x00, 0xFC, 0x00, 0x00, 0x00, 0x00, 0x06, 0x00, 0x00, 0x07,
    0x00, 0x7F, 0xC6, 0x00, 0x7F, 0xCF, 0xF8, 0x0C, 0x0F, 0xF8, 0x0C, 0x1C, 0x70, 0x1C, 0x38, 0x70,
    0x1C, 0x7F, 0xFE, 0x18, 0x7F, 0xFF, 0x18, 0x78, 0xC7, 0x3F, 0x98, 0xC7, 0x3F, 0x98, 0xC7, 0x79,
    0x9F, 0xFF, 0x79, 0x9F, 0xFF, 0x79, 0x98, 0xC7, 0x59, 0x98, 0xC7, 0x19, 0x9F, 0xFF, 0x19, 0xBF,
    0xFF, 0x19, 0xB8, 0xC7, 0x1F, 0xB8, 0xC7, 0x1F, 0xB0, 0xC7, 0x18, 0x70, 0xC7, 0x18, 0xE0, 0xFE,
    0x10, 0xE0, 0xDE, 0x00, 0x00, 0x00, 0x1F, 0xFF, 0xFC, 0x1F, 0xFF, 0xFC, 0x00, 0x00, 0x00, 0x00,
    0x00, 0x00, 0x00, 0x00, 0x00, 0x00, 0x00, 0x00, 0x00, 0x00, 0x00, 0x7F, 0xFF, 0xFF, 0x7F, 0xFF,
    0xFF, 0x00, 0x1C, 0x00, 0x00, 0x1C, 0x00, 0x07, 0x1C, 0x20, 0x07, 0x1C, 0x70, 0x0E, 0x1C, 0x38,
    0x0E, 0x1C, 0x38, 0x1C, 0x1C, 0x1C, 0x3C, 0x1C, 0x0E, 0x38, 0x1C, 0x0E, 0x70, 0x1C, 0x07, 0x20,
    0x1C, 0x06, 0x01, 0xFC, 0x00, 0x01, 0xF8, 0x00, 0x00, 0x06, 0x00, 0x03, 0xC6, 0x00, 0x3F, 0xCE,
    0x00, 0x7F, 0x0E, 0x00, 0x26, 0x0F, 0xFF, 0x06, 0x0F, 0xFF, 0x06, 0x1C, 0xE6, 0x06, 0x1C, 0xEE,
    0x7F, 0xF8, 0xEE, 0x7F, 0xF8, 0xE0, 0x0E, 0x34, 0xEC, 0x0F, 0x0E, 0xFC, 0x1F, 0x8C, 0xEC, 0x1F,
    0xCC, 0xEE, 0x1E, 0xDC, 0xEE, 0x36, 0xDC, 0xE6, 0x76, 0x18, 0xE7, 0x66, 0x38, 0xE7, 0x66, 0x38,
    0xE7, 0x46, 0x30, 0xE3, 0x06, 0x00, 0xE0, 0x06, 0x00, 0xE0, 0x06, 0x07, 0xC0, 0x06, 0x07, 0xC0,
    0x06, 0x00, 0x00, 0x00, 0x00, 0xC0, 0x07, 0x81, 0xC0, 0x7F, 0xC3, 0x80, 0x7E, 0x07, 0xFE, 0x26,
    0x0F, 0xFC, 0x06, 0x3C, 0x1C, 0x06, 0x7E, 0x38, 0x06, 0x37, 0xF0, 0x7F, 0xC3, 0xE0, 0x7F, 0xC7,
    0xC0, 0x0E, 0x3F, 0xF0, 0x0F, 0x7E, 0xE0, 0x1F, 0xB1, 0xFF, 0x1F, 0xC3, 0xFF, 0x3E, 0xC7, 0x87,
    0x36, 0x9E, 0x0E, 0x76, 0x3F, 0x0E, 0x66, 0x3B, 0xDC, 0x66, 0x01, 0xF8, 0x46, 0x00, 0xF0, 0x06,
    0x01, 0xE0, 0x06, 0x07, 0xC0, 0x06, 0x7F, 0x00, 0x06, 0x7C, 0x00, 0x06, 0x20, 0x00, 0x00, 0x00,
    0x00, 0x03, 0xEF, 0xFF, 0x1F, 0xF7, 0xFF, 0x8F, 0xF3, 0x81, 0xC0, 0x71, 0xC0, 0xE0, 0x38, 0xE0,
    0x70, 0x1C, 0x70, 0x38, 0x0E, 0x38, 0x1C, 0x7F, 0xFF, 0xFE, 0x3F, 0xFF, 0xFF, 0x03, 0xC0, 0x00,
    0x01, 0xE0, 0x00, 0x01, 0xFB, 0xFF, 0xF0, 0xFF, 0xFF, 0xF8, 0x7F, 0x83, 0x00, 0x6F, 0xC1, 0x80,
    0x77, 0x40, 0xC0, 0x33, 0x8F, 0xFF, 0x19, 0xC7, 0xFF, 0x88, 0xE0, 0x18, 0x00, 0x70, 0x0C, 0x00,
    0x38, 0x06, 0x00, 0x1D, 0xFF, 0xFC, 0x0E, 0xFF, 0xFE, 0x06, 0x00, 0x00, 0x00, 0x00, 0x30, 0x00,
    0x00, 0xE0, 0x00, 0x00, 0xE0, 0x00, 0x01, 0xC0, 0x07, 0xFF, 0xFF, 0xEF, 0xFF, 0xFF, 0xD8, 0x00,
    0x03, 0xB0, 0x41, 0x07, 0x63, 0xC7, 0x8E, 0xCF, 0x07, 0xC0, 0x7C, 0x03, 0xE3, 0xE0, 0x01, 0xE7,
    0x00, 0x01, 0xC3, 0xFF, 0xFE, 0x07, 0xFF, 0xFC, 0x00, 0x1C, 0x00, 0x00, 0x38, 0x00, 0x00, 0x70,
    0x00, 0x00, 0xE0, 0x00, 0x01, 0xC0, 0x00, 0x03, 0x80, 0x00, 0x07, 0x00, 0x1F, 0xFF, 0xFF, 0xBF,
    0xFF, 0xFE, 0x03, 0x80, 0x00, 0x67, 0x7F, 0xF1, 0xCE, 0xFF, 0xE3, 0x9C, 0xC1, 0xC7, 0x39, 0xC3,
    0x0E, 0x71, 0x8E, 0x1C, 0xE3, 0xB8, 0x39, 0xC3, 0xE0, 0x73, 0x83, 0xC0, 0xE7, 0x1F, 0xC1, 0xCE,
    0xFF, 0xE3, 0x9F, 0xE3, 0xF2, 0x3F, 0x01, 0xE0, 0x07, 0x00, 0x80, 0x0E, 0x00, 0x3F, 0xFF, 0xFE,
    0x7F, 0xFF, 0xFC, 0x0E, 0x01, 0x80, 0x1C, 0x07, 0x00, 0x1C, 0x0C, 0x00, 0x38, 0x38, 0x1F, 0xFF,
    0xFF, 0xFF, 0xFF, 0xFF, 0x80, 0x00, 0x30, 0x00, 0x00, 0x70, 0x00, 0xFF, 0xFF, 0xE3, 0xFF, 0xFF,
    0xE0, 0x70, 0x1C, 0x00, 0x60, 0x30, 0x00, 0xE0, 0xE0, 0x7F, 0xFF, 0xFF, 0xFF, 0xFF, 0xFE, 0x00,
    0x00, 0x00, 0x7F, 0xFF, 0xC0, 0xFF, 0xFF, 0x81, 0x80, 0x03, 0x03, 0xFF, 0xFE, 0x07, 0xFF, 0xFC,
    0x0C, 0x00, 0x18, 0x1F, 0xFF, 0xF0, 0x3F, 0xFF, 0xE0, 0x00, 0xE0, 0x07, 0xFF, 0xFF, 0xFF, 0xFF,
    0xFF, 0xE0, 0x07, 0x00, 0x00, 0x0E, 0x00, 0x00, 0x1C, 0x00, 0x00, 0x38, 0x00, 0x00, 0x03, 0x80,
    0x30, 0x07, 0x00, 0x71, 0xCE, 0x30, 0xE3, 0x9C, 0x60, 0xC7, 0x38, 0xDF, 0xFE, 0x71, 0xBF, 0xFF,
    0xFF, 0x00, 0x3F, 0xFE, 0x63, 0x00, 0x00, 0xC6, 0x00, 0x01, 0x8F, 0xFF, 0xFB, 0x3F, 0xFF, 0xF7,
    0x70, 0x38, 0x0E, 0xC0, 0x60, 0x1D, 0x9F, 0xFF, 0x9B, 0x3F, 0xFF, 0x36, 0x66, 0xEE, 0x6C, 0xCD,
    0xDC, 0x3F, 0x9B, 0xBF, 0xFF, 0x37, 0x7F, 0xE6, 0x6E, 0xFC, 0x0C, 0xDD, 0xC0, 0x19, 0xBB, 0x80,
    0x33, 0x7F, 0x00, 0x64, 0x5C, 0x0C, 0x03, 0x00, 0x0E, 0x03, 0x00, 0x1C, 0x07, 0x00, 0x1F, 0xF7,
    0xFF, 0x3F, 0xFF, 0xFF, 0x3B, 0x9E, 0xE0, 0x71, 0x9C, 0x70, 0x71, 0xF8, 0x30, 0x23, 0x88, 0x30,
    0x07, 0x00, 0x38, 0x07, 0x00, 0x38, 0x0E, 0xFF, 0xFF, 0x1E, 0xFF, 0xFF, 0x1E, 0x00, 0x38, 0x3E,
    0x30, 0x38, 0x7E, 0x38, 0x38, 0x6E, 0x38, 0x38, 0x0E, 0x1C, 0x38, 0x0E, 0x0E, 0x38, 0x0E, 0x0E,
    0x38, 0x0E, 0x00, 0x38, 0x0E, 0x00, 0x38, 0x0E, 0x03, 0xF0, 0x0E, 0x03, 0xF0, 0x00, 0x00, 0x00,
    0x0C, 0x02, 0x00, 0x38, 0x0E, 0x00, 0x70, 0x1C, 0x01, 0xFF, 0xFF, 0xF3, 0xFF, 0xFF, 0xEE, 0x73,
    0x9C, 0x38, 0xEF, 0x1C, 0x70, 0x8C, 0x10, 0x3F, 0xFF, 0xF8, 0x7F, 0xFF, 0xF0, 0x00, 0xE0, 0xE0,
    0x01, 0xC1, 0xC1, 0xFF, 0xFF, 0x83, 0xFF, 0xFF, 0x0E, 0x0E, 0x00, 0x1C, 0x1C, 0x00, 0x3F, 0xFF,
    0xFC, 0x7F, 0xFF, 0xF8, 0x07, 0xE0, 0x70, 0x1F, 0xC0, 0xE0, 0x7B, 0x81, 0x83, 0xC7, 0x3F, 0x1F,
    0x0E, 0x7E, 0x38, 0x1C, 0x00, 0x00, 0x30, 0x00, 0x0C, 0x03, 0x00, 0x0C, 0x07, 0x00, 0x1F, 0xF7,
    0xFF, 0x3F, 0xFF, 0xFF, 0x3B, 0x1E, 0xE0, 0x73, 0x9C, 0x70, 0x6F, 0xFF, 0xF8, 0x0F, 0xFF, 0xF8,
    0x0E, 0x00, 0x18, 0x0F, 0xFF, 0xF8, 0x0F, 0xFF, 0xF8, 0x0E, 0x00, 0x18, 0x0F, 0xFF, 0xF8, 0x0F,
    0xFF, 0xF8, 0x0E, 0x00, 0x18, 0x0F, 0xFF, 0xF8, 0x0F, 0xFF, 0xF8, 0x01, 0xC0, 0xC0, 0x7F, 0xFF,
    0xFF, 0x7F, 0xFF, 0xFF, 0x03, 0x80, 0xC0, 0x07, 0x80, 0xC0, 0x3F, 0x00, 0xC0, 0x3C, 0x00, 0xC0,
    0x10, 0x00, 0xC0, 0x04, 0x01, 0x00, 0x0E, 0x03, 0x80, 0x0E, 0x03, 0x80, 0x1F, 0xFF, 0xFF, 0x1F,
    0xFF, 0xFF, 0x39, 0xCE, 0x70, 0x77, 0xCF, 0x38, 0x27, 0x03, 0x18, 0x7F, 0xFF, 0xFF, 0x3F, 0xFF,
    0xFE, 0x07, 0x03, 0x18, 0x3F, 0xC3, 0x18, 0x3F, 0xDF, 0xFF, 0x07, 0x1F, 0xFF, 0x7F, 0xE0, 0x00,
    0x7F, 0xE7, 0xFC, 0x0F, 0x8F, 0xFE, 0x0F, 0xCE, 0x0E, 0x1F, 0xEE, 0x0E, 0x3F, 0xEF, 0xFE, 0x77,
    0x6F, 0xFE, 0x77, 0x0E, 0x0E, 0x67, 0x0F, 0xFE, 0x07, 0x0F, 0xFE, 0x00, 0x0E, 0x0E, 0x0C, 0x00,
    0x00, 0x18, 0x3F, 0xF3, 0xB3, 0x7F, 0xE3, 0x66, 0xC0, 0xC6, 0xDD, 0x81, 0x8D, 0xBB, 0x03, 0x1F,
    0x66, 0x06, 0x3F, 0xCC, 0x0C, 0x0D, 0x1F, 0xF9, 0xFF, 0xBF, 0xF3, 0xFF, 0x60, 0x60, 0xF0, 0xC0,
    0xC1, 0xE1, 0x81, 0x83, 0xE3, 0x03, 0x0F, 0xE6, 0x06, 0x1E, 0xEF, 0xFC, 0x7D, 0xDF, 0xF8, 0xD9,
    0x30, 0x33, 0xB0, 0x60, 0x66, 0x60, 0xC0, 0xCC, 0xC1, 0x81, 0x81, 0x83, 0x03, 0x03, 0x3F, 0xFF,
    0x86, 0x7F, 0xFF, 0x0C, 0x00, 0x00, 0x00, 0x00, 0x00, 0x00, 0x0F, 0xE0, 0x7F, 0xFF, 0xC3, 0xFF,
    0xFC, 0x03, 0xFF, 0x00, 0x00, 0x3C, 0x10, 0x00, 0xF0, 0xF0, 0x03, 0x83, 0xC0, 0x1F, 0xFF, 0x00,
    0x3F, 0xF8, 0x00, 0x7F, 0xE3, 0x00, 0x0F, 0x07, 0x00, 0x78, 0x07, 0x03, 0xFF, 0xFF, 0x1F, 0xFF,
    0xFF, 0x1F, 0xFC, 0x0E, 0x02, 0x38, 0x8C, 0x0E, 0x73, 0x80, 0x38, 0xE3, 0x80, 0xE1, 0xC3, 0xC7,
    0xC3, 0x83, 0xCE, 0x07, 0x03, 0xC8, 0x7E, 0x03, 0x00, 0xF8, 0x00, 0x00, 0x38, 0x00, 0x00, 0x70,
    0x00, 0x00, 0xE0, 0x03, 0xFF, 0xFF, 0xE7, 0xFF, 0xFF, 0xC0, 0x07, 0x00, 0x00, 0x0E, 0x00, 0x7F,
    0xFF, 0xFF, 0xFF, 0xFF, 0xFF, 0xC1, 0xE0, 0x1F, 0x8F, 0x0E, 0x3F, 0x7C, 0x7C, 0x71, 0xFF, 0xE0,
    0x03, 0xFF, 0x38, 0x00, 0xF8, 0x38, 0x07, 0xC1, 0xF8, 0x7F, 0xFF, 0xF8, 0xFF, 0xFF, 0x38, 0x88,
    0x62, 0x30, 0x38, 0xCF, 0x01, 0xE1, 0x8F, 0x0F, 0x83, 0x0F, 0xBE, 0x7E, 0x07, 0xB0, 0xFC, 0x06,
    0x02, 0x00, 0x00, 0x06, 0x7F, 0xF1, 0xCC, 0xFF, 0xE3, 0x98, 0xE1, 0xC7, 0x30, 0xC7, 0x0E, 0x61,
    0xDE, 0x1C, 0xC1, 0xF8, 0x39, 0x83, 0xE0, 0x73, 0x1F, 0xF0, 0xE6, 0xFD, 0xFC, 0x0F, 0xE0, 0xF0,
    0x0F, 0x18, 0x60, 0x78, 0x70, 0x03, 0xFF, 0xE0, 0x07, 0xFF, 0x30, 0x07, 0xF8, 0x70, 0x0F, 0xFF,
    0xF8, 0xFF, 0xFF, 0xF8, 0xFF, 0xF0, 0x71, 0x98, 0xCC, 0x40, 0xF1, 0x9E, 0x03, 0xC3, 0x1E, 0x1F,
    0x06, 0x1F, 0x38, 0xFC, 0x0E, 0x20, 0xF0, 0x08, 0x04, 0x07, 0x00, 0x0E, 0x07, 0x60, 0x0E, 0x07,
    0x78, 0x1C, 0x07, 0x38, 0x1C, 0x07, 0x08, 0x38, 0x07, 0xFC, 0x39, 0xBF, 0xFC, 0x73, 0xBF, 0xC0,
    0x67, 0x33, 0x00, 0xFF, 0x03, 0x00, 0xFE, 0x03, 0xFE, 0x0E, 0x1F, 0xFE, 0x1C, 0x7F, 0xE0, 0x38,
    0x7F, 0x8E, 0x7F, 0x83, 0x8E, 0xFF, 0x83, 0x9C, 0xFC, 0x01, 0xB8, 0x40, 0x01, 0xF0, 0x01, 0x81,
    0xE0, 0x1F, 0x87, 0xC6, 0xFF, 0x8F, 0xE6, 0xF8, 0x7E, 0xF6, 0xC0, 0xF8, 0x7E, 0x00, 0x60, 0x3C,
    0x02, 0x00, 0x00, 0x07, 0x00, 0x00, 0x07, 0x3F, 0xFF, 0x0E, 0x3F, 0xFF, 0x0E, 0x38, 0xC7, 0x1C,
    0x38, 0xC7, 0x1C, 0xF8, 0xC7, 0x38, 0xF8, 0xC7, 0x73, 0xF8, 0xC7, 0x7F, 0xB8, 0xC7, 0x7F, 0xB8,
    0xC7, 0x07, 0x3F, 0xFF, 0x0E, 0x3F, 0xFF, 0x1C, 0x38, 0xC7, 0x3F, 0xF8, 0xC7, 0x7F, 0xF8, 0xC7,
    0x7E, 0x38, 0xC7, 0x00, 0x38, 0xC7, 0x00, 0x38, 0xC7, 0x03, 0xF8, 0xC7, 0x7F, 0xFF, 0xFF, 0x7F,
    0x3F, 0xFF, 0x60, 0x38, 0x07, 0x00, 0x38, 0x07, 0x04, 0x03, 0x00, 0x03, 0x81, 0xC0, 0x01, 0x81,
    0xC0, 0x01, 0xC0, 0xFF, 0x80, 0xC0, 0xFF, 0xE0, 0xE0, 0xF0, 0xE0, 0x62, 0xFC, 0x70, 0x73, 0xFE,
    0x70, 0x73, 0xF3, 0xF0, 0x3F, 0xC0, 0xF0, 0x1F, 0xC0, 0x78, 0x09, 0xC0, 0xFF, 0x00, 0xE1, 0xF3,
    0xE0, 0xE3, 0xF0, 0xF8, 0xEF, 0xE6, 0x1C, 0xFF, 0xC7, 0xC2, 0x7F, 0x81, 0xF0, 0x30, 0x00, 0x3C,
    0x00, 0x00, 0x04, 0x00, 0x39, 0xC0, 0x03, 0xFD, 0xFC, 0x03, 0xFC, 0x1F, 0x81, 0xE0, 0x03, 0xF0,
    0x00, 0x00, 0x38, 0x00, 0x00, 0x04, 0x00, 0x00, 0x00, 0xC0, 0x07, 0x00, 0xC0, 0x0E, 0x00, 0xC0,
    0x0E, 0x00, 0xC0, 0x0C, 0x3F, 0xFF, 0x1C, 0x3F, 0xFF, 0x18, 0xC0, 0xC0, 0x39, 0xC0, 0xC0, 0x73,
    0xC0, 0xC0, 0x7F, 0x80, 0xC0, 0x7F, 0x3F, 0xFF, 0x47, 0x3F, 0xFE, 0x0E, 0x00, 0x00, 0x1C, 0x00,
    0x00, 0x39, 0xDF, 0xFE, 0x7F, 0xDF, 0xFE, 0x7F, 0x9C, 0x0E, 0x70, 0x1C, 0x0E, 0x00, 0x1C, 0x0E,
    0x07, 0xDC, 0x0E, 0x7F, 0xDC, 0x0E, 0x7F, 0x1F, 0xFE, 0x70, 0x1F, 0xFE, 0x00, 0x1C, 0x0E, 0x00,
    0x18, 0x04, 0x00, 0x03, 0x00, 0x03, 0x83, 0x80, 0x01, 0x81, 0xC0, 0x01, 0xC1, 0xFF, 0xC0, 0xE0,
    0xFF, 0xE0, 0xE0, 0xE0, 0x60, 0x62, 0xF8, 0x70, 0x73, 0xFE, 0x70, 0x33, 0xF3, 0xF0, 0x3F, 0xD1,
    0xF8, 0x1F, 0xC0, 0x78, 0x0C, 0xE0, 0xFF, 0x00, 0xE1, 0xF3, 0xE0, 0xE3, 0xF0, 0xF8, 0xFF, 0xE0,
    0x1C, 0xFF, 0xBF, 0xFC, 0x7F, 0x1F, 0xFE, 0x38, 0x0E, 0x07, 0x00, 0x07, 0x03, 0x80, 0x7B, 0x81,
    0xC3, 0xFD, 0xC0, 0xE3, 0xF8, 0xFF, 0xF1, 0xE0, 0x7F, 0xF8, 0x00, 0x38, 0x1C, 0x00, 0x08, 0x04,
    0x00, 0x06, 0x01, 0x80, 0x07, 0x01, 0x80, 0x07, 0x01, 0xC0, 0x0E, 0x00, 0xC0, 0x0E, 0x3F, 0xFF,
    0x1C, 0x3F, 0xFF, 0x1D, 0xC3, 0x80, 0x39, 0xC7, 0x18, 0x73, 0x8F, 0x38, 0x7F, 0x8E, 0x1C, 0x7F,
    0x1D, 0xFE, 0x4E, 0x7F, 0xFE, 0x0E, 0x3F, 0xF7, 0x1C, 0x2E, 0x73, 0x3F, 0xCE, 0x70, 0x7F, 0xCE,
    0x70, 0x7E, 0x0E, 0x70, 0x60, 0x0E, 0x70, 0x00, 0x8C, 0x70, 0x07, 0xDC, 0x73, 0x3F, 0xDC, 0x73,
    0x7E, 0x38, 0x73, 0x70, 0xF0, 0x7F, 0x00, 0xE0, 0x7F, 0x00, 0x40, 0x00, 0x04, 0x00, 0x60, 0x06,
    0x30, 0x60, 0x0E, 0x36, 0x66, 0x0E, 0x36, 0x66, 0x0C, 0x37, 0x66, 0x1C, 0x33, 0x6E, 0x19, 0xB3,
    0x6C, 0x39, 0xF3, 0x6C, 0x33, 0xB0, 0x60, 0x7F, 0xBF, 0xFF, 0x7F, 0x3F, 0xFF, 0x66, 0x30, 0xF0,
    0x0E, 0x31, 0xF8, 0x1C, 0x31, 0xFC, 0x3B, 0xF3, 0xEE, 0x7F, 0xF3, 0x66, 0x7F, 0x3F, 0x67, 0x60,
    0x36, 0x62, 0x00, 0x30, 0x60, 0x03, 0xF0, 0x60, 0x7F, 0xF0, 0x60, 0x7F, 0x3F, 0xFF, 0x70, 0x3F,
    0xFF, 0x04, 0x01, 0x80, 0x06, 0x03, 0x80, 0x06, 0x03, 0x86, 0x0E, 0x03, 0x86, 0x0C, 0x3F, 0xFE,
    0x1C, 0x3F, 0xFC, 0x18, 0xC3, 0x9C, 0x39, 0xC3, 0xB8, 0x31, 0x83, 0xF0, 0x7F, 0xFF, 0xFF, 0x7F,
    0x7F, 0xFF, 0x46, 0x03, 0xC0, 0x0E, 0x07, 0x00, 0x1C, 0x1F, 0xFE, 0x3F, 0xFF, 0xFE, 0x7F, 0xFE,
    0x0E, 0x7F, 0x2E, 0x0E, 0x70, 0x0F, 0xFE, 0x00, 0x0F, 0xFE, 0x03, 0xCE, 0x0E, 0x7F, 0xCE, 0x0E,
    0x7E, 0x0F, 0xFE, 0x60, 0x0F, 0xFE, 0x00, 0x0E, 0x0E, 0x00, 0x04, 0x00, 0x00, 0x01, 0xC0, 0x07,
    0x01, 0xC0, 0x06, 0x01, 0xC0, 0x0E, 0x1F, 0xFC, 0x0C, 0x1F, 0xFC, 0x1C, 0x01, 0xC0, 0x19, 0x81,
    0xC0, 0x39, 0xBF, 0xFF, 0x33, 0xBF, 0xFE, 0x7F, 0x00, 0xC6, 0x7F, 0x0E, 0xCE, 0x6E, 0x0F, 0xCC,
    0x0C, 0x33, 0xC0, 0x1C, 0x3C, 0xC0, 0x3F, 0x9C, 0xC0, 0x7F, 0x84, 0xC0, 0x7E, 0x7F, 0xFF, 0x60,
    0x7F, 0xFF, 0x01, 0x83, 0xA0, 0x0F, 0x83, 0xF0, 0x7F, 0x07, 0x38, 0x7C, 0x1E, 0x1E, 0x60, 0x7C,
    0x0F, 0x00, 0x78, 0x07, 0x00, 0x20, 0x02, 0x04, 0x00, 0x00, 0x06, 0x07, 0xE0, 0x06, 0x06, 0x60,
    0x0E, 0x0E, 0x70, 0x0C, 0x0E, 0x30, 0x1C, 0x1F, 0xFF, 0x18, 0xDF, 0xFF, 0x39, 0xFC, 0x70, 0x33,
    0xBC, 0x70, 0x7F, 0xFC, 0x70, 0x7F, 0x7F, 0xFE, 0x4E, 0x1F, 0xFE, 0x0E, 0x1C, 0x70, 0x1C, 0x1C,
    0x70, 0x3F, 0xDC, 0x70, 0x7F, 0x9F, 0xFE, 0x7E, 0x1F, 0xFE, 0x60, 0x1C, 0x70, 0x00, 0x1C, 0x70,
    0x03, 0xDC, 0x70, 0x1F, 0xDC, 0x70, 0x7F, 0x9F, 0xFF, 0x78, 0x1F, 0xFF, 0x00, 0x1C, 0x00, 0x00,
    0x1C, 0x00, 0x04, 0x00, 0x04, 0x03, 0x8F, 0xFF, 0x03, 0x9F, 0xFF, 0x81, 0xC7, 0xF1, 0xC0, 0xC3,
    0x98, 0xE0, 0xE0, 0xCC, 0xE0, 0x67, 0x67, 0x60, 0x73, 0xFF, 0xFE, 0x77, 0xFF, 0xFF, 0x3F, 0xC7,
    0x00, 0x1F, 0xC3, 0x80, 0x0D, 0xDF, 0xFF, 0xE0, 0xEF, 0xFF, 0xF0, 0xE0, 0x60, 0x00, 0xFF, 0x3F,
    0xF0, 0xFF, 0x3F, 0xF8, 0x7E, 0x1E, 0x1C, 0x20, 0x0F, 0x0C, 0x00, 0x6F, 0xCE, 0x01, 0xFE, 0x7E,
    0x07, 0xFF, 0x1E, 0x03, 0xE7, 0x1F, 0xC1, 0x87, 0xFF, 0xFC, 0x03, 0xBC, 0x3E, 0x00, 0x98, 0x03,
    0x00, 0x04, 0x01, 0x80, 0x06, 0x01, 0xC0, 0x0E, 0x01, 0xC0, 0x0E, 0x3F, 0xFE, 0x0C, 0x3F, 0xFE,
    0x1C, 0x30, 0x06, 0x19, 0xB0, 0x06, 0x3B, 0xB0, 0x06, 0x33, 0xBF, 0xFE, 0x7F, 0x3F, 0xFE, 0x7E,
    0x30, 0x00, 0x0E, 0x3F, 0xFF, 0x1C, 0x3F, 0xFF, 0x1C, 0x3D, 0xB7, 0x3F, 0xBD, 0xB7, 0x7F, 0xBD,
    0xB7, 0x7C, 0x7D, 0xB7, 0x60, 0x7F, 0xFF, 0x03, 0xFF, 0xFF, 0x0F, 0xED, 0xB7, 0x7F, 0xED, 0xB7,
    0x78, 0xED, 0xB7, 0x60, 0xCD, 0xB7, 0x00, 0xCD, 0xBE, 0x00, 0x0C, 0x06, 0xFF, 0xFF, 0xFF, 0xFF,
    0xFF, 0xF0, 0x00, 0x07, 0x81, 0x02, 0x3C, 0x0C, 0x19, 0xEC, 0xE9, 0xCF, 0x67, 0xEE, 0x7B, 0xB7,
    0x73, 0xCF, 0x9F, 0x1E, 0x3C, 0x78, 0xF1, 0xE1, 0xC7, 0x87, 0x0E, 0x3C, 0x7C, 0xF9, 0xE3, 0xE7,
    0xCF, 0x3B, 0xB7, 0x79, 0xCB, 0x9B, 0xDC, 0x38, 0xDF, 0xC3, 0x80, 0xFC, 0x1C, 0x07, 0x80, 0x00,
    0x3C, 0x00, 0x3F, 0xE0, 0x00, 0xFC, 0x00, 0x00, 0x00, 0x3F, 0xFF, 0xF8, 0x7F, 0xFF, 0xF8, 0xC7,
    0x1C, 0x71, 0x8E, 0x38, 0xE3, 0xFF, 0xFF, 0xC7, 0xFF, 0xFF, 0x80, 0x0C, 0x00, 0x7F, 0xFF, 0xFE,
    0xFF, 0xFF, 0xFC, 0x00, 0xE0, 0x00, 0x7F, 0xFF, 0xC0, 0xFF, 0xFF, 0x81, 0xC0, 0x07, 0x03, 0xFF,
    0xFE, 0x07, 0x00, 0x1C, 0x0E, 0x00, 0x38, 0x1F, 0xFF, 0xF0, 0x38, 0x00, 0xE0, 0x70, 0x01, 0xC0,
    0xFF, 0xFF, 0x81, 0xC0, 0x07, 0x1F, 0xFF, 0xFF, 0xFF, 0xFF, 0xFF, 0x80, 0x00, 0x20, 0x00, 0x1F,
    0xF0, 0x00, 0x7F, 0xEF, 0xFF, 0x33, 0x27, 0xFF, 0x33, 0x70, 0xC7, 0x1B, 0x60, 0xC7, 0x1B, 0xE4,
    0xF7, 0x7F, 0xF6, 0xF7, 0x7F, 0xF6, 0xDF, 0x0F, 0xC7, 0xDF, 0x1F, 0xF3, 0xDF, 0x3B, 0x7B, 0xCF,
    0x73, 0x30, 0xC7, 0x63, 0x01, 0xC7, 0x7F, 0xF3, 0xCF, 0x3F, 0xF7, 0xDF, 0x33, 0x3E, 0xFF, 0x3F,
    0xFC, 0xF7, 0x3F, 0xF4, 0xC7, 0x33, 0x30, 0xC7, 0x33, 0x30, 0xC7, 0x3F, 0xF0, 0xC7, 0x3F, 0xF7,
    0xDF, 0x30, 0x33, 0xDE, 0x30, 0x00, 0x1E, 0x08, 0x06, 0x00, 0x1C, 0x0E, 0x00, 0x1D, 0x8E, 0x08,
    0x39, 0xCE, 0x3C, 0x39, 0xCF, 0xF8, 0x7F, 0xEF, 0xE0, 0xFF, 0xEF, 0x00, 0x7F, 0xFE, 0x04, 0x00,
    0x2E, 0x06, 0x00, 0x0E, 0x06, 0x7F, 0xE7, 0xFE, 0x7F, 0xE7, 0xFC, 0x70, 0xE6, 0x00, 0x7F, 0xEE,
    0x00, 0x7F, 0xEE, 0x1C, 0x70, 0xEE, 0x7C, 0x70, 0xEF, 0xF8, 0x7F, 0xEF, 0xC0, 0x7F, 0xEE, 0x00,
    0x70, 0xEE, 0x06, 0x70, 0xEE, 0x06, 0x70, 0xEE, 0x06, 0x77, 0xE7, 0xFE, 0x73, 0xC7, 0xFC, 0x60,
    0x00, 0x00, 0x00, 0x0C, 0x00, 0x3F, 0x0C, 0x00, 0x3F, 0x0C, 0x7F, 0x33, 0x0C, 0x7F, 0x33, 0x0C,
    0x67, 0x33, 0x7F, 0x67, 0x33, 0x7F, 0x67, 0x3F, 0x0C, 0x67, 0x3F, 0x0C, 0x67, 0x33, 0x0C, 0x67,
    0x33, 0x0C, 0x67, 0x33, 0xFF, 0xE7, 0x33, 0xFF, 0xE7, 0x33, 0x18, 0x67, 0x3F, 0x18, 0x67, 0x3F,
    0x3E, 0x67, 0x33, 0x33, 0x67, 0x33, 0x33, 0x67, 0x73, 0x73, 0x7F, 0x73, 0x7F, 0xFE, 0x63, 0x7F,
    0xE0, 0x63, 0x61, 0xE0, 0x6F, 0x00, 0x60, 0x6F, 0x00, 0x60, 0x00, 0x00, 0x60, 0x01, 0x80, 0x00,
    0x70, 0x00, 0x38, 0x00, 0x0E, 0x00, 0xFF, 0xFF, 0xFF, 0xFF, 0xFC, 0x00, 0x1F, 0x00, 0x07, 0xC0,
    0x01, 0xF0, 0x00, 0x7F, 0xFF, 0xFF, 0xFF, 0xFF, 0xC0, 0x01, 0xF0, 0x00, 0x7C, 0x00, 0x1F, 0xFF,
    0xFF, 0xFF, 0xFF, 0xF0, 0x00, 0x7C, 0x00, 0x1F, 0x00, 0x07, 0xC0, 0x01, 0xFF, 0xFF, 0xFF, 0xFF,
    0xFF, 0x00, 0x07, 0xC0, 0x01, 0x80, 0x7F, 0xFF, 0xFC, 0xFF, 0xFF, 0xF8, 0x07, 0x00, 0x00, 0x1C,
    0x1C, 0x00, 0x70, 0x3C, 0x01, 0xC0, 0x3C, 0x07, 0x00, 0xFC, 0x1F, 0xFF, 0xFC, 0x3F, 0xFF, 0xFC,
    0x60, 0x00, 0x38, 0x00, 0xE0, 0x00, 0x01, 0xC0, 0x00, 0x03, 0x80, 0x07, 0xFF, 0xFF, 0x0F, 0xFF,
    0xFE, 0x00, 0x1C, 0x00, 0x00, 0x38, 0x00, 0x00, 0x70, 0x00, 0x00, 0xE0, 0x00, 0x01, 0xC0, 0x0F,
    0xFF, 0xFF, 0xFF, 0xFF, 0xFF, 0xC0, 0x06, 0x00, 0x00, 0x06, 0x00, 0x00, 0x0E, 0x0F, 0xF8, 0x3F,
    0xEF, 0xF8, 0x3F, 0xEE, 0x38, 0x30, 0xEE, 0x38, 0x3C, 0xEE, 0x38, 0x3E, 0xEE, 0x38, 0x36, 0xFC,
    0x3E, 0x37, 0xFC, 0x1E, 0x32, 0xE8, 0x00, 0x30, 0xE0, 0x00, 0xFF, 0xFF, 0xFC, 0xFF, 0xFF, 0xFC,
    0x70, 0xEC, 0x1C, 0x7E, 0xEE, 0x18, 0x76, 0xE6, 0x38, 0x77, 0xE7, 0x30, 0x73, 0xE3, 0xF0, 0x60,
    0xE1, 0xE0, 0x60, 0xE1, 0xE0, 0xE0, 0xE7, 0xF8, 0xE7, 0xFF, 0x3E, 0xC7, 0xDE, 0x1E, 0x00, 0x00,
    0x00, 0x00, 0xC0, 0x00, 0x00, 0x70, 0x00, 0x00, 0x70, 0x00, 0x00, 0x3F, 0xF8, 0x00, 0x3F, 0xFC,
    0x00, 0x38, 0x1C, 0x00, 0x38, 0x1C, 0x00, 0x3C, 0x1C, 0x00, 0x7F, 0xFF, 0xFC, 0x3F, 0xFF, 0xFE,
    0x1B, 0x07, 0x07, 0x01, 0x83, 0x83, 0x80, 0xC1, 0xC1, 0xC0, 0x60, 0xE0, 0xE0, 0x3F, 0xFF, 0xF0,
    0x1F, 0xFF, 0xF8, 0x0C, 0x00, 0x1C, 0x06, 0x00, 0x04, 0x03, 0x00, 0x00, 0xC1, 0x80, 0x00, 0x60,
    0xC0, 0x00, 0x70, 0x70, 0x00, 0x38, 0x3F, 0xFF, 0xF8, 0x0F, 0xFF, 0xFC, 0x03, 0x01, 0x80, 0x07,
    0x07, 0x00, 0x0E, 0x0E, 0x07, 0xFF, 0xFF, 0xFF, 0xFF, 0xFF, 0xE0, 0x70, 0x70, 0x00, 0xE0, 0xE0,
    0x01, 0xC1, 0xC0, 0x00, 0x00, 0x00, 0x00, 0x00, 0x01, 0xFF, 0xFF, 0xE3, 0xFF, 0xFF, 0xC0, 0x0C,
    0x03, 0x80, 0x18, 0x07, 0x00, 0x30, 0x0E, 0x00, 0x60, 0x1C, 0x00, 0xC0, 0x38, 0x01, 0x80, 0x70,
    0x03, 0x00, 0xE0, 0x06, 0x3F, 0x80, 0x0C, 0x3F, 0x00, 0x18, 0x00, 0x00, 0x30, 0x00, 0x00, 0x60,
    0x00, 0x00, 0xC0, 0x00, 0x03, 0x01, 0x80, 0x06, 0x03, 0x00, 0x0C, 0x06, 0x07, 0xFF, 0xFF, 0xFF,
    0xFF, 0xFF, 0xE0, 0x60, 0x30, 0x00, 0xC0, 0x60, 0x18, 0x00, 0x00, 0x3C, 0x7F, 0xF8, 0x3C, 0xFF,
    0xF0, 0x3D, 0xC0, 0x60, 0x13, 0x80, 0xC6, 0x07, 0x01, 0x9F, 0x0E, 0x03, 0x0F, 0x1C, 0x06, 0x0E,
    0x39, 0xFC, 0x03, 0x71, 0xF8, 0x0E, 0xE0, 0x00, 0x3D, 0xC0, 0x10, 0x73, 0x80, 0x31, 0xC7, 0x00,
    0x67, 0x0E, 0x01, 0xDC, 0x1F, 0xFF, 0xB0, 0x1F, 0xFE, 0x00, 0x00, 0x00, 0x01, 0x80, 0xC0, 0x01,
    0xC1, 0xC0, 0x01, 0xC1, 0xC0, 0x7F, 0xFF, 0xFF, 0x7F, 0xFF, 0xFF, 0x01, 0xC1, 0xC0, 0x01, 0xC1,
    0xC0, 0x39, 0x81, 0xB0, 0x3F, 0xC1, 0xB8, 0x0F, 0x81, 0x9C, 0x0F, 0x01, 0x8E, 0x3F, 0x01, 0x84,
    0x7B, 0x7F, 0xFF, 0x63, 0xFF, 0xFF, 0x03, 0x83, 0xC0, 0x07, 0x83, 0xC0, 0x1F, 0x83, 0xC0, 0x3D,
    0x87, 0xE0, 0x7B, 0x87, 0x70, 0x63, 0x8E, 0x70, 0x03, 0x9E, 0x38, 0x03, 0xBC, 0x1E, 0x3F, 0x78,
    0x0F, 0x1E, 0x70, 0x07, 0x00, 0x00, 0x00, 0x03, 0x01, 0x80, 0x03, 0x03, 0x80, 0xFF, 0xFF, 0xFE,
    0xFF, 0xFF, 0xFE, 0x03, 0x03, 0x80, 0x03, 0x0F, 0x80, 0x33, 0x1D, 0x80, 0x3C, 0x3F, 0xF8, 0x1E,
    0x7F, 0xF8, 0x0E, 0xF0, 0x38, 0x01, 0xFC, 0x70, 0xE3, 0xDF, 0xE0, 0xF9, 0x87, 0xC0, 0x7C, 0x1F,
    0xE0, 0x18, 0x7E, 0xFC, 0x03, 0xF8, 0x7E, 0x05, 0xFF, 0xFE, 0x0E, 0x7F, 0xF8, 0x1C, 0x60, 0x38,
    0x1C, 0x60, 0x38, 0x38, 0x60, 0x38, 0x78, 0x60, 0x38, 0x70, 0x7F, 0xF8, 0x60, 0x7F, 0xF8, 0x40,
    0x60, 0x38, 0x01, 0xC1, 0xC0, 0x00, 0xE0, 0xE0, 0x1F, 0xFF, 0xFF, 0xCF, 0xFF, 0xFF, 0xE0, 0x1C,
    0x1C, 0x80, 0x0E, 0x0E, 0xE0, 0x00, 0x03, 0xB8, 0x6F, 0xFF, 0xFE, 0x37, 0xFF, 0xFF, 0x1B, 0x80,
    0x70, 0x0D, 0xFF, 0xFB, 0x87, 0xFF, 0xFD, 0xC3, 0xFC, 0xC6, 0xC1, 0xBF, 0xFB, 0x60, 0x1F, 0xFD,
    0xF0, 0xFF, 0x86, 0xF0, 0x7F, 0xC3, 0x78, 0x1B, 0x7F, 0xBC, 0x0D, 0xBF, 0xDC, 0x06, 0xD9, 0x8E,
    0x23, 0x6F, 0xFF, 0x33, 0xF7, 0xFF, 0xD9, 0xBB, 0x0F, 0x7C, 0xD8, 0x0F, 0x3E, 0x04, 0x03, 0x0E,
    0x00, 0x02, 0x00, 0x00, 0x03, 0x80, 0x00, 0x07, 0x1F, 0xFE, 0x0E, 0x3F, 0xFF, 0x3C, 0x00, 0x00,
    0x78, 0x00, 0x00, 0x71, 0x80, 0x00, 0x63, 0x80, 0x00, 0x03, 0x80, 0x00, 0x07, 0x7F, 0xFF, 0x0E,
    0x7F, 0xFF, 0x1E, 0x00, 0x30, 0x3E, 0x00, 0x30, 0x7E, 0x00, 0x30, 0x6E, 0x00, 0x30, 0x0E, 0x00,
    0x30, 0x0E, 0x00, 0x30, 0x0E, 0x00, 0x30, 0x0E, 0x00, 0x30, 0x0E, 0x00, 0x30, 0x0E, 0x00, 0x30,
    0x0E, 0x00, 0x30, 0x0E, 0x07, 0xF0, 0x0E, 0x03, 0xF0, 0x06, 0x00, 0x00, 0x03, 0x03, 0x00, 0x03,
    0x03, 0x20, 0x03, 0x03, 0x70, 0x7F, 0xFB, 0x38, 0x7F, 0xFB, 0x1C, 0x03, 0x03, 0x0C, 0x03, 0x03,
    0x00, 0xFF, 0xFF, 0xFE, 0xFF, 0xFF, 0xFE, 0x03, 0x03, 0x80, 0x03, 0x03, 0x88, 0x03, 0x83, 0x9C,
    0x7F, 0xFF, 0x9C, 0x7F, 0xFF, 0xB8, 0x0F, 0x01, 0xB8, 0x1F, 0x39, 0xF0, 0x3F, 0xF9, 0xF0, 0xFD,
    0xF1, 0xE0, 0xFC, 0xF1, 0xC6, 0x5C, 0x3B, 0xC6, 0x1F, 0x9F, 0xE6, 0x1F, 0x8F, 0x76, 0x1E, 0x1E,
    0x7E, 0x10, 0x1C, 0x3C, 0x00, 0x00, 0x00, 0x08, 0x00, 0x00, 0x0E, 0x01, 0xFF, 0x07, 0x18, 0xFF,
    0x81, 0xCE, 0x60, 0xC0, 0xE3, 0x30, 0x63, 0xF9, 0xD8, 0x31, 0xFC, 0xEF, 0xF8, 0x0E, 0x27, 0xFC,
    0x07, 0x03, 0x06, 0x03, 0x79, 0x83, 0x03, 0xFE, 0xFF, 0x83, 0xF7, 0x7F, 0xC1, 0xF3, 0xB6, 0x21,
    0xF1, 0xDB, 0xB9, 0xFC, 0xEC, 0xF8, 0xFF, 0x76, 0x78, 0x6D, 0x3B, 0x1C, 0x06, 0x1D, 0xFF, 0x03,
    0x0F, 0xFD, 0x81, 0x87, 0xF0, 0xC0, 0xC7, 0xE0, 0x00, 0x67, 0xF0, 0x00, 0x37, 0xBF, 0xFE, 0x19,
    0x87, 0xFE, 0x0C, 0x00, 0x00, 0x00, 0xFF, 0xFF, 0xFF, 0xFF, 0xFF, 0xFC, 0x07, 0x1C, 0x01, 0xFF,
    0xFF, 0xC3, 0xFF, 0xFF, 0xC6, 0x38, 0xE3, 0x8C, 0x71, 0xC7, 0x18, 0xE3, 0x8E, 0x31, 0xC7, 0x1C,
    0x7F, 0xFF, 0xF8, 0xFF, 0xFF, 0xE0, 0x07, 0x00, 0x0F, 0xFF, 0xFF, 0xFF, 0xFF, 0xFF, 0xC0, 0xE0,
    0x70, 0x03, 0x81, 0xC0, 0x0F, 0x07, 0x80, 0x1F, 0xFE, 0x00, 0x1F, 0xF8, 0x00, 0x0F, 0xFE, 0x03,
    0xFF, 0x7F, 0x9F, 0xF8, 0x1F, 0x9E, 0x00, 0x06, 0x00, 0x01, 0x86, 0x00, 0x03, 0x0E, 0x01, 0xC6,
    0x18, 0x03, 0x8C, 0x7F, 0xF7, 0x18, 0xFF, 0xEE, 0x31, 0x90, 0x1C, 0x67, 0x70, 0x38, 0xDC, 0x70,
    0x71, 0xB8, 0x70, 0x03, 0x20, 0xE0, 0x00, 0x00, 0x80, 0x7F, 0xFF, 0x80, 0xFF, 0xFF, 0x01, 0x80,
    0x0E, 0x03, 0x0E, 0x1C, 0x06, 0x1C, 0x38, 0x0C, 0x38, 0x70, 0x18, 0x78, 0xE0, 0x31, 0xF1, 0xC0,
    0x67, 0xE0, 0x00, 0x1E, 0xC0, 0xE1, 0xF9, 0x81, 0xDF, 0xC3, 0xFF, 0x3E, 0x07, 0xFE, 0x60, 0x00,
    0x00, 0x0C, 0x00, 0x00, 0x0E, 0x00, 0x00, 0x0C, 0x0F, 0xFF, 0x1F, 0xEF, 0xFF, 0x1F, 0xE0, 0xC7,
    0x38, 0xC1, 0xC6, 0x39, 0xC1, 0x86, 0x7F, 0xF3, 0x86, 0x7F, 0xF7, 0x3E, 0x7B, 0x3F, 0x3E, 0x3B,
    0x37, 0x30, 0x3B, 0x33, 0x70, 0x3F, 0xF3, 0x70, 0x3F, 0xF7, 0xFF, 0x3B, 0x37, 0xFF, 0x3B, 0x3E,
    0x70, 0x3B, 0x3E, 0x70, 0x3F, 0xF4, 0x70, 0x3F, 0xFF, 0xFF, 0x33, 0x3F, 0xFF, 0x33, 0x30, 0x70,
    0x73, 0x30, 0x70, 0x63, 0xF0, 0x70, 0x60, 0xF0, 0x70, 0x20, 0x00, 0x30, 0x00, 0x30, 0x00, 0x00,
    0xE0, 0x00, 0x00, 0xE0, 0x00, 0x00, 0xE0, 0x0F, 0xFF, 0xFF, 0xFF, 0xFF, 0xFF, 0xC0, 0x00, 0x00,
    0x00, 0x00, 0x00, 0x0F, 0xFF, 0xE0, 0x1F, 0xFF, 0xC0, 0x00, 0x00, 0x00, 0x00, 0x00, 0x00, 0xFF,
    0xFE, 0x01, 0xFF, 0xFC, 0x00, 0x00, 0x00, 0x00, 0x00, 0x00, 0x1F, 0xFF, 0xF0, 0x3F, 0xFF, 0xE0,
    0x70, 0x01, 0xC0, 0xE0, 0x03, 0x81, 0xC0, 0x07, 0x03, 0x80, 0x0E, 0x07, 0xFF, 0xFC, 0x0F, 0xFF,
    0xF8, 0x1C, 0x00, 0x70, 0x00, 0x01, 0x80, 0x30, 0x07, 0x00, 0xF0, 0x0E, 0x00, 0xF0, 0x1C, 0x00,
    0xF0, 0x38, 0x00, 0xE0, 0x70, 0x00, 0x00, 0xE0, 0x00, 0x01, 0xC0, 0x00, 0x03, 0x81, 0xF9, 0xFF,
    0xFF, 0xF3, 0xFF, 0xF8, 0x60, 0x1C, 0x00, 0xC0, 0x38, 0x01, 0x80, 0x70, 0x03, 0x00, 0xE0, 0x06,
    0x01, 0xC0, 0x0C, 0x03, 0x80, 0x18, 0x07, 0x00, 0x37, 0x0E, 0x00, 0x7E, 0x1C, 0x00, 0xF8, 0x38,
    0x03, 0xE0, 0x70, 0x07, 0x00, 0xE0, 0x0C, 0x01, 0xC0, 0x00, 0x03, 0x80, 0x30, 0x00, 0x00, 0x70,
    0x00, 0x00, 0xF1, 0xFF, 0xF8, 0xF3, 0xFF, 0xF0, 0xE0, 0x0E, 0x00, 0xC0, 0x1C, 0x00, 0x00, 0x38,
    0x00, 0x00, 0x70, 0xFE, 0x00, 0xE1, 0xFC, 0x01, 0xC0, 0x38, 0x03, 0x80, 0x70, 0x07, 0x00, 0xE0,
    0x0E, 0x01, 0xC0, 0x1C, 0x03, 0x80, 0x38, 0x07, 0x00, 0x70, 0x0E, 0x40, 0xE0, 0x1F, 0xC1, 0xC0,
    0x3F, 0x03, 0x80, 0x7C, 0x07, 0x01, 0xE0, 0x0E, 0x03, 0x81, 0xFC, 0x02, 0x03, 0xF0, 0x00, 0x00,
    0x03, 0x80, 0x18, 0x03, 0x80, 0x3C, 0x03, 0x80, 0x1E, 0x03, 0x80, 0x0F, 0x03, 0x80, 0x07, 0x03,
    0x80, 0x00, 0x03, 0x80, 0x00, 0x03, 0x80, 0x00, 0x03, 0x80, 0xFE, 0x03, 0x80, 0xFE, 0x03, 0x80,
    0x0E, 0x03, 0x80, 0x0E, 0x07, 0x80, 0x0E, 0x07, 0xC0, 0x0E, 0x07, 0xC0, 0x0E, 0x07, 0xC0, 0x0E,
    0x06, 0xE0, 0x0E, 0x4E, 0xE0, 0x0F, 0xCE, 0x70, 0x0F, 0xDC, 0x70, 0x0F, 0x3C, 0x38, 0x1E, 0x38,
    0x1C, 0x1C, 0xF0, 0x1E, 0x00, 0xE0, 0x0E, 0x00, 0x40, 0x04, 0x30, 0x00, 0x00, 0x3C, 0x7F, 0xFC,
    0x1C, 0x7F, 0xFC, 0x0E, 0x00, 0x1C, 0x06, 0x00, 0x1C, 0x00, 0x00, 0x1C, 0x00, 0x00, 0x1C, 0xFC,
    0x00, 0x1C, 0xFC, 0x00, 0x1C, 0x0C, 0x00, 0x1C, 0x0C, 0x3F, 0xFC, 0x0C, 0x3F, 0xFC, 0x0C, 0x30,
    0x1C, 0x0C, 0x30, 0x08, 0x0C, 0x30, 0x00, 0x0C, 0x30, 0x00, 0x0C, 0x30, 0x00, 0x0C, 0xB0, 0x06,
    0x0F, 0xB0, 0x06, 0x0F, 0xB0, 0x06, 0x1F, 0x30, 0x0E, 0x1C, 0x3F, 0xFE, 0x18, 0x3F, 0xFC, 0x00,
    0x00, 0x00, 0x38, 0x1F, 0xF0, 0x3C, 0x1F, 0xF0, 0x1E, 0x18, 0x70, 0x0E, 0x18, 0x70, 0x06, 0x18,
    0x70, 0x00, 0x18, 0x70, 0x00, 0x38, 0x70, 0x00, 0x70, 0x7E, 0xFC, 0xF0, 0x3E, 0xFD, 0xE0, 0x00,
    0x1C, 0x80, 0x00, 0x1C, 0xFF, 0xFC, 0x1C, 0xFF, 0xF8, 0x1C, 0x70, 0x38, 0x1C, 0x38, 0x30, 0x1C,
    0x18, 0x70, 0x1C, 0x1C, 0xE0, 0x1D, 0x8F, 0xE0, 0x1F, 0x87, 0xC0, 0x1F, 0x0F, 0xC0, 0x1E, 0x3F,
    0xF0, 0x3D, 0xFC, 0xFE, 0x10, 0xF0, 0x3E, 0x00, 0x80, 0x04, 0x30, 0x00, 0x00, 0x78, 0xFF, 0xFE,
    0x3C, 0xFF, 0xFE, 0x0E, 0x01, 0x80, 0x0C, 0x01, 0x80, 0x00, 0x01, 0x80, 0x00, 0x01, 0x80, 0xFC,
    0x01, 0x80, 0xFC, 0x31, 0x80, 0x1C, 0x31, 0x80, 0x1C, 0x31, 0xFC, 0x1C, 0x31, 0xFC, 0x1C, 0x31,
    0x80, 0x1C, 0x31, 0x80, 0x1C, 0x31, 0x80, 0x1C, 0x31, 0x80, 0x1C, 0x31, 0x80, 0x1D, 0xB1, 0x80,
    0x1F, 0xB1, 0x80, 0x1F, 0x31, 0x80, 0x1E, 0x31, 0x80, 0x3D, 0xFF, 0xFE, 0x19, 0xFF, 0xFE, 0x00,
    0x00, 0x00, 0x00, 0x00, 0xC0, 0x30, 0x01, 0xF8, 0x38, 0x01, 0xDC, 0x1C, 0x01, 0xDC, 0x0E, 0x01,
    0xCE, 0x06, 0x00, 0xC4, 0x01, 0xFF, 0xFE, 0x01, 0xFF, 0xFE, 0x00, 0x00, 0xC0, 0xFC, 0x00, 0xC0,
    0xFC, 0x00, 0xC0, 0x1C, 0x00, 0xC0, 0x1C, 0xFF, 0xE0, 0x1C, 0xFE, 0xE0, 0x1C, 0x18, 0xE0, 0x1C,
    0x18, 0xE0, 0x1C, 0x18, 0xE0, 0x1C, 0x18, 0xE0, 0x1D, 0x98, 0x66, 0x1F, 0x9F, 0x76, 0x1F, 0xFF,
    0x76, 0x1E, 0xFC, 0x7E, 0x3C, 0xE0, 0x3E, 0x10, 0x00, 0x1C, 0x00, 0x00, 0x0C, 0x00, 0x08, 0x0C,
    0x18, 0x1C, 0x0E, 0x1C, 0x0E, 0x1C, 0x1E, 0x0E, 0x1C, 0x07, 0x06, 0x38, 0x03, 0x3F, 0xFF, 0x00,
    0x3F, 0xFF, 0x00, 0x01, 0xC0, 0x7E, 0x01, 0xC0, 0x7E, 0x01, 0xC0, 0x0E, 0x01, 0xC0, 0x0E, 0x3F,
    0xFE, 0x0E, 0x3F, 0xFE, 0x0E, 0x01, 0xC0, 0x0E, 0x01, 0xC0, 0x0E, 0x01, 0xC0, 0x0E, 0x7F, 0xFF,
    0x0E, 0x7F, 0xFF, 0x0F, 0xC1, 0xC0, 0x0F, 0xC1, 0xC0, 0x0F, 0x81, 0xC0, 0x0F, 0x01, 0xC0, 0x1E,
    0x01, 0xC0, 0x08, 0x01, 0xC0, 0x00, 0x00, 0xC0, 0x30, 0xFF, 0xFC, 0xF3, 0xFF, 0xF8, 0xF0, 0x38,
    0x00, 0xE0, 0x70, 0x00, 0xE0, 0xE0, 0x00, 0x9F, 0xFF, 0x00, 0x3F, 0xFE, 0x7C, 0x0E, 0x1C, 0xFC,
    0x1C, 0x39, 0xF8, 0x38, 0x60, 0x77, 0xFF, 0xF8, 0xEF, 0xFF, 0xF1, 0xC0, 0x00, 0x03, 0x80, 0x00,
    0x07, 0x1F, 0xFF, 0x0E, 0x3F, 0xFE, 0x1C, 0x60, 0x1C, 0x3B, 0xC0, 0x38, 0x7F, 0x80, 0x70, 0xFB,
    0x00, 0xE1, 0xE6, 0x01, 0xC3, 0x8F, 0xFF, 0x86, 0x1F, 0xFF, 0x00, 0x30, 0x0C, 0x20, 0x00, 0x00,
    0x70, 0x7F, 0xFC, 0x3C, 0x7F, 0xFC, 0x1C, 0x70, 0x1C, 0x0E, 0x70, 0x1C, 0x04, 0x70, 0x1C, 0x00,
    0x7F, 0xFC, 0x00, 0x7F, 0xFC, 0xFC, 0x00, 0x00, 0xFC, 0x00, 0x00, 0x1C, 0x7F, 0xFC, 0x1C, 0x7F,
    0xFC, 0x1C, 0x03, 0x80, 0x1C, 0x03, 0x80, 0x1C, 0x03, 0x00, 0x1C, 0xFF, 0xFE, 0x1C, 0xFF, 0xFE,
    0x1D, 0x87, 0x80, 0x1F, 0x8F, 0xC0, 0x1F, 0x8E, 0xE0, 0x1E, 0x3C, 0x78, 0x1C, 0xF8, 0x3E, 0x11,
    0xF0, 0x1E, 0x00, 0x80, 0x04, 0x00, 0x03, 0x00, 0x60, 0x07, 0x00, 0xE3, 0xFF, 0xF1, 0xE7, 0xFF,
    0xF1, 0xE0, 0x38, 0x01, 0xCF, 0xFF, 0x80, 0x1F, 0xFF, 0x00, 0x01, 0xC0, 0x00, 0x03, 0x81, 0xFB,
    0xFF, 0xFF, 0xF3, 0xFF, 0xF8, 0xE0, 0x00, 0x01, 0xC7, 0xFF, 0x83, 0x8F, 0xFF, 0x07, 0x1C, 0x06,
    0x0E, 0x3F, 0xFC, 0x1C, 0x7F, 0xF8, 0x38, 0xE0, 0x30, 0x77, 0xC0, 0x60, 0xFF, 0xFF, 0xC1, 0xF7,
    0xFF, 0x83, 0xCE, 0x03, 0x0F, 0x1C, 0x06, 0x0C, 0x38, 0x7C, 0x00, 0x70, 0xF0, 0x00, 0x01, 0x80,
    0x18, 0x01, 0x80, 0x3C, 0x01, 0x80, 0x1E, 0x3F, 0xFE, 0x0F, 0x3F, 0xFE, 0x07, 0x01, 0x80, 0x02,
    0x01, 0x80, 0x00, 0x7F, 0xFF, 0x00, 0x7F, 0xFE, 0x7E, 0x00, 0x06, 0x7E, 0x1C, 0xCE, 0x0E, 0x0E,
    0xCC, 0x0E, 0x77, 0xC0, 0x0E, 0x78, 0xC0, 0x0E, 0x1D, 0xC0, 0x0E, 0x0D, 0xC0, 0x0E, 0xFF, 0xFF,
    0x0E, 0xFF, 0xFF, 0x0F, 0x83, 0xA0, 0x0F, 0xC7, 0xF0, 0x0F, 0x8F, 0x78, 0x0F, 0x1E, 0x1E, 0x1C,
    0x7C, 0x0F, 0x08, 0xF0, 0x07, 0x00, 0x40, 0x02, 0x00, 0x00, 0x00, 0x00, 0x00, 0xC0, 0x0F, 0xF8,
    0x60, 0x07, 0xFC, 0x70, 0x03, 0x06, 0x38, 0x01, 0x9B, 0x1F, 0xF8, 0xDD, 0x9F, 0xFC, 0x6E, 0xCE,
    0x18, 0x37, 0x66, 0x0C, 0x1B, 0xB7, 0x06, 0x0D, 0xDF, 0xC7, 0x06, 0xEF, 0xE3, 0x03, 0x76, 0xB1,
    0x81, 0xBB, 0x1C, 0xC0, 0xDD, 0x86, 0xE0, 0x6E, 0xC3, 0xE0, 0x36, 0x61, 0xF0, 0x1B, 0x30, 0x70,
    0x03, 0xE0, 0x3C, 0x01, 0xF8, 0x3E, 0x01, 0xCE, 0x1F, 0x81, 0xE7, 0x3C, 0xF1, 0xE1, 0xFC, 0x3C,
    0xE0, 0x5C, 0x0E, 0x20, 0x00, 0x02, 0x00, 0x00, 0x0E, 0x00, 0x1F, 0xE7, 0x07, 0x0F, 0xF3, 0x83,
    0x86, 0x19, 0xC3, 0x83, 0x6C, 0xE3, 0x81, 0xB6, 0x73, 0xC0, 0xDB, 0x3B, 0xC0, 0x6D, 0x9F, 0xC0,
    0x36, 0xCE, 0xC0, 0x1B, 0x67, 0x00, 0x0D, 0xBF, 0xFF, 0xC6, 0xDF, 0xFF, 0xE3, 0x6C, 0xEE, 0x01,
    0xB6, 0x73, 0x00, 0xDB, 0x39, 0xC0, 0x6D, 0x9C, 0xE0, 0x3E, 0xCE, 0x38, 0x07, 0x87, 0x1C, 0x03,
    0xE3, 0x87, 0x03, 0xB9, 0xCF, 0x83, 0x8C, 0xFE, 0xF3, 0x87, 0x7E, 0x39, 0xC1, 0x3C, 0x0C, 0x00,
    0x10, 0x00, 0x03, 0x00, 0x00, 0x03, 0x87, 0xFF, 0x81, 0xC3, 0xFF, 0xC0, 0xE0, 0x38, 0xE7, 0xFF,
    0x1C, 0x63, 0xFF, 0x8C, 0x30, 0x1C, 0x06, 0x18, 0x0E, 0x07, 0x0C, 0x07, 0x07, 0x7E, 0x3F, 0xFF,
    0xBE, 0x1F, 0xFF, 0x80, 0x00, 0x61, 0x80, 0x03, 0x30, 0x7F, 0xE1, 0x98, 0x3F, 0xF0, 0xCF, 0xD8,
    0x38, 0x67, 0xEC, 0x1C, 0x3B, 0x06, 0x0E, 0x1D, 0x83, 0x07, 0x0F, 0xC1, 0xFF, 0x87, 0xE0, 0xFF,
    0xC7, 0xF0, 0x00, 0x03, 0xBF, 0x80, 0x01, 0x8F, 0xFF, 0xFD, 0xC1, 0xFF, 0xFE, 0x20, 0x00, 0x00,
    0x00, 0x3F, 0xEF, 0xFF, 0x3F, 0xEF, 0xFF, 0x30, 0xEC, 0x00, 0x30, 0xEC, 0x00, 0x30, 0xEC, 0x00,
    0x30, 0xEC, 0x00, 0x3F, 0xEF, 0xFE, 0x3F, 0xEF, 0xFE, 0x07, 0x0C, 0x0E, 0x07, 0x0C, 0x0E, 0x37,
    0x0C, 0x0E, 0x37, 0xEC, 0x0E, 0x37, 0xEC, 0x0E, 0x37, 0x0F, 0xFE, 0x37, 0x0F, 0xFE, 0x37, 0x0C,
    0x00, 0x37, 0x2C, 0x00, 0x37, 0xEC, 0x00, 0x3F, 0xEC, 0x00, 0x7F, 0x0F, 0xFF, 0x70, 0x0F, 0xFF,
    0x00, 0x07, 0x70, 0x00, 0x03, 0xB8, 0x0F, 0xF1, 0xDC, 0x07, 0xF8, 0xEE, 0x03, 0x1F, 0x77, 0x71,
    0x8F, 0xBB, 0xB8, 0xC7, 0xFD, 0xD8, 0x63, 0xBE, 0xFC, 0x3F, 0xDF, 0x7C, 0x1F, 0xEF, 0xBE, 0x01,
    0x81, 0xDE, 0x00, 0xC0, 0xEE, 0x03, 0x60, 0x77, 0x01, 0xBE, 0x3B, 0xE0, 0xDF, 0x7D, 0xF8, 0x6C,
    0x7E, 0xFE, 0x36, 0x76, 0x77, 0x1B, 0x33, 0x39, 0x8D, 0x93, 0x9C, 0x06, 0xF9, 0xCE, 0x67, 0xFD,
    0xC7, 0x3B, 0xF1, 0xE3, 0x99, 0xC1, 0xE1, 0xFC, 0x00, 0xE0, 0x7E, 0x00, 0x20, 0x00, 0x00, 0x06,
    0x00, 0x60, 0x06, 0x00, 0xE0, 0x0E, 0x00, 0xE0, 0x7F, 0xFF, 0xFE, 0x7F, 0xFF, 0xFE, 0x0C, 0x01,
    0xC0, 0x1C, 0x01, 0xC0, 0x1B, 0x01, 0x80, 0x1B, 0x3F, 0xFF, 0x3B, 0x3F, 0xFF, 0x33, 0x03, 0x00,
    0x7F, 0xE3, 0x00, 0x7F, 0xE7, 0x00, 0x23, 0x07, 0xFE, 0x03, 0x07, 0xFE, 0x03, 0x00, 0x1C, 0x03,
    0xF0, 0x1C, 0x7F, 0xF2, 0x38, 0x7F, 0x87, 0x70, 0x73, 0x03, 0xE0, 0x03, 0x01, 0xE0, 0x03, 0x00,
    0xF0, 0x03, 0x00, 0x3C, 0x03, 0x00, 0x18, 0x03, 0x00, 0x08, 0x03, 0x03, 0x00, 0x03, 0x83, 0x70,
    0x7F, 0xFB, 0x78, 0x7F, 0xFB, 0x1C, 0x03, 0x83, 0x1C, 0x03, 0x83, 0x88, 0xFF, 0xFF, 0xFE, 0xFF,
    0xFF, 0xFE, 0x06, 0x03, 0x80, 0x0E, 0x03, 0x8C, 0xFF, 0xFF, 0x9C, 0xFF, 0xFF, 0x98, 0x1C, 0x83,
    0x98, 0x39, 0x81, 0xB8, 0x39, 0x81, 0xB0, 0x7F, 0xF9, 0xF0, 0x7F, 0xF9, 0xE0, 0x01, 0x81, 0xE0,
    0x01, 0x9D, 0xC6, 0x7F, 0xFD, 0xE6, 0xFF, 0xFF, 0xE6, 0xFD, 0x87, 0x76, 0x01, 0x8E, 0x7E, 0x01,
    0x8C, 0x3C, 0x00, 0x00, 0x00, 0x04, 0x00, 0x00, 0x0E, 0x0F, 0xFC, 0x0E, 0x0F, 0xFE, 0x0E, 0x0C,
    0x0E, 0x7F, 0xEC, 0x0E, 0x7F, 0xEF, 0xFE, 0x1C, 0x0F, 0xFE, 0x1F, 0x00, 0x00, 0x1B, 0x3F, 0xFF,
    0x3B, 0x3F, 0xFF, 0x33, 0x0C, 0x0C, 0x7F, 0xCC, 0x0C, 0x7F, 0xCF, 0xFC, 0x23, 0x0F, 0xFC, 0x03,
    0x0C, 0x0C, 0x03, 0x0C, 0x0C, 0x03, 0xEF, 0xFC, 0x7F, 0xEF, 0xFC, 0x7F, 0x8C, 0x0C, 0x73, 0x0C,
    0x1F, 0x03, 0x3F, 0xFF, 0x03, 0x3F, 0xFE, 0x03, 0x00, 0x0C, 0x03, 0x00, 0x0C, 0x03, 0x00, 0x0C,
    0x10, 0x01, 0x00, 0x18, 0x03, 0x80, 0x18, 0x03, 0x80, 0x38, 0x07, 0xE0, 0xFF, 0x8E, 0xF0, 0xFF,
    0x3C, 0x78, 0x30, 0xF8, 0x3E, 0x34, 0xFF, 0xFE, 0x7C, 0xDF, 0xF6, 0x6C, 0x00, 0x00, 0x6C, 0x7F,
    0x0C, 0xEC, 0x7F, 0x6C, 0xFF, 0x63, 0x6C, 0xFF, 0x63, 0x6C, 0x0C, 0x7F, 0x6C, 0x0C, 0x7F, 0x6C,
    0x0F, 0x63, 0x6C, 0x3F, 0xFF, 0x6C, 0xFF, 0x7F, 0x6C, 0xFC, 0x63, 0x6C, 0x0C, 0x63, 0x0C, 0x0C,
    0x63, 0x0C, 0x0C, 0x63, 0x7C, 0x0C, 0x6F, 0x3C, 0x0C, 0x66, 0x00, 0x00, 0x00, 0x00, 0x1C, 0x03,
    0x80, 0x0F, 0x01, 0xC0, 0x03, 0x80, 0xE0, 0x00, 0xE0, 0x70, 0x00, 0x3F, 0xFF, 0xF0, 0x03, 0xFF,
    0xF8, 0x00, 0x0E, 0x0C, 0x00, 0x07, 0x06, 0x3F, 0x03, 0x83, 0x1F, 0x81, 0x83, 0x81, 0xC1, 0xC1,
    0xC0, 0xE0, 0xE0, 0xE0, 0x70, 0x60, 0x70, 0x38, 0x70, 0x38, 0x1C, 0x38, 0x1C, 0x0E, 0x38, 0x0E,
    0x07, 0x38, 0x06, 0x03, 0xBC, 0x7F, 0x03, 0xD8, 0x3F, 0x83, 0xF0, 0x00, 0x03, 0xDF, 0x00, 0x3B,
    0xC7, 0xFF, 0xFC, 0xC0, 0xFF, 0xFE, 0x00, 0x00, 0x00, 0x00, 0x00, 0x00, 0x0C, 0x18, 0x07, 0xFF,
    0x0E, 0x0F, 0xFF, 0x03, 0x87, 0xE0, 0x00, 0xE3, 0x80, 0x00, 0x31, 0xC0, 0x00, 0x10, 0xE0, 0x00,
    0x00, 0x70, 0x00, 0x00, 0x3F, 0xFF, 0x00, 0x1F, 0xFF, 0x9F, 0x8E, 0x1C, 0x0F, 0xC6, 0x0E, 0x00,
    0xE3, 0x07, 0x00, 0x71, 0x83, 0x80, 0x39, 0xC1, 0xC0, 0x1C, 0xE0, 0xE0, 0x0E, 0x70, 0x70, 0x07,
    0x70, 0x38, 0x03, 0xB8, 0x1C, 0x01, 0xD8, 0x0E, 0x03, 0xFC, 0x06, 0x03, 0xDF, 0xC0, 0xF9, 0xC3,
    0xFF, 0xFC, 0xC0, 0x7F, 0xFE, 0x00, 0x00, 0x00, 0x00, 0x00, 0x00, 0x00, 0x08, 0x00, 0x7F, 0x0E,
    0x1F, 0xFF, 0x87, 0x8F, 0xFE, 0x01, 0xC7, 0x00, 0x00, 0x73, 0x80, 0x00, 0x11, 0xC0, 0x00, 0x00,
    0xFF, 0xFC, 0x00, 0x7F, 0xFC, 0x00, 0x38, 0x0E, 0x1F, 0x9D, 0x07, 0x0F, 0xCF, 0xC7, 0x00, 0xE7,
    0xF3, 0x80, 0x73, 0x1F, 0x80, 0x3B, 0x87, 0x80, 0x1D, 0xC3, 0xE0, 0x0E, 0xE3, 0xF8, 0x07, 0xE7,
    0xDE, 0x03, 0xFF, 0x87, 0x81, 0xF3, 0x81, 0xC3, 0xF1, 0x00, 0x03, 0xFF, 0x80, 0xF9, 0xC7, 0xFF,
    0xFC, 0xC0, 0xFF, 0xFE, 0x00, 0x00, 0x00, 0x00, 0x30, 0x0C, 0x30, 0x1C, 0x06, 0x18, 0x07, 0x03,
    0x0C, 0x01, 0xC1, 0x86, 0x00, 0x6F, 0xFF, 0xE0, 0x27, 0xFF, 0xF0, 0x00, 0x30, 0xC0, 0x00, 0x18,
    0x60, 0x00, 0x0C, 0x30, 0x3F, 0x06, 0x18, 0x1F, 0x83, 0x0C, 0x01, 0xDF, 0xFF, 0xE0, 0xEF, 0xFF,
    0xF0, 0x70, 0xE1, 0x80, 0x38, 0x70, 0xC0, 0x1C, 0x70, 0x60, 0x0E, 0x38, 0x30, 0x07, 0x38, 0x18,
    0x03, 0x9C, 0x0C, 0x07, 0xF4, 0x06, 0x07, 0xBF, 0x01, 0xF3, 0x87, 0xFF, 0xF9, 0x80, 0xFF, 0xFC,
    0x00, 0x00, 0x00, 0x30, 0x7F, 0xFC, 0x3C, 0x3F, 0xFE, 0x07, 0x80, 0x00, 0x01, 0xC0, 0x00, 0x00,
    0x60, 0x00, 0x00, 0x00, 0x00, 0x00, 0x07, 0xFF, 0xFC, 0x03, 0xFF, 0xFE, 0x7E, 0x0C, 0xE0, 0x3F,
    0x0E, 0x70, 0x03, 0x87, 0x38, 0x01, 0xC3, 0x9C, 0x00, 0xE1, 0xCE, 0x00, 0x71, 0xC7, 0x18, 0x38,
    0xE3, 0x8C, 0x1C, 0xE1, 0xCE, 0x0F, 0xE0, 0x7F, 0x07, 0xE0, 0x3F, 0x07, 0xC0, 0x00, 0x07, 0xFC,
    0x00, 0x27, 0x1F, 0xFF, 0xF3, 0x03, 0xFF, 0xF8, 0x00, 0x00, 0x00, 0x00, 0x04, 0x00, 0x18, 0x07,
    0x00, 0x0E, 0x03, 0x80, 0x03, 0x9F, 0xFF, 0xC0, 0xEF, 0xFF, 0xE0, 0x70, 0xE0, 0x00, 0x10, 0x67,
    0x00, 0x00, 0x73, 0x80, 0x00, 0x71, 0xC0, 0x3F, 0x3F, 0xFF, 0x1F, 0x9F, 0xFF, 0x81, 0xC8, 0x38,
    0x00, 0xE0, 0x1C, 0x00, 0x70, 0x0E, 0x00, 0x38, 0x07, 0x00, 0x1D, 0xFF, 0xFE, 0x0E, 0xFF, 0xFF,
    0x07, 0x00, 0xE0, 0x03, 0x80, 0x70, 0x03, 0xC0, 0x38, 0x03, 0xF0, 0x1C, 0x03, 0xDF, 0x0E, 0x19,
    0xC7, 0xFF, 0xFC, 0xC0, 0xFF, 0xFE, 0x00, 0x00, 0x00, 0x00, 0x00, 0x00, 0x00, 0x70, 0xFF, 0xF8,
    0x78, 0xFF, 0xF8, 0x38, 0xE0, 0x38, 0x1C, 0xE0, 0x38, 0x0C, 0xFF, 0xF8, 0x00, 0xFF, 0xF8, 0x00,
    0xE0, 0x38, 0x00, 0xE0, 0x38, 0xFC, 0xFF, 0xF8, 0xFC, 0xFF, 0xF8, 0x1C, 0xE2, 0x1C, 0x1C, 0xE7,
    0x3C, 0x1C, 0xE3, 0xF0, 0x1C, 0xE1, 0xE0, 0x1C, 0xE2, 0xF0, 0x1C, 0xFE, 0x78, 0x1C, 0xFE, 0x3C,
    0x1C, 0xF0, 0x1C, 0x3F, 0x00, 0x00, 0x7F, 0xF0, 0x1E, 0xE1, 0xFF, 0xFE, 0xC0, 0x7F, 0xFE, 0x00,
    0x00, 0x04, 0x10, 0x00, 0xFE, 0x1C, 0x1F, 0xFF, 0x07, 0x0F, 0xF8, 0x01, 0xC0, 0x18, 0x00, 0x70,
    0x0C, 0x00, 0x30, 0x06, 0x00, 0x03, 0xFF, 0xFE, 0x01, 0xFF, 0xFF, 0x3F, 0x00, 0xC0, 0x1F, 0x80,
    0x60, 0x01, 0xC0, 0x30, 0x00, 0xE7, 0xFF, 0xC0, 0x73, 0xFF, 0xE0, 0x39, 0xC0, 0x30, 0x1C, 0xE0,
    0x18, 0x0E, 0x70, 0x0C, 0x07, 0x38, 0x06, 0x03, 0x9F, 0xFF, 0x01, 0xCF, 0xFF, 0x81, 0xF0, 0x00,
    0x03, 0xFF, 0x80, 0x79, 0xC7, 0xFF, 0xFC, 0xC0, 0x7F, 0xFE, 0x00, 0x20, 0x20, 0x40, 0x70, 0x30,
    0xE0, 0x70, 0x70, 0x70, 0x38, 0xE0, 0x38, 0x18, 0xE0, 0x1F, 0xFF, 0xFE, 0x1B, 0xFF, 0xFE, 0x00,
    0x07, 0x00, 0x00, 0xC7, 0x1C, 0x00, 0xC7, 0x1C, 0xFC, 0xC7, 0x1C, 0xFC, 0xC7, 0x1C, 0x1C, 0xC7,
    0x1C, 0x1C, 0xFF, 0xFC, 0x1C, 0xFF, 0xFC, 0x1C, 0x07, 0x00, 0x1C, 0x0E, 0x00, 0x1C, 0x0E, 0x00,
    0x1C, 0x1C, 0x00, 0x1C, 0x78, 0x00, 0x3E, 0xF0, 0x00, 0x7F, 0xE0, 0x00, 0xE3, 0xFF, 0xFE, 0xC0,
    0xFF, 0xFE, 0x00, 0x00, 0x00, 0x00, 0x03, 0x00, 0x60, 0x33, 0x00, 0xF0, 0x73, 0x00, 0x78, 0x73,
    0x00, 0x3C, 0x7F, 0xFC, 0x1C, 0xFF, 0xFC, 0x09, 0xC3, 0x00, 0x01, 0xC3, 0x00, 0x00, 0x83, 0x00,
    0x00, 0x03, 0x00, 0xFD, 0xFF, 0xFE, 0xFD, 0xFF, 0xFE, 0x1C, 0x1C, 0xC0, 0x1C, 0x18, 0xC0, 0x1C,
    0x38, 0xC0, 0x1C, 0x38, 0xC6, 0x1C, 0x70, 0xC6, 0x1C, 0xF0, 0xC6, 0x1F, 0xE0, 0xFE, 0x1D, 0xC0,
    0xFE, 0x1E, 0x00, 0x00, 0x7F, 0xC0, 0x00, 0xF3, 0xFF, 0xFE, 0xE0, 0xFF, 0xFE, 0x00, 0x00, 0x00,
    0x00, 0x7F, 0xFE, 0x38, 0x3F, 0xFF, 0x0F, 0x02, 0x0F, 0x03, 0xC3, 0xCF, 0x00, 0xE0, 0xFE, 0x00,
    0x30, 0x1F, 0x00, 0x01, 0xFF, 0xF8, 0x00, 0xFF, 0xFC, 0x00, 0x61, 0x86, 0x3F, 0x30, 0xC3, 0x1F,
    0x9F, 0xFF, 0x81, 0xCF, 0xFF, 0xC0, 0xE6, 0x18, 0x60, 0x73, 0xFF, 0xF0, 0x39, 0xFF, 0xF8, 0x1C,
    0xC3, 0x0C, 0x0E, 0x61, 0x86, 0x07, 0x30, 0xC3, 0x03, 0x98, 0x6F, 0x83, 0xEC, 0x37, 0x83, 0xBC,
    0x00, 0x03, 0x8F, 0xFF, 0xF9, 0x81, 0xFF, 0xFC, 0x00, 0x00, 0x00, 0xFF, 0xF0, 0x00, 0xFF, 0xFF,
    0xFE, 0x0F, 0x8F, 0xFE, 0x0F, 0x80, 0x0E, 0x0F, 0x80, 0x0E, 0x7F, 0xE0, 0x0E, 0x7F, 0xE0, 0x0E,
    0x6F, 0x60, 0x0E, 0x6F, 0x60, 0x0E, 0x6F, 0x67, 0xFE, 0x6B, 0x67, 0xFE, 0x7B, 0x66, 0x0E, 0x7B,
    0xE6, 0x0C, 0x70, 0x66, 0x00, 0x60, 0x66, 0x00, 0x60, 0x66, 0x00, 0x7F, 0xE6, 0x00, 0x7F, 0xE6,
    0x06, 0x60, 0x66, 0x07, 0x60, 0x66, 0x06, 0x7F, 0xE6, 0x06, 0x7F, 0xE7, 0xFE, 0x60, 0x67, 0xFC,
    0x60, 0x00, 0x00, 0x00, 0x00, 0x20, 0x0F, 0xFF, 0xE0, 0xFF, 0xFF, 0xC1, 0xFF, 0xC0, 0x00, 0x03,
    0x80, 0x1F, 0xFF, 0xFF, 0xFF, 0xFF, 0xFF, 0x80, 0x1C, 0x00, 0x1F, 0xFF, 0xF0, 0x3F, 0xFF, 0xF0,
    0x60, 0xE0, 0xE0, 0xFF, 0xFF, 0xC1, 0xFF, 0xFF, 0x83, 0x07, 0x07, 0x06, 0x0E, 0x0E, 0x0F, 0xFF,
    0xFC, 0x1F, 0xFF, 0xF0, 0x00, 0x70, 0x00, 0xFF, 0xFF, 0xF1, 0xFF, 0xFF, 0xC0, 0x03, 0x80, 0x00,
    0x07, 0x00, 0x3F, 0xFF, 0xFF, 0xFF, 0xFF, 0xFF, 0x1F, 0xFF, 0xF0, 0x38, 0x00, 0xE0, 0x70, 0x01,
    0xC0, 0xFF, 0xFF, 0x81, 0xC0, 0x07, 0x03, 0x80, 0x0E, 0x07, 0xFF, 0xFC, 0x00, 0x00, 0x00, 0xFF,
    0xFF, 0xFF, 0xFF, 0xFF, 0xFC, 0x7F, 0xFF, 0xC0, 0xFF, 0xFF, 0xC1, 0x83, 0x83, 0x83, 0xFF, 0xFF,
    0x06, 0x0E, 0x0E, 0x0F, 0xFF, 0xFC, 0x1F, 0xFF, 0xF8, 0x00, 0x70, 0x00, 0xFF, 0xFF, 0xE1, 0xFF,
    0xFF, 0xC0, 0x03, 0x80, 0x1F, 0xFF, 0xFF, 0xFF, 0xFF, 0xFF, 0x80, 0x0C, 0x00, 0xE0, 0x0C, 0x00,
    0xE0, 0x1C, 0x00, 0xE0, 0x1F, 0xE0, 0xE0, 0x3F, 0xE0, 0xE0, 0x70, 0x00, 0xE0, 0x70, 0x00, 0xE0,
    0x60, 0x00, 0xE0, 0x7F, 0xC0, 0xE0, 0x3F, 0xFF, 0xFF, 0x06, 0x3F, 0xFF, 0x06, 0x00, 0xE0, 0x06,
    0x00, 0xE0, 0x7F, 0xE0, 0xE0, 0x7F, 0xE0, 0xE0, 0x06, 0x00, 0xE0, 0x06, 0x00, 0xE0, 0x06, 0x00,
    0xE0, 0x06, 0x00, 0xE0, 0x06, 0x60, 0xE0, 0x07, 0xE0, 0xE0, 0x07, 0xC0, 0xE0, 0x0F, 0x80, 0xE0,
    0x0E, 0x00, 0xE0, 0x00, 0x00, 0xE0, 0x0C, 0x00, 0xC0, 0x0C, 0x00, 0xE0, 0x1C, 0x00, 0xE0, 0x1F,
    0xE0, 0xE0, 0x3F, 0xE0, 0xE0, 0x70, 0x00, 0xE0, 0x70, 0x1F, 0xFF, 0x60, 0x1F, 0xFF, 0x7F, 0xD8,
    0xE7, 0x3F, 0xD8, 0xE7, 0x06, 0x18, 0xE7, 0x06, 0x18, 0xE7, 0x06, 0x18, 0xE7, 0x7F, 0xF8, 0xE7,
    0x7F, 0xFF, 0xFF, 0x06, 0x1F, 0xFF, 0x06, 0x18, 0xE7, 0x06, 0x18, 0xE7, 0x06, 0x00, 0xE0, 0x06,
    0x60, 0xE0, 0x07, 0xE0, 0xE0, 0x0F, 0xC0, 0xE0, 0x0F, 0x00, 0xE0, 0x0E, 0x00, 0xE0, 0x00, 0x00,
    0xC0, 0x18, 0x00, 0xC0, 0x0C, 0x30, 0x70, 0x0E, 0x18, 0x30, 0x07, 0xFF, 0xFF, 0xE3, 0xFB, 0xFF,
    0xF3, 0x81, 0xCC, 0x01, 0x80, 0xCE, 0xC0, 0xC0, 0x07, 0xE0, 0x7F, 0x03, 0x70, 0x1F, 0xFB, 0xB8,
    0x03, 0x3F, 0xFF, 0xC1, 0x9F, 0xFF, 0xC0, 0xC3, 0x87, 0x00, 0x61, 0xC3, 0x81, 0xFE, 0xE1, 0xC0,
    0xFF, 0x7F, 0xFE, 0x0C, 0x3F, 0xFF, 0x06, 0x1C, 0x38, 0x03, 0x0E, 0x1C, 0x01, 0xA7, 0x0E, 0x00,
    0xFF, 0xC7, 0x00, 0xFF, 0xFC, 0x18, 0x77, 0x1F, 0xFC, 0x31, 0x83, 0xFE, 0x00, 0x00, 0x00, 0x00,
    0x08, 0x06, 0x38, 0x0C, 0x07, 0x38, 0x1C, 0x07, 0x38, 0x1C, 0x07, 0x38, 0x3F, 0xDF, 0xFF, 0x3F,
    0xDF, 0xFF, 0x70, 0x07, 0x38, 0x60, 0x07, 0x38, 0x3F, 0xC7, 0x38, 0x3F, 0xFF, 0xFF, 0x06, 0x3F,
    0xFF, 0x06, 0x00, 0x00, 0x06, 0x00, 0x00, 0x7F, 0xEF, 0xFE, 0x7F, 0xEF, 0xFE, 0x06, 0x0C, 0x0E,
    0x06, 0x0C, 0x0E, 0x06, 0x0F, 0xFE, 0x06, 0x0F, 0xFE, 0x06, 0xCC, 0x0E, 0x07, 0xCC, 0x0E, 0x0F,
    0x8F, 0xFE, 0x0F, 0x0F, 0xFE, 0x0C, 0x0C, 0x0E, 0x00, 0x0C, 0x04, 0x08, 0x00, 0x60, 0x0E, 0x00,
    0x30, 0x06, 0x3F, 0xFF, 0x87, 0xFF, 0xFF, 0xC3, 0xF9, 0xC6, 0x63, 0x80, 0xC3, 0x31, 0xC0, 0xFF,
    0xFD, 0xC0, 0x67, 0xFE, 0x7F, 0xF0, 0x66, 0x1F, 0xFF, 0xFF, 0x03, 0x3F, 0xFF, 0x81, 0x89, 0x8C,
    0x00, 0xC0, 0xC6, 0x03, 0xFF, 0x7F, 0xF1, 0xFF, 0xFF, 0xF8, 0x18, 0xF0, 0xC0, 0x0C, 0x78, 0x60,
    0x06, 0x1F, 0xFF, 0x83, 0x0F, 0xFF, 0xC1, 0xB7, 0x0C, 0x00, 0xFF, 0xC6, 0x00, 0xFB, 0x7B, 0x00,
    0x77, 0x9F, 0xFC, 0x33, 0x83, 0xFE, 0x00, 0x80, 0x00, 0x00, 0x0C, 0x00, 0x00, 0x0C, 0x1F, 0xFE,
    0x1C, 0x1F, 0xFF, 0x1F, 0xD8, 0x07, 0x3F, 0xD8, 0x07, 0x70, 0x18, 0x07, 0x70, 0x1F, 0xFF, 0x60,
    0x1F, 0xFF, 0x7F, 0x98, 0x60, 0x3F, 0x98, 0x60, 0x0E, 0x18, 0x60, 0x0E, 0x1F, 0xFF, 0x0E, 0x1F,
    0xFF, 0x7F, 0xD8, 0x60, 0x7F, 0xF8, 0x60, 0x0E, 0x38, 0x60, 0x0E, 0x3F, 0xFE, 0x0E, 0x3F, 0xFE,
    0x0E, 0x3E, 0x06, 0x0E, 0xF6, 0x06, 0x0F, 0xF6, 0x06, 0x0F, 0xF6, 0x06, 0x0E, 0xE7, 0xFE, 0x1C,
    0xE7, 0xFE, 0x00, 0x06, 0x06, 0x08, 0x00, 0xC0, 0x06, 0x00, 0x60, 0x07, 0x07, 0xFF, 0x83, 0xFB,
    0xFF, 0xE3, 0xFC, 0x61, 0x83, 0x80, 0x38, 0xC1, 0xC0, 0x1C, 0xE0, 0xC0, 0x7F, 0xFE, 0x7F, 0xBF,
    0xFF, 0x1F, 0xE0, 0x00, 0x03, 0x87, 0xFF, 0x81, 0xC3, 0xFF, 0xC0, 0xE1, 0xC0, 0x63, 0xFE, 0xFF,
    0xF1, 0xFF, 0x7F, 0xF8, 0x1C, 0x38, 0x0C, 0x0E, 0x1F, 0xFE, 0x07, 0x0F, 0xFF, 0x03, 0x91, 0xCC,
    0x01, 0xF8, 0xE6, 0x00, 0xFC, 0x63, 0x30, 0x7C, 0x71, 0x98, 0x79, 0xF0, 0xFC, 0x18, 0xF0, 0x7E,
    0x00, 0x60, 0x00, 0x00, 0x06, 0x00, 0x00, 0x07, 0x00, 0x70, 0x07, 0x00, 0xF0, 0x07, 0x01, 0xE0,
    0x07, 0x03, 0xC0, 0x07, 0x07, 0x80, 0x07, 0x1F, 0x00, 0x07, 0x7E, 0x00, 0x07, 0x78, 0x00, 0x07,
    0x20, 0x00, 0x07, 0x00, 0x00, 0xFF, 0xFF, 0xFE, 0xFF, 0xFF, 0xFE, 0x07, 0x1C, 0x00, 0x07, 0x1C,
    0x00, 0x07, 0x0E, 0x00, 0x07, 0x0F, 0x00, 0x07, 0x07, 0x80, 0x07, 0x03, 0xC0, 0x07, 0x01, 0xE0,
    0x07, 0x3C, 0xF8, 0x07, 0xFC, 0x7E, 0x0F, 0xF0, 0x3E, 0x0F, 0x00, 0x0C, 0x00, 0x00, 0x00, 0x00,
    0x00, 0x03, 0x00, 0x00, 0x1C, 0xFF, 0xFE, 0x77, 0xFF, 0xF3, 0x80, 0x01, 0x88, 0x00, 0x0F, 0x00,
    0x00, 0x7C, 0x00, 0x03, 0xE7, 0xFF, 0x1F, 0x3F, 0xF8, 0xF9, 0xC1, 0xC7, 0xCE, 0x0E, 0x3E, 0x70,
    0x71, 0xF3, 0xFF, 0x8F, 0x9F, 0xFC, 0x7C, 0xE0, 0xE3, 0xE7, 0x07, 0x1F, 0x38, 0x38, 0xF9, 0xFF,
    0xC7, 0xCF, 0xFE, 0x3E, 0x00, 0x01, 0xF0, 0x00, 0x0F, 0x80, 0x03, 0xFC, 0x00, 0x1F, 0xC0, 0x00,
    0x00, 0x00, 0x00, 0x03, 0x00, 0x00, 0x1C, 0xFF, 0xFE, 0x77, 0xFF, 0xF3, 0x80, 0x01, 0x89, 0x83,
    0x0F, 0x0E, 0x38, 0x78, 0x31, 0xC3, 0xC1, 0xDC, 0x1E, 0x3F, 0xF8, 0xF1, 0xFF, 0xC7, 0x8C, 0x06,
    0x3C, 0x60, 0x31, 0xE3, 0x01, 0x8F, 0x1F, 0xFC, 0x78, 0xFF, 0xE3, 0xC1, 0xD8, 0x1E, 0x0C, 0xC0,
    0xF0, 0xE6, 0x37, 0x87, 0x31, 0xBC, 0xF1, 0xFD, 0xEF, 0x0F, 0xCF, 0x30, 0x00, 0xF8, 0x00, 0x1F,
    0xC0, 0x00, 0xF0, 0xFF, 0x00, 0x07, 0xFB, 0xFF, 0xF1, 0xDF, 0xFF, 0x8C, 0xE0, 0x7C, 0xE7, 0x03,
    0xE7, 0x38, 0x1F, 0x31, 0xC0, 0xFB, 0x8E, 0x07, 0xDC, 0x70, 0x3E, 0x73, 0x81, 0xF1, 0x9F, 0xFF,
    0x8E, 0xFF, 0xFC, 0x37, 0x03, 0xE1, 0xB8, 0x1F, 0x0D, 0xC0, 0xFF, 0xEE, 0x07, 0xDE, 0x70, 0x3E,
    0x03, 0x81, 0xF0, 0x1C, 0x0F, 0x80, 0xFF, 0xFC, 0x07, 0xFF, 0xE0, 0x38, 0x1F, 0x01, 0xC0, 0xF8,
    0x04, 0x00, 0x00, 0x00, 0x00, 0x00, 0x70, 0x63, 0xF8, 0xE0, 0xC7, 0xF1, 0x81, 0x8C, 0xE7, 0x03,
    0x19, 0x8C, 0x06, 0x33, 0x3F, 0xFF, 0x6E, 0xFF, 0xFE, 0xD9, 0xE0, 0x31, 0xB7, 0xC0, 0x63, 0x7F,
    0x90, 0xC6, 0x7B, 0x71, 0x8C, 0xE6, 0xE3, 0x18, 0xCC, 0xE6, 0x31, 0x99, 0xCC, 0x63, 0x31, 0x98,
    0xCE, 0x63, 0xB1, 0xFC, 0xC2, 0x63, 0x71, 0x80, 0xC6, 0x03, 0x01, 0x8C, 0x06, 0x03, 0x18, 0x0C,
    0x06, 0x30, 0x18, 0xFC, 0x60, 0x30, 0xF8, 0x00, 0x00, 0x00, 0x00, 0x01, 0x80, 0x7F, 0x03, 0x80,
    0x7F, 0x07, 0xC0, 0x67, 0x07, 0xE0, 0x66, 0x0E, 0xF0, 0x66, 0x3C, 0x78, 0x6E, 0x78, 0x3E, 0x6C,
    0xF0, 0x1E, 0x6C, 0xFF, 0xFE, 0x6C, 0x3F, 0xF8, 0x6E, 0x03, 0x80, 0x66, 0x03, 0x80, 0x67, 0x03,
    0x80, 0x63, 0xFF, 0xFE, 0x63, 0xFF, 0xFE, 0x63, 0x03, 0x80, 0x7F, 0x33, 0xB0, 0x7E, 0x3B, 0xB8,
    0x60, 0x73, 0x9C, 0x60, 0x73, 0x9C, 0x60, 0xE3, 0x8E, 0x61, 0xC3, 0x86, 0x61, 0xC3, 0x86, 0x60,
    0x1F, 0x80, 0x60, 0x0F, 0x00, 0x00, 0x00, 0x00, 0x00, 0x60, 0x0F, 0xE3, 0xFC, 0x3F, 0x9F, 0xF8,
    0xCE, 0xE1, 0xC3, 0x3F, 0x87, 0x0C, 0xDC, 0x38, 0x37, 0x7F, 0xFE, 0xD8, 0xFF, 0xFB, 0x60, 0x00,
    0xED, 0xC7, 0xFF, 0xB3, 0xBF, 0xFE, 0xC6, 0x00, 0x3B, 0x18, 0x00, 0xEC, 0x6F, 0xFF, 0xB1, 0xBF,
    0xFE, 0xFE, 0x1C, 0x03, 0xF0, 0x38, 0x0C, 0x1B, 0x73, 0x30, 0x6C, 0xEE, 0xC3, 0xB0, 0x7B, 0x0E,
    0xC1, 0xFC, 0x33, 0xFE, 0xF0, 0xCF, 0xF0, 0xC0, 0x00, 0x00, 0x00, 0x03, 0x01, 0xFE, 0x06, 0x03,
    0xFD, 0xFF, 0xF7, 0x3B, 0xFF, 0xEE, 0x71, 0x87, 0x1C, 0xC3, 0x8C, 0x3B, 0xBF, 0xFF, 0xF6, 0xFF,
    0xFF, 0xEC, 0x00, 0x01, 0xD8, 0x7F, 0xF3, 0xB9, 0xFF, 0xE7, 0x3B, 0x80, 0xCE, 0x77, 0xFF, 0x9C,
    0x6F, 0xFF, 0x38, 0xDC, 0x06, 0x71, 0xBF, 0xFC, 0xFF, 0x7F, 0xF9, 0xFC, 0x07, 0x03, 0x80, 0x0E,
    0x07, 0x0F, 0xFF, 0xFE, 0x0F, 0xFF, 0xFC, 0x00, 0x70, 0x38, 0x00, 0xE0, 0x70, 0x01, 0xC0, 0x60,
    0x03, 0x80, 0xFF, 0xFF, 0xFF, 0xFF, 0xFF, 0xFC, 0x00, 0xE0, 0x00, 0x03, 0x80, 0x00, 0x07, 0x00,
    0x0F, 0xFF, 0xFF, 0x9F, 0xFF, 0xFF, 0x38, 0xC1, 0x8E, 0x71, 0x83, 0x1C, 0xE3, 0x06, 0x39, 0xC7,
    0xFC, 0x73, 0x8F, 0xF8, 0xE7, 0x18, 0x31, 0xCE, 0x30, 0x63, 0x9C, 0x7F, 0xC7, 0x38, 0xFF, 0x8E,
    0x71, 0x83, 0x1C, 0xE3, 0x06, 0x39, 0xC6, 0x0C, 0x73, 0xFF, 0xFF, 0xE7, 0xFF, 0xFF, 0xCE, 0x00,
    0x03, 0x9C, 0x00, 0x07, 0x00, 0xFF, 0xFF, 0xFE, 0xFF, 0xFF, 0xFC, 0x00, 0xC0, 0x00, 0x03, 0x80,
    0x00, 0x07, 0x00, 0x03, 0xFF, 0xFE, 0x07, 0xFF, 0xFC, 0x0E, 0x00, 0x18, 0x1C, 0x38, 0x30, 0x38,
    0x70, 0x60, 0x70, 0xE0, 0xC0, 0xE1, 0xC1, 0x81, 0xC3, 0x83, 0x03, 0x87, 0x06, 0x07, 0x0E, 0x0C,
    0x0E, 0x1C, 0x18, 0x1C, 0x76, 0x30, 0x01, 0xFF, 0x00, 0x0F, 0x8F, 0x80, 0x7E, 0x07, 0xCF, 0xF0,
    0x07, 0xDF, 0x80, 0x03, 0x98, 0x00, 0x03, 0x00, 0x00, 0x7F, 0xFF, 0x00, 0x3F, 0xFF, 0x9F, 0xE0,
    0x70, 0x0F, 0xF0, 0x70, 0x00, 0xE3, 0xFF, 0xE0, 0x71, 0xFF, 0xF0, 0x38, 0xE0, 0x38, 0x1C, 0x73,
    0x9C, 0x0E, 0x39, 0xCE, 0x07, 0x1C, 0xE7, 0x03, 0x8E, 0x73, 0x81, 0xC7, 0x39, 0xC0, 0xE3, 0x9C,
    0xE0, 0x7F, 0xCE, 0x70, 0x7F, 0xE7, 0x38, 0xFE, 0x73, 0x1C, 0x7C, 0x33, 0x8C, 0x30, 0x01, 0xF8,
    0x00, 0x03, 0xDE, 0x00, 0x03, 0xC3, 0xC0, 0x0F, 0xC0, 0xF0, 0x07, 0x80, 0x38, 0x01, 0x00, 0x08,
    0x30, 0x60, 0x00, 0x30, 0x6F, 0xFF, 0x37, 0x6F, 0xFF, 0x37, 0x60, 0xE0, 0x37, 0x60, 0xE0, 0x37,
    0x6F, 0xFE, 0x37, 0x6F, 0xFE, 0x37, 0x6E, 0x06, 0x37, 0x6E, 0x66, 0x37, 0x6E, 0x66, 0x37, 0x6E,
    0x66, 0x37, 0x6E, 0x66, 0x37, 0x6E, 0x66, 0x37, 0x6E, 0x66, 0x37, 0x6E, 0x66, 0x37, 0x6E, 0xE6,
    0x37, 0x6E, 0xE6, 0x37, 0x66, 0xF6, 0x77, 0x61, 0xF8, 0x73, 0x61, 0xFC, 0x60, 0x67, 0x9E, 0x60,
    0x7F, 0x0F, 0x60, 0x7E, 0x07, 0x00, 0x08, 0x00, 0x00, 0x00, 0x00, 0x7F, 0xFF, 0xFF, 0x7F, 0xFF,
    0xFF, 0x01, 0xC0, 0xE0, 0x13, 0x80, 0xE0, 0x3F, 0x0F, 0xFE, 0x1E, 0x0F, 0xFE, 0x0F, 0x0E, 0x06,
    0x03, 0x8E, 0x66, 0x7F, 0xFE, 0xE6, 0x7F, 0xFE, 0xE6, 0x06, 0x6E, 0xE6, 0x06, 0x6E, 0xE6, 0x06,
    0xEE, 0xE6, 0x06, 0xCE, 0xE6, 0x06, 0x0E, 0xE6, 0x06, 0x0E, 0xE6, 0x06, 0x0D, 0xC6, 0x06, 0x01,
    0xF8, 0x06, 0x03, 0xBC, 0x06, 0x0F, 0x1E, 0x3E, 0x3E, 0x07, 0x3E, 0x18, 0x03, 0x00, 0x00, 0x00,
    0x03, 0x80, 0x00, 0x01, 0xC0, 0x00, 0x04, 0xE1, 0xFF, 0xC7, 0x70, 0xFF, 0xE3, 0xBF, 0x07, 0x01,
    0xDF, 0x83, 0x00, 0xEE, 0x1F, 0xF8, 0x77, 0x0F, 0xFC, 0x3B, 0x87, 0x06, 0x3F, 0xFF, 0xB3, 0x1F,
    0xFF, 0xD9, 0x80, 0x60, 0xEC, 0xC1, 0xB3, 0x76, 0x61, 0xD9, 0xBB, 0x30, 0xEC, 0xDD, 0x98, 0x66,
    0xEE, 0xCC, 0x73, 0x67, 0x66, 0x31, 0xF3, 0xB3, 0x00, 0xF1, 0xF9, 0x80, 0x78, 0x1E, 0x00, 0x78,
    0x1F, 0xC0, 0x78, 0x1C, 0xF0, 0xF8, 0x3E, 0x3C, 0xF0, 0x3C, 0x06, 0x20, 0x08, 0x01, 0x00, 0x1F,
    0xE0, 0x00, 0x1F, 0xFF, 0xFF, 0x8E, 0x1F, 0xFF, 0xC7, 0x0E, 0x1C, 0x03, 0xFF, 0x0E, 0x01, 0xFF,
    0xBF, 0xF0, 0xE1, 0xDF, 0xF8, 0x7F, 0xEC, 0x4C, 0x3F, 0xF6, 0x66, 0x00, 0x03, 0x33, 0x1F, 0xFF,
    0x99, 0x8F, 0xFF, 0xCC, 0xC0, 0x30, 0x66, 0x60, 0xD8, 0x37, 0x30, 0x6C, 0x1B, 0x98, 0x37, 0xED,
    0xAC, 0x3B, 0xF1, 0xF8, 0x1D, 0x81, 0xCE, 0x0F, 0xC1, 0xE3, 0xC7, 0xE3, 0xC0, 0xE3, 0x7C, 0xC0,
    0x23, 0x9F, 0xFF, 0xF9, 0x83, 0xFF, 0xFC, 0x40, 0x00, 0x00, 0x02, 0x00, 0x00, 0x03, 0x80, 0x00,
    0x00, 0xC3, 0xFF, 0xCF, 0xFF, 0xFF, 0xE7, 0xFF, 0x86, 0x03, 0xA1, 0xC3, 0x01, 0xD8, 0xFF, 0xF8,
    0x1F, 0xCF, 0xFC, 0x1F, 0xF6, 0x06, 0x1C, 0x73, 0x33, 0x1F, 0x39, 0x99, 0x8F, 0xF8, 0xCC, 0xC0,
    0xF8, 0x66, 0x60, 0x7F, 0x33, 0x30, 0xFB, 0xD9, 0x98, 0xF0, 0xEC, 0xCC, 0x7F, 0xE6, 0x66, 0x0F,
    0xF3, 0x73, 0x06, 0x19, 0xB1, 0x83, 0x0C, 0x1B, 0x01, 0x86, 0x1F, 0xC0, 0xC3, 0x1C, 0x70, 0x7F,
    0xBC, 0x1C, 0x3F, 0xFC, 0x06, 0x18, 0x08, 0x00, 0x00, 0x00, 0x00, 0xC0, 0x00, 0x00, 0x60, 0x1F,
    0xF0, 0x70, 0x0F, 0xF8, 0x3C, 0x00, 0x18, 0x3F, 0x01, 0x8C, 0x39, 0xC0, 0xE6, 0x38, 0x70, 0x63,
    0x3C, 0x3C, 0x31, 0xBF, 0xFF, 0x18, 0xFF, 0xFF, 0xCC, 0x6C, 0x00, 0xC6, 0x30, 0x00, 0x03, 0x38,
    0x0C, 0x01, 0xFF, 0xE6, 0x38, 0xFF, 0xB3, 0x18, 0x01, 0xD9, 0xDC, 0x00, 0xCE, 0xEC, 0x07, 0xE3,
    0x36, 0x1F, 0xF1, 0x9F, 0x0F, 0x18, 0x03, 0x00, 0x0C, 0x03, 0x80, 0x0E, 0xFF, 0xF8, 0x7F, 0xFF,
    0xFC, 0x1F, 0x00, 0x00, 0x00, 0x00, 0x00, 0x00, 0x00, 0x00, 0x60, 0x1F, 0xF8, 0x30, 0x0F, 0xFE,
    0x1E, 0x06, 0x67, 0x0F, 0x83, 0xF7, 0x86, 0xE1, 0xFB, 0xC3, 0x30, 0xFF, 0xE1, 0x98, 0x7F, 0xF0,
    0xC0, 0x33, 0xBF, 0xFF, 0x1F, 0xFF, 0xFF, 0x8F, 0xFC, 0x18, 0x00, 0x60, 0x1C, 0x03, 0xFF, 0x0F,
    0x01, 0xFF, 0x87, 0x80, 0x0C, 0x03, 0xC0, 0x06, 0x01, 0xE0, 0x7F, 0xF9, 0xF8, 0x3F, 0xFC, 0xEC,
    0x00, 0x00, 0xE7, 0x06, 0xF6, 0x71, 0x83, 0x7B, 0x70, 0xE3, 0xB7, 0xF8, 0x39, 0x9B, 0x78, 0x1E,
    0xCD, 0x18, 0x06, 0x00, 0x04, 0x00, 0x00, 0x00, 0x30, 0x00, 0x00, 0x38, 0x00, 0x00, 0x38, 0x00,
    0xFF, 0xFF, 0xFE, 0xFF, 0xFF, 0xFE, 0x07, 0x01, 0xC0, 0x03, 0x83, 0x80, 0x03, 0xC7, 0x80, 0x01,
    0xFF, 0x00, 0x00, 0x7C, 0x00, 0x01, 0xFF, 0x00, 0x1F, 0xEF, 0xF8, 0xFF, 0x83, 0xFE, 0xFF, 0x01,
    0xFE, 0x07, 0x01, 0xC0, 0x07, 0x01, 0xC0, 0x07, 0x01, 0xC0, 0x07, 0x01, 0xC0, 0x07, 0x01, 0xC0,
    0x07, 0x01, 0xC0, 0x0E, 0x01, 0xC0, 0x1E, 0x01, 0xC0, 0x3C, 0x01, 0xC0, 0x38, 0x01, 0xC0, 0x10,
    0x01, 0xC0, 0x00, 0x18, 0x00, 0x00, 0x70, 0x00, 0x38, 0xE0, 0x00, 0x71, 0xFF, 0xC0, 0xE3, 0xFF,
    0x81, 0xC7, 0x00, 0x03, 0x8E, 0x00, 0x07, 0x1C, 0x00, 0xFF, 0xFF, 0xFF, 0xFF, 0xFF, 0xFC, 0x00,
    0x40, 0x01, 0x81, 0xC0, 0xE3, 0x03, 0x81, 0xC6, 0x06, 0x03, 0x8C, 0x1E, 0x07, 0x18, 0x3F, 0x0E,
    0x30, 0xEF, 0x1C, 0x63, 0x8F, 0x38, 0xDE, 0x07, 0x71, 0xB8, 0x07, 0xE3, 0x60, 0x05, 0xC7, 0xFF,
    0xFF, 0x8F, 0xFF, 0xFF, 0x00, 0x00, 0x0E, 0x00, 0x00, 0x18, 0x3F, 0x1F, 0xDF, 0xCF, 0xFF, 0x33,
    0xCB, 0x80, 0xE0, 0xE0, 0x78, 0x38, 0x1C, 0x0F, 0xF7, 0xFB, 0xFD, 0xFE, 0xE0, 0x70, 0x38, 0x1C,
    0x0E, 0x07, 0x03, 0x81, 0xC0, 0xE0, 0x70, 0x38, 0x1C, 0x0E, 0x07, 0x03, 0x81, 0xC0, 0xE0, 0x70,
    0x38, 0x1C, 0x0E, 0x07, 0x00, 0x3F, 0x03, 0xFB, 0xFC, 0x9F, 0xC0, 0x0E, 0x00, 0x70, 0x03, 0xFD,
    0xDF, 0xEE, 0xE0, 0x77, 0x03, 0xB8, 0x1D, 0xC0, 0xEE, 0x07, 0x70, 0x3B, 0x81, 0xDC, 0x0E, 0xE0,
    0x77, 0x03, 0xB8, 0x1C, 0x3F, 0x71, 0xFD, 0xCF, 0x27, 0x38, 0x1C, 0xE0, 0x73, 0x81, 0xCF, 0xF7,
    0x3F, 0xDC, 0xE0, 0x73, 0x81, 0xCE, 0x07, 0x38, 0x1C, 0xE0, 0x73, 0x81, 0xCE, 0x07, 0x38, 0x1C,
    0xE0, 0x7B, 0x80, 0xFE, 0x01, 0xC0, 0x3F, 0x1F, 0x80, 0xFE, 0x7F, 0x3B, 0xCC, 0xF2, 0x77, 0x01,
    0xC0, 0x0E, 0x07, 0x80, 0x1C, 0x0E, 0x00, 0x3F, 0xDF, 0xE7, 0x7F, 0xBF, 0xCE, 0xE0, 0x70, 0x1D,
    0xC0, 0xE0, 0x3B, 0x81, 0xC0, 0x77, 0x03, 0x80, 0xEE, 0x07, 0x01, 0xDC, 0x0E, 0x03, 0xB8, 0x1C,
    0x07, 0x70, 0x38, 0x0E, 0xE0, 0x70, 0x1D, 0xC0, 0xE0, 0x3B, 0x81, 0xC0, 0x70, 0x3F, 0x1F, 0x9C,
    0x7F, 0x3F, 0x9C, 0xF3, 0x3C, 0x9C, 0xE0, 0x38, 0x1C, 0xE0, 0x78, 0x1C, 0xE0, 0x70, 0x1C, 0xFF,
    0x7F, 0x9C, 0xFF, 0x7F, 0x9C, 0xE0, 0x70, 0x1C, 0xE0, 0x70, 0x1C, 0xE0, 0x70, 0x1C, 0xE0, 0x70,
    0x1C, 0xE0, 0x70, 0x1C, 0xE0, 0x70, 0x1C, 0xE0, 0x70, 0x1C, 0xE0, 0x70, 0x1C, 0xE0, 0x70, 0x1E,
    0xE0, 0x70, 0x0F, 0xE0, 0x70, 0x0F,
};

static const EpdGlyph ubuntu_12_regularGlyphs[] = {
    { 0, 0, 0, 0, 0, 0, 0 }, // U+0000
    { 0, 0, 0, 0, 0, 0, 0 }, // U+0008
    { 0, 0, 92, 0, 0, 0, 0 }, // U+0009
    { 0, 0, 92, 0, 0, 0, 0 }, // U+000D
    { 0, 0, 0, 0, 0, 0, 0 }, // U+001D
    { 0, 0, 92, 0, 0, 0, 0 }, // U+0020
    { 5, 17, 110, 1, 17, 11, 0 }, // !
    { 8, 6, 167, 1, 20, 6, 11 }, // "
    { 15, 17, 267, 1, 17, 32, 17 }, // #
    { 12, 23, 226, 1, 20, 35, 49 }, // $
    { 20, 17, 343, 1, 17, 43, 84 }, // %
    { 16, 17, 266, 1, 17, 34, 127 }, // &
    { 4, 6, 96, 1, 20, 3, 161 }, // '
    { 7, 25, 130, 1, 20, 22, 164 }, // (
    { 7, 25, 130, 0, 20, 22, 186 }, // )
    { 12, 10, 192, 0, 17, 15, 208 }, // *
    { 12, 12, 226, 1, 14, 18, 223 }, // +
    { 5, 7, 98, 0, 3, 5, 241 }, // ,
    { 7, 2, 120, 0, 8, 2, 246 }, // -
    { 4, 3, 98, 1, 3, 2, 248 }, // .
    { 12, 25, 154, -1, 20, 38, 250 }, // /
    { 12, 17, 226, 1, 17, 26, 288 }, // 0
    { 8, 17, 226, 2, 17, 17, 314 }, // 1
    { 12, 17, 226, 1, 17, 26, 331 }, // 2
    { 12, 17, 226, 1, 17, 26, 357 }, // 3
    { 13, 17, 226, 1, 17, 28, 383 }, // 4
    { 12, 17, 226, 1, 17, 26, 411 }, // 5
    { 12, 17, 226, 1, 17, 26, 437 }, // 6
    { 12, 17, 226, 1, 17, 26, 463 }, // 7
    { 12, 17, 226, 1, 17, 26, 489 }, // 8
    { 12, 17, 226, 1, 17, 26, 515 }, // 9
    { 4, 13, 98, 1, 13, 7, 541 }, // :
    { 5, 17, 98, 0, 13, 11, 548 }, // ;
    { 12, 11, 226, 1, 13, 17, 559 }, // <
    { 12, 7, 226, 1, 11, 11, 576 }, // =
    { 12, 11, 226, 1, 13, 17, 587 }, // >
    { 10, 17, 162, 0, 17, 22, 604 }, // ?
    { 22, 22, 380, 1, 18, 61, 626 }, // @
    { 17, 17, 265, 0, 17, 37, 687 }, // A
    { 13, 17, 257, 2, 17, 28, 724 }, // B
    { 14, 17, 248, 1, 17, 30, 752 }, // C
    { 15, 17, 285, 2, 17, 32, 782 }, // D
    { 12, 17, 228, 2, 17, 26, 814 }, // E
    { 11, 17, 215, 2, 17, 24, 840 }, // F
    { 15, 17, 269, 1, 17, 32, 864 }, // G
    { 14, 17, 282, 2, 17, 30, 896 }, // H
    { 3, 17, 108, 2, 17, 7, 926 }, // I
    { 11, 17, 200, 0, 17, 24, 933 }, // J
    { 14, 17, 252, 2, 17, 30, 957 }, // K
    { 11, 17, 208, 2, 17, 24, 987 }, // L
    { 20, 17, 348, 1, 17, 43, 1011 }, // M
    { 15, 17, 291, 2, 17, 32, 1054 }, // N
    { 17, 17, 311, 1, 17, 37, 1086 }, // O
    { 13, 17, 243, 2, 17, 28, 1123 }, // P
    { 17, 22, 311, 1, 17, 47, 1151 }, // Q
    { 14, 17, 252, 2, 17, 30, 1198 }, // R
    { 13, 17, 213, 0, 17, 28, 1228 }, // S
    { 14, 17, 226, 0, 17, 30, 1256 }, // T
    { 14, 17, 275, 2, 17, 30, 1286 }, // U
    { 17, 17, 262, 0, 17, 37, 1316 }, // V
    { 23, 17, 372, 0, 17, 49, 1353 }, // W
    { 16, 17, 252, 0, 17, 34, 1402 }, // X
    { 15, 17, 239, 0, 17, 32, 1436 }, // Y
    { 14, 17, 229, 0, 17, 30, 1468 }, // Z
    { 7, 25, 132, 2, 20, 22, 1498 }, // [
    { 12, 25, 154, -1, 20, 38, 1520 }, // <backslash>
    { 6, 25, 132, 0, 20, 19, 1558 }, // ]
    { 12, 9, 226, 1, 17, 14, 1577 }, // ^
    { 14, 2, 197, -1, -3, 4, 1591 }, // _
    { 6, 5, 150, 1, 20, 4, 1595 }, // `
    { 11, 13, 209, 1, 13, 18, 1599 }, // a
    { 12, 19, 236, 2, 19, 29, 1617 }, // b
    { 11, 13, 186, 1, 13, 18, 1646 }, // c
    { 12, 19, 236, 1, 19, 29, 1664 }, // d
    { 12, 13, 224, 1, 13, 20, 1693 }, // e
    { 8, 19, 154, 2, 19, 19, 1713 }, // f
    { 12, 18, 231, 1, 13, 27, 1732 }, // g
    { 11, 19, 228, 2, 19, 27, 1759 }, // h
    { 4, 18, 101, 1, 18, 9, 1786 }, // i
    { 7, 23, 101, -2, 18, 21, 1795 }, // j
    { 11, 19, 209, 2, 19, 27, 1816 }, // k
    { 6, 19, 109, 1, 19, 15, 1843 }, // l
    { 18, 13, 344, 2, 13, 30, 1858 }, // m
    { 11, 13, 230, 2, 13, 18, 1888 }, // n
    { 13, 13, 236, 1, 13, 22, 1906 }, // o
    { 12, 18, 236, 2, 13, 27, 1928 }, // p
    { 12, 18, 236, 1, 13, 27, 1955 }, // q
    { 8, 13, 154, 2, 13, 13, 1982 }, // r
    { 10, 13, 178, 1, 13, 17, 1995 }, // s
    { 9, 17, 161, 1, 17, 20, 2012 }, // t
    { 12, 13, 230, 1, 13, 20, 2032 }, // u
    { 13, 13, 201, 0, 13, 22, 2052 }, // v
    { 19, 13, 311, 0, 13, 31, 2074 }, // w
    { 13, 13, 204, 0, 13, 22, 2105 }, // x
    { 12, 18, 199, 0, 13, 27, 2127 }, // y
    { 11, 13, 188, 0, 13, 18, 2154 }, // z
    { 8, 25, 133, 1, 20, 25, 2172 }, // {
    { 3, 25, 112, 2, 20, 10, 2197 }, // |
    { 8, 25, 133, 0, 20, 25, 2207 }, // }
    { 12, 4, 226, 1, 10, 6, 2232 }, // ~
    { 0, 0, 92, 0, 0, 0, 2238 }, // U+00A0
    { 5, 18, 110, 1, 13, 12, 2238 }, // U+00A1
    { 10, 19, 226, 2, 16, 24, 2250 }, // U+00A2
    { 12, 17, 226, 1, 17, 26, 2274 }, // U+00A3
    { 12, 12, 226, 1, 15, 18, 2300 }, // U+00A4
    { 14, 17, 226, 0, 17, 30, 2318 }, // U+00A5
    { 3, 25, 112, 2, 20, 10, 2348 }, // U+00A6
    { 11, 20, 197, 1, 18, 28, 2358 }, // U+00A7
    { 9, 3, 150, 0, 18, 4, 2386 }, // U+00A8
    { 18, 17, 326, 1, 17, 39, 2390 }, // U+00A9
    { 9, 9, 156, 0, 17, 11, 2429 }, // U+00AA
    { 12, 11, 200, 0, 13, 17, 2440 }, // U+00AB
    { 12, 9, 226, 1, 10, 14, 2457 }, // U+00AC
    { 7, 2, 120, 0, 8, 2, 2471 }, // U+00AD
    { 18, 17, 326, 1, 17, 39, 2473 }, // U+00AE
    { 8, 2, 150, 1, 18, 2, 2512 }, // U+00AF
    { 8, 7, 133, 0, 19, 7, 2514 }, // U+00B0
    { 12, 15, 226, 1, 15, 23, 2521 }, // U+00B1
    { 8, 10, 144, 0, 18, 10, 2544 }, // U+00B2
    { 8, 10, 144, 0, 18, 10, 2554 }, // U+00B3
    { 5, 5, 150, 3, 20, 4, 2564 }, // U+00B4
    { 11, 18, 232, 2, 13, 25, 2568 }, // U+00B5
    { 13, 22, 258, 1, 17, 36, 2593 }, // U+00B6
    { 4, 3, 98, 1, 9, 2, 2629 }, // U+00B7
    { 6, 6, 150, 1, 1, 5, 2631 }, // U+00B8
    { 5, 10, 144, 1, 18, 7, 2636 }, // U+00B9
    { 10, 9, 178, 1, 17, 12, 2643 }, // U+00BA
    { 11, 11, 200, 1, 13, 16, 2655 }, // U+00BB
    { 21, 18, 350, 1, 18, 48, 2671 }, // U+00BC
    { 20, 18, 350, 1, 18, 45, 2719 }, // U+00BD
    { 22, 18, 350, 0, 18, 50, 2764 }, // U+00BE
    { 10, 18, 162, 0, 13, 23, 2814 }, // U+00BF
    { 17, 24, 265, 0, 24, 51, 2837 }, // U+00C0
    { 17, 24, 265, 0, 24, 51, 2888 }, // U+00C1
    { 17, 24, 265, 0, 24, 51, 2939 }, // U+00C2
    { 17, 23, 265, 0, 23, 49, 2990 }, // U+00C3
    { 17, 22, 265, 0, 22, 47, 3039 }, // U+00C4
    { 17, 21, 265, 0, 21, 45, 3086 }, // U+00C5
    { 23, 17, 374, 0, 17, 49, 3131 }, // U+00C6
    { 14, 23, 248, 1, 17, 41, 3180 }, // U+00C7
    { 12, 24, 228, 2, 24, 36, 3221 }, // U+00C8
    { 12, 24, 228, 2, 24, 36, 3257 }, // U+00C9
    { 12, 24, 228, 2, 24, 36, 3293 }, // U+00CA
    { 12, 22, 228, 2, 22, 33, 3329 }, // U+00CB
    { 6, 24, 108, 0, 24, 18, 3362 }, // U+00CC
    { 6, 24, 108, 1, 24, 18, 3380 }, // U+00CD
    { 8, 24, 108, -1, 24, 24, 3398 }, // U+00CE
    { 9, 22, 108, -1, 22, 25, 3422 }, // U+00CF
    { 17, 17, 290, 0, 17, 37, 3447 }, // U+00D0
    { 15, 23, 291, 2, 23, 44, 3484 }, // U+00D1
    { 17, 24, 311, 1, 24, 51, 3528 }, // U+00D2
    { 17, 24, 311, 1, 24, 51, 3579 }, // U+00D3
    { 17, 24, 311, 1, 24, 51, 3630 }, // U+00D4
    { 17, 23, 311, 1, 23, 49, 3681 }, // U+00D5
    { 17, 22, 311, 1, 22, 47, 3730 }, // U+00D6
    { 11, 11, 226, 2, 13, 16, 3777 }, // U+00D7
    { 17, 19, 311, 1, 18, 41, 3793 }, // U+00D8
    { 14, 24, 275, 2, 24, 42, 3834 }, // U+00D9
    { 14, 24, 275, 2, 24, 42, 3876 }, // U+00DA
    { 14, 24, 275, 2, 24, 42, 3918 }, // U+00DB
    { 14, 22, 275, 2, 22, 39, 3960 }, // U+00DC
    { 15, 24, 239, 0, 24, 45, 3999 }, // U+00DD
    { 13, 17, 244, 2, 17, 28, 4044 }, // U+00DE
    { 13, 19, 249, 2, 19, 31, 4072 }, // U+00DF
    { 11, 20, 209, 1, 20, 28, 4103 }, // U+00E0
    { 11, 20, 209, 1, 20, 28, 4131 }, // U+00E1
    { 11, 20, 209, 1, 20, 28, 4159 }, // U+00E2
    { 11, 19, 209, 1, 19, 27, 4187 }, // U+00E3
    { 11, 18, 209, 1, 18, 25, 4214 }, // U+00E4
    { 11, 20, 209, 1, 20, 28, 4239 }, // U+00E5
    { 20, 13, 344, 1, 13, 33, 4267 }, // U+00E6
    { 11, 19, 186, 1, 13, 27, 4300 }, // U+00E7
    { 12, 20, 224, 1, 20, 30, 4327 }, // U+00E8
    { 12, 20, 224, 1, 20, 30, 4357 }, // U+00E9
    { 12, 20, 224, 1, 20, 30, 4387 }, // U+00EA
    { 12, 18, 224, 1, 18, 27, 4417 }, // U+00EB
    { 5, 20, 101, 0, 20, 13, 4444 }, // U+00EC
    { 6, 20, 101, 1, 20, 15, 4457 }, // U+00ED
    { 8, 20, 101, -1, 20, 20, 4472 }, // U+00EE
    { 8, 18, 101, -1, 18, 18, 4492 }, // U+00EF
    { 14, 19, 236, 1, 19, 34, 4510 }, // U+00F0
    { 11, 19, 230, 2, 19, 27, 4544 }, // U+00F1
    { 13, 20, 236, 1, 20, 33, 4571 }, // U+00F2
    { 13, 20, 236, 1, 20, 33, 4604 }, // U+00F3
    { 13, 20, 236, 1, 20, 33, 4637 }, // U+00F4
    { 13, 19, 236, 1, 19, 31, 4670 }, // U+00F5
    { 13, 18, 236, 1, 18, 30, 4701 }, // U+00F6
    { 12, 12, 226, 1, 14, 18, 4731 }, // U+00F7
    { 13, 15, 236, 1, 14, 25, 4749 }, // U+00F8
    { 12, 20, 230, 1, 20, 30, 4774 }, // U+00F9
    { 12, 20, 230, 1, 20, 30, 4804 }, // U+00FA
    { 12, 20, 230, 1, 20, 30, 4834 }, // U+00FB
    { 12, 18, 230, 1, 18, 27, 4864 }, // U+00FC
    { 12, 25, 199, 0, 20, 38, 4891 }, // U+00FD
    { 12, 24, 236, 2, 19, 36, 4929 }, // U+00FE
    { 12, 23, 199, 0, 18, 35, 4965 }, // U+00FF
    { 17, 22, 265, 0, 22, 47, 5000 }, // U+0100
    { 11, 18, 209, 1, 18, 25, 5047 }, // U+0101
    { 17, 23, 265, 0, 23, 49, 5072 }, // U+0102
    { 11, 19, 209, 1, 19, 27, 5121 }, // U+0103
    { 17, 22, 265, 0, 17, 47, 5148 }, // U+0104
    { 11, 18, 209, 1, 13, 25, 5195 }, // U+0105
    { 14, 24, 248, 1, 24, 42, 5220 }, // U+0106
    { 11, 20, 186, 1, 20, 28, 5262 }, // U+0107
    { 14, 24, 248, 1, 24, 42, 5290 }, // U+0108
    { 11, 20, 186, 1, 20, 28, 5332 }, // U+0109
    { 14, 22, 248, 1, 22, 39, 5360 }, // U+010A
    { 11, 18, 186, 1, 18, 25, 5399 }, // U+010B
    { 14, 24, 248, 1, 24, 42, 5424 }, // U+010C
    { 11, 20, 186, 1, 20, 28, 5466 }, // U+010D
    { 15, 24, 285, 2, 24, 45, 5494 }, // U+010E
    { 16, 19, 249, 1, 19, 38, 5539 }, // U+010F
    { 17, 17, 290, 0, 17, 37, 5577 }, // U+0110
    { 14, 19, 236, 1, 19, 34, 5614 }, // U+0111
    { 12, 22, 228, 2, 22, 33, 5648 }, // U+0112
    { 12, 18, 224, 1, 18, 27, 5681 }, // U+0113
    { 12, 23, 228, 2, 23, 35, 5708 }, // U+0114
    { 12, 19, 224, 1, 19, 29, 5743 }, // U+0115
    { 12, 22, 228, 2, 22, 33, 5772 }, // U+0116
    { 12, 18, 224, 1, 18, 27, 5805 }, // U+0117
    { 12, 22, 228, 2, 17, 33, 5832 }, // U+0118
    { 12, 18, 224, 1, 13, 27, 5865 }, // U+0119
    { 12, 24, 228, 2, 24, 36, 5892 }, // U+011A
    { 12, 21, 224, 1, 21, 32, 5928 }, // U+011B
    { 15, 24, 269, 1, 24, 45, 5960 }, // U+011C
    { 12, 25, 231, 1, 20, 38, 6005 }, // U+011D
    { 15, 23, 269, 1, 23, 44, 6043 }, // U+011E
    { 12, 24, 231, 1, 19, 36, 6087 }, // U+011F
    { 15, 22, 269, 1, 22, 42, 6123 }, // U+0120
    { 12, 23, 231, 1, 18, 35, 6165 }, // U+0121
    { 15, 21, 269, 1, 17, 40, 6200 }, // U+0122
    { 12, 24, 231, 1, 19, 36, 6240 }, // U+0123
    { 14, 24, 282, 2, 24, 42, 6276 }, // U+0124
    { 12, 25, 228, 1, 25, 38, 6318 }, // U+0125
    { 18, 17, 292, 0, 17, 39, 6356 }, // U+0126
    { 13, 19, 228, 0, 19, 31, 6395 }, // U+0127
    { 9, 23, 108, -1, 23, 26, 6426 }, // U+0128
    { 9, 19, 101, -1, 19, 22, 6452 }, // U+0129
    { 8, 22, 108, -1, 22, 22, 6474 }, // U+012A
    { 8, 18, 101, -1, 18, 18, 6496 }, // U+012B
    { 7, 23, 108, 0, 23, 21, 6514 }, // U+012C
    { 8, 19, 101, -1, 19, 19, 6535 }, // U+012D
    { 5, 22, 108, 0, 17, 14, 6554 }, // U+012E
    { 5, 23, 101, 0, 18, 15, 6568 }, // U+012F
    { 4, 22, 108, 1, 22, 11, 6583 }, // U+0130
    { 3, 13, 101, 2, 13, 5, 6594 }, // U+0131
    { 16, 17, 307, 2, 17, 34, 6599 }, // U+0132
    { 11, 23, 204, 1, 18, 32, 6633 }, // U+0133
    { 13, 24, 200, 0, 24, 39, 6665 }, // U+0134
    { 9, 25, 101, -2, 20, 29, 6704 }, // U+0135
    { 14, 21, 252, 2, 17, 37, 6733 }, // U+0136
    { 11, 23, 209, 2, 19, 32, 6770 }, // U+0137
    { 12, 13, 215, 2, 13, 20, 6802 }, // U+0138
    { 11, 24, 208, 2, 24, 33, 6822 }, // U+0139
    { 6, 23, 109, 1, 23, 18, 6855 }, // U+013A
    { 11, 21, 208, 2, 17, 29, 6873 }, // U+013B
    { 7, 23, 109, 0, 19, 21, 6902 }, // U+013C
    { 11, 17, 208, 2, 17, 24, 6923 }, // U+013D
    { 8, 19, 114, 1, 19, 19, 6947 }, // U+013E
    { 11, 17, 208, 2, 17, 24, 6966 }, // U+013F
    { 9, 19, 148, 1, 19, 22, 6990 }, // U+0140
    { 15, 17, 215, -1, 17, 32, 7012 }, // U+0141
    { 8, 19, 115, 0, 19, 19, 7044 }, // U+0142
    { 15, 24, 291, 2, 24, 45, 7063 }, // U+0143
    { 11, 20, 230, 2, 20, 28, 7108 }, // U+0144
    { 15, 21, 291, 2, 17, 40, 7136 }, // U+0145
    { 11, 17, 230, 2, 13, 24, 7176 }, // U+0146
    { 15, 24, 291, 2, 24, 45, 7200 }, // U+0147
    { 11, 20, 230, 2, 20, 28, 7245 }, // U+0148
    { 13, 19, 230, 0, 19, 31, 7273 }, // U+0149
    { 15, 22, 291, 2, 17, 42, 7304 }, // U+014A
    { 11, 18, 230, 2, 13, 25, 7346 }, // U+014B
    { 17, 22, 311, 1, 22, 47, 7371 }, // U+014C
    { 13, 18, 236, 1, 18, 30, 7418 }, // U+014D
    { 17, 23, 311, 1, 23, 49, 7448 }, // U+014E
    { 13, 19, 236, 1, 19, 31, 7497 }, // U+014F
    { 17, 24, 311, 1, 24, 51, 7528 }, // U+0150
    { 13, 20, 236, 1, 20, 33, 7579 }, // U+0151
    { 23, 17, 397, 1, 17, 49, 7612 }, // U+0152
    { 22, 13, 379, 1, 13, 36, 7661 }, // U+0153
    { 14, 24, 252, 2, 24, 42, 7697 }, // U+0154
    { 8, 20, 154, 2, 20, 20, 7739 }, // U+0155
    { 14, 21, 252, 2, 17, 37, 7759 }, // U+0156
    { 10, 17, 154, 0, 13, 22, 7796 }, // U+0157
    { 14, 24, 252, 2, 24, 42, 7818 }, // U+0158
    { 8, 20, 154, 2, 20, 20, 7860 }, // U+0159
    { 13, 24, 213, 0, 24, 39, 7880 }, // U+015A
    { 10, 20, 178, 1, 20, 25, 7919 }, // U+015B
    { 13, 24, 213, 0, 24, 39, 7944 }, // U+015C
    { 10, 20, 178, 1, 20, 25, 7983 }, // U+015D
    { 13, 22, 213, 0, 17, 36, 8008 }, // U+015E
    { 10, 18, 178, 1, 13, 23, 8044 }, // U+015F
    { 13, 24, 213, 0, 24, 39, 8067 }, // U+0160
    { 10, 20, 178, 1, 20, 25, 8106 }, // U+0161
    { 14, 23, 226, 0, 17, 41, 8131 }, // U+0162
    { 9, 22, 161, 1, 17, 25, 8172 }, // U+0163
    { 14, 24, 226, 0, 24, 42, 8197 }, // U+0164
    { 9, 20, 161, 1, 20, 23, 8239 }, // U+0165
    { 14, 17, 226, 0, 17, 30, 8262 }, // U+0166
    { 9, 17, 161, 1, 17, 20, 8292 }, // U+0167
    { 14, 23, 275, 2, 23, 41, 8312 }, // U+0168
    { 12, 19, 230, 1, 19, 29, 8353 }, // U+0169
    { 14, 22, 275, 2, 22, 39, 8382 }, // U+016A
    { 12, 18, 230, 1, 18, 27, 8421 }, // U+016B
    { 14, 23, 275, 2, 23, 41, 8448 }, // U+016C
    { 12, 19, 230, 1, 19, 29, 8489 }, // U+016D
    { 14, 24, 275, 2, 24, 42, 8518 }, // U+016E
    { 12, 20, 230, 1, 20, 30, 8560 }, // U+016F
    { 14, 24, 275, 2, 24, 42, 8590 }, // U+0170
    { 12, 20, 230, 1, 20, 30, 8632 }, // U+0171
    { 14, 22, 275, 2, 17, 39, 8662 }, // U+0172
    { 12, 18, 230, 1, 13, 27, 8701 }, // U+0173
    { 23, 24, 372, 0, 24, 69, 8728 }, // U+0174
    { 19, 20, 311, 0, 20, 48, 8797 }, // U+0175
    { 15, 24, 239, 0, 24, 45, 8845 }, // U+0176
    { 12, 25, 199, 0, 20, 38, 8890 }, // U+0177
    { 15, 22, 239, 0, 22, 42, 8928 }, // U+0178
    { 14, 24, 229, 0, 24, 42, 8970 }, // U+0179
    { 11, 20, 188, 0, 20, 28, 9012 }, // U+017A
    { 14, 22, 229, 0, 22, 39, 9040 }, // U+017B
    { 11, 18, 188, 0, 18, 25, 9079 }, // U+017C
    { 14, 24, 229, 0, 24, 42, 9104 }, // U+017D
    { 11, 20, 188, 0, 20, 28, 9146 }, // U+017E
    { 8, 19, 109, 2, 19, 19, 9174 }, // U+017F
    { 18, 19, 311, 1, 19, 43, 9193 }, // U+01A0
    { 14, 15, 236, 1, 15, 27, 9236 }, // U+01A1
    { 17, 20, 284, 2, 20, 43, 9263 }, // U+01AF
    { 15, 16, 239, 1, 16, 30, 9306 }, // U+01B0
    { 30, 24, 516, 2, 24, 90, 9336 }, // U+01C4
    { 27, 20, 475, 2, 20, 68, 9426 }, // U+01C5
    { 25, 20, 426, 1, 20, 63, 9494 }, // U+01C6
    { 22, 17, 407, 2, 17, 47, 9557 }, // U+01C7
    { 16, 23, 310, 2, 18, 46, 9604 }, // U+01C8
    { 11, 24, 212, 1, 19, 33, 9650 }, // U+01C9
    { 27, 17, 491, 2, 17, 58, 9683 }, // U+01CA
    { 21, 23, 394, 2, 18, 61, 9741 }, // U+01CB
    { 18, 23, 332, 2, 18, 52, 9802 }, // U+01CC
    { 17, 24, 265, 0, 24, 51, 9854 }, // U+01CD
    { 11, 20, 209, 1, 20, 28, 9905 }, // U+01CE
    { 7, 24, 108, 0, 24, 21, 9933 }, // U+01CF
    { 8, 20, 101, -1, 20, 20, 9954 }, // U+01D0
    { 17, 24, 311, 1, 24, 51, 9974 }, // U+01D1
    { 13, 20, 236, 1, 20, 33, 10025 }, // U+01D2
    { 14, 24, 275, 2, 24, 42, 10058 }, // U+01D3
    { 12, 20, 230, 1, 20, 30, 10100 }, // U+01D4
    { 14, 25, 275, 2, 25, 44, 10130 }, // U+01D5
    { 12, 21, 230, 1, 21, 32, 10174 }, // U+01D6
    { 14, 24, 275, 2, 24, 42, 10206 }, // U+01D7
    { 12, 21, 230, 1, 21, 32, 10248 }, // U+01D8
    { 14, 25, 275, 2, 25, 44, 10280 }, // U+01D9
    { 12, 22, 230, 1, 22, 33, 10324 }, // U+01DA
    { 14, 24, 275, 2, 24, 42, 10357 }, // U+01DB
    { 12, 21, 230, 1, 21, 32, 10399 }, // U+01DC
    { 12, 13, 224, 1, 13, 20, 10431 }, // U+01DD
    { 17, 25, 265, 0, 25, 54, 10451 }, // U+01DE
    { 11, 21, 209, 1, 21, 29, 10505 }, // U+01DF
    { 17, 25, 265, 0, 25, 54, 10534 }, // U+01E0
    { 11, 21, 209, 1, 21, 29, 10588 }, // U+01E1
    { 23, 22, 374, 0, 22, 64, 10617 }, // U+01E2
    { 20, 18, 344, 1, 18, 45, 10681 }, // U+01E3
    { 17, 17, 281, 1, 17, 37, 10726 }, // U+01E4
    { 14, 18, 236, 1, 13, 32, 10763 }, // U+01E5
    { 15, 24, 269, 1, 24, 45, 10795 }, // U+01E6
    { 12, 25, 231, 1, 20, 38, 10840 }, // U+01E7
    { 14, 24, 252, 2, 24, 42, 10878 }, // U+01E8
    { 12, 25, 209, 1, 25, 38, 10920 }, // U+01E9
    { 17, 22, 311, 1, 17, 47, 10958 }, // U+01EA
    { 13, 18, 236, 1, 13, 30, 11005 }, // U+01EB
    { 17, 27, 311, 1, 22, 58, 11035 }, // U+01EC
    { 13, 23, 236, 1, 18, 38, 11093 }, // U+01ED
    { 13, 24, 227, 0, 24, 39, 11131 }, // U+01EE
    { 12, 25, 188, -1, 20, 38, 11170 }, // U+01EF
    { 9, 25, 101, -2, 20, 29, 11208 }, // U+01F0
    { 30, 17, 516, 2, 17, 64, 11237 }, // U+01F1
    { 27, 17, 475, 2, 17, 58, 11301 }, // U+01F2
    { 25, 19, 426, 1, 19, 60, 11359 }, // U+01F3
    { 15, 24, 269, 1, 24, 45, 11419 }, // U+01F4
    { 12, 25, 231, 1, 20, 38, 11464 }, // U+01F5
    { 23, 17, 423, 2, 17, 49, 11502 }, // U+01F6
    { 13, 22, 257, 2, 17, 36, 11551 }, // U+01F7
    { 15, 24, 291, 2, 24, 45, 11587 }, // U+01F8
    { 11, 20, 230, 2, 20, 28, 11632 }, // U+01F9
    { 17, 23, 265, 0, 23, 49, 11660 }, // U+01FA
    { 11, 21, 209, 1, 21, 29, 11709 }, // U+01FB
    { 23, 24, 374, 0, 24, 69, 11738 }, // U+01FC
    { 20, 20, 344, 1, 20, 50, 11807 }, // U+01FD
    { 17, 25, 311, 1, 24, 54, 11857 }, // U+01FE
    { 13, 21, 236, 1, 20, 35, 11911 }, // U+01FF
    { 17, 24, 265, 0, 24, 51, 11946 }, // U+0200
    { 11, 20, 209, 1, 20, 28, 11997 }, // U+0201
    { 17, 23, 265, 0, 23, 49, 12025 }, // U+0202
    { 11, 19, 209, 1, 19, 27, 12074 }, // U+0203
    { 12, 24, 228, 2, 24, 36, 12101 }, // U+0204
    { 12, 20, 224, 1, 20, 30, 12137 }, // U+0205
    { 12, 23, 228, 2, 23, 35, 12167 }, // U+0206
    { 12, 19, 224, 1, 19, 29, 12202 }, // U+0207
    { 9, 24, 108, -2, 24, 27, 12231 }, // U+0208
    { 10, 20, 101, -3, 20, 25, 12258 }, // U+0209
    { 7, 23, 108, 0, 23, 21, 12283 }, // U+020A
    { 8, 19, 101, -1, 19, 19, 12304 }, // U+020B
    { 17, 24, 311, 1, 24, 51, 12323 }, // U+020C
    { 13, 20, 236, 1, 20, 33, 12374 }, // U+020D
    { 17, 23, 311, 1, 23, 49, 12407 }, // U+020E
    { 13, 19, 236, 1, 19, 31, 12456 }, // U+020F
    { 14, 24, 252, 2, 24, 42, 12487 }, // U+0210
    { 10, 20, 154, 0, 20, 25, 12529 }, // U+0211
    { 14, 23, 252, 2, 23, 41, 12554 }, // U+0212
    { 8, 19, 154, 2, 19, 19, 12595 }, // U+0213
    { 14, 24, 275, 2, 24, 42, 12614 }, // U+0214
    { 12, 20, 230, 1, 20, 30, 12656 }, // U+0215
    { 14, 23, 275, 2, 23, 41, 12686 }, // U+0216
    { 12, 19, 230, 1, 19, 29, 12727 }, // U+0217
    { 13, 21, 213, 0, 17, 35, 12756 }, // U+0218
    { 10, 17, 178, 1, 13, 22, 12791 }, // U+0219
    { 14, 21, 226, 0, 17, 37, 12813 }, // U+021A
    { 9, 21, 161, 1, 17, 24, 12850 }, // U+021B
    { 13, 22, 214, 0, 17, 36, 12874 }, // U+021C
    { 10, 18, 174, 0, 13, 23, 12910 }, // U+021D
    { 14, 24, 282, 2, 24, 42, 12933 }, // U+021E
    { 12, 25, 228, 1, 25, 38, 12975 }, // U+021F
    { 11, 9, 0, 2, 18, 13, 13013 }, // U+0300
    { 11, 9, 0, 2, 19, 13, 13026 }, // U+0301
    { 8, 2, 0, -4, 19, 2, 13039 }, // U+0304
    { 5, 5, 0, 5, 22, 4, 13041 }, // U+0307
    { 13, 10, 0, 1, 18, 17, 13045 }, // U+030C
    { 8, 4, 150, 1, 19, 4, 13062 }, // U+0311
    { 12, 24, 228, 2, 24, 36, 13066 }, // U+0400
    { 12, 22, 228, 2, 22, 33, 13102 }, // U+0401
    { 18, 17, 300, 0, 17, 39, 13135 }, // U+0402
    { 11, 24, 204, 2, 24, 33, 13174 }, // U+0403
    { 14, 17, 248, 1, 17, 30, 13207 }, // U+0404
    { 13, 17, 213, 0, 17, 28, 13237 }, // U+0405
    { 3, 17, 108, 2, 17, 7, 13265 }, // U+0406
    { 9, 22, 108, -1, 22, 25, 13272 }, // U+0407
    { 11, 17, 200, 0, 17, 24, 13297 }, // U+0408
    { 26, 18, 417, 0, 17, 59, 13321 }, // U+0409
    { 23, 17, 410, 2, 17, 49, 13380 }, // U+040A
    { 18, 17, 300, 0, 17, 39, 13429 }, // U+040B
    { 14, 24, 252, 2, 24, 42, 13468 }, // U+040C
    { 15, 24, 291, 2, 24, 45, 13510 }, // U+040D
    { 15, 23, 235, 0, 23, 44, 13555 }, // U+040E
    { 14, 22, 280, 2, 17, 39, 13599 }, // U+040F
    { 17, 17, 265, 0, 17, 37, 13638 }, // U+0410
    { 13, 17, 248, 2, 17, 28, 13675 }, // U+0411
    { 13, 17, 257, 2, 17, 28, 13703 }, // U+0412
    { 11, 17, 204, 2, 17, 24, 13731 }, // U+0413
    { 18, 22, 289, 0, 17, 50, 13755 }, // U+0414
    { 12, 17, 228, 2, 17, 26, 13805 }, // U+0415
    { 23, 17, 362, 0, 17, 49, 13831 }, // U+0416
    { 14, 17, 229, 0, 17, 30, 13880 }, // U+0417
    { 15, 17, 291, 2, 17, 32, 13910 }, // U+0418
    { 15, 23, 291, 2, 23, 44, 13942 }, // U+0419
    { 14, 17, 252, 2, 17, 30, 13986 }, // U+041A
    { 16, 17, 283, 0, 17, 34, 14016 }, // U+041B
    { 20, 17, 348, 1, 17, 43, 14050 }, // U+041C
    { 14, 17, 282, 2, 17, 30, 14093 }, // U+041D
    { 17, 17, 311, 1, 17, 37, 14123 }, // U+041E
    { 14, 17, 280, 2, 17, 30, 14160 }, // U+041F
    { 13, 17, 243, 2, 17, 28, 14190 }, // U+0420
    { 14, 17, 248, 1, 17, 30, 14218 }, // U+0421
    { 14, 17, 226, 0, 17, 30, 14248 }, // U+0422
    { 15, 17, 235, 0, 17, 32, 14278 }, // U+0423
    { 20, 18, 346, 1, 18, 45, 14310 }, // U+0424
    { 16, 17, 252, 0, 17, 34, 14355 }, // U+0425
    { 16, 22, 287, 2, 17, 44, 14389 }, // U+0426
    { 13, 17, 252, 1, 17, 28, 14433 }, // U+0427
    { 21, 17, 393, 2, 17, 45, 14461 }, // U+0428
    { 23, 22, 401, 2, 17, 64, 14506 }, // U+0429
    { 18, 17, 290, 0, 17, 39, 14570 }, // U+042A
    { 18, 17, 342, 2, 17, 39, 14609 }, // U+042B
    { 13, 17, 246, 2, 17, 28, 14648 }, // U+042C
    { 15, 17, 248, 0, 17, 32, 14676 }, // U+042D
    { 23, 17, 412, 2, 17, 49, 14708 }, // U+042E
    { 14, 17, 254, 0, 17, 30, 14757 }, // U+042F
    { 11, 13, 209, 1, 13, 18, 14787 }, // U+0430
    { 13, 19, 238, 1, 19, 31, 14805 }, // U+0431
    { 11, 13, 219, 2, 13, 18, 14836 }, // U+0432
    { 9, 13, 167, 2, 13, 15, 14854 }, // U+0433
    { 15, 17, 241, 0, 13, 32, 14869 }, // U+0434
    { 12, 13, 224, 1, 13, 20, 14901 }, // U+0435
    { 19, 13, 305, 0, 13, 31, 14921 }, // U+0436
    { 10, 13, 196, 1, 13, 17, 14952 }, // U+0437
    { 11, 13, 239, 2, 13, 18, 14969 }, // U+0438
    { 11, 19, 239, 2, 19, 27, 14987 }, // U+0439
    { 12, 13, 215, 2, 13, 20, 15014 }, // U+043A
    { 13, 13, 239, 0, 13, 22, 15034 }, // U+043B
    { 16, 13, 292, 1, 13, 26, 15056 }, // U+043C
    { 11, 13, 234, 2, 13, 18, 15082 }, // U+043D
    { 13, 13, 236, 1, 13, 22, 15100 }, // U+043E
    { 11, 13, 231, 2, 13, 18, 15122 }, // U+043F
    { 12, 18, 236, 2, 13, 27, 15140 }, // U+0440
    { 11, 13, 186, 1, 13, 18, 15167 }, // U+0441
    { 12, 13, 185, 0, 13, 20, 15185 }, // U+0442
    { 12, 18, 199, 0, 13, 27, 15205 }, // U+0443
    { 17, 24, 306, 1, 19, 51, 15232 }, // U+0444
    { 13, 13, 204, 0, 13, 22, 15283 }, // U+0445
    { 13, 17, 234, 2, 13, 28, 15305 }, // U+0446
    { 11, 13, 213, 1, 13, 18, 15333 }, // U+0447
    { 17, 13, 329, 2, 13, 28, 15351 }, // U+0448
    { 19, 17, 334, 2, 13, 41, 15379 }, // U+0449
    { 15, 13, 239, 0, 13, 25, 15420 }, // U+044A
    { 15, 13, 303, 2, 13, 25, 15445 }, // U+044B
    { 11, 13, 211, 2, 13, 18, 15470 }, // U+044C
    { 12, 13, 199, 0, 13, 20, 15488 }, // U+044D
    { 17, 13, 324, 2, 13, 28, 15508 }, // U+044E
    { 12, 13, 219, 0, 13, 20, 15536 }, // U+044F
    { 12, 20, 224, 1, 20, 30, 15556 }, // U+0450
    { 12, 18, 224, 1, 18, 27, 15586 }, // U+0451
    { 13, 24, 228, 0, 19, 39, 15613 }, // U+0452
    { 9, 20, 167, 2, 20, 23, 15652 }, // U+0453
    { 11, 13, 199, 1, 13, 18, 15675 }, // U+0454
    { 10, 13, 178, 1, 13, 17, 15693 }, // U+0455
    { 4, 18, 101, 1, 18, 9, 15710 }, // U+0456
    { 9, 18, 101, -1, 18, 21, 15719 }, // U+0457
    { 7, 23, 101, -2, 18, 21, 15740 }, // U+0458
    { 21, 13, 345, 0, 13, 35, 15761 }, // U+0459
    { 19, 13, 340, 2, 13, 31, 15796 }, // U+045A
    { 13, 19, 228, 0, 19, 31, 15827 }, // U+045B
    { 12, 20, 215, 2, 20, 30, 15858 }, // U+045C
    { 11, 20, 239, 2, 20, 28, 15888 }, // U+045D
    { 12, 24, 199, 0, 19, 36, 15916 }, // U+045E
    { 11, 17, 230, 2, 13, 24, 15952 }, // U+045F
    { 18, 18, 290, 0, 18, 41, 15976 }, // U+0462
    { 15, 19, 239, 0, 19, 36, 16017 }, // U+0463
    { 17, 17, 311, 1, 17, 37, 16053 }, // U+0472
    { 13, 13, 236, 1, 13, 22, 16090 }, // U+0473
    { 20, 17, 301, 0, 17, 43, 16112 }, // U+0474
    { 15, 13, 226, 0, 13, 25, 16155 }, // U+0475
    { 17, 28, 298, 2, 23, 60, 16180 }, // U+048A
    { 14, 24, 243, 2, 19, 42, 16240 }, // U+048B
    { 15, 18, 252, 0, 18, 34, 16282 }, // U+048C
    { 13, 13, 210, 0, 13, 22, 16316 }, // U+048D
    { 13, 17, 243, 2, 17, 28, 16338 }, // U+048E
    { 12, 18, 236, 2, 13, 27, 16366 }, // U+048F
    { 11, 20, 204, 2, 20, 28, 16393 }, // U+0490
    { 9, 16, 171, 2, 16, 18, 16421 }, // U+0491
    { 13, 17, 209, 0, 17, 28, 16439 }, // U+0492
    { 11, 13, 170, 0, 13, 18, 16467 }, // U+0493
    { 13, 22, 250, 2, 17, 36, 16485 }, // U+0494
    { 11, 18, 218, 2, 13, 25, 16521 }, // U+0495
    { 23, 22, 368, 0, 17, 64, 16546 }, // U+0496
    { 20, 17, 310, 0, 13, 43, 16610 }, // U+0497
    { 14, 22, 229, 0, 17, 39, 16653 }, // U+0498
    { 10, 18, 196, 1, 13, 23, 16692 }, // U+0499
    { 15, 22, 262, 2, 17, 42, 16715 }, // U+049A
    { 12, 17, 218, 2, 13, 26, 16757 }, // U+049B
    { 16, 17, 283, 2, 17, 34, 16783 }, // U+049C
    { 14, 13, 248, 2, 13, 23, 16817 }, // U+049D
    { 16, 17, 256, 0, 17, 34, 16840 }, // U+049E
    { 14, 13, 222, 0, 13, 23, 16874 }, // U+049F
    { 19, 17, 296, 0, 17, 41, 16897 }, // U+04A0
    { 15, 13, 243, 0, 13, 25, 16938 }, // U+04A1
    { 16, 22, 290, 2, 17, 44, 16963 }, // U+04A2
    { 13, 17, 239, 2, 13, 28, 17007 }, // U+04A3
    { 18, 17, 326, 2, 17, 39, 17035 }, // U+04A4
    { 14, 13, 262, 2, 13, 23, 17074 }, // U+04A5
    { 23, 22, 413, 2, 17, 64, 17097 }, // U+04A6
    { 19, 18, 344, 2, 13, 43, 17161 }, // U+04A7
    { 18, 22, 314, 1, 17, 50, 17204 }, // U+04A8
    { 14, 17, 244, 1, 13, 30, 17254 }, // U+04A9
    { 14, 23, 248, 1, 17, 41, 17284 }, // U+04AA
    { 11, 19, 186, 1, 13, 27, 17325 }, // U+04AB
    { 14, 22, 226, 0, 17, 39, 17352 }, // U+04AC
    { 12, 17, 185, 0, 13, 26, 17391 }, // U+04AD
    { 15, 17, 239, 0, 17, 32, 17417 }, // U+04AE
    { 13, 18, 201, 0, 13, 30, 17449 }, // U+04AF
    { 15, 17, 239, 0, 17, 32, 17479 }, // U+04B0
    { 13, 18, 201, 0, 13, 30, 17511 }, // U+04B1
    { 17, 22, 261, 0, 17, 47, 17541 }, // U+04B2
    { 13, 17, 210, 0, 13, 28, 17588 }, // U+04B3
    { 21, 22, 338, 0, 17, 58, 17616 }, // U+04B4
    { 16, 17, 264, 0, 13, 34, 17674 }, // U+04B5
    { 15, 22, 260, 1, 17, 42, 17708 }, // U+04B6
    { 13, 17, 218, 1, 13, 28, 17750 }, // U+04B7
    { 13, 17, 255, 1, 17, 28, 17778 }, // U+04B8
    { 12, 13, 213, 0, 13, 20, 17806 }, // U+04B9
    { 13, 17, 256, 2, 17, 28, 17826 }, // U+04BA
    { 11, 19, 228, 2, 19, 27, 17854 }, // U+04BB
    { 20, 17, 334, 0, 17, 43, 17881 }, // U+04BC
    { 16, 13, 268, 0, 13, 26, 17924 }, // U+04BD
    { 20, 22, 334, 0, 17, 55, 17950 }, // U+04BE
    { 16, 17, 268, 0, 13, 34, 18005 }, // U+04BF
    { 3, 17, 108, 2, 17, 7, 18039 }, // U+04C0
    { 23, 23, 362, 0, 23, 67, 18046 }, // U+04C1
    { 19, 19, 305, 0, 19, 46, 18113 }, // U+04C2
    { 13, 22, 252, 2, 17, 36, 18159 }, // U+04C3
    { 11, 18, 218, 2, 13, 25, 18195 }, // U+04C4
    { 18, 22, 290, 0, 17, 50, 18220 }, // U+04C5
    { 16, 18, 244, 0, 13, 36, 18270 }, // U+04C6
    { 14, 22, 282, 2, 17, 39, 18306 }, // U+04C7
    { 11, 18, 234, 2, 13, 25, 18345 }, // U+04C8
    { 16, 22, 289, 2, 17, 44, 18370 }, // U+04C9
    { 13, 18, 239, 2, 13, 30, 18414 }, // U+04CA
    { 13, 22, 255, 1, 17, 36, 18444 }, // U+04CB
    { 11, 17, 213, 1, 13, 24, 18480 }, // U+04CC
    { 22, 22, 360, 1, 17, 61, 18504 }, // U+04CD
    { 18, 18, 300, 1, 13, 41, 18565 }, // U+04CE
    { 3, 17, 108, 2, 17, 7, 18606 }, // U+04CF
    { 17, 23, 265, 0, 23, 49, 18613 }, // U+04D0
    { 11, 19, 209, 1, 19, 27, 18662 }, // U+04D1
    { 17, 22, 265, 0, 22, 47, 18689 }, // U+04D2
    { 11, 18, 209, 1, 18, 25, 18736 }, // U+04D3
    { 23, 17, 374, 0, 17, 49, 18761 }, // U+04D4
    { 20, 13, 344, 1, 13, 33, 18810 }, // U+04D5
    { 12, 23, 228, 2, 23, 35, 18843 }, // U+04D6
    { 12, 19, 224, 1, 19, 29, 18878 }, // U+04D7
    { 16, 17, 282, 1, 17, 34, 18907 }, // U+04D8
    { 12, 13, 224, 1, 13, 20, 18941 }, // U+04D9
    { 16, 22, 282, 1, 22, 44, 18961 }, // U+04DA
    { 12, 18, 224, 1, 18, 27, 19005 }, // U+04DB
    { 23, 22, 362, 0, 22, 64, 19032 }, // U+04DC
    { 19, 18, 305, 0, 18, 43, 19096 }, // U+04DD
    { 14, 22, 229, 0, 22, 39, 19139 }, // U+04DE
    { 10, 18, 196, 1, 18, 23, 19178 }, // U+04DF
    { 13, 17, 227, 0, 17, 28, 19201 }, // U+04E0
    { 12, 18, 188, -1, 13, 27, 19229 }, // U+04E1
    { 15, 22, 291, 2, 22, 42, 19256 }, // U+04E2
    { 11, 18, 239, 2, 18, 25, 19298 }, // U+04E3
    { 15, 22, 291, 2, 22, 42, 19323 }, // U+04E4
    { 11, 18, 239, 2, 18, 25, 19365 }, // U+04E5
    { 17, 22, 311, 1, 22, 47, 19390 }, // U+04E6
    { 13, 18, 236, 1, 18, 30, 19437 }, // U+04E7
    { 17, 17, 311, 1, 17, 37, 19467 }, // U+04E8
    { 13, 13, 236, 1, 13, 22, 19504 }, // U+04E9
    { 17, 22, 311, 1, 22, 47, 19526 }, // U+04EA
    { 13, 18, 236, 1, 18, 30, 19573 }, // U+04EB
    { 15, 22, 248, 0, 22, 42, 19603 }, // U+04EC
    { 12, 18, 199, 0, 18, 27, 19645 }, // U+04ED
    { 15, 22, 235, 0, 22, 42, 19672 }, // U+04EE
    { 12, 23, 199, 0, 18, 35, 19714 }, // U+04EF
    { 15, 22, 235, 0, 22, 42, 19749 }, // U+04F0
    { 12, 23, 199, 0, 18, 35, 19791 }, // U+04F1
    { 15, 24, 235, 0, 24, 45, 19826 }, // U+04F2
    { 12, 25, 199, 0, 20, 38, 19871 }, // U+04F3
    { 13, 22, 252, 1, 22, 36, 19909 }, // U+04F4
    { 11, 18, 213, 1, 18, 25, 19945 }, // U+04F5
    { 11, 22, 204, 2, 17, 31, 19970 }, // U+04F6
    { 9, 17, 167, 2, 13, 20, 20001 }, // U+04F7
    { 18, 22, 342, 2, 22, 50, 20021 }, // U+04F8
    { 15, 18, 303, 2, 18, 34, 20071 }, // U+04F9
    { 16, 25, 243, 0, 19, 50, 20105 }, // U+1EA0
    { 12, 20, 225, 1, 14, 30, 20155 }, // U+1EA1
    { 16, 25, 243, 0, 25, 50, 20185 }, // U+1EA2
    { 12, 22, 225, 1, 22, 33, 20235 }, // U+1EA3
    { 16, 26, 243, 0, 26, 52, 20268 }, // U+1EA4
    { 13, 23, 225, 1, 23, 38, 20320 }, // U+1EA5
    { 16, 26, 243, 0, 26, 52, 20358 }, // U+1EA6
    { 13, 23, 225, 0, 23, 38, 20410 }, // U+1EA7
    { 16, 26, 243, 0, 26, 52, 20448 }, // U+1EA8
    { 13, 23, 225, 1, 23, 38, 20500 }, // U+1EA9
    { 16, 27, 243, 0, 27, 54, 20538 }, // U+1EAA
    { 12, 23, 225, 1, 23, 35, 20592 }, // U+1EAB
    { 16, 30, 243, 0, 24, 60, 20627 }, // U+1EAC
    { 12, 27, 225, 1, 21, 41, 20687 }, // U+1EAD
    { 16, 28, 243, 0, 28, 56, 20728 }, // U+1EAE
    { 12, 24, 225, 1, 24, 36, 20784 }, // U+1EAF
    { 16, 28, 243, 0, 28, 56, 20820 }, // U+1EB0
    { 12, 24, 225, 1, 24, 36, 20876 }, // U+1EB1
    { 16, 28, 243, 0, 28, 56, 20912 }, // U+1EB2
    { 12, 24, 225, 1, 24, 36, 20968 }, // U+1EB3
    { 16, 27, 243, 0, 27, 54, 21004 }, // U+1EB4
    { 12, 23, 225, 1, 23, 35, 21058 }, // U+1EB5
    { 16, 31, 243, 0, 25, 62, 21093 }, // U+1EB6
    { 12, 27, 225, 1, 21, 41, 21155 }, // U+1EB7
    { 12, 25, 236, 2, 19, 38, 21196 }, // U+1EB8
    { 12, 20, 222, 1, 14, 30, 21234 }, // U+1EB9
    { 12, 25, 236, 2, 25, 38, 21264 }, // U+1EBA
    { 12, 22, 222, 1, 22, 33, 21302 }, // U+1EBB
    { 12, 25, 236, 2, 25, 38, 21335 }, // U+1EBC
    { 12, 20, 222, 1, 20, 30, 21373 }, // U+1EBD
    { 13, 26, 236, 2, 26, 43, 21403 }, // U+1EBE
    { 13, 23, 222, 1, 23, 38, 21446 }, // U+1EBF
    { 12, 26, 236, 2, 26, 39, 21484 }, // U+1EC0
    { 13, 23, 222, 0, 23, 38, 21523 }, // U+1EC1
    { 12, 26, 236, 2, 26, 39, 21561 }, // U+1EC2
    { 13, 23, 222, 1, 23, 38, 21600 }, // U+1EC3
    { 12, 27, 236, 2, 27, 41, 21638 }, // U+1EC4
    { 12, 23, 222, 1, 23, 35, 21679 }, // U+1EC5
    { 12, 30, 236, 2, 24, 45, 21714 }, // U+1EC6
    { 12, 27, 222, 1, 21, 41, 21759 }, // U+1EC7
    { 5, 25, 117, 1, 25, 16, 21800 }, // U+1EC8
    { 5, 22, 110, 1, 22, 14, 21816 }, // U+1EC9
    { 4, 25, 117, 2, 19, 13, 21830 }, // U+1ECA
    { 4, 26, 110, 1, 20, 13, 21843 }, // U+1ECB
    { 17, 25, 297, 1, 19, 54, 21856 }, // U+1ECC
    { 13, 20, 242, 1, 14, 33, 21910 }, // U+1ECD
    { 17, 25, 297, 1, 25, 54, 21943 }, // U+1ECE
    { 13, 22, 242, 1, 22, 36, 21997 }, // U+1ECF
    { 17, 26, 297, 1, 26, 56, 22033 }, // U+1ED0
    { 14, 23, 242, 1, 23, 41, 22089 }, // U+1ED1
    { 17, 26, 297, 1, 26, 56, 22130 }, // U+1ED2
    { 14, 23, 242, 0, 23, 41, 22186 }, // U+1ED3
    { 17, 26, 297, 1, 26, 56, 22227 }, // U+1ED4
    { 13, 23, 242, 1, 23, 38, 22283 }, // U+1ED5
    { 17, 27, 297, 1, 27, 58, 22321 }, // U+1ED6
    { 13, 23, 242, 1, 23, 38, 22379 }, // U+1ED7
    { 17, 30, 297, 1, 24, 64, 22417 }, // U+1ED8
    { 13, 27, 242, 1, 21, 44, 22481 }, // U+1ED9
    { 17, 25, 297, 1, 25, 54, 22525 }, // U+1EDA
    { 14, 23, 242, 1, 23, 41, 22579 }, // U+1EDB
    { 17, 25, 297, 1, 25, 54, 22620 }, // U+1EDC
    { 14, 23, 242, 1, 23, 41, 22674 }, // U+1EDD
    { 17, 25, 297, 1, 25, 54, 22715 }, // U+1EDE
    { 14, 22, 242, 1, 22, 39, 22769 }, // U+1EDF
    { 17, 24, 297, 1, 24, 51, 22808 }, // U+1EE0
    { 14, 21, 242, 1, 21, 37, 22859 }, // U+1EE1
    { 17, 29, 297, 1, 23, 62, 22896 }, // U+1EE2
    { 14, 25, 242, 1, 19, 44, 22958 }, // U+1EE3
    { 14, 25, 288, 2, 19, 44, 23002 }, // U+1EE4
    { 11, 20, 243, 2, 14, 28, 23046 }, // U+1EE5
    { 14, 25, 288, 2, 25, 44, 23074 }, // U+1EE6
    { 11, 22, 243, 2, 22, 31, 23118 }, // U+1EE7
    { 17, 25, 294, 2, 25, 54, 23149 }, // U+1EE8
    { 14, 23, 243, 2, 23, 41, 23203 }, // U+1EE9
    { 17, 25, 294, 2, 25, 54, 23244 }, // U+1EEA
    { 14, 23, 243, 2, 23, 41, 23298 }, // U+1EEB
    { 17, 25, 294, 2, 25, 54, 23339 }, // U+1EEC
    { 14, 22, 243, 2, 22, 39, 23393 }, // U+1EED
    { 17, 25, 294, 2, 25, 54, 23432 }, // U+1EEE
    { 14, 21, 243, 2, 21, 37, 23486 }, // U+1EEF
    { 17, 30, 294, 2, 24, 64, 23523 }, // U+1EF0
    { 14, 25, 243, 2, 19, 44, 23587 }, // U+1EF1
    { 15, 24, 239, 0, 24, 45, 23631 }, // U+1EF2
    { 12, 26, 199, 0, 21, 39, 23676 }, // U+1EF3
    { 15, 25, 212, -1, 19, 47, 23715 }, // U+1EF4
    { 13, 20, 208, 0, 14, 33, 23762 }, // U+1EF5
    { 15, 25, 212, -1, 25, 47, 23795 }, // U+1EF6
    { 13, 28, 208, 0, 22, 46, 23842 }, // U+1EF7
    { 15, 25, 212, -1, 25, 47, 23888 }, // U+1EF8
    { 13, 27, 208, 0, 21, 44, 23935 }, // U+1EF9
    { 0, 0, 200, 0, 0, 0, 23979 }, // U+2002
    { 0, 0, 400, 0, 0, 0, 23979 }, // U+2003
    { 7, 2, 400, 9, 11, 2, 23979 }, // U+2010
    { 7, 2, 139, 1, 8, 2, 23981 }, // U+2011
    { 12, 2, 214, 1, 8, 3, 23983 }, // U+2012
    { 14, 2, 198, -1, 9, 4, 23986 }, // U+2013
    { 26, 2, 398, -1, 9, 7, 23990 }, // U+2014
    { 26, 2, 398, -1, 9, 7, 23997 }, // U+2015
    { 5, 25, 400, 10, 22, 16, 24004 }, // U+2016
    { 5, 6, 94, 1, 19, 4, 24020 }, // U+2018
    { 5, 6, 94, 0, 19, 4, 24024 }, // U+2019
    { 5, 6, 94, 0, 3, 4, 24028 }, // U+201A
    { 9, 6, 167, 1, 19, 7, 24032 }, // U+201C
    { 9, 6, 167, 0, 19, 7, 24039 }, // U+201D
    { 9, 6, 167, 0, 3, 7, 24046 }, // U+201E
    { 11, 21, 190, 0, 17, 29, 24053 }, // U+2020
    { 11, 21, 190, 0, 17, 29, 24082 }, // U+2021
    { 7, 6, 144, 1, 12, 6, 24111 }, // U+2022
    { 17, 4, 400, 4, 12, 9, 24117 }, // U+2025
    { 21, 3, 398, 2, 3, 8, 24126 }, // U+2026
    { 7, 6, 400, 9, 13, 6, 24134 }, // U+2027
    { 29, 17, 491, 1, 17, 62, 24140 }, // U+2030
    { 4, 7, 111, 2, 19, 4, 24202 }, // U+2032
    { 9, 7, 190, 2, 19, 8, 24206 }, // U+2033
    { 6, 4, 400, 8, 24, 3, 24214 }, // U+2035
    { 7, 11, 116, 0, 13, 10, 24217 }, // U+2039
    { 6, 11, 116, 1, 13, 9, 24227 }, // U+203A
    { 19, 19, 400, 3, 19, 46, 24236 }, // U+203B
    { 11, 20, 245, 2, 20, 28, 24282 }, // U+203C
    { 21, 21, 400, 2, 20, 56, 24310 }, // U+2042
    { 13, 17, 59, -5, 17, 28, 24366 }, // U+2044
    { 21, 19, 364, 1, 19, 50, 24394 }, // U+2047
    { 16, 19, 303, 1, 19, 38, 24444 }, // U+2048
    { 16, 19, 303, 2, 19, 38, 24482 }, // U+2049
    { 11, 22, 400, 7, 21, 31, 24520 }, // U+2051
    { 9, 10, 144, 0, 18, 12, 24551 }, // U+2070
    { 9, 10, 144, 0, 18, 12, 24563 }, // U+2074
    { 7, 10, 144, 1, 18, 9, 24575 }, // U+2075
    { 9, 10, 144, 0, 18, 12, 24584 }, // U+2076
    { 9, 10, 144, 0, 18, 12, 24596 }, // U+2077
    { 9, 10, 144, 0, 18, 12, 24608 }, // U+2078
    { 9, 10, 144, 0, 18, 12, 24620 }, // U+2079
    { 9, 10, 144, 0, 10, 12, 24632 }, // U+2080
    { 5, 10, 144, 1, 10, 7, 24644 }, // U+2081
    { 8, 10, 144, 0, 10, 10, 24651 }, // U+2082
    { 8, 10, 144, 0, 10, 10, 24661 }, // U+2083
    { 9, 10, 144, 0, 10, 12, 24671 }, // U+2084
    { 7, 10, 144, 1, 10, 9, 24683 }, // U+2085
    { 9, 10, 144, 0, 10, 12, 24692 }, // U+2086
    { 9, 10, 144, 0, 10, 12, 24704 }, // U+2087
    { 9, 10, 144, 0, 10, 12, 24716 }, // U+2088
    { 9, 10, 144, 0, 10, 12, 24728 }, // U+2089
    { 16, 18, 222, -1, 18, 36, 24740 }, // U+20A9
    { 13, 19, 222, 1, 19, 31, 24776 }, // U+20AB
    { 13, 17, 226, 1, 17, 28, 24807 }, // U+20AC
    { 13, 17, 226, 1, 17, 28, 24835 }, // U+20AE
    { 14, 17, 226, 0, 17, 30, 24863 }, // U+20B4
    { 13, 17, 226, 1, 17, 28, 24893 }, // U+20B9
    { 24, 13, 400, 0, 16, 39, 24921 }, // U+2190
    { 13, 24, 400, 6, 22, 39, 24960 }, // U+2191
    { 25, 13, 400, 0, 16, 41, 24999 }, // U+2192
    { 13, 24, 400, 6, 21, 39, 25040 }, // U+2193
    { 25, 13, 400, 0, 16, 41, 25079 }, // U+2194
    { 13, 24, 400, 6, 22, 39, 25120 }, // U+2195
    { 18, 19, 400, 4, 19, 43, 25159 }, // U+2196
    { 18, 19, 400, 3, 19, 43, 25202 }, // U+2197
    { 18, 19, 400, 3, 19, 43, 25245 }, // U+2198
    { 18, 19, 400, 4, 19, 43, 25288 }, // U+2199
    { 23, 22, 400, 1, 22, 64, 25331 }, // U+21B8
    { 25, 25, 400, 0, 22, 79, 25395 }, // U+21B9
    { 25, 25, 400, 0, 22, 79, 25474 }, // U+21C4
    { 23, 24, 400, 1, 22, 69, 25553 }, // U+21C5
    { 25, 25, 400, 0, 22, 79, 25622 }, // U+21C6
    { 25, 23, 400, 0, 21, 72, 25701 }, // U+21CB
    { 25, 23, 400, 0, 21, 72, 25773 }, // U+21CC
    { 24, 19, 400, 0, 19, 57, 25845 }, // U+21D0
    { 25, 18, 400, 0, 18, 57, 25902 }, // U+21D2
    { 25, 18, 400, 0, 18, 57, 25959 }, // U+21D4
    { 24, 19, 400, 0, 19, 57, 26016 }, // U+21E6
    { 19, 24, 400, 3, 22, 57, 26073 }, // U+21E7
    { 24, 19, 400, 1, 19, 57, 26130 }, // U+21E8
    { 19, 24, 400, 3, 21, 57, 26187 }, // U+21E9
    { 23, 24, 400, 1, 22, 69, 26244 }, // U+21F5
    { 21, 21, 400, 2, 20, 56, 26313 }, // U+2200
    { 13, 19, 234, 1, 19, 31, 26369 }, // U+2202
    { 16, 19, 400, 4, 19, 38, 26400 }, // U+2203
    { 19, 19, 400, 3, 19, 46, 26438 }, // U+2205
    { 17, 17, 260, 0, 17, 37, 26484 }, // U+2206
    { 19, 19, 400, 3, 18, 46, 26521 }, // U+2207
    { 19, 17, 400, 3, 18, 41, 26567 }, // U+2208
    { 19, 23, 400, 3, 21, 55, 26608 }, // U+2209
    { 13, 15, 400, 6, 14, 25, 26663 }, // U+220A
    { 19, 17, 400, 3, 18, 41, 26688 }, // U+220B
    { 14, 20, 279, 2, 17, 35, 26729 }, // U+220F
    { 13, 20, 206, 0, 17, 33, 26764 }, // U+2211
    { 12, 2, 226, 1, 8, 3, 26797 }, // U+2212
    { 19, 21, 400, 3, 19, 50, 26800 }, // U+2213
    { 13, 17, 59, -5, 17, 28, 26850 }, // U+2215
    { 4, 3, 98, 1, 9, 2, 26878 }, // U+2219
    { 15, 20, 226, 0, 20, 38, 26880 }, // U+221A
    { 22, 11, 400, 0, 15, 31, 26918 }, // U+221D
    { 14, 7, 235, 0, 11, 13, 26949 }, // U+221E
    { 18, 20, 400, 4, 20, 45, 26962 }, // U+221F
    { 20, 18, 400, 2, 18, 45, 27007 }, // U+2220
    { 3, 19, 400, 11, 19, 8, 27052 }, // U+2223
    { 15, 20, 400, 5, 19, 38, 27060 }, // U+2225
    { 15, 20, 400, 5, 19, 38, 27098 }, // U+2226
    { 21, 20, 400, 2, 20, 53, 27136 }, // U+2227
    { 21, 20, 400, 2, 19, 53, 27189 }, // U+2228
    { 17, 20, 400, 4, 19, 43, 27242 }, // U+2229
    { 17, 20, 400, 4, 20, 43, 27285 }, // U+222A
    { 10, 24, 148, 0, 19, 30, 27328 }, // U+222B
    { 19, 25, 400, 3, 22, 60, 27358 }, // U+222C
    { 23, 25, 400, 1, 22, 72, 27418 }, // U+222D
    { 11, 25, 400, 7, 22, 35, 27490 }, // U+222E
    { 17, 17, 400, 4, 18, 37, 27525 }, // U+2234
    { 17, 17, 400, 4, 18, 37, 27562 }, // U+2235
    { 5, 17, 400, 10, 18, 11, 27599 }, // U+2236
    { 17, 17, 400, 4, 18, 37, 27610 }, // U+2237
    { 25, 11, 400, 0, 15, 35, 27647 }, // U+223D
    { 19, 10, 400, 3, 15, 24, 27682 }, // U+2243
    { 19, 12, 400, 3, 15, 29, 27706 }, // U+2245
    { 12, 10, 226, 1, 13, 15, 27735 }, // U+2248
    { 25, 19, 400, 0, 19, 60, 27750 }, // U+224C
    { 12, 13, 226, 1, 14, 20, 27810 }, // U+2260
    { 19, 13, 400, 3, 16, 31, 27830 }, // U+2261
    { 19, 19, 400, 3, 19, 46, 27861 }, // U+2262
    { 12, 15, 226, 1, 15, 23, 27907 }, // U+2264
    { 12, 15, 226, 1, 15, 23, 27930 }, // U+2265
    { 21, 24, 400, 2, 22, 63, 27953 }, // U+2266
    { 21, 24, 400, 2, 22, 63, 28016 }, // U+2267
    { 23, 20, 400, 1, 19, 58, 28079 }, // U+226A
    { 23, 20, 400, 1, 19, 58, 28137 }, // U+226B
    { 21, 22, 400, 2, 20, 58, 28195 }, // U+226E
    { 21, 22, 400, 2, 20, 58, 28253 }, // U+226F
    { 21, 23, 400, 2, 21, 61, 28311 }, // U+2272
    { 21, 23, 400, 2, 21, 61, 28372 }, // U+2273
    { 21, 24, 400, 2, 21, 63, 28433 }, // U+2276
    { 21, 24, 400, 2, 21, 63, 28496 }, // U+2277
    { 19, 17, 400, 3, 18, 41, 28559 }, // U+2282
    { 19, 17, 400, 3, 18, 41, 28600 }, // U+2283
    { 19, 22, 400, 3, 20, 53, 28641 }, // U+2284
    { 19, 22, 400, 3, 20, 53, 28694 }, // U+2285
    { 19, 21, 400, 3, 20, 50, 28747 }, // U+2286
    { 19, 21, 400, 3, 20, 50, 28797 }, // U+2287
    { 19, 23, 400, 3, 20, 55, 28847 }, // U+228A
    { 19, 23, 400, 3, 20, 55, 28902 }, // U+228B
    { 19, 19, 400, 3, 19, 46, 28957 }, // U+2295
    { 19, 19, 400, 3, 19, 46, 29003 }, // U+2296
    { 19, 19, 400, 3, 19, 46, 29049 }, // U+2297
    { 19, 19, 400, 3, 19, 46, 29095 }, // U+2298
    { 19, 19, 400, 3, 19, 46, 29141 }, // U+2299
    { 21, 21, 400, 2, 20, 56, 29187 }, // U+22A0
    { 21, 19, 400, 2, 19, 50, 29243 }, // U+22A5
    { 20, 20, 400, 2, 20, 50, 29293 }, // U+22BF
    { 20, 25, 400, 2, 22, 63, 29343 }, // U+22DA
    { 20, 25, 400, 3, 22, 63, 29406 }, // U+22DB
    { 21, 4, 400, 2, 12, 11, 29469 }, // U+22EF
    { 8, 8, 400, 1, 6, 8, 29480 }, // U+3002
    { 23, 3, 400, 1, 11, 9, 29488 }, // U+4E00
    { 23, 23, 400, 1, 22, 67, 29497 }, // U+4E0A
    { 23, 23, 400, 1, 20, 67, 29564 }, // U+4E0B
    { 23, 23, 400, 1, 20, 67, 29631 }, // U+4E0D
    { 23, 23, 400, 1, 20, 67, 29698 }, // U+4E24
    { 25, 23, 400, 0, 21, 72, 29765 }, // U+4E2A
    { 21, 25, 400, 2, 22, 66, 29837 }, // U+4E2D
    { 21, 25, 400, 2, 22, 66, 29903 }, // U+4E32
    { 22, 25, 400, 1, 22, 69, 29969 }, // U+4E3A
    { 23, 24, 400, 1, 22, 69, 30038 }, // U+4E3B
    { 25, 24, 400, 0, 22, 75, 30107 }, // U+4E49
    { 23, 25, 400, 1, 22, 72, 30182 }, // U+4E66
    { 23, 18, 400, 1, 18, 52, 30254 }, // U+4E8C
    { 24, 23, 400, 1, 21, 69, 30306 }, // U+4EBA
    { 23, 23, 400, 1, 21, 67, 30375 }, // U+4ECE
    { 25, 25, 400, 0, 22, 79, 30442 }, // U+4ED6
    { 25, 25, 400, 0, 22, 79, 30521 }, // U+4EE3
    { 23, 23, 400, 2, 20, 67, 30600 }, // U+4EE5
    { 24, 25, 400, 0, 22, 75, 30667 }, // U+4EF6
    { 24, 25, 400, 0, 22, 75, 30742 }, // U+4F20
    { 24, 24, 400, 0, 22, 72, 30817 }, // U+4F4D
    { 25, 25, 400, 0, 22, 79, 30889 }, // U+4F4F
    { 25, 25, 400, 0, 22, 79, 30968 }, // U+4F53
    { 25, 25, 400, 0, 22, 79, 31047 }, // U+4F7F
    { 24, 25, 400, 0, 22, 75, 31126 }, // U+4F9B
    { 24, 25, 400, 0, 22, 75, 31201 }, // U+4FA7
    { 25, 25, 400, 0, 22, 79, 31276 }, // U+4FDD
    { 25, 25, 400, 0, 22, 79, 31355 }, // U+4FEE
    { 23, 25, 400, 0, 22, 72, 31434 }, // U+5012
    { 24, 25, 400, 0, 22, 75, 31506 }, // U+503C
    { 24, 25, 400, 0, 22, 75, 31581 }, // U+503E
    { 23, 25, 400, 1, 22, 72, 31656 }, // U+5148
    { 24, 25, 400, 0, 22, 75, 31728 }, // U+5149
    { 24, 23, 400, 1, 21, 69, 31803 }, // U+5165
    { 23, 25, 400, 1, 22, 72, 31872 }, // U+5171
    { 23, 25, 400, 1, 22, 72, 31944 }, // U+5173
    { 21, 25, 400, 2, 22, 66, 32016 }, // U+5185
    { 25, 23, 400, 0, 20, 72, 32082 }, // U+518D
    { 23, 23, 400, 1, 20, 67, 32154 }, // U+5199
    { 24, 25, 400, 1, 22, 75, 32221 }, // U+51D1
    { 25, 25, 400, 0, 22, 79, 32296 }, // U+51ED
    { 21, 25, 400, 2, 22, 66, 32375 }, // U+51FA
    { 24, 25, 400, 1, 22, 75, 32441 }, // U+5206
    { 24, 24, 400, 0, 21, 72, 32516 }, // U+5207
    { 23, 25, 400, 0, 22, 72, 32588 }, // U+521B
    { 23, 25, 400, 0, 22, 72, 32660 }, // U+5220
    { 22, 23, 400, 1, 21, 64, 32732 }, // U+5230
    { 23, 25, 400, 1, 22, 72, 32796 }, // U+5236
    { 23, 23, 400, 0, 21, 67, 32868 }, // U+5237
    { 23, 25, 400, 1, 22, 72, 32935 }, // U+524D
    { 23, 25, 400, 1, 22, 72, 33007 }, // U+526A
    { 24, 25, 400, 0, 22, 75, 33079 }, // U+529F
    { 23, 25, 400, 0, 22, 72, 33154 }, // U+52A0
    { 24, 25, 400, 1, 22, 75, 33226 }, // U+52A1
    { 23, 24, 400, 1, 21, 69, 33301 }, // U+52A8
    { 22, 21, 400, 2, 20, 58, 33370 }, // U+5339
    { 21, 25, 400, 3, 22, 66, 33428 }, // U+5360
    { 23, 25, 400, 1, 22, 72, 33494 }, // U+5361
    { 24, 23, 400, 0, 20, 69, 33566 }, // U+539F
    { 25, 23, 400, 0, 20, 72, 33635 }, // U+53D6
    { 19, 21, 400, 3, 19, 50, 33707 }, // U+53E3
    { 23, 22, 400, 1, 20, 64, 33757 }, // U+53EF
    { 24, 25, 400, 0, 22, 75, 33821 }, // U+53F3
    { 23, 24, 400, 1, 21, 69, 33896 }, // U+53F7
    { 21, 23, 400, 2, 20, 61, 33965 }, // U+540C
    { 21, 25, 400, 1, 22, 66, 34026 }, // U+540D
    { 24, 25, 400, 0, 22, 75, 34092 }, // U+540E
    { 21, 24, 400, 2, 22, 63, 34167 }, // U+5411
    { 24, 23, 400, 0, 20, 69, 34230 }, // U+5426
    { 23, 25, 400, 0, 22, 72, 34299 }, // U+542F
    { 23, 25, 400, 1, 22, 72, 34371 }, // U+544A
    { 25, 25, 400, 0, 22, 79, 34443 }, // U+547D
    { 24, 25, 400, 1, 22, 75, 34522 }, // U+54C8
    { 25, 23, 400, 0, 20, 72, 34597 }, // U+5668
    { 21, 23, 400, 2, 20, 61, 34669 }, // U+56DE
    { 21, 24, 400, 2, 21, 63, 34730 }, // U+56E0
    { 21, 24, 400, 2, 21, 63, 34793 }, // U+56F4
    { 21, 23, 400, 2, 20, 61, 34856 }, // U+56FE
    { 24, 25, 400, 0, 22, 75, 34917 }, // U+5728
    { 25, 24, 400, 0, 22, 75, 34992 }, // U+5730
    { 25, 24, 400, 0, 22, 75, 35067 }, // U+5740
    { 25, 25, 400, 0, 22, 79, 35142 }, // U+5907
    { 25, 25, 400, 0, 22, 79, 35221 }, // U+590D
    { 25, 25, 400, 0, 22, 79, 35300 }, // U+5916
    { 23, 25, 400, 1, 22, 72, 35379 }, // U+5927
    { 24, 25, 400, 1, 22, 75, 35451 }, // U+5931
    { 25, 25, 400, 0, 22, 79, 35526 }, // U+59CB
    { 23, 24, 400, 1, 22, 69, 35605 }, // U+5B57
    { 24, 25, 400, 0, 22, 75, 35674 }, // U+5B58
    { 23, 25, 400, 1, 22, 72, 35749 }, // U+5B8C
    { 24, 25, 400, 0, 22, 75, 35821 }, // U+5B9A
    { 24, 25, 400, 1, 22, 75, 35896 }, // U+5BBD
    { 24, 25, 400, 0, 22, 75, 35971 }, // U+5BC6
    { 23, 24, 400, 1, 22, 69, 36046 }, // U+5BF9
    { 24, 24, 400, 0, 22, 72, 36115 }, // U+5C01
    { 24, 25, 400, 0, 22, 75, 36187 }, // U+5C04
    { 24, 25, 400, 0, 22, 75, 36262 }, // U+5C06
    { 25, 25, 400, 0, 22, 79, 36337 }, // U+5C0F
    { 24, 25, 400, 1, 22, 75, 36416 }, // U+5C31
    { 23, 23, 400, 0, 20, 67, 36491 }, // U+5C40
    { 24, 23, 400, 0, 20, 69, 36558 }, // U+5C45
    { 24, 23, 400, 0, 20, 69, 36627 }, // U+5C4F
    { 23, 25, 400, 0, 22, 72, 36696 }, // U+5D29
    { 23, 25, 400, 1, 22, 72, 36768 }, // U+5D4C
    { 24, 24, 400, 0, 22, 72, 36840 }, // U+5DE6
    { 22, 22, 400, 2, 20, 61, 36912 }, // U+5DF2
    { 24, 25, 400, 0, 22, 75, 36973 }, // U+5E03
    { 24, 25, 400, 0, 22, 75, 37048 }, // U+5E0C
    { 25, 25, 400, 0, 22, 79, 37123 }, // U+5E55
    { 23, 25, 400, 1, 22, 72, 37202 }, // U+5E76
    { 24, 25, 400, 0, 22, 75, 37274 }, // U+5E94
    { 25, 25, 400, 0, 22, 79, 37349 }, // U+5EA6
    { 25, 25, 400, 0, 22, 79, 37428 }, // U+5EFA
    { 23, 23, 400, 1, 20, 67, 37507 }, // U+5F00
    { 24, 24, 400, 1, 22, 72, 37574 }, // U+5F0F
    { 20, 24, 400, 2, 21, 60, 37646 }, // U+5F15
    { 21, 25, 400, 2, 22, 66, 37706 }, // U+5F53
    { 23, 24, 400, 1, 21, 69, 37772 }, // U+5F55
    { 23, 24, 400, 1, 22, 69, 37841 }, // U+5FD8
    { 24, 24, 400, 0, 22, 72, 37910 }, // U+5FFD
    { 23, 24, 400, 1, 22, 69, 37982 }, // U+6001
    { 24, 24, 400, 0, 22, 72, 38051 }, // U+60A8
    { 24, 25, 400, 0, 22, 75, 38123 }, // U+60C5
    { 24, 25, 400, 0, 22, 75, 38198 }, // U+6210
    { 24, 24, 400, 1, 22, 72, 38273 }, // U+6216
    { 24, 25, 400, 0, 22, 75, 38345 }, // U+622A
    { 22, 25, 400, 0, 22, 69, 38420 }, // U+6237
    { 24, 25, 400, 0, 22, 75, 38489 }, // U+6240
    { 23, 25, 400, 1, 22, 72, 38564 }, // U+624B
    { 25, 24, 400, 0, 22, 75, 38636 }, // U+6253
    { 23, 25, 400, 0, 22, 72, 38711 }, // U+626B
    { 25, 25, 400, 0, 22, 79, 38783 }, // U+627E
    { 25, 25, 400, 0, 22, 79, 38862 }, // U+6297
    { 25, 25, 400, 0, 22, 79, 38941 }, // U+62A5
    { 25, 25, 400, 0, 22, 79, 39020 }, // U+62E9
    { 24, 25, 400, 0, 22, 75, 39099 }, // U+6309
    { 25, 25, 400, 0, 22, 79, 39174 }, // U+6362
    { 24, 25, 400, 0, 22, 75, 39253 }, // U+636E
    { 25, 25, 400, 0, 22, 79, 39328 }, // U+63A5
    { 25, 25, 400, 0, 22, 79, 39407 }, // U+63A7
    { 24, 25, 400, 0, 22, 75, 39486 }, // U+63CF
    { 25, 25, 400, 0, 22, 79, 39561 }, // U+63D0
    { 24, 25, 400, 0, 22, 75, 39640 }, // U+63D2
    { 25, 25, 400, 0, 22, 79, 39715 }, // U+641C
    { 24, 25, 400, 1, 22, 75, 39794 }, // U+6536
    { 24, 25, 400, 1, 22, 75, 39869 }, // U+6545
    { 25, 25, 400, 0, 22, 79, 39944 }, // U+6570
    { 25, 25, 400, 0, 22, 79, 40023 }, // U+6587
    { 25, 25, 400, 0, 22, 79, 40102 }, // U+659C
    { 23, 25, 400, 2, 22, 72, 40181 }, // U+65AD
    { 23, 25, 400, 1, 22, 72, 40253 }, // U+65B0
    { 23, 25, 400, 1, 22, 72, 40325 }, // U+65B9
    { 24, 23, 400, 0, 20, 69, 40397 }, // U+65E0
    { 23, 24, 400, 2, 22, 69, 40466 }, // U+65F6
    { 24, 25, 400, 1, 22, 75, 40535 }, // U+6620
    { 25, 24, 400, 0, 21, 75, 40610 }, // U+662F
    { 24, 21, 400, 0, 20, 63, 40685 }, // U+663E
    { 23, 25, 400, 1, 22, 72, 40748 }, // U+666E
    { 24, 23, 400, 1, 20, 69, 40820 }, // U+66F4
    { 24, 24, 400, 1, 21, 72, 40889 }, // U+6700
    { 24, 25, 400, 0, 22, 75, 40961 }, // U+6709
    { 25, 24, 400, 0, 21, 75, 41036 }, // U+670D
    { 25, 25, 400, 0, 22, 79, 41111 }, // U+672A
    { 25, 25, 400, 0, 22, 79, 41190 }, // U+672C
    { 25, 25, 400, 0, 22, 79, 41269 }, // U+673A
    { 25, 25, 400, 0, 22, 79, 41348 }, // U+675F
    { 25, 25, 400, 0, 22, 79, 41427 }, // U+6761
    { 25, 24, 400, 0, 21, 75, 41506 }, // U+6765
    { 24, 25, 400, 0, 22, 75, 41581 }, // U+677E
    { 24, 25, 400, 0, 22, 75, 41656 }, // U+6790
    { 25, 24, 400, 0, 22, 75, 41731 }, // U+67E5
    { 24, 25, 400, 0, 22, 75, 41806 }, // U+6807
    { 24, 25, 400, 0, 22, 75, 41881 }, // U+680F
    { 24, 25, 400, 0, 22, 75, 41956 }, // U+6837
    { 24, 25, 400, 0, 22, 75, 42031 }, // U+6863
    { 25, 25, 400, 0, 22, 79, 42106 }, // U+68C0
    { 25, 25, 400, 0, 22, 79, 42185 }, // U+6A21
    { 25, 25, 400, 0, 22, 79, 42264 }, // U+6A2A
    { 24, 25, 400, 1, 22, 75, 42343 }, // U+6B21
    { 23, 21, 400, 1, 20, 61, 42418 }, // U+6B63
    { 24, 25, 400, 1, 22, 75, 42479 }, // U+6B64
    { 23, 25, 400, 1, 22, 72, 42554 }, // U+6B65
    { 25, 25, 400, 0, 22, 79, 42626 }, // U+6BB5
    { 24, 25, 400, 0, 22, 75, 42705 }, // U+6BCF
    { 22, 25, 400, 2, 22, 69, 42780 }, // U+6BD4
    { 24, 25, 400, 1, 22, 75, 42849 }, // U+6CE8
    { 24, 25, 400, 0, 22, 75, 42924 }, // U+6D45
    { 22, 25, 400, 1, 22, 69, 42999 }, // U+6D4F
    { 24, 25, 400, 0, 22, 75, 43068 }, // U+6D88
    { 24, 25, 400, 0, 22, 75, 43143 }, // U+6DF1
    { 25, 25, 400, 0, 22, 79, 43218 }, // U+6DFB
    { 24, 25, 400, 0, 22, 75, 43297 }, // U+6E05
    { 23, 25, 400, 1, 22, 72, 43372 }, // U+6E83
    { 25, 25, 400, 0, 22, 79, 43444 }, // U+6E90
    { 24, 25, 400, 1, 22, 75, 43523 }, // U+6EE4
    { 23, 25, 400, 1, 22, 72, 43598 }, // U+70B9
    { 24, 25, 400, 1, 22, 75, 43670 }, // U+70ED
    { 23, 25, 400, 0, 22, 72, 43745 }, // U+7247
    { 25, 25, 400, 0, 22, 79, 43817 }, // U+7248
    { 24, 24, 400, 0, 22, 72, 43896 }, // U+7279
    { 25, 25, 400, 0, 22, 79, 43968 }, // U+72B6
    { 23, 25, 400, 1, 22, 72, 44047 }, // U+7387
    { 23, 23, 400, 0, 20, 67, 44119 }, // U+7528
    { 22, 24, 400, 3, 22, 66, 44186 }, // U+7535
    { 24, 24, 400, 1, 21, 72, 44252 }, // U+754C
    { 24, 25, 400, 1, 22, 75, 44324 }, // U+7565
    { 23, 23, 400, 1, 20, 67, 44399 }, // U+767E
    { 22, 25, 400, 2, 22, 69, 44466 }, // U+7684
    { 23, 24, 400, 1, 22, 69, 44535 }, // U+76D8
    { 18, 23, 400, 3, 20, 52, 44604 }, // U+76EE
    { 24, 23, 400, 1, 20, 69, 44656 }, // U+7720
    { 23, 23, 400, 1, 21, 67, 44725 }, // U+7761
    { 24, 25, 400, 0, 22, 75, 44792 }, // U+77ED
    { 24, 24, 400, 0, 21, 72, 44867 }, // U+7801
    { 24, 25, 400, 0, 22, 75, 44939 }, // U+786E
    { 24, 22, 400, 0, 20, 66, 45014 }, // U+793A
    { 24, 25, 400, 0, 22, 75, 45080 }, // U+79F0
    { 24, 25, 400, 0, 22, 75, 45155 }, // U+79FB
    { 25, 25, 400, 0, 22, 79, 45230 }, // U+7A0B
    { 23, 24, 400, 1, 22, 69, 45309 }, // U+7A7A
    { 23, 23, 400, 1, 21, 67, 45378 }, // U+7AD6
    { 23, 25, 400, 1, 22, 72, 45445 }, // U+7AE0
    { 23, 25, 400, 1, 22, 72, 45517 }, // U+7AEF
    { 24, 25, 400, 0, 22, 75, 45589 }, // U+7B26
    { 23, 25, 400, 1, 22, 72, 45664 }, // U+7B2C
    { 24, 25, 400, 0, 22, 75, 45736 }, // U+7B97
    { 24, 25, 400, 0, 22, 75, 45811 }, // U+7C4D
    { 23, 25, 400, 1, 22, 72, 45886 }, // U+7C97
    { 23, 24, 400, 1, 22, 69, 45958 }, // U+7CFB
    { 23, 24, 400, 1, 22, 69, 46027 }, // U+7D22
    { 23, 25, 400, 1, 22, 72, 46096 }, // U+7D27
    { 24, 24, 400, 1, 22, 72, 46168 }, // U+7EBF
    { 24, 24, 400, 0, 22, 72, 46240 }, // U+7EC6
    { 25, 25, 400, 0, 22, 79, 46312 }, // U+7EC8
    { 24, 25, 400, 0, 22, 75, 46391 }, // U+7ED3
    { 25, 25, 400, 0, 22, 79, 46466 }, // U+7EDC
    { 24, 25, 400, 0, 22, 75, 46545 }, // U+7EDF
    { 24, 23, 400, 0, 22, 69, 46620 }, // U+7EE7
    { 24, 25, 400, 0, 22, 75, 46689 }, // U+7EEA
    { 24, 25, 400, 0, 22, 75, 46764 }, // U+7EED
    { 24, 25, 400, 0, 22, 75, 46839 }, // U+7EF4
    { 25, 25, 400, 0, 22, 79, 46914 }, // U+7F13
    { 24, 25, 400, 0, 22, 75, 46993 }, // U+7F16
    { 21, 23, 400, 2, 20, 61, 47068 }, // U+7F51
    { 23, 23, 400, 1, 21, 67, 47129 }, // U+7F6E
    { 24, 25, 400, 0, 22, 75, 47196 }, // U+7FFB
    { 24, 25, 400, 1, 22, 75, 47271 }, // U+80FD
    { 24, 25, 400, 0, 22, 75, 47346 }, // U+811A
    { 18, 25, 400, 4, 22, 57, 47421 }, // U+81EA
    { 23, 22, 400, 1, 20, 64, 47478 }, // U+81F3
    { 24, 25, 400, 1, 22, 75, 47542 }, // U+822C
    { 25, 24, 400, 0, 22, 75, 47617 }, // U+8272
    { 23, 25, 400, 1, 22, 72, 47692 }, // U+8282
    { 23, 25, 400, 1, 22, 72, 47764 }, // U+8303
    { 24, 25, 400, 0, 22, 75, 47836 }, // U+83B7
    { 24, 25, 400, 1, 22, 75, 47911 }, // U+843D
    { 25, 25, 400, 0, 22, 79, 47986 }, // U+85CF
    { 24, 25, 400, 0, 22, 75, 48065 }, // U+884C
    { 24, 25, 400, 1, 22, 75, 48140 }, // U+88C1
    { 25, 25, 400, 0, 22, 79, 48215 }, // U+892A
    { 23, 23, 400, 1, 20, 67, 48294 }, // U+8981
    { 23, 25, 400, 1, 22, 72, 48361 }, // U+89C8
    { 24, 25, 400, 0, 22, 75, 48433 }, // U+89E3
    { 23, 25, 400, 1, 22, 72, 48508 }, // U+8A00
    { 23, 25, 400, 1, 22, 72, 48580 }, // U+8BA1
    { 23, 23, 400, 1, 21, 67, 48652 }, // U+8BA2
    { 24, 25, 400, 1, 22, 75, 48719 }, // U+8BA4
    { 24, 23, 400, 1, 21, 69, 48794 }, // U+8BB0
    { 24, 25, 400, 1, 22, 75, 48863 }, // U+8BBE
    { 24, 24, 400, 1, 21, 72, 48938 }, // U+8BC1
    { 24, 25, 400, 1, 22, 75, 49010 }, // U+8BD5
    { 24, 25, 400, 0, 22, 75, 49085 }, // U+8BE6
    { 23, 24, 400, 1, 21, 69, 49160 }, // U+8BED
    { 24, 24, 400, 1, 21, 72, 49229 }, // U+8BEF
    { 23, 25, 400, 1, 22, 72, 49301 }, // U+8BF7
    { 24, 25, 400, 0, 22, 75, 49373 }, // U+8BFB
    { 25, 25, 400, 0, 22, 79, 49448 }, // U+8D25
    { 25, 24, 400, 0, 21, 75, 49527 }, // U+8D26
    { 25, 25, 400, 0, 22, 79, 49602 }, // U+8D85
    { 24, 21, 400, 0, 20, 63, 49681 }, // U+8DDD
    { 25, 25, 400, 0, 22, 79, 49744 }, // U+8DF3
    { 24, 25, 400, 0, 22, 75, 49823 }, // U+8F6C
    { 24, 25, 400, 1, 22, 75, 49898 }, // U+8F7D
    { 24, 25, 400, 0, 22, 75, 49973 }, // U+8F91
    { 24, 25, 400, 1, 22, 75, 50048 }, // U+8F93
    { 25, 25, 400, 0, 22, 79, 50123 }, // U+8FB9
    { 25, 25, 400, 0, 22, 79, 50202 }, // U+8FD1
    { 25, 25, 400, 0, 22, 79, 50281 }, // U+8FD4
    { 25, 24, 400, 0, 21, 75, 50360 }, // U+8FDB
    { 25, 23, 400, 0, 20, 72, 50435 }, // U+8FDC
    { 25, 25, 400, 0, 22, 79, 50507 }, // U+8FDE
    { 24, 23, 400, 1, 21, 69, 50586 }, // U+9000
    { 25, 24, 400, 0, 22, 75, 50655 }, // U+9002
    { 24, 25, 400, 1, 22, 75, 50730 }, // U+9006
    { 24, 25, 400, 1, 22, 75, 50805 }, // U+9009
    { 25, 24, 400, 0, 21, 75, 50880 }, // U+901A
    { 24, 24, 400, 1, 21, 72, 50955 }, // U+914D
    { 23, 24, 400, 1, 22, 69, 51027 }, // U+91CD
    { 23, 23, 400, 1, 21, 67, 51096 }, // U+91CF
    { 24, 25, 400, 0, 22, 75, 51163 }, // U+9488
    { 24, 25, 400, 0, 22, 75, 51238 }, // U+949F
    { 25, 25, 400, 0, 22, 79, 51313 }, // U+94FE
    { 24, 25, 400, 0, 22, 75, 51392 }, // U+9519
    { 25, 25, 400, 0, 22, 79, 51467 }, // U+952E
    { 24, 25, 400, 0, 22, 75, 51546 }, // U+952F
    { 25, 25, 400, 0, 22, 79, 51621 }, // U+955C
    { 24, 25, 400, 1, 22, 75, 51700 }, // U+957F
    { 21, 25, 400, 2, 22, 66, 51775 }, // U+95F4
    { 21, 25, 400, 2, 22, 66, 51841 }, // U+9605
    { 21, 24, 400, 2, 21, 63, 51907 }, // U+9633
    { 23, 25, 400, 2, 22, 72, 51970 }, // U+9644
    { 24, 25, 400, 1, 22, 75, 52042 }, // U+9664
    { 22, 25, 400, 2, 22, 69, 52117 }, // U+9690
    { 23, 25, 400, 1, 22, 72, 52186 }, // U+969C
    { 23, 23, 400, 1, 20, 67, 52258 }, // U+9762
    { 23, 23, 400, 1, 20, 67, 52325 }, // U+9875
    { 25, 23, 400, 0, 20, 72, 52392 }, // U+9879
    { 24, 24, 400, 0, 21, 72, 52464 }, // U+987A
    { 24, 24, 400, 0, 21, 72, 52536 }, // U+9884
    { 25, 25, 400, 0, 22, 79, 52608 }, // U+9891
    { 25, 24, 400, 0, 21, 75, 52687 }, // U+9898
    { 25, 25, 400, 0, 22, 79, 52762 }, // U+989D
    { 25, 25, 400, 0, 22, 79, 52841 }, // U+9A8C
    { 25, 25, 400, 0, 22, 79, 52920 }, // U+9ED8
    { 24, 25, 400, 1, 22, 75, 52999 }, // U+9F50
    { 23, 25, 400, 1, 22, 72, 53074 }, // U+9F7F
    { 18, 19, 310, 2, 19, 43, 53146 }, // U+FB00
    { 13, 19, 257, 2, 19, 31, 53189 }, // U+FB01
    { 14, 19, 265, 2, 19, 34, 53220 }, // U+FB02
    { 23, 19, 413, 2, 19, 55, 53254 }, // U+FB03
    { 24, 19, 421, 2, 19, 57, 53309 }, // U+FB04
};

static const EpdUnicodeInterval ubuntu_12_regularIntervals[] = {
    { 0x0, 0x0, 0x0 },
    { 0x8, 0x9, 0x1 },
    { 0xD, 0xD, 0x3 },
    { 0x1D, 0x1D, 0x4 },
    { 0x20, 0x7E, 0x5 },
    { 0xA0, 0xFF, 0x64 },
    { 0x100, 0x17F, 0xC4 },
    { 0x1A0, 0x1A1, 0x144 },
    { 0x1AF, 0x1B0, 0x146 },
    { 0x1C4, 0x21F, 0x148 },
    { 0x300, 0x301, 0x1A4 },
    { 0x304, 0x304, 0x1A6 },
    { 0x307, 0x307, 0x1A7 },
    { 0x30C, 0x30C, 0x1A8 },
    { 0x311, 0x311, 0x1A9 },
    { 0x400, 0x45F, 0x1AA },
    { 0x462, 0x463, 0x20A },
    { 0x472, 0x475, 0x20C },
    { 0x48A, 0x4F9, 0x210 },
    { 0x1EA0, 0x1EF9, 0x280 },
    { 0x2002, 0x2003, 0x2DA },
    { 0x2010, 0x2016, 0x2DC },
    { 0x2018, 0x201A, 0x2E3 },
    { 0x201C, 0x201E, 0x2E6 },
    { 0x2020, 0x2022, 0x2E9 },
    { 0x2025, 0x2027, 0x2EC },
    { 0x2030, 0x2030, 0x2EF },
    { 0x2032, 0x2033, 0x2F0 },
    { 0x2035, 0x2035, 0x2F2 },
    { 0x2039, 0x203C, 0x2F3 },
    { 0x2042, 0x2042, 0x2F7 },
    { 0x2044, 0x2044, 0x2F8 },
    { 0x2047, 0x2049, 0x2F9 },
    { 0x2051, 0x2051, 0x2FC },
    { 0x2070, 0x2070, 0x2FD },
    { 0x2074, 0x2079, 0x2FE },
    { 0x2080, 0x2089, 0x304 },
    { 0x20A9, 0x20A9, 0x30E },
    { 0x20AB, 0x20AC, 0x30F },
    { 0x20AE, 0x20AE, 0x311 },
    { 0x20B4, 0x20B4, 0x312 },
    { 0x20B9, 0x20B9, 0x313 },
    { 0x2190, 0x2199, 0x314 },
    { 0x21B8, 0x21B9, 0x31E },
    { 0x21C4, 0x21C6, 0x320 },
    { 0x21CB, 0x21CC, 0x323 },
    { 0x21D0, 0x21D0, 0x325 },
    { 0x21D2, 0x21D2, 0x326 },
    { 0x21D4, 0x21D4, 0x327 },
    { 0x21E6, 0x21E9, 0x328 },
    { 0x21F5, 0x21F5, 0x32C },
    { 0x2200, 0x2200, 0x32D },
    { 0x2202, 0x2203, 0x32E },
    { 0x2205, 0x220B, 0x330 },
    { 0x220F, 0x220F, 0x337 },
    { 0x2211, 0x2213, 0x338 },
    { 0x2215, 0x2215, 0x33B },
    { 0x2219, 0x221A, 0x33C },
    { 0x221D, 0x2220, 0x33E },
    { 0x2223, 0x2223, 0x342 },
    { 0x2225, 0x222E, 0x343 },
    { 0x2234, 0x2237, 0x34D },
    { 0x223D, 0x223D, 0x351 },
    { 0x2243, 0x2243, 0x352 },
    { 0x2245, 0x2245, 0x353 },
    { 0x2248, 0x2248, 0x354 },
    { 0x224C, 0x224C, 0x355 },
    { 0x2260, 0x2262, 0x356 },
    { 0x2264, 0x2267, 0x359 },
    { 0x226A, 0x226B, 0x35D },
    { 0x226E, 0x226F, 0x35F },
    { 0x2272, 0x2273, 0x361 },
    { 0x2276, 0x2277, 0x363 },
    { 0x2282, 0x2287, 0x365 },
    { 0x228A, 0x228B, 0x36B },
    { 0x2295, 0x2299, 0x36D },
    { 0x22A0, 0x22A0, 0x372 },
    { 0x22A5, 0x22A5, 0x373 },
    { 0x22BF, 0x22BF, 0x374 },
    { 0x22DA, 0x22DB, 0x375 },
    { 0x22EF, 0x22EF, 0x377 },
    { 0x3002, 0x3002, 0x378 },
    { 0x4E00, 0x4E00, 0x379 },
    { 0x4E0A, 0x4E0A, 0x37A },
    { 0x4E0B, 0x4E0B, 0x37B },
    { 0x4E0D, 0x4E0D, 0x37C },
    { 0x4E24, 0x4E24, 0x37D },
    { 0x4E2A, 0x4E2A, 0x37E },
    { 0x4E2D, 0x4E2D, 0x37F },
    { 0x4E32, 0x4E32, 0x380 },
    { 0x4E3A, 0x4E3A, 0x381 },
    { 0x4E3B, 0x4E3B, 0x382 },
    { 0x4E49, 0x4E49, 0x383 },
    { 0x4E66, 0x4E66, 0x384 },
    { 0x4E8C, 0x4E8C, 0x385 },
    { 0x4EBA, 0x4EBA, 0x386 },
    { 0x4ECE, 0x4ECE, 0x387 },
    { 0x4ED6, 0x4ED6, 0x388 },
    { 0x4EE3, 0x4EE3, 0x389 },
    { 0x4EE5, 0x4EE5, 0x38A },
    { 0x4EF6, 0x4EF6, 0x38B },
    { 0x4F20, 0x4F20, 0x38C },
    { 0x4F4D, 0x4F4D, 0x38D },
    { 0x4F4F, 0x4F4F, 0x38E },
    { 0x4F53, 0x4F53, 0x38F },
    { 0x4F7F, 0x4F7F, 0x390 },
    { 0x4F9B, 0x4F9B, 0x391 },
    { 0x4FA7, 0x4FA7, 0x392 },
    { 0x4FDD, 0x4FDD, 0x393 },
    { 0x4FEE, 0x4FEE, 0x394 },
    { 0x5012, 0x5012, 0x395 },
    { 0x503C, 0x503C, 0x396 },
    { 0x503E, 0x503E, 0x397 },
    { 0x5148, 0x5148, 0x398 },
    { 0x5149, 0x5149, 0x399 },
    { 0x5165, 0x5165, 0x39A },
    { 0x5171, 0x5171, 0x39B },
    { 0x5173, 0x5173, 0x39C },
    { 0x5185, 0x5185, 0x39D },
    { 0x518D, 0x518D, 0x39E },
    { 0x5199, 0x5199, 0x39F },
    { 0x51D1, 0x51D1, 0x3A0 },
    { 0x51ED, 0x51ED, 0x3A1 },
    { 0x51FA, 0x51FA, 0x3A2 },
    { 0x5206, 0x5206, 0x3A3 },
    { 0x5207, 0x5207, 0x3A4 },
    { 0x521B, 0x521B, 0x3A5 },
    { 0x5220, 0x5220, 0x3A6 },
    { 0x5230, 0x5230, 0x3A7 },
    { 0x5236, 0x5236, 0x3A8 },
    { 0x5237, 0x5237, 0x3A9 },
    { 0x524D, 0x524D, 0x3AA },
    { 0x526A, 0x526A, 0x3AB },
    { 0x529F, 0x529F, 0x3AC },
    { 0x52A0, 0x52A0, 0x3AD },
    { 0x52A1, 0x52A1, 0x3AE },
    { 0x52A8, 0x52A8, 0x3AF },
    { 0x5339, 0x5339, 0x3B0 },
    { 0x5360, 0x5360, 0x3B1 },
    { 0x5361, 0x5361, 0x3B2 },
    { 0x539F, 0x539F, 0x3B3 },
    { 0x53D6, 0x53D6, 0x3B4 },
    { 0x53E3, 0x53E3, 0x3B5 },
    { 0x53EF, 0x53EF, 0x3B6 },
    { 0x53F3, 0x53F3, 0x3B7 },
    { 0x53F7, 0x53F7, 0x3B8 },
    { 0x540C, 0x540C, 0x3B9 },
    { 0x540D, 0x540D, 0x3BA },
    { 0x540E, 0x540E, 0x3BB },
    { 0x5411, 0x5411, 0x3BC },
    { 0x5426, 0x5426, 0x3BD },
    { 0x542F, 0x542F, 0x3BE },
    { 0x544A, 0x544A, 0x3BF },
    { 0x547D, 0x547D, 0x3C0 },
    { 0x54C8, 0x54C8, 0x3C1 },
    { 0x5668, 0x5668, 0x3C2 },
    { 0x56DE, 0x56DE, 0x3C3 },
    { 0x56E0, 0x56E0, 0x3C4 },
    { 0x56F4, 0x56F4, 0x3C5 },
    { 0x56FE, 0x56FE, 0x3C6 },
    { 0x5728, 0x5728, 0x3C7 },
    { 0x5730, 0x5730, 0x3C8 },
    { 0x5740, 0x5740, 0x3C9 },
    { 0x5907, 0x5907, 0x3CA },
    { 0x590D, 0x590D, 0x3CB },
    { 0x5916, 0x5916, 0x3CC },
    { 0x5927, 0x5927, 0x3CD },
    { 0x5931, 0x5931, 0x3CE },
    { 0x59CB, 0x59CB, 0x3CF },
    { 0x5B57, 0x5B57, 0x3D0 },
    { 0x5B58, 0x5B58, 0x3D1 },
    { 0x5B8C, 0x5B8C, 0x3D2 },
    { 0x5B9A, 0x5B9A, 0x3D3 },
    { 0x5BBD, 0x5BBD, 0x3D4 },
    { 0x5BC6, 0x5BC6, 0x3D5 },
    { 0x5BF9, 0x5BF9, 0x3D6 },
    { 0x5C01, 0x5C01, 0x3D7 },
    { 0x5C04, 0x5C04, 0x3D8 },
    { 0x5C06, 0x5C06, 0x3D9 },
    { 0x5C0F, 0x5C0F, 0x3DA },
    { 0x5C31, 0x5C31, 0x3DB },
    { 0x5C40, 0x5C40, 0x3DC },
    { 0x5C45, 0x5C45, 0x3DD },
    { 0x5C4F, 0x5C4F, 0x3DE },
    { 0x5D29, 0x5D29, 0x3DF },
    { 0x5D4C, 0x5D4C, 0x3E0 },
    { 0x5DE6, 0x5DE6, 0x3E1 },
    { 0x5DF2, 0x5DF2, 0x3E2 },
    { 0x5E03, 0x5E03, 0x3E3 },
    { 0x5E0C, 0x5E0C, 0x3E4 },
    { 0x5E55, 0x5E55, 0x3E5 },
    { 0x5E76, 0x5E76, 0x3E6 },
    { 0x5E94, 0x5E94, 0x3E7 },
    { 0x5EA6, 0x5EA6, 0x3E8 },
    { 0x5EFA, 0x5EFA, 0x3E9 },
    { 0x5F00, 0x5F00, 0x3EA },
    { 0x5F0F, 0x5F0F, 0x3EB },
    { 0x5F15, 0x5F15, 0x3EC },
    { 0x5F53, 0x5F53, 0x3ED },
    { 0x5F55, 0x5F55, 0x3EE },
    { 0x5FD8, 0x5FD8, 0x3EF },
    { 0x5FFD, 0x5FFD, 0x3F0 },
    { 0x6001, 0x6001, 0x3F1 },
    { 0x60A8, 0x60A8, 0x3F2 },
    { 0x60C5, 0x60C5, 0x3F3 },
    { 0x6210, 0x6210, 0x3F4 },
    { 0x6216, 0x6216, 0x3F5 },
    { 0x622A, 0x622A, 0x3F6 },
    { 0x6237, 0x6237, 0x3F7 },
    { 0x6240, 0x6240, 0x3F8 },
    { 0x624B, 0x624B, 0x3F9 },
    { 0x6253, 0x6253, 0x3FA },
    { 0x626B, 0x626B, 0x3FB },
    { 0x627E, 0x627E, 0x3FC },
    { 0x6297, 0x6297, 0x3FD },
    { 0x62A5, 0x62A5, 0x3FE },
    { 0x62E9, 0x62E9, 0x3FF },
    { 0x6309, 0x6309, 0x400 },
    { 0x6362, 0x6362, 0x401 },
    { 0x636E, 0x636E, 0x402 },
    { 0x63A5, 0x63A5, 0x403 },
    { 0x63A7, 0x63A7, 0x404 },
    { 0x63CF, 0x63CF, 0x405 },
    { 0x63D0, 0x63D0, 0x406 },
    { 0x63D2, 0x63D2, 0x407 },
    { 0x641C, 0x641C, 0x408 },
    { 0x6536, 0x6536, 0x409 },
    { 0x6545, 0x6545, 0x40A },
    { 0x6570, 0x6570, 0x40B },
    { 0x6587, 0x6587, 0x40C },
    { 0x659C, 0x659C, 0x40D },
    { 0x65AD, 0x65AD, 0x40E },
    { 0x65B0, 0x65B0, 0x40F },
    { 0x65B9, 0x65B9, 0x410 },
    { 0x65E0, 0x65E0, 0x411 },
    { 0x65F6, 0x65F6, 0x412 },
    { 0x6620, 0x6620, 0x413 },
    { 0x662F, 0x662F, 0x414 },
    { 0x663E, 0x663E, 0x415 },
    { 0x666E, 0x666E, 0x416 },
    { 0x66F4, 0x66F4, 0x417 },
    { 0x6700, 0x6700, 0x418 },
    { 0x6709, 0x6709, 0x419 },
    { 0x670D, 0x670D, 0x41A },
    { 0x672A, 0x672A, 0x41B },
    { 0x672C, 0x672C, 0x41C },
    { 0x673A, 0x673A, 0x41D },
    { 0x675F, 0x675F, 0x41E },
    { 0x6761, 0x6761, 0x41F },
    { 0x6765, 0x6765, 0x420 },
    { 0x677E, 0x677E, 0x421 },
    { 0x6790, 0x6790, 0x422 },
    { 0x67E5, 0x67E5, 0x423 },
    { 0x6807, 0x6807, 0x424 },
    { 0x680F, 0x680F, 0x425 },
    { 0x6837, 0x6837, 0x426 },
    { 0x6863, 0x6863, 0x427 },
    { 0x68C0, 0x68C0, 0x428 },
    { 0x6A21, 0x6A21, 0x429 },
    { 0x6A2A, 0x6A2A, 0x42A },
    { 0x6B21, 0x6B21, 0x42B },
    { 0x6B63, 0x6B63, 0x42C },
    { 0x6B64, 0x6B64, 0x42D },
    { 0x6B65, 0x6B65, 0x42E },
    { 0x6BB5, 0x6BB5, 0x42F },
    { 0x6BCF, 0x6BCF, 0x430 },
    { 0x6BD4, 0x6BD4, 0x431 },
    { 0x6CE8, 0x6CE8, 0x432 },
    { 0x6D45, 0x6D45, 0x433 },
    { 0x6D4F, 0x6D4F, 0x434 },
    { 0x6D88, 0x6D88, 0x435 },
    { 0x6DF1, 0x6DF1, 0x436 },
    { 0x6DFB, 0x6DFB, 0x437 },
    { 0x6E05, 0x6E05, 0x438 },
    { 0x6E83, 0x6E83, 0x439 },
    { 0x6E90, 0x6E90, 0x43A },
    { 0x6EE4, 0x6EE4, 0x43B },
    { 0x70B9, 0x70B9, 0x43C },
    { 0x70ED, 0x70ED, 0x43D },
    { 0x7247, 0x7247, 0x43E },
    { 0x7248, 0x7248, 0x43F },
    { 0x7279, 0x7279, 0x440 },
    { 0x72B6, 0x72B6, 0x441 },
    { 0x7387, 0x7387, 0x442 },
    { 0x7528, 0x7528, 0x443 },
    { 0x7535, 0x7535, 0x444 },
    { 0x754C, 0x754C, 0x445 },
    { 0x7565, 0x7565, 0x446 },
    { 0x767E, 0x767E, 0x447 },
    { 0x7684, 0x7684, 0x448 },
    { 0x76D8, 0x76D8, 0x449 },
    { 0x76EE, 0x76EE, 0x44A },
    { 0x7720, 0x7720, 0x44B },
    { 0x7761, 0x7761, 0x44C },
    { 0x77ED, 0x77ED, 0x44D },
    { 0x7801, 0x7801, 0x44E },
    { 0x786E, 0x786E, 0x44F },
    { 0x793A, 0x793A, 0x450 },
    { 0x79F0, 0x79F0, 0x451 },
    { 0x79FB, 0x79FB, 0x452 },
    { 0x7A0B, 0x7A0B, 0x453 },
    { 0x7A7A, 0x7A7A, 0x454 },
    { 0x7AD6, 0x7AD6, 0x455 },
    { 0x7AE0, 0x7AE0, 0x456 },
    { 0x7AEF, 0x7AEF, 0x457 },
    { 0x7B26, 0x7B26, 0x458 },
    { 0x7B2C, 0x7B2C, 0x459 },
    { 0x7B97, 0x7B97, 0x45A },
    { 0x7C4D, 0x7C4D, 0x45B },
    { 0x7C97, 0x7C97, 0x45C },
    { 0x7CFB, 0x7CFB, 0x45D },
    { 0x7D22, 0x7D22, 0x45E },
    { 0x7D27, 0x7D27, 0x45F },
    { 0x7EBF, 0x7EBF, 0x460 },
    { 0x7EC6, 0x7EC6, 0x461 },
    { 0x7EC8, 0x7EC8, 0x462 },
    { 0x7ED3, 0x7ED3, 0x463 },
    { 0x7EDC, 0x7EDC, 0x464 },
    { 0x7EDF, 0x7EDF, 0x465 },
    { 0x7EE7, 0x7EE7, 0x466 },
    { 0x7EEA, 0x7EEA, 0x467 },
    { 0x7EED, 0x7EED, 0x468 },
    { 0x7EF4, 0x7EF4, 0x469 },
    { 0x7F13, 0x7F13, 0x46A },
    { 0x7F16, 0x7F16, 0x46B },
    { 0x7F51, 0x7F51, 0x46C },
    { 0x7F6E, 0x7F6E, 0x46D },
    { 0x7FFB, 0x7FFB, 0x46E },
    { 0x80FD, 0x80FD, 0x46F },
    { 0x811A, 0x811A, 0x470 },
    { 0x81EA, 0x81EA, 0x471 },
    { 0x81F3, 0x81F3, 0x472 },
    { 0x822C, 0x822C, 0x473 },
    { 0x8272, 0x8272, 0x474 },
    { 0x8282, 0x8282, 0x475 },
    { 0x8303, 0x8303, 0x476 },
    { 0x83B7, 0x83B7, 0x477 },
    { 0x843D, 0x843D, 0x478 },
    { 0x85CF, 0x85CF, 0x479 },
    { 0x884C, 0x884C, 0x47A },
    { 0x88C1, 0x88C1, 0x47B },
    { 0x892A, 0x892A, 0x47C },
    { 0x8981, 0x8981, 0x47D },
    { 0x89C8, 0x89C8, 0x47E },
    { 0x89E3, 0x89E3, 0x47F },
    { 0x8A00, 0x8A00, 0x480 },
    { 0x8BA1, 0x8BA1, 0x481 },
    { 0x8BA2, 0x8BA2, 0x482 },
    { 0x8BA4, 0x8BA4, 0x483 },
    { 0x8BB0, 0x8BB0, 0x484 },
    { 0x8BBE, 0x8BBE, 0x485 },
    { 0x8BC1, 0x8BC1, 0x486 },
    { 0x8BD5, 0x8BD5, 0x487 },
    { 0x8BE6, 0x8BE6, 0x488 },
    { 0x8BED, 0x8BED, 0x489 },
    { 0x8BEF, 0x8BEF, 0x48A },
    { 0x8BF7, 0x8BF7, 0x48B },
    { 0x8BFB, 0x8BFB, 0x48C },
    { 0x8D25, 0x8D25, 0x48D },
    { 0x8D26, 0x8D26, 0x48E },
    { 0x8D85, 0x8D85, 0x48F },
    { 0x8DDD, 0x8DDD, 0x490 },
    { 0x8DF3, 0x8DF3, 0x491 },
    { 0x8F6C, 0x8F6C, 0x492 },
    { 0x8F7D, 0x8F7D, 0x493 },
    { 0x8F91, 0x8F91, 0x494 },
    { 0x8F93, 0x8F93, 0x495 },
    { 0x8FB9, 0x8FB9, 0x496 },
    { 0x8FD1, 0x8FD1, 0x497 },
    { 0x8FD4, 0x8FD4, 0x498 },
    { 0x8FDB, 0x8FDB, 0x499 },
    { 0x8FDC, 0x8FDC, 0x49A },
    { 0x8FDE, 0x8FDE, 0x49B },
    { 0x9000, 0x9000, 0x49C },
    { 0x9002, 0x9002, 0x49D },
    { 0x9006, 0x9006, 0x49E },
    { 0x9009, 0x9009, 0x49F },
    { 0x901A, 0x901A, 0x4A0 },
    { 0x914D, 0x914D, 0x4A1 },
    { 0x91CD, 0x91CD, 0x4A2 },
    { 0x91CF, 0x91CF, 0x4A3 },
    { 0x9488, 0x9488, 0x4A4 },
    { 0x949F, 0x949F, 0x4A5 },
    { 0x94FE, 0x94FE, 0x4A6 },
    { 0x9519, 0x9519, 0x4A7 },
    { 0x952E, 0x952E, 0x4A8 },
    { 0x952F, 0x952F, 0x4A9 },
    { 0x955C, 0x955C, 0x4AA },
    { 0x957F, 0x957F, 0x4AB },
    { 0x95F4, 0x95F4, 0x4AC },
    { 0x9605, 0x9605, 0x4AD },
    { 0x9633, 0x9633, 0x4AE },
    { 0x9644, 0x9644, 0x4AF },
    { 0x9664, 0x9664, 0x4B0 },
    { 0x9690, 0x9690, 0x4B1 },
    { 0x969C, 0x969C, 0x4B2 },
    { 0x9762, 0x9762, 0x4B3 },
    { 0x9875, 0x9875, 0x4B4 },
    { 0x9879, 0x9879, 0x4B5 },
    { 0x987A, 0x987A, 0x4B6 },
    { 0x9884, 0x9884, 0x4B7 },
    { 0x9891, 0x9891, 0x4B8 },
    { 0x9898, 0x9898, 0x4B9 },
    { 0x989D, 0x989D, 0x4BA },
    { 0x9A8C, 0x9A8C, 0x4BB },
    { 0x9ED8, 0x9ED8, 0x4BC },
    { 0x9F50, 0x9F50, 0x4BD },
    { 0x9F7F, 0x9F7F, 0x4BE },
    { 0xFB00, 0xFB04, 0x4BF },
};

static const EpdKernClassEntry ubuntu_12_regularKernLeftClasses[] = {
    { 0x0022, 1 }, // "
    { 0x0027, 1 }, // '
    { 0x0028, 2 }, // (
    { 0x0029, 3 }, // )
    { 0x002A, 4 }, // *
    { 0x002C, 5 }, // ,
    { 0x002D, 6 }, // -
    { 0x002E, 5 }, // .
    { 0x002F, 7 }, // /
    { 0x003A, 8 }, // :
    { 0x003B, 8 }, // ;
    { 0x0040, 9 }, // @
    { 0x0041, 10 }, // A
    { 0x0042, 11 }, // B
    { 0x0043, 12 }, // C
    { 0x0044, 13 }, // D
    { 0x0045, 14 }, // E
    { 0x0046, 15 }, // F
    { 0x0047, 16 }, // G
    { 0x004A, 17 }, // J
    { 0x004B, 18 }, // K
    { 0x004C, 19 }, // L
    { 0x004D, 20 }, // M
    { 0x004F, 21 }, // O
    { 0x0050, 22 }, // P
    { 0x0051, 23 }, // Q
    { 0x0052, 24 }, // R
    { 0x0054, 25 }, // T
    { 0x0055, 26 }, // U
    { 0x0056, 27 }, // V
    { 0x0057, 28 }, // W
    { 0x0058, 29 }, // X
    { 0x0059, 30 }, // Y
    { 0x005A, 31 }, // Z
    { 0x005B, 32 }, // [
    { 0x005D, 33 }, // ]
    { 0x0061, 34 }, // a
    { 0x0062, 35 }, // b
    { 0x0063, 36 }, // c
    { 0x0066, 37 }, // f
    { 0x0068, 38 }, // h
    { 0x006A, 39 }, // j
    { 0x006B, 40 }, // k
    { 0x006D, 41 }, // m
    { 0x006E, 41 }, // n
    { 0x006F, 42 }, // o
    { 0x0070, 43 }, // p
    { 0x0071, 44 }, // q
    { 0x0072, 45 }, // r
    { 0x0074, 46 }, // t
    { 0x0076, 47 }, // v
    { 0x0077, 48 }, // w
    { 0x0078, 49 }, // x
    { 0x007A, 50 }, // z
    { 0x007B, 51 }, // {
    { 0x007D, 52 }, // }
    { 0x00A1, 53 }, // U+00A1
    { 0x00AB, 54 }, // U+00AB
    { 0x00BB, 55 }, // U+00BB
    { 0x00BF, 56 }, // U+00BF
    { 0x00C0, 10 }, // U+00C0
    { 0x00C1, 10 }, // U+00C1
    { 0x00C2, 10 }, // U+00C2
    { 0x00C3, 10 }, // U+00C3
    { 0x00C4, 10 }, // U+00C4
    { 0x00C5, 10 }, // U+00C5
    { 0x00C6, 14 }, // U+00C6
    { 0x00C7, 12 }, // U+00C7
    { 0x00C8, 14 }, // U+00C8
    { 0x00C9, 14 }, // U+00C9
    { 0x00CA, 14 }, // U+00CA
    { 0x00CB, 14 }, // U+00CB
    { 0x00D0, 13 }, // U+00D0
    { 0x00D2, 21 }, // U+00D2
    { 0x00D3, 21 }, // U+00D3
    { 0x00D4, 21 }, // U+00D4
    { 0x00D5, 21 }, // U+00D5
    { 0x00D6, 21 }, // U+00D6
    { 0x00D8, 21 }, // U+00D8
    { 0x00D9, 26 }, // U+00D9
    { 0x00DA, 26 }, // U+00DA
    { 0x00DB, 26 }, // U+00DB
    { 0x00DC, 26 }, // U+00DC
    { 0x00DD, 30 }, // U+00DD
    { 0x00DE, 57 }, // U+00DE
    { 0x00DF, 58 }, // U+00DF
    { 0x00E0, 34 }, // U+00E0
    { 0x00E1, 34 }, // U+00E1
    { 0x00E2, 34 }, // U+00E2
    { 0x00E3, 34 }, // U+00E3
    { 0x00E4, 34 }, // U+00E4
    { 0x00E5, 34 }, // U+00E5
    { 0x00E7, 36 }, // U+00E7
    { 0x00F0, 59 }, // U+00F0
    { 0x00F1, 41 }, // U+00F1
    { 0x00F2, 42 }, // U+00F2
    { 0x00F3, 42 }, // U+00F3
    { 0x00F4, 42 }, // U+00F4
    { 0x00F5, 42 }, // U+00F5
    { 0x00F6, 42 }, // U+00F6
    { 0x00F8, 42 }, // U+00F8
    { 0x00FE, 60 }, // U+00FE
    { 0x0100, 10 }, // U+0100
    { 0x0101, 34 }, // U+0101
    { 0x0102, 10 }, // U+0102
    { 0x0103, 34 }, // U+0103
    { 0x0104, 10 }, // U+0104
    { 0x0105, 34 }, // U+0105
    { 0x0106, 12 }, // U+0106
    { 0x0107, 36 }, // U+0107
    { 0x0108, 12 }, // U+0108
    { 0x0109, 36 }, // U+0109
    { 0x010A, 12 }, // U+010A
    { 0x010B, 36 }, // U+010B
    { 0x010C, 12 }, // U+010C
    { 0x010D, 36 }, // U+010D
    { 0x010E, 13 }, // U+010E
    { 0x010F, 61 }, // U+010F
    { 0x0110, 13 }, // U+0110
    { 0x0112, 14 }, // U+0112
    { 0x0114, 14 }, // U+0114
    { 0x0116, 14 }, // U+0116
    { 0x0118, 14 }, // U+0118
    { 0x011A, 14 }, // U+011A
    { 0x011C, 16 }, // U+011C
    { 0x011E, 16 }, // U+011E
    { 0x0120, 16 }, // U+0120
    { 0x0122, 16 }, // U+0122
    { 0x0125, 38 }, // U+0125
    { 0x0127, 38 }, // U+0127
    { 0x0132, 17 }, // U+0132
    { 0x0133, 39 }, // U+0133
    { 0x0134, 17 }, // U+0134
    { 0x0135, 39 }, // U+0135
    { 0x0136, 18 }, // U+0136
    { 0x0137, 40 }, // U+0137
    { 0x0138, 40 }, // U+0138
    { 0x0139, 19 }, // U+0139
    { 0x013B, 19 }, // U+013B
    { 0x013D, 19 }, // U+013D
    { 0x013E, 61 }, // U+013E
    { 0x013F, 19 }, // U+013F
    { 0x0141, 19 }, // U+0141
    { 0x0144, 41 }, // U+0144
    { 0x0146, 41 }, // U+0146
    { 0x0148, 41 }, // U+0148
    { 0x0149, 41 }, // U+0149
    { 0x014A, 62 }, // U+014A
    { 0x014B, 63 }, // U+014B
    { 0x014C, 21 }, // U+014C
    { 0x014D, 42 }, // U+014D
    { 0x014E, 21 }, // U+014E
    { 0x014F, 42 }, // U+014F
    { 0x0150, 21 }, // U+0150
    { 0x0151, 42 }, // U+0151
    { 0x0152, 14 }, // U+0152
    { 0x0154, 24 }, // U+0154
    { 0x0155, 45 }, // U+0155
    { 0x0156, 24 }, // U+0156
    { 0x0157, 45 }, // U+0157
    { 0x0158, 24 }, // U+0158
    { 0x0159, 45 }, // U+0159
    { 0x0162, 25 }, // U+0162
    { 0x0163, 46 }, // U+0163
    { 0x0164, 25 }, // U+0164
    { 0x0165, 46 }, // U+0165
    { 0x0166, 25 }, // U+0166
    { 0x0167, 46 }, // U+0167
    { 0x0168, 26 }, // U+0168
    { 0x016A, 26 }, // U+016A
    { 0x016C, 26 }, // U+016C
    { 0x016E, 26 }, // U+016E
    { 0x0170, 26 }, // U+0170
    { 0x0172, 26 }, // U+0172
    { 0x0174, 28 }, // U+0174
    { 0x0175, 48 }, // U+0175
    { 0x0176, 30 }, // U+0176
    { 0x0178, 30 }, // U+0178
    { 0x0179, 31 }, // U+0179
    { 0x017A, 50 }, // U+017A
    { 0x017B, 31 }, // U+017B
    { 0x017C, 50 }, // U+017C
    { 0x017D, 31 }, // U+017D
    { 0x017E, 50 }, // U+017E
    { 0x017F, 37 }, // U+017F
    { 0x01C4, 31 }, // U+01C4
    { 0x01C5, 50 }, // U+01C5
    { 0x01C6, 50 }, // U+01C6
    { 0x01C7, 17 }, // U+01C7
    { 0x01C8, 39 }, // U+01C8
    { 0x01C9, 39 }, // U+01C9
    { 0x01CA, 17 }, // U+01CA
    { 0x01CB, 39 }, // U+01CB
    { 0x01CC, 39 }, // U+01CC
    { 0x01CD, 10 }, // U+01CD
    { 0x01CE, 34 }, // U+01CE
    { 0x01D1, 21 }, // U+01D1
    { 0x01D2, 42 }, // U+01D2
    { 0x01D3, 26 }, // U+01D3
    { 0x01D5, 26 }, // U+01D5
    { 0x01D7, 26 }, // U+01D7
    { 0x01D9, 26 }, // U+01D9
    { 0x01DB, 26 }, // U+01DB
    { 0x01DD, 42 }, // U+01DD
    { 0x01DE, 10 }, // U+01DE
    { 0x01DF, 34 }, // U+01DF
    { 0x01E0, 10 }, // U+01E0
    { 0x01E1, 34 }, // U+01E1
    { 0x01E2, 14 }, // U+01E2
    { 0x01E4, 16 }, // U+01E4
    { 0x01E6, 16 }, // U+01E6
    { 0x01E8, 18 }, // U+01E8
    { 0x01E9, 40 }, // U+01E9
    { 0x01EA, 21 }, // U+01EA
    { 0x01EB, 42 }, // U+01EB
    { 0x01EC, 21 }, // U+01EC
    { 0x01ED, 42 }, // U+01ED
    { 0x01EE, 64 }, // U+01EE
    { 0x01F0, 39 }, // U+01F0
    { 0x01F1, 31 }, // U+01F1
    { 0x01F2, 50 }, // U+01F2
    { 0x01F3, 50 }, // U+01F3
    { 0x01F4, 16 }, // U+01F4
    { 0x01F7, 65 }, // U+01F7
    { 0x01F9, 41 }, // U+01F9
    { 0x01FA, 10 }, // U+01FA
    { 0x01FB, 34 }, // U+01FB
    { 0x01FC, 14 }, // U+01FC
    { 0x01FE, 21 }, // U+01FE
    { 0x01FF, 42 }, // U+01FF
    { 0x0200, 10 }, // U+0200
    { 0x0201, 34 }, // U+0201
    { 0x0202, 10 }, // U+0202
    { 0x0203, 34 }, // U+0203
    { 0x0204, 14 }, // U+0204
    { 0x0206, 14 }, // U+0206
    { 0x020C, 21 }, // U+020C
    { 0x020D, 42 }, // U+020D
    { 0x020E, 21 }, // U+020E
    { 0x020F, 42 }, // U+020F
    { 0x0210, 24 }, // U+0210
    { 0x0211, 45 }, // U+0211
    { 0x0212, 24 }, // U+0212
    { 0x0213, 45 }, // U+0213
    { 0x0214, 26 }, // U+0214
    { 0x0216, 26 }, // U+0216
    { 0x021A, 25 }, // U+021A
    { 0x021B, 46 }, // U+021B
    { 0x021C, 66 }, // U+021C
    { 0x021F, 38 }, // U+021F
    { 0x0400, 67 }, // U+0400
    { 0x0401, 67 }, // U+0401
    { 0x0402, 68 }, // U+0402
    { 0x0403, 69 }, // U+0403
    { 0x0404, 70 }, // U+0404
    { 0x0405, 71 }, // U+0405
    { 0x040B, 72 }, // U+040B
    { 0x040C, 73 }, // U+040C
    { 0x040E, 74 }, // U+040E
    { 0x0410, 75 }, // U+0410
    { 0x0411, 68 }, // U+0411
    { 0x0412, 76 }, // U+0412
    { 0x0413, 69 }, // U+0413
    { 0x0414, 77 }, // U+0414
    { 0x0415, 67 }, // U+0415
    { 0x0417, 78 }, // U+0417
    { 0x041A, 73 }, // U+041A
    { 0x041C, 79 }, // U+041C
    { 0x041E, 80 }, // U+041E
    { 0x0420, 81 }, // U+0420
    { 0x0421, 70 }, // U+0421
    { 0x0422, 82 }, // U+0422
    { 0x0423, 74 }, // U+0423
    { 0x0424, 83 }, // U+0424
    { 0x0425, 84 }, // U+0425
    { 0x0426, 85 }, // U+0426
    { 0x0429, 85 }, // U+0429
    { 0x042D, 86 }, // U+042D
    { 0x042E, 80 }, // U+042E
    { 0x0430, 87 }, // U+0430
    { 0x0431, 88 }, // U+0431
    { 0x0432, 89 }, // U+0432
    { 0x0433, 90 }, // U+0433
    { 0x0434, 91 }, // U+0434
    { 0x0435, 92 }, // U+0435
    { 0x0436, 93 }, // U+0436
    { 0x0437, 94 }, // U+0437
    { 0x043A, 95 }, // U+043A
    { 0x043E, 96 }, // U+043E
    { 0x0440, 97 }, // U+0440
    { 0x0441, 98 }, // U+0441
    { 0x0442, 99 }, // U+0442
    { 0x0443, 100 }, // U+0443
    { 0x0444, 101 }, // U+0444
    { 0x0445, 102 }, // U+0445
    { 0x0446, 103 }, // U+0446
    { 0x0449, 103 }, // U+0449
    { 0x044A, 104 }, // U+044A
    { 0x044C, 104 }, // U+044C
    { 0x044D, 105 }, // U+044D
    { 0x044E, 106 }, // U+044E
    { 0x0450, 92 }, // U+0450
    { 0x0451, 92 }, // U+0451
    { 0x0452, 107 }, // U+0452
    { 0x0453, 90 }, // U+0453
    { 0x0454, 108 }, // U+0454
    { 0x0455, 109 }, // U+0455
    { 0x0459, 104 }, // U+0459
    { 0x045A, 104 }, // U+045A
    { 0x045B, 110 }, // U+045B
    { 0x045C, 95 }, // U+045C
    { 0x045E, 100 }, // U+045E
    { 0x0462, 68 }, // U+0462
    { 0x0463, 111 }, // U+0463
    { 0x0472, 80 }, // U+0472
    { 0x0473, 96 }, // U+0473
    { 0x0474, 112 }, // U+0474
    { 0x0475, 113 }, // U+0475
    { 0x048A, 85 }, // U+048A
    { 0x048B, 103 }, // U+048B
    { 0x048D, 104 }, // U+048D
    { 0x048F, 97 }, // U+048F
    { 0x0490, 69 }, // U+0490
    { 0x0491, 90 }, // U+0491
    { 0x0492, 69 }, // U+0492
    { 0x0493, 90 }, // U+0493
    { 0x0494, 68 }, // U+0494
    { 0x0495, 114 }, // U+0495
    { 0x0497, 93 }, // U+0497
    { 0x0498, 78 }, // U+0498
    { 0x0499, 94 }, // U+0499
    { 0x049A, 73 }, // U+049A
    { 0x049B, 95 }, // U+049B
    { 0x049C, 73 }, // U+049C
    { 0x049D, 95 }, // U+049D
    { 0x049E, 73 }, // U+049E
    { 0x049F, 95 }, // U+049F
    { 0x04A0, 73 }, // U+04A0
    { 0x04A1, 95 }, // U+04A1
    { 0x04A2, 85 }, // U+04A2
    { 0x04A3, 103 }, // U+04A3
    { 0x04A4, 82 }, // U+04A4
    { 0x04A5, 90 }, // U+04A5
    { 0x04A7, 115 }, // U+04A7
    { 0x04A8, 116 }, // U+04A8
    { 0x04A9, 117 }, // U+04A9
    { 0x04AA, 70 }, // U+04AA
    { 0x04AB, 98 }, // U+04AB
    { 0x04AC, 82 }, // U+04AC
    { 0x04AD, 99 }, // U+04AD
    { 0x04AE, 118 }, // U+04AE
    { 0x04AF, 119 }, // U+04AF
    { 0x04B0, 118 }, // U+04B0
    { 0x04B1, 119 }, // U+04B1
    { 0x04B2, 84 }, // U+04B2
    { 0x04B3, 102 }, // U+04B3
    { 0x04B4, 85 }, // U+04B4
    { 0x04B5, 103 }, // U+04B5
    { 0x04B6, 85 }, // U+04B6
    { 0x04B7, 103 }, // U+04B7
    { 0x04BA, 120 }, // U+04BA
    { 0x04BB, 121 }, // U+04BB
    { 0x04BC, 122 }, // U+04BC
    { 0x04BD, 123 }, // U+04BD
    { 0x04BE, 122 }, // U+04BE
    { 0x04BF, 123 }, // U+04BF
    { 0x04C2, 93 }, // U+04C2
    { 0x04C4, 124 }, // U+04C4
    { 0x04C6, 103 }, // U+04C6
    { 0x04C8, 125 }, // U+04C8
    { 0x04C9, 85 }, // U+04C9
    { 0x04CA, 103 }, // U+04CA
    { 0x04CD, 85 }, // U+04CD
    { 0x04CE, 103 }, // U+04CE
    { 0x04D0, 75 }, // U+04D0
    { 0x04D1, 87 }, // U+04D1
    { 0x04D2, 75 }, // U+04D2
    { 0x04D3, 87 }, // U+04D3
    { 0x04D5, 126 }, // U+04D5
    { 0x04D6, 67 }, // U+04D6
    { 0x04D7, 92 }, // U+04D7
    { 0x04D8, 127 }, // U+04D8
    { 0x04D9, 128 }, // U+04D9
    { 0x04DA, 127 }, // U+04DA
    { 0x04DB, 128 }, // U+04DB
    { 0x04DD, 93 }, // U+04DD
    { 0x04DE, 78 }, // U+04DE
    { 0x04DF, 94 }, // U+04DF
    { 0x04E0, 129 }, // U+04E0
    { 0x04E1, 130 }, // U+04E1
    { 0x04E6, 80 }, // U+04E6
    { 0x04E7, 96 }, // U+04E7
    { 0x04E8, 80 }, // U+04E8
    { 0x04E9, 96 }, // U+04E9
    { 0x04EA, 80 }, // U+04EA
    { 0x04EB, 96 }, // U+04EB
    { 0x04EC, 86 }, // U+04EC
    { 0x04ED, 94 }, // U+04ED
    { 0x04EE, 74 }, // U+04EE
    { 0x04EF, 100 }, // U+04EF
    { 0x04F0, 74 }, // U+04F0
    { 0x04F1, 100 }, // U+04F1
    { 0x04F2, 74 }, // U+04F2
    { 0x04F3, 100 }, // U+04F3
    { 0x04F6, 69 }, // U+04F6
    { 0x04F7, 90 }, // U+04F7
    { 0x1EA0, 131 }, // U+1EA0
    { 0x1EA1, 132 }, // U+1EA1
    { 0x1EA2, 131 }, // U+1EA2
    { 0x1EA3, 132 }, // U+1EA3
    { 0x1EA4, 131 }, // U+1EA4
    { 0x1EA5, 132 }, // U+1EA5
    { 0x1EA6, 131 }, // U+1EA6
    { 0x1EA7, 132 }, // U+1EA7
    { 0x1EA8, 131 }, // U+1EA8
    { 0x1EA9, 132 }, // U+1EA9
    { 0x1EAA, 131 }, // U+1EAA
    { 0x1EAB, 132 }, // U+1EAB
    { 0x1EAC, 131 }, // U+1EAC
    { 0x1EAD, 132 }, // U+1EAD
    { 0x1EAE, 131 }, // U+1EAE
    { 0x1EAF, 132 }, // U+1EAF
    { 0x1EB0, 131 }, // U+1EB0
    { 0x1EB1, 132 }, // U+1EB1
    { 0x1EB2, 131 }, // U+1EB2
    { 0x1EB3, 132 }, // U+1EB3
    { 0x1EB4, 131 }, // U+1EB4
    { 0x1EB5, 132 }, // U+1EB5
    { 0x1EB6, 131 }, // U+1EB6
    { 0x1EB7, 132 }, // U+1EB7
    { 0x1EB8, 133 }, // U+1EB8
    { 0x1EB9, 134 }, // U+1EB9
    { 0x1EBA, 133 }, // U+1EBA
    { 0x1EBB, 134 }, // U+1EBB
    { 0x1EBC, 133 }, // U+1EBC
    { 0x1EBD, 134 }, // U+1EBD
    { 0x1EBE, 133 }, // U+1EBE
    { 0x1EBF, 134 }, // U+1EBF
    { 0x1EC0, 133 }, // U+1EC0
    { 0x1EC1, 134 }, // U+1EC1
    { 0x1EC2, 133 }, // U+1EC2
    { 0x1EC3, 134 }, // U+1EC3
    { 0x1EC4, 133 }, // U+1EC4
    { 0x1EC5, 134 }, // U+1EC5
    { 0x1EC6, 133 }, // U+1EC6
    { 0x1EC7, 134 }, // U+1EC7
    { 0x1ECC, 135 }, // U+1ECC
    { 0x1ECD, 136 }, // U+1ECD
    { 0x1ECE, 135 }, // U+1ECE
    { 0x1ECF, 136 }, // U+1ECF
    { 0x1ED0, 135 }, // U+1ED0
    { 0x1ED1, 136 }, // U+1ED1
    { 0x1ED2, 135 }, // U+1ED2
    { 0x1ED3, 136 }, // U+1ED3
    { 0x1ED4, 135 }, // U+1ED4
    { 0x1ED5, 136 }, // U+1ED5
    { 0x1ED6, 135 }, // U+1ED6
    { 0x1ED7, 136 }, // U+1ED7
    { 0x1ED8, 135 }, // U+1ED8
    { 0x1ED9, 136 }, // U+1ED9
    { 0x1EDB, 137 }, // U+1EDB
    { 0x1EDD, 137 }, // U+1EDD
    { 0x1EDF, 137 }, // U+1EDF
    { 0x1EE1, 137 }, // U+1EE1
    { 0x1EE3, 137 }, // U+1EE3
    { 0x1EE4, 138 }, // U+1EE4
    { 0x1EE5, 139 }, // U+1EE5
    { 0x1EE6, 138 }, // U+1EE6
    { 0x1EE7, 139 }, // U+1EE7
    { 0x1EE8, 140 }, // U+1EE8
    { 0x1EE9, 141 }, // U+1EE9
    { 0x1EEA, 140 }, // U+1EEA
    { 0x1EEB, 141 }, // U+1EEB
    { 0x1EEC, 140 }, // U+1EEC
    { 0x1EED, 141 }, // U+1EED
    { 0x1EEE, 140 }, // U+1EEE
    { 0x1EEF, 141 }, // U+1EEF
    { 0x1EF0, 140 }, // U+1EF0
    { 0x1EF1, 141 }, // U+1EF1
    { 0x1EF2, 30 }, // U+1EF2
    { 0x1EF4, 142 }, // U+1EF4
    { 0x1EF5, 143 }, // U+1EF5
    { 0x1EF6, 142 }, // U+1EF6
    { 0x1EF7, 143 }, // U+1EF7
    { 0x1EF8, 142 }, // U+1EF8
    { 0x1EF9, 143 }, // U+1EF9
    { 0x2011, 144 }, // U+2011
    { 0x2012, 144 }, // U+2012
    { 0x2013, 6 }, // U+2013
    { 0x2014, 6 }, // U+2014
    { 0x2018, 145 }, // U+2018
    { 0x201A, 146 }, // U+201A
    { 0x201C, 145 }, // U+201C
    { 0x201E, 146 }, // U+201E
    { 0x2026, 5 }, // U+2026
    { 0x2039, 54 }, // U+2039
    { 0x203A, 55 }, // U+203A
    { 0xFB00, 37 }, // U+FB00
};

static const EpdKernClassEntry ubuntu_12_regularKernRightClasses[] = {
    { 0x0021, 1 }, // !
    { 0x0022, 2 }, // "
    { 0x0027, 2 }, // '
    { 0x0028, 3 }, // (
    { 0x0029, 4 }, // )
    { 0x002A, 5 }, // *
    { 0x002C, 6 }, // ,
    { 0x002D, 7 }, // -
    { 0x002E, 6 }, // .
    { 0x002F, 8 }, // /
    { 0x003A, 9 }, // :
    { 0x003B, 9 }, // ;
    { 0x003F, 10 }, // ?
    { 0x0040, 11 }, // @
    { 0x0041, 12 }, // A
    { 0x0043, 13 }, // C
    { 0x0047, 14 }, // G
    { 0x004A, 15 }, // J
    { 0x004D, 16 }, // M
    { 0x004F, 17 }, // O
    { 0x0051, 18 }, // Q
    { 0x0053, 19 }, // S
    { 0x0054, 20 }, // T
    { 0x0055, 21 }, // U
    { 0x0056, 22 }, // V
    { 0x0057, 23 }, // W
    { 0x0058, 24 }, // X
    { 0x0059, 25 }, // Y
    { 0x005A, 26 }, // Z
    { 0x005B, 27 }, // [
    { 0x005C, 28 }, // <backslash>
    { 0x005D, 29 }, // ]
    { 0x0061, 30 }, // a
    { 0x0062, 31 }, // b
    { 0x0063, 32 }, // c
    { 0x0064, 33 }, // d
    { 0x0065, 34 }, // e
    { 0x0066, 35 }, // f
    { 0x0067, 36 }, // g
    { 0x0068, 31 }, // h
    { 0x0069, 37 }, // i
    { 0x006A, 38 }, // j
    { 0x006B, 31 }, // k
    { 0x006C, 39 }, // l
    { 0x006D, 40 }, // m
    { 0x006E, 40 }, // n
    { 0x006F, 41 }, // o
    { 0x0070, 40 }, // p
    { 0x0071, 42 }, // q
    { 0x0072, 40 }, // r
    { 0x0073, 43 }, // s
    { 0x0074, 44 }, // t
    { 0x0075, 45 }, // u
    { 0x0076, 46 }, // v
    { 0x0077, 47 }, // w
    { 0x0078, 48 }, // x
    { 0x0079, 49 }, // y
    { 0x007A, 50 }, // z
    { 0x007B, 51 }, // {
    { 0x007D, 52 }, // }
    { 0x00AB, 53 }, // U+00AB
    { 0x00BB, 54 }, // U+00BB
    { 0x00C0, 12 }, // U+00C0
    { 0x00C1, 12 }, // U+00C1
    { 0x00C2, 12 }, // U+00C2
    { 0x00C3, 12 }, // U+00C3
    { 0x00C4, 12 }, // U+00C4
    { 0x00C5, 12 }, // U+00C5
    { 0x00C6, 55 }, // U+00C6
    { 0x00C7, 13 }, // U+00C7
    { 0x00D2, 17 }, // U+00D2
    { 0x00D3, 17 }, // U+00D3
    { 0x00D4, 17 }, // U+00D4
    { 0x00D5, 17 }, // U+00D5
    { 0x00D6, 17 }, // U+00D6
    { 0x00D8, 17 }, // U+00D8
    { 0x00D9, 21 }, // U+00D9
    { 0x00DA, 21 }, // U+00DA
    { 0x00DB, 21 }, // U+00DB
    { 0x00DC, 21 }, // U+00DC
    { 0x00DD, 25 }, // U+00DD
    { 0x00DF, 56 }, // U+00DF
    { 0x00E0, 30 }, // U+00E0
    { 0x00E1, 30 }, // U+00E1
    { 0x00E2, 30 }, // U+00E2
    { 0x00E3, 30 }, // U+00E3
    { 0x00E4, 30 }, // U+00E4
    { 0x00E5, 30 }, // U+00E5
    { 0x00E6, 30 }, // U+00E6
    { 0x00E7, 32 }, // U+00E7
    { 0x00E8, 34 }, // U+00E8
    { 0x00E9, 34 }, // U+00E9
    { 0x00EA, 34 }, // U+00EA
    { 0x00EB, 34 }, // U+00EB
    { 0x00EC, 57 }, // U+00EC
    { 0x00ED, 37 }, // U+00ED
    { 0x00EE, 58 }, // U+00EE
    { 0x00EF, 59 }, // U+00EF
    { 0x00F0, 60 }, // U+00F0
    { 0x00F1, 40 }, // U+00F1
    { 0x00F2, 41 }, // U+00F2
    { 0x00F3, 41 }, // U+00F3
    { 0x00F4, 41 }, // U+00F4
    { 0x00F5, 41 }, // U+00F5
    { 0x00F6, 41 }, // U+00F6
    { 0x00F8, 41 }, // U+00F8
    { 0x00F9, 45 }, // U+00F9
    { 0x00FA, 45 }, // U+00FA
    { 0x00FB, 45 }, // U+00FB
    { 0x00FC, 45 }, // U+00FC
    { 0x00FD, 49 }, // U+00FD
    { 0x00FE, 56 }, // U+00FE
    { 0x00FF, 49 }, // U+00FF
    { 0x0100, 12 }, // U+0100
    { 0x0101, 30 }, // U+0101
    { 0x0102, 12 }, // U+0102
    { 0x0103, 30 }, // U+0103
    { 0x0104, 12 }, // U+0104
    { 0x0105, 30 }, // U+0105
    { 0x0106, 13 }, // U+0106
    { 0x0107, 32 }, // U+0107
    { 0x0108, 13 }, // U+0108
    { 0x0109, 32 }, // U+0109
    { 0x010A, 13 }, // U+010A
    { 0x010B, 32 }, // U+010B
    { 0x010C, 13 }, // U+010C
    { 0x010D, 32 }, // U+010D
    { 0x010F, 33 }, // U+010F
    { 0x0111, 33 }, // U+0111
    { 0x0113, 34 }, // U+0113
    { 0x0115, 34 }, // U+0115
    { 0x0117, 34 }, // U+0117
    { 0x0119, 34 }, // U+0119
    { 0x011B, 34 }, // U+011B
    { 0x011C, 14 }, // U+011C
    { 0x011D, 36 }, // U+011D
    { 0x011E, 14 }, // U+011E
    { 0x011F, 36 }, // U+011F
    { 0x0120, 14 }, // U+0120
    { 0x0121, 36 }, // U+0121
    { 0x0122, 14 }, // U+0122
    { 0x0123, 36 }, // U+0123
    { 0x0125, 31 }, // U+0125
    { 0x0127, 31 }, // U+0127
    { 0x0129, 61 }, // U+0129
    { 0x012B, 62 }, // U+012B
    { 0x012D, 63 }, // U+012D
    { 0x012F, 37 }, // U+012F
    { 0x0131, 37 }, // U+0131
    { 0x0133, 37 }, // U+0133
    { 0x0134, 15 }, // U+0134
    { 0x0135, 38 }, // U+0135
    { 0x0137, 31 }, // U+0137
    { 0x013A, 39 }, // U+013A
    { 0x013C, 39 }, // U+013C
    { 0x013E, 39 }, // U+013E
    { 0x0140, 39 }, // U+0140
    { 0x0142, 39 }, // U+0142
    { 0x0144, 40 }, // U+0144
    { 0x0146, 40 }, // U+0146
    { 0x0148, 40 }, // U+0148
    { 0x0149, 40 }, // U+0149
    { 0x014A, 64 }, // U+014A
    { 0x014B, 65 }, // U+014B
    { 0x014C, 17 }, // U+014C
    { 0x014D, 41 }, // U+014D
    { 0x014E, 17 }, // U+014E
    { 0x014F, 41 }, // U+014F
    { 0x0150, 17 }, // U+0150
    { 0x0151, 41 }, // U+0151
    { 0x0152, 17 }, // U+0152
    { 0x0153, 41 }, // U+0153
    { 0x0155, 40 }, // U+0155
    { 0x0157, 40 }, // U+0157
    { 0x0159, 40 }, // U+0159
    { 0x015A, 19 }, // U+015A
    { 0x015B, 43 }, // U+015B
    { 0x015C, 19 }, // U+015C
    { 0x015D, 43 }, // U+015D
    { 0x015E, 19 }, // U+015E
    { 0x015F, 43 }, // U+015F
    { 0x0160, 19 }, // U+0160
    { 0x0161, 43 }, // U+0161
    { 0x0162, 20 }, // U+0162
    { 0x0163, 44 }, // U+0163
    { 0x0164, 20 }, // U+0164
    { 0x0165, 44 }, // U+0165
    { 0x0166, 20 }, // U+0166
    { 0x0167, 44 }, // U+0167
    { 0x0168, 21 }, // U+0168
    { 0x0169, 45 }, // U+0169
    { 0x016A, 21 }, // U+016A
    { 0x016B, 45 }, // U+016B
    { 0x016C, 21 }, // U+016C
    { 0x016D, 45 }, // U+016D
    { 0x016E, 21 }, // U+016E
    { 0x016F, 45 }, // U+016F
    { 0x0170, 21 }, // U+0170
    { 0x0171, 45 }, // U+0171
    { 0x0172, 21 }, // U+0172
    { 0x0173, 45 }, // U+0173
    { 0x0174, 23 }, // U+0174
    { 0x0175, 47 }, // U+0175
    { 0x0176, 25 }, // U+0176
    { 0x0177, 49 }, // U+0177
    { 0x0178, 25 }, // U+0178
    { 0x0179, 26 }, // U+0179
    { 0x017A, 50 }, // U+017A
    { 0x017B, 26 }, // U+017B
    { 0x017C, 50 }, // U+017C
    { 0x017D, 26 }, // U+017D
    { 0x017E, 50 }, // U+017E
    { 0x017F, 35 }, // U+017F
    { 0x01A0, 17 }, // U+01A0
    { 0x01A1, 41 }, // U+01A1
    { 0x01AF, 21 }, // U+01AF
    { 0x01B0, 45 }, // U+01B0
    { 0x01C6, 33 }, // U+01C6
    { 0x01C9, 39 }, // U+01C9
    { 0x01CC, 40 }, // U+01CC
    { 0x01CD, 12 }, // U+01CD
    { 0x01CE, 30 }, // U+01CE
    { 0x01D0, 37 }, // U+01D0
    { 0x01D1, 17 }, // U+01D1
    { 0x01D2, 41 }, // U+01D2
    { 0x01D3, 21 }, // U+01D3
    { 0x01D4, 45 }, // U+01D4
    { 0x01D5, 21 }, // U+01D5
    { 0x01D6, 45 }, // U+01D6
    { 0x01D7, 21 }, // U+01D7
    { 0x01D8, 45 }, // U+01D8
    { 0x01D9, 21 }, // U+01D9
    { 0x01DA, 45 }, // U+01DA
    { 0x01DB, 21 }, // U+01DB
    { 0x01DC, 45 }, // U+01DC
    { 0x01DD, 66 }, // U+01DD
    { 0x01DE, 12 }, // U+01DE
    { 0x01DF, 30 }, // U+01DF
    { 0x01E0, 12 }, // U+01E0
    { 0x01E1, 30 }, // U+01E1
    { 0x01E2, 55 }, // U+01E2
    { 0x01E3, 30 }, // U+01E3
    { 0x01E4, 14 }, // U+01E4
    { 0x01E5, 36 }, // U+01E5
    { 0x01E6, 14 }, // U+01E6
    { 0x01E7, 36 }, // U+01E7
    { 0x01E9, 31 }, // U+01E9
    { 0x01EA, 17 }, // U+01EA
    { 0x01EB, 41 }, // U+01EB
    { 0x01EC, 17 }, // U+01EC
    { 0x01ED, 41 }, // U+01ED
    { 0x01EE, 67 }, // U+01EE
    { 0x01EF, 68 }, // U+01EF
    { 0x01F0, 38 }, // U+01F0
    { 0x01F3, 33 }, // U+01F3
    { 0x01F4, 14 }, // U+01F4
    { 0x01F5, 36 }, // U+01F5
    { 0x01F7, 56 }, // U+01F7
    { 0x01F9, 40 }, // U+01F9
    { 0x01FA, 12 }, // U+01FA
    { 0x01FB, 30 }, // U+01FB
    { 0x01FC, 55 }, // U+01FC
    { 0x01FD, 30 }, // U+01FD
    { 0x01FE, 17 }, // U+01FE
    { 0x01FF, 41 }, // U+01FF
    { 0x0200, 12 }, // U+0200
    { 0x0201, 30 }, // U+0201
    { 0x0202, 12 }, // U+0202
    { 0x0203, 30 }, // U+0203
    { 0x0205, 34 }, // U+0205
    { 0x0207, 34 }, // U+0207
    { 0x0209, 37 }, // U+0209
    { 0x020B, 37 }, // U+020B
    { 0x020C, 17 }, // U+020C
    { 0x020D, 41 }, // U+020D
    { 0x020E, 17 }, // U+020E
    { 0x020F, 41 }, // U+020F
    { 0x0211, 40 }, // U+0211
    { 0x0213, 40 }, // U+0213
    { 0x0214, 21 }, // U+0214
    { 0x0215, 45 }, // U+0215
    { 0x0216, 21 }, // U+0216
    { 0x0217, 45 }, // U+0217
    { 0x0218, 19 }, // U+0218
    { 0x0219, 43 }, // U+0219
    { 0x021A, 20 }, // U+021A
    { 0x021B, 44 }, // U+021B
    { 0x021C, 69 }, // U+021C
    { 0x021D, 70 }, // U+021D
    { 0x021F, 31 }, // U+021F
    { 0x0402, 71 }, // U+0402
    { 0x0404, 72 }, // U+0404
    { 0x0405, 73 }, // U+0405
    { 0x0408, 74 }, // U+0408
    { 0x0409, 75 }, // U+0409
    { 0x040B, 71 }, // U+040B
    { 0x040E, 76 }, // U+040E
    { 0x0410, 77 }, // U+0410
    { 0x0414, 78 }, // U+0414
    { 0x0416, 79 }, // U+0416
    { 0x0417, 80 }, // U+0417
    { 0x041B, 75 }, // U+041B
    { 0x041C, 81 }, // U+041C
    { 0x041E, 82 }, // U+041E
    { 0x0421, 72 }, // U+0421
    { 0x0422, 71 }, // U+0422
    { 0x0423, 76 }, // U+0423
    { 0x0424, 83 }, // U+0424
    { 0x0425, 84 }, // U+0425
    { 0x0427, 85 }, // U+0427
    { 0x042A, 71 }, // U+042A
    { 0x042D, 86 }, // U+042D
    { 0x042F, 87 }, // U+042F
    { 0x0430, 88 }, // U+0430
    { 0x0431, 89 }, // U+0431
    { 0x0432, 90 }, // U+0432
    { 0x0433, 91 }, // U+0433
    { 0x0434, 92 }, // U+0434
    { 0x0435, 93 }, // U+0435
    { 0x0436, 94 }, // U+0436
    { 0x0437, 95 }, // U+0437
    { 0x0438, 91 }, // U+0438
    { 0x0439, 91 }, // U+0439
    { 0x043A, 91 }, // U+043A
    { 0x043B, 96 }, // U+043B
    { 0x043C, 97 }, // U+043C
    { 0x043D, 91 }, // U+043D
    { 0x043E, 98 }, // U+043E
    { 0x043F, 91 }, // U+043F
    { 0x0440, 99 }, // U+0440
    { 0x0441, 100 }, // U+0441
    { 0x0442, 101 }, // U+0442
    { 0x0443, 102 }, // U+0443
    { 0x0444, 103 }, // U+0444
    { 0x0445, 104 }, // U+0445
    { 0x0446, 91 }, // U+0446
    { 0x0447, 105 }, // U+0447
    { 0x0448, 91 }, // U+0448
    { 0x0449, 106 }, // U+0449
    { 0x044A, 107 }, // U+044A
    { 0x044B, 91 }, // U+044B
    { 0x044C, 91 }, // U+044C
    { 0x044D, 108 }, // U+044D
    { 0x044E, 90 }, // U+044E
    { 0x044F, 109 }, // U+044F
    { 0x0450, 93 }, // U+0450
    { 0x0451, 93 }, // U+0451
    { 0x0452, 110 }, // U+0452
    { 0x0453, 91 }, // U+0453
    { 0x0454, 111 }, // U+0454
    { 0x0455, 112 }, // U+0455
    { 0x0456, 113 }, // U+0456
    { 0x0457, 114 }, // U+0457
    { 0x0458, 115 }, // U+0458
    { 0x0459, 96 }, // U+0459
    { 0x045A, 91 }, // U+045A
    { 0x045B, 116 }, // U+045B
    { 0x045C, 91 }, // U+045C
    { 0x045D, 91 }, // U+045D
    { 0x045E, 102 }, // U+045E
    { 0x045F, 106 }, // U+045F
    { 0x0462, 71 }, // U+0462
    { 0x0463, 117 }, // U+0463
    { 0x0472, 82 }, // U+0472
    { 0x0473, 98 }, // U+0473
    { 0x0474, 76 }, // U+0474
    { 0x0475, 102 }, // U+0475
    { 0x048B, 91 }, // U+048B
    { 0x048D, 118 }, // U+048D
    { 0x048F, 99 }, // U+048F
    { 0x0491, 91 }, // U+0491
    { 0x0493, 91 }, // U+0493
    { 0x0495, 91 }, // U+0495
    { 0x0496, 79 }, // U+0496
    { 0x0497, 94 }, // U+0497
    { 0x0498, 80 }, // U+0498
    { 0x0499, 95 }, // U+0499
    { 0x049B, 91 }, // U+049B
    { 0x049D, 91 }, // U+049D
    { 0x049F, 91 }, // U+049F
    { 0x04A1, 91 }, // U+04A1
    { 0x04A3, 91 }, // U+04A3
    { 0x04A5, 91 }, // U+04A5
    { 0x04A7, 91 }, // U+04A7
    { 0x04A8, 119 }, // U+04A8
    { 0x04A9, 120 }, // U+04A9
    { 0x04AA, 72 }, // U+04AA
    { 0x04AB, 100 }, // U+04AB
    { 0x04AC, 71 }, // U+04AC
    { 0x04AD, 101 }, // U+04AD
    { 0x04AE, 121 }, // U+04AE
    { 0x04AF, 122 }, // U+04AF
    { 0x04B0, 121 }, // U+04B0
    { 0x04B1, 122 }, // U+04B1
    { 0x04B2, 84 }, // U+04B2
    { 0x04B3, 104 }, // U+04B3
    { 0x04B4, 71 }, // U+04B4
    { 0x04B5, 101 }, // U+04B5
    { 0x04B6, 85 }, // U+04B6
    { 0x04B7, 105 }, // U+04B7
    { 0x04B8, 85 }, // U+04B8
    { 0x04B9, 105 }, // U+04B9
    { 0x04BB, 123 }, // U+04BB
    { 0x04BC, 124 }, // U+04BC
    { 0x04BD, 125 }, // U+04BD
    { 0x04BE, 124 }, // U+04BE
    { 0x04BF, 125 }, // U+04BF
    { 0x04C1, 79 }, // U+04C1
    { 0x04C2, 94 }, // U+04C2
    { 0x04C4, 91 }, // U+04C4
    { 0x04C5, 75 }, // U+04C5
    { 0x04C6, 96 }, // U+04C6
    { 0x04C8, 91 }, // U+04C8
    { 0x04CA, 91 }, // U+04CA
    { 0x04CB, 85 }, // U+04CB
    { 0x04CC, 105 }, // U+04CC
    { 0x04CE, 97 }, // U+04CE
    { 0x04D0, 77 }, // U+04D0
    { 0x04D1, 88 }, // U+04D1
    { 0x04D2, 77 }, // U+04D2
    { 0x04D3, 88 }, // U+04D3
    { 0x04D5, 126 }, // U+04D5
    { 0x04D7, 93 }, // U+04D7
    { 0x04D8, 127 }, // U+04D8
    { 0x04D9, 128 }, // U+04D9
    { 0x04DA, 127 }, // U+04DA
    { 0x04DB, 128 }, // U+04DB
    { 0x04DC, 79 }, // U+04DC
    { 0x04DD, 94 }, // U+04DD
    { 0x04DE, 80 }, // U+04DE
    { 0x04DF, 129 }, // U+04DF
    { 0x04E0, 130 }, // U+04E0
    { 0x04E1, 131 }, // U+04E1
    { 0x04E3, 91 }, // U+04E3
    { 0x04E5, 91 }, // U+04E5
    { 0x04E6, 82 }, // U+04E6
    { 0x04E7, 98 }, // U+04E7
    { 0x04E8, 82 }, // U+04E8
    { 0x04E9, 98 }, // U+04E9
    { 0x04EA, 82 }, // U+04EA
    { 0x04EB, 98 }, // U+04EB
    { 0x04EC, 86 }, // U+04EC
    { 0x04ED, 132 }, // U+04ED
    { 0x04EE, 76 }, // U+04EE
    { 0x04EF, 102 }, // U+04EF
    { 0x04F0, 76 }, // U+04F0
    { 0x04F1, 102 }, // U+04F1
    { 0x04F2, 76 }, // U+04F2
    { 0x04F3, 102 }, // U+04F3
    { 0x04F4, 85 }, // U+04F4
    { 0x04F5, 105 }, // U+04F5
    { 0x04F7, 91 }, // U+04F7
    { 0x04F9, 91 }, // U+04F9
    { 0x1EA0, 133 }, // U+1EA0
    { 0x1EA1, 134 }, // U+1EA1
    { 0x1EA2, 133 }, // U+1EA2
    { 0x1EA3, 134 }, // U+1EA3
    { 0x1EA4, 133 }, // U+1EA4
    { 0x1EA5, 134 }, // U+1EA5
    { 0x1EA6, 133 }, // U+1EA6
    { 0x1EA7, 134 }, // U+1EA7
    { 0x1EA8, 133 }, // U+1EA8
    { 0x1EA9, 134 }, // U+1EA9
    { 0x1EAA, 133 }, // U+1EAA
    { 0x1EAB, 134 }, // U+1EAB
    { 0x1EAC, 133 }, // U+1EAC
    { 0x1EAD, 134 }, // U+1EAD
    { 0x1EAE, 133 }, // U+1EAE
    { 0x1EAF, 134 }, // U+1EAF
    { 0x1EB0, 133 }, // U+1EB0
    { 0x1EB1, 134 }, // U+1EB1
    { 0x1EB2, 133 }, // U+1EB2
    { 0x1EB3, 134 }, // U+1EB3
    { 0x1EB4, 133 }, // U+1EB4
    { 0x1EB5, 134 }, // U+1EB5
    { 0x1EB6, 133 }, // U+1EB6
    { 0x1EB7, 134 }, // U+1EB7
    { 0x1EB9, 135 }, // U+1EB9
    { 0x1EBB, 135 }, // U+1EBB
    { 0x1EBD, 135 }, // U+1EBD
    { 0x1EBF, 135 }, // U+1EBF
    { 0x1EC1, 135 }, // U+1EC1
    { 0x1EC3, 135 }, // U+1EC3
    { 0x1EC5, 135 }, // U+1EC5
    { 0x1EC7, 135 }, // U+1EC7
    { 0x1EC9, 136 }, // U+1EC9
    { 0x1ECB, 136 }, // U+1ECB
    { 0x1ECC, 137 }, // U+1ECC
    { 0x1ECD, 135 }, // U+1ECD
    { 0x1ECE, 137 }, // U+1ECE
    { 0x1ECF, 135 }, // U+1ECF
    { 0x1ED0, 137 }, // U+1ED0
    { 0x1ED1, 135 }, // U+1ED1
    { 0x1ED2, 137 }, // U+1ED2
    { 0x1ED3, 135 }, // U+1ED3
    { 0x1ED4, 137 }, // U+1ED4
    { 0x1ED5, 135 }, // U+1ED5
    { 0x1ED6, 137 }, // U+1ED6
    { 0x1ED7, 135 }, // U+1ED7
    { 0x1ED8, 137 }, // U+1ED8
    { 0x1ED9, 135 }, // U+1ED9
    { 0x1EDA, 137 }, // U+1EDA
    { 0x1EDB, 135 }, // U+1EDB
    { 0x1EDC, 137 }, // U+1EDC
    { 0x1EDD, 135 }, // U+1EDD
    { 0x1EDE, 137 }, // U+1EDE
    { 0x1EDF, 135 }, // U+1EDF
    { 0x1EE0, 137 }, // U+1EE0
    { 0x1EE1, 135 }, // U+1EE1
    { 0x1EE2, 137 }, // U+1EE2
    { 0x1EE3, 135 }, // U+1EE3
    { 0x1EE4, 138 }, // U+1EE4
    { 0x1EE5, 139 }, // U+1EE5
    { 0x1EE6, 138 }, // U+1EE6
    { 0x1EE7, 139 }, // U+1EE7
    { 0x1EE8, 138 }, // U+1EE8
    { 0x1EE9, 139 }, // U+1EE9
    { 0x1EEA, 138 }, // U+1EEA
    { 0x1EEB, 139 }, // U+1EEB
    { 0x1EEC, 138 }, // U+1EEC
    { 0x1EED, 139 }, // U+1EED
    { 0x1EEE, 138 }, // U+1EEE
    { 0x1EEF, 139 }, // U+1EEF
    { 0x1EF0, 138 }, // U+1EF0
    { 0x1EF1, 139 }, // U+1EF1
    { 0x1EF2, 25 }, // U+1EF2
    { 0x1EF3, 49 }, // U+1EF3
    { 0x1EF4, 140 }, // U+1EF4
    { 0x1EF5, 141 }, // U+1EF5
    { 0x1EF6, 140 }, // U+1EF6
    { 0x1EF7, 141 }, // U+1EF7
    { 0x1EF8, 140 }, // U+1EF8
    { 0x1EF9, 141 }, // U+1EF9
    { 0x2011, 142 }, // U+2011
    { 0x2012, 142 }, // U+2012
    { 0x2013, 7 }, // U+2013
    { 0x2014, 7 }, // U+2014
    { 0x2018, 143 }, // U+2018
    { 0x2019, 144 }, // U+2019
    { 0x201A, 145 }, // U+201A
    { 0x201C, 143 }, // U+201C
    { 0x201D, 144 }, // U+201D
    { 0x201E, 145 }, // U+201E
    { 0x2026, 6 }, // U+2026
    { 0x2039, 53 }, // U+2039
    { 0x203A, 54 }, // U+203A
    { 0x2047, 146 }, // U+2047
    { 0x2048, 146 }, // U+2048
    { 0xFB00, 35 }, // U+FB00
    { 0xFB01, 35 }, // U+FB01
    { 0xFB02, 35 }, // U+FB02
    { 0xFB03, 35 }, // U+FB03
    { 0xFB04, 35 }, // U+FB04
};

static const int8_t ubuntu_12_regularKernMatrix[] = {
       0,    0,    0,    0,    0,    0,    0,    0,    0,    0,    0,  -32,  -10,  -10,  -49,    0,  -10,  -10,    0,    0,    0,    5,    4,    0,    0,   -5,    0,    0,    0,    0,    0,    0,    0,    0,    0,    0,    0,    0,    0,    0,    0,    0,    0,    0,    0,    0,    0,    0,    0,    0,    0,    0,    0,    0,  -54,    0,    0,    0,    0,    0,    0,    0,    0,    0,    0,    0,    0,    0,    0,    0,    0,  -10,    0,  -46,  -29,    0,  -32,  -28,    0,    0,    0,  -10,  -10,    0,    0,    0,    0,    0,    0,    0,    0,    0,    0,    0,    0,    0,    0,    0,    0,    0,    0,    0,    0,    0,    0,    0,    0,    0,    0,    0,    0,    0,    0,    0,    0,    0,    0,    0,  -11,    0,    0,    0,    0,    0,    0,    0,  -14,    0,    0,   -4,    0,    0,    0,    0,    0,    0,    0,    0,    0,    0,    0,    0,    0,    0,    0,    0,
       0,    0,    0,   32,    0,    0,    0,    0,    0,    0,    0,    0,  -12,  -12,    0,    0,  -12,  -12,   -7,    4,   -4,    6,    0,    0,    7,    0,    0,    0,    0,    0,    0,    0,    0,    0,    0,    0,    0,    0,    0,    0,    0,    0,    0,    0,    0,    0,    0,    0,    0,    0,    0,    0,    0,    0,    0,    0,    0,    0,    0,    0,    0,    0,    0,    0,    0,    0,    0,    0,    0,    0,    4,  -12,   -5,    0,    0,    0,    0,   11,    0,    0,    0,  -12,  -12,    0,    0,    0,    0,    0,    0,    0,    0,    0,    0,    0,    0,    0,    0,    0,    0,    0,    0,    0,    0,    0,    0,    0,    0,    0,    0,    0,    0,    0,    0,    0,    0,    0,    0,    0,  -18,    0,    7,    0,    0,   -5,    0,    0,   -8,    0,    0,    0,    0,    0,    0,    0,    0,    0,    0,    0,    0,    0,    0,    0,    0,    0,    0,    0,
       0,    0,    0,    0,    0,    0,    0,    0,    0,    0,    0,   -8,   -5,   -5,   -5,    0,   -5,   -5,   -5,  -11,    0,  -14,   -7,  -11,  -17,   -9,    0,    0,    0,    0,    0,    0,    0,    0,    0,    0,    0,    0,    0,    0,    0,    0,    0,    0,    0,    0,    0,    0,    0,    0,    0,    0,    0,    0,   -8,    0,    0,    0,    0,    0,    0,    0,    0,    0,    0,    0,    0,    0,    0,    0,  -11,   -5,   -6,    0,    0,  -10,   -8,    0,   -9,   -8,    0,   -5,   -5,  -11,   -8,   -7,   -7,    0,    0,    0,    0,    0,    0,    0,    0,    0,    0,    0,    0,    0,    0,    0,    0,    0,    0,    0,    0,    0,    0,    0,    0,    0,    0,    0,    0,    0,    0,    0,   -6,    0,  -17,    0,    0,    0,    0,    0,   -5,    0,    0,   -7,    0,    0,    0,    0,    0,    0,    0,    0,    0,    0,    0,    0,    0,    0,    0,    0,
       0,    0,    0,    0,    0,    0,    0,    0,    0,    0,    0,  -26,   -4,   -4,  -49,    0,    0,    0,    0,    0,    0,    0,    0,  -10,    0,    0,    0,    0,    0,    0,    0,    0,    0,    0,    0,    0,    0,    0,    0,    0,    0,    0,    0,    0,    0,    0,    0,    0,    0,    0,    0,    0,    0,    0,  -39,    0,    0,    0,    0,    0,    0,    0,    0,    0,    0,    0,    0,    0,    0,    0,    0,   -4,    0,  -45,  -30,    0,  -26,  -29,  -12,   -6,    0,    0,    0,  -10,    0,    0,    0,    0,    0,    0,    0,    0,    0,    0,    0,    0,    0,    0,    0,    0,    0,    0,    0,    0,    0,    0,    0,    0,    0,    0,    0,    0,    0,    0,    0,    0,    0,    0,    0,    0,    0,    0,    0,    0,    0,    0,   -7,    0,    0,   -7,    0,    0,    0,    0,    0,    0,    0,    0,    0,    0,    0,    0,    0,    0,    0,    0,
       0,    0,    0,    0,    0,    0,    0,    0,    0,    0,    0,   10,  -12,  -12,   11,    0,  -13,  -13,    6,  -28,   -9,  -31,  -16,    4,  -32,    8,    0,    0,    0,    0,    0,    0,    0,    0,    0,    0,    0,    0,    0,    0,    0,    0,    0,    0,    0,    0,    0,    0,    0,    0,    0,    0,    0,    0,    8,    0,    0,    0,    0,    0,    0,    0,    0,    0,    0,    0,    0,    0,    0,    0,  -28,  -12,    0,    0,    0,    0,   10,    7,    0,    0,    0,  -13,  -13,    4,  -47,    0,    0,    0,    0,    0,    0,    0,    0,    0,    0,    0,    0,    0,    0,    0,    0,    0,    0,    0,    0,    0,    0,    0,    0,    0,    0,    0,    0,    0,    0,    0,    0,    0,  -17,    0,  -32,    0,    0,  -40,    0,    0,  -12,    0,    0,    0,    0,    0,    0,    0,    0,    0,    0,    0,    0,    0,    0,    0,    0,    0,    0,    0,
       0,    0,    0,    0,    0,    0,    0,    0,    0,    0,    0,    0,    0,    0,  -11,    0,    0,    0,    0,  -20,    0,   -5,    0,  -12,  -20,   -6,    0,    0,    0,    0,    0,    0,    0,    0,    0,    0,    0,    0,    0,    0,    0,    0,    0,    0,    0,    0,    0,    0,    0,    0,    0,    0,    0,    0,   -6,    0,    0,    0,    0,    0,    0,    0,    0,    0,    0,    0,    0,    0,    0,    0,  -20,    6,   -4,   -9,  -14,  -16,    0,   -9,  -16,   -6,    0,    6,    0,  -12,    0,   -7,    0,    0,    0,    0,    0,    0,    0,    0,    0,    0,    0,    0,    0,    0,    0,    0,    0,    0,    0,    0,    0,    0,    0,    0,    0,    0,    0,    0,    0,    0,    0,    0,    6,    0,  -20,    0,    0,    0,    0,    0,    6,    0,    0,   -9,    0,    0,    0,    0,    0,    0,    0,    0,    0,    0,    0,    0,    0,    0,    0,    0,
       0,    0,    0,    0,    0,    0,    0,    0,    0,    0,    0,  -20,  -11,  -11,  -28,    0,  -10,  -10,    0,   12,    0,   13,    9,    8,   14,    4,    0,    0,    0,    0,    0,    0,    0,    0,    0,    0,    0,    0,    0,    0,    0,    0,    0,    0,    0,    0,    0,    0,    0,    0,    0,    0,    0,    0,  -31,    0,    0,    0,    0,    0,    0,    0,    0,    0,    0,    0,    0,    0,    0,    0,   12,  -11,    0,  -25,  -24,   10,  -20,  -24,    7,    0,    0,  -10,  -10,    8,    0,    8,    0,    0,    0,    0,    0,    0,    0,    0,    0,    0,    0,    0,    0,    0,    0,    0,    0,    0,    0,    0,    0,    0,    0,    0,    0,    0,    0,    0,    0,    0,    0,    0,   -8,    0,   14,    0,    0,    0,    0,    0,    0,    0,    0,    0,    0,    0,    0,    0,    0,    0,    0,    0,    0,    0,    0,    0,    0,    0,    0,    0,
       0,    0,    0,    0,    0,    0,    0,    0,    0,    0,    0,    0,   -4,   -4,    0,    0,   -4,   -4,    0,  -34,   -5,   -8,   -5,    0,  -16,    0,    0,    0,    0,    0,    0,    0,    0,    0,    0,    0,    0,    0,    0,    0,    0,    0,    0,    0,    0,    0,    0,    0,    0,    0,    0,    0,    0,    0,    0,    0,    0,    0,    0,    0,    0,    0,    0,    0,    0,    0,    0,    0,    0,    0,  -34,   -4,    0,    0,    0,    0,    0,    0,    0,    0,    0,   -4,   -4,    0,    0,    0,    0,    0,    0,    0,    0,    0,    0,    0,    0,    0,    0,    0,    0,    0,    0,    0,    0,    0,    0,    0,    0,    0,    0,    0,    0,    0,    0,    0,    0,    0,    0,    0,    0,    0,  -16,    0,    0,    0,    0,    0,   -9,    0,    0,    0,    0,    0,    0,    0,    0,    0,    0,    0,    0,    0,    0,    0,    0,    0,    0,    0,
       0,    0,    0,    0,    0,    0,    0,    0,    0,    0,    0,  -10,   -4,   -4,  -10,    0,   -4,   -4,   -7,  -18,   -5,  -14,   -9,  -16,  -22,  -14,    0,    0,    0,    0,    0,    0,    0,    0,    0,    0,    0,    0,    0,    0,    0,    0,    0,    0,    0,    0,    0,    0,    0,    0,    0,    0,    0,    0,  -15,    0,    0,    0,    0,    0,    0,    0,    0,    0,    0,    0,    0,    0,    0,    0,  -18,   -4,   -6,   -9,   -9,  -16,  -10,   -8,  -18,  -12,    0,   -4,   -4,  -16,   -5,  -11,   -6,    0,    0,    0,    0,    0,    0,    0,    0,    0,    0,    0,    0,    0,    0,    0,    0,    0,    0,    0,    0,    0,    0,    0,    0,    0,    0,    0,    0,    0,    0,    0,    0,    0,  -22,    0,    0,    0,    0,    0,    0,    0,    0,  -11,    0,    0,    0,    0,    0,    0,    0,    0,    0,    0,    0,    0,    0,    0,    0,    0,
       0,  -31,   -8,    0,  -25,   10,    0,    7,    0,    0,   -6,   13,   -8,   -8,   12,    0,   -8,   -8,    6,  -26,   -4,  -25,   -7,   10,  -32,    8,    0,    0,  -11,    0,    0,   -5,   -5,   -5,    0,   -6,    0,    0,    0,    0,   -5,   -5,    5,    0,   -6,   -8,   -8,   10,   -6,    6,   -8,   -4,   -8,    0,   14,    0,    0,    0,    0,   -5,    0,    0,    0,    0,    0,    0,    0,    0,  -21,    0,    0,    0,    0,    0,    0,    0,    0,    0,    0,    0,    0,    0,    0,    0,    0,    0,    0,    0,    0,    0,    0,    0,    0,    0,    0,    0,    0,    0,    0,    0,    0,    0,    0,    0,    0,    0,    0,    0,    0,    0,    0,    0,    0,    0,    0,    0,    0,    0,    0,    0,    0,    0,    0,    0,    0,    0,    0,    0,    0,    0,    0,    0,    0,    0,    0,    0,    0,    0,    0,    0,    0,    0,  -28,  -27,   10,    0,
       0,   -4,   -4,  -10,   -4,   -4,    0,   -8,   -4,   -8,    0,    0,    0,    0,    0,    0,    0,    0,    0,    0,    0,   -8,   -5,   -8,  -10,    0,    0,    0,  -14,    0,    0,    0,    0,    0,    0,    0,    0,    0,    0,    0,    0,    0,    0,    0,    0,    0,    0,    0,    0,   -5,    0,   -9,    0,    0,   -5,    0,    0,    0,    0,    0,    0,    0,    0,    0,    0,    0,    0,    0,   -6,    0,    0,    0,    0,    0,    0,    0,    0,    0,    0,    0,    0,    0,    0,    0,    0,    0,    0,    0,    0,    0,    0,    0,    0,    0,    0,    0,    0,    0,    0,    0,    0,    0,    0,    0,    0,    0,    0,    0,    0,    0,    0,    0,    0,    0,    0,    0,    0,    0,    0,    0,    0,    0,    0,    0,    0,    0,    0,    0,    0,    0,    0,    0,    0,    0,    0,    0,    0,    0,    0,    0,    0,    0,    0,    0,    0,    0,
       0,    0,   -9,    0,    0,    9,  -12,    0,    0,    6,   -7,    9,   -8,   -8,    9,    0,   -8,   -8,    4,    7,    0,    7,    0,    5,    7,    4,   -4,    0,    0,    0,    0,   -6,   -6,   -6,    0,   -6,    0,    0,    0,    0,   -6,   -6,    0,    0,   -8,   -6,   -7,    6,   -6,    0,  -11,    0,  -18,    0,    9,    0,    0,    0,    0,   -6,    0,    0,    0,    0,    0,    0,    0,    0,    0,    0,    0,    0,    0,    0,    0,    0,    0,    0,    0,    0,    0,    0,    0,    0,    0,    0,    0,    0,    0,    0,    0,    0,    0,    0,    0,    0,    0,    0,    0,    0,    0,    0,    0,    0,    0,    0,    0,    0,    0,    0,    0,    0,    0,    0,    0,    0,    0,    0,    0,    0,    0,    0,    0,    0,    0,    0,    0,    0,    0,    0,    0,    0,    0,    0,    0,    0,    0,    0,    0,    0,    0,    0,    0,    5,    7,    0,
      -6,  -10,   -5,  -13,    0,  -13,    0,  -17,    0,  -16,   -4,   -8,    0,    0,  -10,    0,    0,    0,   -4,  -11,    0,   -7,   -7,  -10,  -16,   -6,   -4,    0,  -17,   -6,    0,    0,    0,    0,    0,    0,    0,    0,    0,    0,    0,    0,    0,    0,    0,    0,    0,    0,    0,    0,    0,  -12,    0,    0,  -17,    0,    0,    0,    0,    0,    0,    0,    0,    0,    0,    0,  -12,    0,  -12,    0,    0,    0,    0,    0,    0,    0,    0,    0,    0,    0,    0,    0,    0,    0,    0,    0,    0,    0,    0,    0,    0,    0,    0,    0,    0,    0,    0,    0,    0,    0,    0,    0,    0,    0,    0,    0,    0,    0,    0,    0,    0,    0,    0,    0,    0,    0,    0,    0,    0,    0,    0,    0,    0,    0,    0,    0,    0,    0,    0,    0,    0,    0,    0,    0,    0,    0,    0,    0,    0,    0,    0,    0,   -8,   -5,  -14,    0,
       0,   -6,   -8,    0,   -5,    4,    0,    0,    0,    0,   -6,    7,  -11,  -11,    7,    0,  -11,  -11,    0,    0,   -9,    0,    0,    0,    0,    0,   -7,    0,  -17,    0,    0,   -6,   -7,   -6,    0,   -9,    0,    0,    0,    0,   -7,   -6,    0,   -6,   -8,  -10,  -10,    4,  -10,    0,   -8,   -9,   -9,    0,    7,    0,    0,    0,    0,   -6,    0,    0,    0,    0,    0,    0,    0,    0,    0,    0,    0,    0,    0,    0,    0,    0,    0,    0,    0,    0,    0,    0,    0,    0,    0,    0,    0,    0,    0,    0,    0,    0,    0,    0,    0,    0,    0,    0,    0,    0,    0,    0,    0,    0,    0,    0,    0,    0,    0,    0,    0,    0,    0,    0,    0,    0,    0,    0,    0,    0,    0,    0,    0,    0,    0,    0,    0,    0,    0,    0,    0,    0,    0,    0,    0,    0,    0,    0,    0,    0,    0,    0,   -5,    0,    0,    0,
      -4,    0,  -10,    0,    0,  -26,    0,  -24,   -7,    5,   -7,  -18,   -5,   -5,  -32,    0,   -5,   -5,    0,    6,    0,    7,    0,    0,    8,    0,   -6,    0,  -16,  -20,    0,   -6,   -6,   -6,    0,   -6,    0,    0,    0,  -11,   -6,   -6,    0,    0,  -10,    0,    0,  -14,    0,  -10,    0,    0,    0,   -8,  -30,    0,    0,    0,    0,   -6,    0,    0,    0,    0,  -10,   -7,    0,    0,    0,    0,    0,    0,    0,    0,    0,    0,    0,    0,    0,    0,    0,    0,    0,    0,    0,    0,    0,    0,    0,    0,    0,    0,    0,    0,    0,    0,    0,    0,    0,    0,    0,    0,    0,    0,    0,    0,    0,    0,    0,    0,    0,    0,    0,    0,    0,    0,    0,    0,    0,    0,    0,    0,    0,    0,    0,    0,    0,    0,    0,    0,    0,    0,    0,    0,    0,    0,    0,    0,    0,    0,    0,    0,    0,    0,  -41,    0,
       0,    0,    0,   -4,  -10,    0,    0,    0,    0,    0,    0,    0,    0,    0,    0,    0,    0,    0,    0,    0,    0,    0,    0,    0,    0,    0,    0,    0,   -4,    0,    0,    0,    0,    0,    0,    0,    0,    0,    0,    0,    0,    0,    0,    0,    0,   -7,    0,    0,   -7,    0,    0,   -4,    0,    0,    0,    0,    0,    0,    0,    0,    0,    0,    0,    0,    0,    0,    0,    0,    0,    0,    0,    0,    0,    0,    0,    0,    0,    0,    0,    0,    0,    0,    0,    0,    0,    0,    0,    0,    0,    0,    0,    0,    0,    0,    0,    0,    0,    0,    0,    0,    0,    0,    0,    0,    0,    0,    0,    0,    0,    0,    0,    0,    0,    0,    0,    0,    0,    0,    0,    0,    0,    0,    0,    0,    0,    0,    0,    0,    0,    0,    0,    0,    0,    0,    0,    0,    0,    0,    0,    0,    0,    0,    0,    0,    0,    0,
       0,    0,    0,   -4,    0,   -4,    0,  -14,    0,    0,    0,   -4,    0,    0,   -6,    0,    0,    0,    0,    0,    0,    0,    0,    0,    0,   -7,    0,    0,  -14,    0,    0,    0,    0,    0,    0,    0,    0,    0,    0,    0,    0,    0,    0,    0,    0,    0,    0,    0,    0,   -7,    0,   -8,    0,    0,  -10,    0,    0,    0,    0,    0,    0,    0,    0,    0,    0,    0,   -6,    0,    0,    0,    0,    0,    0,    0,    0,    0,    0,    0,    0,    0,    0,    0,    0,    0,    0,    0,    0,    0,    0,    0,    0,    0,    0,    0,    0,    0,    0,    0,    0,    0,    0,    0,    0,    0,    0,    0,    0,    0,    0,    0,    0,    0,    0,    0,    0,    0,    0,    0,    0,    0,    0,    0,    0,    0,    0,    0,    0,    0,    0,    0,    0,    0,    0,    0,    0,    0,    0,    0,    0,    0,    0,    0,    0,    0,   -5,    0,
       0,    0,   -7,    0,  -13,    6,  -19,    7,    0,    4,   -8,   14,  -14,  -14,   11,    0,  -14,  -14,    0,    7,    0,    8,    4,   10,    9,    8,    0,    0,  -10,    0,    0,   -8,   -8,   -8,    0,   -8,    0,    0,    0,    0,   -8,   -8,    6,    0,   -5,   -6,  -19,   11,   -4,    6,   -8,    0,  -24,    0,   14,    0,    0,    0,    8,  -10,    4,    4,    0,    0,    0,   -5,    0,    0,    0,    0,    0,    0,    0,    0,    0,    0,    0,    0,    0,    0,    0,    0,    0,    0,    0,    0,    0,    0,    0,    0,    0,    0,    0,    0,    0,    0,    0,    0,    0,    0,    0,    0,    0,    0,    0,    0,    0,    0,    0,    0,    0,    0,    0,    0,    0,    0,    0,    0,    0,    0,    0,    0,    0,    0,    0,    0,    0,    0,    0,    0,    0,    0,    0,    0,    0,    0,    0,    0,    0,    0,    0,    0,    0,    0,    6,    0,
       0,  -50,   -4,    0,  -56,    9,  -28,    5,    0,    0,    0,   11,  -18,  -18,   11,    0,  -18,  -18,    6,  -46,   -7,  -40,  -18,    8,  -46,    6,    0,    0,  -13,    0,    0,   -5,   -5,   -5,    0,   -5,    0,    0,    0,    0,   -5,   -5,    0,    0,    0,  -16,  -15,    8,   -8,    4,  -10,   -6,  -16,    4,   12,    0,    0,    0,    0,    0,    0,    0,    0,    0,    0,    0,    0,    0,  -34,    0,    0,    0,    0,    0,    0,    0,    0,    0,    0,    0,    0,    0,    0,    0,    0,    0,    0,    0,    0,    0,    0,    0,    0,    0,    0,    0,    0,    0,    0,    0,    0,    0,    0,    0,    0,    0,    0,    0,    0,    0,    0,    0,    0,    0,    0,    0,    0,    0,    0,    0,    0,    0,    0,    0,    0,    0,    0,    0,    0,    0,    0,    0,    0,    0,    0,    0,    0,    0,    0,    0,    0,    0,  -48,  -47,    6,    0,
       0,    0,    0,    0,    0,    0,    0,    0,    0,    0,    0,    0,    0,    0,    0,    0,    0,    0,    0,    0,    0,   -2,    0,    0,   -3,    0,    0,    0,    0,    0,    0,    0,    0,    0,    0,    0,    0,    0,    0,    0,    0,    0,    0,    0,    0,    0,    0,    0,    0,    0,    0,    0,    0,    0,    0,    0,    0,    0,    0,    0,    0,    0,    0,    0,    0,    0,    0,    0,    0,    0,    0,    0,    0,    0,    0,    0,    0,    0,    0,    0,    0,    0,    0,    0,    0,    0,    0,    0,    0,    0,    0,    0,    0,    0,    0,    0,    0,    0,    0,    0,    0,    0,    0,    0,    0,    0,    0,    0,    0,    0,    0,    0,    0,    0,    0,    0,    0,    0,    0,    0,    0,    0,    0,    0,    0,    0,    0,    0,    0,    0,    0,    0,    0,    0,    0,    0,    0,    0,    0,    0,    0,    0,    0,    0,    0,    0,
      -6,   -9,   -5,  -11,    0,  -13,    0,  -17,    0,  -14,   -4,   -8,    0,    0,  -10,    0,    0,    0,   -4,  -11,    0,   -7,   -6,  -10,  -16,   -6,   -4,    0,  -17,   -5,    0,    0,    0,    0,    0,    0,    0,    0,    0,    0,    0,    0,    0,    0,    0,    0,    0,    0,    0,    0,    0,  -12,    0,    0,  -16,    0,    0,    0,    0,    0,    0,    0,    0,    0,    0,    0,  -11,    0,  -10,    0,    0,    0,    0,    0,    0,    0,    0,    0,    0,    0,    0,    0,    0,    0,    0,    0,    0,    0,    0,    0,    0,    0,    0,    0,    0,    0,    0,    0,    0,    0,    0,    0,    0,    0,    0,    0,    0,    0,    0,    0,    0,    0,    0,    0,    0,    0,    0,    0,    0,    0,    0,    0,    0,    0,    0,    0,    0,    0,    0,    0,    0,    0,    0,    0,    0,    0,    0,    0,    0,    0,    0,    0,   -6,   -4,  -12,    0,
      -4,    0,   -5,  -10,    0,  -36,    0,  -25,    0,    0,    0,  -20,    0,    0,  -38,    0,    0,    0,    0,    0,    0,    0,    0,   -7,    0,    0,   -6,    0,  -16,   -8,    0,   -8,   -8,  -13,    0,   -8,    0,    0,    0,    0,   -8,   -4,    0,    0,    0,    4,    4,    0,    4,    0,    0,  -10,   -7,    0,  -34,    0,    0,    0,    0,   -6,    0,    0,    0,    0,    0,    0,    0,    0,    0,    0,    0,    0,    0,    0,    0,    0,    0,    0,    0,    0,    0,    0,    0,    0,    0,    0,    0,    0,    0,    0,    0,    0,    0,    0,    0,    0,    0,    0,    0,    0,    0,    0,    0,    0,    0,    0,    0,    0,    0,    0,    0,    0,    0,    0,    0,    0,    0,    0,    0,    0,    0,    0,    0,    0,    0,    0,    0,    0,    0,    0,    0,    0,    0,    0,    0,    0,    0,    0,    0,    0,    0,    0,    0,    4,  -46,    0,
      -6,   -9,   -5,    0,    0,  -13,    0,    0,    0,  -14,   -4,   -8,    0,    0,  -10,    0,    0,    0,   -4,  -11,    0,   -7,   -6,  -10,  -16,   -6,   -4,    0,    0,   -6,    0,    0,    0,    0,    0,    0,    0,    6,    0,    0,    0,    0,    0,    0,    0,    0,    0,    0,    0,    0,    0,    0,    0,    0,  -16,    0,    0,    0,    0,    0,    0,    0,    0,    0,    0,    0,  -11,    0,    0,    0,    0,    0,    0,    0,    0,    0,    0,    0,    0,    0,    0,    0,    0,    0,    0,    0,    0,    0,    0,    0,    0,    0,    0,    0,    0,    0,    0,    0,    0,    0,    0,    0,    0,    0,    0,    0,    0,    0,    0,    0,    0,    0,    0,    0,    0,    0,    0,    0,    0,    0,    0,    0,    0,    0,    0,    0,    0,    0,    0,    0,    0,    0,    0,    0,    0,    0,    0,    0,    0,    0,    0,    0,   -6,   -4,   -8,    0,
       0,    0,   -5,    0,    0,    6,    0,    5,    0,   -5,   -6,   11,   -4,   -4,    9,    0,   -4,   -4,    0,    0,    0,   -4,    0,    8,   -8,    6,    0,    0,  -13,    0,    0,    0,    0,    0,    0,    0,    0,    0,    0,    0,    0,    0,    0,    0,    0,    0,    0,    8,    0,    4,   -7,   -6,   -8,    0,   12,    0,    0,    0,    0,   -6,    0,    0,    0,    0,    0,    0,    0,    0,    0,    0,    0,    0,    0,    0,    0,    0,    0,    0,    0,    0,    0,    0,    0,    0,    0,    0,    0,    0,    0,    0,    0,    0,    0,    0,    0,    0,    0,    0,    0,    0,    0,    0,    0,    0,    0,    0,    0,    0,    0,    0,    0,    0,    0,    0,    0,    0,    0,    0,    0,    0,    0,    0,    0,    0,    0,    0,    0,    0,    0,    0,    0,    0,    0,    0,    0,    0,    0,    0,    0,    0,    0,    0,    0,    0,    6,    0,
       0,    0,  -11,    5,    0,  -30,  -20,  -34,  -34,    9,  -20,  -26,  -11,  -11,  -36,    0,  -11,  -11,    0,   10,    0,   11,    7,    6,   12,    0,    0,    0,  -13,  -18,    0,  -22,  -22,  -22,    0,  -22,    0,    0,    0,  -16,  -22,  -22,  -18,    0,  -14,   -9,  -32,   -7,   -9,  -12,  -10,    0,  -34,  -30,  -29,    0,    0,    8,   12,  -32,   20,    8,    4,    0,  -29,  -26,    0,    0,    0,    0,    0,    0,    0,    0,    0,    0,    0,    0,    0,    0,    0,    0,    0,    0,    0,    0,    0,    0,    0,    0,    0,    0,    0,    0,    0,    0,    0,    0,    0,    0,    0,    0,    0,    0,    0,    0,    0,    0,    0,    0,    0,    0,    0,    0,    0,    0,    0,    0,    0,    0,    0,    0,    0,    0,    0,    0,    0,    0,    0,    0,    0,    0,    0,    0,    0,    0,    0,    0,    0,    0,    0,    0,    0,    0,  -27,    0,
       0,    0,   -4,    0,    0,   -4,    0,  -16,   -4,    0,    0,   -4,    0,    0,   -6,    0,    0,    0,    0,    0,    0,    0,    0,    0,    0,   -6,    0,    0,  -15,   -6,    0,    0,    0,    0,    0,    0,    0,    0,    0,    0,    0,    0,    0,    0,    0,    0,    0,    0,    0,   -7,   -4,   -9,    0,    0,  -14,    0,    0,    0,    0,    0,    0,    0,    0,    0,    0,    0,   -6,    0,    0,    0,    0,    0,    0,    0,    0,    0,    0,    0,    0,    0,    0,    0,    0,    0,    0,    0,    0,    0,    0,    0,    0,    0,    0,    0,    0,    0,    0,    0,    0,    0,    0,    0,    0,    0,    0,    0,    0,    0,    0,    0,    0,    0,    0,    0,    0,    0,    0,    0,    0,    0,    0,    0,    0,    0,    0,    0,    0,    0,    0,    0,    0,    0,    0,    0,    0,    0,    0,    0,    0,    0,    0,    0,    0,    0,   -8,    0,
       0,    6,  -13,    6,    0,  -30,   -4,  -27,   -8,   10,  -15,  -25,   -7,   -7,  -38,   -2,   -7,   -7,    0,   11,    0,   12,    8,    8,   13,    0,    0,    0,  -11,  -10,    0,  -18,  -18,  -18,    0,  -18,    0,    0,    0,  -12,  -18,  -18,   -6,    0,  -10,    0,    0,    0,    0,   -1,  -10,    0,  -17,   -4,  -33,    0,    4,    0,   13,  -20,   16,   12,    4,    0,  -10,  -10,    0,    0,    0,    0,    0,    0,    0,    0,    0,    0,    0,    0,    0,    0,    0,    0,    0,    0,    0,    0,    0,    0,    0,    0,    0,    0,    0,    0,    0,    0,    0,    0,    0,    0,    0,    0,    0,    0,    0,    0,    0,    0,    0,    0,    0,    0,    0,    0,    0,    0,    0,    0,    0,    0,    0,    0,    0,    0,    0,    0,    0,    0,    0,    0,    0,    0,    0,    0,    0,    0,    0,    0,    0,    0,    0,    0,    8,   10,  -30,    0,
       0,    5,   -6,    0,    0,  -15,    0,  -19,   -4,    6,   -8,   -7,   -6,   -6,  -24,    0,   -6,   -6,    0,    8,    0,    9,    5,    4,   10,    0,    0,    0,  -15,  -12,    0,   -9,   -9,   -9,    0,  -10,    0,    0,    0,   -8,   -9,   -9,   -7,    0,   -8,    0,    0,    0,    0,    0,   -7,    0,   -8,    0,  -20,    0,    0,    0,    7,  -10,    4,    0,    0,    0,   -6,    0,    0,    0,    0,    0,    0,    0,    0,    0,    0,    0,    0,    0,    0,    0,    0,    0,    0,    0,    0,    0,    0,    0,    0,    0,    0,    0,    0,    0,    0,    0,    0,    0,    0,    0,    0,    0,    0,    0,    0,    0,    0,    0,    0,    0,    0,    0,    0,    0,    0,    0,    0,    0,    0,    0,    0,    0,    0,    0,    0,    0,    0,    0,    0,    0,    0,    0,    0,    0,    0,    0,    0,    0,    0,    0,    0,    0,    7,   10,  -15,    0,
       0,    0,  -10,    0,  -10,    5,  -11,    4,    0,    0,  -10,   11,  -10,  -10,    8,    0,  -10,  -10,    0,    5,    0,    7,    0,    7,    8,    5,    0,    0,  -14,    0,    0,   -7,   -7,   -7,    0,   -7,    0,    0,    0,    0,   -7,   -7,    0,    0,   -4,   -4,  -15,    8,   -3,    0,  -10,    0,  -19,    0,   11,    0,    0,    0,    0,  -12,    0,    0,    0,    0,    0,   -7,    0,    0,    0,    0,    0,    0,    0,    0,    0,    0,    0,    0,    0,    0,    0,    0,    0,    0,    0,    0,    0,    0,    0,    0,    0,    0,    0,    0,    0,    0,    0,    0,    0,    0,    0,    0,    0,    0,    0,    0,    0,    0,    0,    0,    0,    0,    0,    0,    0,    0,    0,    0,    0,    0,    0,    0,    0,    0,    0,    0,    0,    0,    0,    0,    0,    0,    0,    0,    0,    0,    0,    0,    0,    0,    0,    0,    0,    0,    4,    0,
       0,    0,  -17,    7,    0,  -26,  -20,  -33,  -15,   10,  -23,  -32,  -16,  -16,  -46,   -3,  -16,  -16,    0,   12,    0,   13,    9,    8,   14,    4,    0,    0,  -10,  -16,    0,  -20,  -20,  -20,    0,  -20,    0,    0,    0,  -16,  -20,  -20,   -8,    0,  -14,    0,    0,   -6,    0,  -11,   -9,    0,  -30,  -13,  -32,    0,    0,    0,   16,  -31,   16,   13,    0,    0,  -17,  -16,    0,    0,    0,    0,    0,    0,    0,    0,    0,    0,    0,    0,    0,    0,    0,    0,    0,    0,    0,    0,    0,    0,    0,    0,    0,    0,    0,    0,    0,    0,    0,    0,    0,    0,    0,    0,    0,    0,    0,    0,    0,    0,    0,    0,    0,    0,    0,    0,    0,    0,    0,    0,    0,    0,    0,    0,    0,    0,    0,    0,    0,    0,    0,    0,    0,    0,    0,    0,    0,    0,    0,    0,    0,    0,    0,    0,    4,    7,  -31,    0,
       0,    0,   -8,    0,    0,    4,  -24,    0,    0,    0,   -6,    7,  -14,  -14,    7,    0,  -14,  -14,    0,    0,   -6,    4,    0,    0,    5,    0,   -7,    0,  -17,    0,    0,   -6,   -7,   -6,    0,   -9,    0,    0,    0,    0,   -7,   -6,    0,   -5,   -8,   -9,  -10,    4,   -9,    0,  -14,   -6,  -20,    0,    7,    0,    0,    0,    4,   -6,    5,    0,    0,    0,    0,    0,    0,    0,    0,    0,    0,    0,    0,    0,    0,    0,    0,    0,    0,    0,    0,    0,    0,    0,    0,    0,    0,    0,    0,    0,    0,    0,    0,    0,    0,    0,    0,    0,    0,    0,    0,    0,    0,    0,    0,    0,    0,    0,    0,    0,    0,    0,    0,    0,    0,    0,    0,    0,    0,    0,    0,    0,    0,    0,    0,    0,    0,    0,    0,    0,    0,    0,    0,    0,    0,    0,    0,    0,    0,    0,    0,    0,    0,    0,    0,    0,
       0,    0,    0,    0,    0,    0,    0,    0,    0,    0,    0,  -11,  -17,  -17,  -11,    0,  -17,  -17,  -10,  -13,  -15,  -12,  -15,  -14,  -11,  -16,    0,    0,   32,    0,    0,    0,    0,    0,    0,    0,    0,    0,    0,    0,    0,    0,    0,    0,    0,    0,    0,    0,    0,    0,    0,    0,    0,    0,  -11,    0,    0,    0,    0,    0,    0,    0,    0,    0,    0,    0,    0,    0,    0,    0,  -13,  -17,   -8,   -9,  -10,  -12,  -11,   10,  -12,    0,    0,  -17,  -17,  -14,  -19,    0,  -15,    0,    0,    0,    0,    0,    0,    0,    0,    0,    0,    0,    0,    0,    0,    0,    0,    0,    0,    0,    0,    0,    0,    0,    0,    0,    0,    0,    0,    0,    0,    0,  -19,    0,  -11,    0,    0,  -10,    0,    0,   -6,    0,    0,  -12,    0,    0,    0,    0,    0,    0,    0,    0,    0,    0,    0,    0,    0,    0,    0,    0,
       0,    0,    0,    0,    0,    0,    0,    0,    0,    0,    0,    0,   -4,   -4,    0,    0,   -4,   -4,    0,    0,    0,    0,   -4,   -4,    0,   -6,    0,    0,    0,    0,    0,    0,    0,    0,    0,    0,    0,    0,    0,    0,    0,    0,    0,    0,    0,    0,    0,    0,    0,    0,    0,    0,    0,    0,    0,    0,    0,    0,    0,    0,    0,    0,    0,    0,    0,    0,    0,    0,    0,    0,    0,   -4,   -4,    0,    0,    0,    0,    0,    0,    0,    0,   -4,   -4,   -4,   -8,    0,   -5,    0,    0,    0,    0,    0,    0,    0,    0,    0,    0,    0,    0,    0,    0,    0,    0,    0,    0,    0,    0,    0,    0,    0,    0,    0,    0,    0,    0,    0,    0,    0,   -9,    0,    0,    0,    0,    0,    0,    0,   -8,    0,    0,    0,    0,    0,    0,    0,    0,    0,    0,    0,    0,    0,    0,    0,    0,    0,    0,    0,
       0,  -11,    0,  -10,   -8,    0,    0,    0,    0,  -11,    0,    0,    0,    0,    0,    0,    0,    0,    0,    0,    0,    0,    0,    0,    0,    0,    0,    0,  -12,    0,    0,    0,    0,    0,    0,    0,    0,    0,    0,    0,    0,    0,    0,    0,    0,   -6,   -5,    0,   -6,    0,    0,   -8,    0,    0,    0,    0,    0,    0,    0,    0,    0,    0,    0,    0,    0,    0,    0,    0,    0,    0,    0,    0,    0,    0,    0,    0,    0,    0,    0,    0,    0,    0,    0,    0,    0,    0,    0,    0,    0,    0,    0,    0,    0,    0,    0,    0,    0,    0,    0,    0,    0,    0,    0,    0,    0,    0,    0,    0,    0,    0,    0,    0,    0,    0,    0,    0,    0,    0,    0,    0,    0,    0,    0,    0,    0,    0,    0,    0,    0,    0,    0,    0,    0,    0,    0,    0,    0,    0,    0,    0,    0,    0,    0,  -10,    0,    0,
       0,  -15,    0,  -11,    0,    0,    0,   -9,    0,  -11,    0,    0,    0,    0,    0,    0,    0,    0,    0,    0,    0,    0,    0,    0,    0,    0,    0,    0,  -12,    0,    0,    0,    0,    0,    0,    0,    0,    0,    0,    0,    0,    0,    0,    0,    0,   -5,   -5,   -7,   -5,   -8,    0,   -8,    0,    0,    0,    0,    0,    0,    0,    0,    0,    0,    0,    0,    0,    0,    0,    0,    0,    0,    0,    0,    0,    0,    0,    0,    0,    0,    0,    0,    0,    0,    0,    0,    0,    0,    0,    0,    0,    0,    0,    0,    0,    0,    0,    0,    0,    0,    0,    0,    0,    0,    0,    0,    0,    0,    0,    0,    0,    0,    0,    0,    0,    0,    0,    0,    0,    0,    0,    0,    0,    0,    0,    0,    0,    0,    0,    0,    0,    0,    0,    0,    0,    0,    0,    0,    0,    0,    0,    0,    0,    0,  -13,  -13,    0,    0,
       0,    0,    0,    0,    0,    4,  -13,    0,    0,    0,    0,    0,    0,    0,    0,    0,    0,    0,    0,    0,    0,    0,    0,    0,    0,    0,    0,    0,  -11,    0,    0,    0,   -5,    0,    0,   -6,    0,    0,    0,    0,   -5,    0,    0,    0,    0,    4,    4,    6,    4,    0,   -8,    0,  -12,    0,    0,    0,    0,    0,    0,    0,    0,    0,    0,    0,    0,    0,    0,    0,    0,    0,    0,    0,    0,    0,    0,    0,    0,    0,    0,    0,    0,    0,    0,    0,    0,    0,    0,    0,    0,    0,    0,    0,    0,    0,    0,    0,    0,    0,    0,    0,    0,    0,    0,    0,    0,    0,    0,    0,    0,    0,    0,    0,    0,    0,    0,    0,    0,    0,    0,    0,    0,    0,    0,    0,    0,    0,    0,    0,    0,    0,    0,    0,    0,    0,    0,    0,    0,    0,    0,    0,    0,    0,    0,    0,    0,    0,
       0,    0,    0,   16,    4,  -21,  -14,  -17,    0,   10,    0,    0,    0,    0,    0,    0,    0,    0,    0,    0,    0,    0,    0,    0,    0,    0,    0,    0,   16,    0,    0,    0,    0,    0,    0,    0,    0,    0,    0,    0,    0,    0,    0,    0,    0,    8,    7,    6,    8,    0,    0,   16,   -8,    4,    0,    0,   12,    0,   16,   -7,   16,   12,   16,    0,    0,    0,    0,    0,    0,    0,    0,    0,    0,    0,    0,    0,    0,    0,    0,    0,    0,    0,    0,    0,    0,    0,    0,    0,    0,    0,    0,    0,    0,    0,    0,    0,    0,    0,    0,    0,    0,    0,    0,    0,    0,    0,    0,    0,    0,    0,    0,    0,    0,    0,    0,    0,    0,    0,    0,    0,    0,    0,    0,    0,    0,    0,    0,    0,    0,    0,    0,    0,    0,    0,    0,    0,    0,    0,    0,    0,    0,    0,    0,    8,  -21,    0,
       0,  -15,    0,  -10,   -8,    0,    0,    0,    0,  -11,    0,    0,    0,    0,    0,    0,    0,    0,    0,    0,    0,    0,    0,    0,    0,    0,    0,    0,  -12,    0,    0,    0,    0,    0,    0,    0,    0,    0,    0,    0,    0,    0,    0,    0,    0,   -6,   -5,    0,   -7,    0,    0,   -8,    0,    0,    0,    0,    0,    0,    0,    0,    0,    0,    0,    0,    0,    0,    0,    0,    0,    0,    0,    0,    0,    0,    0,    0,    0,    0,    0,    0,    0,    0,    0,    0,    0,    0,    0,    0,    0,    0,    0,    0,    0,    0,    0,    0,    0,    0,    0,    0,    0,    0,    0,    0,    0,    0,    0,    0,    0,    0,    0,    0,    0,    0,    0,    0,    0,    0,    0,    0,    0,    0,    0,    0,    0,    0,    0,    0,    0,    0,    0,    0,    0,    0,    0,    0,    0,    0,    0,    0,    0,    0,  -12,  -12,    0,    0,
       0,    0,    0,    0,    0,    0,    0,    0,    0,    0,    0,    0,    0,    0,    0,    0,    0,    0,    0,    0,    0,    0,    0,    0,    0,    0,    0,    0,    0,    0,    0,    0,    0,    0,    0,    0,    0,    4,    0,    0,    0,    0,    0,    0,    0,    0,    0,    0,    0,    0,    0,    0,    0,    0,    0,    0,    0,    0,    0,    0,    0,    0,    0,    0,    0,    0,    0,    0,    0,    0,    0,    0,    0,    0,    0,    0,    0,    0,    0,    0,    0,    0,    0,    0,    0,    0,    0,    0,    0,    0,    0,    0,    0,    0,    0,    0,    0,    0,    0,    0,    0,    0,    0,    0,    0,    0,    0,    0,    0,    0,    0,    0,    0,    0,    0,    0,    0,    0,    0,    0,    0,    0,    0,    0,    0,    0,    0,    0,    0,    0,    0,    0,    0,    0,    0,    0,    0,    0,    0,    0,    0,    0,    0,    0,    0,    0,
       0,    0,    0,    0,    0,    0,  -11,    4,    0,    0,   -8,    0,    0,    0,    0,    0,    0,    0,    0,    0,    0,    0,    0,    0,    0,    0,    0,    0,  -10,    0,    0,  -10,  -10,  -10,    0,  -12,    0,    0,    0,    0,  -12,  -10,    0,    0,    0,    0,    0,    8,    0,    0,   -8,    0,  -14,    0,    0,    0,    0,    0,    0,  -11,    0,    0,    0,    0,    0,    0,    0,    0,    0,    0,    0,    0,    0,    0,    0,    0,    0,    0,    0,    0,    0,    0,    0,    0,    0,    0,    0,    0,    0,    0,    0,    0,    0,    0,    0,    0,    0,    0,    0,    0,    0,    0,    0,    0,    0,    0,    0,    0,    0,    0,    0,    0,    0,    0,    0,    0,    0,    0,    0,    0,    0,    0,    0,    0,    0,    0,    0,    0,    0,    0,    0,    0,    0,    0,    0,    0,    0,    0,    0,    0,    0,    0,    0,    0,    0,    0,
       0,  -12,    0,  -10,   -9,    0,    0,    0,    0,  -11,    0,    0,    0,    0,    0,    0,    0,    0,    0,    0,    0,    0,    0,    0,    0,    0,    0,    0,  -12,    0,    0,    0,    0,    0,    0,    0,    0,    0,    0,    0,    0,    0,    0,    0,    0,   -6,   -6,    0,   -7,    0,    0,   -8,    0,    0,    0,    0,    0,    0,    0,    0,    0,    0,    0,    0,    0,    0,    0,    0,    0,    0,    0,    0,    0,    0,    0,    0,    0,    0,    0,    0,    0,    0,    0,    0,    0,    0,    0,    0,    0,    0,    0,    0,    0,    0,    0,    0,    0,    0,    0,    0,    0,    0,    0,    0,    0,    0,    0,    0,    0,    0,    0,    0,    0,    0,    0,    0,    0,    0,    0,    0,    0,    0,    0,    0,    0,    0,    0,    0,    0,    0,    0,    0,    0,    0,    0,    0,    0,    0,    0,    0,    0,    0,   -9,  -10,    0,    0,
       0,  -13,    0,  -11,   -8,    0,    0,   -9,    0,  -12,    0,    0,    0,    0,    0,    0,    0,    0,    0,    0,    0,    0,    0,    0,    0,    0,    0,    0,  -12,    0,    0,    0,    0,    0,    0,    0,    0,    0,    0,    0,    0,    0,    0,    0,    0,   -6,   -5,   -7,   -6,   -8,    0,   -8,    0,    0,    0,    0,    0,    0,    0,    0,    0,    0,    0,    0,    0,    0,    0,    0,    0,    0,    0,    0,    0,    0,    0,    0,    0,    0,    0,    0,    0,    0,    0,    0,    0,    0,    0,    0,    0,    0,    0,    0,    0,    0,    0,    0,    0,    0,    0,    0,    0,    0,    0,    0,    0,    0,    0,    0,    0,    0,    0,    0,    0,    0,    0,    0,    0,    0,    0,    0,    0,    0,    0,    0,    0,    0,    0,    0,    0,    0,    0,    0,    0,    0,    0,    0,    0,    0,    0,    0,    0,    0,   -9,  -11,    0,    0,
       0,  -13,    0,  -11,   -8,    0,    0,   -9,    0,  -11,    0,    0,    0,    0,    0,    0,    0,    0,    0,    0,    0,    0,    0,    0,    0,    0,    0,    0,  -12,    0,    0,    0,    0,    0,    0,    0,    0,    0,    0,    0,    0,    0,    0,    0,    0,   -6,   -5,   -7,   -6,   -7,    0,   -8,    0,    0,    0,    0,    0,    0,    0,    0,    0,    0,    0,    0,    0,    0,    0,    0,    0,    0,    0,    0,    0,    0,    0,    0,    0,    0,    0,    0,    0,    0,    0,    0,    0,    0,    0,    0,    0,    0,    0,    0,    0,    0,    0,    0,    0,    0,    0,    0,    0,    0,    0,    0,    0,    0,    0,    0,    0,    0,    0,    0,    0,    0,    0,    0,    0,    0,    0,    0,    0,    0,    0,    0,    0,    0,    0,    0,    0,    0,    0,    0,    0,    0,    0,    0,    0,    0,    0,    0,    0,    0,   -9,  -11,    0,    0,
       0,    0,    0,    0,    0,    0,    0,    0,    0,    0,    0,    0,    0,    0,    0,    0,    0,    0,    0,    0,    0,    0,    0,    0,    0,    0,    0,    0,    0,    0,    0,    0,    0,    0,    0,    0,    0,   12,    0,    0,    0,    0,    0,    0,    0,    0,    0,    0,    0,    0,    0,    0,    0,    0,    0,    0,    0,    0,    0,    0,    0,    0,    0,    0,    0,    0,    0,    0,    0,    0,    0,    0,    0,    0,    0,    0,    0,    0,    0,    0,    0,    0,    0,    0,    0,    0,    0,    0,    0,    0,    0,    0,    0,    0,    0,    0,    0,    0,    0,    0,    0,    0,    0,    0,    0,    0,    0,    0,    0,    0,    0,    0,    0,    0,    0,    0,    0,    0,    0,    0,    0,    0,    0,    0,    0,    0,    0,    0,    0,    0,    0,    0,    0,    0,    0,    0,    0,    0,    0,    0,    0,    0,    0,    0,    0,    0,
       0,    0,    0,    0,    5,  -22,  -13,  -18,    0,  -17,    0,    0,    0,    0,    0,    0,    0,    0,    0,    0,    0,    0,    0,    0,    0,    0,    0,    0,  -10,    0,    0,    0,    0,    0,    0,    0,    0,    0,    0,    0,    0,   -5,    0,    0,    0,    8,    8,    6,    8,    0,    0,    0,   -8,    0,    0,    0,    0,    0,    0,   -8,    0,    0,    0,    0,    0,    0,    0,    0,    0,    0,    0,    0,    0,    0,    0,    0,    0,    0,    0,    0,    0,    0,    0,    0,    0,    0,    0,    0,    0,    0,    0,    0,    0,    0,    0,    0,    0,    0,    0,    0,    0,    0,    0,    0,    0,    0,    0,    0,    0,    0,    0,    0,    0,    0,    0,    0,    0,    0,    0,    0,    0,    0,    0,    0,    0,    0,    0,    0,    0,    0,    0,    0,    0,    0,    0,    0,    0,    0,    0,    0,    0,    0,    0,    6,  -21,    0,
       0,    0,    0,    0,    0,    4,  -16,    0,    0,    0,    0,    0,    0,    0,    0,    0,    0,    0,    0,    0,    0,    0,    0,    0,    0,    0,    0,    0,  -11,    0,    0,   -5,   -6,   -4,    0,   -4,    0,    0,    0,    0,   -6,   -5,    0,    0,    0,    0,    0,    7,    0,    0,   -8,    0,  -11,    0,    0,    0,    0,    0,    0,   -5,    0,    0,    0,    0,    0,    0,    0,    0,    0,    0,    0,    0,    0,    0,    0,    0,    0,    0,    0,    0,    0,    0,    0,    0,    0,    0,    0,    0,    0,    0,    0,    0,    0,    0,    0,    0,    0,    0,    0,    0,    0,    0,    0,    0,    0,    0,    0,    0,    0,    0,    0,    0,    0,    0,    0,    0,    0,    0,    0,    0,    0,    0,    0,    0,    0,    0,    0,    0,    0,    0,    0,    0,    0,    0,    0,    0,    0,    0,    0,    0,    0,    0,    0,    0,    0,    0,
       0,    0,    0,    0,    4,  -14,    0,  -13,    0,  -16,    0,    0,    0,    0,    0,    0,    0,    0,    0,    0,    0,    0,    0,    0,    0,    0,    0,    0,  -10,    0,    0,   -6,   -6,   -6,    0,   -5,    0,    0,    0,    0,   -6,   -6,    0,    0,    0,    7,    7,    6,    7,    0,    0,    0,    0,    0,    0,    0,    0,    0,    0,   -7,    0,    0,    0,    0,    0,    0,    0,    0,    0,    0,    0,    0,    0,    0,    0,    0,    0,    0,    0,    0,    0,    0,    0,    0,    0,    0,    0,    0,    0,    0,    0,    0,    0,    0,    0,    0,    0,    0,    0,    0,    0,    0,    0,    0,    0,    0,    0,    0,    0,    0,    0,    0,    0,    0,    0,    0,    0,    0,    0,    0,    0,    0,    0,    0,    0,    0,    0,    0,    0,    0,    0,    0,    0,    0,    0,    0,    0,    0,    0,    0,    0,    0,    0,    5,  -14,    0,
       0,    0,    0,    0,    4,  -13,    0,  -11,    0,  -14,    0,    0,    0,    0,    0,    0,    0,    0,    0,    0,    0,    0,    0,    0,    0,    0,    0,    0,  -10,    0,    0,   -5,    0,    0,    0,    0,    0,    0,    0,    0,   -5,    0,    0,    0,    0,    7,    7,    6,    7,    0,    0,    0,    0,    0,    0,    0,    0,    0,    0,   -6,    0,    0,    0,    0,    0,    0,    0,    0,    0,    0,    0,    0,    0,    0,    0,    0,    0,    0,    0,    0,    0,    0,    0,    0,    0,    0,    0,    0,    0,    0,    0,    0,    0,    0,    0,    0,    0,    0,    0,    0,    0,    0,    0,    0,    0,    0,    0,    0,    0,    0,    0,    0,    0,    0,    0,    0,    0,    0,    0,    0,    0,    0,    0,    0,    0,    0,    0,    0,    0,    0,    0,    0,    0,    0,    0,    0,    0,    0,    0,    0,    0,    0,    0,    5,  -12,    0,
       0,    0,    0,    0,    0,    0,    0,    0,    0,    0,    0,    0,    0,    0,    0,    0,    0,    0,    0,    0,    0,    0,    0,    0,    0,    0,    0,    0,  -11,    0,    0,   -8,   -8,   -8,    0,   -8,    0,    0,    0,    0,   -8,   -8,    0,    0,    0,    0,    0,    7,    0,    0,   -8,    0,  -12,    0,    0,    0,    0,    0,    0,  -10,    0,    0,    0,    0,    0,    0,    0,    0,    0,    0,    0,    0,    0,    0,    0,    0,    0,    0,    0,    0,    0,    0,    0,    0,    0,    0,    0,    0,    0,    0,    0,    0,    0,    0,    0,    0,    0,    0,    0,    0,    0,    0,    0,    0,    0,    0,    0,    0,    0,    0,    0,    0,    0,    0,    0,    0,    0,    0,    0,    0,    0,    0,    0,    0,    0,    0,    0,    0,    0,    0,    0,    0,    0,    0,    0,    0,    0,    0,    0,    0,    0,    0,    0,    0,    0,    0,
       0,    0,    0,    0,    0,    0,    0,    0,    0,    0,    0,    0,    0,    0,    0,    0,    0,    0,    0,    0,    0,    0,    0,    0,    0,    0,    0,    0,  -14,    0,    0,   -8,   -8,   -8,   -5,   -9,    0,    0,    0,    0,   -8,   -7,    0,   -5,   -5,    0,    0,    0,    0,    0,  -11,   -8,  -13,    0,    0,    0,    0,    0,    0,   -7,    0,    0,    0,    0,    0,    0,    0,    0,    0,    0,    0,    0,    0,    0,    0,    0,    0,    0,    0,    0,    0,    0,    0,    0,    0,    0,    0,    0,    0,    0,    0,    0,    0,    0,    0,    0,    0,    0,    0,    0,    0,    0,    0,    0,    0,    0,    0,    0,    0,    0,    0,    0,    0,    0,    0,    0,    0,    0,    0,    0,    0,    0,    0,    0,    0,    0,    0,    0,    0,    0,    0,    0,    0,    0,    0,    0,    0,    0,    0,    0,    0,    0,    0,    0,    0,    0,
       0,    0,    0,    0,    0,    0,    0,    0,    0,    0,    0,   -5,  -10,  -12,   -5,    0,  -12,  -12,   -8,    0,   -9,    0,    0,    0,    0,   -7,    0,    0,    0,    0,    0,    0,    0,    0,    0,    0,    0,    0,    0,    0,    0,    0,    0,    0,    0,    0,    0,    0,    0,    0,    0,   32,    0,    0,   -4,    0,    0,    0,    0,    0,    0,    0,    0,    0,    0,    0,    0,    0,    0,    0,    0,  -10,   -7,    0,    0,    0,   -5,   11,    0,    0,    0,  -12,  -12,    0,   -4,    0,   -8,    0,    0,    0,    0,    0,    0,    0,    0,    0,    0,    0,    0,    0,    0,    0,    0,    0,    0,    0,    0,    0,    0,    0,    0,    0,    0,    0,    0,    0,    0,    0,  -13,    0,    0,    0,    0,   -4,    0,    0,   -6,    0,    0,   -4,    0,    0,    0,    0,    0,    0,    0,    0,    0,    0,    0,    0,    0,    0,    0,    0,
       0,    0,    0,    0,    0,    0,    0,    0,    0,    0,    0,   -8,    0,    0,   -8,    0,    0,    0,   -7,  -10,   -4,  -10,   -8,  -12,  -10,  -14,    0,    0,    0,    0,    0,    0,    0,    0,    0,    0,    0,    0,    0,    0,    0,    0,    0,    0,    0,    0,    0,    0,    0,    0,    0,    0,    0,    0,   -8,    0,    0,    0,    0,    0,    0,    0,    0,    0,    0,    0,    0,    0,    0,    0,  -10,    0,   -8,   -6,   -7,  -10,   -8,   -8,   -9,  -10,    0,    0,    0,  -12,    0,   -9,   -6,    0,    0,    0,    0,    0,    0,    0,    0,    0,    0,    0,    0,    0,    0,    0,    0,    0,    0,    0,    0,    0,    0,    0,    0,    0,    0,    0,    0,    0,    0,    0,    0,    0,  -10,    0,    0,    0,    0,    0,    0,    0,    0,   -9,    0,    0,    0,    0,    0,    0,    0,    0,    0,    0,    0,    0,    0,    0,    0,    0,
       0,    0,    0,    0,    0,    0,    0,    0,    0,    0,    0,    0,    0,    0,    0,    0,    0,    0,    0,  -33,   -4,  -12,   -8,    0,  -19,   -4,    0,    0,    0,    0,    0,    0,    0,    0,    0,    0,    0,    0,    0,    0,    0,    0,    0,    0,    0,    0,    0,    0,    0,    0,    0,    0,    0,    0,    0,    0,    0,    0,    0,    0,    0,    0,    0,    0,    0,    0,    0,    0,    0,    0,    0,    0,    0,    0,    0,    0,    0,    0,    0,    0,    0,    0,    0,    0,    0,    0,    0,    0,    0,    0,    0,    0,    0,    0,    0,    0,    0,    0,    0,    0,    0,    0,    0,    0,    0,    0,    0,    0,    0,    0,    0,    0,    0,    0,    0,    0,    0,    0,    0,    0,    0,    0,    0,    0,    0,    0,    0,    0,    0,    0,    0,    0,    0,    0,    0,    0,    0,    0,    0,    0,    0,    0,    0,    0,    0,    0,
       0,    0,    0,    0,    0,    0,    0,    0,    0,    0,    0,    0,    0,    0,    0,    0,    0,    0,    0,  -31,    0,   -5,    0,    0,  -13,    0,    0,    0,    0,    0,    0,    0,    0,    0,    0,    0,    0,    0,    0,    0,    0,    0,    0,    0,    0,    0,    0,    0,    0,    0,    0,    0,    0,    0,    0,    0,    0,    0,    0,    0,    0,    0,    0,    0,    0,    0,    0,    0,    0,    0,  -31,    0,    0,    0,    0,    0,    0,    0,    0,    0,    0,    0,    0,    0,    0,    0,    0,    0,    0,    0,    0,    0,    0,    0,    0,    0,    0,    0,    0,    0,    0,    0,    0,    0,    0,    0,    0,    0,    0,    0,    0,    0,    0,    0,    0,    0,    0,    0,    0,    0,  -13,    0,    0,    0,    0,    0,    0,    0,    0,    0,    0,    0,    0,    0,    0,    0,    0,    0,    0,    0,    0,    0,    0,    0,    0,    0,
       0,    0,    0,    0,    0,    0,    0,    0,    0,    0,    0,   -8,    0,    0,  -17,    0,    0,    0,   -8,  -34,    0,  -18,   -8,  -20,  -31,  -17,    0,    0,    0,    0,    0,    0,    0,    0,    0,    0,    0,    0,    0,    0,    0,    0,    0,    0,    0,    0,    0,    0,    0,    0,    0,    0,    0,    0,  -18,    0,    0,    0,    0,    0,    0,    0,    0,    0,    0,    0,    0,    0,    0,    0,  -34,    0,  -10,  -14,  -14,  -22,   -8,  -13,  -23,  -15,    0,    0,    0,  -20,   -6,  -16,   -9,    0,    0,    0,    0,    0,    0,    0,    0,    0,    0,    0,    0,    0,    0,    0,    0,    0,    0,    0,    0,    0,    0,    0,    0,    0,    0,    0,    0,    0,    0,    0,    0,    0,  -31,    0,    0,   -4,    0,    0,    0,    0,    0,  -16,    0,    0,    0,    0,    0,    0,    0,    0,    0,    0,    0,    0,    0,    0,    0,    0,
       0,    0,    0,    0,    0,    0,    0,    0,    0,    0,    0,  -18,  -15,  -15,  -25,    0,  -15,  -15,  -12,  -44,  -18,  -19,  -16,  -28,  -26,  -27,    0,    0,    0,    0,    0,    0,    0,    0,    0,    0,    0,    0,    0,    0,    0,    0,    0,    0,    0,    0,    0,    0,    0,    0,    0,    0,    0,    0,  -28,    0,    0,    0,    0,    0,    0,    0,    0,    0,    0,    0,    0,    0,    0,    0,    0,    0,    0,    0,    0,    0,    0,    0,    0,    0,    0,    0,    0,    0,    0,    0,    0,    0,    0,    0,    0,    0,    0,    0,    0,    0,    0,    0,    0,    0,    0,    0,    0,    0,    0,    0,    0,    0,    0,    0,    0,    0,    0,    0,    0,    0,    0,    0,    0,    0,    0,    0,    0,    0,    0,    0,    0,    0,    0,    0,    0,    0,    0,    0,    0,    0,    0,    0,    0,    0,    0,    0,    0,    0,    0,    0,
      -6,  -13,    0,  -16,    0,  -24,    0,  -16,    0,  -14,    0,  -11,    0,    0,  -22,    0,    0,    0,    0,  -18,    0,   -8,    0,  -17,  -17,  -19,   -6,    0,  -17,   -6,    0,    0,    0,    0,    0,    0,    0,    0,    0,    0,    0,    0,    0,    0,    0,    0,    0,    0,    0,    0,    0,  -11,    0,    0,  -20,    0,    0,    0,    0,    0,    0,    0,    0,    0,    0,    0,  -16,    0,   -9,    0,    0,    0,    0,    0,    0,    0,    0,    0,    0,    0,    0,    0,    0,    0,    0,    0,    0,    0,    0,    0,    0,    0,    0,    0,    0,    0,    0,    0,    0,    0,    0,    0,    0,    0,    0,    0,    0,    0,    0,    0,    0,    0,    0,    0,    0,    0,    0,    0,    0,    0,    0,    0,    0,    0,    0,    0,    0,    0,    0,    0,    0,    0,    0,    0,    0,    0,    0,    0,    0,    0,    0,    0,  -10,   -6,  -23,    0,
       0,  -16,    0,  -11,  -13,    0,    0,    0,    0,   -8,    0,    0,    0,    0,    0,    0,    0,    0,    0,    0,    0,    0,    0,    0,    0,    0,    0,    0,   -8,    0,    0,    0,    0,    0,    0,    0,    0,    0,    0,    0,    0,    0,    0,    0,    0,  -11,  -10,    0,  -11,    0,    0,   -8,    0,    0,    0,    0,    0,    0,    0,    0,    0,    0,    0,    0,    0,    0,    0,  -14,    0,   -8,    0,    0,    0,    0,    0,    0,    0,    0,    0,    0,    0,    0,    0,    0,    0,    0,    0,    0,    0,    0,    0,    0,    0,    0,    0,    0,    0,    0,    0,    0,    0,    0,    0,    0,    0,    0,    0,    0,    0,    0,    0,    0,    0,    0,    0,    0,    0,    0,    0,    0,    0,    0,    0,    0,    0,    0,    0,    0,    0,    0,    0,    0,    0,    0,    0,    0,    0,    0,    0,    0,    0,    0,  -12,  -12,    0,    0,
       0,    0,    0,    0,    0,    0,    0,   -8,    0,    6,    0,    0,    0,    0,    0,    0,    0,    0,    0,    0,    0,    0,    0,    0,    0,    0,    0,    0,    5,    0,    0,    0,    0,    0,    0,    0,    0,    0,    0,    0,    0,    0,    0,    0,    0,    0,    0,    0,    0,    0,    0,    5,    0,    0,    0,    0,    0,    0,    0,    0,    0,    0,    0,    0,    0,    0,    0,    0,    0,    0,    0,    0,    0,    0,    0,    0,    0,    0,    0,    0,    0,    0,    0,    0,    0,    0,    0,    0,    0,    0,    0,    0,    0,    0,    0,    0,    0,    0,    0,    0,    0,    0,    0,    0,    0,    0,    0,    0,    0,    0,    0,    0,    0,    0,    0,    0,    0,    0,    0,    0,    0,    0,    0,    0,    0,    0,    0,    0,    0,    0,    0,    0,    0,    0,    0,    0,    0,    0,    0,    0,    0,    0,    0,    0,    0,    0,
       0,  -16,    0,  -11,   -8,    0,    0,   -9,    0,  -11,    0,    0,    0,    0,    0,    0,    0,    0,    0,    0,    0,    0,    0,    0,    0,    0,    0,    0,  -12,    0,    0,    0,    0,    0,    0,    0,    0,    0,    0,    0,    0,    0,    0,    0,    0,   -6,   -5,   -7,   -6,   -7,    0,   -8,    0,    0,    0,    0,    0,    0,    0,    0,    0,    0,    0,    0,    0,    0,    0,    0,    0,    0,    0,    0,    0,    0,    0,    0,    0,    0,    0,    0,    0,    0,    0,    0,    0,    0,    0,    0,    0,    0,    0,    0,    0,    0,    0,    0,    0,    0,    0,    0,    0,    0,    0,    0,    0,    0,    0,    0,    0,    0,    0,    0,    0,    0,    0,    0,    0,    0,    0,    0,    0,    0,    0,    0,    0,    0,    0,    0,    0,    0,    0,    0,    0,    0,    0,    0,    0,    0,    0,    0,    0,    0,  -14,  -14,    0,    0,
       0,    7,    0,   24,    0,   -4,   -4,    0,   -4,   18,    0,    0,    0,    0,    0,    0,    0,    0,    0,    0,    0,    0,    0,    0,    0,    0,    0,   36,   28,   -4,    6,   -4,   -4,   -4,    0,   -4,    3,    3,    6,   -4,   -4,   -4,   -4,    4,   -4,    0,    0,    0,    0,    0,    0,   28,    0,    0,    0,    0,   28,   38,   44,    0,   44,   44,   34,    0,    0,    0,    0,    0,    0,    0,    0,    0,    0,    0,    0,    0,    0,    0,    0,    0,    0,    0,    0,    0,    0,    0,    0,    0,    0,    0,    0,    0,    0,    0,    0,    0,    0,    0,    0,    0,    0,    0,    0,    0,    0,    0,    0,    0,    0,    0,    0,    0,    0,    0,    0,    0,    0,    0,    0,    0,    0,    0,    0,    0,    0,    0,    0,    0,    0,    0,    0,    0,    0,    0,    0,    0,    0,    0,    0,    0,    0,    0,    0,    8,    0,    0,
       0,    0,    0,    0,    0,    0,    0,    0,    0,    0,    0,    0,    0,    0,    0,    0,    0,    0,    0,    0,    0,    0,    0,    0,    0,    0,    0,    0,    0,    0,    0,    0,    0,    0,    0,    0,    0,    8,    0,    0,    0,    0,    0,    0,    0,    0,    0,    0,    0,   -5,    0,    0,    0,    0,    0,    0,    0,    0,    0,    0,    0,    0,    0,    0,    0,    0,    0,    0,    0,    0,    0,    0,    0,    0,    0,    0,    0,    0,    0,    0,    0,    0,    0,    0,    0,    0,    0,    0,    0,    0,    0,    0,    0,    0,    0,    0,    0,    0,    0,    0,    0,    0,    0,    0,    0,    0,    0,    0,    0,    0,    0,    0,    0,    0,    0,    0,    0,    0,    0,    0,    0,    0,    0,    0,    0,    0,    0,    0,    0,    0,    0,    0,    0,    0,    0,    0,    0,    0,    0,    0,    0,    0,    0,    0,    0,    0,
       0,  -17,    0,    0,   -8,    0,    0,    0,    0,  -10,    0,    0,    0,    0,    0,    0,    0,    0,    0,    0,    0,    0,    0,    0,    0,    0,    0,    0,    0,    0,    0,    0,    0,    0,    0,    0,    0,    0,    0,    0,    0,    0,    0,    0,    0,   -6,   -5,    0,    0,    0,    0,    0,    0,    0,    0,    0,    0,    0,    0,    0,    0,    0,    0,    0,    0,    0,    0,    0,    0,    0,    0,    0,    0,    0,    0,    0,    0,    0,    0,    0,    0,    0,    0,    0,    0,    0,    0,    0,    0,    0,    0,    0,    0,    0,    0,    0,    0,    0,    0,    0,    0,    0,    0,    0,    0,    0,    0,    0,    0,    0,    0,    0,    0,    0,    0,    0,    0,    0,    0,    0,    0,    0,    0,    0,    0,    0,    0,    0,    0,    0,    0,    0,    0,    0,    0,    0,    0,    0,    0,    0,    0,    0,  -14,  -14,    0,    0,
       0,    0,    0,    0,    0,    0,    0,    0,    0,    0,    0,    0,    0,    0,    0,    0,    0,    0,    0,    0,    0,    0,    0,    0,    0,    0,    0,    0,    0,    0,    0,    0,    0,    0,    0,    0,    0,   -6,    0,    0,    0,    0,    0,    0,    0,   -9,   -8,   -6,   -9,    0,    0,    0,    0,    0,    0,    0,    0,    0,    0,    0,    0,    0,    0,    0,    0,    0,    0,  -13,    0,  -10,    0,    0,    0,    0,    0,    0,    0,    0,    0,    0,    0,    0,    0,    0,    0,    0,    0,    0,    0,    0,    0,    0,    0,    0,    0,    0,    0,    0,    0,    0,    0,    0,    0,    0,    0,    0,    0,    0,    0,    0,    0,    0,    0,    0,    0,    0,    0,    0,    0,    0,    0,    0,    0,    0,    0,    0,    0,    0,    0,    0,    0,    0,    0,    0,    0,    0,    0,    0,    0,    0,    0,    0,    0,    0,    0,    0,
       0,    0,    0,    0,    0,    0,    0,    0,    0,    0,    0,  -14,    0,    0,  -25,    0,    0,    0,    0,    0,    0,    0,    0,  -12,   -6,   -6,    0,    0,    0,   -9,   -5,    0,    0,    0,   -5,    0,   -5,   -5,    0,   -5,    0,    0,    0,    0,    0,    0,    0,    0,    0,    0,    0,    0,    0,    0,  -23,   -5,   -5,   -5,   -5,    0,   -5,   -5,   -5,   -5,    0,    0,   -7,    0,    0,    0,    0,    0,    0,    0,    0,    0,    0,    0,    0,    0,    0,    0,    0,    0,    0,    0,    0,    0,    0,    0,    0,    0,    0,    0,    0,    0,    0,    0,    0,    0,    0,    0,    0,    0,    0,    0,    0,    0,    0,    0,    0,    0,    0,    0,    0,    0,    0,    0,    0,    0,    0,    0,    0,    0,    0,    0,    0,    0,    0,    0,    0,    0,    0,    0,    0,    0,    0,    0,    0,    0,    0,    0,    0,    0,    0,    0,
       0,    0,    0,    0,    0,    0,    0,    0,    0,    0,    0,    0,    0,    0,    0,    0,    0,    0,    0,    0,    0,   -6,    0,    0,   -8,    0,    0,    0,    0,    0,    0,    0,    0,    0,    0,    0,    0,    0,    0,    0,    0,    0,    0,    0,    0,    0,    0,    0,    0,    0,    0,    0,    0,    0,    0,    0,    0,    0,    0,    0,    0,    0,    0,   -5,    0,    0,    0,    0,   -6,    0,    0,    0,    0,    0,    0,    0,    0,    0,    0,    0,    0,    0,    0,    0,    0,    0,    0,    0,    0,    0,    0,    0,    0,    0,    0,    0,    0,    0,    0,    0,    0,    0,    0,    0,    0,    0,    0,    0,    0,    0,    0,    0,    0,    0,    0,    0,    0,    0,    0,    0,    0,    0,    0,    0,    0,    0,    0,    0,    0,    0,    0,    0,    0,    0,    0,    0,    0,    0,    0,    0,    0,    0,    0,    0,    0,    0,
       0,   -6,   -8,    0,   -5,    4,    0,    0,    0,    0,   -6,    0,    0,    0,    0,    0,    0,    0,    0,    0,    0,    0,    0,    0,    0,    0,   -7,    0,  -17,    0,    0,    0,    0,    0,    0,    0,    0,    0,    0,    0,    0,    0,    0,    0,    0,    0,    0,    0,    0,    0,   -8,   -9,   -9,    0,    0,    0,    0,    0,    0,    0,    0,    0,    0,    0,    0,    0,    0,    0,    0,    0,    0,  -11,    0,    6,    0,    0,    7,    0,    0,    0,    0,  -11,  -11,    0,    0,    0,    0,    0,   -6,    0,    0,    0,   -6,    0,    0,    0,    0,   -7,    0,   -6,   -6,  -10,   -7,    4,   -7,    0,   -6,    0,    0,    0,    0,    0,    0,    0,    0,    0,   -6,    0,   -9,   -4,    0,  -10,    0,    0,    0,    0,   -8,    0,    0,    0,   -7,    0,    0,    0,    0,    0,    0,    0,    0,    0,    0,    0,   -5,    0,    0,    0,
      -5,  -15,    0,   -7,  -12,   -5,    6,   -6,   -5,   -4,    0,    0,    0,    0,    0,    0,    0,    0,    0,    0,    0,    0,    0,    0,    0,    0,   -7,    0,  -16,    0,    0,    0,    0,    0,    0,    0,    0,    0,    0,    0,    0,    0,    0,    0,    0,    0,    0,    0,    0,    0,    0,  -10,    0,    0,    0,    0,    0,    0,    0,    0,    0,    0,    0,    0,    0,    0,    0,    0,    0,    0,    0,    0,    0,    0,    0,   -4,    0,    0,   -8,    0,    0,    0,    0,   -7,   -9,    0,   -8,    0,    0,    0,    0,    0,    0,   -7,   -4,    0,    0,    0,    0,    0,  -14,   -6,    0,   -6,    0,    0,  -14,    0,    0,    0,    0,    0,    0,    0,    0,    0,  -13,   -4,    0,    0,    0,   -6,    0,   -7,    0,    0,    0,    0,   -4,    0,  -12,   -4,    0,    0,    0,    0,    0,    0,    0,    0,    0,    0,    0,    0,    0,    0,
       0,    0,  -11,    5,    0,  -30,  -20,  -34,  -34,    9,  -20,    0,    0,    0,    0,    0,    0,    0,    0,    0,    0,    0,    0,    0,    0,    0,    0,    0,  -13,    0,    0,    0,    0,    0,    0,    0,    0,    0,    0,    0,    0,    0,    0,    0,    0,    0,    0,    0,    0,    0,  -10,    0,  -34,  -30,    0,    0,    0,    0,    0,    0,    0,    0,    0,    0,    0,    0,    0,    0,    0,    0,   10,  -11,    0,  -44,  -26,    8,  -26,  -26,    0,    0,    0,  -11,  -11,    6,    0,    7,    0,  -39,    0,  -36,  -37,  -46,  -46,  -30,  -32,  -45,  -42,  -46,  -37,  -46,  -25,  -25,  -32,  -26,  -30,  -37,  -25,  -31,  -44,   11,  -46,  -42,    0,   17,    0,   11,    0,  -30,   -9,  -48,    0,  -25,    0,    0,  -37,  -39,    0,  -39,  -53,    0,  -26,  -45,    0,    0,    0,    0,    0,    0,    0,    0,    0,    0,    0,    0,  -27,    0,
       0,    0,   -9,    0,    0,    9,  -12,    0,    0,    6,   -7,    0,    0,    0,    0,    0,    0,    0,    0,    0,    0,    0,    0,    0,    0,    0,   -4,    0,    0,    0,    0,    0,    0,    0,    0,    0,    0,    0,    0,    0,    0,    0,    0,    0,    0,    0,    0,    0,    0,    0,  -11,    0,  -18,    0,    0,    0,    0,    0,    0,    0,    0,    0,    0,    0,    0,    0,    0,    0,    0,    0,    7,   -8,    0,    8,    7,    0,    9,    7,    0,    0,    0,   -8,   -8,    5,    0,    0,    0,    0,   -6,    0,    0,    7,   -6,    6,    0,    8,    0,   -6,    0,   -6,  -13,   -6,   -6,    6,  -19,    0,  -13,    0,    0,    8,    0,    0,    0,    0,    0,    8,    0,    0,  -12,   -4,    7,   -6,    0,    0,  -20,    0,   -5,    0,    0,    0,  -14,    0,    0,    0,    0,    0,    0,    0,    0,    0,    0,    0,    0,    5,    7,    0,
       0,   -5,    0,    0,   -7,    0,    0,    0,    0,    0,    0,    0,    0,    0,    0,    0,    0,    0,    0,    0,    0,    0,    0,    0,    0,    0,    0,    0,    0,    0,    0,    0,    0,    0,    0,    0,    0,    0,    0,    0,    0,    0,    0,    0,    0,    0,    0,    0,    0,    0,    0,    0,    0,    0,    0,    0,    0,    0,    0,    0,    0,    0,    0,    0,    0,    0,    0,    0,    0,    0,    0,    0,    0,    0,    0,    0,    0,    0,    0,    0,    0,    0,    0,    0,    0,    0,    0,    0,    0,    0,    0,    0,    0,    0,    0,    0,    0,    0,    0,    0,  -18,   -6,    0,    0,    0,    0,  -13,    0,    0,    0,    0,    0,    0,    0,    0,    0,  -10,    0,    0,    0,    0,   -6,    0,    0,    0,    0,    0,    0,    0,    0,   -8,    0,    0,    0,    0,    0,    0,    0,    0,    0,    0,    0,    0,    0,    0,    0,
      -6,  -30,   -8,   -9,  -14,    0,    0,    0,    0,  -12,   -5,    0,    0,    0,    0,    0,    0,    0,    0,    0,    0,    0,    0,    0,    0,    0,   -8,    0,  -21,    0,    0,    0,    0,    0,    0,    0,    0,    0,    0,    0,    0,    0,    0,    0,    0,    0,    0,    0,    0,    0,    0,  -14,    0,    0,    0,    0,    0,    0,    0,    0,    0,    0,    0,    0,    0,    0,    0,    0,    0,    0,  -20,   -5,    0,    0,    0,    0,    0,    0,    0,    0,    0,   -5,   -6,    0,  -12,    0,    0,    0,   -5,    0,    0,    0,    0,    0,    0,    0,    0,    0,    0,    0,  -15,   -9,    0,    0,    0,    0,  -14,    0,    0,   -6,    0,    0,   -8,   -8,   -8,   -6,  -15,   -4,   -5,    0,    0,   -8,   -5,   -8,    0,    0,   -4,    0,    0,    0,  -15,    0,    0,    0,    0,    0,    0,    0,    0,    0,    0,    0,    0,    0,    0,    0,
       0,    0,   -7,    0,  -13,    6,  -19,    7,    0,    4,   -8,    0,    0,    0,    0,    0,    0,    0,    0,    0,    0,    0,    0,    0,    0,    0,    0,    0,  -10,    0,    0,    0,    0,    0,    0,    0,    0,    0,    0,    0,    0,    0,    0,    0,    0,    0,    0,    0,    0,    0,   -8,    0,  -24,    0,    0,    0,    0,    0,    0,    0,    0,    0,    0,    0,    0,    0,    0,    0,    0,    0,    7,  -14,    0,   10,   10,    0,   14,   11,    9,    6,    0,  -14,  -14,   10,    0,    8,    7,    0,  -10,    0,    0,   11,   -8,   11,    0,   10,    0,   -8,    0,   -8,  -16,  -19,  -11,   11,  -24,    0,   -9,    8,    8,    8,   -8,    6,    0,    0,    0,    8,   -9,    0,  -17,   -8,    0,  -19,    0,  -15,  -24,    0,   -8,   -6,    0,    7,  -20,    0,    0,    0,    0,    0,    0,    0,    0,    0,    0,    0,    0,    0,    6,    0,
       0,    6,  -13,    6,    0,  -30,   -4,  -27,   -8,   10,  -15,    0,    0,    0,    0,    0,    0,    0,    0,    0,    0,    0,    0,    0,    0,    0,    0,    0,  -11,    0,    0,    0,    0,    0,    0,    0,    0,    0,    0,    0,    0,    0,    0,    0,    0,    0,    0,    0,    0,    0,  -10,    0,  -17,   -4,    0,    0,    0,    0,    0,    0,    0,    0,    0,    0,    0,    0,    0,    0,    0,    0,   11,   -7,    0,  -32,  -25,   10,  -25,  -24,    6,    0,   -2,   -7,   -7,    8,    0,    8,    0,  -10,   -7,   -7,   -8,  -25,  -15,    0,    0,  -25,  -12,  -15,   -8,  -15,    0,    0,  -16,    0,    0,   -8,    0,    0,  -12,   13,  -15,   -8,    0,   16,    0,   13,    0,    0,   -8,  -15,    0,    0,    0,    0,    0,  -10,    0,  -10,    0,    0,    0,    0,    0,    0,    0,    0,    0,    0,    0,    0,    0,    0,    8,   10,  -30,    0,
       0,  -31,   -8,    0,  -25,   10,    0,    7,    0,    0,   -6,    0,    0,    0,    0,    0,    0,    0,    0,    0,    0,    0,    0,    0,    0,    0,    0,    0,  -11,    0,    0,    0,    0,    0,    0,    0,    0,    0,    0,    0,    0,    0,    0,    0,    0,    0,    0,    0,    0,    0,   -8,   -4,   -8,    0,    0,    0,    0,    0,    0,    0,    0,    0,    0,    0,    0,    0,    0,    0,    0,    0,  -26,   -8,    6,   10,   10,    0,   13,   10,    9,    6,    0,   -8,   -8,   10,  -20,    8,    6,    0,   -6,    0,    0,   10,   -5,   11,    0,   10,    0,   -5,    0,   -5,  -15,   -6,   -5,   10,  -11,    0,  -10,    7,    8,    0,    0,    6,    0,    0,    0,    0,  -10,    0,   -9,    0,  -32,   -8,    0,  -14,   -7,    0,   -6,    0,    0,    8,  -14,    0,    0,    0,    0,    0,    0,    0,    0,    0,    0,    0,  -28,  -27,   10,    0,
       0,   -4,   -4,  -10,   -4,   -4,    0,   -8,   -4,   -8,    0,    0,    0,    0,    0,    0,    0,    0,    0,    0,    0,    0,    0,    0,    0,    0,   -5,    0,  -14,    0,    0,    0,    0,    0,    0,    0,    0,    0,    0,    0,    0,    0,    0,    0,    0,    0,    0,    0,    0,    0,    0,   -9,    0,    0,    0,    0,    0,    0,    0,    0,    0,    0,    0,    0,    0,    0,    0,    0,    0,    0,    0,    0,    0,    0,    0,   -5,    0,    0,   -8,    0,    0,    0,   -4,   -8,   -7,    0,   -6,    0,    0,    0,    0,    0,    0,    0,   -4,    0,    0,    0,    0,    0,    0,    0,    0,    0,    0,    0,    0,    0,    0,    0,    0,    0,    0,    0,   -4,    0,    0,    0,    0,    0,  -10,    0,    0,    0,    0,    0,    0,    0,   -4,    0,    0,   -4,    0,    0,    0,    0,    0,    0,    0,    0,    0,    0,    0,    0,    0,    0,
       0,   -5,    0,   10,   -7,    7,    0,   17,    0,    0,    0,    0,    0,    0,    0,    0,    0,    0,    0,    0,    0,    0,    0,    0,    0,    0,    0,    0,   10,    0,    0,    0,    0,    0,    0,    0,    0,    0,    0,    0,    0,    0,    0,    0,    0,    0,    0,    0,    0,    0,   -6,   10,   -6,    0,    0,    0,    0,    0,    0,    0,    0,    0,    0,    0,    0,    0,    0,    0,    0,    0,    0,   -7,    0,   10,    9,    0,   10,    8,    7,    6,    0,   -7,  -10,    7,  -11,    7,    0,    0,    0,    0,    0,    8,    0,    8,    0,    9,    0,    0,    0,    0,    0,   12,    0,    8,   -8,    0,    0,    0,    6,    0,    0,    0,    0,    0,   26,    0,    0,    0,  -10,    0,    0,    0,    0,    0,    0,    0,   -4,    0,    0,    7,   12,    0,    0,    0,    0,    0,    0,    0,    0,    0,    0,    0,    0,    0,    0,    0,
       0,   -5,   -5,  -10,    0,    0,    0,   -6,   -4,   -5,    0,    0,    0,    0,    0,    0,    0,    0,    0,    0,    0,    0,    0,    0,    0,    0,   -5,    0,  -15,    0,    0,    0,    0,    0,    0,    0,    0,    0,    0,    0,    0,    0,    0,    0,    0,    0,    0,    0,    0,    0,    0,  -11,    0,    0,    0,    0,    0,    0,    0,    0,    0,    0,    0,    0,    0,    0,    0,    0,    0,    0,    0,    0,    0,    0,    0,   -4,    0,    0,   -6,    0,    0,    0,   -5,   -6,   -6,    0,   -6,    0,    0,    0,    0,    0,    0,    0,    0,    0,    0,    0,    0,    0,    0,    0,    0,    0,    0,    0,    0,    0,    0,    0,    0,    0,    0,    0,   -4,    0,    0,    0,    0,    0,    0,    0,    0,    0,    0,    0,    0,    0,    0,    0,    0,    0,    0,    0,    0,    0,    0,    0,    0,    0,    0,    0,    0,    0,    0,    0,
       0,   -6,   -6,   -8,   -6,    0,    0,    0,    0,   -5,   -5,    0,    0,    0,    0,    0,    0,    0,    0,    0,    0,    0,    0,    0,    0,    0,   -4,    0,  -14,    0,    0,    0,    0,    0,    0,    0,    0,    0,    0,    0,    0,    0,    0,    0,    0,    0,    0,    0,    0,    0,    0,   -9,    0,    0,    0,    0,    0,    0,    0,    0,    0,    0,    0,    0,    0,    0,    0,    0,    0,    0,    0,    0,    0,    0,    0,   -2,    0,    0,    0,    0,    0,    0,    0,    0,    0,    0,    0,    0,    0,    0,    0,    0,    0,    0,    0,    0,    0,    0,    0,    0,    0,    0,   -4,    0,   -5,    0,    0,    0,    0,    0,    0,    0,    0,    0,    0,    0,    0,    0,    0,    0,   -3,    0,    0,    0,    0,    0,    0,    0,    0,    0,    0,    0,    0,    0,    0,    0,    0,    0,    0,    0,    0,    0,    0,    0,    0,    0,
      -6,   -9,   -5,  -11,    0,  -13,    6,  -17,    0,  -14,   -4,    0,    0,    0,    0,    0,    0,    0,    0,    0,    0,    0,    0,    0,    0,    0,   -4,    0,  -17,    0,    0,    0,    0,    0,    0,    0,    0,    0,    0,    0,    0,    0,    0,    0,    0,    0,    0,    0,    0,    0,    0,  -12,    0,    0,    0,    0,    0,    0,    0,    0,    0,    0,    0,    0,    0,    0,    0,    0,    0,    0,  -11,    0,    0,   -9,   -9,  -14,   -8,   -8,  -19,  -12,    0,    0,    0,  -10,    0,  -12,    0,   -5,    0,    0,    0,  -10,    0,   -4,   -5,  -11,    0,    0,    0,    0,    0,    0,    0,    0,    0,    0,    0,    0,    0,   -4,    0,    0,   -5,   -5,   -6,    0,    0,    0,    0,    0,  -16,    0,    0,    0,    0,    0,    0,    0,   -5,  -11,    0,   -5,    0,    0,    0,    0,    0,    0,    0,    0,    0,    0,   -6,   -4,  -12,    0,
      -4,    0,   -5,  -10,    0,  -36,    0,  -25,    0,    0,    0,    0,    0,    0,    0,    0,    0,    0,    0,    0,    0,    0,    0,    0,    0,    0,   -6,    0,  -16,    0,    0,    0,    0,    0,    0,    0,    0,    0,    0,    0,    0,    0,    0,    0,    0,    0,    0,    0,    0,    0,    0,  -10,   -7,    0,    0,    0,    0,    0,    0,    0,    0,    0,    0,    0,    0,    0,    0,    0,    0,    0,    0,    0,    0,  -37,  -29,    0,  -20,  -28,  -11,   -6,    0,    0,    0,   -7,    0,    0,    0,   -8,    0,    0,    0,  -18,    0,    0,    0,  -19,   -5,    0,    0,    0,    0,    4,    0,    0,    0,    0,    0,    0,    0,    0,    0,    0,    0,    0,    0,    0,    0,    6,    0,    0,    0,    4,    0,    6,    0,   -5,    0,    0,    0,    0,    0,    0,    0,    0,    0,    0,    0,    0,    0,    0,    0,    0,    0,    4,  -46,    0,
       0,    0,  -11,    5,    0,  -30,  -20,  -34,  -34,    9,  -20,    0,    0,    0,    0,    0,    0,    0,    0,    0,    0,    0,    0,    0,    0,    0,    0,    0,  -13,    0,    0,    0,    0,    0,    0,    0,    0,    0,    0,    0,    0,    0,    0,    0,    0,    0,    0,    0,    0,    0,  -10,    0,  -34,  -30,    0,    0,    0,    0,    0,    0,    0,    0,    0,    0,    0,    0,    0,    0,    0,    0,   10,  -11,    0,  -26,  -26,    8,  -26,  -26,    0,    0,    0,  -11,  -11,    6,    0,    7,    0,  -18,    0,  -30,  -30,  -28,  -22,  -28,  -33,  -27,  -30,  -22,  -16,  -22,  -25,   -9,  -22,   -7,  -30,  -30,  -25,  -31,  -30,   11,  -31,  -31,    0,   17,    0,   11,    0,  -27,   -9,  -31,   12,   -9,    0,    0,  -27,  -32,    0,  -32,  -54,    0,  -26,  -45,    0,    0,    0,    0,    0,    0,    0,    0,    0,    0,    0,    0,  -27,    0,
      -6,   -9,   -5,  -11,    0,  -13,    0,  -17,    0,  -14,   -4,    0,    0,    0,    0,    0,    0,    0,    0,    0,    0,    0,    0,    0,    0,    0,   -4,    0,  -17,    0,    0,    0,    0,    0,    0,    0,    0,    0,    0,    0,    0,    0,    0,    0,    0,    0,    0,    0,    0,    0,    0,  -12,    0,    0,    0,    0,    0,    0,    0,    0,    0,    0,    0,    0,    0,    0,    0,    0,    0,    0,  -11,    0,    0,  -22,  -23,  -15,   -8,  -22,  -24,  -18,    0,    0,    0,  -10,    0,  -16,    0,   -7,    0,   -6,   -5,  -16,    0,   -4,   -4,  -17,   -7,    0,   -6,    0,    0,    0,    0,    0,    0,   -5,    0,    0,    0,   -6,    0,    0,   -6,   -6,   -6,   -6,    0,    0,    0,    0,    0,    0,   -6,    0,    0,   -7,    0,    0,   -4,  -23,    0,   -4,    0,    0,    0,    0,    0,    0,    0,    0,    0,    0,   -6,   -4,  -12,    0,
       0,    0,  -10,    0,  -10,    5,  -11,    4,    0,    0,  -10,    0,    0,    0,    0,    0,    0,    0,    0,    0,    0,    0,    0,    0,    0,    0,    0,    0,  -14,    0,    0,    0,    0,    0,    0,    0,    0,    0,    0,    0,    0,    0,    0,    0,    0,    0,    0,    0,    0,    0,  -10,    0,  -19,    0,    0,    0,    0,    0,    0,    0,    0,    0,    0,    0,    0,    0,    0,    0,    0,    0,    5,  -10,    0,    0,    0,    0,   11,    0,    0,    0,    0,  -10,  -10,    7,    0,    0,    0,    0,  -11,    0,    0,    8,   -7,    8,    0,    8,    0,   -7,    0,   -7,  -12,   -3,   -7,    8,  -18,    0,  -12,    0,    0,    7,   -8,    0,    0,    0,    0,    7,  -11,    0,    0,   -9,    8,   -4,    0,    0,  -19,    0,    0,   -7,    0,    0,  -13,    0,    0,    0,    0,    0,    0,    0,    0,    0,    0,    0,    0,    0,    4,    0,
       0,   -5,    0,   10,   -7,    7,    0,   17,    0,    0,    0,    0,    0,    0,    0,    0,    0,    0,    0,    0,    0,    0,    0,    0,    0,    0,    0,    0,   10,    0,    0,    0,    0,    0,    0,    0,    0,    0,    0,    0,    0,    0,    0,    0,    0,    0,    0,    0,    0,    0,   -6,   10,   -6,    0,    0,    0,    0,    0,    0,    0,    0,    0,    0,    0,    0,    0,    0,    0,    0,    0,    0,   -7,    0,   10,    9,    0,   10,    8,    7,    6,    0,   -7,  -10,    7,  -11,    7,    0,    0,    0,    0,    0,    8,    0,    8,    0,    9,    0,    0,    0,    0,    0,   12,    0,    8,   -8,    0,    0,    0,    6,    0,    0,    0,    0,    0,   28,    0,    0,    0,  -10,    0,    0,    0,    0,    0,    0,    0,   -4,    0,    0,    7,   12,    0,    0,    0,    0,    0,    0,    0,    0,    0,    0,    0,    0,    0,    0,    0,
      -6,   -9,   -5,  -11,    0,  -13,    6,  -17,    0,  -14,   -4,    0,    0,    0,    0,    0,    0,    0,    0,    0,    0,    0,    0,    0,    0,    0,   -4,    0,  -17,    0,    0,    0,    0,    0,    0,    0,    0,    0,    0,    0,    0,    0,    0,    0,    0,    0,    0,    0,    0,    0,    0,  -12,    0,    0,    0,    0,    0,    0,    0,    0,    0,    0,    0,    0,    0,    0,    0,    0,    0,    0,  -11,    0,    0,   -9,   -8,  -14,   -8,   -8,  -18,  -12,    0,    0,    0,  -10,    0,  -11,    0,    0,    0,    0,    0,   -9,    0,    0,   -4,  -10,    0,    0,    0,    0,    0,    0,    0,    0,    0,    0,    0,    0,    0,    0,    0,    0,   -5,   -5,   -6,    0,    0,    0,    0,    0,    0,    0,    0,    0,    0,    0,    0,    0,   -4,  -11,    0,   -4,    0,    0,    0,    0,    0,    0,    0,    0,    0,    0,   -6,   -4,  -12,    0,
       0,  -11,    0,  -10,   -8,    0,    0,    0,    0,  -11,    0,    0,    0,    0,    0,    0,    0,    0,    0,    0,    0,    0,    0,    0,    0,    0,    0,    0,  -12,    0,    0,    0,    0,    0,    0,    0,    0,    0,    0,    0,    0,    0,    0,    0,    0,    0,    0,    0,    0,    0,    0,   -8,    0,    0,    0,    0,    0,    0,    0,    0,    0,    0,    0,    0,    0,    0,    0,    0,    0,    0,    0,    0,    0,    0,    0,    0,    0,    0,    0,    0,    0,    0,    0,    0,    0,    0,    0,    0,    0,    0,    0,    0,    0,    0,    0,    0,    0,    0,    0,    0,    0,   -6,    0,    0,    0,    0,    0,    0,    0,    0,    0,    0,    0,    0,    0,    0,    0,    0,    0,    0,    0,   -6,    0,    0,    0,    0,    0,    0,    0,    0,    0,    0,    0,    0,    0,    0,    0,    0,    0,    0,    0,    0,    0,  -10,    0,    0,
      -5,   -9,   -4,    0,   -8,   -8,    7,   -8,   -7,    0,    0,    0,    0,    0,    0,    0,    0,    0,    0,    0,    0,    0,    0,    0,    0,    0,   -7,    0,    0,    0,    0,    0,    0,    0,    0,    0,    0,    0,    0,    0,    0,    0,    0,    0,    0,    0,    0,    0,    0,    0,    0,    0,    0,    0,    0,    0,    0,    0,    0,    0,    0,    0,    0,    0,    0,    0,    0,    0,    0,    0,    0,    0,    0,    0,    0,    0,    0,    0,    0,    0,    0,    0,    0,    0,    0,    0,    0,    0,    0,    0,    0,    0,    0,   -9,   -6,    0,    0,    0,    0,    0,    0,    0,    0,   -5,    0,    0,    0,    0,    0,    0,    0,    0,    0,    0,    0,    0,    0,    0,    0,    0,    0,    0,    0,    0,    0,    0,    0,    0,   -6,    0,    0,   -6,    0,    0,    0,    0,    0,    0,    0,    0,    0,    0,    0,    0,    0,    0,
       0,  -14,    0,   -9,   -6,    0,    0,    0,    0,   -8,    0,    0,    0,    0,    0,    0,    0,    0,    0,    0,    0,    0,    0,    0,    0,    0,    0,    0,  -11,    0,    0,    0,    0,    0,    0,    0,    0,    0,    0,    0,    0,    0,    0,    0,    0,    0,    0,    0,    0,    0,    0,   -7,    0,    0,    0,    0,    0,    0,    0,    0,    0,    0,    0,    0,    0,    0,    0,    0,    0,    0,    0,    0,    0,    0,    0,    0,    0,    0,    0,    0,    0,    0,    0,    0,    0,    0,    0,    0,    0,    0,    0,    0,    0,    0,    0,    0,    0,    0,    0,    0,    0,    0,    0,    0,    0,    0,    0,    0,    0,    0,    0,    0,    0,    0,    0,    0,    0,    0,    0,    0,    0,    0,    0,    0,    0,    0,    0,    0,    0,    0,    0,    0,    0,    0,    0,    0,    0,    0,    0,    0,    0,    0,    0,    0,    0,    0,
       0,    0,    0,   -6,    0,  -32,  -22,  -18,    0,  -20,    0,    0,    0,    0,    0,    0,    0,    0,    0,    0,    0,    0,    0,    0,    0,    0,    0,    0,  -10,    0,    0,    0,    0,    0,    0,    0,    0,    0,    0,    0,    0,    0,    0,    0,    0,    0,    0,    0,    0,    0,   -7,   -4,   -8,    0,    0,    0,    0,    0,    0,    0,    0,    0,    0,    0,    0,    0,    0,    0,    0,    0,    0,    0,    0,    0,    0,    0,    0,    0,    0,    0,    0,    0,    0,    0,    0,    0,    0,    0,    0,    0,    0,  -18,    0,    0,    0,  -15,    0,    0,    0,    0,    9,    9,    0,    7,    0,    0,    9,    0,    0,    0,    0,    0,    0,    0,    0,    0,    0,    9,    0,    0,    0,    9,    0,    0,    9,    0,    0,    0,    0,    0,    8,    0,    0,    0,    0,    0,    0,    0,    0,    0,    0,    0,    0,    0,    0,    0,
       0,  -12,    0,   10,    0,    0,    0,   14,    0,    0,    0,    0,    0,    0,    0,    0,    0,    0,    0,    0,    0,    0,    0,    0,    0,    0,    0,    0,    9,    0,    0,    0,    0,    0,    0,    0,    0,    0,    0,    0,    0,    0,    0,    0,    0,    0,    0,    0,    0,    0,    0,    9,    0,    0,    0,    0,    0,    0,    0,    0,    0,    0,    0,    0,    0,    0,    0,    0,    0,    0,    0,    0,    0,    0,    0,    0,    0,    0,    0,    0,    0,    0,    0,    0,    0,    0,    0,    0,    0,    0,    0,    8,    0,    8,    0,    8,    0,    0,    0,    0,    0,   10,   -4,    8,   -5,    0,    0,    0,    0,    0,    0,    0,    0,    0,    0,    0,    0,    0,    0,    0,    0,    0,    0,    0,    0,    0,    0,    0,    0,    0,   12,    0,    0,    0,    0,    0,    0,    0,    0,    0,    0,    0,    0,    0,    0,    0,
       0,  -10,    0,  -11,   -7,   -5,    6,   -4,   -5,  -12,    0,    0,    0,    0,    0,    0,    0,    0,    0,    0,    0,    0,    0,    0,    0,    0,   -4,    0,  -12,    0,    0,    0,    0,    0,    0,    0,    0,    0,    0,    0,    0,    0,    0,    0,    0,    0,    0,    0,    0,    0,    0,   -9,    0,    0,    0,    0,    0,    0,    0,    0,    0,    0,    0,    0,    0,    0,    0,    0,    0,    0,    0,    0,    0,    0,    0,    0,    0,    0,    0,    0,    0,    0,    0,    0,    0,    0,    0,    0,    0,    0,    0,    0,    0,    0,   -5,    0,    0,    0,    0,    0,    0,   -5,    0,    0,    0,    0,    0,    0,    0,    0,    0,    0,    0,    0,    0,    0,    0,    0,    0,    0,    0,   -5,    0,    0,    0,    0,    0,    0,   -5,    0,    0,   -5,    0,    0,    0,    0,    0,    0,    0,    0,    0,    0,    0,  -10,    0,    0,
       0,   -4,   -7,    0,    0,    0,  -11,    4,    0,    0,   -8,    0,    0,    0,    0,    0,    0,    0,    0,    0,    0,    0,    0,    0,    0,    0,    0,    0,  -10,    0,    0,    0,    0,    0,    0,    0,    0,    0,    0,    0,    0,    0,    0,    0,    0,    0,    0,    0,    0,    0,   -8,    0,  -14,    0,    0,    0,    0,    0,    0,    0,    0,    0,    0,    0,    0,    0,    0,    0,    0,    0,    0,    0,    0,    0,    0,    0,    0,    0,    0,    0,    0,    0,    0,    0,    0,    0,    0,    0,    0,    0,    0,    9,  -10,    9,    0,    8,    0,  -12,    0,  -10,    0,    0,  -12,    8,    0,    0,    0,    0,    6,    0,   -9,    0,    0,    0,    0,    0,    0,    0,    0,   -9,    0,    0,    0,    0,    0,    0,    0,   -4,    0,    0,    0,    0,    0,    0,    0,    0,    0,    0,    0,    0,    0,    0,    0,    0,    0,    0,
       0,  -15,    0,  -10,   -7,    0,    0,    0,    0,  -10,    0,    0,    0,    0,    0,    0,    0,    0,    0,    0,    0,    0,    0,    0,    0,    0,    0,    0,  -13,    0,    0,    0,    0,    0,    0,    0,    0,    0,    0,    0,    0,    0,    0,    0,    0,    0,    0,    0,    0,    0,    0,   -9,    0,    0,    0,    0,    0,    0,    0,    0,    0,    0,    0,    0,    0,    0,    0,    0,    0,    0,    0,    0,    0,    0,    0,    0,    0,    0,    0,    0,    0,    0,    0,    0,    0,    0,    0,    0,    0,    0,    0,    0,    0,    0,    0,    0,    0,    0,    0,    0,    0,    0,    0,    0,    0,    0,    0,    0,    0,    0,    0,    0,    0,    0,    0,    0,    0,    0,    0,    0,    0,    0,    0,    0,    0,    0,    0,    0,    0,    0,    0,    0,    0,    0,    0,    0,    0,    0,    0,    0,    0,    0,    0,    0,    0,    0,
       0,    0,   -6,    0,    0,    0,  -11,    4,    0,    0,   -8,    0,    0,    0,    0,    0,    0,    0,    0,    0,    0,    0,    0,    0,    0,    0,    0,    0,  -10,    0,    0,    0,    0,    0,    0,    0,    0,    0,    0,    0,    0,    0,    0,    0,    0,    0,    0,    0,    0,    0,   -8,    0,  -14,    0,    0,    0,    0,    0,    0,    0,    0,    0,    0,    0,    0,    0,    0,    0,    0,    0,    0,    0,    0,    0,    0,    0,    0,    0,    0,    0,    0,    0,    0,    0,    0,    0,    0,    0,    0,    0,    0,    9,  -10,    9,    0,    8,    0,  -12,    0,  -10,    0,    0,  -12,    8,    0,    0,    0,    0,    6,    0,   -9,    0,    0,    0,    0,    0,    0,    0,    0,  -10,    0,    0,    0,    0,    0,    0,    0,    0,    0,    0,    0,    0,    0,    0,    0,    0,    0,    0,    0,    0,    0,    0,    0,    0,    0,    0,
       0,  -13,    0,  -11,   -8,   -8,    7,   -9,   -7,  -12,    0,    0,    0,    0,    0,    0,    0,    0,    0,    0,    0,    0,    0,    0,    0,    0,    0,    0,  -12,    0,    0,    0,    0,    0,    0,    0,    0,    0,    0,    0,    0,    0,    0,    0,    0,    0,    0,    0,    0,    0,    0,   -8,    0,    0,    0,    0,    0,    0,    0,    0,    0,    0,    0,    0,    0,    0,    0,    0,    0,    0,    0,    0,    0,    0,    0,    0,    0,    0,    0,    0,    0,    0,    0,    0,    0,    0,    0,    0,    0,    0,    0,    0,    0,   -9,   -7,    0,    0,    0,    0,    0,    0,   -6,    0,   -7,    0,    0,    0,   -4,    0,    0,    0,    0,    0,    0,    0,    0,    0,    0,    0,    0,    0,   -6,    0,    0,    0,    0,    0,    0,   -7,    0,    0,   -7,    0,    0,    0,    0,    0,    0,    0,    0,    0,    0,   -9,  -11,    0,    0,
       0,  -13,   -4,  -11,   -8,   -8,    7,   -9,   -7,  -11,    0,    0,    0,    0,    0,    0,    0,    0,    0,    0,    0,    0,    0,    0,    0,    0,   -8,    0,  -12,    0,    0,    0,    0,    0,    0,    0,    0,    0,    0,    0,    0,    0,    0,    0,    0,    0,    0,    0,    0,    0,    0,   -8,    0,    0,    0,    0,    0,    0,    0,    0,    0,    0,    0,    0,    0,    0,    0,    0,    0,    0,    0,    0,    0,    0,    0,    0,    0,    0,    0,    0,    0,    0,    0,    0,    0,    0,    0,    0,    0,    0,    0,    0,    0,   -9,   -6,    0,    0,    0,    0,    0,    0,   -6,    0,   -7,    0,    0,    0,    0,    0,   -4,    0,    0,    0,    0,    0,    0,    0,    0,    0,    0,    0,   -6,    0,    0,    0,    0,    0,    0,   -6,    0,    0,   -6,    0,    0,    0,    0,    0,    0,    0,    0,    0,    0,   -9,  -11,    0,    0,
       0,    0,    0,    0,    0,    4,  -13,    0,    0,    0,    0,    0,    0,    0,    0,    0,    0,    0,    0,    0,    0,    0,    0,    0,    0,    0,    0,    0,  -11,    0,    0,    0,    0,    0,    0,    0,    0,    0,    0,    0,    0,    0,    0,    0,    0,    0,    0,    0,    0,    0,   -8,   -5,  -12,    0,    0,    0,    0,    0,    0,    0,    0,    0,    0,    0,    0,    0,    0,    0,    0,    0,    0,    0,    0,    0,    0,    0,    0,    0,    0,    0,    0,    0,    0,    0,    0,    0,    0,    0,    0,    0,    0,    8,    0,    8,    0,    8,    0,   -5,    0,    0,    6,    4,   -5,    6,    0,    0,    6,    0,    0,    0,    0,    0,    0,    0,    0,    0,    0,    0,    0,    0,    0,    4,    0,    0,    0,    0,    0,    0,    0,    0,    0,    0,    0,    0,    0,    0,    0,    0,    0,    0,    0,    0,    0,    0,    0,    0,
       0,    0,    0,   -5,    0,  -20,  -12,  -18,    0,  -20,    0,    0,    0,    0,    0,    0,    0,    0,    0,    0,    0,    0,    0,    0,    0,    0,    0,    0,  -10,    0,    0,    0,    0,    0,    0,    0,    0,    0,    0,    0,    0,    0,    0,    0,    0,    0,    0,    0,    0,    0,   -7,   -4,   -8,    0,    0,    0,    0,    0,    0,    0,    0,    0,    0,    0,    0,    0,    0,    0,    0,    0,    0,    0,    0,    0,    0,    0,    0,    0,    0,    0,    0,    0,    0,    0,    0,    0,    0,    0,    0,    0,    0,  -14,    0,    0,    0,  -15,    0,    0,    0,    0,    9,    9,    0,    7,    0,    0,    9,    0,    0,    0,    0,    0,    0,    0,    0,    0,    0,    9,    0,    0,    0,    9,    0,    0,    9,    0,    0,    0,    0,    0,    8,    0,    0,    0,    0,    0,    0,    0,    0,    0,    0,    0,    0,    0,    0,    0,
       0,    0,    0,   -6,    0,   -9,    0,  -12,    0,  -13,    0,    0,    0,    0,    0,    0,    0,    0,    0,    0,    0,    0,    0,    0,    0,    0,    0,    0,  -11,    0,    0,    0,    0,    0,    0,    0,    0,    0,    0,    0,    0,    0,    0,    0,    0,    0,    0,    0,    0,    0,    0,   -4,    0,    0,    0,    0,    0,    0,    0,    0,    0,    0,    0,    0,    0,    0,    0,    0,    0,    0,    0,    0,    0,    0,    0,    0,    0,    0,    0,    0,    0,    0,    0,    0,    0,    0,    0,    0,    0,    0,    0,  -10,   -5,    0,    0,  -11,    0,   -5,    0,   -5,    8,    7,   -5,    5,    0,    0,    8,    0,    0,    0,    0,    0,    0,    0,    0,    0,    0,    7,    0,    0,    0,    7,    0,    0,    0,    0,    0,    0,    0,    0,    8,    0,    0,    0,    0,    0,    0,    0,    0,    0,    0,    0,    0,    4,  -12,    0,
      -8,  -13,    0,  -11,   -8,  -10,    7,   -9,   -9,  -12,    0,    0,    0,    0,    0,    0,    0,    0,    0,    0,    0,    0,    0,    0,    0,    0,   -7,    0,  -12,    0,    0,    0,    0,    0,    0,    0,    0,    0,    0,    0,    0,    0,    0,    0,    0,    0,    0,    0,    0,    0,    0,   -8,    0,    0,    0,    0,    0,    0,    0,    0,    0,    0,    0,    0,    0,    0,    0,    0,    0,    0,    0,    0,    0,    0,    0,    0,    0,    0,    0,    0,    0,    0,    0,    0,    0,    0,    0,    0,    0,    0,    0,    0,    0,  -11,   -9,   -5,    0,    0,    0,    0,    0,   -6,    0,   -7,    0,    0,    0,   -6,    0,   -4,    0,    0,    0,    0,    0,    0,    0,    0,    0,    0,    0,    0,    0,    0,    0,    0,    0,    0,   -9,    0,   -4,   -9,    0,    0,    0,    0,    0,    0,    0,    0,    0,    0,   -9,  -11,    0,    0,
       0,    0,   -6,    0,    0,    0,   -6,    0,    0,   -4,   -5,    0,    0,    0,    0,    0,    0,    0,    0,    0,    0,    0,    0,    0,    0,    0,    0,    0,  -11,    0,    0,    0,    0,    0,    0,    0,    0,    0,    0,    0,    0,    0,    0,    0,    0,    0,    0,    0,    0,    0,   -8,   -4,  -12,    0,    0,    0,    0,    0,    0,    0,    0,    0,    0,    0,    0,    0,    0,    0,    0,    0,    0,    0,    0,    0,    0,    0,    0,    0,    0,    0,    0,    0,    0,    0,    0,    0,    0,    0,    0,    0,    0,    8,   -8,    9,    0,    8,    0,   -8,    0,   -8,    0,    0,   -8,    7,    0,    0,    0,    0,    0,    0,   -6,    0,    0,    0,    0,    0,    0,    0,    0,   -6,    0,    0,    0,    0,    0,    0,    0,    0,    0,    0,    0,    0,    0,    0,    0,    0,    0,    0,    0,    0,    0,    0,    0,    0,    0,    0,
       0,  -12,    0,   10,    0,    0,    0,   14,    0,    0,    0,    0,    0,    0,    0,    0,    0,    0,    0,    0,    0,    0,    0,    0,    0,    0,    0,    0,    9,    0,    0,    0,    0,    0,    0,    0,    0,    0,    0,    0,    0,    0,    0,    0,    0,    0,    0,    0,    0,    0,    0,    9,    0,    0,    0,    0,    0,    0,    0,    0,    0,    0,    0,    0,    0,    0,    0,    0,    0,    0,    0,    0,    0,    0,    0,    0,    0,    0,    0,    0,    0,    0,    0,    0,    0,    0,    0,    0,    0,    0,    0,    8,    0,    8,    0,    8,    0,    0,    0,    0,    0,   10,   -4,    8,   -5,    0,    0,    0,    0,    0,    0,    0,    0,    0,   34,    0,    0,    0,    0,    0,    0,    0,    0,    0,    0,    0,    0,    0,    0,    0,   12,    0,    0,    0,    0,    0,    0,    0,    0,    0,    0,    0,    0,    0,    0,    0,
       0,  -32,    0,  -10,  -21,    0,    0,    0,    0,   -7,    0,    0,    0,    0,    0,    0,    0,    0,    0,    0,    0,    0,    0,    0,    0,    0,    0,    0,  -13,    0,    0,    0,    0,    0,    0,    0,    0,    0,    0,    0,    0,    0,    0,    0,    0,    0,    0,    0,    0,    0,    0,   -7,    0,    0,    0,    0,    0,    0,    0,    0,    0,    0,    0,    0,    0,    0,    0,    0,    0,    0,    0,    0,    0,    0,    0,    0,    0,    0,    0,    0,    0,    0,    0,    0,    0,    0,    0,    0,    0,    0,    0,    0,    0,    0,    0,    0,    0,    0,    0,    0,  -19,   -8,    0,    0,    0,    0,  -14,    0,    0,    0,    0,    0,    0,    0,    0,    0,    0,    0,    0,    0,    0,   -7,    0,    0,    0,    0,    0,    0,    0,    0,   -8,    0,    0,    0,    0,    0,    0,    0,    0,    0,    0,    0,    0,    0,    0,    0,
       0,  -13,    0,  -11,   -8,   -8,    7,   -9,   -6,  -12,    0,    0,    0,    0,    0,    0,    0,    0,    0,    0,    0,    0,    0,    0,    0,    0,    0,    0,  -12,    0,    0,    0,    0,    0,    0,    0,    0,    0,    0,    0,    0,    0,    0,    0,    0,    0,    0,    0,    0,    0,    0,   -8,    0,    0,    0,    0,    0,    0,    0,    0,    0,    0,    0,    0,    0,    0,    0,    0,    0,    0,    0,    0,    0,    0,    0,    0,    0,    0,    0,    0,    0,    0,    0,    0,    0,    0,    0,    0,    0,    0,    0,    0,    0,   -9,   -6,    0,    0,    0,    0,    0,    0,   -6,    0,   -7,    0,    0,    0,   -4,    0,    0,    0,    0,    0,    0,    0,    0,    0,    0,    0,    0,    0,    0,    0,    0,    0,    0,    0,    0,   -6,    0,    0,   -6,    0,    0,    0,    0,    0,    0,    0,    0,    0,    0,   -9,  -11,    0,    0,
       0,  -13,    0,  -11,   -8,   -8,    7,   -9,   -7,  -12,    0,    0,    0,    0,    0,    0,    0,    0,    0,    0,    0,    0,    0,    0,    0,    0,    0,    0,  -12,    0,    0,    0,    0,    0,    0,    0,    0,    0,    0,    0,    0,    0,    0,    0,    0,    0,    0,    0,    0,    0,    0,   -8,    0,    0,    0,    0,    0,    0,    0,    0,    0,    0,    0,    0,    0,    0,    0,    0,    0,    0,    0,    0,    0,    0,    0,    0,    0,    0,    0,    0,    0,    0,    0,    0,    0,    0,    0,    0,    0,    0,    0,    0,    0,   -9,   -7,    0,    0,    0,    0,    0,    0,   -6,    0,   -7,    0,    0,    0,   -4,    0,    0,    0,    0,    0,    0,    0,    0,    0,    0,    0,    0,    0,    0,    0,    0,    0,    0,    0,    0,   -7,    0,    0,   -7,    0,    0,    0,    0,    0,    0,    0,    0,    0,    0,   -9,  -11,    0,    0,
       0,  -23,   -8,    0,  -10,    0,    0,    0,    0,  -12,   -5,    0,    0,    0,    0,    0,    0,    0,    0,    0,    0,    0,    0,    0,    0,    0,   -5,    0,    0,    0,    0,    0,    0,    0,    0,    0,    0,    0,    0,    0,    0,    0,    0,    0,    0,    0,    0,    0,    0,    0,    0,    0,    0,    0,    0,    0,    0,    0,    0,    0,    0,    0,    0,    0,    0,    0,    0,    0,    0,    0,    0,    0,    0,    0,    0,    0,    0,    0,    0,    0,    0,    0,    0,    0,    0,    0,    0,    0,   -4,    0,    0,    0,    0,    0,    0,    0,    0,    0,    0,    0,    0,    0,    0,    0,    0,    0,    0,    0,    0,   -7,    0,    0,    0,    0,    0,    0,    0,    0,    0,    0,    0,    0,    0,    0,    0,    0,    0,    0,    0,    0,    0,    0,    0,    0,    0,    0,    0,    0,    0,    0,    0,    0,    0,    0,    0,    0,
       0,   -5,   -8,    0,    0,    0,   -6,    0,    0,   -6,   -5,    0,    0,    0,    0,    0,    0,    0,    0,    0,    0,    0,    0,    0,    0,    0,   -4,    0,  -14,    0,    0,    0,    0,    0,    0,    0,    0,    0,    0,    0,    0,    0,    0,    0,    0,    0,    0,    0,    0,    0,   -9,   -8,  -12,    0,    0,    0,    0,    0,    0,    0,    0,    0,    0,    0,    0,    0,    0,    0,    0,    0,    0,    0,    0,    0,    0,    0,    0,    0,    0,    0,    0,    0,    0,    0,    0,    0,    0,    0,    0,    0,    0,    0,   -4,    0,    0,    0,    0,   -4,    0,   -4,    0,    0,   -6,    0,    0,    0,    0,    0,    0,    0,   -4,    0,    0,    0,    0,    0,    0,    0,    0,   -4,    0,    0,    0,    0,    0,    0,    0,    0,    0,    0,    0,    0,    0,    0,    0,    0,    0,    0,    0,    0,    0,    0,    0,    0,    0,    0,
       0,   -9,    0,  -10,    0,    0,    0,    0,    0,   -8,    0,    0,    0,    0,    0,    0,    0,    0,    0,    0,    0,    0,    0,    0,    0,    0,    0,    0,  -14,    0,    0,    0,    0,    0,    0,    0,    0,    0,    0,    0,    0,    0,    0,    0,    0,    0,    0,    0,    0,    0,   -4,   -9,    0,    0,    0,    0,    0,    0,    0,    0,    0,    0,    0,    0,    0,    0,    0,    0,    0,    0,    0,    0,    0,    0,    0,    0,    0,    0,    0,    0,    0,    0,    0,    0,    0,    0,    0,    0,    0,    0,    0,    0,    0,    0,    0,    0,    0,    0,    0,    0,    0,    0,    0,    0,    0,    0,    0,    0,    0,    0,    0,    0,    0,    0,    0,    0,    0,    0,    0,    0,    0,    0,    0,    0,    0,    0,    0,    0,    0,    0,    0,    0,    0,    0,    0,    0,    0,    0,    0,    0,    0,    0,    0,    0,    0,    0,
       0,  -23,   -7,   -9,  -10,    0,    0,    0,    0,  -12,   -5,    0,    0,    0,    0,    0,    0,    0,    0,    0,    0,    0,    0,    0,    0,    0,   -5,    0,  -17,    0,    0,    0,    0,    0,    0,    0,    0,    0,    0,    0,    0,    0,    0,    0,    0,    0,    0,    0,    0,    0,    0,  -13,    0,    0,    0,    0,    0,    0,    0,    0,    0,    0,    0,    0,    0,    0,    0,    0,    0,    0,    0,    0,    0,    0,    0,    0,    0,    0,    0,    0,    0,    0,    0,    0,    0,    0,    0,    0,   -4,    0,    0,    0,    0,    0,    0,    0,    0,    0,    0,    0,    0,    0,    0,    0,    0,    0,    0,    0,    0,   -4,    0,    0,    0,    0,    0,    0,    0,    0,    0,    0,    0,    0,    0,    0,    0,    0,    0,    0,    0,    0,    0,    0,    0,    0,    0,    0,    0,    0,    0,    0,    0,    0,    0,    0,    0,    0,
       0,  -30,    0,  -10,  -20,    0,    0,    0,    0,   -7,    0,    0,    0,    0,    0,    0,    0,    0,    0,    0,    0,    0,    0,    0,    0,    0,    0,    0,  -13,    0,    0,    0,    0,    0,    0,    0,    0,    0,    0,    0,    0,    0,    0,    0,    0,    0,    0,    0,    0,    0,    0,   -7,    0,    0,    0,    0,    0,    0,    0,    0,    0,    0,    0,    0,    0,    0,    0,    0,    0,    0,    0,    0,    0,    0,    0,    0,    0,    0,    0,    0,    0,    0,    0,    0,    0,    0,    0,    0,    0,    0,    0,    0,    0,    0,    0,    0,    0,    0,    0,    0,  -16,   -8,    0,    0,    0,    0,  -12,    0,    0,    0,    0,    0,    0,    0,    0,    0,    0,    0,    0,    0,    0,   -7,    0,    0,    0,    0,    0,    0,    0,    0,   -8,    0,    0,    0,    0,    0,    0,    0,    0,    0,    0,    0,    0,    0,    0,    0,
       0,    0,   -7,    8,    0,    0,  -27,  -28,  -19,   15,  -16,    0,    0,    0,    0,    0,    0,    0,    0,    0,    0,    0,    0,    0,    0,    0,    0,    0,    9,    0,    0,    0,    0,    0,    0,    0,    0,    0,    0,    0,    0,    0,    0,    0,    0,    0,    0,    0,    0,    0,    0,    9,  -36,  -18,    0,    0,    0,    0,    0,    0,    0,    0,    0,    0,    0,    0,    0,    0,    0,    0,   15,   -8,    0,    0,  -20,   13,  -27,  -20,    8,    8,    0,   -8,  -12,   10,    7,   13,    0,  -22,    0,  -18,  -20,  -42,  -35,  -13,  -16,  -38,  -25,  -35,  -20,  -36,   -8,   -8,  -31,   -9,  -14,  -20,   -8,  -14,  -30,   18,  -35,  -25,    0,    0,    0,   18,    0,  -13,   -8,  -36,    0,   -8,    0,    0,  -20,  -22,    0,  -22,  -16,    7,   -9,  -16,    0,    0,    0,    0,    0,    0,    0,    0,    0,    0,    0,    0,    0,    0,
       0,    0,    0,    0,    9,  -31,   -8,  -18,    0,  -14,    0,    0,    0,    0,    0,    0,    0,    0,    0,    0,    0,    0,    0,    0,    0,    0,    0,    0,   -6,    0,    0,    0,    0,    0,    0,    0,    0,    0,    0,    0,    0,    0,    0,    0,    0,    0,    0,    0,    0,    0,    0,    0,   -6,    7,    0,    0,    0,    0,    0,    0,    0,    0,    0,    0,    0,    0,    0,    0,    0,    0,    0,    0,    0,    0,    0,    0,    0,    0,    0,    0,    0,    0,    0,    0,    0,    0,    0,    0,    0,    0,    0,  -11,    0,    8,    0,  -11,    0,    0,    0,    0,   13,   13,    0,   12,    7,    0,   13,    7,    0,    0,    0,    0,    0,    0,    0,    0,    0,   12,    0,    0,    0,   13,    0,    0,   10,    0,    0,    0,    0,    0,   12,    0,    0,    0,    0,    0,    0,    0,    0,    0,    0,    0,    0,    0,    0,    0,
       0,  -17,   -4,    0,   -7,    0,    0,    0,    0,   -6,    0,    0,    0,    0,    0,    0,    0,    0,    0,    0,    0,    0,    0,    0,    0,    0,    0,    0,    0,    0,    0,    0,    0,    0,    0,    0,    0,    0,    0,    0,    0,    0,    0,    0,    0,    0,    0,    0,    0,    0,    0,    0,    0,    0,    0,    0,    0,    0,    0,    0,    0,    0,    0,    0,    0,    0,    0,    0,    0,    0,    0,    0,    0,    0,    0,    0,    0,    0,    0,    0,    0,    0,    0,    0,    0,    0,    0,    0,    0,    0,    0,    0,    0,    0,    0,    0,    0,    0,    0,    0,    0,    0,    0,    0,   -8,    0,    0,    0,    0,    0,    0,    0,    0,    0,    0,    0,    0,    0,    0,    0,    0,    0,    0,    0,    0,    0,    0,    0,    0,    0,    0,    0,    0,    0,    0,    0,    0,    0,    0,    0,    0,    0,    0,    0,    0,    0,
       0,  -38,    0,    0,  -26,    0,    0,    0,    0,   -5,    0,    0,    0,    0,    0,    0,    0,    0,    0,    0,    0,    0,    0,    0,    0,    0,    0,    0,    0,    0,    0,    0,    0,    0,    0,    0,    0,    0,    0,    0,    0,    0,    0,    0,    0,    0,    0,    0,    0,    0,    0,    0,    0,    0,    0,    0,    0,    0,    0,    0,    0,    0,    0,    0,    0,    0,    0,    0,    0,    0,    0,    0,    0,    0,    0,    0,    0,    0,    0,    0,    0,    0,    0,    0,    0,    0,    0,    0,    0,    0,    0,    0,    0,    0,    0,    6,    0,    0,    0,    0,  -20,    0,    0,    0,   -6,    0,  -14,    0,    0,    0,    0,    0,    0,    0,    0,    0,    0,    0,    0,    0,    0,  -11,    0,    0,   -6,    0,    0,    0,    0,    0,    0,    0,    0,    0,    0,    0,    0,    0,    0,    0,    0,    0,    0,    0,    0,    0,
      -7,  -23,   -5,    0,   -8,  -14,    7,    0,   -6,  -14,    0,    0,    0,    0,    0,    0,    0,    0,    0,    0,    0,    0,    0,    0,    0,    0,   -8,    0,    0,    0,    0,    0,    0,    0,    0,    0,    0,    0,    0,    0,    0,    0,    0,    0,    0,    0,    0,    0,    0,    0,    0,    0,    0,    0,    0,    0,    0,    0,    0,    0,    0,    0,    0,    0,    0,    0,    0,    0,    0,    0,  -25,    0,   -8,   -6,   -7,  -14,   -6,    0,  -16,   -9,    0,    0,    0,  -15,   -5,   -8,   -7,    0,    0,    0,    0,    0,    0,  -12,   -8,   -8,    0,    0,   -4,    0,    0,    0,    0,   -8,    0,   -6,    0,   -8,    0,   -6,    0,    0,   -6,   -6,   10,   -6,    0,    0,    0,    0,    0,    0,   -6,    0,    0,    0,    0,    0,   -8,   -8,    0,   -8,    0,    0,    0,    0,    0,    0,    0,    0,    0,    0,    0,    0,    0,    0,
       0,  -26,    0,    0,  -12,   -5,    0,    0,   -5,  -12,    0,    0,    0,    0,    0,    0,    0,    0,    0,    0,    0,    0,    0,    0,    0,    0,   -6,    0,    0,    0,    0,    0,    0,    0,    0,    0,    0,    0,    0,    0,    0,    0,    0,    0,    0,    0,    0,    0,    0,    0,    0,    0,    0,    0,    0,    0,    0,    0,    0,    0,    0,    0,    0,    0,    0,    0,    0,    0,    0,    0,    0,    0,    0,    0,    0,    0,    0,    0,    0,    0,    0,    0,    0,    0,    0,    0,    0,    0,    0,    0,    0,    0,    0,   -6,    0,    0,    0,    0,    0,    0,  -14,    0,    0,   -6,    0,    0,  -14,    0,    0,    0,    0,    0,    0,    0,    0,    0,    0,    0,    0,    0,    0,   -6,    0,    0,    0,    0,    0,    0,    0,    0,    0,    0,    0,    0,    0,    0,    0,    0,    0,    0,    0,    0,    0,    0,    0,    0,
       0,    0,  -17,    7,    0,  -26,  -20,  -33,  -15,   10,  -23,    0,    0,    0,    0,    0,    0,    0,    0,    0,    0,    0,    0,    0,    0,    0,    0,    0,  -10,    0,    0,    0,    0,    0,    0,    0,    0,    0,    0,    0,    0,    0,    0,    0,    0,    0,    0,    0,    0,    0,   -9,    0,  -30,  -13,    0,    0,    0,    0,    0,    0,    0,    0,    0,    0,    0,    0,    0,    0,    0,    0,   12,  -16,    0,    0,    0,    0,  -32,    0,    0,    0,   -3,  -16,    0,    8,    0,    0,    0,  -16,  -10,  -14,  -15,  -30,  -20,   -7,  -10,  -30,  -19,  -20,  -16,  -20,    0,    0,  -28,   -6,   -8,  -15,    0,   -8,  -22,   13,  -26,  -17,    0,    0,    0,   13,    0,   -5,    0,  -26,   14,    0,    0,    0,  -10,  -17,    0,  -16,  -10,    0,    0,  -10,    0,    0,    0,    0,    0,    0,    0,    0,    0,    0,    4,    7,  -31,    0,
       0,    0,    0,   -5,    4,  -14,    0,  -13,    0,  -16,    0,    0,    0,    0,    0,    0,    0,    0,    0,    0,    0,    0,    0,    0,    0,    0,    0,    0,  -10,    0,    0,    0,    0,    0,    0,    0,    0,    0,    0,    0,    0,    0,    0,    0,    0,    0,    0,    0,    0,    0,    0,   -4,    0,    0,    0,    0,    0,    0,    0,    0,    0,    0,    0,    0,    0,    0,    0,    0,    0,    0,    0,    0,    0,    0,    0,    0,    0,    0,    0,    0,    0,    0,    0,    0,    0,    0,    0,    0,    0,    0,    0,  -11,   -6,    0,    0,  -14,    0,   -6,    0,   -6,    9,    7,    0,    6,    0,    0,    9,    0,    0,    0,    0,    0,    0,    0,    0,    0,    0,    8,    0,    0,    0,    7,    0,    0,    0,    0,    0,    0,    0,    0,    8,    0,    0,    0,    0,    0,    0,    0,    0,    0,    0,    0,    0,    5,  -14,    0,
      -4,  -35,   -6,   -7,  -11,    0,    0,    0,    0,  -10,    0,    0,    0,    0,    0,    0,    0,    0,    0,    0,    0,    0,    0,    0,    0,    0,   -7,    0,  -19,    0,    0,    0,    0,    0,    0,    0,    0,    0,    0,    0,    0,    0,    0,    0,    0,    0,    0,    0,    0,    0,    0,  -13,    0,    0,    0,    0,    0,    0,    0,    0,    0,    0,    0,    0,    0,    0,    0,    0,    0,    0,  -33,    0,    0,    0,    0,    0,    0,    0,    0,    0,    0,    0,    0,    0,   -9,    0,    0,    0,    0,    0,    0,    0,    0,    0,    0,    0,    0,    0,    0,    0,    0,    0,    0,    0,    0,    0,    0,    0,    0,    0,    0,    0,    0,    0,    0,    0,    0,    0,    0,    0,    0,    0,    0,   -4,    0,    0,    0,    0,    0,    0,    0,    0,    0,    0,    0,    0,    0,    0,    0,    0,    0,    0,    0,    0,    0,    0,
       0,  -23,   -7,   -9,  -10,    0,    0,    0,    0,  -12,   -5,    0,    0,    0,    0,    0,    0,    0,    0,    0,    0,    0,    0,    0,    0,    0,   -6,    0,  -18,    0,    0,    0,    0,    0,    0,    0,    0,    0,    0,    0,    0,    0,    0,    0,    0,    0,    0,    0,    0,    0,    0,  -14,    0,    0,    0,    0,    0,    0,    0,    0,    0,    0,    0,    0,    0,    0,    0,    0,    0,    0,    0,    0,    0,    0,    0,    0,    0,    0,    0,    0,    0,    0,    0,    0,    0,    0,    0,    0,   -4,    0,    0,    0,    0,    0,    0,    0,    0,    0,    0,    0,    0,    0,    0,    0,    0,    0,    0,    0,    0,   -4,    0,    0,    0,    0,    0,    0,    0,    0,    0,    0,    0,    0,    0,    0,    0,    0,    0,    0,    0,    0,    0,    0,    0,    0,    0,    0,    0,    0,    0,    0,    0,    0,    0,    0,    0,    0,
       0,   -7,   -5,  -13,    0,   -8,    0,   -8,    0,   -8,    0,    0,    0,    0,    0,    0,    0,    0,    0,    0,    0,    0,    0,    0,    0,    0,   -7,    0,  -18,    0,    0,    0,    0,    0,    0,    0,    0,    0,    0,    0,    0,    0,    0,    0,    0,    0,    0,    0,    0,    0,    0,  -12,    0,    0,    0,    0,    0,    0,    0,    0,    0,    0,    0,    0,    0,    0,    0,    0,    0,    0,    0,    0,    0,    0,    0,   -8,    0,    0,   -5,   -5,    0,    0,    0,   -5,    0,   -4,    0,   -8,    0,    0,    0,    0,    0,    0,    0,    0,   -5,    0,    0,    0,    0,    0,    0,    0,    0,    0,    0,    0,    0,    0,    0,    0,   -6,   -6,   -6,    0,    0,    0,    0,    0,    0,    0,    0,    0,    0,   -8,    0,   -6,    0,   -4,    0,    0,    0,    0,    0,    0,    0,    0,    0,    0,    0,    0,    0,    0,    0,    0,
       0,  -18,    0,  -12,   -7,   -5,    6,   -4,   -5,  -13,    0,    0,    0,    0,    0,    0,    0,    0,    0,    0,    0,    0,    0,    0,    0,    0,   -4,    0,  -16,    0,    0,    0,    0,    0,    0,    0,    0,    0,    0,    0,    0,    0,    0,    0,    0,    0,    0,    0,    0,    0,    0,  -11,    0,    0,    0,    0,    0,    0,    0,    0,    0,    0,    0,    0,    0,    0,    0,    0,    0,    0,    0,    0,    0,    0,    0,    0,    0,    0,    0,    0,    0,    0,    0,    0,    0,    0,    0,    0,    0,    0,    0,    0,    0,    0,   -5,    0,    0,    0,    0,    0,    0,    0,    0,    0,    0,    0,    0,    0,    0,    0,    0,    0,    0,    0,    0,    0,    0,    0,    0,    0,    0,    0,    0,    0,    0,    0,    0,    0,   -5,    0,    0,   -5,    0,    0,    0,    0,    0,    0,    0,    0,    0,    0,    0,    0,    0,    0,
       0,    0,   -4,    0,    0,    0,    0,    0,    0,   -5,    0,    0,    0,    0,    0,    0,    0,    0,    0,    0,    0,    0,    0,    0,    0,    0,    0,    0,    0,    0,    0,    0,    0,    0,    0,    0,    0,    0,    0,    0,    0,    0,    0,    0,    0,    0,    0,    0,    0,    0,   -7,    0,   -6,    0,    0,    0,    0,    0,    0,    0,    0,    0,    0,    0,    0,    0,    0,    0,    0,    0,    0,    0,    0,    0,    0,    0,    0,    0,    0,    0,    0,    0,    0,    0,    0,    0,    0,    0,    0,    0,    0,    0,    0,    0,    0,    0,    0,    0,    0,    0,    0,    0,    0,    0,    0,    0,    0,    0,    0,    0,    0,    0,    0,    0,    0,    0,    0,    0,    0,    0,    0,    0,    0,    0,    0,    0,    0,    0,    0,    0,    0,    0,    0,    0,    0,    0,    0,    0,    0,    0,    0,    0,    0,    0,    0,    0,
       0,  -10,   -5,    0,    0,    0,    0,    0,    0,  -10,    0,    0,    0,    0,    0,    0,    0,    0,    0,    0,    0,    0,    0,    0,    0,    0,    0,    0,    0,    0,    0,    0,    0,    0,    0,    0,    0,    0,    0,    0,    0,    0,    0,    0,    0,    0,    0,    0,    0,    0,    0,    0,    0,    0,    0,    0,    0,    0,    0,    0,    0,    0,    0,    0,    0,    0,    0,    0,    0,    0,    0,    0,    0,    0,    0,    0,    0,    0,    0,    0,    0,    0,    0,    0,    0,    0,    0,    0,    0,    0,    0,    0,    0,    0,    0,    0,    0,    0,    0,    0,    0,    0,   -4,    0,    0,    0,    0,    0,    0,    0,    0,    0,    0,    0,    0,    0,    0,    0,    0,   -4,    0,    0,    0,    0,    0,    0,    0,    0,    0,    0,    0,    0,    0,    0,    0,    0,    0,    0,    0,    0,    0,    0,    0,    0,    0,    0,
       0,  -17,    0,  -12,   -7,   -6,    6,   -4,   -5,  -12,    0,    0,    0,    0,    0,    0,    0,    0,    0,    0,    0,    0,    0,    0,    0,    0,   -4,    0,  -15,    0,    0,    0,    0,    0,    0,    0,    0,    0,    0,    0,    0,    0,    0,    0,    0,    0,    0,    0,    0,    0,    0,  -11,    0,    0,    0,    0,    0,    0,    0,    0,    0,    0,    0,    0,    0,    0,    0,    0,    0,    0,    0,    0,    0,    0,    0,    0,    0,    0,    0,    0,    0,    0,    0,    0,    0,    0,    0,    0,    0,    0,    0,    0,    0,    0,   -5,    0,    0,    0,    0,    0,    0,    0,    0,    0,    0,    0,    0,    0,    0,    0,    0,    0,    0,    0,    0,    0,    0,    0,    0,    0,    0,    0,    0,    0,    0,    0,    0,    0,   -5,    0,    0,   -5,    0,    0,    0,    0,    0,    0,    0,    0,    0,    0,    0,    0,    0,    0,
      -6,   -9,   -5,  -11,    0,  -13,    6,  -17,    0,  -14,   -4,    0,    0,    0,    0,    0,    0,    0,    0,    0,    0,    0,    0,    0,    0,    0,   -4,    0,  -17,    0,    0,    0,    0,    0,    0,    0,    0,    0,    0,    0,    0,    0,    0,    0,    0,    0,    0,    0,    0,    0,    0,  -12,    0,    0,    0,    0,    0,    0,    0,    0,    0,    0,    0,    0,    0,    0,    0,    0,    0,    0,  -11,    0,    0,    0,    0,    0,   -8,    0,    0,    0,    0,    0,    0,  -10,    0,    0,    0,   -5,    0,    0,    0,   -9,    0,    0,   -4,  -10,    0,    0,    0,    0,    0,    0,    0,    0,    0,    0,    0,    0,    0,    0,    0,    0,   -5,   -5,   -5,    0,    0,    0,    0,    0,  -16,    0,    0,    0,    0,    0,    0,    0,   -4,    0,    0,   -4,    0,    0,    0,    0,    0,    0,    0,    0,    0,    0,   -6,   -4,  -12,    0,
       0,  -13,    0,  -11,   -8,   -8,    7,   -9,   -6,  -12,    0,    0,    0,    0,    0,    0,    0,    0,    0,    0,    0,    0,    0,    0,    0,    0,    0,    0,  -12,    0,    0,    0,    0,    0,    0,    0,    0,    0,    0,    0,    0,    0,    0,    0,    0,    0,    0,    0,    0,    0,    0,   -8,    0,    0,    0,    0,    0,    0,    0,    0,    0,    0,    0,    0,    0,    0,    0,    0,    0,    0,    0,    0,    0,    0,    0,    0,    0,    0,    0,    0,    0,    0,    0,    0,    0,    0,    0,    0,    0,    0,    0,    0,    0,   -9,   -7,    0,    0,    0,    0,    0,    0,   -6,    0,   -7,    0,    0,    0,   -4,    0,    0,    0,    0,    0,    0,    0,    0,    0,    0,    0,    0,    0,   -6,    0,    0,    0,    0,    0,    0,   -7,    0,    0,   -7,    0,    0,    0,    0,    0,    0,    0,    0,    0,    0,   -9,  -11,    0,    0,
       0,    0,   -4,    0,   -8,   -4,    0,   -6,   -4,    0,    0,    0,    0,    0,    0,    0,    0,    0,    0,    0,    0,    0,    0,    0,    0,    0,   -6,    0,  -17,    0,    0,    0,    0,    0,    0,    0,    0,    0,    0,    0,    0,    0,    0,    0,    0,    0,    0,    0,    0,    0,    0,   -6,    0,    0,    0,    0,    0,    0,    0,    0,    0,    0,    0,    0,    0,    0,    0,    0,    0,    0,    0,    0,    0,    0,    0,    0,    0,    0,    0,    0,    0,    0,   -4,    0,    0,    0,   -7,    0,    0,    0,    0,    0,    0,   -6,    0,    0,    0,    0,    0,    0,  -13,   -8,    0,   -4,    0,    0,  -13,    0,   -5,    0,    0,    0,   -4,   -4,   -4,    0,  -10,   -4,    0,    0,    0,   -8,    0,  -10,    0,    0,    0,    0,    0,    0,  -12,    0,    0,    0,    0,    0,    0,    0,    0,    0,    0,    0,    0,    0,    0,    0,
       0,   -8,   -8,    0,    0,    0,    0,    0,    0,   -6,   -5,    0,    0,    0,    0,    0,    0,    0,    0,    0,    0,    0,    0,    0,    0,    0,    0,    0,    0,    0,    0,    0,    0,    0,    0,    0,    0,    0,    0,    0,    0,    0,    0,    0,    0,    0,    0,    0,    0,    0,   -9,    0,   -9,    0,    0,    0,    0,    0,    0,    0,    0,    0,    0,    0,    0,    0,    0,    0,    0,    0,    0,    0,    0,    0,    0,    0,    0,    0,    0,    0,    0,    0,    0,    0,    0,    0,    0,    0,    0,    0,    0,    0,    0,    0,    0,    0,    0,   -4,    0,    0,    0,    0,   -5,    0,    0,    0,    0,    0,    0,    0,    0,    0,    0,    0,    0,    0,    0,    0,    0,   -4,    0,    0,    0,    0,    0,    0,    0,    0,    0,    0,    0,    0,    0,    0,    0,    0,    0,    0,    0,    0,    0,    0,    0,    0,    0,    0,
       0,    0,    0,    0,    0,    0,    0,    0,    0,    0,    0,    0,    0,    0,    0,    0,    0,    0,    0,    0,    0,    0,    0,    0,    0,    0,    0,    0,    0,    0,    0,    0,    0,    0,    0,    0,    0,    0,    0,    0,    0,    0,    0,    0,    0,    0,    0,    0,    0,    0,    0,    0,    0,    0,    0,    0,    0,    0,    0,    0,    0,    0,    0,    0,    0,    0,    0,    0,    0,    0,    0,    0,    0,    0,    0,    0,    0,    0,    0,    0,    0,    0,    0,    0,    0,    0,    0,    0,    0,    0,    0,    0,    0,    0,    0,    0,    0,    0,    0,    0,    0,    0,    0,    0,    0,    0,    0,    0,    0,    0,    0,    0,    0,    0,    0,    0,    0,    0,    0,    0,    0,    0,    0,    0,    0,    0,    0,    0,    0,    0,    0,    0,   -3,   10,    0,    0,   -4,   -7,   -3,   -6,   -3,    0,    0,    0,    0,  -12,
       0,    0,    0,    0,    0,    0,    0,    0,    0,    0,    0,    0,    0,    0,    0,    0,    0,    0,    0,    0,    0,    0,    0,    0,    0,    0,    0,    0,    0,    0,    0,    0,    0,    0,    0,    0,    0,    0,    0,    0,    0,    0,    0,    0,    0,    0,    0,    0,    0,    0,    0,    0,    0,    0,    0,    0,    0,    0,    0,    0,    0,    0,    0,    0,    0,    0,    0,    0,    0,    0,    0,    0,    0,    0,    0,    0,    0,    0,    0,    0,    0,    0,    0,    0,    0,    0,    0,    0,    0,    0,    0,    0,    0,    0,    0,    0,    0,    0,    0,    0,    0,    0,    0,    0,    0,    0,    0,    0,    0,    0,    0,    0,    0,    0,    0,    0,    0,    0,    0,    0,    0,    0,    0,    0,    0,    0,    0,    0,    0,    0,    0,    0,    0,    0,    0,    0,    0,    0,    0,  -11,    0,    0,    0,    0,    0,   -6,
       0,    0,    0,    0,    0,    0,    0,    0,    0,    0,    0,    0,    0,    0,    0,    0,    0,    0,    0,    0,    0,    0,    0,    0,    0,    0,    0,    0,    0,    0,    0,    0,    0,    0,    0,    0,    0,    0,    0,    0,    0,    0,    0,    0,    0,    0,    0,    0,    0,    0,    0,    0,    0,    0,    0,    0,    0,    0,    0,    0,    0,    0,    0,    0,    0,    0,    0,    0,    0,    0,    0,    0,    0,    0,    0,    0,    0,    0,    0,    0,    0,    0,    0,    0,    0,    0,    0,    0,    0,    0,    0,    0,    0,    0,    0,    0,    0,    0,    0,    0,    0,    0,    0,    0,    0,    0,    0,    0,    0,    0,    0,    0,    0,    0,    0,    0,    0,    0,    0,    0,    0,    0,    0,    0,    0,    0,    0,    0,    0,    0,    0,    0,    0,    0,   -4,    0,    0,    0,    0,    0,   -4,    0,    0,    0,    0,    0,
       0,    0,    0,    0,    0,    0,    0,    0,    0,    0,    0,    0,    0,    0,    0,    0,    0,    0,    0,    0,    0,    0,    0,    0,    0,    0,    0,    0,    0,    0,    0,    0,    0,    0,    0,    0,    0,    0,    0,    0,    0,    0,    0,    0,    0,    0,    0,    0,    0,    0,    0,    0,    0,    0,    0,    0,    0,    0,    0,    0,    0,    0,    0,    0,    0,    0,    0,    0,    0,    0,    0,    0,    0,    0,    0,    0,    0,    0,    0,    0,    0,    0,    0,    0,    0,    0,    0,    0,    0,    0,    0,    0,    0,    0,    0,    0,    0,    0,    0,    0,    0,    0,    0,    0,    0,    0,    0,    0,    0,    0,    0,    0,    0,    0,    0,    0,    0,    0,    0,    0,    0,    0,    0,    0,    0,    0,    0,    0,    0,    0,    0,    0,    0,   -6,    0,    0,    0,    0,    0,  -12,    2,    4,    0,    0,    0,   -3,
       0,    0,    0,    0,    0,    0,    0,    0,    0,    0,    0,    0,    0,    0,    0,    0,    0,    0,    0,    0,    0,    0,    0,    0,    0,    0,    0,    0,    0,    0,    0,    0,    0,    0,    0,    0,    0,    0,    0,    0,    0,    0,    0,    0,    0,    0,    0,    0,    0,    0,    0,    0,    0,    0,    0,    0,    0,    0,    0,    0,    0,    0,    0,    0,    0,    0,    0,    0,    0,    0,    0,    0,    0,    0,    0,    0,    0,    0,    0,    0,    0,    0,    0,    0,    0,    0,    0,    0,    0,    0,    0,    0,    0,    0,    0,    0,    0,    0,    0,    0,    0,    0,    0,    0,    0,    0,    0,    0,    0,    0,    0,    0,    0,    0,    0,    0,    0,    0,    0,    0,    0,    0,    0,    0,    0,    0,    0,    0,    0,    0,    0,    0,   -4,    0,    0,    0,    0,    0,    0,   -9,    0,    0,    0,    0,    0,    0,
       0,    0,    0,    0,    0,    0,    0,    0,    0,    0,    0,    0,    0,    0,    0,    0,    0,    0,    0,    0,    0,    0,    0,    0,    0,    0,    0,    0,    0,    0,    0,    0,    0,    0,    0,    0,    0,    0,    0,    0,    0,    0,    0,    0,    0,    0,    0,    0,    0,    0,    0,    0,    0,    0,    0,    0,    0,    0,    0,    0,    0,    0,    0,    0,    0,    0,    0,    0,    0,    0,    0,    0,    0,    0,    0,    0,    0,    0,    0,    0,    0,    0,    0,    0,    0,    0,    0,    0,    0,    0,    0,    0,    0,    0,    0,    0,    0,    0,    0,    0,    0,    0,    0,    0,    0,    0,    0,    0,    0,    0,    0,    0,    0,    0,    0,    0,    0,    0,    0,    0,    0,    0,    0,    0,    0,    0,    0,    0,    0,    0,    0,    0,    0,   -6,    0,    0,    0,    0,    0,  -21,   -2,    3,    0,    0,    0,   -6,
       0,    0,    0,    0,    0,    0,    0,    0,    0,    0,    0,    0,    0,    0,    0,    0,    0,    0,    0,    0,    0,    0,    0,    0,    0,    0,    0,    0,    0,    0,    0,    0,    0,    0,    0,    0,    0,    0,    0,    0,    0,    0,    0,    0,    0,    0,    0,    0,    0,    0,    0,    0,    0,    0,    0,    0,    0,    0,    0,    0,    0,    0,    0,    0,    0,    0,    0,    0,    0,    0,    0,    0,    0,    0,    0,    0,    0,    0,    0,    0,    0,    0,    0,    0,    0,    0,    0,    0,    0,    0,    0,    0,    0,    0,    0,    0,    0,    0,    0,    0,    0,    0,    0,    0,    0,    0,    0,    0,    0,    0,    0,    0,    0,    0,    0,    0,    0,    0,    0,    0,    0,    0,    0,    0,    0,    0,    0,    0,    0,    0,    0,    0,    0,    0,    0,    0,    0,    0,    0,    0,    0,    0,    0,    0,    0,    2,
       0,    0,    0,    0,    0,    0,    0,    0,    0,    0,    0,    0,    0,    0,    0,    0,    0,    0,    0,    0,    0,    0,    0,    0,    0,    0,    0,    0,    0,    0,    0,    0,    0,    0,    0,    0,    0,    0,    0,    0,    0,    0,    0,    0,    0,    0,    0,    0,    0,    0,    0,    0,    0,    0,    0,    0,    0,    0,    0,    0,    0,    0,    0,    0,    0,    0,    0,    0,    0,    0,    0,    0,    0,    0,    0,    0,    0,    0,    0,    0,    0,    0,    0,    0,    0,    0,    0,    0,    0,    0,    0,    0,    0,    0,    0,    0,    0,    0,    0,    0,    0,    0,    0,    0,    0,    0,    0,    0,    0,    0,    0,    0,    0,    0,    0,    0,    0,    0,    0,    0,    0,    0,    0,    0,    0,    0,    0,    0,    0,    0,    0,    0,   -7,   -2,    0,    0,    0,    0,    0,   -6,    0,    0,    0,    0,    0,    0,
       0,    0,    0,    0,    0,    0,    0,    0,    0,    0,    0,    0,    0,    0,    0,    0,    0,    0,    0,    0,    0,    0,    0,    0,    0,    0,    0,    0,    0,    0,    0,    0,    0,    0,    0,    0,    0,    0,    0,    0,    0,    0,    0,    0,    0,    0,    0,    0,    0,    0,    0,    0,    0,    0,    0,    0,    0,    0,    0,    0,    0,    0,    0,    0,    0,    0,    0,    0,    0,    0,    0,    0,    0,    0,    0,    0,    0,    0,    0,    0,    0,    0,    0,    0,    0,    0,    0,    0,    0,    0,    0,    0,    0,    0,    0,    0,    0,    0,    0,    0,    0,    0,    0,    0,    0,    0,    0,    0,    0,    0,    0,    0,    0,    0,    0,    0,    0,    0,    0,    0,    0,    0,    0,    0,    0,    0,    0,    0,    0,    0,    0,    0,    0,    0,    0,    0,    0,    0,    0,  -14,    0,    0,    0,    0,    0,    0,
       0,    0,    0,    0,    0,    0,    0,    0,    0,    0,    0,    0,    0,    0,    0,    0,    0,    0,    0,    0,    0,    0,    0,    0,    0,    0,    0,    0,    0,    0,    0,    0,    0,    0,    0,    0,    0,    0,    0,    0,    0,    0,    0,    0,    0,    0,    0,    0,    0,    0,    0,    0,    0,    0,    0,    0,    0,    0,    0,    0,    0,    0,    0,    0,    0,    0,    0,    0,    0,    0,    0,    0,    0,    0,    0,    0,    0,    0,    0,    0,    0,    0,    0,    0,    0,    0,    0,    0,    0,    0,    0,    0,    0,    0,    0,    0,    0,    0,    0,    0,    0,    0,    0,    0,    0,    0,    0,    0,    0,    0,    0,    0,    0,    0,    0,    0,    0,    0,    0,    0,    0,    0,    0,    0,    0,    0,    0,    0,    0,    0,    0,    0,    0,   -9,    0,    0,    0,    0,    0,    0,    0,    0,    0,    0,    0,    0,
       0,    0,    0,    0,    0,    0,    0,    0,    0,    0,    0,    0,    0,    0,    0,    0,    0,    0,    0,    0,    0,    0,    0,    0,    0,    0,    0,    0,    0,    0,    0,    0,    0,    0,    0,    0,    0,    0,    0,    0,    0,    0,    0,    0,    0,    0,    0,    0,    0,    0,    0,    0,    0,    0,    0,    0,    0,    0,    0,    0,    0,    0,    0,    0,    0,    0,    0,    0,    0,    0,    0,    0,    0,    0,    0,    0,    0,    0,    0,    0,    0,    0,    0,    0,    0,    0,    0,    0,    0,    0,    0,    0,    0,    0,    0,    0,    0,    0,    0,    0,    0,    0,    0,    0,    0,    0,    0,    0,    0,    0,    0,    0,    0,    0,    0,    0,    0,    0,    0,    0,    0,    0,    0,    0,    0,    0,    0,    0,    0,    0,    0,    0,    0,   -4,    0,    6,    0,    0,    0,    0,    4,    0,    0,    0,    0,    4,
       0,    0,    0,    0,    0,    0,    0,    0,    0,    0,    0,    0,    0,    0,    0,    0,    0,    0,    0,    0,    0,    0,    0,    0,    0,    0,    0,    0,    0,    0,    0,    0,    0,    0,    0,    0,    0,    0,    0,    0,    0,    0,    0,    0,    0,    0,    0,    0,    0,    0,    0,    0,    0,    0,    0,    0,    0,    0,    0,    0,    0,    0,    0,    0,    0,    0,    0,    0,    0,    0,    0,    0,    0,    0,    0,    0,    0,    0,    0,    0,    0,    0,    0,    0,    0,    0,    0,    0,    0,    0,    0,    0,    0,    0,    0,    0,    0,    0,    0,    0,    0,    0,    0,    0,    0,    0,    0,    0,    0,    0,    0,    0,    0,    0,    0,    0,    0,    0,    0,    0,    0,    0,    0,    0,    0,    0,    0,    0,    0,    0,    0,    0,   -6,  -30,  -18,    0,   -6,   -4,  -15,    0,   -6,  -30,    0,    0,    0,   -3,
       0,    0,    0,    0,    0,    0,    0,    0,    0,    0,    0,    0,    0,    0,    0,    0,    0,    0,    0,    0,    0,    0,    0,    0,    0,    0,    0,    0,    0,    0,    0,    0,    0,    0,    0,    0,    0,    0,    0,    0,    0,    0,    0,    0,    0,    0,    0,    0,    0,    0,    0,    0,    0,    0,    0,    0,    0,    0,    0,    0,    0,    0,    0,    0,    0,    0,    0,    0,    0,    0,    0,    0,    0,    0,    0,    0,    0,    0,    0,    0,    0,    0,    0,    0,    0,    0,    0,    0,    0,    0,    0,    0,    0,    0,    0,    0,    0,    0,    0,    0,    0,    0,    0,    0,    0,    0,    0,    0,    0,    0,    0,    0,    0,    0,    0,    0,    0,    0,    0,    0,    0,    0,    0,    0,    0,    0,    0,    0,    0,    0,    0,    0,    0,   -9,   -2,    0,    0,    0,    0,   -3,    0,    0,    0,    0,    0,    0,
       0,    0,    0,    0,    0,    0,    0,    0,    0,    0,    0,    0,    0,    0,    0,    0,    0,    0,    0,    0,    0,    0,    0,    0,    0,    0,    0,    0,    0,    0,    0,    0,    0,    0,    0,    0,    0,    0,    0,    0,    0,    0,    0,    0,    0,    0,    0,    0,    0,    0,    0,    0,    0,    0,    0,    0,    0,    0,    0,    0,    0,    0,    0,    0,    0,    0,    0,    0,    0,    0,    0,    0,    0,    0,    0,    0,    0,    0,    0,    0,    0,    0,    0,    0,    0,    0,    0,    0,    0,    0,    0,    0,    0,    0,    0,    0,    0,    0,    0,    0,    0,    0,    0,    0,    0,    0,    0,    0,    0,    0,    0,    0,    0,    0,    0,    0,    0,    0,    0,    0,    0,    0,    0,    0,    0,    0,    0,    0,    0,    0,    0,    0,    0,    0,    0,    0,    0,    0,    0,  -30,    0,    0,    0,    0,    0,    0,
       0,    0,    0,    0,    0,    0,    0,    0,    0,    0,    0,  -30,   -8,   -8,  -46,    0,   -8,   -8,    0,    0,    0,    8,    7,    0,    5,    0,    0,    0,    0,    0,    0,    0,    0,    0,    0,    0,    0,    0,    0,    0,    0,    0,    0,    0,    0,    0,    0,    0,    0,    0,    0,    0,    0,    0,  -53,    0,    0,    0,    0,    0,    0,    0,    0,    0,    0,    0,    0,    0,    0,    0,    0,   -8,    0,    0,    0,    0,  -30,    0,    0,    0,    0,   -8,   -8,    0,    0,    0,    0,    0,    0,    0,    0,    0,    0,    0,    0,    0,    0,    0,    0,    0,    0,    0,    0,    0,    0,    0,    0,    0,    0,    0,    0,    0,    0,    0,    0,    0,    0,    0,    0,    0,    5,    0,    0,    0,    0,    0,    0,    0,    0,    0,    0,    0,    0,    0,    0,    0,    0,    0,    0,    0,    0,    0,    0,    0,    0,    0,
       0,    0,    0,    0,    0,    0,    0,    0,    0,    0,    0,   10,  -10,  -10,   11,    0,  -11,  -12,    6,  -27,   -8,  -30,  -14,    5,  -31,    8,    0,    0,    0,    0,    0,    0,    0,    0,    0,    0,    0,    0,    0,    0,    0,    0,    0,    0,    0,    0,    0,    0,    0,    0,    0,    0,    0,    0,    8,    0,    0,    0,    0,    0,    0,    0,    0,    0,    0,    0,    0,    0,    0,    0,  -27,  -10,    0,    0,    0,    0,   10,    0,    0,    0,    0,  -11,  -11,    5,    0,    0,    0,    0,    0,    0,    0,    0,    0,    0,    0,    0,    0,    0,    0,    0,    0,    0,    0,    0,    0,    0,    0,    0,    0,    0,    0,    0,    0,    0,    0,    0,    0,    0,    0,    0,  -31,    0,    0,    0,    0,    0,    0,    0,    0,    0,    0,    0,    0,    0,    0,    0,    0,    0,    0,    0,    0,    0,    0,    0,    0,    0,
};

static const EpdLigaturePair ubuntu_12_regularLigaturePairs[] = {
    { 0x00660066, 0xFB00 }, // f f -> U+FB00
    { 0x00660069, 0xFB01 }, // f i -> U+FB01
    { 0x0066006C, 0xFB02 }, // f l -> U+FB02
    { 0xFB000069, 0xFB03 }, // U+FB00 i -> U+FB03
    { 0xFB00006C, 0xFB04 }, // U+FB00 l -> U+FB04
};

static const EpdFontData ubuntu_12_regular = {
    ubuntu_12_regularBitmaps,
    ubuntu_12_regularGlyphs,
    ubuntu_12_regularIntervals,
    409,
    29,
    24,
    -5,
    false,
    nullptr,
    0,
    nullptr,
    ubuntu_12_regularKernLeftClasses,
    ubuntu_12_regularKernRightClasses,
    ubuntu_12_regularKernMatrix,
    498,
    553,
    146,
    146,
    ubuntu_12_regularLigaturePairs,
    5,
};
