/**
 * generated by fontconvert.py
 * name: ubuntu_12_bold
 * size: 12
 * mode: 1-bit
 * Command used: fontconvert.py ubuntu_12_bold 12 ../builtinFonts/source/Ubuntu/Ubuntu-Bold.ttf /tmp/NotoSansCJKSC-Bold.ttf --additional-intervals 0x3002,0x3002 --additional-intervals 0x4e00,0x4e00 --additional-intervals 0x4e0a,0x4e0a --additional-intervals 0x4e0b,0x4e0b --additional-intervals 0x4e0d,0x4e0d --additional-intervals 0x4e24,0x4e24 --additional-intervals 0x4e2a,0x4e2a --additional-intervals 0x4e2d,0x4e2d --additional-intervals 0x4e32,0x4e32 --additional-intervals 0x4e3a,0x4e3a --additional-intervals 0x4e3b,0x4e3b --additional-intervals 0x4e49,0x4e49 --additional-intervals 0x4e66,0x4e66 --additional-intervals 0x4e8c,0x4e8c --additional-intervals 0x4eba,0x4eba --additional-intervals 0x4ece,0x4ece --additional-intervals 0x4ed6,0x4ed6 --additional-intervals 0x4ee3,0x4ee3 --additional-intervals 0x4ee5,0x4ee5 --additional-intervals 0x4ef6,0x4ef6 --additional-intervals 0x4f20,0x4f20 --additional-intervals 0x4f4d,0x4f4d --additional-intervals 0x4f4f,0x4f4f --additional-intervals 0x4f53,0x4f53 --additional-intervals 0x4f7f,0x4f7f --additional-intervals 0x4f9b,0x4f9b --additional-intervals 0x4fa7,0x4fa7 --additional-intervals 0x4fdd,0x4fdd --additional-intervals 0x4fee,0x4fee --additional-intervals 0x5012,0x5012 --additional-intervals 0x503c,0x503c --additional-intervals 0x503e,0x503e --additional-intervals 0x5148,0x5148 --additional-intervals 0x5149,0x5149 --additional-intervals 0x5165,0x5165 --additional-intervals 0x5171,0x5171 --additional-intervals 0x5173,0x5173 --additional-intervals 0x5185,0x5185 --additional-intervals 0x518d,0x518d --additional-intervals 0x5199,0x5199 --additional-intervals 0x51d1,0x51d1 --additional-intervals 0x51ed,0x51ed --additional-intervals 0x51fa,0x51fa --additional-intervals 0x5206,0x5206 --additional-intervals 0x5207,0x5207 --additional-intervals 0x521b,0x521b --additional-intervals 0x5220,0x5220 --additional-intervals 0x5230,0x5230 --additional-intervals 0x5236,0x5236 --additional-intervals 0x5237,0x5237 --additional-intervals 0x524d,0x524d --additional-intervals 0x526a,0x526a --additional-intervals 0x529f,0x529f --additional-intervals 0x52a0,0x52a0 --additional-intervals 0x52a1,0x52a1 --additional-intervals 0x52a8,0x52a8 --additional-intervals 0x5339,0x5339 --additional-intervals 0x5360,0x5360 --additional-intervals 0x5361,0x5361 --additional-intervals 0x539f,0x539f --additional-intervals 0x53d6,0x53d6 --additional-intervals 0x53e3,0x53e3 --additional-intervals 0x53ef,0x53ef --additional-intervals 0x53f3,0x53f3 --additional-intervals 0x53f7,0x53f7 --additional-intervals 0x540c,0x540c --additional-intervals 0x540d,0x540d --additional-intervals 0x540e,0x540e --additional-intervals 0x5411,0x5411 --additional-intervals 0x5426,0x5426 --additional-intervals 0x542f,0x542f --additional-intervals 0x544a,0x544a --additional-intervals 0x547d,0x547d --additional-intervals 0x54c8,0x54c8 --additional-intervals 0x5668,0x5668 --additional-intervals 0x56de,0x56de --additional-intervals 0x56e0,0x56e0 --additional-intervals 0x56f4,0x56f4 --additional-intervals 0x56fe,0x56fe --additional-intervals 0x5728,0x5728 --additional-intervals 0x5730,0x5730 --additional-intervals 0x5740,0x5740 --additional-intervals 0x5907,0x5907 --additional-intervals 0x590d,0x590d --additional-intervals 0x5916,0x5916 --additional-intervals 0x5927,0x5927 --additional-intervals 0x5931,0x5931 --additional-intervals 0x59cb,0x59cb --additional-intervals 0x5b57,0x5b57 --additional-intervals 0x5b58,0x5b58 --additional-intervals 0x5b8c,0x5b8c --additional-intervals 0x5b9a,0x5b9a --additional-intervals 0x5bbd,0x5bbd --additional-intervals 0x5bc6,0x5bc6 --additional-intervals 0x5bf9,0x5bf9 --additional-intervals 0x5c01,0x5c01 --additional-intervals 0x5c04,0x5c04 --additional-intervals 0x5c06,0x5c06 --additional-intervals 0x5c0f,0x5c0f --additional-intervals 0x5c31,0x5c31 --additional-intervals 0x5c40,0x5c40 --additional-intervals 0x5c45,0x5c45 --additional-intervals 0x5c4f,0x5c4f --additional-intervals 0x5d29,0x5d29 --additional-intervals 0x5d4c,0x5d4c --additional-intervals 0x5de6,0x5de6 --additional-intervals 0x5df2,0x5df2 --additional-intervals 0x5e03,0x5e03 --additional-intervals 0x5e0c,0x5e0c --additional-intervals 0x5e55,0x5e55 --additional-intervals 0x5e76,0x5e76 --additional-intervals 0x5e94,0x5e94 --additional-intervals 0x5ea6,0x5ea6 --additional-intervals 0x5efa,0x5efa --additional-intervals 0x5f00,0x5f00 --additional-intervals 0x5f0f,0x5f0f --additional-intervals 0x5f15,0x5f15 --additional-intervals 0x5f53,0x5f53 --additional-intervals 0x5f55,0x5f55 --additional-intervals 0x5fd8,0x5fd8 --additional-intervals 0x5ffd,0x5ffd --additional-intervals 0x6001,0x6001 --additional-intervals 0x60a8,0x60a8 --additional-intervals 0x60c5,0x60c5 --additional-intervals 0x6210,0x6210 --additional-intervals 0x6216,0x6216 --additional-intervals 0x622a,0x622a --additional-intervals 0x6237,0x6237 --additional-intervals 0x6240,0x6240 --additional-intervals 0x624b,0x624b --additional-intervals 0x6253,0x6253 --additional-intervals 0x626b,0x626b --additional-intervals 0x627e,0x627e --additional-intervals 0x6297,0x6297 --additional-intervals 0x62a5,0x62a5 --additional-intervals 0x62e9,0x62e9 --additional-intervals 0x6309,0x6309 --additional-intervals 0x6362,0x6362 --additional-intervals 0x636e,0x636e --additional-intervals 0x63a5,0x63a5 --additional-intervals 0x63a7,0x63a7 --additional-intervals 0x63cf,0x63cf --additional-intervals 0x63d0,0x63d0 --additional-intervals 0x63d2,0x63d2 --additional-intervals 0x641c,0x641c --additional-intervals 0x6536,0x6536 --additional-intervals 0x6545,0x6545 --additional-intervals 0x6570,0x6570 --additional-intervals 0x6587,0x6587 --additional-intervals 0x659c,0x659c --additional-intervals 0x65ad,0x65ad --additional-intervals 0x65b0,0x65b0 --additional-intervals 0x65b9,0x65b9 --additional-intervals 0x65e0,0x65e0 --additional-intervals 0x65f6,0x65f6 --additional-intervals 0x6620,0x6620 --additional-intervals 0x662f,0x662f --additional-intervals 0x663e,0x663e --additional-intervals 0x666e,0x666e --additional-intervals 0x66f4,0x66f4 --additional-intervals 0x6700,0x6700 --additional-intervals 0x6709,0x6709 --additional-intervals 0x670d,0x670d --additional-intervals 0x672a,0x672a --additional-intervals 0x672c,0x672c --additional-intervals 0x673a,0x673a --additional-intervals 0x675f,0x675f --additional-intervals 0x6761,0x6761 --additional-intervals 0x6765,0x6765 --additional-intervals 0x677e,0x677e --additional-intervals 0x6790,0x6790 --additional-intervals 0x67e5,0x67e5 --additional-intervals 0x6807,0x6807 --additional-intervals 0x680f,0x680f --additional-intervals 0x6837,0x6837 --additional-intervals 0x6863,0x6863 --additional-intervals 0x68c0,0x68c0 --additional-intervals 0x6a21,0x6a21 --additional-intervals 0x6a2a,0x6a2a --additional-intervals 0x6b21,0x6b21 --additional-intervals 0x6b63,0x6b63 --additional-intervals 0x6b64,0x6b64 --additional-intervals 0x6b65,0x6b65 --additional-intervals 0x6bb5,0x6bb5 --additional-intervals 0x6bcf,0x6bcf --additional-intervals 0x6bd4,0x6bd4 --additional-intervals 0x6ce8,0x6ce8 --additional-intervals 0x6d45,0x6d45 --additional-intervals 0x6d4f,0x6d4f --additional-intervals 0x6d88,0x6d88 --additional-intervals 0x6df1,0x6df1 --additional-intervals 0x6dfb,0x6dfb --additional-intervals 0x6e05,0x6e05 --additional-intervals 0x6e83,0x6e83 --additional-intervals 0x6e90,0x6e90 --additional-intervals 0x6ee4,0x6ee4 --additional-intervals 0x70b9,0x70b9 --additional-intervals 0x70ed,0x70ed --additional-intervals 0x7247,0x7247 --additional-intervals 0x7248,0x7248 --additional-intervals 0x7279,0x7279 --additional-intervals 0x72b6,0x72b6 --additional-intervals 0x7387,0x7387 --additional-intervals 0x7528,0x7528 --additional-intervals 0x7535,0x7535 --additional-intervals 0x754c,0x754c --additional-intervals 0x7565,0x7565 --additional-intervals 0x767e,0x767e --additional-intervals 0x7684,0x7684 --additional-intervals 0x76d8,0x76d8 --additional-intervals 0x76ee,0x76ee --additional-intervals 0x7720,0x7720 --additional-intervals 0x7761,0x7761 --additional-intervals 0x77ed,0x77ed --additional-intervals 0x7801,0x7801 --additional-intervals 0x786e,0x786e --additional-intervals 0x793a,0x793a --additional-intervals 0x79f0,0x79f0 --additional-intervals 0x79fb,0x79fb --additional-intervals 0x7a0b,0x7a0b --additional-intervals 0x7a7a,0x7a7a --additional-intervals 0x7ad6,0x7ad6 --additional-intervals 0x7ae0,0x7ae0 --additional-intervals 0x7aef,0x7aef --additional-intervals 0x7b26,0x7b26 --additional-intervals 0x7b2c,0x7b2c --additional-intervals 0x7b97,0x7b97 --additional-intervals 0x7c4d,0x7c4d --additional-intervals 0x7c97,0x7c97 --additional-intervals 0x7cfb,0x7cfb --additional-intervals 0x7d22,0x7d22 --additional-intervals 0x7d27,0x7d27 --additional-intervals 0x7ebf,0x7ebf --additional-intervals 0x7ec6,0x7ec6 --additional-intervals 0x7ec8,0x7ec8 --additional-intervals 0x7ed3,0x7ed3 --additional-intervals 0x7edc,0x7edc --additional-intervals 0x7edf,0x7edf --additional-intervals 0x7ee7,0x7ee7 --additional-intervals 0x7eea,0x7eea --additional-intervals 0x7eed,0x7eed --additional-intervals 0x7ef4,0x7ef4 --additional-intervals 0x7f13,0x7f13 --additional-intervals 0x7f16,0x7f16 --additional-intervals 0x7f51,0x7f51 --additional-intervals 0x7f6e,0x7f6e --additional-intervals 0x7ffb,0x7ffb --additional-intervals 0x80fd,0x80fd --additional-intervals 0x811a,0x811a --additional-intervals 0x81ea,0x81ea --additional-intervals 0x81f3,0x81f3 --additional-intervals 0x822c,0x822c --additional-intervals 0x8272,0x8272 --additional-intervals 0x8282,0x8282 --additional-intervals 0x8303,0x8303 --additional-intervals 0x83b7,0x83b7 --additional-intervals 0x843d,0x843d --additional-intervals 0x85cf,0x85cf --additional-intervals 0x884c,0x884c --additional-intervals 0x88c1,0x88c1 --additional-intervals 0x892a,0x892a --additional-intervals 0x8981,0x8981 --additional-intervals 0x89c8,0x89c8 --additional-intervals 0x89e3,0x89e3 --additional-intervals 0x8a00,0x8a00 --additional-intervals 0x8ba1,0x8ba1 --additional-intervals 0x8ba2,0x8ba2 --additional-intervals 0x8ba4,0x8ba4 --additional-intervals 0x8bb0,0x8bb0 --additional-intervals 0x8bbe,0x8bbe --additional-intervals 0x8bc1,0x8bc1 --additional-intervals 0x8bd5,0x8bd5 --additional-intervals 0x8be6,0x8be6 --additional-intervals 0x8bed,0x8bed --additional-intervals 0x8bef,0x8bef --additional-intervals 0x8bf7,0x8bf7 --additional-intervals 0x8bfb,0x8bfb --additional-intervals 0x8d25,0x8d25 --additional-intervals 0x8d26,0x8d26 --additional-intervals 0x8d85,0x8d85 --additional-intervals 0x8ddd,0x8ddd --additional-intervals 0x8df3,0x8df3 --additional-intervals 0x8f6c,0x8f6c --additional-intervals 0x8f7d,0x8f7d --additional-intervals 0x8f91,0x8f91 --additional-intervals 0x8f93,0x8f93 --additional-intervals 0x8fb9,0x8fb9 --additional-intervals 0x8fd1,0x8fd1 --additional-intervals 0x8fd4,0x8fd4 --additional-intervals 0x8fdb,0x8fdb --additional-intervals 0x8fdc,0x8fdc --additional-intervals 0x8fde,0x8fde --additional-intervals 0x9000,0x9000 --additional-intervals 0x9002,0x9002 --additional-intervals 0x9006,0x9006 --additional-intervals 0x9009,0x9009 --additional-intervals 0x901a,0x901a --additional-intervals 0x914d,0x914d --additional-intervals 0x91cd,0x91cd --additional-intervals 0x91cf,0x91cf --additional-intervals 0x9488,0x9488 --additional-intervals 0x949f,0x949f --additional-intervals 0x94fe,0x94fe --additional-intervals 0x9519,0x9519 --additional-intervals 0x952e,0x952e --additional-intervals 0x952f,0x952f --additional-intervals 0x955c,0x955c --additional-intervals 0x957f,0x957f --additional-intervals 0x95f4,0x95f4 --additional-intervals 0x9605,0x9605 --additional-intervals 0x9633,0x9633 --additional-intervals 0x9644,0x9644 --additional-intervals 0x9664,0x9664 --additional-intervals 0x9690,0x9690 --additional-intervals 0x969c,0x969c --additional-intervals 0x9762,0x9762 --additional-intervals 0x9875,0x9875 --additional-intervals 0x9879,0x9879 --additional-intervals 0x987a,0x987a --additional-intervals 0x9884,0x9884 --additional-intervals 0x9891,0x9891 --additional-intervals 0x9898,0x9898 --additional-intervals 0x989d,0x989d --additional-intervals 0x9a8c,0x9a8c --additional-intervals 0x9ed8,0x9ed8 --additional-intervals 0x9f50,0x9f50 --additional-intervals 0x9f7f,0x9f7f
 */
#pragma once
#include "EpdFontData.h"

static const uint8_t ubuntu_12_boldBitmaps[56825] = {
    0xFF, 0xFF, 0xFF, 0xFF, 0xFF, 0xFB, 0xDC, 0x07, 0x7F, 0xFF, 0x70, 0xF7, 0xFD, 0xFF, 0x7F, 0xDF,
    0xF3, 0xFC, 0xEF, 0x38, 0x0F, 0x3C, 0x0F, 0x3C, 0x0F, 0x3C, 0x0F, 0x3C, 0xFF, 0xFE, 0xFF, 0xFE,
    0xFF, 0xFE, 0x1E, 0x78, 0x1E, 0x78, 0x3C, 0x78, 0xFF, 0xFE, 0xFF, 0xFE, 0xFF, 0xFE, 0x3C, 0xF0,
    0x78, 0xF0, 0x79, 0xE0, 0x79, 0xE0, 0x07, 0x80, 0x1E, 0x00, 0x78, 0x07, 0xFC, 0x3F, 0xF8, 0xFF,
    0xC7, 0xE7, 0x1F, 0x00, 0x7C, 0x01, 0xFE, 0x03, 0xFE, 0x0F, 0xFC, 0x0F, 0xF8, 0x07, 0xE0, 0x07,
    0x80, 0x1E, 0x78, 0xF9, 0xFF, 0xE7, 0xFF, 0x0F, 0xF8, 0x07, 0x80, 0x1E, 0x00, 0x78, 0x00, 0x3F,
    0x03, 0xC0, 0xFF, 0x0F, 0x81, 0xEF, 0x1E, 0x03, 0x9E, 0x78, 0x07, 0x1C, 0xF0, 0x0E, 0x7B, 0xC0,
    0x1E, 0xFF, 0x80, 0x3F, 0xDE, 0x00, 0x3F, 0x7D, 0xF8, 0x00, 0xF7, 0xF8, 0x03, 0xDE, 0xF0, 0x07,
    0xBC, 0xE0, 0x1E, 0x71, 0xC0, 0x7C, 0xF3, 0x80, 0xF1, 0xEF, 0x03, 0xE1, 0xFE, 0x07, 0x81, 0xF8,
    0x0F, 0xE0, 0x07, 0xFC, 0x01, 0xFF, 0x80, 0xFB, 0xE0, 0x3C, 0x78, 0x07, 0xBC, 0x01, 0xFF, 0x00,
    0x7F, 0x80, 0x3F, 0xCF, 0x1F, 0xFB, 0xC7, 0x9F, 0xF1, 0xE3, 0xFC, 0x78, 0x7E, 0x1F, 0x1F, 0x87,
    0xFF, 0xF0, 0xFF, 0xFE, 0x1F, 0xE7, 0x80, 0xFF, 0xFF, 0xFF, 0xF0, 0x0E, 0x0F, 0x1F, 0x1E, 0x3E,
    0x3C, 0x7C, 0x7C, 0x78, 0x78, 0xF8, 0xF8, 0xF8, 0xF8, 0xF8, 0x78, 0x78, 0x7C, 0x7C, 0x3C, 0x3E,
    0x1E, 0x1F, 0x0F, 0x0E, 0x60, 0xF0, 0xF8, 0x78, 0x7C, 0x3C, 0x3E, 0x3E, 0x1E, 0x1E, 0x1E, 0x1E,
    0x1F, 0x1E, 0x1E, 0x1E, 0x1E, 0x3E, 0x3E, 0x3C, 0x7C, 0x78, 0xF8, 0xF0, 0x60, 0x1E, 0x03, 0xC3,
    0xBB, 0x7F, 0xEF, 0xFF, 0xFF, 0x8F, 0xE3, 0xFE, 0x7B, 0xC6, 0x60, 0x0F, 0x00, 0xF0, 0x0F, 0x00,
    0xF0, 0xFF, 0xFF, 0xFF, 0xFF, 0xF0, 0xF0, 0x0F, 0x00, 0xF0, 0x0F, 0x00, 0x7D, 0xF7, 0xDE, 0x79,
    0xEF, 0x3C, 0xFF, 0xFF, 0xFF, 0x79, 0xFF, 0xDF, 0x78, 0x00, 0xF8, 0x07, 0x80, 0x3C, 0x03, 0xE0,
    0x1E, 0x00, 0xF0, 0x0F, 0x80, 0x78, 0x03, 0xC0, 0x3E, 0x01, 0xE0, 0x0F, 0x00, 0xF8, 0x07, 0x80,
    0x3C, 0x03, 0xE0, 0x1E, 0x00, 0xF0, 0x0F, 0x80, 0x78, 0x03, 0xC0, 0x3E, 0x01, 0xE0, 0x0F, 0x00,
    0xF8, 0x00, 0x0F, 0xC0, 0x7F, 0x83, 0xFF, 0x1F, 0xBE, 0x7C, 0x79, 0xE1, 0xE7, 0x87, 0xDE, 0x1F,
    0xF8, 0x7D, 0xE1, 0xF7, 0x87, 0xDE, 0x1E, 0x7C, 0x79, 0xFB, 0xE3, 0xFF, 0x07, 0xFC, 0x0F, 0xC0,
    0x07, 0x87, 0xE7, 0xF9, 0xFE, 0x7F, 0x9D, 0xE0, 0x78, 0x1E, 0x07, 0x81, 0xE0, 0x78, 0x1E, 0x07,
    0x81, 0xE0, 0x78, 0x1E, 0x07, 0x80, 0x1F, 0xC3, 0xFF, 0x9F, 0xFC, 0xFB, 0xF3, 0x0F, 0x80, 0x7C,
    0x03, 0xC0, 0x3E, 0x03, 0xE0, 0x7E, 0x07, 0xE0, 0x3E, 0x03, 0xE0, 0x3E, 0x01, 0xFF, 0xEF, 0xFF,
    0x7F, 0xF8, 0x3F, 0xC3, 0xFF, 0x1F, 0xFC, 0x73, 0xE0, 0x0F, 0x00, 0xF8, 0x7F, 0xC3, 0xFC, 0x1F,
    0xF0, 0x1F, 0x80, 0x3E, 0x01, 0xF0, 0x0F, 0xB8, 0xFD, 0xFF, 0xDF, 0xFC, 0x7F, 0xC0, 0x01, 0xF0,
    0x0F, 0xC0, 0x7F, 0x01, 0xFC, 0x0F, 0xF0, 0x7F, 0xC3, 0xEF, 0x0F, 0x3C, 0x78, 0xF1, 0xE3, 0xCF,
    0xFF, 0xFF, 0xFF, 0xFF, 0xFC, 0x03, 0xC0, 0x0F, 0x00, 0x3C, 0x00, 0xF0, 0x3F, 0xF1, 0xFF, 0x8F,
    0xFC, 0x78, 0x03, 0xC0, 0x1E, 0x00, 0xFF, 0x07, 0xFC, 0x3F, 0xF0, 0x3F, 0xC0, 0x3E, 0x00, 0xF0,
    0x0F, 0xB8, 0xFD, 0xFF, 0xCF, 0xFC, 0x7F, 0xC0, 0x01, 0xF0, 0x1F, 0xC0, 0xFF, 0x87, 0xF8, 0x3E,
    0x01, 0xF0, 0x07, 0xFE, 0x1F, 0xFC, 0x7F, 0xF9, 0xF3, 0xE7, 0x87, 0xDE, 0x1F, 0x78, 0x7D, 0xFB,
    0xE3, 0xFF, 0x8F, 0xFC, 0x0F, 0xE0, 0xFF, 0xFF, 0xFF, 0xFF, 0xFE, 0x03, 0xE0, 0x3E, 0x01, 0xF0,
    0x1F, 0x00, 0xF0, 0x0F, 0x80, 0x7C, 0x03, 0xC0, 0x3E, 0x01, 0xF0, 0x0F, 0x00, 0x78, 0x07, 0xC0,
    0x3E, 0x00, 0x0F, 0xE0, 0xFF, 0xC3, 0xFF, 0x9F, 0x3E, 0x78, 0x79, 0xF1, 0xE7, 0xCF, 0x8F, 0xFC,
    0x1F, 0xE0, 0xFF, 0xC7, 0xFF, 0x9E, 0x1F, 0x78, 0x7D, 0xF3, 0xE7, 0xFF, 0x8F, 0xFC, 0x1F, 0xE0,
    0x1F, 0xC0, 0xFF, 0xC7, 0xFF, 0x1F, 0x7E, 0xF8, 0x7B, 0xE1, 0xEF, 0x87, 0x9F, 0x3E, 0x7F, 0xF8,
    0xFF, 0xE1, 0xFF, 0x80, 0x3E, 0x01, 0xF0, 0x3F, 0xC3, 0xFE, 0x0F, 0xF0, 0x3F, 0x00, 0x79, 0xFF,
    0xDF, 0x78, 0x00, 0x00, 0x01, 0xE7, 0xFF, 0x7D, 0xE0, 0x79, 0xFF, 0xDF, 0x78, 0x00, 0x00, 0x00,
    0x07, 0xDF, 0x7D, 0xE7, 0x9E, 0xF3, 0xC0, 0x00, 0xF0, 0x7F, 0x3F, 0xFF, 0xFF, 0xFF, 0xEF, 0xF0,
    0xF8, 0x0F, 0xF0, 0xFF, 0xEF, 0xFF, 0x3F, 0xF0, 0x7F, 0x00, 0xF0, 0xFF, 0xFF, 0xFF, 0xFF, 0xF0,
    0x00, 0x00, 0x0F, 0xFF, 0xFF, 0xFF, 0xFF, 0x70, 0x0F, 0xE0, 0xFF, 0xCF, 0xFF, 0x7F, 0xF0, 0xFF,
    0x01, 0xF0, 0xFF, 0x7F, 0xFF, 0xFF, 0xFF, 0xCF, 0xE0, 0x70, 0x00, 0x7F, 0x9F, 0xF9, 0xFF, 0xB9,
    0xF0, 0x3E, 0x07, 0xC0, 0xF8, 0x3E, 0x0F, 0x83, 0xF0, 0x7C, 0x0F, 0x01, 0xE0, 0x00, 0x07, 0x80,
    0xF8, 0x3F, 0x03, 0xE0, 0x78, 0x00, 0x01, 0xFF, 0x00, 0x0F, 0xFF, 0x80, 0x3F, 0xFF, 0xC0, 0xFE,
    0x3F, 0x83, 0xE0, 0x0F, 0x8F, 0x80, 0x0F, 0x9E, 0x3F, 0xCF, 0x78, 0xFF, 0xCE, 0xF3, 0xFF, 0x9D,
    0xEF, 0xDF, 0x3B, 0xDE, 0x1E, 0x77, 0xBC, 0x3C, 0xEF, 0x78, 0x7B, 0xDE, 0xFD, 0xF7, 0xBC, 0xFF,
    0xFE, 0x3D, 0xFF, 0xFC, 0x7C, 0xFF, 0xF0, 0x7C, 0x00, 0x00, 0xFF, 0x0C, 0x00, 0xFF, 0xFC, 0x00,
    0x7F, 0xF8, 0x00, 0x3F, 0xF0, 0x00, 0x01, 0xE0, 0x00, 0xFC, 0x00, 0x3F, 0x00, 0x1F, 0xE0, 0x07,
    0xF8, 0x03, 0xFF, 0x00, 0xF3, 0xC0, 0x7C, 0xF8, 0x1E, 0x3E, 0x07, 0x87, 0x83, 0xFF, 0xF0, 0xFF,
    0xFC, 0x3F, 0xFF, 0x9F, 0x03, 0xE7, 0xC0, 0xFB, 0xE0, 0x1F, 0xF8, 0x07, 0xC0, 0xFF, 0xC3, 0xFF,
    0xCF, 0xFF, 0xBC, 0x7E, 0xF0, 0x7B, 0xC1, 0xEF, 0x1F, 0xBF, 0xFC, 0xFF, 0xF3, 0xFF, 0xEF, 0x0F,
    0xFC, 0x1F, 0xF0, 0x7F, 0xC7, 0xFF, 0xFF, 0xBF, 0xFE, 0xFF, 0xE0, 0x07, 0xFC, 0x3F, 0xFC, 0xFF,
    0xF3, 0xF8, 0xE7, 0xC0, 0x1F, 0x00, 0x3E, 0x00, 0x7C, 0x00, 0xF8, 0x01, 0xF0, 0x03, 0xE0, 0x07,
    0xC0, 0x07, 0xC0, 0x0F, 0xE3, 0x8F, 0xFF, 0x8F, 0xFF, 0x0F, 0xFC, 0xFF, 0xC0, 0xFF, 0xF0, 0xFF,
    0xF8, 0xF1, 0xFC, 0xF0, 0x7E, 0xF0, 0x3E, 0xF0, 0x1E, 0xF0, 0x1E, 0xF0, 0x1F, 0xF0, 0x1E, 0xF0,
    0x3E, 0xF0, 0x3E, 0xF0, 0x7E, 0xF1, 0xFC, 0xFF, 0xF8, 0xFF, 0xF0, 0xFF, 0xC0, 0xFF, 0xF7, 0xFF,
    0xBF, 0xFD, 0xE0, 0x0F, 0x00, 0x78, 0x03, 0xC0, 0x1F, 0xFC, 0xFF, 0xE7, 0xFF, 0x3C, 0x01, 0xE0,
    0x0F, 0x00, 0x78, 0x03, 0xFF, 0xFF, 0xFF, 0xFF, 0xF8, 0xFF, 0xFF, 0xFF, 0xFF, 0xFF, 0x00, 0xF0,
    0x0F, 0x00, 0xF0, 0x0F, 0xFE, 0xFF, 0xEF, 0xFE, 0xF0, 0x0F, 0x00, 0xF0, 0x0F, 0x00, 0xF0, 0x0F,
    0x00, 0xF0, 0x00, 0x07, 0xFC, 0x3F, 0xFC, 0xFF, 0xFB, 0xF8, 0xE7, 0xC0, 0x1F, 0x00, 0x3E, 0x00,
    0x7C, 0x00, 0xF8, 0x1F, 0xF0, 0x3F, 0xE0, 0x7F, 0xC0, 0xF7, 0xC1, 0xEF, 0xE3, 0xCF, 0xFF, 0x8F,
    0xFF, 0x07, 0xFE, 0xF0, 0x3F, 0xE0, 0x7F, 0xC0, 0xFF, 0x81, 0xFF, 0x03, 0xFE, 0x07, 0xFC, 0x0F,
    0xFF, 0xFF, 0xFF, 0xFF, 0xFF, 0xFF, 0xC0, 0xFF, 0x81, 0xFF, 0x03, 0xFE, 0x07, 0xFC, 0x0F, 0xF8,
    0x1F, 0xF0, 0x3E, 0xFF, 0xFF, 0xFF, 0xFF, 0xFF, 0xFF, 0xFF, 0xFF, 0xF0, 0x01, 0xF0, 0x1F, 0x01,
    0xF0, 0x1F, 0x01, 0xF0, 0x1F, 0x01, 0xF0, 0x1F, 0x01, 0xF0, 0x1F, 0x01, 0xF0, 0x1F, 0x01, 0xF7,
    0x3E, 0xFF, 0xEF, 0xFC, 0x7F, 0x80, 0xF0, 0x7D, 0xE1, 0xF3, 0xC7, 0xE7, 0x9F, 0x8F, 0x7E, 0x1F,
    0xF8, 0x3F, 0xE0, 0x7F, 0x80, 0xFF, 0x01, 0xFF, 0x03, 0xFF, 0x07, 0xBF, 0x0F, 0x3F, 0x1E, 0x3F,
    0x3C, 0x3E, 0x78, 0x3E, 0xF0, 0x7E, 0xF0, 0x0F, 0x00, 0xF0, 0x0F, 0x00, 0xF0, 0x0F, 0x00, 0xF0,
    0x0F, 0x00, 0xF0, 0x0F, 0x00, 0xF0, 0x0F, 0x00, 0xF0, 0x0F, 0x00, 0xFF, 0xFF, 0xFF, 0xFF, 0xF0,
    0x7C, 0x03, 0xE7, 0xE0, 0x3E, 0x7E, 0x07, 0xE7, 0xF0, 0x7E, 0x7F, 0x0F, 0xE7, 0xF8, 0xFF, 0x7F,
    0x9F, 0xF7, 0xFD, 0xFF, 0x7B, 0xDF, 0xF7, 0xBF, 0xDF, 0x79, 0xFD, 0xFF, 0x9F, 0x8F, 0xF9, 0xF8,
    0xFF, 0x8F, 0x8F, 0xF8, 0xF0, 0xFF, 0x80, 0x0F, 0xF8, 0x00, 0xF0, 0xF0, 0x1F, 0xF0, 0x3F, 0xF0,
    0x7F, 0xF0, 0xFF, 0xF1, 0xFF, 0xE3, 0xFF, 0xE7, 0xFB, 0xEF, 0xF7, 0xDF, 0xE7, 0xFF, 0xC7, 0xFF,
    0x87, 0xFF, 0x0F, 0xFE, 0x0F, 0xFC, 0x0F, 0xF8, 0x1F, 0xF0, 0x1E, 0x07, 0xF8, 0x07, 0xFF, 0x83,
    0xFF, 0xF1, 0xFC, 0xFC, 0x7C, 0x0F, 0xBE, 0x03, 0xEF, 0x80, 0x7F, 0xE0, 0x1F, 0xF8, 0x07, 0xFE,
    0x01, 0xFF, 0x80, 0x7F, 0xE0, 0x3E, 0x7C, 0x0F, 0x9F, 0xCF, 0xE3, 0xFF, 0xF0, 0x7F, 0xF8, 0x07,
    0xF8, 0x00, 0xFF, 0xC3, 0xFF, 0xCF, 0xFF, 0xBC, 0x7E, 0xF0, 0x7B, 0xC1, 0xFF, 0x07, 0xBC, 0x7E,
    0xFF, 0xFB, 0xFF, 0xCF, 0xFC, 0x3C, 0x00, 0xF0, 0x03, 0xC0, 0x0F, 0x00, 0x3C, 0x00, 0xF0, 0x00,
    0x07, 0xF8, 0x07, 0xFF, 0x83, 0xFF, 0xF1, 0xFC, 0xFC, 0x7C, 0x0F, 0xBE, 0x03, 0xEF, 0x80, 0x7F,
    0xE0, 0x1F, 0xF8, 0x07, 0xFE, 0x01, 0xFF, 0x80, 0x7F, 0xE0, 0x3E, 0x7C, 0x0F, 0x9F, 0xCF, 0xE3,
    0xFF, 0xF0, 0x7F, 0xF8, 0x0F, 0xF8, 0x00, 0x7C, 0x00, 0x0F, 0xE0, 0x03, 0xFE, 0x00, 0x7F, 0x00,
    0x07, 0xC0, 0xFF, 0xC1, 0xFF, 0xE3, 0xFF, 0xE7, 0x8F, 0xCF, 0x0F, 0x9E, 0x0F, 0x3C, 0x3E, 0x78,
    0xFC, 0xFF, 0xF9, 0xFF, 0xE3, 0xFF, 0x87, 0x9F, 0x0F, 0x1F, 0x1E, 0x3F, 0x3C, 0x3E, 0x78, 0x7E,
    0xF0, 0x7C, 0x0F, 0xF0, 0xFF, 0xE7, 0xFF, 0x9F, 0x9C, 0x7C, 0x01, 0xF0, 0x07, 0xF8, 0x0F, 0xF8,
    0x1F, 0xF0, 0x3F, 0xE0, 0x1F, 0xC0, 0x1F, 0x00, 0x7D, 0xE3, 0xF7, 0xFF, 0x9F, 0xFE, 0x3F, 0xE0,
    0xFF, 0xFF, 0xFF, 0xFF, 0xFF, 0xF8, 0x3E, 0x00, 0x7C, 0x00, 0xF8, 0x01, 0xF0, 0x03, 0xE0, 0x07,
    0xC0, 0x0F, 0x80, 0x1F, 0x00, 0x3E, 0x00, 0x7C, 0x00, 0xF8, 0x01, 0xF0, 0x03, 0xE0, 0x07, 0xC0,
    0xF8, 0x1F, 0xF0, 0x3F, 0xE0, 0x7F, 0xC0, 0xFF, 0x81, 0xFF, 0x03, 0xFE, 0x07, 0xFC, 0x0F, 0xF8,
    0x1F, 0xF0, 0x3F, 0xE0, 0x7F, 0xC0, 0xF7, 0xC3, 0xEF, 0xCF, 0xDF, 0xFF, 0x1F, 0xFC, 0x0F, 0xF0,
    0xF8, 0x07, 0xFF, 0x01, 0xF7, 0xC0, 0xF9, 0xF0, 0x3E, 0x3E, 0x0F, 0x0F, 0x87, 0xC3, 0xE1, 0xF0,
    0x7C, 0x78, 0x1F, 0x3E, 0x03, 0xCF, 0x00, 0xFF, 0xC0, 0x3F, 0xF0, 0x07, 0xF8, 0x01, 0xFE, 0x00,
    0x3F, 0x00, 0x0F, 0xC0, 0x01, 0xF0, 0x00, 0xF8, 0x00, 0x1E, 0xF8, 0x00, 0x1E, 0x7C, 0x3C, 0x3E,
    0x7C, 0x7C, 0x3E, 0x7C, 0x7E, 0x3E, 0x7C, 0x7E, 0x3C, 0x3C, 0x7E, 0x3C, 0x3E, 0xFF, 0x7C, 0x3E,
    0xFF, 0x7C, 0x3E, 0xEF, 0x78, 0x1F, 0xE7, 0xF8, 0x1F, 0xE7, 0xF8, 0x1F, 0xC7, 0xF0, 0x1F, 0xC3,
    0xF0, 0x0F, 0xC3, 0xF0, 0x0F, 0x83, 0xF0, 0x0F, 0x81, 0xE0, 0xFC, 0x1F, 0x3F, 0x1F, 0x8F, 0x8F,
    0x87, 0xEF, 0x81, 0xFF, 0xC0, 0x7F, 0xC0, 0x3F, 0xC0, 0x0F, 0xE0, 0x03, 0xE0, 0x03, 0xF8, 0x03,
    0xFE, 0x03, 0xFF, 0x81, 0xF7, 0xC1, 0xF3, 0xF1, 0xF8, 0xFC, 0xF8, 0x3E, 0xF8, 0x1F, 0x80, 0xF8,
    0x1F, 0xBE, 0x0F, 0x9F, 0x0F, 0x87, 0xC7, 0xC3, 0xE7, 0xC0, 0xFB, 0xE0, 0x7F, 0xE0, 0x1F, 0xF0,
    0x07, 0xF0, 0x03, 0xF0, 0x00, 0xF8, 0x00, 0x7C, 0x00, 0x3E, 0x00, 0x1F, 0x00, 0x0F, 0x80, 0x07,
    0xC0, 0x03, 0xE0, 0x00, 0x7F, 0xFE, 0xFF, 0xFD, 0xFF, 0xF0, 0x07, 0xE0, 0x1F, 0x80, 0x3E, 0x00,
    0xF8, 0x03, 0xF0, 0x07, 0xC0, 0x1F, 0x00, 0x7C, 0x00, 0xF8, 0x03, 0xE0, 0x0F, 0x80, 0x1F, 0xFF,
    0xFF, 0xFF, 0xFF, 0xFE, 0xFE, 0xFE, 0xFE, 0xF0, 0xF0, 0xF0, 0xF0, 0xF0, 0xF0, 0xF0, 0xF0, 0xF0,
    0xF0, 0xF0, 0xF0, 0xF0, 0xF0, 0xF0, 0xF0, 0xF0, 0xF0, 0xF0, 0xFE, 0xFE, 0xFE, 0xF8, 0x07, 0xC0,
    0x1E, 0x00, 0xF8, 0x07, 0xC0, 0x1E, 0x00, 0xF8, 0x07, 0xC0, 0x1E, 0x00, 0xF8, 0x03, 0xC0, 0x1E,
    0x00, 0xF8, 0x03, 0xC0, 0x1E, 0x00, 0xF8, 0x03, 0xC0, 0x1E, 0x00, 0xF8, 0x03, 0xC0, 0x1E, 0x00,
    0xF8, 0x03, 0xC0, 0x1E, 0x00, 0xF8, 0xFE, 0xFE, 0xFE, 0x1E, 0x1E, 0x1E, 0x1E, 0x1E, 0x1E, 0x1E,
    0x1E, 0x1E, 0x1E, 0x1E, 0x1E, 0x1E, 0x1E, 0x1E, 0x1E, 0x1E, 0x1E, 0x1E, 0xFE, 0xFE, 0xFE, 0x07,
    0x80, 0x3F, 0x00, 0xFE, 0x07, 0xF8, 0x3F, 0xF0, 0xFB, 0xC7, 0xCF, 0x9E, 0x1F, 0xF8, 0x7C, 0xC0,
    0xC0, 0xFF, 0xFF, 0xFF, 0xFF, 0xFE, 0x30, 0xF1, 0xE1, 0xE1, 0xC1, 0x80, 0x3F, 0xC1, 0xFF, 0x8F,
    0xFC, 0x63, 0xE0, 0x0F, 0x8F, 0xFD, 0xFF, 0xEF, 0xFF, 0x7C, 0xFB, 0xE7, 0xDF, 0xFE, 0xFF, 0xF3,
    0xFF, 0x00, 0x78, 0x07, 0xC0, 0x3E, 0x01, 0xF0, 0x0F, 0x80, 0x7C, 0x03, 0xFF, 0x1F, 0xFE, 0xFF,
    0xF7, 0xEF, 0xFE, 0x3F, 0xF0, 0xFF, 0x87, 0xFC, 0x3F, 0xE3, 0xFF, 0x3F, 0xFF, 0xF7, 0xFF, 0x1F,
    0xF0, 0x1F, 0xE7, 0xFD, 0xFF, 0x7E, 0x6F, 0x81, 0xE0, 0x3C, 0x07, 0x80, 0xF8, 0x1F, 0x8D, 0xFF,
    0x9F, 0xF1, 0xFE, 0x00, 0xF8, 0x07, 0xC0, 0x3E, 0x01, 0xF0, 0x0F, 0x80, 0x7C, 0x7F, 0xEF, 0xFF,
    0x7F, 0xFF, 0xEF, 0xFE, 0x3F, 0xE1, 0xFF, 0x0F, 0xF8, 0x7F, 0xE3, 0xFF, 0x9F, 0x7F, 0xF9, 0xFF,
    0xC7, 0xFC, 0x1F, 0xC1, 0xFF, 0x1F, 0xFD, 0xFB, 0xEF, 0x8F, 0xFF, 0xFF, 0xFF, 0xFF, 0xFF, 0xF8,
    0x07, 0xE3, 0x9F, 0xFC, 0x7F, 0xE1, 0xFF, 0x00, 0x1F, 0xCF, 0xF7, 0xFD, 0xF2, 0xF8, 0x3E, 0x0F,
    0xFB, 0xFE, 0xFF, 0xBE, 0x0F, 0x83, 0xE0, 0xF8, 0x3E, 0x0F, 0x83, 0xE0, 0xF8, 0x3E, 0x0F, 0x80,
    0x1F, 0xF1, 0xFF, 0x9F, 0xFD, 0xF9, 0xEF, 0x8F, 0x78, 0x7B, 0xC3, 0xDE, 0x1E, 0xF8, 0xF7, 0xEF,
    0x9F, 0xFC, 0xFF, 0xE3, 0xFF, 0x00, 0x79, 0xC7, 0xCF, 0xFE, 0x7F, 0xE3, 0xFE, 0x00, 0x78, 0x07,
    0xC0, 0x3E, 0x01, 0xF0, 0x0F, 0x80, 0x7C, 0x03, 0xFF, 0x1F, 0xFC, 0xFF, 0xF7, 0xCF, 0xBE, 0x3D,
    0xF1, 0xEF, 0x8F, 0x7C, 0x7B, 0xE3, 0xDF, 0x1E, 0xF8, 0xF7, 0xC7, 0xBE, 0x3C, 0x7F, 0xFE, 0xF0,
    0x03, 0xFF, 0xFF, 0xFF, 0xFF, 0xFF, 0xFF, 0xFF, 0xFE, 0x0F, 0x1F, 0x1F, 0x0F, 0x00, 0x00, 0x1F,
    0x1F, 0x1F, 0x1F, 0x1F, 0x1F, 0x1F, 0x1F, 0x1F, 0x1F, 0x1F, 0x1F, 0x1F, 0x1F, 0x1F, 0xFE, 0xFE,
    0xFC, 0x78, 0x03, 0xE0, 0x0F, 0x80, 0x3E, 0x00, 0xF8, 0x03, 0xE0, 0x0F, 0x8F, 0xBE, 0x7C, 0xFB,
    0xE3, 0xFF, 0x0F, 0xF8, 0x3F, 0xC0, 0xFF, 0x83, 0xFF, 0x0F, 0xFE, 0x3E, 0xF8, 0xF9, 0xF3, 0xE3,
    0xEF, 0x8F, 0x80, 0x79, 0xF3, 0xE7, 0xCF, 0x9F, 0x3E, 0x7C, 0xF9, 0xF3, 0xE7, 0xCF, 0x9F, 0x3E,
    0x7E, 0x7E, 0xFC, 0xF0, 0x7F, 0x9F, 0x9F, 0xFF, 0xFB, 0xFF, 0xFF, 0xFC, 0xFD, 0xFF, 0x9F, 0x1F,
    0xF1, 0xE3, 0xFE, 0x3C, 0x7F, 0xC7, 0x8F, 0xF8, 0xF1, 0xFF, 0x1E, 0x3F, 0xE3, 0xC7, 0xFC, 0x78,
    0xFF, 0x8F, 0x1E, 0x7F, 0xC7, 0xFF, 0x3F, 0xFD, 0xF3, 0xEF, 0x8F, 0x7C, 0x7B, 0xE3, 0xDF, 0x1E,
    0xF8, 0xF7, 0xC7, 0xBE, 0x3D, 0xF1, 0xEF, 0x8F, 0x00, 0x1F, 0xC0, 0xFF, 0x87, 0xFF, 0x3F, 0x7E,
    0xF8, 0xFB, 0xC1, 0xEF, 0x07, 0xBC, 0x1E, 0xF8, 0xFB, 0xF7, 0xE7, 0xFF, 0x0F, 0xF8, 0x1F, 0xC0,
    0x7F, 0xC7, 0xFF, 0x3F, 0xFD, 0xF3, 0xFF, 0x8F, 0xFC, 0x3F, 0xE1, 0xFF, 0x0F, 0xF8, 0xFF, 0xEF,
    0xFF, 0xFD, 0xFF, 0xEF, 0xFC, 0x7C, 0x03, 0xE0, 0x1F, 0x00, 0xF8, 0x07, 0xC0, 0x00, 0x1F, 0xF1,
    0xFF, 0xDF, 0xFF, 0xF9, 0xFF, 0x8F, 0xF8, 0x7F, 0xC3, 0xFE, 0x1F, 0xF8, 0xFF, 0xE7, 0xDF, 0xFE,
    0xFF, 0xF1, 0xFF, 0x80, 0x7C, 0x03, 0xE0, 0x1F, 0x00, 0xF8, 0x07, 0xC0, 0x7F, 0xFF, 0xEF, 0xFB,
    0xE6, 0xF8, 0x3E, 0x0F, 0x83, 0xE0, 0xF8, 0x3E, 0x0F, 0x83, 0xE0, 0xF8, 0x00, 0x1F, 0xE3, 0xFE,
    0x7F, 0xC7, 0xCC, 0x7F, 0x07, 0xFE, 0x7F, 0xE3, 0xFE, 0x03, 0xE7, 0x1E, 0x7F, 0xE7, 0xFC, 0x7F,
    0x80, 0xF8, 0x3E, 0x0F, 0x83, 0xE0, 0xFF, 0xBF, 0xEF, 0xFB, 0xE0, 0xF8, 0x3E, 0x0F, 0x83, 0xE0,
    0xF8, 0x3F, 0x27, 0xF9, 0xFF, 0x3F, 0x80, 0xF8, 0xFF, 0x8F, 0xF8, 0xFF, 0x8F, 0xF8, 0xFF, 0x8F,
    0xF8, 0xFF, 0x8F, 0xF8, 0xF7, 0xCF, 0x7F, 0xF3, 0xFF, 0x1F, 0xF0, 0xF8, 0x7F, 0xE1, 0xE7, 0x87,
    0x9F, 0x3E, 0x7C, 0xF0, 0xF3, 0xC3, 0xDF, 0x0F, 0xF8, 0x1F, 0xE0, 0x7F, 0x00, 0xFC, 0x03, 0xF0,
    0x07, 0x80, 0xF8, 0xF1, 0xFF, 0x8F, 0x1E, 0x78, 0xF1, 0xE7, 0x9F, 0x3E, 0x7D, 0xFB, 0xC3, 0xDF,
    0xBC, 0x3F, 0xFB, 0xC3, 0xFF, 0xF8, 0x1F, 0xBF, 0x81, 0xF9, 0xF8, 0x1F, 0x9F, 0x00, 0xF1, 0xF0,
    0x0F, 0x0F, 0x00, 0xF8, 0x79, 0xF3, 0xE3, 0xFF, 0x0F, 0xF8, 0x1F, 0xE0, 0x3F, 0x00, 0xF8, 0x03,
    0xF0, 0x1F, 0xE0, 0xFF, 0xC7, 0xCF, 0x1E, 0x3E, 0xF8, 0x7C, 0xF8, 0x7F, 0xE1, 0xE7, 0x87, 0x9F,
    0x3E, 0x7C, 0xF0, 0xF3, 0xC3, 0xFF, 0x0F, 0xF8, 0x1F, 0xE0, 0x7F, 0x80, 0xFC, 0x03, 0xF0, 0x07,
    0x80, 0x3E, 0x05, 0xF0, 0x3F, 0xC0, 0xFE, 0x03, 0xF0, 0x00, 0x7F, 0xF7, 0xFF, 0x7F, 0xF0, 0x3E,
    0x07, 0xC0, 0xF8, 0x0F, 0x81, 0xF0, 0x3E, 0x07, 0xC0, 0x7F, 0xFF, 0xFF, 0xFF, 0xF0, 0x07, 0x87,
    0xE1, 0xF8, 0x7C, 0x1E, 0x07, 0x81, 0xE0, 0x78, 0x1E, 0x0F, 0x83, 0xE3, 0xF0, 0xF8, 0x3F, 0x03,
    0xE0, 0xF8, 0x1E, 0x07, 0x81, 0xE0, 0x78, 0x1E, 0x07, 0xC1, 0xF8, 0x7E, 0x07, 0x80, 0xFF, 0xFF,
    0xFF, 0xFF, 0xFF, 0xFF, 0xFF, 0xFF, 0xFF, 0xFF, 0xFF, 0xFF, 0xF0, 0xF8, 0x7E, 0x3F, 0x07, 0xC3,
    0xE1, 0xF0, 0xF8, 0x7C, 0x3E, 0x1F, 0x07, 0xC3, 0xF0, 0xF8, 0xFC, 0x7C, 0x7C, 0x3E, 0x1F, 0x0F,
    0x87, 0xC3, 0xE1, 0xF3, 0xF1, 0xF8, 0xF8, 0x00, 0x3E, 0x1D, 0xFE, 0xF7, 0xFF, 0xBD, 0xFE, 0xF1,
    0xF0, 0x77, 0xFF, 0xF7, 0x01, 0xCF, 0xFF, 0xFF, 0xFF, 0xFF, 0xFF, 0xFF, 0xC0, 0x0F, 0x81, 0xF0,
    0x3E, 0x0F, 0xF3, 0xFE, 0xFF, 0xBF, 0x37, 0xC0, 0xF0, 0x1E, 0x03, 0xE0, 0x7E, 0x37, 0xFE, 0xFF,
    0xC7, 0xF8, 0x7C, 0x0F, 0x81, 0xF0, 0x07, 0xF0, 0x7F, 0x87, 0xFC, 0x3E, 0x63, 0xE0, 0x1F, 0x00,
    0xF8, 0x1F, 0xFC, 0xFF, 0xE7, 0xFF, 0x0F, 0x80, 0x7C, 0x03, 0xE0, 0x1E, 0x00, 0xFF, 0xE7, 0xFF,
    0x3F, 0xF8, 0x00, 0x00, 0xC0, 0xC7, 0xFF, 0x9F, 0xFF, 0x3F, 0xF8, 0xF3, 0xC3, 0xC7, 0x8F, 0x1E,
    0x3C, 0xF0, 0xFF, 0xE7, 0xFF, 0xDF, 0xFE, 0x30, 0x30, 0x7C, 0x3E, 0x7C, 0x3E, 0x3E, 0x3C, 0x3E,
    0x7C, 0x1F, 0x78, 0x1F, 0xF8, 0x0F, 0xF0, 0x0F, 0xF0, 0x3F, 0xFC, 0x3F, 0xFC, 0x03, 0xC0, 0x03,
    0xC0, 0x3F, 0xFC, 0x3F, 0xFC, 0x03, 0xC0, 0x03, 0xC0, 0x03, 0xC0, 0xFF, 0xFF, 0xFF, 0xFF, 0xFF,
    0x00, 0x00, 0x0F, 0xFF, 0xFF, 0xFF, 0xFF, 0xF0, 0x1F, 0xF1, 0xFF, 0x8F, 0xFC, 0xF8, 0xC7, 0xC0,
    0x3F, 0x80, 0xFF, 0x07, 0xFC, 0x7F, 0xF3, 0xDF, 0x9E, 0x3C, 0xF1, 0xE7, 0xEF, 0x3F, 0xF8, 0xFF,
    0x83, 0xFC, 0x07, 0xF0, 0x0F, 0x9C, 0x7C, 0xFF, 0xEF, 0xFE, 0x3F, 0xE0, 0x79, 0xCF, 0x7D, 0xEF,
    0xBC, 0xE0, 0x07, 0xF8, 0x07, 0xFF, 0x03, 0xF3, 0xF1, 0xF0, 0x3C, 0x7B, 0xF7, 0xBD, 0xFC, 0xEF,
    0x7F, 0x3F, 0x9E, 0xC7, 0xEF, 0x01, 0xFB, 0xC0, 0x7E, 0x7B, 0x1F, 0xDF, 0xCF, 0xF7, 0xFB, 0x9E,
    0xFD, 0xE7, 0xC0, 0xF0, 0xFC, 0xFC, 0x1F, 0xFC, 0x01, 0xFE, 0x00, 0x7F, 0x1F, 0xE2, 0x78, 0x7E,
    0x7F, 0xBF, 0xEF, 0x3B, 0xCE, 0x7F, 0x9F, 0xE0, 0x00, 0x10, 0x1C, 0x78, 0x7C, 0xF1, 0xF3, 0xE7,
    0xCF, 0x8F, 0x9F, 0x3E, 0x7C, 0x3E, 0x7C, 0x7C, 0xF8, 0x7C, 0xF8, 0x7C, 0xF0, 0x71, 0xE0, 0x81,
    0x00, 0xFF, 0xFF, 0xFF, 0xFF, 0xF0, 0x0F, 0x00, 0xF0, 0x0F, 0x00, 0xF0, 0x0F, 0x00, 0xF0, 0xFF,
    0xFF, 0xFF, 0x07, 0xF8, 0x07, 0xFF, 0x03, 0xF3, 0xF1, 0xF0, 0x3C, 0x7F, 0xF7, 0xBD, 0xFC, 0xEF,
    0x77, 0xBF, 0x9D, 0xE7, 0xE7, 0xF9, 0xF9, 0xFC, 0x7E, 0x77, 0x1F, 0xDD, 0xCF, 0xF7, 0x3B, 0x9F,
    0xCF, 0xE7, 0xC0, 0xF0, 0xFC, 0xFC, 0x1F, 0xFC, 0x01, 0xFE, 0x00, 0xFF, 0xFF, 0xFF, 0xE0, 0x3E,
    0x3F, 0xBD, 0xFE, 0xFF, 0x7B, 0xF8, 0xF8, 0x0F, 0x00, 0xF0, 0x0F, 0x00, 0xF0, 0xFF, 0xFF, 0xFF,
    0xFF, 0xF0, 0xF0, 0x0F, 0x00, 0xF0, 0x0F, 0x00, 0x00, 0xFF, 0xFF, 0xFF, 0xFF, 0xF0, 0x7E, 0x7F,
    0x9B, 0xC1, 0xE1, 0xF1, 0xF1, 0xF0, 0xF0, 0x7F, 0x7F, 0x80, 0x7E, 0xFF, 0x6F, 0x0F, 0x3E, 0x3F,
    0x0F, 0x47, 0xFF, 0xFE, 0x18, 0x78, 0xF3, 0xC7, 0x0C, 0x00, 0xF8, 0xF7, 0xC7, 0xBE, 0x3D, 0xF1,
    0xEF, 0x8F, 0x7C, 0x7B, 0xE3, 0xDF, 0x1E, 0xF8, 0xF7, 0xE7, 0xBF, 0xFD, 0xFF, 0xEF, 0xFF, 0x7C,
    0x03, 0xE0, 0x1F, 0x00, 0xF8, 0x07, 0xC0, 0x00, 0x07, 0xF8, 0x7F, 0xFD, 0xFF, 0xFF, 0xFF, 0xFF,
    0xF9, 0xFF, 0xF3, 0xFF, 0xE7, 0xFF, 0xCF, 0xFF, 0x9E, 0xFF, 0x3C, 0xFE, 0x78, 0x7C, 0xF0, 0x79,
    0xE0, 0xF3, 0xC1, 0xE7, 0x83, 0xCF, 0x07, 0x9E, 0x0F, 0x3C, 0x1E, 0x78, 0x3C, 0xF0, 0x79, 0xE0,
    0xF3, 0xC1, 0xE7, 0x80, 0x79, 0xFF, 0xDF, 0x78, 0x38, 0xE7, 0xC7, 0xFF, 0xFF, 0x00, 0x1E, 0xFD,
    0xFB, 0xF0, 0xE1, 0xC3, 0x87, 0x0E, 0x1C, 0x1F, 0x87, 0xF9, 0xEF, 0x38, 0xFF, 0x1F, 0xE3, 0xDC,
    0x7B, 0xDE, 0x3F, 0xC3, 0xF0, 0x10, 0x00, 0xF1, 0xC1, 0xE7, 0xC3, 0xE7, 0xC3, 0xEF, 0x87, 0xCF,
    0x87, 0xCF, 0x9F, 0x3E, 0x3E, 0xF8, 0xF9, 0xF1, 0xE7, 0xC3, 0xC7, 0x01, 0x00, 0x00, 0x1E, 0x07,
    0x81, 0xF8, 0x1E, 0x0F, 0xE0, 0xF0, 0x1F, 0x83, 0xC0, 0x1E, 0x1E, 0x00, 0x78, 0x78, 0x01, 0xE3,
    0xC0, 0x07, 0x8F, 0x1E, 0x1E, 0x78, 0xF8, 0x79, 0xE7, 0xE0, 0x0F, 0x1F, 0x80, 0x3C, 0xEE, 0x01,
    0xE7, 0xB8, 0x07, 0x9F, 0xF0, 0x3C, 0x7F, 0xC0, 0xF0, 0x0E, 0x07, 0x80, 0x38, 0x3E, 0x00, 0x00,
    0x1E, 0x07, 0x03, 0xF0, 0x78, 0x3F, 0x83, 0xC0, 0xFC, 0x3C, 0x01, 0xE3, 0xE0, 0x0F, 0x1E, 0x00,
    0x79, 0xF0, 0x03, 0xCF, 0x7E, 0x1E, 0xFF, 0xF8, 0xF7, 0x9B, 0xC0, 0x7C, 0x1E, 0x03, 0xC1, 0xF0,
    0x3E, 0x1F, 0x01, 0xE1, 0xF0, 0x1F, 0x0F, 0x00, 0xF0, 0xFF, 0x0F, 0x87, 0xF8, 0x78, 0x00, 0x00,
    0x7E, 0x03, 0xC1, 0xFC, 0x1E, 0x06, 0xF0, 0x78, 0x03, 0xC3, 0xC0, 0x3E, 0x0F, 0x00, 0xFC, 0x78,
    0x00, 0x71, 0xE0, 0x19, 0xCF, 0x1E, 0xFF, 0x3C, 0xFB, 0xF9, 0xE7, 0xE0, 0x07, 0x9F, 0x80, 0x3C,
    0xEE, 0x00, 0xF7, 0xB8, 0x07, 0x9F, 0xF0, 0x1E, 0x7F, 0xC0, 0xF0, 0x0E, 0x03, 0xC0, 0x38, 0x1E,
    0x00, 0x00, 0x0F, 0x01, 0xF0, 0x3E, 0x07, 0xC0, 0xF0, 0x00, 0x03, 0xC0, 0x78, 0x1F, 0x03, 0xE0,
    0xF8, 0x3E, 0x0F, 0x81, 0xF0, 0x3F, 0x73, 0xFF, 0x7F, 0xE7, 0xF8, 0x01, 0x80, 0x00, 0xF0, 0x00,
    0x3E, 0x00, 0x07, 0xC0, 0x00, 0xF0, 0x00, 0x18, 0x00, 0x00, 0x00, 0x07, 0x80, 0x03, 0xF0, 0x00,
    0xFC, 0x00, 0x7F, 0x80, 0x1F, 0xE0, 0x0F, 0xFC, 0x03, 0xCF, 0x01, 0xF3, 0xE0, 0x78, 0xF8, 0x1E,
    0x1E, 0x0F, 0xFF, 0xC3, 0xFF, 0xF0, 0xFF, 0xFE, 0x7C, 0x0F, 0x9F, 0x03, 0xEF, 0x80, 0x7F, 0xE0,
    0x1F, 0x00, 0x60, 0x00, 0x3C, 0x00, 0x1F, 0x00, 0x0F, 0x80, 0x03, 0xC0, 0x00, 0x60, 0x00, 0x00,
    0x00, 0x07, 0x80, 0x03, 0xF0, 0x00, 0xFC, 0x00, 0x7F, 0x80, 0x1F, 0xE0, 0x0F, 0xFC, 0x03, 0xCF,
    0x01, 0xF3, 0xE0, 0x78, 0xF8, 0x1E, 0x1E, 0x0F, 0xFF, 0xC3, 0xFF, 0xF0, 0xFF, 0xFE, 0x7C, 0x0F,
    0x9F, 0x03, 0xEF, 0x80, 0x7F, 0xE0, 0x1F, 0x00, 0xC0, 0x00, 0x78, 0x00, 0x3F, 0x00, 0x1F, 0xE0,
    0x03, 0x30, 0x00, 0x00, 0x00, 0x1E, 0x00, 0x0F, 0xC0, 0x03, 0xF0, 0x01, 0xFE, 0x00, 0x7F, 0x80,
    0x3F, 0xF0, 0x0F, 0x3C, 0x07, 0xCF, 0x81, 0xE3, 0xE0, 0x78, 0x78, 0x3F, 0xFF, 0x0F, 0xFF, 0xC3,
    0xFF, 0xF9, 0xF0, 0x3E, 0x7C, 0x0F, 0xBE, 0x01, 0xFF, 0x80, 0x7C, 0x03, 0xD8, 0x01, 0xFF, 0x00,
    0xFF, 0x80, 0x1B, 0xE0, 0x00, 0x00, 0x00, 0x00, 0x00, 0x1E, 0x00, 0x0F, 0xC0, 0x03, 0xF0, 0x01,
    0xFE, 0x00, 0x7F, 0x80, 0x3F, 0xF0, 0x0F, 0x3C, 0x07, 0xCF, 0x81, 0xE3, 0xE0, 0x78, 0x78, 0x3F,
    0xFF, 0x0F, 0xFF, 0xC3, 0xFF, 0xF9, 0xF0, 0x3E, 0x7C, 0x0F, 0xBE, 0x01, 0xFF, 0x80, 0x7C, 0x0F,
    0x38, 0x03, 0xDF, 0x00, 0xF7, 0xC0, 0x3C, 0xE0, 0x00, 0x00, 0x00, 0x00, 0x00, 0x1E, 0x00, 0x0F,
    0xC0, 0x03, 0xF0, 0x01, 0xFE, 0x00, 0x7F, 0x80, 0x3F, 0xF0, 0x0F, 0x3C, 0x07, 0xCF, 0x81, 0xE3,
    0xE0, 0x78, 0x78, 0x3F, 0xFF, 0x0F, 0xFF, 0xC3, 0xFF, 0xF9, 0xF0, 0x3E, 0x7C, 0x0F, 0xBE, 0x01,
    0xFF, 0x80, 0x7C, 0x01, 0xE0, 0x00, 0xFC, 0x00, 0x3F, 0x00, 0x0F, 0xC0, 0x03, 0xF0, 0x00, 0xFC,
    0x00, 0x3F, 0x00, 0x1F, 0xE0, 0x07, 0xF8, 0x01, 0xFE, 0x00, 0xFF, 0xC0, 0x3C, 0xF0, 0x1F, 0x3E,
    0x07, 0x8F, 0x81, 0xE1, 0xE0, 0xFF, 0xFC, 0x3F, 0xFF, 0x1F, 0xFF, 0xE7, 0xC0, 0xF9, 0xE0, 0x3E,
    0xF8, 0x07, 0xFE, 0x01, 0xF0, 0x00, 0x3F, 0xFF, 0x00, 0x7F, 0xFF, 0x00, 0x7F, 0xFF, 0x00, 0xFF,
    0x00, 0x01, 0xFF, 0x00, 0x01, 0xEF, 0x00, 0x03, 0xEF, 0x00, 0x07, 0xCF, 0xFE, 0x07, 0xCF, 0xFE,
    0x0F, 0x8F, 0xFE, 0x0F, 0xFF, 0x00, 0x1F, 0xFF, 0x00, 0x3F, 0xFF, 0x00, 0x3E, 0x0F, 0x00, 0x7C,
    0x0F, 0xFF, 0x7C, 0x0F, 0xFF, 0xF8, 0x0F, 0xFF, 0x07, 0xFC, 0x3F, 0xFC, 0xFF, 0xF3, 0xF8, 0xE7,
    0xC0, 0x1F, 0x00, 0x3E, 0x00, 0x7C, 0x00, 0xF8, 0x01, 0xF0, 0x03, 0xE0, 0x07, 0xC0, 0x07, 0xC0,
    0x0F, 0xE3, 0x8F, 0xFF, 0x8F, 0xFF, 0x07, 0xFC, 0x03, 0x80, 0x07, 0x80, 0x07, 0x00, 0x7E, 0x00,
    0xF8, 0x00, 0x0C, 0x00, 0xF0, 0x07, 0xC0, 0x1F, 0x00, 0x78, 0x01, 0x80, 0x00, 0x1F, 0xFE, 0xFF,
    0xF7, 0xFF, 0xBC, 0x01, 0xE0, 0x0F, 0x00, 0x78, 0x03, 0xFF, 0x9F, 0xFC, 0xFF, 0xE7, 0x80, 0x3C,
    0x01, 0xE0, 0x0F, 0x00, 0x7F, 0xFF, 0xFF, 0xFF, 0xFF, 0x03, 0x00, 0x3C, 0x03, 0xE0, 0x3E, 0x01,
    0xE0, 0x06, 0x00, 0x00, 0x1F, 0xFE, 0xFF, 0xF7, 0xFF, 0xBC, 0x01, 0xE0, 0x0F, 0x00, 0x78, 0x03,
    0xFF, 0x9F, 0xFC, 0xFF, 0xE7, 0x80, 0x3C, 0x01, 0xE0, 0x0F, 0x00, 0x7F, 0xFF, 0xFF, 0xFF, 0xFF,
    0x06, 0x00, 0x78, 0x0F, 0xE0, 0x7F, 0x83, 0x98, 0x00, 0x03, 0xFF, 0xDF, 0xFE, 0xFF, 0xF7, 0x80,
    0x3C, 0x01, 0xE0, 0x0F, 0x00, 0x7F, 0xF3, 0xFF, 0x9F, 0xFC, 0xF0, 0x07, 0x80, 0x3C, 0x01, 0xE0,
    0x0F, 0xFF, 0xFF, 0xFF, 0xFF, 0xE0, 0x79, 0xC3, 0xDF, 0x1E, 0xF8, 0xF3, 0x80, 0x00, 0x00, 0x03,
    0xFF, 0xDF, 0xFE, 0xFF, 0xF7, 0x80, 0x3C, 0x01, 0xE0, 0x0F, 0x00, 0x7F, 0xF3, 0xFF, 0x9F, 0xFC,
    0xF0, 0x07, 0x80, 0x3C, 0x01, 0xE0, 0x0F, 0xFF, 0xFF, 0xFF, 0xFF, 0xE0, 0x30, 0xF1, 0xF1, 0xF1,
    0xE1, 0x80, 0x1E, 0x3C, 0x78, 0xF1, 0xE3, 0xC7, 0x8F, 0x1E, 0x3C, 0x78, 0xF1, 0xE3, 0xC7, 0x8F,
    0x1E, 0x18, 0x79, 0xF7, 0xCF, 0x0C, 0x00, 0x3C, 0x78, 0xF1, 0xE3, 0xC7, 0x8F, 0x1E, 0x3C, 0x78,
    0xF1, 0xE3, 0xC7, 0x8F, 0x1E, 0x3C, 0x18, 0x3C, 0x7E, 0xFF, 0x66, 0x00, 0x3C, 0x3C, 0x3C, 0x3C,
    0x3C, 0x3C, 0x3C, 0x3C, 0x3C, 0x3C, 0x3C, 0x3C, 0x3C, 0x3C, 0x3C, 0x3C, 0x3C, 0xF3, 0xFC, 0xFF,
    0x3F, 0xCF, 0x00, 0x00, 0x01, 0xE0, 0x78, 0x1E, 0x07, 0x81, 0xE0, 0x78, 0x1E, 0x07, 0x81, 0xE0,
    0x78, 0x1E, 0x07, 0x81, 0xE0, 0x78, 0x1E, 0x07, 0x81, 0xE0, 0x3F, 0xF8, 0x0F, 0xFF, 0x83, 0xFF,
    0xF0, 0xF9, 0xFE, 0x3E, 0x0F, 0x8F, 0x83, 0xE3, 0xE0, 0x7F, 0xFF, 0x1F, 0xFF, 0xC7, 0xFF, 0xF1,
    0xF3, 0xE0, 0x7C, 0xF8, 0x3E, 0x3E, 0x1F, 0x8F, 0x9F, 0xC3, 0xFF, 0xF0, 0xFF, 0xF0, 0x3F, 0xF8,
    0x00, 0x0F, 0x70, 0x3F, 0xE0, 0x7F, 0xC0, 0xEF, 0x00, 0x00, 0x00, 0x00, 0x3C, 0x07, 0xFC, 0x0F,
    0xFC, 0x1F, 0xFC, 0x3F, 0xFC, 0x7F, 0xF8, 0xFF, 0xF9, 0xFE, 0xFB, 0xFD, 0xF7, 0xF9, 0xFF, 0xF1,
    0xFF, 0xE1, 0xFF, 0xC3, 0xFF, 0x83, 0xFF, 0x03, 0xFE, 0x07, 0xFC, 0x07, 0x80, 0x01, 0x80, 0x00,
    0xF0, 0x00, 0x3E, 0x00, 0x07, 0xC0, 0x00, 0xF0, 0x00, 0x18, 0x00, 0x00, 0x00, 0x1F, 0xE0, 0x1F,
    0xFE, 0x0F, 0xFF, 0xC7, 0xF3, 0xF1, 0xF0, 0x3E, 0xF8, 0x0F, 0xBE, 0x01, 0xFF, 0x80, 0x7F, 0xE0,
    0x1F, 0xF8, 0x07, 0xFE, 0x01, 0xFF, 0x80, 0xF9, 0xF0, 0x3E, 0x7F, 0x3F, 0x8F, 0xFF, 0xC1, 0xFF,
    0xE0, 0x1F, 0xE0, 0x00, 0x60, 0x00, 0x3C, 0x00, 0x1F, 0x00, 0x0F, 0x80, 0x03, 0xC0, 0x00, 0x60,
    0x00, 0x00, 0x00, 0x1F, 0xE0, 0x1F, 0xFE, 0x0F, 0xFF, 0xC7, 0xF3, 0xF1, 0xF0, 0x3E, 0xF8, 0x0F,
    0xBE, 0x01, 0xFF, 0x80, 0x7F, 0xE0, 0x1F, 0xF8, 0x07, 0xFE, 0x01, 0xFF, 0x80, 0xF9, 0xF0, 0x3E,
    0x7F, 0x3F, 0x8F, 0xFF, 0xC1, 0xFF, 0xE0, 0x1F, 0xE0, 0x00, 0xC0, 0x00, 0x78, 0x00, 0x7F, 0x00,
    0x1F, 0xE0, 0x07, 0x30, 0x00, 0x00, 0x00, 0x7F, 0x80, 0x7F, 0xF8, 0x3F, 0xFF, 0x1F, 0xCF, 0xC7,
    0xC0, 0xFB, 0xE0, 0x3E, 0xF8, 0x07, 0xFE, 0x01, 0xFF, 0x80, 0x7F, 0xE0, 0x1F, 0xF8, 0x07, 0xFE,
    0x03, 0xE7, 0xC0, 0xF9, 0xFC, 0xFE, 0x3F, 0xFF, 0x07, 0xFF, 0x80, 0x7F, 0x80, 0x07, 0xD8, 0x01,
    0xFF, 0x00, 0xFF, 0x80, 0x1B, 0xC0, 0x00, 0x00, 0x00, 0x00, 0x00, 0x7F, 0x80, 0x7F, 0xF8, 0x3F,
    0xFF, 0x1F, 0xCF, 0xC7, 0xC0, 0xFB, 0xE0, 0x3E, 0xF8, 0x07, 0xFE, 0x01, 0xFF, 0x80, 0x7F, 0xE0,
    0x1F, 0xF8, 0x07, 0xFE, 0x03, 0xE7, 0xC0, 0xF9, 0xFC, 0xFE, 0x3F, 0xFF, 0x07, 0xFF, 0x80, 0x7F,
    0x80, 0x0F, 0x38, 0x03, 0xDF, 0x00, 0xF7, 0xC0, 0x3C, 0xE0, 0x00, 0x00, 0x00, 0x00, 0x00, 0x7F,
    0x80, 0x7F, 0xF8, 0x3F, 0xFF, 0x1F, 0xCF, 0xC7, 0xC0, 0xFB, 0xE0, 0x3E, 0xF8, 0x07, 0xFE, 0x01,
    0xFF, 0x80, 0x7F, 0xE0, 0x1F, 0xF8, 0x07, 0xFE, 0x03, 0xE7, 0xC0, 0xF9, 0xFC, 0xFE, 0x3F, 0xFF,
    0x07, 0xFF, 0x80, 0x7F, 0x80, 0x30, 0xC7, 0x9E, 0xFF, 0xF7, 0xFE, 0x3F, 0xC1, 0xF8, 0x3F, 0xC7,
    0xFE, 0xFF, 0xF7, 0x9E, 0x30, 0xC0, 0x00, 0x03, 0x01, 0xFF, 0xE1, 0xFF, 0xF8, 0xFF, 0xFC, 0x7F,
    0x3F, 0x1F, 0x0F, 0xEF, 0x87, 0xFB, 0xE3, 0xFF, 0xF8, 0xF7, 0xFE, 0x79, 0xFF, 0xBC, 0x7F, 0xFE,
    0x1F, 0xFF, 0x8F, 0x9F, 0xC3, 0xE7, 0xF3, 0xF8, 0xFF, 0xFC, 0x7F, 0xFE, 0x1F, 0xFE, 0x03, 0x00,
    0x00, 0x06, 0x00, 0x1E, 0x00, 0x3E, 0x00, 0x3E, 0x00, 0x3C, 0x00, 0x30, 0x00, 0x00, 0x7C, 0x0F,
    0xF8, 0x1F, 0xF0, 0x3F, 0xE0, 0x7F, 0xC0, 0xFF, 0x81, 0xFF, 0x03, 0xFE, 0x07, 0xFC, 0x0F, 0xF8,
    0x1F, 0xF0, 0x3F, 0xE0, 0x7B, 0xE1, 0xF7, 0xE7, 0xEF, 0xFF, 0x8F, 0xFE, 0x07, 0xF8, 0x00, 0xC0,
    0x03, 0xC0, 0x0F, 0x80, 0x3E, 0x00, 0x78, 0x00, 0x60, 0x00, 0x00, 0x7C, 0x0F, 0xF8, 0x1F, 0xF0,
    0x3F, 0xE0, 0x7F, 0xC0, 0xFF, 0x81, 0xFF, 0x03, 0xFE, 0x07, 0xFC, 0x0F, 0xF8, 0x1F, 0xF0, 0x3F,
    0xE0, 0x7B, 0xE1, 0xF7, 0xE7, 0xEF, 0xFF, 0x8F, 0xFE, 0x07, 0xF8, 0x01, 0x80, 0x07, 0x80, 0x3F,
    0x80, 0x7F, 0x80, 0xE6, 0x00, 0x00, 0x3E, 0x07, 0xFC, 0x0F, 0xF8, 0x1F, 0xF0, 0x3F, 0xE0, 0x7F,
    0xC0, 0xFF, 0x81, 0xFF, 0x03, 0xFE, 0x07, 0xFC, 0x0F, 0xF8, 0x1F, 0xF0, 0x3D, 0xF0, 0xFB, 0xF3,
    0xF7, 0xFF, 0xC7, 0xFF, 0x03, 0xFC, 0x00, 0x1E, 0x70, 0x3D, 0xF0, 0x7B, 0xE0, 0xF3, 0x80, 0x00,
    0x00, 0x00, 0x3E, 0x07, 0xFC, 0x0F, 0xF8, 0x1F, 0xF0, 0x3F, 0xE0, 0x7F, 0xC0, 0xFF, 0x81, 0xFF,
    0x03, 0xFE, 0x07, 0xFC, 0x0F, 0xF8, 0x1F, 0xF0, 0x3D, 0xF0, 0xFB, 0xF3, 0xF7, 0xFF, 0xC7, 0xFF,
    0x03, 0xFC, 0x00, 0x00, 0x60, 0x00, 0x78, 0x00, 0x7C, 0x00, 0x7C, 0x00, 0x3C, 0x00, 0x0C, 0x00,
    0x00, 0x01, 0xF0, 0x3F, 0x7C, 0x1F, 0x3E, 0x1F, 0x0F, 0x8F, 0x87, 0xCF, 0x81, 0xF7, 0xC0, 0xFF,
    0xC0, 0x3F, 0xE0, 0x0F, 0xE0, 0x07, 0xE0, 0x01, 0xF0, 0x00, 0xF8, 0x00, 0x7C, 0x00, 0x3E, 0x00,
    0x1F, 0x00, 0x0F, 0x80, 0x07, 0xC0, 0xF0, 0x03, 0xC0, 0x0F, 0xFC, 0x3F, 0xFC, 0xFF, 0xFB, 0xC7,
    0xEF, 0x0F, 0xBC, 0x1F, 0xF0, 0x7F, 0xC3, 0xEF, 0x1F, 0xBF, 0xFE, 0xFF, 0xF3, 0xFF, 0x0F, 0x00,
    0x3C, 0x00, 0xF0, 0x00, 0x1F, 0xC0, 0x7F, 0xE1, 0xFF, 0xC3, 0xE7, 0xC7, 0x8F, 0x9F, 0x1E, 0x3E,
    0x7C, 0x7C, 0xF0, 0xFB, 0xC1, 0xF7, 0x83, 0xEF, 0xC7, 0xDF, 0xCF, 0x9F, 0xDF, 0x0F, 0xFE, 0x0F,
    0xFD, 0x9F, 0xFB, 0xFF, 0xF7, 0xFB, 0xEF, 0xE0, 0x06, 0x00, 0x78, 0x03, 0xE0, 0x0F, 0x00, 0x38,
    0x00, 0xC0, 0x00, 0x07, 0xF8, 0x3F, 0xF1, 0xFF, 0x8C, 0x7C, 0x01, 0xF1, 0xFF, 0xBF, 0xFD, 0xFF,
    0xEF, 0x9F, 0x7C, 0xFB, 0xFF, 0xDF, 0xFE, 0x7F, 0xE0, 0x01, 0x80, 0x1E, 0x01, 0xF0, 0x1F, 0x00,
    0xF0, 0x03, 0x00, 0x00, 0x07, 0xF8, 0x3F, 0xF1, 0xFF, 0x8C, 0x7C, 0x01, 0xF1, 0xFF, 0xBF, 0xFD,
    0xFF, 0xEF, 0x9F, 0x7C, 0xFB, 0xFF, 0xDF, 0xFE, 0x7F, 0xE0, 0x07, 0x00, 0x7C, 0x07, 0xF0, 0x7F,
    0xC1, 0x8C, 0x00, 0x00, 0xFF, 0x07, 0xFE, 0x3F, 0xF1, 0x8F, 0x80, 0x3E, 0x3F, 0xF7, 0xFF, 0xBF,
    0xFD, 0xF3, 0xEF, 0x9F, 0x7F, 0xFB, 0xFF, 0xCF, 0xFC, 0x1F, 0x61, 0xFF, 0x8F, 0xF8, 0x37, 0x80,
    0x00, 0x00, 0x00, 0xFF, 0x07, 0xFE, 0x3F, 0xF1, 0x8F, 0x80, 0x3E, 0x3F, 0xF7, 0xFF, 0xBF, 0xFD,
    0xF3, 0xEF, 0x9F, 0x7F, 0xFB, 0xFF, 0xCF, 0xFC, 0x3C, 0xE1, 0xEF, 0x8F, 0x7C, 0x79, 0xC0, 0x00,
    0x00, 0x00, 0xFF, 0x07, 0xFE, 0x3F, 0xF1, 0x8F, 0x80, 0x3E, 0x3F, 0xF7, 0xFF, 0xBF, 0xFD, 0xF3,
    0xEF, 0x9F, 0x7F, 0xFB, 0xFF, 0xCF, 0xFC, 0x07, 0x80, 0x7E, 0x03, 0x70, 0x1F, 0x80, 0xFC, 0x03,
    0xC0, 0x00, 0x07, 0xF8, 0x3F, 0xF1, 0xFF, 0x8C, 0x7C, 0x01, 0xF1, 0xFF, 0xBF, 0xFD, 0xFF, 0xEF,
    0x9F, 0x7C, 0xFB, 0xFF, 0xDF, 0xFE, 0x7F, 0xE0, 0x3F, 0xCF, 0xC1, 0xFF, 0xFF, 0x0F, 0xFF, 0xFC,
    0x63, 0xFB, 0xF0, 0x0F, 0x87, 0x8F, 0xFF, 0xFD, 0xFF, 0xFF, 0xEF, 0xFF, 0xFF, 0x7C, 0xF8, 0x03,
    0xE3, 0xF3, 0x9F, 0xFF, 0xFC, 0xFF, 0xFF, 0xE3, 0xFF, 0xFF, 0x00, 0x1F, 0xE7, 0xFD, 0xFF, 0x7E,
    0x6F, 0x81, 0xE0, 0x3C, 0x07, 0x80, 0xF8, 0x1F, 0x8D, 0xFF, 0x9F, 0xF0, 0xFE, 0x1E, 0x01, 0xE0,
    0x3C, 0x1F, 0x83, 0xE0, 0x0C, 0x00, 0xF0, 0x07, 0xC0, 0x1F, 0x00, 0x78, 0x01, 0x80, 0x00, 0x03,
    0xF8, 0x3F, 0xE3, 0xFF, 0xBF, 0x7D, 0xF1, 0xFF, 0xFF, 0xFF, 0xFF, 0xFF, 0xFF, 0x00, 0xFC, 0x73,
    0xFF, 0x8F, 0xFC, 0x3F, 0xE0, 0x03, 0x00, 0x3C, 0x03, 0xE0, 0x1E, 0x00, 0xE0, 0x06, 0x00, 0x00,
    0x03, 0xF8, 0x3F, 0xE3, 0xFF, 0xBF, 0x7D, 0xF1, 0xFF, 0xFF, 0xFF, 0xFF, 0xFF, 0xFF, 0x00, 0xFC,
    0x73, 0xFF, 0x8F, 0xFC, 0x3F, 0xE0, 0x06, 0x00, 0x7C, 0x07, 0xF0, 0x7F, 0x81, 0x8C, 0x00, 0x00,
    0x7F, 0x07, 0xFC, 0x7F, 0xF7, 0xEF, 0xBE, 0x3F, 0xFF, 0xFF, 0xFF, 0xFF, 0xFF, 0xE0, 0x1F, 0x8E,
    0x7F, 0xF1, 0xFF, 0x87, 0xFC, 0x39, 0xE3, 0xEF, 0x1F, 0x78, 0x73, 0xC0, 0x00, 0x00, 0x00, 0x7F,
    0x07, 0xFC, 0x7F, 0xF7, 0xEF, 0xBE, 0x3F, 0xFF, 0xFF, 0xFF, 0xFF, 0xFF, 0xE0, 0x1F, 0x8E, 0x7F,
    0xF1, 0xFF, 0x87, 0xFC, 0x30, 0xF1, 0xF1, 0xE1, 0xC1, 0x80, 0x3E, 0x7C, 0xF9, 0xF3, 0xE7, 0xCF,
    0x9F, 0x3E, 0x7C, 0xF9, 0xF3, 0xE0, 0x18, 0xF7, 0xFE, 0xF1, 0x80, 0x3E, 0xFB, 0xEF, 0xBE, 0xFB,
    0xEF, 0xBE, 0xFB, 0xEF, 0xBE, 0x0C, 0x1F, 0x1F, 0xCF, 0xF6, 0x30, 0x00, 0xF8, 0x7C, 0x3E, 0x1F,
    0x0F, 0x87, 0xC3, 0xE1, 0xF0, 0xF8, 0x7C, 0x3E, 0x1F, 0x0F, 0x80, 0x71, 0xCF, 0x7D, 0xEF, 0xB8,
    0xE0, 0x00, 0x00, 0x07, 0xC0, 0xF8, 0x1F, 0x03, 0xE0, 0x7C, 0x0F, 0x81, 0xF0, 0x3E, 0x07, 0xC0,
    0xF8, 0x1F, 0x03, 0xE0, 0x7C, 0x00, 0x07, 0x00, 0x3F, 0xE0, 0x7F, 0x83, 0xFE, 0x0F, 0xF0, 0x1F,
    0xC0, 0x0F, 0x87, 0xFE, 0x7F, 0xF9, 0xFF, 0xEF, 0xCF, 0xBE, 0x1E, 0xF0, 0x7B, 0xC1, 0xEF, 0x8F,
    0xBF, 0x7C, 0x7F, 0xF1, 0xFF, 0x81, 0xFC, 0x00, 0x1E, 0xE1, 0xFF, 0x0F, 0xF8, 0x77, 0x80, 0x00,
    0x00, 0x01, 0xFF, 0x1F, 0xFC, 0xFF, 0xF7, 0xCF, 0xBE, 0x3D, 0xF1, 0xEF, 0x8F, 0x7C, 0x7B, 0xE3,
    0xDF, 0x1E, 0xF8, 0xF7, 0xC7, 0xBE, 0x3C, 0x06, 0x00, 0x3C, 0x00, 0xF0, 0x01, 0xE0, 0x03, 0x80,
    0x06, 0x00, 0x00, 0x07, 0xF0, 0x3F, 0xE1, 0xFF, 0xCF, 0xDF, 0xBE, 0x3E, 0xF0, 0x7B, 0xC1, 0xEF,
    0x07, 0xBE, 0x3E, 0xFD, 0xF9, 0xFF, 0xC3, 0xFE, 0x07, 0xF0, 0x03, 0x80, 0x0F, 0x00, 0x7C, 0x03,
    0xE0, 0x0F, 0x00, 0x18, 0x00, 0x00, 0x07, 0xF0, 0x3F, 0xE1, 0xFF, 0xCF, 0xDF, 0xBE, 0x3E, 0xF0,
    0x7B, 0xC1, 0xEF, 0x07, 0xBE, 0x3E, 0xFD, 0xF9, 0xFF, 0xC3, 0xFE, 0x07, 0xF0, 0x07, 0x00, 0x3E,
    0x01, 0xFC, 0x0F, 0xF8, 0x18, 0xC0, 0x00, 0x01, 0xFC, 0x0F, 0xF8, 0x7F, 0xF3, 0xF7, 0xEF, 0x8F,
    0xBC, 0x1E, 0xF0, 0x7B, 0xC1, 0xEF, 0x8F, 0xBF, 0x7E, 0x7F, 0xF0, 0xFF, 0x81, 0xFC, 0x00, 0x1E,
    0xE0, 0xFF, 0x83, 0xFE, 0x0E, 0xF0, 0x00, 0x00, 0x00, 0x01, 0xFC, 0x0F, 0xF8, 0x7F, 0xF3, 0xF7,
    0xEF, 0x8F, 0xBC, 0x1E, 0xF0, 0x7B, 0xC1, 0xEF, 0x8F, 0xBF, 0x7E, 0x7F, 0xF0, 0xFF, 0x81, 0xFC,
    0x00, 0x3C, 0xE0, 0xF7, 0xC3, 0xDF, 0x0F, 0x38, 0x00, 0x00, 0x00, 0x01, 0xFC, 0x0F, 0xF8, 0x7F,
    0xF3, 0xF7, 0xEF, 0x8F, 0xBC, 0x1E, 0xF0, 0x7B, 0xC1, 0xEF, 0x8F, 0xBF, 0x7E, 0x7F, 0xF0, 0xFF,
    0x81, 0xFC, 0x00, 0x0F, 0x00, 0xF8, 0x0F, 0x80, 0xF0, 0x00, 0x0F, 0xFF, 0xFF, 0xFF, 0xFF, 0x00,
    0x00, 0xF0, 0x0F, 0x80, 0xF8, 0x0F, 0x00, 0x00, 0x30, 0x7F, 0xE3, 0xFF, 0x9F, 0xFC, 0xFD, 0xFB,
    0xEF, 0xEF, 0x3F, 0xBD, 0xDE, 0xFF, 0x7B, 0xF9, 0xEF, 0xDF, 0x9F, 0xFC, 0x7F, 0xE3, 0xFF, 0x06,
    0x00, 0x00, 0x0C, 0x01, 0xE0, 0x1F, 0x00, 0xF8, 0x07, 0x80, 0x30, 0x00, 0x0F, 0x8F, 0xF8, 0xFF,
    0x8F, 0xF8, 0xFF, 0x8F, 0xF8, 0xFF, 0x8F, 0xF8, 0xFF, 0x8F, 0x7C, 0xF7, 0xFF, 0x3F, 0xF1, 0xFF,
    0x03, 0x00, 0x78, 0x07, 0x80, 0xF0, 0x0E, 0x00, 0xC0, 0x00, 0x0F, 0x8F, 0xF8, 0xFF, 0x8F, 0xF8,
    0xFF, 0x8F, 0xF8, 0xFF, 0x8F, 0xF8, 0xFF, 0x8F, 0x7C, 0xF7, 0xFF, 0x3F, 0xF1, 0xFF, 0x06, 0x00,
    0xF8, 0x1F, 0xC3, 0xFC, 0x18, 0xC0, 0x00, 0xF8, 0xFF, 0x8F, 0xF8, 0xFF, 0x8F, 0xF8, 0xFF, 0x8F,
    0xF8, 0xFF, 0x8F, 0xF8, 0xF7, 0xCF, 0x7F, 0xF3, 0xFF, 0x1F, 0xF0, 0x39, 0xE7, 0xDE, 0x7D, 0xE3,
    0x9E, 0x00, 0x00, 0x00, 0xF8, 0xFF, 0x8F, 0xF8, 0xFF, 0x8F, 0xF8, 0xFF, 0x8F, 0xF8, 0xFF, 0x8F,
    0xF8, 0xF7, 0xCF, 0x7F, 0xF3, 0xFF, 0x1F, 0xF0, 0x00, 0xC0, 0x07, 0x80, 0x3E, 0x01, 0xF0, 0x07,
    0x80, 0x0C, 0x00, 0x00, 0x3E, 0x1F, 0xF8, 0x79, 0xE1, 0xE7, 0xCF, 0x9F, 0x3C, 0x3C, 0xF0, 0xFF,
    0xC3, 0xFE, 0x07, 0xF8, 0x1F, 0xE0, 0x3F, 0x00, 0xFC, 0x01, 0xE0, 0x0F, 0x81, 0x7C, 0x0F, 0xF0,
    0x3F, 0x80, 0xFC, 0x00, 0x78, 0x07, 0xC0, 0x3E, 0x01, 0xF0, 0x0F, 0x80, 0x7C, 0x03, 0xFF, 0x1F,
    0xFC, 0xFF, 0xF7, 0xCF, 0xFE, 0x3F, 0xF0, 0xFF, 0x87, 0xFC, 0x3F, 0xE3, 0xFF, 0xBF, 0xFF, 0xF7,
    0xFF, 0xBF, 0xF1, 0xF0, 0x0F, 0x80, 0x7C, 0x03, 0xE0, 0x1F, 0x00, 0x3C, 0xE0, 0xF7, 0xC3, 0xDF,
    0x0F, 0x38, 0x00, 0x00, 0x00, 0x0F, 0x87, 0xFE, 0x1E, 0x78, 0x79, 0xF3, 0xE7, 0xCF, 0x0F, 0x3C,
    0x3F, 0xF0, 0xFF, 0x81, 0xFE, 0x07, 0xF8, 0x0F, 0xC0, 0x3F, 0x00, 0x78, 0x03, 0xE0, 0x5F, 0x03,
    0xFC, 0x0F, 0xE0, 0x3F, 0x00, 0x07, 0xF8, 0x01, 0xFE, 0x00, 0x7F, 0x80, 0x00, 0x00, 0x00, 0x00,
    0x00, 0x00, 0x00, 0x1E, 0x00, 0x0F, 0xC0, 0x03, 0xF0, 0x01, 0xFE, 0x00, 0x7F, 0x80, 0x3F, 0xF0,
    0x0F, 0x3C, 0x07, 0xCF, 0x81, 0xE3, 0xE0, 0x78, 0x78, 0x3F, 0xFF, 0x0F, 0xFF, 0xC3, 0xFF, 0xF9,
    0xF0, 0x3E, 0x7C, 0x0F, 0xBE, 0x01, 0xFF, 0x80, 0x7C, 0x3F, 0xE1, 0xFF, 0x0F, 0xF8, 0x00, 0x00,
    0x00, 0x00, 0x00, 0xFF, 0x07, 0xFE, 0x3F, 0xF1, 0x8F, 0x80, 0x3E, 0x3F, 0xF7, 0xFF, 0xBF, 0xFD,
    0xF3, 0xEF, 0x9F, 0x7F, 0xFB, 0xFF, 0xCF, 0xFC, 0x07, 0x3C, 0x01, 0xEE, 0x00, 0x3F, 0x80, 0x07,
    0xC0, 0x00, 0x00, 0x00, 0x00, 0x00, 0x1E, 0x00, 0x0F, 0xC0, 0x03, 0xF0, 0x01, 0xFE, 0x00, 0x7F,
    0x80, 0x3F, 0xF0, 0x0F, 0x3C, 0x07, 0xCF, 0x81, 0xE3, 0xE0, 0x78, 0x78, 0x3F, 0xFF, 0x0F, 0xFF,
    0xC3, 0xFF, 0xF9, 0xF0, 0x3E, 0x7C, 0x0F, 0xBE, 0x01, 0xFF, 0x80, 0x7C, 0x1C, 0xE0, 0xEF, 0x07,
    0xF8, 0x1F, 0x80, 0x00, 0x00, 0x00, 0xFF, 0x07, 0xFE, 0x3F, 0xF1, 0x8F, 0x80, 0x3E, 0x3F, 0xF7,
    0xFF, 0xBF, 0xFD, 0xF3, 0xEF, 0x9F, 0x7F, 0xFB, 0xFF, 0xCF, 0xFC, 0x01, 0xE0, 0x00, 0x7E, 0x00,
    0x0F, 0xC0, 0x03, 0xFC, 0x00, 0x7F, 0x80, 0x1F, 0xF8, 0x03, 0xCF, 0x00, 0xF9, 0xF0, 0x1E, 0x3E,
    0x03, 0xC3, 0xC0, 0xFF, 0xFC, 0x1F, 0xFF, 0x83, 0xFF, 0xF8, 0xF8, 0x1F, 0x1F, 0x03, 0xE7, 0xC0,
    0x3E, 0xF8, 0x07, 0xC0, 0x00, 0x78, 0x00, 0x1E, 0x00, 0x03, 0x80, 0x00, 0xFC, 0x00, 0x0F, 0xC0,
    0x01, 0xF8, 0x3F, 0xC1, 0xFF, 0x8F, 0xFC, 0x63, 0xE0, 0x0F, 0x8F, 0xFD, 0xFF, 0xEF, 0xFF, 0x7C,
    0xFB, 0xE7, 0xDF, 0xFE, 0xFF, 0xF3, 0xFF, 0x00, 0x78, 0x07, 0x80, 0x78, 0x03, 0xF0, 0x0F, 0xC0,
    0x7E, 0x00, 0x60, 0x01, 0xE0, 0x07, 0xC0, 0x1F, 0x00, 0x3C, 0x00, 0x30, 0x00, 0x00, 0x03, 0xFE,
    0x1F, 0xFE, 0x7F, 0xF9, 0xFC, 0x73, 0xE0, 0x0F, 0x80, 0x1F, 0x00, 0x3E, 0x00, 0x7C, 0x00, 0xF8,
    0x01, 0xF0, 0x03, 0xE0, 0x03, 0xE0, 0x07, 0xF1, 0xC7, 0xFF, 0xC7, 0xFF, 0x87, 0xFE, 0x01, 0x80,
    0x78, 0x1F, 0x07, 0xC0, 0xF0, 0x0C, 0x00, 0x00, 0xFF, 0x3F, 0xEF, 0xFB, 0xF3, 0x7C, 0x0F, 0x01,
    0xE0, 0x3C, 0x07, 0xC0, 0xFC, 0x6F, 0xFC, 0xFF, 0x8F, 0xF0, 0x00, 0xC0, 0x03, 0xC0, 0x1F, 0xC0,
    0x3F, 0xC0, 0x73, 0x00, 0x00, 0x01, 0xFF, 0x0F, 0xFF, 0x3F, 0xFC, 0xFE, 0x39, 0xF0, 0x07, 0xC0,
    0x0F, 0x80, 0x1F, 0x00, 0x3E, 0x00, 0x7C, 0x00, 0xF8, 0x01, 0xF0, 0x01, 0xF0, 0x03, 0xF8, 0xE3,
    0xFF, 0xE3, 0xFF, 0xC3, 0xFF, 0x00, 0x07, 0x01, 0xF0, 0x7F, 0x1F, 0xE1, 0x8C, 0x00, 0x07, 0xF9,
    0xFF, 0x7F, 0xDF, 0x9B, 0xE0, 0x78, 0x0F, 0x01, 0xE0, 0x3E, 0x07, 0xE3, 0x7F, 0xE7, 0xFC, 0x7F,
    0x80, 0x01, 0xE0, 0x03, 0xC0, 0x07, 0x80, 0x0F, 0x00, 0x00, 0x00, 0x00, 0x01, 0xFF, 0x0F, 0xFF,
    0x3F, 0xFC, 0xFE, 0x39, 0xF0, 0x07, 0xC0, 0x0F, 0x80, 0x1F, 0x00, 0x3E, 0x00, 0x7C, 0x00, 0xF8,
    0x01, 0xF0, 0x01, 0xF0, 0x03, 0xF8, 0xE3, 0xFF, 0xE3, 0xFF, 0xC3, 0xFF, 0x00, 0x07, 0x01, 0xF0,
    0x3E, 0x03, 0x80, 0x00, 0x00, 0x07, 0xF9, 0xFF, 0x7F, 0xDF, 0x9B, 0xE0, 0x78, 0x0F, 0x01, 0xE0,
    0x3E, 0x07, 0xE3, 0x7F, 0xE7, 0xFC, 0x7F, 0x80, 0x06, 0x30, 0x0F, 0xF0, 0x1F, 0xC0, 0x0F, 0x00,
    0x0C, 0x00, 0x00, 0x00, 0x00, 0x03, 0xFE, 0x1F, 0xFE, 0x7F, 0xF9, 0xFC, 0x73, 0xE0, 0x0F, 0x80,
    0x1F, 0x00, 0x3E, 0x00, 0x7C, 0x00, 0xF8, 0x01, 0xF0, 0x03, 0xE0, 0x03, 0xE0, 0x07, 0xF1, 0xC7,
    0xFF, 0xC7, 0xFF, 0x87, 0xFE, 0x18, 0xC7, 0xFC, 0x7F, 0x07, 0xC0, 0x70, 0x00, 0x00, 0x00, 0xFF,
    0x3F, 0xEF, 0xFB, 0xF3, 0x7C, 0x0F, 0x01, 0xE0, 0x3C, 0x07, 0xC0, 0xFC, 0x6F, 0xFC, 0xFF, 0x8F,
    0xF0, 0x1C, 0xC0, 0x1F, 0xE0, 0x1F, 0xC0, 0x07, 0x80, 0x03, 0x00, 0x00, 0x00, 0x00, 0x00, 0xFF,
    0xC0, 0xFF, 0xF0, 0xFF, 0xF8, 0xF1, 0xFC, 0xF0, 0x7E, 0xF0, 0x3E, 0xF0, 0x1E, 0xF0, 0x1E, 0xF0,
    0x1F, 0xF0, 0x1E, 0xF0, 0x3E, 0xF0, 0x3E, 0xF0, 0x7E, 0xF1, 0xFC, 0xFF, 0xF8, 0xFF, 0xF0, 0xFF,
    0xC0, 0x00, 0xFB, 0x80, 0x3E, 0xE0, 0x0F, 0xB8, 0x03, 0xEE, 0x00, 0xFB, 0x80, 0x3E, 0xE1, 0xFF,
    0x81, 0xFF, 0xE0, 0x7F, 0xF8, 0x3F, 0x7E, 0x0F, 0x8F, 0x83, 0xC3, 0xE0, 0xF0, 0xF8, 0x3C, 0x3E,
    0x0F, 0x8F, 0x83, 0xF3, 0xE0, 0x7F, 0xF8, 0x0F, 0xFE, 0x01, 0xFF, 0x00, 0x3F, 0xF8, 0x0F, 0xFF,
    0x83, 0xFF, 0xF0, 0xF9, 0xFE, 0x3E, 0x0F, 0x8F, 0x83, 0xE3, 0xE0, 0x7F, 0xFF, 0x1F, 0xFF, 0xC7,
    0xFF, 0xF1, 0xF3, 0xE0, 0x7C, 0xF8, 0x3E, 0x3E, 0x1F, 0x8F, 0x9F, 0xC3, 0xFF, 0xF0, 0xFF, 0xF0,
    0x3F, 0xF8, 0x00, 0x00, 0xF8, 0x03, 0xE0, 0x7F, 0xC1, 0xFF, 0x00, 0xF8, 0x03, 0xE1, 0xFF, 0x8F,
    0xFE, 0x7F, 0xFB, 0xF7, 0xEF, 0x8F, 0xBC, 0x3E, 0xF0, 0xFB, 0xC3, 0xEF, 0x8F, 0xBF, 0x3E, 0x7F,
    0xF8, 0xFF, 0xE1, 0xFF, 0x00, 0x7F, 0xC3, 0xFE, 0x1F, 0xF0, 0x00, 0x00, 0x00, 0x00, 0x03, 0xFF,
    0xDF, 0xFE, 0xFF, 0xF7, 0x80, 0x3C, 0x01, 0xE0, 0x0F, 0x00, 0x7F, 0xF3, 0xFF, 0x9F, 0xFC, 0xF0,
    0x07, 0x80, 0x3C, 0x01, 0xE0, 0x0F, 0xFF, 0xFF, 0xFF, 0xFF, 0xE0, 0x3F, 0xE1, 0xFF, 0x0F, 0xF8,
    0x00, 0x00, 0x00, 0x00, 0x00, 0x7F, 0x07, 0xFC, 0x7F, 0xF7, 0xEF, 0xBE, 0x3F, 0xFF, 0xFF, 0xFF,
    0xFF, 0xFF, 0xE0, 0x1F, 0x8E, 0x7F, 0xF1, 0xFF, 0x87, 0xFC, 0x39, 0xC1, 0xFE, 0x0F, 0xF0, 0x3F,
    0x00, 0x00, 0x00, 0x03, 0xFF, 0xDF, 0xFE, 0xFF, 0xF7, 0x80, 0x3C, 0x01, 0xE0, 0x0F, 0x00, 0x7F,
    0xF3, 0xFF, 0x9F, 0xFC, 0xF0, 0x07, 0x80, 0x3C, 0x01, 0xE0, 0x0F, 0xFF, 0xFF, 0xFF, 0xFF, 0xE0,
    0x39, 0xE1, 0xEE, 0x07, 0xF0, 0x1F, 0x00, 0x00, 0x00, 0x00, 0x7F, 0x07, 0xFC, 0x7F, 0xF7, 0xEF,
    0xBE, 0x3F, 0xFF, 0xFF, 0xFF, 0xFF, 0xFF, 0xE0, 0x1F, 0x8E, 0x7F, 0xF1, 0xFF, 0x87, 0xFC, 0x0F,
    0x00, 0x78, 0x03, 0xC0, 0x1E, 0x00, 0x00, 0x00, 0x03, 0xFF, 0xDF, 0xFE, 0xFF, 0xF7, 0x80, 0x3C,
    0x01, 0xE0, 0x0F, 0x00, 0x7F, 0xF3, 0xFF, 0x9F, 0xFC, 0xF0, 0x07, 0x80, 0x3C, 0x01, 0xE0, 0x0F,
    0xFF, 0xFF, 0xFF, 0xFF, 0xE0, 0x0F, 0x00, 0x7C, 0x03, 0xE0, 0x1E, 0x00, 0x00, 0x00, 0x00, 0x7F,
    0x07, 0xFC, 0x7F, 0xF7, 0xEF, 0xBE, 0x3F, 0xFF, 0xFF, 0xFF, 0xFF, 0xFF, 0xE0, 0x1F, 0x8E, 0x7F,
    0xF1, 0xFF, 0x87, 0xFC, 0xFF, 0xF7, 0xFF, 0xBF, 0xFD, 0xE0, 0x0F, 0x00, 0x78, 0x03, 0xC0, 0x1F,
    0xFC, 0xFF, 0xE7, 0xFF, 0x3C, 0x01, 0xE0, 0x0F, 0x00, 0x78, 0x03, 0xFF, 0xFF, 0xFF, 0xFF, 0xF8,
    0x07, 0x80, 0x38, 0x03, 0xC0, 0x1F, 0x80, 0xFC, 0x03, 0xE0, 0x1F, 0xC1, 0xFF, 0x1F, 0xFD, 0xFB,
    0xEF, 0x8F, 0xFF, 0xFF, 0xFF, 0xFF, 0xFF, 0xF8, 0x07, 0xE3, 0x9F, 0xFC, 0x7F, 0xE1, 0xFF, 0x00,
    0xE0, 0x0F, 0x00, 0x7E, 0x03, 0xF0, 0x1F, 0x80, 0x19, 0x81, 0xFE, 0x07, 0xE0, 0x1E, 0x00, 0x60,
    0x00, 0x00, 0x00, 0x1F, 0xFE, 0xFF, 0xF7, 0xFF, 0xBC, 0x01, 0xE0, 0x0F, 0x00, 0x78, 0x03, 0xFF,
    0x9F, 0xFC, 0xFF, 0xE7, 0x80, 0x3C, 0x01, 0xE0, 0x0F, 0x00, 0x7F, 0xFF, 0xFF, 0xFF, 0xFF, 0x18,
    0xC1, 0xFF, 0x07, 0xF0, 0x1F, 0x00, 0x70, 0x00, 0x00, 0x00, 0x03, 0xF8, 0x3F, 0xE3, 0xFF, 0xBF,
    0x7D, 0xF1, 0xFF, 0xFF, 0xFF, 0xFF, 0xFF, 0xFF, 0x00, 0xFC, 0x73, 0xFF, 0x8F, 0xFC, 0x3F, 0xE0,
    0x00, 0xC0, 0x03, 0xC0, 0x1F, 0xC0, 0x3F, 0xC0, 0x73, 0x00, 0x00, 0x01, 0xFF, 0x0F, 0xFF, 0x3F,
    0xFE, 0xFE, 0x39, 0xF0, 0x07, 0xC0, 0x0F, 0x80, 0x1F, 0x00, 0x3E, 0x07, 0xFC, 0x0F, 0xF8, 0x1F,
    0xF0, 0x3D, 0xF0, 0x7B, 0xF8, 0xF3, 0xFF, 0xE3, 0xFF, 0xC1, 0xFF, 0x80, 0x03, 0x00, 0x3C, 0x07,
    0xF0, 0x3F, 0xC0, 0xCC, 0x00, 0x00, 0x7F, 0xC7, 0xFE, 0x7F, 0xF7, 0xE7, 0xBE, 0x3D, 0xE1, 0xEF,
    0x0F, 0x78, 0x7B, 0xE3, 0xDF, 0xBE, 0x7F, 0xF3, 0xFF, 0x8F, 0xFC, 0x01, 0xE7, 0x1F, 0x3F, 0xF9,
    0xFF, 0x8F, 0xF8, 0x0F, 0x38, 0x0E, 0xF0, 0x1F, 0xC0, 0x1F, 0x00, 0x00, 0x00, 0x00, 0x01, 0xFF,
    0x0F, 0xFF, 0x3F, 0xFE, 0xFE, 0x39, 0xF0, 0x07, 0xC0, 0x0F, 0x80, 0x1F, 0x00, 0x3E, 0x07, 0xFC,
    0x0F, 0xF8, 0x1F, 0xF0, 0x3D, 0xF0, 0x7B, 0xF8, 0xF3, 0xFF, 0xE3, 0xFF, 0xC1, 0xFF, 0x80, 0x1C,
    0xE0, 0xEF, 0x07, 0xF8, 0x1F, 0x80, 0x00, 0x00, 0x00, 0x7F, 0xC7, 0xFE, 0x7F, 0xF7, 0xE7, 0xBE,
    0x3D, 0xE1, 0xEF, 0x0F, 0x78, 0x7B, 0xE3, 0xDF, 0xBE, 0x7F, 0xF3, 0xFF, 0x8F, 0xFC, 0x01, 0xE7,
    0x1F, 0x3F, 0xF9, 0xFF, 0x8F, 0xF8, 0x01, 0xE0, 0x03, 0xC0, 0x07, 0x80, 0x0F, 0x00, 0x00, 0x00,
    0x00, 0x01, 0xFF, 0x0F, 0xFF, 0x3F, 0xFE, 0xFE, 0x39, 0xF0, 0x07, 0xC0, 0x0F, 0x80, 0x1F, 0x00,
    0x3E, 0x07, 0xFC, 0x0F, 0xF8, 0x1F, 0xF0, 0x3D, 0xF0, 0x7B, 0xF8, 0xF3, 0xFF, 0xE3, 0xFF, 0xC1,
    0xFF, 0x80, 0x07, 0x00, 0x7C, 0x03, 0xE0, 0x0E, 0x00, 0x00, 0x00, 0x00, 0x7F, 0xC7, 0xFE, 0x7F,
    0xF7, 0xE7, 0xBE, 0x3D, 0xE1, 0xEF, 0x0F, 0x78, 0x7B, 0xE3, 0xDF, 0xBE, 0x7F, 0xF3, 0xFF, 0x8F,
    0xFC, 0x01, 0xE7, 0x1F, 0x3F, 0xF9, 0xFF, 0x8F, 0xF8, 0x07, 0xFC, 0x3F, 0xFC, 0xFF, 0xFB, 0xF8,
    0xE7, 0xC0, 0x1F, 0x00, 0x3E, 0x00, 0x7C, 0x00, 0xF8, 0x1F, 0xF0, 0x3F, 0xE0, 0x7F, 0xC0, 0xF7,
    0xC1, 0xEF, 0xE3, 0xCF, 0xFF, 0x8F, 0xFF, 0x07, 0xFE, 0x00, 0x00, 0x07, 0x80, 0x0F, 0x00, 0x7E,
    0x00, 0x78, 0x00, 0x01, 0x80, 0x1E, 0x01, 0xE0, 0x0F, 0x00, 0x78, 0x00, 0x00, 0x00, 0x03, 0xFE,
    0x3F, 0xF3, 0xFF, 0xBF, 0x3D, 0xF1, 0xEF, 0x0F, 0x78, 0x7B, 0xC3, 0xDF, 0x1E, 0xFD, 0xF3, 0xFF,
    0x9F, 0xFC, 0x7F, 0xE0, 0x0F, 0x38, 0xF9, 0xFF, 0xCF, 0xFC, 0x7F, 0xC0, 0x03, 0x00, 0x0F, 0x00,
    0x3F, 0x80, 0xFF, 0x00, 0xCE, 0x00, 0x00, 0x3C, 0x0F, 0xF8, 0x1F, 0xF0, 0x3F, 0xE0, 0x7F, 0xC0,
    0xFF, 0x81, 0xFF, 0x03, 0xFF, 0xFF, 0xFF, 0xFF, 0xFF, 0xFF, 0xF0, 0x3F, 0xE0, 0x7F, 0xC0, 0xFF,
    0x81, 0xFF, 0x03, 0xFE, 0x07, 0xFC, 0x0F, 0x80, 0x1C, 0x01, 0xF0, 0x1F, 0xC0, 0xFE, 0x06, 0x30,
    0x00, 0x01, 0xE0, 0x1F, 0x00, 0xF8, 0x07, 0xC0, 0x3E, 0x01, 0xF0, 0x0F, 0xFC, 0x7F, 0xF3, 0xFF,
    0xDF, 0x3E, 0xF8, 0xF7, 0xC7, 0xBE, 0x3D, 0xF1, 0xEF, 0x8F, 0x7C, 0x7B, 0xE3, 0xDF, 0x1E, 0xF8,
    0xF0, 0x3E, 0x0F, 0x87, 0xC1, 0xF3, 0xFF, 0xFF, 0xFF, 0xFF, 0xFF, 0xFF, 0xFE, 0x7C, 0x1F, 0x0F,
    0x83, 0xE1, 0xFF, 0xFC, 0x3F, 0xFF, 0x87, 0xFF, 0xF0, 0xF8, 0x3E, 0x1F, 0x07, 0xC3, 0xE0, 0xF8,
    0x7C, 0x1F, 0x0F, 0x83, 0xE1, 0xF0, 0x7C, 0x3E, 0x0F, 0x80, 0x3C, 0x00, 0xF0, 0x0F, 0xFC, 0x3F,
    0xF0, 0x3C, 0x00, 0xF0, 0x03, 0xFE, 0x0F, 0xFC, 0x3F, 0xF8, 0xF3, 0xE3, 0xC7, 0xCF, 0x1F, 0x3C,
    0x7C, 0xF1, 0xF3, 0xC7, 0xCF, 0x1F, 0x3C, 0x7C, 0xF1, 0xF3, 0xC7, 0xC0, 0x7D, 0x9F, 0xFF, 0xF9,
    0xBE, 0x00, 0x00, 0x01, 0xE0, 0x78, 0x1E, 0x07, 0x81, 0xE0, 0x78, 0x1E, 0x07, 0x81, 0xE0, 0x78,
    0x1E, 0x07, 0x81, 0xE0, 0x78, 0x1E, 0x07, 0x81, 0xE0, 0x7D, 0xBF, 0xEF, 0xFB, 0xBC, 0x00, 0x00,
    0x03, 0xE0, 0xF8, 0x3E, 0x0F, 0x83, 0xE0, 0xF8, 0x3E, 0x0F, 0x83, 0xE0, 0xF8, 0x3E, 0x0F, 0x83,
    0xE0, 0x7F, 0x9F, 0xE7, 0xF8, 0x00, 0x00, 0x00, 0x01, 0xE0, 0x78, 0x1E, 0x07, 0x81, 0xE0, 0x78,
    0x1E, 0x07, 0x81, 0xE0, 0x78, 0x1E, 0x07, 0x81, 0xE0, 0x78, 0x1E, 0x07, 0x81, 0xE0, 0xFF, 0xFF,
    0xFF, 0xE0, 0x00, 0x00, 0x00, 0xF8, 0x7C, 0x3E, 0x1F, 0x0F, 0x87, 0xC3, 0xE1, 0xF0, 0xF8, 0x7C,
    0x3E, 0x1F, 0x0F, 0x80, 0xE7, 0xFB, 0x9F, 0xC7, 0xC0, 0x00, 0x00, 0xF0, 0x78, 0x3C, 0x1E, 0x0F,
    0x07, 0x83, 0xC1, 0xE0, 0xF0, 0x78, 0x3C, 0x1E, 0x0F, 0x07, 0x83, 0xC1, 0xE0, 0xF0, 0xF3, 0xFB,
    0xDF, 0xC7, 0xC0, 0x00, 0x00, 0xF8, 0x7C, 0x3E, 0x1F, 0x0F, 0x87, 0xC3, 0xE1, 0xF0, 0xF8, 0x7C,
    0x3E, 0x1F, 0x0F, 0x80, 0x3C, 0x78, 0xF1, 0xE3, 0xC7, 0x8F, 0x1E, 0x3C, 0x78, 0xF1, 0xE3, 0xC7,
    0x8F, 0x1E, 0x3C, 0x79, 0xE3, 0xCF, 0xEF, 0xDF, 0x80, 0x3D, 0xF7, 0xCF, 0x00, 0x07, 0xDF, 0x7D,
    0xF7, 0xDF, 0x7D, 0xF7, 0xDF, 0x7D, 0xF7, 0xDE, 0x73, 0xCF, 0xFF, 0x7C, 0x7B, 0xDE, 0xF0, 0x01,
    0xEF, 0x7B, 0xDE, 0xF7, 0xBD, 0xEF, 0x7B, 0xDE, 0xF7, 0xBD, 0xE0, 0xFF, 0xFF, 0xFF, 0xFF, 0xFF,
    0xFF, 0xFF, 0xFF, 0x80, 0xF0, 0x07, 0xFC, 0x01, 0xFF, 0x00, 0x7F, 0xC0, 0x1F, 0xF0, 0x07, 0xFC,
    0x01, 0xFF, 0x00, 0x7F, 0xC0, 0x1F, 0xF0, 0x07, 0xFC, 0x01, 0xFF, 0x00, 0x7F, 0xC0, 0x1F, 0xF0,
    0x07, 0xFC, 0x73, 0xEF, 0x3F, 0xFB, 0xCF, 0xFC, 0xF1, 0xFE, 0x00, 0x78, 0xFF, 0x9F, 0xF9, 0xF7,
    0x8F, 0x00, 0x00, 0x00, 0xF8, 0xFF, 0x8F, 0xF8, 0xFF, 0x8F, 0xF8, 0xFF, 0x8F, 0xF8, 0xFF, 0x8F,
    0xF8, 0xFF, 0x8F, 0xF8, 0xFF, 0x8F, 0xF8, 0xF0, 0x1F, 0x01, 0xF0, 0xFF, 0x0F, 0xE0, 0xFC, 0x00,
    0xE0, 0x07, 0xC0, 0x3F, 0x81, 0xFE, 0x03, 0x18, 0x00, 0x00, 0x1F, 0x00, 0x7C, 0x01, 0xF0, 0x07,
    0xC0, 0x1F, 0x00, 0x7C, 0x01, 0xF0, 0x07, 0xC0, 0x1F, 0x00, 0x7C, 0x01, 0xF0, 0x07, 0xC0, 0x1F,
    0x1C, 0xF8, 0xFF, 0xE3, 0xFF, 0x07, 0xF8, 0x00, 0x06, 0x07, 0xC3, 0xF8, 0xFF, 0x31, 0x80, 0x01,
    0xF0, 0x7C, 0x1F, 0x07, 0xC1, 0xF0, 0x7C, 0x1F, 0x07, 0xC1, 0xF0, 0x7C, 0x1F, 0x07, 0xC1, 0xF0,
    0x7C, 0x1F, 0x3F, 0x8F, 0xE3, 0xF0, 0xF0, 0x7D, 0xE1, 0xF3, 0xC7, 0xE7, 0x9F, 0x8F, 0x7E, 0x1F,
    0xF8, 0x3F, 0xE0, 0x7F, 0x80, 0xFF, 0x01, 0xFF, 0x03, 0xFF, 0x07, 0xBF, 0x0F, 0x3F, 0x1E, 0x3F,
    0x3C, 0x3E, 0x78, 0x3E, 0xF0, 0x7E, 0x00, 0x00, 0x1E, 0x00, 0x3C, 0x00, 0xF8, 0x01, 0xE0, 0x00,
    0x78, 0x03, 0xE0, 0x0F, 0x80, 0x3E, 0x00, 0xF8, 0x03, 0xE0, 0x0F, 0x8F, 0xBE, 0x7C, 0xFB, 0xE3,
    0xFF, 0x0F, 0xF8, 0x3F, 0xC0, 0xFF, 0x83, 0xFF, 0x0F, 0xFE, 0x3E, 0xF8, 0xF9, 0xF3, 0xE3, 0xEF,
    0x8F, 0x80, 0x00, 0x07, 0x80, 0x3E, 0x01, 0xF0, 0x07, 0x80, 0xF8, 0xFB, 0xE7, 0xCF, 0xBE, 0x3F,
    0xF0, 0xFF, 0x83, 0xFC, 0x0F, 0xF8, 0x3F, 0xF0, 0xFF, 0xE3, 0xEF, 0x8F, 0x9F, 0x3E, 0x7E, 0xF8,
    0xF8, 0x1C, 0x00, 0xF0, 0x0F, 0x80, 0xF8, 0x07, 0x80, 0x18, 0x00, 0x00, 0x0F, 0x00, 0x78, 0x03,
    0xC0, 0x1E, 0x00, 0xF0, 0x07, 0x80, 0x3C, 0x01, 0xE0, 0x0F, 0x00, 0x78, 0x03, 0xC0, 0x1E, 0x00,
    0xF0, 0x07, 0x80, 0x3F, 0xFD, 0xFF, 0xEF, 0xFF, 0x0C, 0xFB, 0xFF, 0x80, 0x0F, 0x3E, 0x7C, 0xF9,
    0xF3, 0xE7, 0xCF, 0x9F, 0x3E, 0x7C, 0xF9, 0xF3, 0xE7, 0xCF, 0xCF, 0xDF, 0x9E, 0xF0, 0x0F, 0x00,
    0xF0, 0x0F, 0x00, 0xF0, 0x0F, 0x00, 0xF0, 0x0F, 0x00, 0xF0, 0x0F, 0x00, 0xF0, 0x0F, 0x00, 0xF0,
    0x0F, 0x00, 0xFF, 0xFF, 0xFF, 0xFF, 0xF0, 0x00, 0x0F, 0x00, 0xF0, 0x1F, 0x01, 0xE0, 0x79, 0xF3,
    0xE7, 0xCF, 0x9F, 0x3E, 0x7C, 0xF9, 0xF3, 0xE7, 0xCF, 0x9F, 0x3E, 0x7E, 0x7E, 0xFC, 0xF0, 0x03,
    0x8F, 0x3E, 0x78, 0xF3, 0xCF, 0x3C, 0xF3, 0x8F, 0x38, 0xF3, 0x8F, 0x38, 0xF0, 0x0F, 0x00, 0xF0,
    0x0F, 0x00, 0xF0, 0x0F, 0x00, 0xF0, 0x0F, 0x00, 0xFF, 0xFF, 0xFF, 0xFF, 0xF0, 0x7B, 0xFE, 0xEF,
    0xBB, 0xEE, 0xFB, 0xBE, 0xEF, 0x83, 0xE0, 0xF8, 0x3E, 0x0F, 0x83, 0xE0, 0xF8, 0x3E, 0x0F, 0x83,
    0xF0, 0x7E, 0x1F, 0x83, 0xC0, 0xF0, 0x0F, 0x00, 0xF0, 0x0F, 0x00, 0xF1, 0xEF, 0x3E, 0xF3, 0xFF,
    0x3E, 0xF1, 0xEF, 0x00, 0xF0, 0x0F, 0x00, 0xF0, 0x0F, 0x00, 0xFF, 0xFF, 0xFF, 0xFF, 0xF0, 0x78,
    0x0F, 0x80, 0xF8, 0x0F, 0x80, 0xF8, 0x0F, 0x80, 0xF9, 0xEF, 0xBF, 0xFB, 0xFF, 0xBF, 0xF9, 0xEF,
    0x80, 0xF8, 0x0F, 0x80, 0xF8, 0x0F, 0xC0, 0x7E, 0x07, 0xE0, 0x3C, 0x00, 0x3E, 0x00, 0x7C, 0x00,
    0xF8, 0x01, 0xF0, 0x03, 0xE4, 0x07, 0xFC, 0x0F, 0xF8, 0x1F, 0xE0, 0x7F, 0x81, 0xFC, 0x03, 0xF8,
    0x03, 0xF0, 0x03, 0xE0, 0x07, 0xC0, 0x0F, 0xFF, 0x9F, 0xFF, 0x3F, 0xFE, 0x1F, 0x03, 0xE0, 0x7C,
    0x0F, 0x81, 0xF0, 0x3F, 0x07, 0xF0, 0xFE, 0x7F, 0x8F, 0xE1, 0xFC, 0x1F, 0x81, 0xF0, 0x3E, 0x07,
    0xC0, 0xF8, 0x1F, 0x81, 0xF0, 0x1E, 0x00, 0x01, 0x80, 0x03, 0xC0, 0x0F, 0x80, 0x3E, 0x00, 0x78,
    0x00, 0x40, 0x00, 0x00, 0x78, 0x0F, 0xF8, 0x1F, 0xF8, 0x3F, 0xF8, 0x7F, 0xF8, 0xFF, 0xF1, 0xFF,
    0xF3, 0xFD, 0xF7, 0xFB, 0xEF, 0xF3, 0xFF, 0xE3, 0xFF, 0xC3, 0xFF, 0x87, 0xFF, 0x07, 0xFE, 0x07,
    0xFC, 0x0F, 0xF8, 0x0F, 0x03, 0x00, 0x3C, 0x03, 0xE0, 0x3E, 0x01, 0xE0, 0x06, 0x00, 0x00, 0x0F,
    0xF8, 0xFF, 0xE7, 0xFF, 0xBE, 0x7D, 0xF1, 0xEF, 0x8F, 0x7C, 0x7B, 0xE3, 0xDF, 0x1E, 0xF8, 0xF7,
    0xC7, 0xBE, 0x3D, 0xF1, 0xE0, 0xF0, 0x1F, 0xF0, 0x3F, 0xF0, 0x7F, 0xF0, 0xFF, 0xF1, 0xFF, 0xE3,
    0xFF, 0xE7, 0xFB, 0xEF, 0xF7, 0xDF, 0xE7, 0xFF, 0xC7, 0xFF, 0x87, 0xFF, 0x0F, 0xFE, 0x0F, 0xFC,
    0x0F, 0xF8, 0x1F, 0xF0, 0x1E, 0x00, 0x00, 0x0F, 0x00, 0x3E, 0x00, 0xF8, 0x01, 0xF0, 0x00, 0x7F,
    0xC7, 0xFF, 0x3F, 0xFD, 0xF3, 0xEF, 0x8F, 0x7C, 0x7B, 0xE3, 0xDF, 0x1E, 0xF8, 0xF7, 0xC7, 0xBE,
    0x3D, 0xF1, 0xEF, 0x8F, 0x00, 0x00, 0x1C, 0x01, 0xE0, 0x1F, 0x00, 0xF0, 0x00, 0x0C, 0xE0, 0x3F,
    0xC0, 0x3F, 0x80, 0x3C, 0x00, 0x30, 0x00, 0x00, 0x00, 0x00, 0x78, 0x0F, 0xF8, 0x1F, 0xF8, 0x3F,
    0xF8, 0x7F, 0xF8, 0xFF, 0xF1, 0xFF, 0xF3, 0xFD, 0xF7, 0xFB, 0xEF, 0xF3, 0xFF, 0xE3, 0xFF, 0xC3,
    0xFF, 0x87, 0xFF, 0x07, 0xFE, 0x07, 0xFC, 0x0F, 0xF8, 0x0F, 0x18, 0xC1, 0xFE, 0x07, 0xF0, 0x1F,
    0x00, 0x60, 0x00, 0x00, 0x00, 0x0F, 0xF8, 0xFF, 0xE7, 0xFF, 0xBE, 0x7D, 0xF1, 0xEF, 0x8F, 0x7C,
    0x7B, 0xE3, 0xDF, 0x1E, 0xF8, 0xF7, 0xC7, 0xBE, 0x3D, 0xF1, 0xE0, 0x78, 0x00, 0xF0, 0x01, 0xE0,
    0x03, 0xC0, 0x0F, 0x00, 0x1E, 0x00, 0x07, 0xFE, 0x0F, 0xFE, 0x1F, 0xFE, 0x3E, 0x7C, 0x7C, 0x78,
    0xF8, 0xF1, 0xF1, 0xE3, 0xE3, 0xC7, 0xC7, 0x8F, 0x8F, 0x1F, 0x1E, 0x3E, 0x3C, 0x7C, 0x78, 0xF0,
    0x1F, 0xF0, 0x3F, 0xF0, 0x7F, 0xF0, 0xFF, 0xF1, 0xFF, 0xE3, 0xFF, 0xE7, 0xFB, 0xEF, 0xF7, 0xDF,
    0xE7, 0xFF, 0xC7, 0xFF, 0x87, 0xFF, 0x0F, 0xFE, 0x0F, 0xFC, 0x1F, 0xF8, 0x1F, 0xF0, 0x1E, 0x00,
    0x3C, 0x00, 0xF8, 0x07, 0xF0, 0x0F, 0xC0, 0x1F, 0x00, 0x7F, 0xC7, 0xFF, 0x3F, 0xFD, 0xF3, 0xEF,
    0x8F, 0x7C, 0x7B, 0xE3, 0xDF, 0x1E, 0xF8, 0xF7, 0xC7, 0xBE, 0x3D, 0xF1, 0xEF, 0x8F, 0x00, 0x78,
    0x07, 0xC0, 0xFE, 0x07, 0xF0, 0x3F, 0x00, 0x0F, 0xF8, 0x03, 0xFE, 0x00, 0xFF, 0x80, 0x00, 0x00,
    0x00, 0x00, 0x00, 0x00, 0x00, 0x7F, 0x80, 0x7F, 0xF8, 0x3F, 0xFF, 0x1F, 0xCF, 0xC7, 0xC0, 0xFB,
    0xE0, 0x3E, 0xF8, 0x07, 0xFE, 0x01, 0xFF, 0x80, 0x7F, 0xE0, 0x1F, 0xF8, 0x07, 0xFE, 0x03, 0xE7,
    0xC0, 0xF9, 0xFC, 0xFE, 0x3F, 0xFF, 0x07, 0xFF, 0x80, 0x7F, 0x80, 0x3F, 0xE0, 0xFF, 0x83, 0xFE,
    0x00, 0x00, 0x00, 0x00, 0x00, 0x01, 0xFC, 0x0F, 0xF8, 0x7F, 0xF3, 0xF7, 0xEF, 0x8F, 0xBC, 0x1E,
    0xF0, 0x7B, 0xC1, 0xEF, 0x8F, 0xBF, 0x7E, 0x7F, 0xF0, 0xFF, 0x81, 0xFC, 0x00, 0x0F, 0x38, 0x01,
    0xDE, 0x00, 0x7F, 0x80, 0x0F, 0xC0, 0x00, 0x00, 0x00, 0x00, 0x00, 0x7F, 0x80, 0x7F, 0xF8, 0x3F,
    0xFF, 0x1F, 0xCF, 0xC7, 0xC0, 0xFB, 0xE0, 0x3E, 0xF8, 0x07, 0xFE, 0x01, 0xFF, 0x80, 0x7F, 0xE0,
    0x1F, 0xF8, 0x07, 0xFE, 0x03, 0xE7, 0xC0, 0xF9, 0xFC, 0xFE, 0x3F, 0xFF, 0x07, 0xFF, 0x80, 0x7F,
    0x80, 0x3C, 0xE0, 0xF7, 0x81, 0xFC, 0x03, 0xE0, 0x00, 0x00, 0x00, 0x01, 0xFC, 0x0F, 0xF8, 0x7F,
    0xF3, 0xF7, 0xEF, 0x8F, 0xBC, 0x1E, 0xF0, 0x7B, 0xC1, 0xEF, 0x8F, 0xBF, 0x7E, 0x7F, 0xF0, 0xFF,
    0x81, 0xFC, 0x00, 0x01, 0x8C, 0x00, 0xF3, 0x80, 0x3D, 0xE0, 0x1E, 0xF0, 0x07, 0x38, 0x01, 0x8C,
    0x00, 0x00, 0x00, 0x1F, 0xE0, 0x1F, 0xFE, 0x0F, 0xFF, 0xC7, 0xF3, 0xF1, 0xF0, 0x3E, 0xF8, 0x0F,
    0xBE, 0x01, 0xFF, 0x80, 0x7F, 0xE0, 0x1F, 0xF8, 0x07, 0xFE, 0x01, 0xFF, 0x80, 0xF9, 0xF0, 0x3E,
    0x7F, 0x3F, 0x8F, 0xFF, 0xC1, 0xFF, 0xE0, 0x1F, 0xE0, 0x04, 0x20, 0x39, 0xE1, 0xFF, 0x87, 0xBC,
    0x3D, 0xE0, 0xE3, 0x00, 0x00, 0x07, 0xF0, 0x3F, 0xE1, 0xFF, 0xCF, 0xDF, 0xBE, 0x3E, 0xF0, 0x7B,
    0xC1, 0xEF, 0x07, 0xBE, 0x3E, 0xFD, 0xF9, 0xFF, 0xC3, 0xFE, 0x07, 0xF0, 0x07, 0xFF, 0xFE, 0x1F,
    0xFF, 0xFE, 0x3F, 0xFF, 0xFE, 0x7F, 0x9E, 0x00, 0x7C, 0x1E, 0x00, 0xF8, 0x1E, 0x00, 0xF8, 0x1E,
    0x00, 0xF8, 0x1F, 0xFC, 0xF8, 0x1F, 0xFC, 0xF8, 0x1F, 0xFC, 0xF8, 0x1E, 0x00, 0xF8, 0x1E, 0x00,
    0x7C, 0x1E, 0x00, 0x7F, 0x9E, 0x00, 0x3F, 0xFF, 0xFE, 0x1F, 0xFF, 0xFE, 0x07, 0xFF, 0xFE, 0x1F,
    0xCF, 0xE0, 0xFF, 0xFF, 0xC7, 0xFF, 0xFF, 0xBF, 0x7F, 0x3E, 0xF8, 0xF8, 0x7B, 0xC1, 0xFF, 0xFF,
    0x07, 0xFF, 0xFC, 0x1F, 0xFF, 0xF8, 0xF8, 0x03, 0xF7, 0xF8, 0xC7, 0xFF, 0xFF, 0x8F, 0xFF, 0xFE,
    0x1F, 0xCF, 0xF8, 0x03, 0x00, 0x0F, 0x00, 0x3E, 0x00, 0xF8, 0x01, 0xE0, 0x01, 0x80, 0x00, 0x00,
    0x7F, 0xE0, 0xFF, 0xF1, 0xFF, 0xF3, 0xC7, 0xE7, 0x87, 0xCF, 0x07, 0x9E, 0x1F, 0x3C, 0x7E, 0x7F,
    0xFC, 0xFF, 0xF1, 0xFF, 0xC3, 0xCF, 0x87, 0x8F, 0x8F, 0x1F, 0x9E, 0x1F, 0x3C, 0x3F, 0x78, 0x3E,
    0x06, 0x03, 0xC1, 0xF0, 0xF8, 0x3C, 0x06, 0x00, 0x01, 0xFF, 0xFF, 0xBF, 0xEF, 0x9B, 0xE0, 0xF8,
    0x3E, 0x0F, 0x83, 0xE0, 0xF8, 0x3E, 0x0F, 0x83, 0xE0, 0xFF, 0xC1, 0xFF, 0xE3, 0xFF, 0xE7, 0x8F,
    0xCF, 0x0F, 0x9E, 0x0F, 0x3C, 0x3E, 0x78, 0xFC, 0xFF, 0xF9, 0xFF, 0xE3, 0xFF, 0x87, 0x9F, 0x0F,
    0x1F, 0x1E, 0x3F, 0x3C, 0x3E, 0x78, 0x7E, 0xF0, 0x7C, 0x00, 0x00, 0x1E, 0x00, 0x3C, 0x01, 0xF0,
    0x03, 0xE0, 0x00, 0x3F, 0xEF, 0xF9, 0xFF, 0x3E, 0x67, 0xC0, 0xF8, 0x1F, 0x03, 0xE0, 0x7C, 0x0F,
    0x81, 0xF0, 0x3E, 0x07, 0xC0, 0x00, 0x0F, 0x03, 0xC0, 0xF8, 0x1E, 0x00, 0x19, 0x80, 0x7F, 0x80,
    0x7E, 0x00, 0x78, 0x00, 0x60, 0x00, 0x00, 0x00, 0x00, 0x7F, 0xE0, 0xFF, 0xF1, 0xFF, 0xF3, 0xC7,
    0xE7, 0x87, 0xCF, 0x07, 0x9E, 0x1F, 0x3C, 0x7E, 0x7F, 0xFC, 0xFF, 0xF1, 0xFF, 0xC3, 0xCF, 0x87,
    0x8F, 0x8F, 0x1F, 0x9E, 0x1F, 0x3C, 0x3F, 0x78, 0x3E, 0x33, 0x9F, 0xE3, 0xF8, 0x78, 0x0C, 0x00,
    0x00, 0x01, 0xFF, 0xFF, 0xBF, 0xEF, 0x9B, 0xE0, 0xF8, 0x3E, 0x0F, 0x83, 0xE0, 0xF8, 0x3E, 0x0F,
    0x83, 0xE0, 0x00, 0xC0, 0x07, 0x80, 0x3E, 0x01, 0xF0, 0x07, 0x80, 0x0C, 0x00, 0x00, 0x03, 0xFC,
    0x3F, 0xF9, 0xFF, 0xE7, 0xE7, 0x1F, 0x00, 0x7C, 0x01, 0xFE, 0x03, 0xFE, 0x07, 0xFC, 0x0F, 0xF8,
    0x07, 0xF0, 0x07, 0xC0, 0x1F, 0x78, 0xFD, 0xFF, 0xE7, 0xFF, 0x8F, 0xF8, 0x03, 0x00, 0x3C, 0x07,
    0xC0, 0xF8, 0x0F, 0x00, 0x40, 0x00, 0x01, 0xFE, 0x3F, 0xE7, 0xFC, 0x7C, 0xC7, 0xF0, 0x7F, 0xE7,
    0xFE, 0x3F, 0xE0, 0x3E, 0x71, 0xE7, 0xFE, 0x7F, 0xC7, 0xF8, 0x03, 0x80, 0x1F, 0x00, 0xFE, 0x03,
    0xFC, 0x0C, 0x60, 0x00, 0x00, 0xFF, 0x0F, 0xFE, 0x7F, 0xF9, 0xF9, 0xC7, 0xC0, 0x1F, 0x00, 0x7F,
    0x80, 0xFF, 0x81, 0xFF, 0x03, 0xFE, 0x01, 0xFC, 0x01, 0xF0, 0x07, 0xDE, 0x3F, 0x7F, 0xF9, 0xFF,
    0xE3, 0xFE, 0x00, 0x07, 0x00, 0xF8, 0x1F, 0xC3, 0xFC, 0x18, 0xC0, 0x00, 0x1F, 0xE3, 0xFE, 0x7F,
    0xC7, 0xCC, 0x7F, 0x07, 0xFE, 0x7F, 0xE3, 0xFE, 0x03, 0xE7, 0x1E, 0x7F, 0xE7, 0xFC, 0x7F, 0x80,
    0x0F, 0xF0, 0xFF, 0xE7, 0xFF, 0x9F, 0x9C, 0x7C, 0x01, 0xF0, 0x07, 0xF8, 0x0F, 0xF8, 0x1F, 0xF0,
    0x3F, 0xE0, 0x1F, 0xC0, 0x1F, 0x00, 0x7D, 0xE3, 0xF7, 0xFF, 0x9F, 0xFE, 0x3F, 0xE0, 0x1E, 0x00,
    0x7C, 0x02, 0xF0, 0x0F, 0xC0, 0x3E, 0x00, 0x1F, 0xE3, 0xFE, 0x7F, 0xC7, 0xCC, 0x7F, 0x07, 0xFE,
    0x7F, 0xE3, 0xFE, 0x03, 0xE7, 0x1E, 0x7F, 0xE7, 0xFE, 0x7F, 0x80, 0xE0, 0x0F, 0x01, 0x78, 0x3F,
    0x03, 0xF0, 0x0C, 0x60, 0x3F, 0xC0, 0xFE, 0x01, 0xF0, 0x01, 0x80, 0x00, 0x00, 0x00, 0x03, 0xFC,
    0x3F, 0xF9, 0xFF, 0xE7, 0xE7, 0x1F, 0x00, 0x7C, 0x01, 0xFE, 0x03, 0xFE, 0x07, 0xFC, 0x0F, 0xF8,
    0x07, 0xF0, 0x07, 0xC0, 0x1F, 0x78, 0xFD, 0xFF, 0xE7, 0xFF, 0x8F, 0xF8, 0x18, 0xC3, 0xFE, 0x1F,
    0xC0, 0xF8, 0x07, 0x00, 0x00, 0x00, 0x01, 0xFE, 0x3F, 0xE7, 0xFC, 0x7C, 0xC7, 0xF0, 0x7F, 0xE7,
    0xFE, 0x3F, 0xE0, 0x3E, 0x71, 0xE7, 0xFE, 0x7F, 0xC7, 0xF8, 0xFF, 0xFF, 0xFF, 0xFF, 0xFF, 0xF8,
    0x3E, 0x00, 0x7C, 0x00, 0xF8, 0x01, 0xF0, 0x03, 0xE0, 0x07, 0xC0, 0x0F, 0x80, 0x1F, 0x00, 0x3E,
    0x00, 0x7C, 0x00, 0xF8, 0x01, 0xF0, 0x03, 0xE0, 0x07, 0xC0, 0x07, 0x00, 0x1E, 0x00, 0x1E, 0x00,
    0x3C, 0x01, 0xF8, 0x03, 0xE0, 0x00, 0xF8, 0x3E, 0x0F, 0x83, 0xE0, 0xFF, 0xBF, 0xEF, 0xFB, 0xE0,
    0xF8, 0x3E, 0x0F, 0x83, 0xE0, 0xF8, 0x3F, 0x27, 0xF9, 0xFF, 0x3F, 0xC3, 0x80, 0xF0, 0x1C, 0x3F,
    0x0F, 0x80, 0x0C, 0x60, 0x1F, 0xE0, 0x3F, 0x80, 0x3E, 0x00, 0x18, 0x00, 0x00, 0x00, 0x00, 0x7F,
    0xFF, 0xFF, 0xFF, 0xFF, 0xFC, 0x1F, 0x00, 0x3E, 0x00, 0x7C, 0x00, 0xF8, 0x01, 0xF0, 0x03, 0xE0,
    0x07, 0xC0, 0x0F, 0x80, 0x1F, 0x00, 0x3E, 0x00, 0x7C, 0x00, 0xF8, 0x01, 0xF0, 0x03, 0xE0, 0x07,
    0x81, 0xEF, 0xFB, 0xFE, 0xFF, 0x3E, 0x0F, 0xFB, 0xFE, 0xFF, 0xBE, 0x0F, 0x83, 0xE0, 0xF8, 0x3E,
    0x0F, 0x83, 0xF2, 0x7F, 0x9F, 0xF3, 0xF8, 0xFF, 0xFF, 0xFF, 0xFF, 0xFF, 0xF8, 0x3E, 0x00, 0x7C,
    0x00, 0xF8, 0x01, 0xF0, 0x1F, 0xFE, 0x3F, 0xFC, 0x7F, 0xF8, 0x1F, 0x00, 0x3E, 0x00, 0x7C, 0x00,
    0xF8, 0x01, 0xF0, 0x03, 0xE0, 0x07, 0xC0, 0xF8, 0x3E, 0x0F, 0x83, 0xE0, 0xFF, 0xBF, 0xEF, 0xFB,
    0xE0, 0xF8, 0x3F, 0xEF, 0xFB, 0xE0, 0xF8, 0x3F, 0x27, 0xF9, 0xFF, 0x3F, 0x80, 0x0F, 0xB0, 0x1F,
    0xF0, 0x7F, 0xC0, 0x6F, 0x00, 0x00, 0x00, 0x00, 0x3E, 0x07, 0xFC, 0x0F, 0xF8, 0x1F, 0xF0, 0x3F,
    0xE0, 0x7F, 0xC0, 0xFF, 0x81, 0xFF, 0x03, 0xFE, 0x07, 0xFC, 0x0F, 0xF8, 0x1F, 0xF0, 0x3D, 0xF0,
    0xFB, 0xF3, 0xF7, 0xFF, 0xC7, 0xFF, 0x03, 0xFC, 0x00, 0x1E, 0xE3, 0xFE, 0x7F, 0xE3, 0x7C, 0x00,
    0x00, 0x00, 0xF8, 0xFF, 0x8F, 0xF8, 0xFF, 0x8F, 0xF8, 0xFF, 0x8F, 0xF8, 0xFF, 0x8F, 0xF8, 0xF7,
    0xCF, 0x7F, 0xF3, 0xFF, 0x1F, 0xF0, 0x1F, 0xF0, 0x3F, 0xE0, 0x7F, 0xC0, 0x00, 0x00, 0x00, 0x00,
    0x00, 0x3E, 0x07, 0xFC, 0x0F, 0xF8, 0x1F, 0xF0, 0x3F, 0xE0, 0x7F, 0xC0, 0xFF, 0x81, 0xFF, 0x03,
    0xFE, 0x07, 0xFC, 0x0F, 0xF8, 0x1F, 0xF0, 0x3D, 0xF0, 0xFB, 0xF3, 0xF7, 0xFF, 0xC7, 0xFF, 0x03,
    0xFC, 0x00, 0x3F, 0xE3, 0xFE, 0x3F, 0xE0, 0x00, 0x00, 0x00, 0x00, 0xF8, 0xFF, 0x8F, 0xF8, 0xFF,
    0x8F, 0xF8, 0xFF, 0x8F, 0xF8, 0xFF, 0x8F, 0xF8, 0xF7, 0xCF, 0x7F, 0xF3, 0xFF, 0x1F, 0xF0, 0x1E,
    0x70, 0x1D, 0xE0, 0x3F, 0x80, 0x3F, 0x00, 0x00, 0x00, 0x00, 0x3E, 0x07, 0xFC, 0x0F, 0xF8, 0x1F,
    0xF0, 0x3F, 0xE0, 0x7F, 0xC0, 0xFF, 0x81, 0xFF, 0x03, 0xFE, 0x07, 0xFC, 0x0F, 0xF8, 0x1F, 0xF0,
    0x3D, 0xF0, 0xFB, 0xF3, 0xF7, 0xFF, 0xC7, 0xFF, 0x03, 0xFC, 0x00, 0x39, 0xE3, 0xDE, 0x1F, 0xC0,
    0xF8, 0x00, 0x00, 0x00, 0xF8, 0xFF, 0x8F, 0xF8, 0xFF, 0x8F, 0xF8, 0xFF, 0x8F, 0xF8, 0xFF, 0x8F,
    0xF8, 0xF7, 0xCF, 0x7F, 0xF3, 0xFF, 0x1F, 0xF0, 0x03, 0xC0, 0x0F, 0xC0, 0x1B, 0x80, 0x37, 0x00,
    0x7E, 0x00, 0x78, 0x3E, 0x07, 0xFC, 0x0F, 0xF8, 0x1F, 0xF0, 0x3F, 0xE0, 0x7F, 0xC0, 0xFF, 0x81,
    0xFF, 0x03, 0xFE, 0x07, 0xFC, 0x0F, 0xF8, 0x1F, 0xF0, 0x3D, 0xF0, 0xFB, 0xF3, 0xF7, 0xFF, 0xC7,
    0xFF, 0x03, 0xFC, 0x00, 0x0F, 0x81, 0xF8, 0x1D, 0xC1, 0xDC, 0x1F, 0x80, 0xF8, 0x00, 0x0F, 0x8F,
    0xF8, 0xFF, 0x8F, 0xF8, 0xFF, 0x8F, 0xF8, 0xFF, 0x8F, 0xF8, 0xFF, 0x8F, 0x7C, 0xF7, 0xFF, 0x3F,
    0xF1, 0xFF, 0x03, 0x18, 0x0F, 0x78, 0x1E, 0xF0, 0x7B, 0xC0, 0xE7, 0x01, 0x8C, 0x00, 0x00, 0x7C,
    0x0F, 0xF8, 0x1F, 0xF0, 0x3F, 0xE0, 0x7F, 0xC0, 0xFF, 0x81, 0xFF, 0x03, 0xFE, 0x07, 0xFC, 0x0F,
    0xF8, 0x1F, 0xF0, 0x3F, 0xE0, 0x7B, 0xE1, 0xF7, 0xE7, 0xEF, 0xFF, 0x8F, 0xFE, 0x07, 0xF8, 0x0C,
    0x60, 0x73, 0x87, 0xBC, 0x39, 0xC3, 0xDE, 0x1C, 0xE0, 0x00, 0x1F, 0x1E, 0xF8, 0xF7, 0xC7, 0xBE,
    0x3D, 0xF1, 0xEF, 0x8F, 0x7C, 0x7B, 0xE3, 0xDF, 0x1E, 0x7C, 0xF3, 0xFF, 0x8F, 0xFC, 0x3F, 0xE0,
    0xF8, 0x1F, 0xF0, 0x3F, 0xE0, 0x7F, 0xC0, 0xFF, 0x81, 0xFF, 0x03, 0xFE, 0x07, 0xFC, 0x0F, 0xF8,
    0x1F, 0xF0, 0x3F, 0xE0, 0x7F, 0xC0, 0xF7, 0xC3, 0xEF, 0xCF, 0xDF, 0xFF, 0x1F, 0xFC, 0x0F, 0xF0,
    0x03, 0x80, 0x0F, 0x00, 0x1F, 0x80, 0x3F, 0x00, 0x7E, 0x00, 0xF8, 0xF7, 0xC7, 0xBE, 0x3D, 0xF1,
    0xEF, 0x8F, 0x7C, 0x7B, 0xE3, 0xDF, 0x1E, 0xF8, 0xF3, 0xE7, 0x9F, 0xFC, 0x7F, 0xE1, 0xFF, 0x00,
    0xF0, 0x0F, 0x00, 0x7E, 0x03, 0xF0, 0x0F, 0x80, 0x00, 0x18, 0x00, 0x00, 0x3C, 0x00, 0x00, 0xFE,
    0x00, 0x00, 0xFF, 0x00, 0x00, 0xE6, 0x00, 0x00, 0x00, 0x00, 0xF8, 0x00, 0x1E, 0xF8, 0x00, 0x1E,
    0x7C, 0x3C, 0x3E, 0x7C, 0x7C, 0x3E, 0x7C, 0x7E, 0x3E, 0x7C, 0x7E, 0x3C, 0x3C, 0x7E, 0x3C, 0x3E,
    0xFF, 0x7C, 0x3E, 0xFF, 0x7C, 0x3E, 0xEF, 0x78, 0x1F, 0xE7, 0xF8, 0x1F, 0xE7, 0xF8, 0x1F, 0xC7,
    0xF0, 0x1F, 0xC3, 0xF0, 0x0F, 0xC3, 0xF0, 0x0F, 0x83, 0xF0, 0x0F, 0x81, 0xE0, 0x00, 0x60, 0x00,
    0x0F, 0x00, 0x03, 0xF8, 0x00, 0x3F, 0xC0, 0x03, 0x18, 0x00, 0x00, 0x00, 0xF8, 0xF1, 0xFF, 0x8F,
    0x1E, 0x78, 0xF1, 0xE7, 0x9F, 0x3E, 0x7D, 0xFB, 0xC3, 0xDF, 0xBC, 0x3F, 0xFB, 0xC3, 0xFF, 0xF8,
    0x1F, 0xBF, 0x81, 0xF9, 0xF8, 0x1F, 0x9F, 0x00, 0xF1, 0xF0, 0x0F, 0x0F, 0x00, 0x01, 0x80, 0x01,
    0xF0, 0x01, 0xFC, 0x01, 0xFE, 0x00, 0x63, 0x00, 0x00, 0x03, 0xE0, 0x7E, 0xF8, 0x3E, 0x7C, 0x3E,
    0x1F, 0x1F, 0x0F, 0x9F, 0x03, 0xEF, 0x81, 0xFF, 0x80, 0x7F, 0xC0, 0x1F, 0xC0, 0x0F, 0xC0, 0x03,
    0xE0, 0x01, 0xF0, 0x00, 0xF8, 0x00, 0x7C, 0x00, 0x3E, 0x00, 0x1F, 0x00, 0x0F, 0x80, 0x03, 0x00,
    0x1E, 0x01, 0xFC, 0x07, 0xF8, 0x1C, 0xC0, 0x00, 0x0F, 0x87, 0xFE, 0x1E, 0x78, 0x79, 0xF3, 0xE7,
    0xCF, 0x0F, 0x3C, 0x3F, 0xF0, 0xFF, 0x81, 0xFE, 0x07, 0xF8, 0x0F, 0xC0, 0x3F, 0x00, 0x78, 0x03,
    0xE0, 0x5F, 0x03, 0xFC, 0x0F, 0xE0, 0x3F, 0x00, 0x0E, 0x78, 0x0F, 0xBC, 0x07, 0xDE, 0x01, 0xCF,
    0x00, 0x00, 0x00, 0x00, 0x03, 0xE0, 0x7E, 0xF8, 0x3E, 0x7C, 0x3E, 0x1F, 0x1F, 0x0F, 0x9F, 0x03,
    0xEF, 0x81, 0xFF, 0x80, 0x7F, 0xC0, 0x1F, 0xC0, 0x0F, 0xC0, 0x03, 0xE0, 0x01, 0xF0, 0x00, 0xF8,
    0x00, 0x7C, 0x00, 0x3E, 0x00, 0x1F, 0x00, 0x0F, 0x80, 0x00, 0xC0, 0x03, 0xC0, 0x0F, 0x80, 0x3E,
    0x00, 0x78, 0x00, 0x60, 0x00, 0x00, 0x3F, 0xFF, 0x7F, 0xFE, 0xFF, 0xF8, 0x03, 0xF0, 0x0F, 0xC0,
    0x1F, 0x00, 0x7C, 0x01, 0xF8, 0x03, 0xE0, 0x0F, 0x80, 0x3E, 0x00, 0x7C, 0x01, 0xF0, 0x07, 0xC0,
    0x0F, 0xFF, 0xFF, 0xFF, 0xFF, 0xFF, 0x03, 0x80, 0x3C, 0x07, 0xC0, 0xF8, 0x0F, 0x00, 0x60, 0x00,
    0x07, 0xFF, 0x7F, 0xF7, 0xFF, 0x03, 0xE0, 0x7C, 0x0F, 0x80, 0xF8, 0x1F, 0x03, 0xE0, 0x7C, 0x07,
    0xFF, 0xFF, 0xFF, 0xFF, 0x03, 0x80, 0x0F, 0x80, 0x1F, 0x00, 0x1C, 0x00, 0x00, 0x00, 0x00, 0x1F,
    0xFF, 0xBF, 0xFF, 0x7F, 0xFC, 0x01, 0xF8, 0x07, 0xE0, 0x0F, 0x80, 0x3E, 0x00, 0xFC, 0x01, 0xF0,
    0x07, 0xC0, 0x1F, 0x00, 0x3E, 0x00, 0xF8, 0x03, 0xE0, 0x07, 0xFF, 0xFF, 0xFF, 0xFF, 0xFF, 0x80,
    0x0F, 0x00, 0xF0, 0x0F, 0x00, 0xF0, 0x00, 0x00, 0x00, 0x7F, 0xF7, 0xFF, 0x7F, 0xF0, 0x3E, 0x07,
    0xC0, 0xF8, 0x0F, 0x81, 0xF0, 0x3E, 0x07, 0xC0, 0x7F, 0xFF, 0xFF, 0xFF, 0xF0, 0x0C, 0x60, 0x1F,
    0xE0, 0x3F, 0x80, 0x1E, 0x00, 0x18, 0x00, 0x00, 0x00, 0x00, 0x3F, 0xFF, 0x7F, 0xFE, 0xFF, 0xF8,
    0x03, 0xF0, 0x0F, 0xC0, 0x1F, 0x00, 0x7C, 0x01, 0xF8, 0x03, 0xE0, 0x0F, 0x80, 0x3E, 0x00, 0x7C,
    0x01, 0xF0, 0x07, 0xC0, 0x0F, 0xFF, 0xFF, 0xFF, 0xFF, 0xFF, 0x18, 0xC3, 0xFC, 0x1F, 0xC0, 0xF8,
    0x07, 0x00, 0x00, 0x00, 0x07, 0xFF, 0x7F, 0xF7, 0xFF, 0x03, 0xE0, 0x7C, 0x0F, 0x80, 0xF8, 0x1F,
    0x03, 0xE0, 0x7C, 0x07, 0xFF, 0xFF, 0xFF, 0xFF, 0x1F, 0xCF, 0xF7, 0xFD, 0xF2, 0xF8, 0x3E, 0x0F,
    0x83, 0xE0, 0xF8, 0x3E, 0x0F, 0x83, 0xE0, 0xF8, 0x3E, 0x0F, 0x83, 0xE0, 0xF8, 0x3E, 0x0F, 0x80,
    0x00, 0x03, 0xC0, 0x00, 0xF0, 0x7F, 0xFC, 0x7F, 0xFE, 0x3F, 0xFF, 0x9F, 0xCF, 0xE7, 0xC0, 0xFB,
    0xE0, 0x3E, 0xF8, 0x07, 0xFE, 0x01, 0xFF, 0x80, 0x7F, 0xE0, 0x1F, 0xF8, 0x07, 0xFE, 0x03, 0xE7,
    0xC0, 0xF9, 0xFC, 0xFE, 0x3F, 0xFF, 0x07, 0xFF, 0x80, 0x7F, 0x80, 0x00, 0x3C, 0x00, 0x78, 0x7F,
    0xF1, 0xFF, 0xE7, 0xFF, 0x9F, 0xBF, 0x3E, 0x3E, 0x78, 0x3C, 0xF0, 0x79, 0xE0, 0xF3, 0xE3, 0xE7,
    0xEF, 0xC7, 0xFF, 0x07, 0xFC, 0x07, 0xF0, 0x00, 0x00, 0x03, 0xC0, 0x00, 0xF0, 0x00, 0x7F, 0xE0,
    0x7F, 0xF8, 0x1F, 0xBE, 0x07, 0x8F, 0x81, 0xE3, 0xE0, 0x78, 0xF8, 0x1E, 0x3E, 0x07, 0x8F, 0x81,
    0xE3, 0xE0, 0x78, 0xF8, 0x1E, 0x3E, 0x07, 0x8F, 0x81, 0xE1, 0xF0, 0xF8, 0x7E, 0x7E, 0x1F, 0xFF,
    0x03, 0xFF, 0x80, 0x3F, 0xC0, 0x00, 0x1E, 0x00, 0x3C, 0x00, 0x7F, 0xC7, 0xFF, 0x8F, 0xDF, 0x1E,
    0x3E, 0x3C, 0x7C, 0x78, 0xF8, 0xF1, 0xF1, 0xE3, 0xE3, 0xC7, 0xC7, 0x87, 0xCF, 0x0F, 0xFE, 0x0F,
    0xFC, 0x0F, 0xF8, 0x00, 0x00, 0x0C, 0xC0, 0x00, 0x00, 0x7F, 0x80, 0x00, 0x00, 0xFC, 0x00, 0x00,
    0x01, 0xE0, 0x00, 0x00, 0x03, 0x00, 0x00, 0x00, 0x00, 0x00, 0x00, 0x00, 0x00, 0x3F, 0xF0, 0x3F,
    0xFF, 0xFF, 0xF0, 0xFF, 0xFF, 0xFF, 0xE3, 0xFF, 0xFF, 0x1F, 0xC0, 0x1F, 0xBC, 0x1F, 0x80, 0x7C,
    0xF0, 0x3E, 0x03, 0xE3, 0xC0, 0x78, 0x1F, 0x8F, 0x01, 0xE0, 0xFC, 0x3C, 0x07, 0xC3, 0xE0, 0xF0,
    0x1E, 0x1F, 0x03, 0xC0, 0xF8, 0xFC, 0x0F, 0x03, 0xE3, 0xE0, 0x3C, 0x1F, 0x9F, 0x00, 0xF1, 0xFC,
    0x7C, 0x03, 0xFF, 0xE3, 0xFF, 0xFF, 0xFF, 0x0F, 0xFF, 0xFF, 0xF0, 0x3F, 0xFF, 0x00, 0x00, 0x18,
    0xC0, 0x00, 0x03, 0xFC, 0x00, 0x00, 0x1F, 0xCF, 0xFC, 0x00, 0xF8, 0xFF, 0xF0, 0x06, 0x0F, 0xFF,
    0x80, 0x00, 0xF1, 0xFC, 0x00, 0x0F, 0x07, 0xE7, 0xFF, 0xF0, 0x3E, 0x7F, 0xFF, 0x01, 0xE7, 0xFF,
    0xF0, 0x1E, 0x03, 0xEF, 0x01, 0xF0, 0x7C, 0xF0, 0x1E, 0x0F, 0x8F, 0x03, 0xE1, 0xF0, 0xF0, 0x3E,
    0x1F, 0x0F, 0x07, 0xE3, 0xE0, 0xF1, 0xFC, 0x7C, 0x0F, 0xFF, 0x87, 0xFF, 0xFF, 0xF0, 0xFF, 0xFF,
    0xFC, 0x0F, 0xFF, 0x00, 0x00, 0x66, 0x00, 0x3E, 0x3F, 0xC0, 0x0F, 0x87, 0xF0, 0x03, 0xE0, 0xF0,
    0x00, 0xF8, 0x18, 0x00, 0x3E, 0x00, 0x00, 0x0F, 0x80, 0x00, 0x7F, 0xE7, 0xFF, 0x7F, 0xF9, 0xFF,
    0xDF, 0xFE, 0x7F, 0xFF, 0xDF, 0x80, 0xFB, 0xE3, 0xE0, 0x7C, 0xF0, 0xF8, 0x3E, 0x3C, 0x3E, 0x1F,
    0x0F, 0x0F, 0x87, 0xC3, 0xE3, 0xE3, 0xE0, 0xFC, 0xF9, 0xF0, 0x1F, 0xFE, 0x7F, 0xF3, 0xFF, 0xBF,
    0xFC, 0x7F, 0xCF, 0xFF, 0xF0, 0x00, 0x1F, 0xF0, 0x00, 0x1F, 0xF0, 0x00, 0x1F, 0xF0, 0x00, 0x1F,
    0xF0, 0x00, 0x1F, 0xF0, 0x00, 0x1F, 0xF0, 0x00, 0x1F, 0xF0, 0x00, 0x1F, 0xF0, 0x00, 0x1F, 0xF0,
    0x00, 0x1F, 0xF0, 0x00, 0x1F, 0xF0, 0x00, 0x1F, 0xF0, 0x00, 0x1F, 0xF0, 0x07, 0x3F, 0xFF, 0xFF,
    0xFE, 0xFF, 0xFF, 0xFC, 0xFF, 0xF7, 0xF8, 0x00, 0x03, 0xC0, 0x01, 0xFF, 0x00, 0x7F, 0xC0, 0x0F,
    0xF0, 0x00, 0x3C, 0x00, 0x0F, 0x00, 0x7F, 0xC0, 0x1F, 0xF0, 0x07, 0xFC, 0x01, 0xFF, 0x00, 0x7F,
    0xC0, 0x1F, 0xF0, 0x07, 0xFC, 0x01, 0xFF, 0x00, 0x7F, 0xC0, 0x1F, 0xFF, 0xF7, 0xFF, 0xFD, 0xFF,
    0xFF, 0x7C, 0x00, 0x1F, 0x00, 0x07, 0xC0, 0x0F, 0xE0, 0x03, 0xF8, 0x00, 0xFC, 0x78, 0xF7, 0xC7,
    0xFE, 0x3F, 0xF1, 0xEF, 0x80, 0x7C, 0x03, 0xE3, 0xFF, 0x1F, 0xF8, 0xFF, 0xC7, 0xFE, 0x3F, 0xF1,
    0xFF, 0x8F, 0xFC, 0x7F, 0xE3, 0xFF, 0x9F, 0x7E, 0xFB, 0xF7, 0xCF, 0x3E, 0x01, 0xF0, 0x0F, 0x03,
    0xF8, 0x1F, 0xC0, 0xFC, 0xF0, 0x1E, 0x00, 0xFF, 0xC0, 0xF0, 0x07, 0xFF, 0x07, 0x80, 0x3F, 0xFC,
    0x3C, 0x01, 0xFF, 0xF1, 0xE0, 0x0F, 0xFF, 0x8F, 0x00, 0x7F, 0xFE, 0x78, 0x03, 0xFE, 0xFB, 0xC0,
    0x1F, 0xF7, 0xDE, 0x00, 0xFF, 0x9F, 0xF0, 0x07, 0xFC, 0x7F, 0x80, 0x3F, 0xE1, 0xFC, 0x01, 0xFF,
    0x0F, 0xE0, 0x0F, 0xF8, 0x3F, 0x1C, 0xFB, 0xC0, 0xF9, 0xFF, 0xDE, 0x07, 0xCF, 0xFC, 0xF0, 0x1E,
    0x3F, 0xC0, 0x00, 0x00, 0x3C, 0x00, 0x00, 0x7F, 0xC0, 0x78, 0xFF, 0xC0, 0xF1, 0xEF, 0xC1, 0xE0,
    0x1F, 0xC3, 0xC0, 0x3F, 0xC7, 0x8F, 0xFF, 0x8F, 0x1F, 0xFF, 0x9E, 0x3F, 0xEF, 0xBC, 0x7F, 0xDF,
    0x78, 0xFF, 0x9F, 0xF1, 0xFF, 0x1F, 0xE3, 0xFE, 0x1F, 0xC7, 0xFC, 0x3F, 0x8F, 0xF8, 0x3F, 0x1F,
    0xF0, 0x3E, 0x3F, 0xE0, 0x7C, 0x7F, 0xC0, 0x78, 0xF8, 0x00, 0x01, 0xF0, 0x00, 0x03, 0xC0, 0x00,
    0x3F, 0x80, 0x00, 0x7F, 0x00, 0x00, 0xFC, 0x00, 0x01, 0xE0, 0x00, 0x1F, 0x00, 0x01, 0xF0, 0x00,
    0x1E, 0x00, 0x00, 0x00, 0x00, 0x00, 0x7F, 0xC1, 0xFF, 0xFE, 0x1F, 0xFF, 0xF1, 0xFF, 0x9F, 0x1F,
    0xF8, 0xF1, 0xFF, 0x8F, 0x1F, 0xF8, 0xF1, 0xFF, 0x8F, 0x1F, 0xF8, 0xF1, 0xFF, 0x8F, 0x1F, 0xF8,
    0xF1, 0xFF, 0x8F, 0x1F, 0xF8, 0xF1, 0xF0, 0x00, 0x1F, 0x00, 0x03, 0xE0, 0x00, 0xFE, 0x00, 0x0F,
    0xE0, 0x00, 0xF8, 0x03, 0x30, 0x01, 0xFE, 0x00, 0x7F, 0x00, 0x07, 0x80, 0x00, 0xC0, 0x00, 0x00,
    0x00, 0x00, 0x00, 0x07, 0x80, 0x03, 0xF0, 0x00, 0xFC, 0x00, 0x7F, 0x80, 0x1F, 0xE0, 0x0F, 0xFC,
    0x03, 0xCF, 0x01, 0xF3, 0xE0, 0x78, 0xF8, 0x1E, 0x1E, 0x0F, 0xFF, 0xC3, 0xFF, 0xF0, 0xFF, 0xFE,
    0x7C, 0x0F, 0x9F, 0x03, 0xEF, 0x80, 0x7F, 0xE0, 0x1F, 0x0C, 0xC0, 0xFF, 0x03, 0xF0, 0x0F, 0x00,
    0x30, 0x00, 0x00, 0x00, 0x07, 0xF8, 0x3F, 0xF1, 0xFF, 0x8C, 0x7C, 0x01, 0xF1, 0xFF, 0xBF, 0xFD,
    0xFF, 0xEF, 0x9F, 0x7C, 0xFB, 0xFF, 0xDF, 0xFE, 0x7F, 0xE0, 0x66, 0xFF, 0x7E, 0x3C, 0x18, 0x00,
    0x00, 0x3C, 0x3C, 0x3C, 0x3C, 0x3C, 0x3C, 0x3C, 0x3C, 0x3C, 0x3C, 0x3C, 0x3C, 0x3C, 0x3C, 0x3C,
    0x3C, 0x3C, 0x63, 0x3F, 0xDF, 0xC7, 0xC0, 0xC0, 0x00, 0x00, 0x7C, 0x3E, 0x1F, 0x0F, 0x87, 0xC3,
    0xE1, 0xF0, 0xF8, 0x7C, 0x3E, 0x1F, 0x0F, 0x87, 0xC0, 0x07, 0x30, 0x01, 0xFE, 0x00, 0x7F, 0x00,
    0x07, 0x80, 0x00, 0xC0, 0x00, 0x00, 0x00, 0x00, 0x00, 0x1F, 0xE0, 0x1F, 0xFE, 0x0F, 0xFF, 0xC7,
    0xF3, 0xF1, 0xF0, 0x3E, 0xF8, 0x0F, 0xBE, 0x01, 0xFF, 0x80, 0x7F, 0xE0, 0x1F, 0xF8, 0x07, 0xFE,
    0x01, 0xFF, 0x80, 0xF9, 0xF0, 0x3E, 0x7F, 0x3F, 0x8F, 0xFF, 0xC1, 0xFF, 0xE0, 0x1F, 0xE0, 0x18,
    0xC0, 0x7F, 0x81, 0xFC, 0x03, 0xE0, 0x07, 0x00, 0x00, 0x00, 0x00, 0x07, 0xF0, 0x3F, 0xE1, 0xFF,
    0xCF, 0xDF, 0xBE, 0x3E, 0xF0, 0x7B, 0xC1, 0xEF, 0x07, 0xBE, 0x3E, 0xFD, 0xF9, 0xFF, 0xC3, 0xFE,
    0x07, 0xF0, 0x0E, 0x60, 0x1F, 0xE0, 0x3F, 0x80, 0x1E, 0x00, 0x18, 0x00, 0x00, 0x00, 0x00, 0x7C,
    0x0F, 0xF8, 0x1F, 0xF0, 0x3F, 0xE0, 0x7F, 0xC0, 0xFF, 0x81, 0xFF, 0x03, 0xFE, 0x07, 0xFC, 0x0F,
    0xF8, 0x1F, 0xF0, 0x3F, 0xE0, 0x7B, 0xE1, 0xF7, 0xE7, 0xEF, 0xFF, 0x8F, 0xFE, 0x07, 0xF8, 0x18,
    0xC3, 0xFC, 0x1F, 0xC0, 0xF8, 0x06, 0x00, 0x00, 0x00, 0x0F, 0x8F, 0xF8, 0xFF, 0x8F, 0xF8, 0xFF,
    0x8F, 0xF8, 0xFF, 0x8F, 0xF8, 0xFF, 0x8F, 0x7C, 0xF7, 0xFF, 0x3F, 0xF1, 0xFF, 0x0F, 0xE0, 0x1F,
    0xC0, 0x00, 0x00, 0x73, 0x80, 0xEF, 0x01, 0xCE, 0x00, 0x00, 0x00, 0x00, 0xF8, 0x1F, 0xF0, 0x3F,
    0xE0, 0x7F, 0xC0, 0xFF, 0x81, 0xFF, 0x03, 0xFE, 0x07, 0xFC, 0x0F, 0xF8, 0x1F, 0xF0, 0x3F, 0xE0,
    0x7F, 0xC0, 0xF7, 0xC3, 0xEF, 0xCF, 0xDF, 0xFF, 0x1F, 0xFC, 0x0F, 0xF0, 0x1F, 0xC1, 0xFC, 0x00,
    0x03, 0xDC, 0x3D, 0xE3, 0xDC, 0x00, 0x00, 0x00, 0xF8, 0xFF, 0x8F, 0xF8, 0xFF, 0x8F, 0xF8, 0xFF,
    0x8F, 0xF8, 0xFF, 0x8F, 0xF8, 0xF7, 0xCF, 0x7F, 0xF3, 0xFF, 0x1F, 0xF0, 0x00, 0xC0, 0x03, 0xC0,
    0x0F, 0x00, 0xFF, 0xC3, 0xC7, 0x83, 0x8F, 0x00, 0x00, 0x7C, 0x0F, 0xF8, 0x1F, 0xF0, 0x3F, 0xE0,
    0x7F, 0xC0, 0xFF, 0x81, 0xFF, 0x03, 0xFE, 0x07, 0xFC, 0x0F, 0xF8, 0x1F, 0xF0, 0x3F, 0xE0, 0x7B,
    0xE1, 0xF7, 0xE7, 0xEF, 0xFF, 0x8F, 0xFE, 0x07, 0xF8, 0x01, 0x80, 0x3C, 0x07, 0x80, 0x70, 0x7E,
    0xE7, 0x8F, 0x78, 0xE0, 0x00, 0x00, 0x0F, 0x8F, 0xF8, 0xFF, 0x8F, 0xF8, 0xFF, 0x8F, 0xF8, 0xFF,
    0x8F, 0xF8, 0xFF, 0x8F, 0x7C, 0xF7, 0xFF, 0x3F, 0xF1, 0xFF, 0x06, 0x60, 0x0F, 0xC0, 0x0F, 0x00,
    0xEF, 0xC1, 0xC7, 0x83, 0x8F, 0x00, 0x00, 0x7C, 0x0F, 0xF8, 0x1F, 0xF0, 0x3F, 0xE0, 0x7F, 0xC0,
    0xFF, 0x81, 0xFF, 0x03, 0xFE, 0x07, 0xFC, 0x0F, 0xF8, 0x1F, 0xF0, 0x3F, 0xE0, 0x7B, 0xE1, 0xF7,
    0xE7, 0xEF, 0xFF, 0x8F, 0xFE, 0x07, 0xF8, 0x10, 0x81, 0xFC, 0x1F, 0xC0, 0xF8, 0x7E, 0xE7, 0x8F,
    0x78, 0xE0, 0x00, 0x00, 0x0F, 0x8F, 0xF8, 0xFF, 0x8F, 0xF8, 0xFF, 0x8F, 0xF8, 0xFF, 0x8F, 0xF8,
    0xFF, 0x8F, 0x7C, 0xF7, 0xFF, 0x3F, 0xF1, 0xFF, 0x02, 0x00, 0x0E, 0x00, 0x1E, 0x00, 0xEF, 0xC1,
    0xC7, 0x83, 0x8F, 0x00, 0x00, 0x7C, 0x0F, 0xF8, 0x1F, 0xF0, 0x3F, 0xE0, 0x7F, 0xC0, 0xFF, 0x81,
    0xFF, 0x03, 0xFE, 0x07, 0xFC, 0x0F, 0xF8, 0x1F, 0xF0, 0x3F, 0xE0, 0x7B, 0xE1, 0xF7, 0xE7, 0xEF,
    0xFF, 0x8F, 0xFE, 0x07, 0xF8, 0x0C, 0x01, 0xC0, 0x1E, 0x00, 0xF0, 0x7E, 0xE7, 0x8F, 0x78, 0xE0,
    0x00, 0x00, 0x0F, 0x8F, 0xF8, 0xFF, 0x8F, 0xF8, 0xFF, 0x8F, 0xF8, 0xFF, 0x8F, 0xF8, 0xFF, 0x8F,
    0x7C, 0xF7, 0xFF, 0x3F, 0xF1, 0xFF, 0x7F, 0x83, 0xFF, 0x1F, 0xFC, 0xE7, 0xE0, 0x0F, 0xFF, 0xFF,
    0xFF, 0xFF, 0xFF, 0xF0, 0xFF, 0xCF, 0x9F, 0xFC, 0xFF, 0xC1, 0xF8, 0x00, 0x07, 0xF8, 0x01, 0xFE,
    0x00, 0x00, 0x00, 0x1C, 0xE0, 0x07, 0xF8, 0x01, 0xCE, 0x00, 0x00, 0x00, 0x00, 0x00, 0x01, 0xE0,
    0x00, 0xFC, 0x00, 0x3F, 0x00, 0x1F, 0xE0, 0x07, 0xF8, 0x03, 0xFF, 0x00, 0xF3, 0xC0, 0x7C, 0xF8,
    0x1E, 0x3E, 0x07, 0x87, 0x83, 0xFF, 0xF0, 0xFF, 0xFC, 0x3F, 0xFF, 0x9F, 0x03, 0xE7, 0xC0, 0xFB,
    0xE0, 0x1F, 0xF8, 0x07, 0xC0, 0x1F, 0xC0, 0xFE, 0x00, 0x00, 0x3B, 0xC3, 0xDE, 0x0E, 0xF0, 0x00,
    0x00, 0x00, 0x3F, 0xC1, 0xFF, 0x8F, 0xFC, 0x63, 0xE0, 0x0F, 0x8F, 0xFD, 0xFF, 0xEF, 0xFF, 0x7C,
    0xFB, 0xE7, 0xDF, 0xFE, 0xFF, 0xF3, 0xFF, 0x00, 0x07, 0xF8, 0x01, 0xFE, 0x00, 0x00, 0x00, 0x07,
    0x80, 0x01, 0xE0, 0x00, 0x78, 0x00, 0x00, 0x00, 0x00, 0x00, 0x01, 0xE0, 0x00, 0xFC, 0x00, 0x3F,
    0x00, 0x1F, 0xE0, 0x07, 0xF8, 0x03, 0xFF, 0x00, 0xF3, 0xC0, 0x7C, 0xF8, 0x1E, 0x3E, 0x07, 0x87,
    0x83, 0xFF, 0xF0, 0xFF, 0xFC, 0x3F, 0xFF, 0x9F, 0x03, 0xE7, 0xC0, 0xFB, 0xE0, 0x1F, 0xF8, 0x07,
    0xC0, 0x1F, 0xC0, 0xFE, 0x00, 0x00, 0x0E, 0x00, 0x78, 0x03, 0x80, 0x00, 0x00, 0x00, 0x3F, 0xC1,
    0xFF, 0x8F, 0xFC, 0x63, 0xE0, 0x0F, 0x8F, 0xFD, 0xFF, 0xEF, 0xFF, 0x7C, 0xFB, 0xE7, 0xDF, 0xFE,
    0xFF, 0xF3, 0xFF, 0x00, 0x00, 0x1F, 0xE0, 0x00, 0x1F, 0xE0, 0x00, 0x1F, 0xE0, 0x00, 0x00, 0x00,
    0x00, 0x00, 0x00, 0x00, 0x00, 0x00, 0x00, 0x3F, 0xFF, 0x00, 0x7F, 0xFF, 0x00, 0x7F, 0xFF, 0x00,
    0xFF, 0x00, 0x01, 0xFF, 0x00, 0x01, 0xEF, 0x00, 0x03, 0xEF, 0x00, 0x07, 0xCF, 0xFE, 0x07, 0xCF,
    0xFE, 0x0F, 0x8F, 0xFE, 0x0F, 0xFF, 0x00, 0x1F, 0xFF, 0x00, 0x3F, 0xFF, 0x00, 0x3E, 0x0F, 0x00,
    0x7C, 0x0F, 0xFF, 0x7C, 0x0F, 0xFF, 0xF8, 0x0F, 0xFF, 0x03, 0xFE, 0x00, 0x1F, 0xF0, 0x00, 0xFF,
    0x80, 0x00, 0x00, 0x00, 0x00, 0x00, 0x00, 0x00, 0x00, 0xFF, 0x3F, 0x07, 0xFF, 0xFC, 0x3F, 0xFF,
    0xF1, 0x8F, 0xEF, 0xC0, 0x3E, 0x1E, 0x3F, 0xFF, 0xF7, 0xFF, 0xFF, 0xBF, 0xFF, 0xFD, 0xF3, 0xE0,
    0x0F, 0x8F, 0xCE, 0x7F, 0xFF, 0xF3, 0xFF, 0xFF, 0x8F, 0xFF, 0xFC, 0x07, 0xFC, 0x0F, 0xFF, 0x0F,
    0xFF, 0x8F, 0xE3, 0x87, 0xC0, 0x07, 0xC0, 0x03, 0xE0, 0x01, 0xF0, 0x3C, 0xF8, 0x1E, 0x7C, 0x7F,
    0xFE, 0x3F, 0xFF, 0x1F, 0xF7, 0xC1, 0xE3, 0xF8, 0xF0, 0xFF, 0xF8, 0x3F, 0xFC, 0x07, 0xFE, 0x00,
    0x1F, 0xF0, 0xFF, 0xC7, 0xFF, 0x3F, 0x3C, 0xF8, 0xF3, 0xCF, 0xFF, 0x3F, 0xFC, 0x3C, 0xF8, 0xF3,
    0xF7, 0xC7, 0xFF, 0x1F, 0xFC, 0x3F, 0xF0, 0x03, 0xC7, 0x1F, 0x1F, 0xFC, 0x7F, 0xE1, 0xFF, 0x00,
    0x03, 0x30, 0x0F, 0xF0, 0x0F, 0xC0, 0x0F, 0x00, 0x0C, 0x00, 0x00, 0x00, 0x00, 0x03, 0xFE, 0x1F,
    0xFE, 0x7F, 0xFD, 0xFC, 0x73, 0xE0, 0x0F, 0x80, 0x1F, 0x00, 0x3E, 0x00, 0x7C, 0x0F, 0xF8, 0x1F,
    0xF0, 0x3F, 0xE0, 0x7B, 0xE0, 0xF7, 0xF1, 0xE7, 0xFF, 0xC7, 0xFF, 0x83, 0xFF, 0x0C, 0xC0, 0xFF,
    0x03, 0xF0, 0x0F, 0x00, 0x30, 0x00, 0x00, 0x00, 0x03, 0xFE, 0x3F, 0xF3, 0xFF, 0xBF, 0x3D, 0xF1,
    0xEF, 0x0F, 0x78, 0x7B, 0xC3, 0xDF, 0x1E, 0xFD, 0xF3, 0xFF, 0x9F, 0xFC, 0x7F, 0xE0, 0x0F, 0x38,
    0xF9, 0xFF, 0xCF, 0xFC, 0x7F, 0xC0, 0x18, 0xC0, 0x3F, 0xC0, 0x7F, 0x00, 0x7C, 0x00, 0x30, 0x00,
    0x00, 0x00, 0x00, 0x78, 0x3E, 0xF0, 0xF9, 0xE3, 0xF3, 0xCF, 0xC7, 0xBF, 0x0F, 0xFC, 0x1F, 0xF0,
    0x3F, 0xC0, 0x7F, 0x80, 0xFF, 0x81, 0xFF, 0x83, 0xDF, 0x87, 0x9F, 0x8F, 0x1F, 0x9E, 0x1F, 0x3C,
    0x1F, 0x78, 0x3F, 0x63, 0x01, 0xFE, 0x07, 0xF0, 0x0F, 0x80, 0x0C, 0x00, 0x00, 0x07, 0x80, 0x3E,
    0x00, 0xF8, 0x03, 0xE0, 0x0F, 0x80, 0x3E, 0x00, 0xF8, 0xFB, 0xE7, 0xCF, 0xBE, 0x3F, 0xF0, 0xFF,
    0x83, 0xFC, 0x0F, 0xF8, 0x3F, 0xF0, 0xFF, 0xE3, 0xEF, 0x8F, 0x9F, 0x3E, 0x3E, 0xF8, 0xF8, 0x07,
    0xF8, 0x07, 0xFF, 0x83, 0xFF, 0xF1, 0xFC, 0xFE, 0x7C, 0x0F, 0xBE, 0x03, 0xEF, 0x80, 0x7F, 0xE0,
    0x1F, 0xF8, 0x07, 0xFE, 0x01, 0xFF, 0x80, 0x7F, 0xE0, 0x3E, 0x7C, 0x0F, 0x9F, 0xCF, 0xC3, 0xFF,
    0xF0, 0x7F, 0xF8, 0x07, 0xF8, 0x00, 0x3C, 0x00, 0x1E, 0x00, 0x07, 0xE0, 0x01, 0xF8, 0x00, 0x7E,
    0x00, 0x1F, 0xC0, 0xFF, 0x87, 0xFF, 0x3F, 0x7E, 0xF8, 0xFB, 0xC1, 0xEF, 0x07, 0xBC, 0x1E, 0xF8,
    0xFB, 0xF7, 0xE7, 0xFF, 0x0F, 0xF8, 0x1F, 0xC0, 0x1E, 0x00, 0xF0, 0x03, 0xF0, 0x0F, 0xC0, 0x1F,
    0x00, 0x0F, 0xF8, 0x03, 0xFE, 0x00, 0xFF, 0x80, 0x00, 0x00, 0x00, 0x00, 0x00, 0x00, 0x00, 0x7F,
    0x80, 0x7F, 0xF8, 0x3F, 0xFF, 0x1F, 0xCF, 0xE7, 0xC0, 0xFB, 0xE0, 0x3E, 0xF8, 0x07, 0xFE, 0x01,
    0xFF, 0x80, 0x7F, 0xE0, 0x1F, 0xF8, 0x07, 0xFE, 0x03, 0xE7, 0xC0, 0xF9, 0xFC, 0xFC, 0x3F, 0xFF,
    0x07, 0xFF, 0x80, 0x7F, 0x80, 0x03, 0xC0, 0x01, 0xE0, 0x00, 0x7E, 0x00, 0x1F, 0x80, 0x07, 0xE0,
    0x3F, 0xE0, 0xFF, 0x83, 0xFE, 0x00, 0x00, 0x00, 0x00, 0x00, 0x01, 0xFC, 0x0F, 0xF8, 0x7F, 0xF3,
    0xF7, 0xEF, 0x8F, 0xBC, 0x1E, 0xF0, 0x7B, 0xC1, 0xEF, 0x8F, 0xBF, 0x7E, 0x7F, 0xF0, 0xFF, 0x81,
    0xFC, 0x01, 0xE0, 0x0F, 0x00, 0x3F, 0x00, 0xFC, 0x01, 0xF0, 0x0C, 0x60, 0x7F, 0x80, 0xFE, 0x01,
    0xF0, 0x03, 0x80, 0x00, 0x00, 0x00, 0x1F, 0xFF, 0x7F, 0xFD, 0xFF, 0xF0, 0x1F, 0x80, 0xFC, 0x07,
    0xE0, 0x3F, 0x00, 0xFF, 0x03, 0xFE, 0x01, 0xFC, 0x01, 0xF0, 0x03, 0xC0, 0x1F, 0x78, 0xFD, 0xFF,
    0xEF, 0xFF, 0x8F, 0xF8, 0x19, 0xC3, 0xFC, 0x1F, 0xC0, 0xF0, 0x06, 0x00, 0x00, 0x00, 0x00, 0x00,
    0xFF, 0xFF, 0xFF, 0xFF, 0xF0, 0x3E, 0x07, 0xC0, 0x7C, 0x0F, 0x81, 0xF0, 0x1F, 0xC1, 0xFE, 0x03,
    0xF0, 0x1F, 0x00, 0xF0, 0x0F, 0x63, 0xFF, 0xFF, 0xFF, 0xEF, 0xF8, 0x31, 0x8F, 0xF3, 0xF8, 0x7C,
    0x06, 0x00, 0x00, 0x00, 0x7C, 0x1F, 0x07, 0xC1, 0xF0, 0x7C, 0x1F, 0x07, 0xC1, 0xF0, 0x7C, 0x1F,
    0x07, 0xC1, 0xF0, 0x7C, 0x1F, 0x07, 0xCF, 0xE3, 0xF8, 0xFC, 0x00, 0xFF, 0xC0, 0xFF, 0xFF, 0xFF,
    0xC3, 0xFF, 0xFF, 0xFF, 0x8F, 0xFF, 0xFC, 0x7F, 0x00, 0x7E, 0xF0, 0x7E, 0x01, 0xF3, 0xC0, 0xF8,
    0x0F, 0x8F, 0x01, 0xE0, 0x7E, 0x3C, 0x07, 0x83, 0xF0, 0xF0, 0x1F, 0x0F, 0x83, 0xC0, 0x78, 0x7C,
    0x0F, 0x03, 0xE3, 0xF0, 0x3C, 0x0F, 0x8F, 0x80, 0xF0, 0x7E, 0x7C, 0x03, 0xC7, 0xF1, 0xF0, 0x0F,
    0xFF, 0x8F, 0xFF, 0xFF, 0xFC, 0x3F, 0xFF, 0xFF, 0xC0, 0xFF, 0xFC, 0xFF, 0xC0, 0x00, 0x0F, 0xFF,
    0x00, 0x00, 0xFF, 0xF8, 0x00, 0x0F, 0x1F, 0xC0, 0x00, 0xF0, 0x7E, 0x7F, 0xFF, 0x03, 0xE7, 0xFF,
    0xF0, 0x1E, 0x7F, 0xFF, 0x01, 0xE0, 0x3E, 0xF0, 0x1F, 0x07, 0xCF, 0x01, 0xE0, 0xF8, 0xF0, 0x3E,
    0x1F, 0x0F, 0x03, 0xE1, 0xF0, 0xF0, 0x7E, 0x3E, 0x0F, 0x1F, 0xC7, 0xC0, 0xFF, 0xF8, 0x7F, 0xFF,
    0xFF, 0x0F, 0xFF, 0xFF, 0xC0, 0xFF, 0xF0, 0x00, 0xF8, 0x00, 0x00, 0x3E, 0x00, 0x00, 0x0F, 0x80,
    0x00, 0x03, 0xE0, 0x00, 0x00, 0xF8, 0x00, 0x00, 0x3E, 0x00, 0x01, 0xFF, 0x9F, 0xFD, 0xFF, 0xE7,
    0xFF, 0x7F, 0xF9, 0xFF, 0xFF, 0x7E, 0x03, 0xEF, 0x8F, 0x81, 0xF3, 0xC3, 0xE0, 0xF8, 0xF0, 0xF8,
    0x7C, 0x3C, 0x3E, 0x1F, 0x0F, 0x8F, 0x8F, 0x83, 0xF3, 0xE7, 0xC0, 0x7F, 0xF9, 0xFF, 0xCF, 0xFE,
    0xFF, 0xF1, 0xFF, 0x3F, 0xFC, 0x00, 0x60, 0x01, 0xE0, 0x07, 0xC0, 0x0F, 0x00, 0x1C, 0x00, 0x30,
    0x00, 0x00, 0x03, 0xFE, 0x1F, 0xFE, 0x7F, 0xFD, 0xFC, 0x73, 0xE0, 0x0F, 0x80, 0x1F, 0x00, 0x3E,
    0x00, 0x7C, 0x0F, 0xF8, 0x1F, 0xF0, 0x3F, 0xE0, 0x7B, 0xE0, 0xF7, 0xF1, 0xE7, 0xFF, 0xC7, 0xFF,
    0x83, 0xFF, 0x00, 0xC0, 0x0F, 0x00, 0xF8, 0x0F, 0x80, 0x78, 0x01, 0x80, 0x00, 0x03, 0xFE, 0x3F,
    0xF3, 0xFF, 0xBF, 0x3D, 0xF1, 0xEF, 0x0F, 0x78, 0x7B, 0xC3, 0xDF, 0x1E, 0xFD, 0xF3, 0xFF, 0x9F,
    0xFC, 0x7F, 0xE0, 0x0F, 0x38, 0xF9, 0xFF, 0xCF, 0xFC, 0x7F, 0xC0, 0xF0, 0x3E, 0x00, 0xF0, 0x3E,
    0x00, 0xF0, 0x3E, 0x00, 0xF0, 0x3E, 0x00, 0xF0, 0x3E, 0x1E, 0xF0, 0x3E, 0x1E, 0xF0, 0x3E, 0x1E,
    0xFF, 0xFE, 0x1E, 0xFF, 0xFE, 0x1E, 0xFF, 0xFE, 0x1E, 0xF0, 0x3E, 0x1E, 0xF0, 0x3E, 0x1E, 0xF0,
    0x3E, 0x3E, 0xF0, 0x3F, 0x7E, 0xF0, 0x1F, 0xFE, 0xF0, 0x1F, 0xFC, 0xF0, 0x07, 0xF8, 0x7F, 0xE3,
    0xFF, 0xCF, 0xFF, 0xBE, 0x7F, 0xF0, 0x7F, 0xC1, 0xFF, 0x07, 0xFC, 0x1F, 0xF0, 0x7F, 0xC1, 0xFF,
    0x0F, 0xBC, 0x7E, 0xF3, 0xF3, 0xFF, 0x8F, 0xFC, 0x3F, 0xC0, 0xFC, 0x03, 0xC0, 0x0F, 0x00, 0x3C,
    0x00, 0xF0, 0x03, 0xC0, 0x00, 0x06, 0x00, 0x1E, 0x00, 0x7C, 0x00, 0x3C, 0x00, 0x38, 0x00, 0x20,
    0x00, 0x00, 0x78, 0x0F, 0xF8, 0x1F, 0xF8, 0x3F, 0xF8, 0x7F, 0xF8, 0xFF, 0xF1, 0xFF, 0xF3, 0xFD,
    0xF7, 0xFB, 0xEF, 0xF3, 0xFF, 0xE3, 0xFF, 0xC3, 0xFF, 0x87, 0xFF, 0x07, 0xFE, 0x07, 0xFC, 0x0F,
    0xF8, 0x0F, 0x0C, 0x00, 0xF0, 0x07, 0xC0, 0x1F, 0x00, 0x78, 0x01, 0x80, 0x00, 0x0F, 0xF8, 0xFF,
    0xE7, 0xFF, 0xBE, 0x7D, 0xF1, 0xEF, 0x8F, 0x7C, 0x7B, 0xE3, 0xDF, 0x1E, 0xF8, 0xF7, 0xC7, 0xBE,
    0x3D, 0xF1, 0xE0, 0x00, 0x60, 0x00, 0x78, 0x00, 0x3E, 0x00, 0x06, 0x00, 0x00, 0x00, 0x00, 0x78,
    0x00, 0x3F, 0x00, 0x0F, 0xC0, 0x03, 0xF0, 0x00, 0xFC, 0x00, 0x3F, 0x00, 0x1F, 0xE0, 0x07, 0xF8,
    0x03, 0xFF, 0x00, 0xFF, 0xC0, 0x3C, 0xF0, 0x1F, 0x3E, 0x07, 0x8F, 0x83, 0xE1, 0xE0, 0xFF, 0xFC,
    0x3F, 0xFF, 0x1F, 0xFF, 0xE7, 0xC0, 0xF9, 0xE0, 0x3E, 0xF8, 0x07, 0xFE, 0x01, 0xF0, 0x03, 0x80,
    0x7C, 0x03, 0xE0, 0x1C, 0x00, 0x00, 0x03, 0xC0, 0x3F, 0x01, 0xF8, 0x07, 0x80, 0x00, 0x00, 0x00,
    0x7F, 0x83, 0xFF, 0x1F, 0xF8, 0xC7, 0xC0, 0x1F, 0x1F, 0xFB, 0xFF, 0xDF, 0xFE, 0xF9, 0xF7, 0xCF,
    0xBF, 0xFD, 0xFF, 0xE7, 0xFE, 0x00, 0x01, 0x80, 0x00, 0x01, 0xE0, 0x00, 0x03, 0xE0, 0x00, 0x07,
    0xC0, 0x00, 0x07, 0x80, 0x00, 0x02, 0x00, 0x00, 0x00, 0x00, 0x00, 0x3F, 0xFF, 0x00, 0x7F, 0xFF,
    0x00, 0x7F, 0xFF, 0x00, 0xFF, 0x00, 0x01, 0xFF, 0x00, 0x01, 0xEF, 0x00, 0x03, 0xEF, 0x00, 0x07,
    0xCF, 0xFE, 0x07, 0xCF, 0xFE, 0x0F, 0x8F, 0xFE, 0x0F, 0xFF, 0x00, 0x1F, 0xFF, 0x00, 0x3F, 0xFF,
    0x00, 0x3E, 0x0F, 0x00, 0x7C, 0x0F, 0xFF, 0x7C, 0x0F, 0xFF, 0xF8, 0x0F, 0xFF, 0x00, 0x0C, 0x00,
    0x00, 0xF0, 0x00, 0x0F, 0x80, 0x00, 0xF8, 0x00, 0x07, 0x80, 0x00, 0x18, 0x00, 0x00, 0x00, 0x07,
    0xF9, 0xF8, 0x3F, 0xFF, 0xE1, 0xFF, 0xFF, 0x8C, 0x7F, 0x7E, 0x01, 0xF0, 0xF1, 0xFF, 0xFF, 0xBF,
    0xFF, 0xFD, 0xFF, 0xFF, 0xEF, 0x9F, 0x00, 0x7C, 0x7E, 0x73, 0xFF, 0xFF, 0x9F, 0xFF, 0xFC, 0x7F,
    0xFF, 0xE0, 0x00, 0x60, 0x00, 0x3C, 0x00, 0x1F, 0x00, 0x0F, 0x80, 0x03, 0xC0, 0x00, 0x60, 0x00,
    0x00, 0x30, 0x1F, 0xFE, 0x1F, 0xFF, 0x8F, 0xFF, 0xC7, 0xF3, 0xF1, 0xF0, 0xFE, 0xF8, 0x7F, 0xBE,
    0x3F, 0xFF, 0x8F, 0x7F, 0xE7, 0x9F, 0xFB, 0xC7, 0xFF, 0xE1, 0xFF, 0xF8, 0xF9, 0xFC, 0x3E, 0x7F,
    0x3F, 0x8F, 0xFF, 0xC7, 0xFF, 0xE1, 0xFF, 0xE0, 0x30, 0x00, 0x00, 0x03, 0x80, 0x0F, 0x00, 0x7C,
    0x03, 0xE0, 0x0F, 0x00, 0x18, 0x00, 0x03, 0x07, 0xFE, 0x3F, 0xF9, 0xFF, 0xCF, 0xDF, 0xBE, 0xFE,
    0xF3, 0xFB, 0xDD, 0xEF, 0xF7, 0xBF, 0x9E, 0xFD, 0xF9, 0xFF, 0xC7, 0xFE, 0x3F, 0xF0, 0x60, 0x00,
    0x04, 0x20, 0x07, 0xBC, 0x01, 0xFF, 0x80, 0x3D, 0xE0, 0x07, 0xBC, 0x00, 0xC6, 0x00, 0x00, 0x00,
    0x07, 0x80, 0x03, 0xF0, 0x00, 0xFC, 0x00, 0x7F, 0x80, 0x1F, 0xE0, 0x0F, 0xFC, 0x03, 0xCF, 0x01,
    0xF3, 0xE0, 0x78, 0xF8, 0x1E, 0x1E, 0x0F, 0xFF, 0xC3, 0xFF, 0xF0, 0xFF, 0xFE, 0x7C, 0x0F, 0x9F,
    0x03, 0xEF, 0x80, 0x7F, 0xE0, 0x1F, 0x31, 0x83, 0x9C, 0x1E, 0xF0, 0x7B, 0xC1, 0xCE, 0x06, 0x30,
    0x00, 0x07, 0xF8, 0x3F, 0xF1, 0xFF, 0x8C, 0x7C, 0x01, 0xF1, 0xFF, 0xBF, 0xFD, 0xFF, 0xEF, 0x9F,
    0x7C, 0xFB, 0xFF, 0xDF, 0xFE, 0x7F, 0xE0, 0x03, 0xF0, 0x01, 0xFE, 0x00, 0x77, 0x80, 0x1C, 0xE0,
    0x00, 0x00, 0x00, 0x00, 0x00, 0x1E, 0x00, 0x0F, 0xC0, 0x03, 0xF0, 0x01, 0xFE, 0x00, 0x7F, 0x80,
    0x3F, 0xF0, 0x0F, 0x3C, 0x07, 0xCF, 0x81, 0xE3, 0xE0, 0x78, 0x78, 0x3F, 0xFF, 0x0F, 0xFF, 0xC3,
    0xFF, 0xF9, 0xF0, 0x3E, 0x7C, 0x0F, 0xBE, 0x01, 0xFF, 0x80, 0x7C, 0x0F, 0xC0, 0xFE, 0x07, 0x78,
    0x79, 0xC0, 0x00, 0x00, 0x00, 0xFF, 0x07, 0xFE, 0x3F, 0xF1, 0x8F, 0x80, 0x3E, 0x3F, 0xF7, 0xFF,
    0xBF, 0xFD, 0xF3, 0xEF, 0x9F, 0x7F, 0xFB, 0xFF, 0xCF, 0xFC, 0x63, 0x07, 0xBC, 0x3D, 0xE0, 0xF7,
    0x83, 0xDE, 0x0C, 0x60, 0x00, 0x1F, 0xFE, 0xFF, 0xF7, 0xFF, 0xBC, 0x01, 0xE0, 0x0F, 0x00, 0x78,
    0x03, 0xFF, 0x9F, 0xFC, 0xFF, 0xE7, 0x80, 0x3C, 0x01, 0xE0, 0x0F, 0x00, 0x7F, 0xFF, 0xFF, 0xFF,
    0xFF, 0x31, 0x83, 0x9C, 0x1E, 0xF0, 0x7B, 0xC1, 0xCE, 0x06, 0x30, 0x00, 0x03, 0xF8, 0x3F, 0xE3,
    0xFF, 0xBF, 0x7D, 0xF1, 0xFF, 0xFF, 0xFF, 0xFF, 0xFF, 0xFF, 0x00, 0xFC, 0x73, 0xFF, 0x8F, 0xFC,
    0x3F, 0xE0, 0x1F, 0x81, 0xFE, 0x0E, 0xF0, 0x73, 0x80, 0x00, 0x00, 0x03, 0xFF, 0xDF, 0xFE, 0xFF,
    0xF7, 0x80, 0x3C, 0x01, 0xE0, 0x0F, 0x00, 0x7F, 0xF3, 0xFF, 0x9F, 0xFC, 0xF0, 0x07, 0x80, 0x3C,
    0x01, 0xE0, 0x0F, 0xFF, 0xFF, 0xFF, 0xFF, 0xE0, 0x0F, 0x80, 0xFE, 0x0F, 0x78, 0x71, 0xC0, 0x00,
    0x00, 0x00, 0x7F, 0x07, 0xFC, 0x7F, 0xF7, 0xEF, 0xBE, 0x3F, 0xFF, 0xFF, 0xFF, 0xFF, 0xFF, 0xE0,
    0x1F, 0x8E, 0x7F, 0xF1, 0xFF, 0x87, 0xFC, 0x63, 0x1E, 0xF3, 0xDE, 0x3D, 0xE3, 0xDE, 0x31, 0x80,
    0x00, 0x78, 0x0F, 0x01, 0xE0, 0x3C, 0x07, 0x80, 0xF0, 0x1E, 0x03, 0xC0, 0x78, 0x0F, 0x01, 0xE0,
    0x3C, 0x07, 0x80, 0xF0, 0x1E, 0x03, 0xC0, 0x78, 0x31, 0x87, 0x38, 0x7B, 0xC3, 0xDE, 0x1C, 0xE0,
    0xC6, 0x00, 0x00, 0xF8, 0x0F, 0x80, 0xF8, 0x0F, 0x80, 0xF8, 0x0F, 0x80, 0xF8, 0x0F, 0x80, 0xF8,
    0x0F, 0x80, 0xF8, 0x0F, 0x80, 0xF8, 0x3F, 0x1F, 0xE7, 0xF9, 0xCE, 0x00, 0x00, 0x01, 0xE0, 0x78,
    0x1E, 0x07, 0x81, 0xE0, 0x78, 0x1E, 0x07, 0x81, 0xE0, 0x78, 0x1E, 0x07, 0x81, 0xE0, 0x78, 0x1E,
    0x07, 0x81, 0xE0, 0x3E, 0x3F, 0xBD, 0xFE, 0x70, 0x00, 0x00, 0xF8, 0x7C, 0x3E, 0x1F, 0x0F, 0x87,
    0xC3, 0xE1, 0xF0, 0xF8, 0x7C, 0x3E, 0x1F, 0x0F, 0x80, 0x0C, 0x60, 0x07, 0x38, 0x01, 0xEF, 0x00,
    0x3D, 0xE0, 0x07, 0x38, 0x00, 0xC6, 0x00, 0x00, 0x00, 0x1F, 0xE0, 0x1F, 0xFE, 0x0F, 0xFF, 0xC7,
    0xF3, 0xF1, 0xF0, 0x3E, 0xF8, 0x0F, 0xBE, 0x01, 0xFF, 0x80, 0x7F, 0xE0, 0x1F, 0xF8, 0x07, 0xFE,
    0x01, 0xFF, 0x80, 0xF9, 0xF0, 0x3E, 0x7F, 0x3F, 0x8F, 0xFF, 0xC1, 0xFF, 0xE0, 0x1F, 0xE0, 0x31,
    0x81, 0xCE, 0x07, 0xBC, 0x0F, 0x78, 0x1C, 0xE0, 0x31, 0x80, 0x00, 0x07, 0xF0, 0x3F, 0xE1, 0xFF,
    0xCF, 0xDF, 0xBE, 0x3E, 0xF0, 0x7B, 0xC1, 0xEF, 0x07, 0xBE, 0x3E, 0xFD, 0xF9, 0xFF, 0xC3, 0xFE,
    0x07, 0xF0, 0x03, 0xF0, 0x01, 0xFE, 0x00, 0x77, 0x80, 0x3C, 0xE0, 0x00, 0x00, 0x00, 0x00, 0x00,
    0x7F, 0x80, 0x7F, 0xF8, 0x3F, 0xFF, 0x1F, 0xCF, 0xC7, 0xC0, 0xFB, 0xE0, 0x3E, 0xF8, 0x07, 0xFE,
    0x01, 0xFF, 0x80, 0x7F, 0xE0, 0x1F, 0xF8, 0x07, 0xFE, 0x03, 0xE7, 0xC0, 0xF9, 0xFC, 0xFE, 0x3F,
    0xFF, 0x07, 0xFF, 0x80, 0x7F, 0x80, 0x0F, 0x80, 0x7F, 0x03, 0xDE, 0x0F, 0x38, 0x00, 0x00, 0x00,
    0x01, 0xFC, 0x0F, 0xF8, 0x7F, 0xF3, 0xF7, 0xEF, 0x8F, 0xBC, 0x1E, 0xF0, 0x7B, 0xC1, 0xEF, 0x8F,
    0xBF, 0x7E, 0x7F, 0xF0, 0xFF, 0x81, 0xFC, 0x00, 0x63, 0x01, 0xCF, 0x03, 0xDE, 0x03, 0xDE, 0x03,
    0x9C, 0x03, 0x18, 0x00, 0x00, 0x7F, 0xE0, 0xFF, 0xF1, 0xFF, 0xF3, 0xC7, 0xE7, 0x87, 0xCF, 0x07,
    0x9E, 0x1F, 0x3C, 0x7E, 0x7F, 0xFC, 0xFF, 0xF1, 0xFF, 0xC3, 0xCF, 0x87, 0x8F, 0x8F, 0x1F, 0x9E,
    0x1F, 0x3C, 0x3F, 0x78, 0x3E, 0x63, 0x1E, 0xF3, 0xDE, 0x3D, 0xE3, 0x9C, 0x31, 0x80, 0x01, 0xFF,
    0x7F, 0xCF, 0xF9, 0xF3, 0x3E, 0x07, 0xC0, 0xF8, 0x1F, 0x03, 0xE0, 0x7C, 0x0F, 0x81, 0xF0, 0x3E,
    0x00, 0x1F, 0x80, 0x7F, 0x80, 0xF7, 0x01, 0xCE, 0x00, 0x00, 0x00, 0x00, 0x3F, 0xF0, 0x7F, 0xF8,
    0xFF, 0xF9, 0xE3, 0xF3, 0xC3, 0xE7, 0x83, 0xCF, 0x0F, 0x9E, 0x3F, 0x3F, 0xFE, 0x7F, 0xF8, 0xFF,
    0xE1, 0xE7, 0xC3, 0xC7, 0xC7, 0x8F, 0xCF, 0x0F, 0x9E, 0x1F, 0xBC, 0x1F, 0x00, 0x3F, 0x1F, 0xE7,
    0xB9, 0xCF, 0x00, 0x00, 0x07, 0xFF, 0xFE, 0xFF, 0xBE, 0x6F, 0x83, 0xE0, 0xF8, 0x3E, 0x0F, 0x83,
    0xE0, 0xF8, 0x3E, 0x0F, 0x80, 0x18, 0xC0, 0x73, 0x80, 0xF7, 0x80, 0xF7, 0x80, 0xE7, 0x00, 0xC6,
    0x00, 0x00, 0x7C, 0x0F, 0xF8, 0x1F, 0xF0, 0x3F, 0xE0, 0x7F, 0xC0, 0xFF, 0x81, 0xFF, 0x03, 0xFE,
    0x07, 0xFC, 0x0F, 0xF8, 0x1F, 0xF0, 0x3F, 0xE0, 0x7B, 0xE1, 0xF7, 0xE7, 0xEF, 0xFF, 0x8F, 0xFE,
    0x07, 0xF8, 0x63, 0x0F, 0x78, 0xF7, 0x87, 0xBC, 0x3D, 0xE1, 0x8C, 0x00, 0x0F, 0x8F, 0xF8, 0xFF,
    0x8F, 0xF8, 0xFF, 0x8F, 0xF8, 0xFF, 0x8F, 0xF8, 0xFF, 0x8F, 0x7C, 0xF7, 0xFF, 0x3F, 0xF1, 0xFF,
    0x07, 0xE0, 0x1F, 0xC0, 0x3B, 0xC0, 0xF3, 0x80, 0x00, 0x00, 0x00, 0x3E, 0x07, 0xFC, 0x0F, 0xF8,
    0x1F, 0xF0, 0x3F, 0xE0, 0x7F, 0xC0, 0xFF, 0x81, 0xFF, 0x03, 0xFE, 0x07, 0xFC, 0x0F, 0xF8, 0x1F,
    0xF0, 0x3D, 0xF0, 0xFB, 0xF3, 0xF7, 0xFF, 0xC7, 0xFF, 0x03, 0xFC, 0x00, 0x0F, 0x81, 0xFC, 0x3D,
    0xC3, 0x9E, 0x00, 0x00, 0x00, 0xF8, 0xFF, 0x8F, 0xF8, 0xFF, 0x8F, 0xF8, 0xFF, 0x8F, 0xF8, 0xFF,
    0x8F, 0xF8, 0xF7, 0xCF, 0x7F, 0xF3, 0xFF, 0x1F, 0xF0, 0x0F, 0xF0, 0xFF, 0xE7, 0xFF, 0x9F, 0x9C,
    0x7C, 0x01, 0xF0, 0x07, 0xF8, 0x0F, 0xF8, 0x1F, 0xF0, 0x3F, 0xE0, 0x1F, 0xC0, 0x1F, 0x00, 0x7D,
    0xE3, 0xF7, 0xFF, 0x9F, 0xFE, 0x3F, 0xE0, 0x00, 0x00, 0x38, 0x01, 0xE0, 0x0F, 0x80, 0x3C, 0x00,
    0x1F, 0xE3, 0xFE, 0x7F, 0xC7, 0xCC, 0x7F, 0x07, 0xFE, 0x7F, 0xE3, 0xFE, 0x03, 0xE7, 0x1E, 0x7F,
    0xE7, 0xFC, 0x7F, 0x80, 0x00, 0x0F, 0x00, 0xF0, 0x3F, 0x01, 0xE0, 0xFF, 0xFF, 0xFF, 0xFF, 0xFF,
    0xF8, 0x3E, 0x00, 0x7C, 0x00, 0xF8, 0x01, 0xF0, 0x03, 0xE0, 0x07, 0xC0, 0x0F, 0x80, 0x1F, 0x00,
    0x3E, 0x00, 0x7C, 0x00, 0xF8, 0x01, 0xF0, 0x03, 0xE0, 0x07, 0xC0, 0x00, 0x00, 0x0F, 0x00, 0x3C,
    0x00, 0xF8, 0x01, 0xE0, 0x00, 0xF8, 0x3E, 0x0F, 0x83, 0xE0, 0xFF, 0xBF, 0xEF, 0xFB, 0xE0, 0xF8,
    0x3E, 0x0F, 0x83, 0xE0, 0xF8, 0x3F, 0x27, 0xF9, 0xFF, 0x3F, 0x80, 0x01, 0xE0, 0x78, 0x3E, 0x0F,
    0x00, 0x7F, 0xC7, 0xFF, 0x1F, 0xFC, 0xE7, 0xE0, 0x0F, 0x00, 0x7C, 0x03, 0xE0, 0x3E, 0x07, 0xF1,
    0xFF, 0x0F, 0xF8, 0x7F, 0xE0, 0x3F, 0x80, 0x7C, 0x03, 0xE0, 0x1F, 0x00, 0xF8, 0x07, 0xC1, 0xFD,
    0xFF, 0xEF, 0xFC, 0x7F, 0x80, 0xFF, 0x1F, 0xF9, 0xFF, 0x33, 0xF0, 0x3E, 0x07, 0xC3, 0xF0, 0xFC,
    0x1F, 0x83, 0xF8, 0x1F, 0x81, 0xF0, 0x3E, 0x07, 0xCF, 0xFF, 0xFE, 0xFF, 0x9F, 0xC0, 0x0C, 0xE0,
    0x3F, 0xC0, 0x3F, 0x80, 0x3C, 0x00, 0x30, 0x00, 0x00, 0x00, 0x00, 0x78, 0x1F, 0xF0, 0x3F, 0xE0,
    0x7F, 0xC0, 0xFF, 0x81, 0xFF, 0x03, 0xFE, 0x07, 0xFF, 0xFF, 0xFF, 0xFF, 0xFF, 0xFF, 0xE0, 0x7F,
    0xC0, 0xFF, 0x81, 0xFF, 0x03, 0xFE, 0x07, 0xFC, 0x0F, 0xF8, 0x1F, 0x63, 0x03, 0xFC, 0x1F, 0xC0,
    0x7C, 0x00, 0xC0, 0x00, 0x01, 0xE0, 0x1F, 0x00, 0xF8, 0x07, 0xC0, 0x3E, 0x01, 0xF0, 0x0F, 0xFC,
    0x7F, 0xF3, 0xFF, 0xDF, 0x3E, 0xF8, 0xF7, 0xC7, 0xBE, 0x3D, 0xF1, 0xEF, 0x8F, 0x7C, 0x7B, 0xE3,
    0xDF, 0x1E, 0xF8, 0xF0, 0x30, 0x0F, 0x03, 0xF0, 0x3F, 0x03, 0xF0, 0x3F, 0x03, 0xF0, 0x1F, 0x01,
    0xE0, 0x18, 0x00, 0xC0, 0x3C, 0x0F, 0x07, 0xE1, 0xF8, 0x7E, 0x1F, 0x87, 0xE0, 0x78, 0x06, 0x00,
    0x00, 0x00, 0x7F, 0x9F, 0xE7, 0xF8, 0x78, 0xF9, 0xF3, 0xE7, 0xC2, 0x00, 0xF8, 0x3E, 0xF8, 0xF8,
    0xF1, 0xE1, 0xF7, 0xC1, 0xEF, 0x01, 0xFC, 0x03, 0xF8, 0x03, 0xE0, 0x03, 0x80, 0x07, 0x00, 0x04,
    0x00, 0x3F, 0x3F, 0xDD, 0xFE, 0x70, 0x0C, 0x00, 0xF0, 0x07, 0xC0, 0x1F, 0x00, 0x78, 0x01, 0x80,
    0x00, 0x1F, 0xFE, 0xFF, 0xF7, 0xFF, 0xBC, 0x01, 0xE0, 0x0F, 0x00, 0x78, 0x03, 0xFF, 0x9F, 0xFC,
    0xFF, 0xE7, 0x80, 0x3C, 0x01, 0xE0, 0x0F, 0x00, 0x7F, 0xFF, 0xFF, 0xFF, 0xFF, 0x79, 0xC3, 0xDF,
    0x1E, 0xF8, 0xF3, 0x80, 0x00, 0x00, 0x03, 0xFF, 0xDF, 0xFE, 0xFF, 0xF7, 0x80, 0x3C, 0x01, 0xE0,
    0x0F, 0x00, 0x7F, 0xF3, 0xFF, 0x9F, 0xFC, 0xF0, 0x07, 0x80, 0x3C, 0x01, 0xE0, 0x0F, 0xFF, 0xFF,
    0xFF, 0xFF, 0xE0, 0xFF, 0xFE, 0x0F, 0xFF, 0xE0, 0xFF, 0xFE, 0x00, 0x7C, 0x00, 0x07, 0xC0, 0x00,
    0x7C, 0x00, 0x07, 0xFF, 0x80, 0x7F, 0xFC, 0x07, 0xFF, 0xE0, 0x7C, 0x7E, 0x07, 0xC1, 0xE0, 0x7C,
    0x1F, 0x07, 0xC1, 0xF0, 0x7C, 0x3E, 0x07, 0xDF, 0xE0, 0x7D, 0xFC, 0x07, 0xDF, 0x80, 0x03, 0x00,
    0x78, 0x0F, 0x81, 0xF0, 0x1E, 0x00, 0xC0, 0x00, 0x0F, 0xFF, 0xFF, 0xFF, 0xFF, 0xF0, 0x0F, 0x00,
    0xF0, 0x0F, 0x00, 0xF0, 0x0F, 0x00, 0xF0, 0x0F, 0x00, 0xF0, 0x0F, 0x00, 0xF0, 0x0F, 0x00, 0xF0,
    0x0F, 0x00, 0x07, 0xFC, 0x1F, 0xFE, 0x3F, 0xFE, 0x7F, 0x1C, 0x7C, 0x00, 0xF8, 0x00, 0xF8, 0x00,
    0xFF, 0xF0, 0xFF, 0xF0, 0xFF, 0xF0, 0xF8, 0x00, 0xF8, 0x00, 0x7C, 0x00, 0x7F, 0x3C, 0x3F, 0xFE,
    0x1F, 0xFE, 0x07, 0xFC, 0x0F, 0xF0, 0xFF, 0xE7, 0xFF, 0x9F, 0x9C, 0x7C, 0x01, 0xF0, 0x07, 0xF8,
    0x0F, 0xF8, 0x1F, 0xF0, 0x3F, 0xE0, 0x1F, 0xC0, 0x1F, 0x00, 0x7D, 0xE3, 0xF7, 0xFF, 0x9F, 0xFE,
    0x3F, 0xE0, 0xFF, 0xFF, 0xFF, 0xFF, 0xFF, 0xFF, 0xFF, 0xFF, 0xF0, 0xF3, 0xFC, 0xFF, 0x3F, 0xCF,
    0x00, 0x00, 0x01, 0xE0, 0x78, 0x1E, 0x07, 0x81, 0xE0, 0x78, 0x1E, 0x07, 0x81, 0xE0, 0x78, 0x1E,
    0x07, 0x81, 0xE0, 0x78, 0x1E, 0x07, 0x81, 0xE0, 0x01, 0xF0, 0x1F, 0x01, 0xF0, 0x1F, 0x01, 0xF0,
    0x1F, 0x01, 0xF0, 0x1F, 0x01, 0xF0, 0x1F, 0x01, 0xF0, 0x1F, 0x01, 0xF7, 0x3E, 0xFF, 0xEF, 0xFC,
    0x7F, 0x80, 0x03, 0xFF, 0xC0, 0x00, 0x7F, 0xFC, 0x00, 0x07, 0xFF, 0xC0, 0x00, 0x7C, 0x7C, 0x00,
    0x07, 0xC7, 0xC0, 0x00, 0x7C, 0x7C, 0x00, 0x07, 0xC7, 0xFF, 0x00, 0x7C, 0x7F, 0xFC, 0x07, 0x87,
    0xFF, 0xE0, 0x78, 0x7C, 0x7E, 0x07, 0x87, 0xC1, 0xE0, 0xF8, 0x7C, 0x1E, 0x1F, 0x07, 0xC1, 0xE7,
    0xF0, 0x7C, 0x7E, 0xFE, 0x07, 0xFF, 0xEF, 0xC0, 0x7F, 0xFC, 0xF8, 0x03, 0xFF, 0x00, 0xF0, 0x3E,
    0x00, 0xF0, 0x3E, 0x00, 0xF0, 0x3E, 0x00, 0xF0, 0x3E, 0x00, 0xF0, 0x3E, 0x00, 0xF0, 0x3E, 0x00,
    0xFF, 0xFF, 0xF8, 0xFF, 0xFF, 0xFC, 0xFF, 0xFF, 0xFE, 0xF0, 0x3E, 0x7F, 0xF0, 0x3E, 0x1F, 0xF0,
    0x3E, 0x1F, 0xF0, 0x3E, 0x1F, 0xF0, 0x3E, 0x7F, 0xF0, 0x3F, 0xFE, 0xF0, 0x3F, 0xFC, 0xF0, 0x3F,
    0xF8, 0xFF, 0xFE, 0x1F, 0xFF, 0xC3, 0xFF, 0xF8, 0x03, 0xE0, 0x00, 0x7C, 0x00, 0x0F, 0x80, 0x01,
    0xFF, 0xC0, 0x3F, 0xFC, 0x07, 0xFF, 0xC0, 0xF9, 0xF8, 0x1F, 0x0F, 0x83, 0xE1, 0xF0, 0x7C, 0x3E,
    0x0F, 0x87, 0xC1, 0xF0, 0xF8, 0x3E, 0x1F, 0x07, 0xC3, 0xE0, 0x00, 0xC0, 0x03, 0xC0, 0x0F, 0x80,
    0x3E, 0x00, 0x78, 0x00, 0x60, 0x00, 0x00, 0x78, 0x3E, 0xF0, 0xF9, 0xE3, 0xF3, 0xCF, 0xC7, 0xBF,
    0x0F, 0xFC, 0x1F, 0xF0, 0x3F, 0xC0, 0x7F, 0x80, 0xFF, 0x81, 0xFF, 0x83, 0xDF, 0x87, 0x9F, 0x8F,
    0x1F, 0x9E, 0x1F, 0x3C, 0x1F, 0x78, 0x3F, 0x03, 0x00, 0x1E, 0x00, 0x3E, 0x00, 0x3E, 0x00, 0x3C,
    0x00, 0x30, 0x00, 0x00, 0x78, 0x0F, 0xF0, 0x3F, 0xE0, 0xFF, 0xC3, 0xFF, 0x8F, 0xFF, 0x1F, 0xFE,
    0x7F, 0xFD, 0xF7, 0xFF, 0xCF, 0xFF, 0x9F, 0xFE, 0x3F, 0xF8, 0x7F, 0xF0, 0xFF, 0xC1, 0xFF, 0x03,
    0xFE, 0x07, 0xF8, 0x0F, 0x06, 0x38, 0x07, 0xBC, 0x03, 0xFE, 0x00, 0xFE, 0x00, 0x3E, 0x00, 0x00,
    0x00, 0x00, 0x01, 0xF0, 0x3E, 0x7C, 0x1F, 0x3E, 0x0F, 0x8F, 0x8F, 0x87, 0xC7, 0xC1, 0xF3, 0xC0,
    0xFB, 0xE0, 0x3F, 0xE0, 0x1F, 0xF0, 0x07, 0xF8, 0x01, 0xF8, 0x00, 0xFC, 0x00, 0x7C, 0x02, 0x7E,
    0x03, 0xFE, 0x01, 0xFE, 0x00, 0xFE, 0x00, 0xF0, 0x3F, 0xE0, 0x7F, 0xC0, 0xFF, 0x81, 0xFF, 0x03,
    0xFE, 0x07, 0xFC, 0x0F, 0xF8, 0x1F, 0xF0, 0x3F, 0xE0, 0x7F, 0xC0, 0xFF, 0x81, 0xFF, 0x03, 0xFE,
    0x07, 0xFF, 0xFF, 0xFF, 0xFF, 0xFF, 0xFE, 0x0F, 0x00, 0x1E, 0x00, 0x3C, 0x00, 0x78, 0x00, 0xF0,
    0x00, 0x01, 0xE0, 0x00, 0xFC, 0x00, 0x3F, 0x00, 0x1F, 0xE0, 0x07, 0xF8, 0x03, 0xFF, 0x00, 0xF3,
    0xC0, 0x7C, 0xF8, 0x1E, 0x3E, 0x07, 0x87, 0x83, 0xFF, 0xF0, 0xFF, 0xFC, 0x3F, 0xFF, 0x9F, 0x03,
    0xE7, 0xC0, 0xFB, 0xE0, 0x1F, 0xF8, 0x07, 0xC0, 0xFF, 0xF3, 0xFF, 0xCF, 0xFF, 0x3C, 0x00, 0xF0,
    0x03, 0xC0, 0x0F, 0xFC, 0x3F, 0xFC, 0xFF, 0xFB, 0xC7, 0xEF, 0x07, 0xBC, 0x1E, 0xF0, 0x7B, 0xC7,
    0xEF, 0xFF, 0xBF, 0xFC, 0xFF, 0xC0, 0xFF, 0xC3, 0xFF, 0xCF, 0xFF, 0xBC, 0x7E, 0xF0, 0x7B, 0xC1,
    0xEF, 0x1F, 0xBF, 0xFC, 0xFF, 0xF3, 0xFF, 0xEF, 0x0F, 0xFC, 0x1F, 0xF0, 0x7F, 0xC7, 0xFF, 0xFF,
    0xBF, 0xFE, 0xFF, 0xE0, 0xFF, 0xFF, 0xFF, 0xFF, 0xFF, 0x00, 0xF0, 0x0F, 0x00, 0xF0, 0x0F, 0x00,
    0xF0, 0x0F, 0x00, 0xF0, 0x0F, 0x00, 0xF0, 0x0F, 0x00, 0xF0, 0x0F, 0x00, 0xF0, 0x00, 0x07, 0xFF,
    0x80, 0x3F, 0xFC, 0x01, 0xFF, 0xE0, 0x0F, 0x8F, 0x00, 0x7C, 0x78, 0x03, 0xE3, 0xC0, 0x1E, 0x1E,
    0x00, 0xF0, 0xF0, 0x07, 0x87, 0x80, 0x7C, 0x3C, 0x03, 0xE1, 0xE0, 0x1E, 0x0F, 0x01, 0xF0, 0x78,
    0x0F, 0x83, 0xC3, 0xFF, 0xFF, 0xDF, 0xFF, 0xFE, 0xFF, 0xFF, 0xF7, 0xC0, 0x07, 0xBE, 0x00, 0x3D,
    0xF0, 0x01, 0xEF, 0x80, 0x0F, 0x7C, 0x00, 0x78, 0xFF, 0xF7, 0xFF, 0xBF, 0xFD, 0xE0, 0x0F, 0x00,
    0x78, 0x03, 0xC0, 0x1F, 0xFC, 0xFF, 0xE7, 0xFF, 0x3C, 0x01, 0xE0, 0x0F, 0x00, 0x78, 0x03, 0xFF,
    0xFF, 0xFF, 0xFF, 0xF8, 0xFC, 0x3E, 0x1F, 0x3F, 0x1F, 0x1F, 0x8F, 0x8F, 0x9F, 0x87, 0xE7, 0xDF,
    0x81, 0xFB, 0xEF, 0x80, 0x7F, 0xFF, 0x80, 0x1F, 0xFF, 0xC0, 0x07, 0xFF, 0xC0, 0x03, 0xFF, 0xC0,
    0x01, 0xFF, 0xF0, 0x01, 0xFF, 0xFC, 0x01, 0xF7, 0xFF, 0x01, 0xF3, 0xEF, 0xC1, 0xF9, 0xF3, 0xE1,
    0xF8, 0xF8, 0xF8, 0xF8, 0x7C, 0x7E, 0xF8, 0x3E, 0x1F, 0x00, 0x3F, 0xE0, 0xFF, 0xE1, 0xFF, 0xE1,
    0xC7, 0xE0, 0x07, 0xC0, 0x0F, 0x80, 0x7E, 0x0F, 0xFC, 0x1F, 0xF0, 0x3F, 0xF8, 0x03, 0xF0, 0x01,
    0xE0, 0x03, 0xCF, 0x1F, 0x9F, 0xFF, 0x7F, 0xFC, 0x3F, 0xF0, 0xF0, 0x1F, 0xE0, 0x7F, 0xC1, 0xFF,
    0x87, 0xFF, 0x1F, 0xFE, 0x3F, 0xFC, 0xFF, 0xFB, 0xEF, 0xFF, 0x9F, 0xFF, 0x3F, 0xFC, 0x7F, 0xF0,
    0xFF, 0xE1, 0xFF, 0x83, 0xFE, 0x07, 0xFC, 0x0F, 0xF0, 0x1E, 0x0C, 0x70, 0x3D, 0xE0, 0x7F, 0xC0,
    0x7F, 0x00, 0x7C, 0x00, 0x00, 0x00, 0x00, 0x78, 0x0F, 0xF0, 0x3F, 0xE0, 0xFF, 0xC3, 0xFF, 0x8F,
    0xFF, 0x1F, 0xFE, 0x7F, 0xFD, 0xF7, 0xFF, 0xCF, 0xFF, 0x9F, 0xFE, 0x3F, 0xF8, 0x7F, 0xF0, 0xFF,
    0xC1, 0xFF, 0x03, 0xFE, 0x07, 0xF8, 0x0F, 0xF0, 0x7D, 0xE1, 0xF3, 0xC7, 0xE7, 0x9F, 0x8F, 0x7E,
    0x1F, 0xF8, 0x3F, 0xE0, 0x7F, 0x80, 0xFF, 0x01, 0xFF, 0x03, 0xFF, 0x07, 0xBF, 0x0F, 0x3F, 0x1E,
    0x3F, 0x3C, 0x3E, 0x78, 0x3E, 0xF0, 0x7E, 0x03, 0xFF, 0xC1, 0xFF, 0xF0, 0x7F, 0xFC, 0x1F, 0x1F,
    0x07, 0xC7, 0xC1, 0xF1, 0xF0, 0x7C, 0x7C, 0x1F, 0x1F, 0x07, 0x87, 0xC1, 0xE1, 0xF0, 0x78, 0x7C,
    0x3E, 0x1F, 0x1F, 0x07, 0xDF, 0xC1, 0xFF, 0xE0, 0x7F, 0xF0, 0x1F, 0xF8, 0x07, 0xC0, 0x7C, 0x03,
    0xE7, 0xE0, 0x3E, 0x7E, 0x07, 0xE7, 0xF0, 0x7E, 0x7F, 0x0F, 0xE7, 0xF8, 0xFF, 0x7F, 0x9F, 0xF7,
    0xFD, 0xFF, 0x7B, 0xDF, 0xF7, 0xBF, 0xDF, 0x79, 0xFD, 0xFF, 0x9F, 0x8F, 0xF9, 0xF8, 0xFF, 0x8F,
    0x8F, 0xF8, 0xF0, 0xFF, 0x80, 0x0F, 0xF8, 0x00, 0xF0, 0xF0, 0x3F, 0xE0, 0x7F, 0xC0, 0xFF, 0x81,
    0xFF, 0x03, 0xFE, 0x07, 0xFC, 0x0F, 0xFF, 0xFF, 0xFF, 0xFF, 0xFF, 0xFF, 0xC0, 0xFF, 0x81, 0xFF,
    0x03, 0xFE, 0x07, 0xFC, 0x0F, 0xF8, 0x1F, 0xF0, 0x3E, 0x07, 0xF8, 0x07, 0xFF, 0x83, 0xFF, 0xF1,
    0xFC, 0xFC, 0x7C, 0x0F, 0xBE, 0x03, 0xEF, 0x80, 0x7F, 0xE0, 0x1F, 0xF8, 0x07, 0xFE, 0x01, 0xFF,
    0x80, 0x7F, 0xE0, 0x3E, 0x7C, 0x0F, 0x9F, 0xCF, 0xE3, 0xFF, 0xF0, 0x7F, 0xF8, 0x07, 0xF8, 0x00,
    0xFF, 0xFF, 0xFF, 0xFF, 0xFF, 0xFF, 0x81, 0xFF, 0x03, 0xFE, 0x07, 0xFC, 0x0F, 0xF8, 0x1F, 0xF0,
    0x3F, 0xE0, 0x7F, 0xC0, 0xFF, 0x81, 0xFF, 0x03, 0xFE, 0x07, 0xFC, 0x0F, 0xF8, 0x1F, 0xF0, 0x3E,
    0xFF, 0xC3, 0xFF, 0xCF, 0xFF, 0xBC, 0x7E, 0xF0, 0x7B, 0xC1, 0xFF, 0x07, 0xBC, 0x7E, 0xFF, 0xFB,
    0xFF, 0xCF, 0xFC, 0x3C, 0x00, 0xF0, 0x03, 0xC0, 0x0F, 0x00, 0x3C, 0x00, 0xF0, 0x00, 0x07, 0xFC,
    0x3F, 0xFC, 0xFF, 0xF3, 0xF8, 0xE7, 0xC0, 0x1F, 0x00, 0x3E, 0x00, 0x7C, 0x00, 0xF8, 0x01, 0xF0,
    0x03, 0xE0, 0x07, 0xC0, 0x07, 0xC0, 0x0F, 0xE3, 0x8F, 0xFF, 0x8F, 0xFF, 0x0F, 0xFC, 0xFF, 0xFF,
    0xFF, 0xFF, 0xFF, 0xF8, 0x3E, 0x00, 0x7C, 0x00, 0xF8, 0x01, 0xF0, 0x03, 0xE0, 0x07, 0xC0, 0x0F,
    0x80, 0x1F, 0x00, 0x3E, 0x00, 0x7C, 0x00, 0xF8, 0x01, 0xF0, 0x03, 0xE0, 0x07, 0xC0, 0xF8, 0x1F,
    0x3E, 0x0F, 0x9F, 0x07, 0xC7, 0xC7, 0xC3, 0xE3, 0xE0, 0xF9, 0xE0, 0x7D, 0xF0, 0x1F, 0xF0, 0x0F,
    0xF8, 0x03, 0xFC, 0x00, 0xFC, 0x00, 0x7E, 0x00, 0x3E, 0x01, 0x3F, 0x01, 0xFF, 0x00, 0xFF, 0x00,
    0x7F, 0x00, 0x00, 0x00, 0xF0, 0x00, 0x0F, 0x00, 0x0F, 0xFE, 0x01, 0xFF, 0xF8, 0x3F, 0xFF, 0xC7,
    0xEF, 0xFE, 0xF8, 0xF3, 0xEF, 0x8F, 0x1F, 0xF0, 0xF1, 0xFF, 0x0F, 0x1F, 0xF8, 0xF1, 0xFF, 0x8F,
    0x3E, 0x7E, 0xF7, 0xE7, 0xFF, 0xFC, 0x3F, 0xFF, 0x80, 0xFF, 0xF0, 0x00, 0xF0, 0x00, 0x0F, 0x00,
    0xFC, 0x1F, 0x3F, 0x1F, 0x8F, 0x8F, 0x87, 0xEF, 0x81, 0xFF, 0xC0, 0x7F, 0xC0, 0x3F, 0xC0, 0x0F,
    0xE0, 0x03, 0xE0, 0x03, 0xF8, 0x03, 0xFE, 0x03, 0xFF, 0x81, 0xF7, 0xC1, 0xF3, 0xF1, 0xF8, 0xFC,
    0xF8, 0x3E, 0xF8, 0x1F, 0x80, 0xF0, 0x3E, 0x3C, 0x0F, 0x8F, 0x03, 0xE3, 0xC0, 0xF8, 0xF0, 0x3E,
    0x3C, 0x0F, 0x8F, 0x03, 0xE3, 0xC0, 0xF8, 0xF0, 0x3E, 0x3C, 0x0F, 0x8F, 0x03, 0xE3, 0xC0, 0xF8,
    0xF0, 0x3E, 0x3C, 0x0F, 0x8F, 0xFF, 0xFF, 0xFF, 0xFF, 0xFF, 0xFF, 0xC0, 0x01, 0xF0, 0x00, 0x7C,
    0x00, 0x1F, 0x00, 0x07, 0xC0, 0x01, 0xF0, 0xF0, 0x3F, 0xC0, 0xFF, 0x03, 0xFC, 0x0F, 0xF0, 0x3F,
    0xC0, 0xFF, 0x83, 0xFF, 0x1F, 0xFF, 0xFD, 0xFF, 0xF3, 0xFF, 0xC0, 0x0F, 0x00, 0x3C, 0x00, 0xF0,
    0x03, 0xC0, 0x0F, 0x00, 0x3C, 0xF0, 0xF8, 0x7F, 0xC3, 0xE1, 0xFF, 0x0F, 0x87, 0xFC, 0x3E, 0x1F,
    0xF0, 0xF8, 0x7F, 0xC3, 0xE1, 0xFF, 0x0F, 0x87, 0xFC, 0x3E, 0x1F, 0xF0, 0xF8, 0x7F, 0xC3, 0xE1,
    0xFF, 0x0F, 0x87, 0xFC, 0x3E, 0x1F, 0xF0, 0xF8, 0x7F, 0xC3, 0xE1, 0xFF, 0xFF, 0xFF, 0xFF, 0xFF,
    0xFF, 0xFF, 0xFF, 0xFC, 0xF0, 0xF8, 0x7C, 0x78, 0x7C, 0x3E, 0x3C, 0x3E, 0x1F, 0x1E, 0x1F, 0x0F,
    0x8F, 0x0F, 0x87, 0xC7, 0x87, 0xC3, 0xE3, 0xC3, 0xE1, 0xF1, 0xE1, 0xF0, 0xF8, 0xF0, 0xF8, 0x7C,
    0x78, 0x7C, 0x3E, 0x3C, 0x3E, 0x1F, 0x1E, 0x1F, 0x0F, 0x8F, 0x0F, 0x87, 0xC7, 0x87, 0xC3, 0xE3,
    0xFF, 0xFF, 0xFF, 0xFF, 0xFF, 0xFF, 0xFF, 0xFF, 0xFF, 0x80, 0x00, 0x07, 0xC0, 0x00, 0x03, 0xE0,
    0x00, 0x01, 0xF0, 0x00, 0x00, 0xF8, 0x00, 0x00, 0x7C, 0xFF, 0x80, 0x1F, 0xF0, 0x03, 0xFE, 0x00,
    0x07, 0xC0, 0x00, 0xF8, 0x00, 0x1F, 0x00, 0x03, 0xFF, 0x80, 0x7F, 0xFC, 0x0F, 0xFF, 0xC1, 0xF3,
    0xF8, 0x3E, 0x0F, 0x07, 0xC1, 0xF0, 0xF8, 0x3C, 0x1F, 0x1F, 0x83, 0xFF, 0xF0, 0x7F, 0xFC, 0x07,
    0xFE, 0x00, 0xF0, 0x01, 0xFF, 0x00, 0x1F, 0xF0, 0x01, 0xFF, 0x00, 0x1F, 0xF0, 0x01, 0xFF, 0x00,
    0x1F, 0xFF, 0xC1, 0xFF, 0xFF, 0x1F, 0xFF, 0xF9, 0xFF, 0x3F, 0x9F, 0xF0, 0xF9, 0xFF, 0x07, 0x9F,
    0xF0, 0xF9, 0xFF, 0x1F, 0x9F, 0xFF, 0xF9, 0xFF, 0xFF, 0x1F, 0xFF, 0xC1, 0xF0, 0xF0, 0x03, 0xC0,
    0x0F, 0x00, 0x3C, 0x00, 0xF0, 0x03, 0xC0, 0x0F, 0xFC, 0x3F, 0xFC, 0xFF, 0xFB, 0xCF, 0xEF, 0x07,
    0xFC, 0x1F, 0xF0, 0x7F, 0xC7, 0xEF, 0xFF, 0xBF, 0xFC, 0xFF, 0xC0, 0x7F, 0xC1, 0xFF, 0xE3, 0xFF,
    0xE3, 0x8F, 0xE0, 0x07, 0xC0, 0x07, 0xC0, 0x0F, 0x8F, 0xFF, 0x1F, 0xFE, 0x3F, 0xFC, 0x00, 0xF8,
    0x01, 0xF0, 0x07, 0xCF, 0x3F, 0xBF, 0xFE, 0x7F, 0xF8, 0x7F, 0xC0, 0xF0, 0x0F, 0xE0, 0xF0, 0x3F,
    0xF8, 0xF0, 0x7F, 0xFC, 0xF0, 0xFC, 0xFE, 0xF0, 0xF8, 0x3E, 0xF1, 0xF0, 0x1F, 0xF1, 0xF0, 0x1F,
    0xFF, 0xE0, 0x1F, 0xFF, 0xE0, 0x1F, 0xFF, 0xE0, 0x1F, 0xF1, 0xF0, 0x1F, 0xF1, 0xF0, 0x1F, 0xF1,
    0xF8, 0x3E, 0xF0, 0xFC, 0xFE, 0xF0, 0x7F, 0xFC, 0xF0, 0x3F, 0xF8, 0xF0, 0x1F, 0xE0, 0x0F, 0xFC,
    0x7F, 0xFC, 0xFF, 0xFB, 0xF9, 0xF7, 0xC3, 0xEF, 0x07, 0xDF, 0x0F, 0xBF, 0x1F, 0x7F, 0xFE, 0x7F,
    0xFC, 0x7F, 0xF8, 0xF9, 0xF3, 0xE3, 0xEF, 0x87, 0xDF, 0x0F, 0xFC, 0x1F, 0xF8, 0x3E, 0x3F, 0xC1,
    0xFF, 0x8F, 0xFC, 0x63, 0xE0, 0x0F, 0x8F, 0xFD, 0xFF, 0xEF, 0xFF, 0x7C, 0xFB, 0xE7, 0xDF, 0xFE,
    0xFF, 0xF3, 0xFF, 0x00, 0x01, 0xF0, 0x7F, 0x87, 0xFE, 0x7F, 0xC7, 0xC0, 0x3C, 0x03, 0xFF, 0x1F,
    0xFE, 0xFF, 0xF7, 0xEF, 0xFC, 0x3F, 0xE0, 0xFF, 0x07, 0xFC, 0x3F, 0xE3, 0xFF, 0xBF, 0x7F, 0xF1,
    0xFF, 0x07, 0xF0, 0xFF, 0xE7, 0xFF, 0xBF, 0xFD, 0xF1, 0xFF, 0x8F, 0x7F, 0xFB, 0xFF, 0xDF, 0xFF,
    0xF8, 0xFF, 0xC7, 0xFF, 0xFF, 0xFF, 0xE7, 0xFE, 0x00, 0xFF, 0xDF, 0xFB, 0xFF, 0x7C, 0x0F, 0x81,
    0xF0, 0x3E, 0x07, 0xC0, 0xF8, 0x1F, 0x03, 0xE0, 0x7C, 0x0F, 0x80, 0x0F, 0xFE, 0x07, 0xFF, 0x03,
    0xFF, 0x83, 0xE7, 0xC1, 0xF3, 0xE0, 0xF9, 0xF0, 0x78, 0xF8, 0x3C, 0x7C, 0x1E, 0x3E, 0x1F, 0x1F,
    0x3F, 0xFF, 0xFF, 0xFF, 0xFF, 0xFF, 0xFF, 0x80, 0x3F, 0xC0, 0x1F, 0xE0, 0x0F, 0xF0, 0x07, 0x80,
    0x1F, 0xC1, 0xFF, 0x1F, 0xFD, 0xFB, 0xEF, 0x8F, 0xFF, 0xFF, 0xFF, 0xFF, 0xFF, 0xF8, 0x07, 0xE3,
    0x9F, 0xFC, 0x7F, 0xE1, 0xFF, 0x00, 0xFC, 0xF8, 0xFB, 0xE7, 0xCF, 0x8F, 0xBE, 0xF8, 0x3F, 0xFF,
    0xC1, 0xFF, 0xFC, 0x07, 0xFF, 0xC0, 0x1F, 0xFC, 0x01, 0xFF, 0xF0, 0x1F, 0xFF, 0xC1, 0xFF, 0xDF,
    0x0F, 0xBE, 0xFC, 0xF9, 0xF3, 0xEF, 0x8F, 0x8F, 0x80, 0x7F, 0xC7, 0xFE, 0x7F, 0xE7, 0x3E, 0x01,
    0xE3, 0xFE, 0x3F, 0xE3, 0xFE, 0x01, 0xF7, 0x1F, 0x7F, 0xF7, 0xFE, 0x7F, 0xC0, 0xF8, 0x7F, 0xC7,
    0xFE, 0x7F, 0xF7, 0xFF, 0xBF, 0xFF, 0xFF, 0xFF, 0xFF, 0xEF, 0xFE, 0x7F, 0xF3, 0xFF, 0x1F, 0xF0,
    0xFF, 0x87, 0x80, 0x18, 0xE1, 0xEF, 0x0F, 0xF8, 0x3F, 0x80, 0xF8, 0x00, 0x00, 0x00, 0x1F, 0x0F,
    0xF8, 0xFF, 0xCF, 0xFE, 0xFF, 0xF7, 0xFF, 0xFF, 0xFF, 0xFF, 0xFD, 0xFF, 0xCF, 0xFE, 0x7F, 0xE3,
    0xFE, 0x1F, 0xF0, 0xF0, 0xF8, 0xFB, 0xE7, 0xCF, 0xBE, 0x3F, 0xF0, 0xFF, 0x83, 0xFC, 0x0F, 0xF8,
    0x3F, 0xF0, 0xFF, 0xC3, 0xEF, 0x8F, 0x9F, 0x3E, 0x7E, 0xF8, 0xF8, 0x0F, 0xFC, 0x3F, 0xF0, 0xFF,
    0xC3, 0xCF, 0x0F, 0x3C, 0x7C, 0xF1, 0xF3, 0xC7, 0xCF, 0x1E, 0x3D, 0xF8, 0xFF, 0xC3, 0xFE, 0x0F,
    0xF0, 0x3C, 0x78, 0x0F, 0x3E, 0x0F, 0x9F, 0x07, 0xCF, 0xC7, 0xE7, 0xE3, 0xF3, 0xFB, 0xF9, 0xFF,
    0xFF, 0xFF, 0xFF, 0xFB, 0xEF, 0xFD, 0xF7, 0xFE, 0x73, 0xFF, 0x01, 0xFF, 0x80, 0xF8, 0xF8, 0xF7,
    0xC7, 0xBE, 0x3D, 0xF1, 0xEF, 0x8F, 0x7F, 0xFB, 0xFF, 0xDF, 0xFE, 0xF8, 0xF7, 0xC7, 0xBE, 0x3D,
    0xF1, 0xEF, 0x8F, 0x00, 0x1F, 0xC0, 0xFF, 0x87, 0xFF, 0x3F, 0x7E, 0xF8, 0xFB, 0xC1, 0xEF, 0x07,
    0xBC, 0x1E, 0xF8, 0xFB, 0xF7, 0xE7, 0xFF, 0x0F, 0xF8, 0x1F, 0xC0, 0xFF, 0xF7, 0xFF, 0xBF, 0xFD,
    0xF1, 0xEF, 0x8F, 0x7C, 0x7B, 0xE3, 0xDF, 0x1E, 0xF8, 0xF7, 0xC7, 0xBE, 0x3D, 0xF1, 0xEF, 0x8F,
    0x00, 0x7F, 0xC7, 0xFF, 0x3F, 0xFD, 0xF3, 0xFF, 0x8F, 0xFC, 0x3F, 0xE1, 0xFF, 0x0F, 0xF8, 0xFF,
    0xEF, 0xFF, 0xFD, 0xFF, 0xEF, 0xFC, 0x7C, 0x03, 0xE0, 0x1F, 0x00, 0xF8, 0x07, 0xC0, 0x00, 0x1F,
    0xE7, 0xFD, 0xFF, 0x7E, 0x6F, 0x81, 0xE0, 0x3C, 0x07, 0x80, 0xF8, 0x1F, 0x8D, 0xFF, 0x9F, 0xF1,
    0xFE, 0xFF, 0xFF, 0xFF, 0xFF, 0xFE, 0x1F, 0x00, 0xF8, 0x07, 0xC0, 0x3E, 0x01, 0xF0, 0x0F, 0x80,
    0x7C, 0x03, 0xE0, 0x1F, 0x00, 0xF8, 0x00, 0xF8, 0x7F, 0xE1, 0xE7, 0x87, 0x9F, 0x3E, 0x7C, 0xF0,
    0xF3, 0xC3, 0xFF, 0x0F, 0xF8, 0x1F, 0xE0, 0x7F, 0x80, 0xFC, 0x03, 0xF0, 0x07, 0x80, 0x3E, 0x05,
    0xF0, 0x3F, 0xC0, 0xFE, 0x03, 0xF0, 0x00, 0x01, 0xE0, 0x00, 0x78, 0x00, 0x1E, 0x00, 0x07, 0x80,
    0x01, 0xE0, 0x00, 0x78, 0x00, 0xFF, 0xC0, 0xFF, 0xFC, 0x7F, 0xFF, 0xBF, 0xFF, 0xEF, 0x9E, 0x7F,
    0xC7, 0x9F, 0xF1, 0xE3, 0xFC, 0x79, 0xFF, 0x9E, 0x7F, 0xFF, 0xBE, 0x7F, 0xFF, 0x8F, 0xFF, 0xC0,
    0xFF, 0xC0, 0x07, 0x80, 0x01, 0xE0, 0x00, 0x78, 0x00, 0x1E, 0x00, 0x07, 0x80, 0xF8, 0x79, 0xF3,
    0xE3, 0xFF, 0x0F, 0xF8, 0x1F, 0xE0, 0x3F, 0x00, 0xF8, 0x03, 0xF0, 0x1F, 0xE0, 0xFF, 0xC7, 0xCF,
    0x1E, 0x3E, 0xF8, 0x7C, 0xF8, 0xF1, 0xF1, 0xE3, 0xE3, 0xC7, 0xC7, 0x8F, 0x8F, 0x1F, 0x1E, 0x3E,
    0x3C, 0x7C, 0x78, 0xF8, 0xF1, 0xF1, 0xE3, 0xFF, 0xFF, 0xFF, 0xFF, 0xFF, 0xE0, 0x03, 0xC0, 0x07,
    0x80, 0x0F, 0x00, 0x1E, 0xF1, 0xFF, 0x1F, 0xF1, 0xFF, 0x1F, 0xF1, 0xFF, 0x9F, 0xFF, 0xF7, 0xFF,
    0x3F, 0xF0, 0x1F, 0x01, 0xF0, 0x1F, 0x01, 0xF0, 0xF8, 0xF1, 0xFF, 0x1E, 0x3F, 0xE3, 0xC7, 0xFC,
    0x78, 0xFF, 0x8F, 0x1F, 0xF1, 0xE3, 0xFE, 0x3C, 0x7F, 0xC7, 0x8F, 0xF8, 0xF1, 0xFF, 0x1E, 0x3F,
    0xFF, 0xFF, 0xFF, 0xFF, 0xFF, 0xFF, 0xFE, 0xF8, 0xF1, 0xE7, 0xC7, 0x8F, 0x3E, 0x3C, 0x79, 0xF1,
    0xE3, 0xCF, 0x8F, 0x1E, 0x7C, 0x78, 0xF3, 0xE3, 0xC7, 0x9F, 0x1E, 0x3C, 0xF8, 0xF1, 0xE7, 0xC7,
    0x8F, 0x3F, 0xFF, 0xFF, 0xFF, 0xFF, 0xFF, 0xFF, 0xFF, 0x80, 0x00, 0x3C, 0x00, 0x01, 0xE0, 0x00,
    0x0F, 0x00, 0x00, 0x78, 0xFF, 0x00, 0xFF, 0x00, 0xFF, 0x00, 0x1F, 0x00, 0x1F, 0xF8, 0x1F, 0xFC,
    0x1F, 0xFE, 0x1F, 0x3E, 0x1F, 0x1E, 0x1F, 0x3E, 0x1F, 0xFE, 0x1F, 0xFC, 0x1F, 0xF8, 0xF8, 0x03,
    0xFE, 0x00, 0xFF, 0x80, 0x3F, 0xE0, 0x0F, 0xFF, 0xC3, 0xFF, 0xF8, 0xFF, 0xFF, 0x3F, 0xE7, 0xCF,
    0xF8, 0xFB, 0xFE, 0x7C, 0xFF, 0xFF, 0x3F, 0xFF, 0xCF, 0x7F, 0xC3, 0xC0, 0xF8, 0x07, 0xC0, 0x3E,
    0x01, 0xF0, 0x0F, 0xFC, 0x7F, 0xFB, 0xFF, 0xDF, 0x3E, 0xF8, 0xFF, 0xCF, 0xBF, 0xFD, 0xFF, 0xE7,
    0xFC, 0x00, 0x7F, 0x83, 0xFF, 0x1F, 0xF8, 0xE7, 0xE0, 0x0F, 0x0F, 0xF8, 0x7F, 0xE3, 0xFE, 0x00,
    0xF3, 0x9F, 0x9F, 0xF8, 0xFF, 0xC7, 0xF8, 0x00, 0xF8, 0x3F, 0x8F, 0x87, 0xFC, 0xF8, 0xFF, 0xEF,
    0x9F, 0xBE, 0xF9, 0xF1, 0xFF, 0xFE, 0x1F, 0xFF, 0xE1, 0xFF, 0xFE, 0x1F, 0xF9, 0xF1, 0xFF, 0x9F,
    0xBE, 0xF8, 0xFF, 0xEF, 0x87, 0xFC, 0xF8, 0x3F, 0x80, 0x1F, 0xF9, 0xFF, 0xDF, 0xFE, 0xF8, 0xF7,
    0xC7, 0xBF, 0xFC, 0xFF, 0xE3, 0xFF, 0x1E, 0x79, 0xF3, 0xCF, 0x1E, 0xF8, 0xF7, 0x87, 0x80, 0x0C,
    0x00, 0xF0, 0x07, 0xC0, 0x1F, 0x00, 0x78, 0x01, 0x80, 0x00, 0x03, 0xF8, 0x3F, 0xE3, 0xFF, 0xBF,
    0x7D, 0xF1, 0xFF, 0xFF, 0xFF, 0xFF, 0xFF, 0xFF, 0x00, 0xFC, 0x73, 0xFF, 0x8F, 0xFC, 0x3F, 0xE0,
    0x39, 0xE3, 0xEF, 0x1F, 0x78, 0x73, 0xC0, 0x00, 0x00, 0x00, 0x7F, 0x07, 0xFC, 0x7F, 0xF7, 0xEF,
    0xBE, 0x3F, 0xFF, 0xFF, 0xFF, 0xFF, 0xFF, 0xE0, 0x1F, 0x8E, 0x7F, 0xF1, 0xFF, 0x87, 0xFC, 0x3C,
    0x00, 0xF0, 0x0F, 0xFC, 0x3F, 0xF0, 0x3C, 0x00, 0xF0, 0x03, 0xFE, 0x0F, 0xFC, 0x3F, 0xF8, 0xF3,
    0xE3, 0xC7, 0xCF, 0x1F, 0x3C, 0x7C, 0xF1, 0xF3, 0xC7, 0xCF, 0x1F, 0x3C, 0x7C, 0xF1, 0xF3, 0xC7,
    0xC0, 0x1F, 0x00, 0x7C, 0x0F, 0xE0, 0x3F, 0x80, 0xFC, 0x06, 0x01, 0xE0, 0x3E, 0x0F, 0x01, 0xC0,
    0x10, 0x00, 0x07, 0xFE, 0xFF, 0xDF, 0xFB, 0xE0, 0x7C, 0x0F, 0x81, 0xF0, 0x3E, 0x07, 0xC0, 0xF8,
    0x1F, 0x03, 0xE0, 0x7C, 0x00, 0x0F, 0xF0, 0xFF, 0x8F, 0xFC, 0xFC, 0xE7, 0x80, 0x3F, 0xE1, 0xFF,
    0x0F, 0xF8, 0x78, 0x03, 0xF3, 0x8F, 0xFC, 0x7F, 0xF0, 0xFF, 0x00, 0x1F, 0xE3, 0xFE, 0x7F, 0xC7,
    0xCC, 0x7F, 0x07, 0xFE, 0x7F, 0xE3, 0xFE, 0x03, 0xE7, 0x1E, 0x7F, 0xE7, 0xFC, 0x7F, 0x80, 0x7F,
    0xFE, 0xF0, 0x03, 0xFF, 0xFF, 0xFF, 0xFF, 0xFF, 0xFF, 0xFF, 0xFE, 0x71, 0xCF, 0x7D, 0xEF, 0xB8,
    0xE0, 0x00, 0x00, 0x07, 0xC0, 0xF8, 0x1F, 0x03, 0xE0, 0x7C, 0x0F, 0x81, 0xF0, 0x3E, 0x07, 0xC0,
    0xF8, 0x1F, 0x03, 0xE0, 0x7C, 0x00, 0x0F, 0x1F, 0x1F, 0x0F, 0x00, 0x00, 0x1F, 0x1F, 0x1F, 0x1F,
    0x1F, 0x1F, 0x1F, 0x1F, 0x1F, 0x1F, 0x1F, 0x1F, 0x1F, 0x1F, 0x1F, 0xFE, 0xFE, 0xFC, 0x0F, 0xFC,
    0x00, 0x3F, 0xF0, 0x00, 0xFF, 0xC0, 0x03, 0xCF, 0x00, 0x0F, 0x3C, 0x00, 0x7C, 0xFF, 0xC1, 0xF3,
    0xFF, 0x87, 0xCF, 0xFF, 0x1E, 0x3C, 0x7D, 0xF8, 0xF1, 0xFF, 0xC3, 0xFF, 0xFE, 0x0F, 0xFE, 0xF0,
    0x3F, 0xF0, 0xF8, 0xF0, 0x0F, 0x8F, 0x00, 0xF8, 0xF0, 0x0F, 0x8F, 0x00, 0xF8, 0xF0, 0x0F, 0xFF,
    0xFC, 0xFF, 0xFF, 0xEF, 0xFF, 0xFF, 0xF8, 0xF9, 0xFF, 0x8F, 0x1F, 0xF8, 0xFF, 0xFF, 0x8F, 0xFE,
    0xF8, 0xFF, 0xC0, 0x3C, 0x00, 0xF0, 0x0F, 0xFC, 0x3F, 0xF0, 0x3C, 0x00, 0xF0, 0x03, 0xFE, 0x0F,
    0xFC, 0x3F, 0xF8, 0xF3, 0xE3, 0xC7, 0xCF, 0x1F, 0x3C, 0x7C, 0xF1, 0xF3, 0xC7, 0xCF, 0x1F, 0x3C,
    0x7C, 0xF1, 0xF3, 0xC7, 0xC0, 0x01, 0x80, 0x0F, 0x00, 0x7C, 0x03, 0xE0, 0x0F, 0x00, 0x18, 0x00,
    0x00, 0x3E, 0x3E, 0xF9, 0xF3, 0xEF, 0x8F, 0xFC, 0x3F, 0xE0, 0xFF, 0x03, 0xFE, 0x0F, 0xFC, 0x3F,
    0xF0, 0xFB, 0xE3, 0xE7, 0xCF, 0x9F, 0xBE, 0x3E, 0x0C, 0x00, 0xF0, 0x07, 0xC0, 0x1F, 0x00, 0x78,
    0x01, 0x80, 0x00, 0x1F, 0x0F, 0xF8, 0xFF, 0xCF, 0xFE, 0xFF, 0xF7, 0xFF, 0xFF, 0xFF, 0xFF, 0xFD,
    0xFF, 0xCF, 0xFE, 0x7F, 0xE3, 0xFE, 0x1F, 0xF0, 0xF0, 0x18, 0xE0, 0xF7, 0x83, 0xFE, 0x07, 0xF0,
    0x0F, 0x80, 0x00, 0x00, 0x00, 0x3E, 0x1F, 0xF8, 0x79, 0xE1, 0xE7, 0xCF, 0x9F, 0x3C, 0x3C, 0xF0,
    0xFF, 0xC3, 0xFE, 0x07, 0xF8, 0x1F, 0xE0, 0x3F, 0x00, 0xFC, 0x01, 0xE0, 0x0F, 0x81, 0x7C, 0x0F,
    0xF0, 0x3F, 0x80, 0xFC, 0x00, 0xF8, 0xF7, 0xC7, 0xBE, 0x3D, 0xF1, 0xEF, 0x8F, 0x7C, 0x7B, 0xE3,
    0xDF, 0x1E, 0xF8, 0xF7, 0xC7, 0xBF, 0xFD, 0xFF, 0xEF, 0xFF, 0x07, 0x80, 0x3C, 0x01, 0xE0, 0x0F,
    0x00, 0x0F, 0x80, 0x03, 0xE0, 0x0F, 0xFF, 0x83, 0xFF, 0xE0, 0xFF, 0xF8, 0x03, 0xE0, 0x00, 0xF8,
    0x00, 0x3F, 0xF0, 0x0F, 0xFF, 0x03, 0xFF, 0xE0, 0xF9, 0xF8, 0x3E, 0x1F, 0x0F, 0x87, 0xC3, 0xE1,
    0xF0, 0xF8, 0x7C, 0x3E, 0x7E, 0x0F, 0xFF, 0x83, 0xFF, 0xC0, 0xFF, 0xC0, 0x1E, 0x00, 0x3C, 0x00,
    0x78, 0x00, 0xF0, 0x01, 0xE0, 0x03, 0xC0, 0x3F, 0xFC, 0x7F, 0xF8, 0xFF, 0xF0, 0x3C, 0x00, 0x78,
    0x00, 0xFF, 0xC1, 0xFF, 0xC3, 0xFF, 0xC7, 0x8F, 0x8F, 0x1F, 0x1F, 0xFE, 0x3F, 0xF8, 0x7F, 0xE0,
    0x07, 0xF8, 0x07, 0xFF, 0x83, 0xFF, 0xF1, 0xFC, 0xFC, 0x7C, 0x0F, 0xBE, 0x03, 0xEF, 0x80, 0x7F,
    0xFF, 0xBF, 0xFF, 0xFF, 0xFF, 0xFF, 0xFF, 0xDF, 0xFF, 0xE0, 0x1E, 0x7C, 0x0F, 0x9F, 0xCF, 0xE3,
    0xFF, 0xF0, 0x7F, 0xF8, 0x07, 0xF8, 0x00, 0x1F, 0xC0, 0xFF, 0x87, 0xFF, 0x3F, 0x7E, 0xF8, 0x7B,
    0xFD, 0xEF, 0xFF, 0xBD, 0xFE, 0xF8, 0x7B, 0xF7, 0xE7, 0xFF, 0x0F, 0xF8, 0x1F, 0xC0, 0xF8, 0x03,
    0xF7, 0xC0, 0x3F, 0x9F, 0x03, 0xFC, 0xF8, 0x1F, 0x47, 0xC1, 0xF0, 0x1F, 0x0F, 0x80, 0xF8, 0x78,
    0x03, 0xC7, 0xC0, 0x1F, 0x3E, 0x00, 0xF9, 0xE0, 0x03, 0xFF, 0x00, 0x1F, 0xF0, 0x00, 0x7F, 0x80,
    0x03, 0xFC, 0x00, 0x0F, 0xC0, 0x00, 0x7E, 0x00, 0x03, 0xE0, 0x00, 0xF8, 0x3E, 0xF8, 0x7E, 0x78,
    0x7E, 0x7C, 0xF8, 0x7C, 0xF0, 0x3C, 0xF0, 0x3F, 0xE0, 0x1F, 0xE0, 0x1F, 0xE0, 0x1F, 0xC0, 0x0F,
    0xC0, 0x0F, 0x80, 0x07, 0x80, 0x1E, 0x70, 0x07, 0xBC, 0x00, 0xFF, 0x00, 0x3F, 0x80, 0x07, 0xC0,
    0x00, 0x00, 0x00, 0x00, 0x03, 0xC0, 0x78, 0xF0, 0x3E, 0x3C, 0x1F, 0x8F, 0x0F, 0xE3, 0xC7, 0xF8,
    0xF1, 0xFE, 0x3C, 0xFF, 0x8F, 0x7D, 0xE3, 0xFE, 0x78, 0xFF, 0x9E, 0x3F, 0xC7, 0x8F, 0xE1, 0xE3,
    0xF8, 0x78, 0xFC, 0x1E, 0x3E, 0x07, 0xFF, 0x81, 0xFF, 0xC0, 0x7F, 0x00, 0x07, 0x80, 0x01, 0xE0,
    0x00, 0xF8, 0x00, 0x3C, 0x00, 0x06, 0x00, 0x38, 0xE0, 0x7B, 0xC0, 0xFF, 0x80, 0xFE, 0x00, 0xF8,
    0x00, 0x00, 0x00, 0x00, 0x78, 0x7C, 0xF1, 0xF9, 0xE3, 0xF3, 0xCF, 0xE7, 0xBF, 0xCF, 0xFF, 0x9F,
    0xFF, 0x3F, 0xFE, 0x7F, 0x7C, 0xFC, 0xF9, 0xF9, 0xFF, 0xE3, 0xFF, 0x87, 0xE0, 0x03, 0xC0, 0x0F,
    0x80, 0x1E, 0x00, 0x18, 0x3C, 0x00, 0xFF, 0x80, 0xFF, 0x80, 0xFF, 0x80, 0x3C, 0x00, 0x3C, 0x00,
    0x3F, 0xF8, 0x3F, 0xFC, 0x3F, 0xFE, 0x3C, 0x7E, 0x3C, 0x1F, 0x3C, 0x1F, 0x3C, 0x1F, 0x3C, 0x7E,
    0x3F, 0xFE, 0x3F, 0xFC, 0x3F, 0xF0, 0x7C, 0x01, 0xF0, 0x0F, 0xF8, 0x3F, 0xE0, 0x7C, 0x01, 0xFF,
    0x87, 0xFF, 0x9F, 0xFE, 0x7C, 0xFD, 0xF1, 0xF7, 0xCF, 0xDF, 0xFE, 0x7F, 0xF8, 0xFF, 0x80, 0xFF,
    0xE3, 0xFF, 0xCF, 0xFF, 0xBC, 0x7F, 0xF0, 0x7F, 0xDD, 0xFF, 0x7F, 0xFD, 0xFE, 0xFF, 0xFB, 0xFF,
    0xCF, 0xFE, 0x3C, 0x3C, 0xF0, 0xF3, 0xC1, 0x8F, 0x00, 0x3C, 0x00, 0xF0, 0x00, 0x7F, 0xC3, 0xFF,
    0xCF, 0xFF, 0x3E, 0x7E, 0xF8, 0xFB, 0xE1, 0xFF, 0x87, 0xFE, 0xDF, 0xFF, 0xFB, 0xFF, 0xEF, 0xFF,
    0xBF, 0xFC, 0xFF, 0xF3, 0xE3, 0xCF, 0x87, 0x3E, 0x1C, 0xF8, 0x03, 0xE0, 0x00, 0x00, 0xF0, 0x0F,
    0x00, 0xFF, 0xFF, 0xFF, 0xFF, 0xFF, 0xF0, 0x0F, 0x00, 0xF0, 0x0F, 0x00, 0xF0, 0x0F, 0x00, 0xF0,
    0x0F, 0x00, 0xF0, 0x0F, 0x00, 0xF0, 0x0F, 0x00, 0xF0, 0x0F, 0x00, 0x01, 0xC0, 0x38, 0x07, 0x7F,
    0xEF, 0xFD, 0xFF, 0xBE, 0x07, 0xC0, 0xF8, 0x1F, 0x03, 0xE0, 0x7C, 0x0F, 0x81, 0xF0, 0x3E, 0x07,
    0xC0, 0x3F, 0xFE, 0x7F, 0xFC, 0xFF, 0xF9, 0xF0, 0x03, 0xE0, 0x07, 0xC0, 0x0F, 0x80, 0x7F, 0xF0,
    0xFF, 0xE1, 0xFF, 0xC0, 0xF8, 0x01, 0xF0, 0x03, 0xE0, 0x07, 0xC0, 0x0F, 0x80, 0x1F, 0x00, 0x3E,
    0x00, 0x3F, 0xF3, 0xFF, 0x3F, 0xF3, 0xC0, 0x3C, 0x03, 0xC0, 0xFF, 0xCF, 0xFC, 0x3C, 0x03, 0xC0,
    0x3C, 0x03, 0xC0, 0x3C, 0x00, 0xFF, 0xF3, 0xFF, 0xCF, 0xFF, 0x3C, 0x00, 0xF0, 0x03, 0xC0, 0x0F,
    0xFC, 0x3F, 0xFC, 0xFF, 0xFB, 0xC7, 0xEF, 0x07, 0xFC, 0x1F, 0xF0, 0x3F, 0xC0, 0xFF, 0x03, 0xFC,
    0x1F, 0xF0, 0x7C, 0x01, 0xF0, 0x1F, 0x81, 0xFC, 0x07, 0xF0, 0x1F, 0x00, 0xFF, 0xE7, 0xFF, 0x3F,
    0xF9, 0xF0, 0x0F, 0x80, 0x7F, 0xE3, 0xFF, 0x9F, 0xFE, 0xF9, 0xF7, 0xC7, 0xBE, 0x3F, 0xF0, 0xFF,
    0x8F, 0x80, 0x7C, 0x07, 0xC0, 0xFE, 0x07, 0xE0, 0x3E, 0x00, 0xFC, 0x3E, 0x1F, 0x1F, 0x8F, 0x8F,
    0xC3, 0xE3, 0xE7, 0xE0, 0xFC, 0xFB, 0xF0, 0x1F, 0xBE, 0xF8, 0x03, 0xFF, 0xFC, 0x00, 0x7F, 0xFF,
    0x00, 0x0F, 0xFF, 0x80, 0x03, 0xFF, 0xC0, 0x00, 0xFF, 0xF8, 0x00, 0x7F, 0xFF, 0x00, 0x3E, 0xFF,
    0xE0, 0x1F, 0x3E, 0xF8, 0x0F, 0xCF, 0x9F, 0x07, 0xE3, 0xE3, 0xF9, 0xF0, 0xF8, 0xFE, 0xF8, 0x3E,
    0x1F, 0x80, 0x00, 0x01, 0xE0, 0x00, 0x00, 0x78, 0x00, 0x00, 0x1E, 0x00, 0x00, 0x07, 0x80, 0xFC,
    0xF8, 0xF9, 0xF3, 0xE7, 0xC3, 0xEF, 0xBE, 0x07, 0xFF, 0xF8, 0x1F, 0xFF, 0xC0, 0x3F, 0xFE, 0x00,
    0x7F, 0xF0, 0x03, 0xFF, 0xE0, 0x1F, 0xFF, 0xC0, 0xFF, 0xFF, 0x83, 0xEF, 0xBF, 0xDF, 0x3E, 0x7F,
    0xF8, 0xF8, 0xFC, 0x00, 0x00, 0xF0, 0x00, 0x03, 0xC0, 0x00, 0x0F, 0x00, 0x00, 0x3C, 0x3F, 0xE0,
    0xFF, 0xE1, 0xFF, 0xE1, 0xC7, 0xE0, 0x07, 0xC0, 0x0F, 0x80, 0x7E, 0x0F, 0xFC, 0x1F, 0xF0, 0x3F,
    0xF8, 0x03, 0xF0, 0x01, 0xE0, 0x03, 0xCF, 0x1F, 0x9F, 0xFF, 0x7F, 0xFC, 0x3F, 0xF0, 0x0F, 0x00,
    0x1F, 0x00, 0x1E, 0x00, 0xFC, 0x01, 0xF0, 0x00, 0x7F, 0xC7, 0xFE, 0x7F, 0xE7, 0x3E, 0x01, 0xE3,
    0xFE, 0x3F, 0xE3, 0xFE, 0x01, 0xF7, 0x1F, 0x7F, 0xF7, 0xFE, 0x7F, 0xC0, 0xF0, 0x0F, 0x01, 0x78,
    0x1F, 0x81, 0xF0, 0xF0, 0x7C, 0xF0, 0xFC, 0xF1, 0xF8, 0xF3, 0xF0, 0xF7, 0xE0, 0xFF, 0xC0, 0xFF,
    0x80, 0xFF, 0x00, 0xFF, 0x80, 0xFF, 0xC0, 0xFF, 0xC0, 0xF7, 0xE0, 0xF3, 0xF0, 0xF1, 0xF8, 0xF0,
    0xFF, 0xF0, 0x7F, 0xF0, 0x7F, 0x00, 0x0F, 0x00, 0x0F, 0x00, 0x0F, 0x00, 0x0F, 0x00, 0x0F, 0xF8,
    0xFB, 0xE7, 0xCF, 0xBE, 0x3F, 0xF0, 0xFF, 0x83, 0xFC, 0x0F, 0xF8, 0x3F, 0xF0, 0xFF, 0xC3, 0xEF,
    0x8F, 0x9F, 0xFE, 0x3F, 0xF8, 0xFC, 0x00, 0xF0, 0x03, 0xC0, 0x0F, 0x00, 0x3C, 0xF0, 0x0F, 0xBC,
    0x07, 0xEF, 0x01, 0xF3, 0xDC, 0xF8, 0xF7, 0x7C, 0x3D, 0xFE, 0x0F, 0x7F, 0x83, 0xFF, 0xC0, 0xFF,
    0xF0, 0x3F, 0xFE, 0x0F, 0x7F, 0xC3, 0xDF, 0xF0, 0xF7, 0x7E, 0x3D, 0xCF, 0xCF, 0x01, 0xF3, 0xC0,
    0x7E, 0xF0, 0x0F, 0x80, 0xF8, 0x3F, 0xF8, 0x3E, 0xFF, 0x7C, 0xFF, 0xF8, 0xFF, 0xF0, 0xFF, 0xE0,
    0xFF, 0xF0, 0xFF, 0xF0, 0xFF, 0xF8, 0xFF, 0x7C, 0xF8, 0x3E, 0xF8, 0x3E, 0xF8, 0x1F, 0x3E, 0x00,
    0x0F, 0x83, 0xEF, 0xF9, 0xFB, 0xFE, 0xFC, 0xFF, 0xFE, 0x0F, 0xBF, 0x03, 0xFF, 0x80, 0xFF, 0xC0,
    0x3F, 0xE0, 0x0F, 0xF0, 0x03, 0xFE, 0x00, 0xFF, 0xC0, 0x3F, 0xF8, 0x0F, 0xBF, 0x03, 0xE7, 0xE0,
    0xF8, 0xFC, 0x3E, 0x1F, 0x0F, 0x83, 0xE0, 0x7C, 0x01, 0xFE, 0x7F, 0xFD, 0xF7, 0xFF, 0xC7, 0xDF,
    0x0F, 0xFC, 0x1F, 0xF0, 0x3F, 0xC0, 0x7F, 0xC0, 0xFF, 0xC1, 0xFF, 0xC3, 0xEF, 0xC7, 0xC7, 0xCF,
    0x8F, 0xC0, 0xFF, 0x83, 0xEF, 0xF8, 0x7C, 0xFF, 0x8F, 0x80, 0xF9, 0xF0, 0x0F, 0xBF, 0x00, 0xFF,
    0xC0, 0x0F, 0xF8, 0x00, 0xFF, 0x80, 0x0F, 0xFC, 0x00, 0xFF, 0xE0, 0x0F, 0xFE, 0x00, 0xFB, 0xF0,
    0x0F, 0x9F, 0x80, 0xF8, 0xFC, 0x0F, 0x87, 0xC0, 0xF8, 0x3E, 0x0F, 0x83, 0xF0, 0xFF, 0x1F, 0x7F,
    0x9F, 0x3F, 0xDF, 0x03, 0xFF, 0x01, 0xFF, 0x00, 0xFF, 0x00, 0x7F, 0xC0, 0x3F, 0xF0, 0x1F, 0xFC,
    0x0F, 0xBE, 0x07, 0xCF, 0x83, 0xE7, 0xE1, 0xF1, 0xF0, 0xF0, 0x3E, 0x3C, 0x0F, 0x8F, 0x03, 0xE3,
    0xC0, 0xF8, 0xF0, 0x3E, 0x3C, 0x0F, 0x8F, 0x03, 0xE3, 0xFF, 0xF8, 0xFF, 0xFE, 0x3F, 0xFF, 0x8F,
    0x03, 0xE3, 0xC0, 0xF8, 0xF0, 0x3E, 0x3C, 0x0F, 0x8F, 0x03, 0xFF, 0xC0, 0xFF, 0xF0, 0x3F, 0xC0,
    0x00, 0xF0, 0x00, 0x3C, 0x00, 0x0F, 0x00, 0x03, 0xC0, 0x00, 0xF0, 0xF8, 0xF1, 0xF1, 0xE3, 0xE3,
    0xC7, 0xC7, 0x8F, 0x8F, 0x1F, 0xFE, 0x3F, 0xFC, 0x7F, 0xF8, 0xF8, 0xF1, 0xF1, 0xE3, 0xE3, 0xFF,
    0xC7, 0xFF, 0x8F, 0xE0, 0x03, 0xC0, 0x07, 0x80, 0x0F, 0x00, 0x1E, 0xF0, 0x3F, 0xFE, 0x07, 0xFF,
    0xC0, 0xFF, 0xF8, 0x1F, 0x0F, 0x03, 0xE1, 0xE0, 0x7C, 0x3C, 0x0F, 0x87, 0xFF, 0xF0, 0xFF, 0xFE,
    0x1F, 0xFF, 0xC3, 0xC0, 0xF8, 0x78, 0x1F, 0x0F, 0x03, 0xE1, 0xE0, 0x7C, 0x3C, 0x0F, 0x87, 0x81,
    0xF0, 0xF0, 0x3E, 0x00, 0xF8, 0xFE, 0xF8, 0xFE, 0xF8, 0xFE, 0xF8, 0xF0, 0xF8, 0xF0, 0xFF, 0xF0,
    0xFF, 0xF0, 0xFF, 0xF0, 0xF8, 0xF0, 0xF8, 0xF0, 0xF8, 0xF0, 0xF8, 0xF0, 0xF8, 0xF0, 0xFF, 0xFE,
    0x00, 0x7F, 0xFF, 0x00, 0x3F, 0xFF, 0x80, 0x1E, 0x07, 0xC0, 0x0F, 0x03, 0xE0, 0x07, 0x81, 0xF0,
    0x03, 0xC0, 0xFF, 0xE1, 0xE0, 0x7F, 0xF8, 0xF0, 0x3F, 0xFE, 0x78, 0x1F, 0x3F, 0xBC, 0x0F, 0x83,
    0xDE, 0x07, 0xC1, 0xFF, 0x03, 0xE0, 0xFF, 0x81, 0xF0, 0x3F, 0xC0, 0xF8, 0x3F, 0xE0, 0x7C, 0x1F,
    0xF0, 0x3E, 0x0F, 0x80, 0x00, 0x07, 0x80, 0x00, 0x0F, 0xC0, 0x00, 0x1F, 0xC0, 0x00, 0x0F, 0xC0,
    0x00, 0x0F, 0xC0, 0xFF, 0xF0, 0x0F, 0xFF, 0x00, 0xFF, 0xF0, 0x0F, 0x8F, 0x00, 0xF8, 0xF0, 0x0F,
    0x8F, 0xF8, 0xF8, 0xFF, 0xEF, 0x8F, 0xFE, 0xF8, 0xFB, 0xFF, 0x8F, 0x0F, 0xF8, 0xF0, 0xFF, 0x8F,
    0x0F, 0xF8, 0xF0, 0xF0, 0x00, 0x0F, 0x00, 0x01, 0xF0, 0x00, 0xFE, 0x00, 0x0F, 0xE0, 0x00, 0xFC,
    0x07, 0xFC, 0x03, 0xFF, 0x80, 0xFF, 0xE0, 0x3F, 0x8C, 0x07, 0xC0, 0x01, 0xF0, 0xFE, 0x3E, 0x3F,
    0xE7, 0xCF, 0xFE, 0xF9, 0xF7, 0xDF, 0x3C, 0x7B, 0xEF, 0x8F, 0x7D, 0xF1, 0xE7, 0xFE, 0x7C, 0xFF,
    0xFF, 0x8F, 0xFF, 0xE0, 0xFF, 0xF8, 0x07, 0xFC, 0x00, 0x1F, 0xE0, 0x01, 0xFF, 0x00, 0x0F, 0xE0,
    0x00, 0x7C, 0x1F, 0xC0, 0x7F, 0x81, 0xFF, 0x07, 0xE6, 0x0F, 0x1F, 0x9E, 0x7F, 0xBD, 0xFF, 0x7B,
    0xDE, 0xF7, 0x9D, 0xFF, 0x79, 0xFF, 0xF1, 0xFF, 0xC1, 0xFF, 0x00, 0x7F, 0x00, 0x7F, 0x00, 0x7E,
    0x00, 0x3C, 0x07, 0xFC, 0x3F, 0xFC, 0xFF, 0xF3, 0xF8, 0xE7, 0xC0, 0x1F, 0x00, 0x3E, 0x00, 0x7C,
    0x00, 0xF8, 0x01, 0xF0, 0x03, 0xE0, 0x07, 0xC0, 0x07, 0xC0, 0x0F, 0xE3, 0x8F, 0xFF, 0x8F, 0xFF,
    0x07, 0xFC, 0x03, 0x80, 0x07, 0x80, 0x07, 0x00, 0x7E, 0x00, 0xF8, 0x00, 0x1F, 0xE7, 0xFD, 0xFF,
    0x7E, 0x6F, 0x81, 0xE0, 0x3C, 0x07, 0x80, 0xF8, 0x1F, 0x8D, 0xFF, 0x9F, 0xF0, 0xFE, 0x1E, 0x01,
    0xE0, 0x3C, 0x1F, 0x83, 0xE0, 0xFF, 0xFF, 0xFF, 0xFF, 0xFF, 0xF8, 0x3E, 0x00, 0x7C, 0x00, 0xF8,
    0x01, 0xF0, 0x03, 0xE0, 0x07, 0xC0, 0x0F, 0x80, 0x1F, 0x00, 0x3E, 0x00, 0x7C, 0x00, 0xF8, 0x01,
    0xFE, 0x03, 0xFC, 0x07, 0xF8, 0x00, 0xF0, 0x01, 0xE0, 0x03, 0xC0, 0x07, 0x80, 0x0F, 0x00, 0xFF,
    0xFF, 0xFF, 0xFF, 0xFE, 0x1F, 0x00, 0xF8, 0x07, 0xC0, 0x3E, 0x01, 0xF0, 0x0F, 0x80, 0x7C, 0x03,
    0xF8, 0x1F, 0xC0, 0xFE, 0x00, 0xF0, 0x07, 0x80, 0x3C, 0x01, 0xE0, 0xF8, 0x1F, 0xBE, 0x0F, 0x9F,
    0x0F, 0x87, 0xC7, 0xC3, 0xE7, 0xC0, 0xFB, 0xE0, 0x7F, 0xE0, 0x1F, 0xF0, 0x07, 0xF0, 0x03, 0xF0,
    0x00, 0xF8, 0x00, 0x7C, 0x00, 0x3E, 0x00, 0x1F, 0x00, 0x0F, 0x80, 0x07, 0xC0, 0x03, 0xE0, 0x00,
    0xF8, 0x7F, 0xE1, 0xE7, 0x8F, 0x9F, 0x3E, 0x7C, 0xF0, 0xF7, 0xC3, 0xFF, 0x07, 0xF8, 0x1F, 0xE0,
    0x7F, 0x00, 0xFC, 0x03, 0xE0, 0x07, 0x80, 0x1E, 0x00, 0x78, 0x01, 0xE0, 0x07, 0x80, 0x1E, 0x00,
    0xF8, 0x1F, 0xBE, 0x0F, 0x9F, 0x0F, 0x87, 0xC7, 0xC3, 0xE7, 0xC0, 0xFB, 0xE0, 0x7F, 0xE0, 0x1F,
    0xF0, 0x07, 0xF0, 0x03, 0xF0, 0x07, 0xFF, 0x03, 0xFF, 0x81, 0xFF, 0xC0, 0x1F, 0x00, 0x0F, 0x80,
    0x07, 0xC0, 0x03, 0xE0, 0x00, 0xF8, 0x7F, 0xE1, 0xE7, 0x8F, 0x9F, 0x3E, 0x7C, 0xF0, 0xF7, 0xC3,
    0xFF, 0x07, 0xF8, 0x1F, 0xE0, 0x7F, 0x00, 0xFC, 0x0F, 0xFC, 0x3F, 0xF0, 0x1E, 0x00, 0x78, 0x01,
    0xE0, 0x07, 0x80, 0x1E, 0x00, 0xFC, 0x1F, 0x1F, 0x8F, 0xC3, 0xE3, 0xE0, 0xFD, 0xF0, 0x1F, 0xFC,
    0x03, 0xFE, 0x00, 0xFF, 0x00, 0x1F, 0xC0, 0x03, 0xE0, 0x01, 0xFC, 0x00, 0xFF, 0x80, 0x7F, 0xF0,
    0x1F, 0x7C, 0x0F, 0x9F, 0x87, 0xE3, 0xFD, 0xF0, 0x7F, 0xF8, 0x1F, 0xC0, 0x01, 0xF0, 0x00, 0x7C,
    0x00, 0x1F, 0x00, 0x07, 0xC0, 0x01, 0xF0, 0xF8, 0x78, 0xF9, 0xF0, 0xFF, 0xC1, 0xFF, 0x01, 0xFE,
    0x01, 0xF8, 0x03, 0xF0, 0x07, 0xE0, 0x1F, 0xE0, 0x7F, 0xE1, 0xF3, 0xFB, 0xC7, 0xFF, 0x87, 0xE0,
    0x03, 0xC0, 0x07, 0x80, 0x0F, 0x00, 0x1E, 0xFF, 0xFD, 0xF1, 0xFF, 0xFB, 0xE3, 0xFF, 0xF7, 0xC0,
    0x3C, 0x0F, 0x80, 0x78, 0x1F, 0x00, 0xF0, 0x3E, 0x01, 0xE0, 0x7C, 0x03, 0xC0, 0xF8, 0x07, 0x81,
    0xF0, 0x0F, 0x03, 0xE0, 0x1E, 0x07, 0xC0, 0x3C, 0x0F, 0x80, 0x78, 0x1F, 0x00, 0xF0, 0x3E, 0x01,
    0xFF, 0xFF, 0x83, 0xFF, 0xFF, 0x07, 0xFF, 0xFE, 0x00, 0x00, 0x3C, 0x00, 0x00, 0x78, 0x00, 0x00,
    0xF0, 0x00, 0x01, 0xE0, 0x00, 0x03, 0xC0, 0xFF, 0xDE, 0x7F, 0xEF, 0x3F, 0xF7, 0x87, 0xC3, 0xC3,
    0xE1, 0xE1, 0xF0, 0xF0, 0xF8, 0x78, 0x7C, 0x3C, 0x3E, 0x1E, 0x1F, 0x0F, 0x0F, 0xFF, 0xE7, 0xFF,
    0xF3, 0xFF, 0xF8, 0x00, 0x3C, 0x00, 0x1E, 0x00, 0x0F, 0x00, 0x07, 0x80, 0xF8, 0x3E, 0x7C, 0x1F,
    0x3E, 0x0F, 0x9F, 0x07, 0xCF, 0x83, 0xE7, 0xC1, 0xF3, 0xE0, 0xF9, 0xF8, 0x7C, 0x7F, 0xFE, 0x3F,
    0xFF, 0x07, 0xFF, 0x80, 0x07, 0xC0, 0x03, 0xE0, 0x01, 0xF0, 0x00, 0xFE, 0x00, 0x7F, 0x00, 0x3F,
    0x80, 0x07, 0xC0, 0x03, 0xE0, 0x01, 0xF0, 0x00, 0xF8, 0x00, 0x7C, 0xF8, 0xF1, 0xF1, 0xE3, 0xE3,
    0xC7, 0xC7, 0x8F, 0x8F, 0x1F, 0x9E, 0x1F, 0xFC, 0x3F, 0xF8, 0x3F, 0xF0, 0x01, 0xE0, 0x03, 0xF8,
    0x07, 0xF0, 0x0F, 0xE0, 0x03, 0xC0, 0x07, 0x80, 0x0F, 0x00, 0x1E, 0xF8, 0x3F, 0xE0, 0xFF, 0x83,
    0xFE, 0x0F, 0xF8, 0x3F, 0xEE, 0xFF, 0xBB, 0xFF, 0xEF, 0x7F, 0xFD, 0xFF, 0xF1, 0xFF, 0xC0, 0xEF,
    0x03, 0xBC, 0x0E, 0xF0, 0x03, 0xC0, 0x0F, 0x00, 0x3C, 0xF8, 0x7F, 0xC3, 0xFE, 0x1F, 0xF0, 0xFF,
    0xB7, 0xFF, 0xBD, 0xFF, 0xEF, 0xFF, 0x3F, 0xF8, 0x1B, 0xC0, 0xDE, 0x00, 0xF0, 0x07, 0x80, 0xF0,
    0x03, 0xC0, 0x0F, 0x00, 0x3C, 0x00, 0xF0, 0x03, 0xFF, 0x8F, 0xFF, 0xBF, 0xFF, 0xF8, 0xFF, 0xC1,
    0xFF, 0x03, 0xFC, 0x0F, 0xF0, 0x3F, 0xC0, 0xFF, 0x03, 0xFC, 0x0F, 0xF0, 0x3C, 0x78, 0x07, 0xC0,
    0x3E, 0x01, 0xF0, 0x0F, 0x80, 0x7C, 0x03, 0xFF, 0x1F, 0xFC, 0xFF, 0xF7, 0xCF, 0xBE, 0x3D, 0xF1,
    0xEF, 0x8F, 0x7C, 0x7B, 0xE3, 0xDF, 0x1E, 0xF8, 0xF7, 0xC7, 0xBE, 0x3C, 0x00, 0x7F, 0x80, 0x07,
    0xFE, 0x00, 0x7F, 0xF8, 0x07, 0xE7, 0xEF, 0x7E, 0x1F, 0x7B, 0xE0, 0x7F, 0xFF, 0x03, 0xFF, 0xFF,
    0xFF, 0x7F, 0xFF, 0xF8, 0xFF, 0xFF, 0xC1, 0xF0, 0x00, 0x0F, 0x80, 0x00, 0x7C, 0x00, 0x01, 0xFC,
    0xF0, 0x07, 0xFF, 0xC0, 0x1F, 0xFE, 0x00, 0x7F, 0xC0, 0x01, 0xFC, 0x71, 0xFF, 0x3D, 0xFF, 0xDF,
    0xFB, 0xEF, 0xF8, 0xFF, 0xFF, 0xFD, 0xFF, 0xFE, 0x7F, 0xFF, 0x0F, 0x80, 0x07, 0xE3, 0x81, 0xFF,
    0xC0, 0x7F, 0xE0, 0x1F, 0xF0, 0x00, 0x7F, 0x80, 0x07, 0xFE, 0x00, 0x7F, 0xF8, 0x07, 0xE7, 0xEF,
    0x7E, 0x1F, 0x7B, 0xE0, 0x7F, 0xFF, 0x03, 0xFF, 0xFF, 0xFF, 0x7F, 0xFF, 0xF8, 0xFF, 0xFF, 0xC1,
    0xF0, 0x00, 0x0F, 0x80, 0x00, 0x7C, 0x00, 0x01, 0xFC, 0xF0, 0x0F, 0xFF, 0xC0, 0x1F, 0xFE, 0x00,
    0x7F, 0xE0, 0x00, 0xF0, 0x00, 0x07, 0x80, 0x00, 0x3C, 0x00, 0x01, 0xE0, 0x00, 0x01, 0xFC, 0x71,
    0xFF, 0x3D, 0xFF, 0xDF, 0xFB, 0xEF, 0xF8, 0xFF, 0xFF, 0xFD, 0xFF, 0xFE, 0x7F, 0xFF, 0x0F, 0x80,
    0x07, 0xE3, 0x81, 0xFF, 0xC0, 0x7F, 0xE0, 0x1F, 0xF0, 0x03, 0xC0, 0x01, 0xE0, 0x00, 0xF0, 0xFF,
    0xFF, 0xFF, 0xFF, 0xFF, 0xFF, 0xFF, 0xFF, 0xF0, 0x00, 0xE3, 0x00, 0x00, 0x7B, 0xC0, 0x00, 0x3F,
    0xE0, 0x00, 0x0F, 0xE0, 0x00, 0x03, 0xE0, 0x00, 0x00, 0x00, 0x00, 0x00, 0x00, 0x01, 0xF8, 0x7C,
    0x3E, 0x7E, 0x3E, 0x3F, 0x1F, 0x1F, 0x3F, 0x0F, 0xCF, 0xBF, 0x03, 0xF7, 0xDF, 0x00, 0xFF, 0xFF,
    0x00, 0x3F, 0xFF, 0x80, 0x0F, 0xFF, 0x80, 0x07, 0xFF, 0x80, 0x03, 0xFF, 0xE0, 0x03, 0xFF, 0xF8,
    0x03, 0xEF, 0xFE, 0x03, 0xE7, 0xDF, 0x83, 0xF3, 0xE7, 0xC3, 0xF1, 0xF1, 0xF1, 0xF0, 0xF8, 0xFD,
    0xF0, 0x7C, 0x3E, 0x01, 0x8C, 0x00, 0x1E, 0xF0, 0x00, 0xFF, 0x80, 0x03, 0xF8, 0x00, 0x0F, 0x80,
    0x00, 0x00, 0x00, 0x00, 0x00, 0x1F, 0x9F, 0x1F, 0x7C, 0xF9, 0xF1, 0xF7, 0xDF, 0x07, 0xFF, 0xF8,
    0x3F, 0xFF, 0x80, 0xFF, 0xF8, 0x03, 0xFF, 0x80, 0x3F, 0xFE, 0x03, 0xFF, 0xF8, 0x3F, 0xFB, 0xE1,
    0xF7, 0xDF, 0x9F, 0x3E, 0x7D, 0xF1, 0xF1, 0xF0, 0xF0, 0x7D, 0xE1, 0xF3, 0xC7, 0xE7, 0x9F, 0x8F,
    0x7E, 0x1E, 0xF8, 0x3F, 0xE0, 0x7F, 0xE0, 0xFF, 0xF1, 0xFF, 0xF3, 0xCF, 0xF7, 0x83, 0xEF, 0x03,
    0xDE, 0x07, 0xBC, 0x0F, 0x78, 0x1E, 0xF0, 0x3C, 0x00, 0xF8, 0x07, 0xF0, 0x3F, 0xC0, 0x7F, 0x00,
    0xFC, 0x00, 0xF8, 0xFF, 0xCF, 0xBE, 0xF9, 0xFF, 0x8F, 0xF8, 0x7F, 0xE3, 0xFF, 0x9F, 0xFE, 0xF9,
    0xF7, 0xC7, 0xFE, 0x1F, 0xF0, 0xFF, 0x87, 0x80, 0x7C, 0x07, 0xC0, 0xFE, 0x07, 0xE0, 0x3E, 0x00,
    0x07, 0xFF, 0xC0, 0x3F, 0xFE, 0x01, 0xFF, 0xF0, 0x0F, 0x8F, 0x80, 0x7C, 0x7C, 0x03, 0xE3, 0xE0,
    0x1E, 0x1F, 0x00, 0xF0, 0xF8, 0x07, 0x87, 0xC0, 0x3C, 0x3E, 0x03, 0xE1, 0xF0, 0x1F, 0x0F, 0x81,
    0xF0, 0x7C, 0x3F, 0x83, 0xE3, 0xF8, 0x1F, 0xFF, 0x80, 0xFE, 0xF0, 0x07, 0xF0, 0x00, 0x07, 0x80,
    0x00, 0x7C, 0x00, 0x03, 0xC0, 0x00, 0x3E, 0x00, 0x00, 0xE0, 0x0F, 0xFC, 0x07, 0xFE, 0x03, 0xFF,
    0x01, 0xE7, 0x80, 0xF3, 0xC0, 0xF9, 0xE0, 0x7C, 0xF0, 0x3E, 0x78, 0x1E, 0x3C, 0x3F, 0x1E, 0x3F,
    0x0F, 0xFF, 0x07, 0xFF, 0x03, 0xF0, 0x00, 0x78, 0x00, 0x7C, 0x00, 0x3C, 0x00, 0x0C, 0x00, 0xF0,
    0x3F, 0xE0, 0x7F, 0xC0, 0xFF, 0x81, 0xFF, 0x03, 0xFE, 0x07, 0xFC, 0x0F, 0xFF, 0xFF, 0xFF, 0xFF,
    0xFF, 0xFF, 0xC0, 0xFF, 0x81, 0xFF, 0x03, 0xFE, 0x07, 0xFC, 0x0F, 0xF8, 0x1F, 0xF0, 0x3E, 0x00,
    0x7C, 0x00, 0xF8, 0x0F, 0xE0, 0x1F, 0xC0, 0x3F, 0x00, 0xF8, 0xFF, 0xC7, 0xFE, 0x3F, 0xF1, 0xFF,
    0x8F, 0xFF, 0xFF, 0xFF, 0xFF, 0xFF, 0xF8, 0xFF, 0xC7, 0xFE, 0x3F, 0xF1, 0xFF, 0x8F, 0x80, 0x7C,
    0x03, 0xC0, 0xFE, 0x07, 0xF0, 0x3F, 0x00, 0xF0, 0x3E, 0x3C, 0x0F, 0x8F, 0x03, 0xE3, 0xC0, 0xF8,
    0xF0, 0x3E, 0x3C, 0x0F, 0x8F, 0x03, 0xE3, 0xFF, 0xF8, 0xFF, 0xFE, 0x3F, 0xFF, 0x8F, 0x03, 0xE3,
    0xC0, 0xF8, 0xF0, 0x3E, 0x3C, 0x0F, 0x8F, 0x03, 0xFB, 0xC0, 0xFE, 0xF0, 0x3F, 0x80, 0x03, 0xE0,
    0x00, 0xF8, 0x00, 0x7C, 0x00, 0x1E, 0x00, 0x03, 0x80, 0xF8, 0xF1, 0xF1, 0xE3, 0xE3, 0xC7, 0xC7,
    0x8F, 0x8F, 0x1F, 0xFE, 0x3F, 0xFC, 0x7F, 0xF8, 0xF8, 0xF1, 0xF1, 0xE3, 0xE3, 0xF7, 0xC7, 0xEF,
    0x8F, 0xC0, 0x07, 0x80, 0x1E, 0x00, 0x3C, 0x00, 0x30, 0xF0, 0x3F, 0xC0, 0xFF, 0x03, 0xFC, 0x0F,
    0xF0, 0x3F, 0xC0, 0xFF, 0x83, 0xFF, 0x1F, 0xFF, 0xFD, 0xFF, 0xF3, 0xFF, 0xC0, 0x0F, 0x00, 0x3C,
    0x00, 0xF0, 0x1F, 0xC0, 0x7F, 0x01, 0xFC, 0x07, 0x80, 0x1E, 0x00, 0x78, 0x01, 0xE0, 0x07, 0x80,
    0xF1, 0xFF, 0x1F, 0xF1, 0xFF, 0x1F, 0xF9, 0xFF, 0xFF, 0x7F, 0xF3, 0xFF, 0x01, 0xF0, 0x1F, 0x07,
    0xF0, 0x7F, 0x07, 0xF0, 0x78, 0x07, 0x80, 0x78, 0x07, 0x80, 0x7C, 0x03, 0xE0, 0xFC, 0x07, 0xC1,
    0xF8, 0x1F, 0x83, 0xF8, 0x3F, 0x07, 0xF0, 0xFE, 0x0F, 0xF1, 0xFE, 0x1F, 0xE7, 0xFC, 0x3F, 0xEF,
    0xF8, 0x7B, 0xDF, 0xF0, 0xF7, 0xFB, 0xE1, 0xE7, 0xF7, 0xC7, 0xCF, 0xC7, 0x8F, 0x9F, 0x8F, 0x1F,
    0x1F, 0x1E, 0x3E, 0x3C, 0x3F, 0xFC, 0x00, 0x7F, 0xF8, 0x00, 0xFE, 0x00, 0x00, 0x78, 0x00, 0x01,
    0xF0, 0x00, 0x03, 0xC0, 0x00, 0x07, 0x80, 0x00, 0x06, 0x00, 0x78, 0x1F, 0x0F, 0x83, 0xE1, 0xF0,
    0xFC, 0x3F, 0x1F, 0x8F, 0xE7, 0xF1, 0xFE, 0xFE, 0x3F, 0xFF, 0xC7, 0xBF, 0xF8, 0xF7, 0xEF, 0x1E,
    0x7D, 0xE3, 0xCF, 0x3F, 0xF8, 0x07, 0xFF, 0x00, 0xFE, 0x00, 0x07, 0x80, 0x00, 0xF0, 0x00, 0x3C,
    0x00, 0x03, 0x00, 0xFF, 0xFF, 0xFF, 0xFF, 0xFF, 0xFF, 0xFF, 0xFF, 0xFF, 0xFF, 0xF8, 0x07, 0x38,
    0x03, 0xDE, 0x00, 0x7F, 0x80, 0x1F, 0xE0, 0x03, 0xF0, 0x00, 0x00, 0x00, 0x00, 0x00, 0x07, 0x80,
    0x03, 0xF0, 0x00, 0xFC, 0x00, 0x7F, 0x80, 0x1F, 0xE0, 0x0F, 0xFC, 0x03, 0xCF, 0x01, 0xF3, 0xE0,
    0x78, 0xF8, 0x1E, 0x1E, 0x0F, 0xFF, 0xC3, 0xFF, 0xF0, 0xFF, 0xFE, 0x7C, 0x0F, 0x9F, 0x03, 0xEF,
    0x80, 0x7F, 0xE0, 0x1F, 0x1C, 0xE1, 0xE7, 0x87, 0xF8, 0x3F, 0xC0, 0xFC, 0x00, 0x00, 0x00, 0x07,
    0xF8, 0x3F, 0xF1, 0xFF, 0x8C, 0x7C, 0x01, 0xF1, 0xFF, 0xBF, 0xFD, 0xFF, 0xEF, 0x9F, 0x7C, 0xFB,
    0xFF, 0xDF, 0xFE, 0x7F, 0xE0, 0x0F, 0x38, 0x03, 0xDF, 0x00, 0xF7, 0xC0, 0x3C, 0xE0, 0x00, 0x00,
    0x00, 0x00, 0x00, 0x1E, 0x00, 0x0F, 0xC0, 0x03, 0xF0, 0x01, 0xFE, 0x00, 0x7F, 0x80, 0x3F, 0xF0,
    0x0F, 0x3C, 0x07, 0xCF, 0x81, 0xE3, 0xE0, 0x78, 0x78, 0x3F, 0xFF, 0x0F, 0xFF, 0xC3, 0xFF, 0xF9,
    0xF0, 0x3E, 0x7C, 0x0F, 0xBE, 0x01, 0xFF, 0x80, 0x7C, 0x3C, 0xE1, 0xEF, 0x8F, 0x7C, 0x79, 0xC0,
    0x00, 0x00, 0x00, 0xFF, 0x07, 0xFE, 0x3F, 0xF1, 0x8F, 0x80, 0x3E, 0x3F, 0xF7, 0xFF, 0xBF, 0xFD,
    0xF3, 0xEF, 0x9F, 0x7F, 0xFB, 0xFF, 0xCF, 0xFC, 0x00, 0x3F, 0xFF, 0x00, 0x7F, 0xFF, 0x00, 0x7F,
    0xFF, 0x00, 0xFF, 0x00, 0x01, 0xFF, 0x00, 0x01, 0xEF, 0x00, 0x03, 0xEF, 0x00, 0x07, 0xCF, 0xFE,
    0x07, 0xCF, 0xFE, 0x0F, 0x8F, 0xFE, 0x0F, 0xFF, 0x00, 0x1F, 0xFF, 0x00, 0x3F, 0xFF, 0x00, 0x3E,
    0x0F, 0x00, 0x7C, 0x0F, 0xFF, 0x7C, 0x0F, 0xFF, 0xF8, 0x0F, 0xFF, 0x3F, 0xCF, 0xC1, 0xFF, 0xFF,
    0x0F, 0xFF, 0xFC, 0x63, 0xFB, 0xF0, 0x0F, 0x87, 0x8F, 0xFF, 0xFD, 0xFF, 0xFF, 0xEF, 0xFF, 0xFF,
    0x7C, 0xF8, 0x03, 0xE3, 0xF3, 0x9F, 0xFF, 0xFC, 0xFF, 0xFF, 0xE3, 0xFF, 0xFF, 0x00, 0x39, 0xC3,
    0xCF, 0x0F, 0xF0, 0x7F, 0x81, 0xF8, 0x00, 0x00, 0x00, 0x1F, 0xFE, 0xFF, 0xF7, 0xFF, 0xBC, 0x01,
    0xE0, 0x0F, 0x00, 0x78, 0x03, 0xFF, 0x9F, 0xFC, 0xFF, 0xE7, 0x80, 0x3C, 0x01, 0xE0, 0x0F, 0x00,
    0x7F, 0xFF, 0xFF, 0xFF, 0xFF, 0x18, 0xC1, 0xEF, 0x0F, 0xF8, 0x3F, 0x80, 0xF8, 0x00, 0x00, 0x00,
    0x03, 0xF8, 0x3F, 0xE3, 0xFF, 0xBF, 0x7D, 0xF1, 0xFF, 0xFF, 0xFF, 0xFF, 0xFF, 0xFF, 0x00, 0xFC,
    0x73, 0xFF, 0x8F, 0xFC, 0x3F, 0xE0, 0x1F, 0xF0, 0x7F, 0xF8, 0x7F, 0xFC, 0x38, 0xFE, 0x00, 0x1F,
    0x00, 0x1F, 0x00, 0x1F, 0xFF, 0xFF, 0xFF, 0xFF, 0xFF, 0xFF, 0xF8, 0x1F, 0xF8, 0x1F, 0x7C, 0x3F,
    0x7E, 0x7E, 0x3F, 0xFC, 0x1F, 0xF8, 0x0F, 0xF0, 0x7F, 0x83, 0xFF, 0x1F, 0xFC, 0xE7, 0xE0, 0x0F,
    0xFF, 0xFF, 0xFF, 0xFF, 0xFF, 0xF0, 0xFF, 0xCF, 0x9F, 0xFC, 0xFF, 0xC1, 0xF8, 0x00, 0x1E, 0x70,
    0x1E, 0xF8, 0x1E, 0xF8, 0x1E, 0x70, 0x00, 0x00, 0x00, 0x00, 0x1F, 0xF0, 0x7F, 0xF8, 0x7F, 0xFC,
    0x38, 0xFE, 0x00, 0x1F, 0x00, 0x1F, 0x00, 0x1F, 0xFF, 0xFF, 0xFF, 0xFF, 0xFF, 0xFF, 0xF8, 0x1F,
    0xF8, 0x1F, 0x7C, 0x3F, 0x7E, 0x7E, 0x3F, 0xFC, 0x1F, 0xF8, 0x0F, 0xF0, 0x39, 0xE3, 0xEF, 0x1F,
    0x78, 0x73, 0xC0, 0x00, 0x00, 0x01, 0xFE, 0x0F, 0xFC, 0x7F, 0xF3, 0x9F, 0x80, 0x3F, 0xFF, 0xFF,
    0xFF, 0xFF, 0xFF, 0xC3, 0xFF, 0x3E, 0x7F, 0xF3, 0xFF, 0x07, 0xE0, 0x00, 0xE7, 0x80, 0x00, 0xFB,
    0xC0, 0x00, 0x7D, 0xE0, 0x00, 0x1C, 0xF0, 0x00, 0x00, 0x00, 0x00, 0x00, 0x00, 0x03, 0xF0, 0xF8,
    0x7C, 0xFC, 0x7C, 0x7E, 0x3E, 0x3E, 0x7E, 0x1F, 0x9F, 0x7E, 0x07, 0xEF, 0xBE, 0x01, 0xFF, 0xFE,
    0x00, 0x7F, 0xFF, 0x00, 0x1F, 0xFF, 0x00, 0x0F, 0xFF, 0x00, 0x07, 0xFF, 0xC0, 0x07, 0xFF, 0xF0,
    0x07, 0xDF, 0xFC, 0x07, 0xCF, 0xBF, 0x07, 0xE7, 0xCF, 0x87, 0xE3, 0xE3, 0xE3, 0xE1, 0xF1, 0xFB,
    0xE0, 0xF8, 0x7C, 0x03, 0xCE, 0x00, 0x1E, 0xF8, 0x00, 0xF7, 0xC0, 0x07, 0x9C, 0x00, 0x00, 0x00,
    0x00, 0x00, 0x03, 0xF3, 0xE3, 0xEF, 0x9F, 0x3E, 0x3E, 0xFB, 0xE0, 0xFF, 0xFF, 0x07, 0xFF, 0xF0,
    0x1F, 0xFF, 0x00, 0x7F, 0xF0, 0x07, 0xFF, 0xC0, 0x7F, 0xFF, 0x07, 0xFF, 0x7C, 0x3E, 0xFB, 0xF3,
    0xE7, 0xCF, 0xBE, 0x3E, 0x3E, 0x3C, 0xF0, 0x79, 0xE0, 0xF3, 0xC1, 0xE7, 0x80, 0x00, 0x00, 0x00,
    0x0F, 0xF8, 0x3F, 0xF8, 0x7F, 0xF8, 0x71, 0xF8, 0x01, 0xF0, 0x03, 0xE0, 0x1F, 0x83, 0xFF, 0x07,
    0xFC, 0x0F, 0xFE, 0x00, 0xFC, 0x00, 0x78, 0x00, 0xF3, 0xC7, 0xE7, 0xFF, 0xDF, 0xFF, 0x0F, 0xFC,
    0x00, 0x79, 0xC7, 0xBE, 0x7B, 0xE7, 0x9C, 0x00, 0x00, 0x00, 0x7F, 0xC7, 0xFE, 0x7F, 0xE7, 0x3E,
    0x01, 0xE3, 0xFE, 0x3F, 0xE3, 0xFE, 0x01, 0xF7, 0x1F, 0x7F, 0xF7, 0xFE, 0x7F, 0xC0, 0x7F, 0xFD,
    0xFF, 0xF7, 0xFF, 0xC0, 0x7E, 0x03, 0xF0, 0x1F, 0x80, 0xFC, 0x03, 0xFC, 0x0F, 0xF8, 0x07, 0xF0,
    0x07, 0xC0, 0x0F, 0x00, 0x7D, 0xE3, 0xF7, 0xFF, 0xBF, 0xFE, 0x3F, 0xE0, 0xFF, 0xFF, 0xFF, 0xFF,
    0xF0, 0x3E, 0x07, 0xC0, 0x7C, 0x0F, 0x81, 0xF0, 0x1F, 0xC1, 0xFE, 0x03, 0xF0, 0x1F, 0x00, 0xF0,
    0x0F, 0x63, 0xFF, 0xFF, 0xFF, 0xEF, 0xF8, 0x1F, 0xF0, 0x3F, 0xE0, 0x7F, 0xC0, 0x00, 0x00, 0x00,
    0x00, 0x00, 0x3C, 0x07, 0xF8, 0x1F, 0xF0, 0x7F, 0xE1, 0xFF, 0xC7, 0xFF, 0x8F, 0xFF, 0x3F, 0xFE,
    0xFB, 0xFF, 0xE7, 0xFF, 0xCF, 0xFF, 0x1F, 0xFC, 0x3F, 0xF8, 0x7F, 0xE0, 0xFF, 0x81, 0xFF, 0x03,
    0xFC, 0x07, 0x80, 0x3F, 0xE1, 0xFF, 0x0F, 0xF8, 0x00, 0x00, 0x00, 0x00, 0x03, 0xE1, 0xFF, 0x1F,
    0xF9, 0xFF, 0xDF, 0xFE, 0xFF, 0xFF, 0xFF, 0xFF, 0xFF, 0xBF, 0xF9, 0xFF, 0xCF, 0xFC, 0x7F, 0xC3,
    0xFE, 0x1E, 0x1E, 0x70, 0x3D, 0xF0, 0x7B, 0xE0, 0xF3, 0x80, 0x00, 0x00, 0x00, 0x3C, 0x07, 0xF8,
    0x1F, 0xF0, 0x7F, 0xE1, 0xFF, 0xC7, 0xFF, 0x8F, 0xFF, 0x3F, 0xFE, 0xFB, 0xFF, 0xE7, 0xFF, 0xCF,
    0xFF, 0x1F, 0xFC, 0x3F, 0xF8, 0x7F, 0xE0, 0xFF, 0x81, 0xFF, 0x03, 0xFC, 0x07, 0x80, 0x3C, 0xE1,
    0xE7, 0x8F, 0x3C, 0x79, 0xC0, 0x00, 0x00, 0x03, 0xE1, 0xFF, 0x1F, 0xF9, 0xFF, 0xDF, 0xFE, 0xFF,
    0xFF, 0xFF, 0xFF, 0xFF, 0xBF, 0xF9, 0xFF, 0xCF, 0xFC, 0x7F, 0xC3, 0xFE, 0x1E, 0x0F, 0x38, 0x03,
    0xCF, 0x00, 0xF3, 0xC0, 0x3C, 0xF0, 0x00, 0x00, 0x00, 0x00, 0x00, 0x7F, 0x80, 0x7F, 0xF8, 0x3F,
    0xFF, 0x1F, 0xCF, 0xC7, 0xC0, 0xFB, 0xE0, 0x3E, 0xF8, 0x07, 0xFE, 0x01, 0xFF, 0x80, 0x7F, 0xE0,
    0x1F, 0xF8, 0x07, 0xFE, 0x03, 0xE7, 0xC0, 0xF9, 0xFC, 0xFE, 0x3F, 0xFF, 0x07, 0xFF, 0x80, 0x7F,
    0x80, 0x3C, 0xE0, 0xF7, 0xC3, 0xDF, 0x0F, 0x38, 0x00, 0x00, 0x00, 0x01, 0xFC, 0x0F, 0xF8, 0x7F,
    0xF3, 0xF7, 0xEF, 0x8F, 0xBC, 0x1E, 0xF0, 0x7B, 0xC1, 0xEF, 0x8F, 0xBF, 0x7E, 0x7F, 0xF0, 0xFF,
    0x81, 0xFC, 0x00, 0x07, 0xF8, 0x07, 0xFF, 0x83, 0xFF, 0xF1, 0xFC, 0xFC, 0x7C, 0x0F, 0xBE, 0x03,
    0xEF, 0x80, 0x7F, 0xFF, 0xFF, 0xFF, 0xFF, 0xFF, 0xFF, 0xFF, 0x80, 0x7F, 0xE0, 0x3E, 0x7C, 0x0F,
    0x9F, 0xCF, 0xE3, 0xFF, 0xF0, 0x7F, 0xF8, 0x07, 0xF8, 0x00, 0x1F, 0xC0, 0xFF, 0x87, 0xFF, 0x3F,
    0x7E, 0xF0, 0x7B, 0xFF, 0xEF, 0xFF, 0xBC, 0x1E, 0xF8, 0xFB, 0xF7, 0xE7, 0xFF, 0x0F, 0xF8, 0x1F,
    0xC0, 0x0F, 0x38, 0x03, 0xCF, 0x00, 0xF3, 0xC0, 0x3C, 0xF0, 0x00, 0x00, 0x00, 0x00, 0x00, 0x7F,
    0x80, 0x7F, 0xF8, 0x3F, 0xFF, 0x1F, 0xCF, 0xC7, 0xC0, 0xFB, 0xE0, 0x3E, 0xF8, 0x07, 0xFF, 0xFF,
    0xFF, 0xFF, 0xFF, 0xFF, 0xFF, 0xF8, 0x07, 0xFE, 0x03, 0xE7, 0xC0, 0xF9, 0xFC, 0xFE, 0x3F, 0xFF,
    0x07, 0xFF, 0x80, 0x7F, 0x80, 0x39, 0xE1, 0xF7, 0x87, 0xDE, 0x0E, 0x78, 0x00, 0x00, 0x00, 0x01,
    0xFC, 0x0F, 0xF8, 0x7F, 0xF3, 0xF7, 0xEF, 0x07, 0xBF, 0xFE, 0xFF, 0xFB, 0xC1, 0xEF, 0x8F, 0xBF,
    0x7E, 0x7F, 0xF0, 0xFF, 0x81, 0xFC, 0x00, 0x3C, 0xE0, 0x7B, 0xE0, 0xF7, 0xC1, 0xE7, 0x00, 0x00,
    0x00, 0x00, 0x1F, 0xF0, 0x7F, 0xF8, 0xFF, 0xF8, 0xE3, 0xF8, 0x01, 0xF0, 0x01, 0xF0, 0x03, 0xE3,
    0xFF, 0xC7, 0xFF, 0x8F, 0xFF, 0x00, 0x3E, 0x00, 0x7C, 0x01, 0xF3, 0xCF, 0xEF, 0xFF, 0x9F, 0xFE,
    0x1F, 0xF0, 0x00, 0x39, 0xE3, 0xEF, 0x1F, 0x78, 0x73, 0xC0, 0x00, 0x00, 0x01, 0xFE, 0x0F, 0xFC,
    0x7F, 0xE3, 0x9F, 0x80, 0x3C, 0x3F, 0xE1, 0xFF, 0x8F, 0xF8, 0x03, 0xCE, 0x7E, 0x7F, 0xE3, 0xFF,
    0x1F, 0xE0, 0x0F, 0xF8, 0x07, 0xFC, 0x03, 0xFE, 0x00, 0x00, 0x00, 0x00, 0x00, 0x00, 0x03, 0xE0,
    0x7C, 0xF8, 0x3E, 0x7C, 0x1F, 0x1F, 0x1F, 0x0F, 0x8F, 0x83, 0xE7, 0x81, 0xF7, 0xC0, 0x7F, 0xC0,
    0x3F, 0xE0, 0x0F, 0xF0, 0x03, 0xF0, 0x01, 0xF8, 0x00, 0xF8, 0x04, 0xFC, 0x07, 0xFC, 0x03, 0xFC,
    0x01, 0xFC, 0x00, 0x1F, 0xE0, 0x7F, 0x81, 0xFE, 0x00, 0x00, 0x00, 0x00, 0x00, 0x0F, 0x87, 0xFE,
    0x1E, 0x78, 0x79, 0xF3, 0xE7, 0xCF, 0x0F, 0x3C, 0x3F, 0xF0, 0xFF, 0x81, 0xFE, 0x07, 0xF8, 0x0F,
    0xC0, 0x3F, 0x00, 0x78, 0x03, 0xE0, 0x5F, 0x03, 0xFC, 0x0F, 0xE0, 0x3F, 0x00, 0x0E, 0x38, 0x07,
    0xBE, 0x03, 0xDF, 0x01, 0xC7, 0x00, 0x00, 0x00, 0x00, 0x03, 0xE0, 0x7C, 0xF8, 0x3E, 0x7C, 0x1F,
    0x1F, 0x1F, 0x0F, 0x8F, 0x83, 0xE7, 0x81, 0xF7, 0xC0, 0x7F, 0xC0, 0x3F, 0xE0, 0x0F, 0xF0, 0x03,
    0xF0, 0x01, 0xF8, 0x00, 0xF8, 0x04, 0xFC, 0x07, 0xFC, 0x03, 0xFC, 0x01, 0xFC, 0x00, 0x3C, 0xE0,
    0xF7, 0xC3, 0xDF, 0x0F, 0x38, 0x00, 0x00, 0x00, 0x0F, 0x87, 0xFE, 0x1E, 0x78, 0x79, 0xF3, 0xE7,
    0xCF, 0x0F, 0x3C, 0x3F, 0xF0, 0xFF, 0x81, 0xFE, 0x07, 0xF8, 0x0F, 0xC0, 0x3F, 0x00, 0x78, 0x03,
    0xE0, 0x5F, 0x03, 0xFC, 0x0F, 0xE0, 0x3F, 0x00, 0x03, 0x18, 0x01, 0xCE, 0x01, 0xEF, 0x00, 0xE7,
    0x80, 0xF7, 0x80, 0x73, 0x80, 0x00, 0x01, 0xF0, 0x3E, 0x7C, 0x1F, 0x3E, 0x0F, 0x8F, 0x8F, 0x87,
    0xC7, 0xC1, 0xF3, 0xC0, 0xFB, 0xE0, 0x3F, 0xE0, 0x1F, 0xF0, 0x07, 0xF8, 0x01, 0xF8, 0x00, 0xFC,
    0x00, 0x7C, 0x02, 0x7E, 0x03, 0xFE, 0x01, 0xFE, 0x00, 0xFE, 0x00, 0x06, 0x30, 0x3D, 0xE0, 0xF7,
    0x87, 0xBC, 0x3D, 0xE0, 0x63, 0x00, 0x00, 0x3E, 0x1F, 0xF8, 0x79, 0xE1, 0xE7, 0xCF, 0x9F, 0x3C,
    0x3C, 0xF0, 0xFF, 0xC3, 0xFE, 0x07, 0xF8, 0x1F, 0xE0, 0x3F, 0x00, 0xFC, 0x01, 0xE0, 0x0F, 0x81,
    0x7C, 0x0F, 0xF0, 0x3F, 0x80, 0xFC, 0x00, 0x1C, 0xF0, 0xF3, 0xC3, 0xCF, 0x0F, 0x3C, 0x00, 0x00,
    0x00, 0x0F, 0x03, 0xFC, 0x0F, 0xF0, 0x3F, 0xC0, 0xFF, 0x03, 0xFC, 0x0F, 0xF8, 0x3F, 0xF1, 0xFF,
    0xFF, 0xDF, 0xFF, 0x3F, 0xFC, 0x00, 0xF0, 0x03, 0xC0, 0x0F, 0x00, 0x3C, 0x00, 0xF0, 0x03, 0xC0,
    0x79, 0xC7, 0xBE, 0x7B, 0xE7, 0x9C, 0x00, 0x00, 0x00, 0xF1, 0xFF, 0x1F, 0xF1, 0xFF, 0x1F, 0xF1,
    0xFF, 0x9F, 0xFF, 0xF7, 0xFF, 0x3F, 0xF0, 0x1F, 0x01, 0xF0, 0x1F, 0x01, 0xF0, 0xFF, 0xFF, 0xFF,
    0xFF, 0xFF, 0x00, 0xF0, 0x0F, 0x00, 0xF0, 0x0F, 0x00, 0xF0, 0x0F, 0x00, 0xF0, 0x0F, 0x00, 0xF0,
    0x0F, 0x00, 0xFE, 0x0F, 0xE0, 0xFE, 0x01, 0xE0, 0x1E, 0x01, 0xE0, 0x1E, 0x01, 0xE0, 0xFF, 0xDF,
    0xFB, 0xFF, 0x7C, 0x0F, 0x81, 0xF0, 0x3E, 0x07, 0xC0, 0xF8, 0x1F, 0x03, 0xF8, 0x7F, 0x0F, 0xE0,
    0x3C, 0x07, 0x80, 0xF0, 0x1E, 0x00, 0x07, 0x9C, 0x00, 0x7B, 0xE0, 0x07, 0xBE, 0x00, 0x79, 0xC0,
    0x00, 0x00, 0x00, 0x00, 0x00, 0xF0, 0x01, 0xFF, 0x00, 0x1F, 0xF0, 0x01, 0xFF, 0x00, 0x1F, 0xF0,
    0x01, 0xFF, 0x00, 0x1F, 0xFF, 0xC1, 0xFF, 0xFF, 0x1F, 0xFF, 0xF9, 0xFF, 0x3F, 0x9F, 0xF0, 0xF9,
    0xFF, 0x07, 0x9F, 0xF0, 0xF9, 0xFF, 0x1F, 0x9F, 0xFF, 0xF9, 0xFF, 0xFF, 0x1F, 0xFF, 0xC1, 0xF0,
    0x07, 0x3C, 0x03, 0xEF, 0x00, 0xFB, 0xC0, 0x1C, 0xF0, 0x00, 0x00, 0x00, 0x00, 0x0F, 0x80, 0x3F,
    0xE0, 0x0F, 0xF8, 0x03, 0xFE, 0x00, 0xFF, 0xFC, 0x3F, 0xFF, 0x8F, 0xFF, 0xF3, 0xFE, 0x7C, 0xFF,
    0x8F, 0xBF, 0xE7, 0xCF, 0xFF, 0xF3, 0xFF, 0xFC, 0xF7, 0xFC, 0x3C, 0x03, 0xF0, 0x00, 0xFC, 0x00,
    0x3F, 0x00, 0x1F, 0xE0, 0x07, 0xF8, 0x01, 0xFE, 0x00, 0xF3, 0xC0, 0x3C, 0xF0, 0x0F, 0x3C, 0x07,
    0xCF, 0x81, 0xE1, 0xE0, 0x7F, 0xF8, 0x1F, 0xFE, 0x0F, 0xFF, 0xC3, 0xC0, 0xF0, 0xF0, 0x3C, 0x7C,
    0x0F, 0x9E, 0x03, 0xE7, 0x80, 0x78, 0x00, 0x00, 0x00, 0x00, 0x00, 0x78, 0x00, 0x1E, 0x00, 0x07,
    0x80, 0x01, 0xE0, 0x00, 0x1F, 0xC7, 0xFE, 0x7F, 0xF7, 0x9F, 0x00, 0xF0, 0x7F, 0x3F, 0xF7, 0xFF,
    0xF8, 0xFF, 0x0F, 0xF9, 0xFF, 0xFF, 0x7F, 0xF3, 0xE7, 0x00, 0x00, 0x00, 0x0F, 0x00, 0xF8, 0x0F,
    0x80, 0xF0, 0x01, 0xC0, 0x00, 0xFC, 0x00, 0x1F, 0x00, 0x03, 0xC0, 0x01, 0xE0, 0x00, 0x70, 0x00,
    0x00, 0x00, 0x0F, 0xC0, 0x03, 0xF0, 0x00, 0xFC, 0x00, 0x7F, 0x80, 0x1F, 0xE0, 0x07, 0xF8, 0x03,
    0xCF, 0x00, 0xF3, 0xC0, 0x3C, 0xF0, 0x1F, 0x3E, 0x07, 0x87, 0x81, 0xFF, 0xE0, 0x7F, 0xF8, 0x3F,
    0xFF, 0x0F, 0x03, 0xC3, 0xC0, 0xF1, 0xF0, 0x3E, 0x78, 0x0F, 0x9E, 0x01, 0xE0, 0x0F, 0x00, 0xF8,
    0x0F, 0xC0, 0x3C, 0x07, 0x80, 0x78, 0x00, 0x00, 0x00, 0x1F, 0xC7, 0xFE, 0x7F, 0xF7, 0x9F, 0x00,
    0xF0, 0x7F, 0x3F, 0xF7, 0xFF, 0xF8, 0xFF, 0x0F, 0xF9, 0xFF, 0xFF, 0x7F, 0xF3, 0xE7, 0x00, 0x02,
    0x00, 0x01, 0xC0, 0x1E, 0xF0, 0x0F, 0xF0, 0x07, 0xF8, 0x01, 0x8E, 0x00, 0x00, 0x00, 0x0F, 0xC0,
    0x03, 0xF0, 0x00, 0xFC, 0x00, 0x7F, 0x80, 0x1F, 0xE0, 0x07, 0xF8, 0x03, 0xCF, 0x00, 0xF3, 0xC0,
    0x3C, 0xF0, 0x1F, 0x3E, 0x07, 0x87, 0x81, 0xFF, 0xE0, 0x7F, 0xF8, 0x3F, 0xFF, 0x0F, 0x03, 0xC3,
    0xC0, 0xF1, 0xF0, 0x3E, 0x78, 0x0F, 0x9E, 0x01, 0xE0, 0x00, 0x08, 0x00, 0x38, 0x00, 0xF0, 0x7D,
    0xC1, 0xFF, 0x07, 0xFC, 0x06, 0x38, 0x00, 0x00, 0x00, 0x00, 0x3F, 0x81, 0xFF, 0x83, 0xFF, 0x87,
    0x9F, 0x00, 0x1E, 0x01, 0xFC, 0x1F, 0xF8, 0x7F, 0xF1, 0xF1, 0xE3, 0xC3, 0xC7, 0xCF, 0x8F, 0xFF,
    0x0F, 0xFE, 0x0F, 0x9C, 0x00, 0x10, 0x00, 0x0E, 0x00, 0x03, 0xDE, 0x00, 0x3F, 0xC0, 0x07, 0xF8,
    0x01, 0x8E, 0x00, 0x00, 0x00, 0x0F, 0xC0, 0x03, 0xF0, 0x00, 0xFC, 0x00, 0x7F, 0x80, 0x1F, 0xE0,
    0x07, 0xF8, 0x03, 0xCF, 0x00, 0xF3, 0xC0, 0x3C, 0xF0, 0x1F, 0x3E, 0x07, 0x87, 0x81, 0xFF, 0xE0,
    0x7F, 0xF8, 0x3F, 0xFF, 0x0F, 0x03, 0xC3, 0xC0, 0xF1, 0xF0, 0x3E, 0x78, 0x0F, 0x9E, 0x01, 0xE0,
    0x60, 0x07, 0x00, 0x3C, 0x00, 0xFF, 0x83, 0xFE, 0x0F, 0xF8, 0x31, 0xC0, 0x00, 0x00, 0x00, 0x7F,
    0x0F, 0xFC, 0x7F, 0xF3, 0xCF, 0x80, 0x3C, 0x0F, 0xE3, 0xFF, 0x3F, 0xFB, 0xE3, 0xDE, 0x1E, 0xF9,
    0xF7, 0xFF, 0x9F, 0xFC, 0x7C, 0xE0, 0x00, 0x0C, 0x00, 0x07, 0xC0, 0x00, 0xF0, 0x07, 0x9C, 0x03,
    0xFE, 0x01, 0xFE, 0x00, 0x63, 0x80, 0x00, 0x00, 0x03, 0xF0, 0x00, 0xFC, 0x00, 0x3F, 0x00, 0x1F,
    0xE0, 0x07, 0xF8, 0x01, 0xFE, 0x00, 0xF3, 0xC0, 0x3C, 0xF0, 0x0F, 0x3C, 0x07, 0xCF, 0x81, 0xE1,
    0xE0, 0x7F, 0xF8, 0x1F, 0xFE, 0x0F, 0xFF, 0xC3, 0xC0, 0xF0, 0xF0, 0x3C, 0x7C, 0x0F, 0x9E, 0x03,
    0xE7, 0x80, 0x78, 0x00, 0x70, 0x01, 0xF0, 0x03, 0xC3, 0xEF, 0x1F, 0xF8, 0xFF, 0x81, 0x8E, 0x00,
    0x00, 0x00, 0x00, 0x7F, 0x07, 0xFE, 0x1F, 0xFC, 0x79, 0xF0, 0x03, 0xC0, 0x7F, 0x0F, 0xFC, 0x7F,
    0xF3, 0xE3, 0xCF, 0x0F, 0x3E, 0x7C, 0xFF, 0xF1, 0xFF, 0xC3, 0xE7, 0x00, 0x00, 0x00, 0x01, 0xF7,
    0x00, 0x7F, 0x80, 0x3B, 0xE0, 0x06, 0x00, 0x00, 0x78, 0x00, 0x3F, 0x00, 0x1F, 0xE0, 0x06, 0x38,
    0x00, 0x00, 0x00, 0x3F, 0x00, 0x0F, 0xC0, 0x03, 0xF0, 0x01, 0xFE, 0x00, 0x7F, 0x80, 0x1F, 0xE0,
    0x0F, 0x3C, 0x03, 0xCF, 0x00, 0xF3, 0xC0, 0x7C, 0xF8, 0x1E, 0x1E, 0x07, 0xFF, 0x81, 0xFF, 0xE0,
    0xFF, 0xFC, 0x3C, 0x0F, 0x0F, 0x03, 0xC7, 0xC0, 0xF9, 0xE0, 0x3E, 0x78, 0x07, 0x80, 0x00, 0x01,
    0xFE, 0x1F, 0xE3, 0xBC, 0x18, 0x00, 0xF8, 0x1F, 0xE3, 0xFE, 0x18, 0x40, 0x00, 0x1F, 0xC7, 0xFE,
    0x7F, 0xF7, 0x9F, 0x00, 0xF0, 0x7F, 0x3F, 0xF7, 0xFF, 0xF8, 0xFF, 0x0F, 0xF9, 0xFF, 0xFF, 0x7F,
    0xF3, 0xE7, 0x03, 0xF0, 0x01, 0xFE, 0x00, 0xF7, 0xC0, 0x38, 0x70, 0x00, 0x00, 0x00, 0xFC, 0x00,
    0x3F, 0x00, 0x0F, 0xC0, 0x07, 0xF8, 0x01, 0xFE, 0x00, 0x7F, 0x80, 0x3C, 0xF0, 0x0F, 0x3C, 0x03,
    0xCF, 0x01, 0xF3, 0xE0, 0x78, 0x78, 0x1F, 0xFE, 0x07, 0xFF, 0x83, 0xFF, 0xF0, 0xF0, 0x3C, 0x3C,
    0x0F, 0x1F, 0x03, 0xE7, 0x80, 0xF9, 0xE0, 0x1E, 0x00, 0x00, 0x00, 0x00, 0x00, 0x1E, 0x00, 0x07,
    0x80, 0x01, 0xE0, 0x00, 0x78, 0x00, 0x0F, 0x81, 0xFC, 0x3F, 0xE3, 0xCF, 0x38, 0x70, 0x00, 0x00,
    0x01, 0xFC, 0x7F, 0xE7, 0xFF, 0x79, 0xF0, 0x0F, 0x07, 0xF3, 0xFF, 0x7F, 0xFF, 0x8F, 0xF0, 0xFF,
    0x9F, 0xFF, 0xF7, 0xFF, 0x3E, 0x70, 0x00, 0x00, 0x00, 0xF0, 0x0F, 0x80, 0xF8, 0x0F, 0x00, 0x00,
    0x70, 0x00, 0x1E, 0x00, 0x0F, 0x00, 0x07, 0x80, 0x0E, 0xDC, 0x03, 0xCE, 0x00, 0x7F, 0x80, 0x0F,
    0xC0, 0x00, 0x00, 0x00, 0xFC, 0x00, 0x3F, 0x00, 0x0F, 0xC0, 0x07, 0xF8, 0x01, 0xFE, 0x00, 0x7F,
    0x80, 0x3C, 0xF0, 0x0F, 0x3C, 0x03, 0xCF, 0x01, 0xF3, 0xE0, 0x78, 0x78, 0x1F, 0xFE, 0x07, 0xFF,
    0x83, 0xFF, 0xF0, 0xF0, 0x3C, 0x3C, 0x0F, 0x1F, 0x03, 0xE7, 0x80, 0xF9, 0xE0, 0x1E, 0x00, 0x00,
    0x1C, 0x03, 0xC0, 0x38, 0x37, 0xF3, 0xB7, 0x3D, 0xE1, 0xFE, 0x0F, 0xC0, 0x00, 0x00, 0x01, 0xFC,
    0x7F, 0xE7, 0xFF, 0x79, 0xF0, 0x0F, 0x07, 0xF3, 0xFF, 0x7F, 0xFF, 0x8F, 0xF0, 0xFF, 0x9F, 0xFF,
    0xF7, 0xFF, 0x3E, 0x70, 0x03, 0x00, 0x01, 0xE0, 0x00, 0x3C, 0x00, 0x07, 0x80, 0x0E, 0xDC, 0x03,
    0xCE, 0x00, 0x7F, 0x80, 0x0F, 0xC0, 0x00, 0x00, 0x00, 0xFC, 0x00, 0x3F, 0x00, 0x0F, 0xC0, 0x07,
    0xF8, 0x01, 0xFE, 0x00, 0x7F, 0x80, 0x3C, 0xF0, 0x0F, 0x3C, 0x03, 0xCF, 0x01, 0xF3, 0xE0, 0x78,
    0x78, 0x1F, 0xFE, 0x07, 0xFF, 0x83, 0xFF, 0xF0, 0xF0, 0x3C, 0x3C, 0x0F, 0x1F, 0x03, 0xE7, 0x80,
    0xF9, 0xE0, 0x1E, 0x00, 0x00, 0xE0, 0x1E, 0x00, 0xF0, 0x37, 0x73, 0xB7, 0x3D, 0xE1, 0xFE, 0x0F,
    0xC0, 0x00, 0x00, 0x01, 0xFC, 0x7F, 0xE7, 0xFF, 0x79, 0xF0, 0x0F, 0x07, 0xF3, 0xFF, 0x7F, 0xFF,
    0x8F, 0xF0, 0xFF, 0x9F, 0xFF, 0xF7, 0xFF, 0x3E, 0x70, 0x01, 0xE0, 0x00, 0x78, 0x00, 0x0F, 0x00,
    0x1B, 0xE0, 0x0E, 0xDC, 0x03, 0xCE, 0x00, 0x7F, 0x80, 0x0F, 0xC0, 0x00, 0x00, 0x00, 0xFC, 0x00,
    0x3F, 0x00, 0x0F, 0xC0, 0x07, 0xF8, 0x01, 0xFE, 0x00, 0x7F, 0x80, 0x3C, 0xF0, 0x0F, 0x3C, 0x03,
    0xCF, 0x01, 0xF3, 0xE0, 0x78, 0x78, 0x1F, 0xFE, 0x07, 0xFF, 0x83, 0xFF, 0xF0, 0xF0, 0x3C, 0x3C,
    0x0F, 0x1F, 0x03, 0xE7, 0x80, 0xF9, 0xE0, 0x1E, 0x07, 0x00, 0xF8, 0x07, 0x80, 0x38, 0x37, 0xF3,
    0xF7, 0x3D, 0xE1, 0xFE, 0x0F, 0xC0, 0x00, 0x00, 0x01, 0xFC, 0x7F, 0xE7, 0xFF, 0x79, 0xF0, 0x0F,
    0x07, 0xF3, 0xFF, 0x7F, 0xFF, 0x8F, 0xF0, 0xFF, 0x9F, 0xFF, 0xF7, 0xFF, 0x3E, 0x70, 0x07, 0x80,
    0x01, 0xFF, 0x00, 0xFF, 0x80, 0x19, 0xE0, 0x0E, 0x18, 0x03, 0xCE, 0x00, 0x7F, 0x80, 0x0F, 0xC0,
    0x00, 0x00, 0x00, 0xFC, 0x00, 0x3F, 0x00, 0x0F, 0xC0, 0x07, 0xF8, 0x01, 0xFE, 0x00, 0x7F, 0x80,
    0x3C, 0xF0, 0x0F, 0x3C, 0x03, 0xCF, 0x01, 0xF3, 0xE0, 0x78, 0x78, 0x1F, 0xFE, 0x07, 0xFF, 0x83,
    0xFF, 0xF0, 0xF0, 0x3C, 0x3C, 0x0F, 0x1F, 0x03, 0xE7, 0x80, 0xF9, 0xE0, 0x1E, 0x00, 0x01, 0xFE,
    0x3F, 0xE3, 0xBC, 0x18, 0x63, 0xCE, 0x1F, 0xE0, 0xFC, 0x00, 0x00, 0x00, 0x1F, 0xC7, 0xFE, 0x7F,
    0xF7, 0x9F, 0x00, 0xF0, 0x7F, 0x3F, 0xF7, 0xFF, 0xF8, 0xFF, 0x0F, 0xF9, 0xFF, 0xFF, 0x7F, 0xF3,
    0xE7, 0x00, 0x00, 0x03, 0x87, 0x00, 0xFF, 0x80, 0x1F, 0xE0, 0x03, 0xF0, 0x00, 0x00, 0x00, 0x3F,
    0x00, 0x0F, 0xC0, 0x03, 0xF0, 0x01, 0xFE, 0x00, 0x7F, 0x80, 0x1F, 0xE0, 0x0F, 0x3C, 0x03, 0xCF,
    0x00, 0xF3, 0xC0, 0x7C, 0xF8, 0x1E, 0x1E, 0x07, 0xFF, 0x81, 0xFF, 0xE0, 0xFF, 0xFC, 0x3C, 0x0F,
    0x0F, 0x03, 0xC7, 0xC0, 0xF9, 0xE0, 0x3E, 0x78, 0x07, 0x80, 0x00, 0x00, 0x00, 0x00, 0x07, 0x80,
    0x01, 0xE0, 0x00, 0x78, 0x00, 0x1E, 0x00, 0x30, 0x63, 0x87, 0x3D, 0xF1, 0xFE, 0x1F, 0xC0, 0x30,
    0x00, 0x00, 0x00, 0x1F, 0xC7, 0xFE, 0x7F, 0xF7, 0x9F, 0x00, 0xF0, 0x7F, 0x3F, 0xF7, 0xFF, 0xF8,
    0xFF, 0x0F, 0xF9, 0xFF, 0xFF, 0x7F, 0xF3, 0xE7, 0x00, 0x00, 0x00, 0x0F, 0x00, 0xF8, 0x0F, 0x80,
    0xF0, 0xFF, 0xFF, 0xFF, 0xFF, 0xFF, 0x00, 0xF0, 0x0F, 0x00, 0xF0, 0x0F, 0x00, 0xFF, 0xEF, 0xFE,
    0xFF, 0xEF, 0x00, 0xF0, 0x0F, 0x00, 0xF0, 0x0F, 0x00, 0xFF, 0xFF, 0xFF, 0xFF, 0xF0, 0x00, 0x00,
    0x00, 0xF0, 0x0F, 0x80, 0xF8, 0x0F, 0x00, 0x0F, 0xC1, 0xFF, 0x1F, 0xFC, 0xF1, 0xEF, 0x07, 0xFF,
    0xFF, 0xFF, 0xFF, 0xFF, 0xF0, 0x07, 0xC0, 0x1F, 0x18, 0xFF, 0xE3, 0xFF, 0x07, 0xF0, 0x00, 0x00,
    0x00, 0x07, 0x80, 0x7C, 0x03, 0xE0, 0x0E, 0x00, 0x0F, 0x00, 0xF8, 0x07, 0x80, 0x78, 0x07, 0x80,
    0x60, 0x00, 0x0F, 0xFF, 0xFF, 0xFF, 0xFF, 0xF0, 0x0F, 0x00, 0xF0, 0x0F, 0x00, 0xF0, 0x0F, 0xFE,
    0xFF, 0xEF, 0xFE, 0xF0, 0x0F, 0x00, 0xF0, 0x0F, 0x00, 0xF0, 0x0F, 0xFF, 0xFF, 0xFF, 0xFF, 0x0F,
    0x00, 0x7C, 0x03, 0xE0, 0x07, 0x00, 0x78, 0x03, 0x80, 0x00, 0x00, 0x00, 0x0F, 0xC1, 0xFF, 0x1F,
    0xFC, 0xF1, 0xEF, 0x07, 0xFF, 0xFF, 0xFF, 0xFF, 0xFF, 0xF0, 0x07, 0xC0, 0x1F, 0x18, 0xFF, 0xE3,
    0xFF, 0x07, 0xF0, 0x1C, 0x77, 0xFF, 0x7F, 0xF7, 0x7E, 0x71, 0xC0, 0x00, 0xFF, 0xFF, 0xFF, 0xFF,
    0xFF, 0x00, 0xF0, 0x0F, 0x00, 0xF0, 0x0F, 0x00, 0xFF, 0xEF, 0xFE, 0xFF, 0xEF, 0x00, 0xF0, 0x0F,
    0x00, 0xF0, 0x0F, 0x00, 0xFF, 0xFF, 0xFF, 0xFF, 0xF0, 0x3E, 0x71, 0xFF, 0x9F, 0xFC, 0xE7, 0xC7,
    0x1C, 0x00, 0x00, 0x00, 0x01, 0xF8, 0x3F, 0xE3, 0xFF, 0x9E, 0x3D, 0xE0, 0xFF, 0xFF, 0xFF, 0xFF,
    0xFF, 0xFE, 0x00, 0xF8, 0x03, 0xE3, 0x1F, 0xFC, 0x7F, 0xE0, 0xFE, 0x00, 0x00, 0x18, 0x00, 0xE0,
    0xFF, 0x87, 0xFC, 0x3F, 0xC0, 0xE3, 0x00, 0x00, 0x3F, 0xFC, 0xFF, 0xF3, 0xFF, 0xCF, 0x00, 0x3C,
    0x00, 0xF0, 0x03, 0xC0, 0x0F, 0x00, 0x3F, 0xF8, 0xFF, 0xE3, 0xFF, 0x8F, 0x00, 0x3C, 0x00, 0xF0,
    0x03, 0xC0, 0x0F, 0x00, 0x3F, 0xFC, 0xFF, 0xF3, 0xFF, 0xC0, 0x00, 0x08, 0x00, 0x38, 0x00, 0xF0,
    0x7D, 0xC1, 0xFF, 0x07, 0xFC, 0x06, 0x30, 0x00, 0x00, 0x00, 0x00, 0x1F, 0x80, 0xFF, 0x83, 0xFF,
    0x87, 0x8F, 0x1E, 0x0F, 0x3F, 0xFE, 0x7F, 0xFC, 0xFF, 0xF9, 0xE0, 0x03, 0xE0, 0x03, 0xE3, 0x07,
    0xFF, 0x07, 0xFE, 0x03, 0xF8, 0x00, 0x40, 0x07, 0x00, 0x1D, 0xF0, 0x7F, 0x81, 0xFE, 0x0E, 0x30,
    0x00, 0x0F, 0xFF, 0x7F, 0xFB, 0xFF, 0xDE, 0x00, 0xF0, 0x07, 0x80, 0x3C, 0x01, 0xE0, 0x0F, 0xFE,
    0x7F, 0xF3, 0xFF, 0x9E, 0x00, 0xF0, 0x07, 0x80, 0x3C, 0x01, 0xE0, 0x0F, 0xFF, 0x7F, 0xFB, 0xFF,
    0xC0, 0x20, 0x00, 0xE0, 0x01, 0xE0, 0x01, 0xDF, 0x01, 0xFF, 0x01, 0xFF, 0x01, 0x8C, 0x00, 0x00,
    0x00, 0x00, 0x07, 0xE0, 0x3F, 0xE0, 0xFF, 0xE1, 0xE3, 0xC7, 0x83, 0xCF, 0xFF, 0x9F, 0xFF, 0x3F,
    0xFE, 0x78, 0x00, 0xF8, 0x00, 0xF8, 0xC1, 0xFF, 0xC1, 0xFF, 0x80, 0xFE, 0x00, 0x00, 0x70, 0x03,
    0xE0, 0x03, 0x83, 0xEE, 0x1F, 0xF8, 0xFF, 0x83, 0x8C, 0x00, 0x00, 0xFF, 0xF3, 0xFF, 0xCF, 0xFF,
    0x3C, 0x00, 0xF0, 0x03, 0xC0, 0x0F, 0x00, 0x3C, 0x00, 0xFF, 0xE3, 0xFF, 0x8F, 0xFE, 0x3C, 0x00,
    0xF0, 0x03, 0xC0, 0x0F, 0x00, 0x3C, 0x00, 0xFF, 0xF3, 0xFF, 0xCF, 0xFF, 0x00, 0x00, 0x70, 0x01,
    0xE0, 0x03, 0xC3, 0xEE, 0x1F, 0xF0, 0xFF, 0x81, 0x8C, 0x00, 0x00, 0x00, 0x00, 0x3F, 0x03, 0xFE,
    0x1F, 0xFC, 0x78, 0xF3, 0xC1, 0xEF, 0xFF, 0xBF, 0xFE, 0xFF, 0xFB, 0xC0, 0x0F, 0x80, 0x1F, 0x18,
    0x7F, 0xF0, 0xFF, 0xC0, 0xFE, 0x00, 0x00, 0x03, 0xEE, 0x3F, 0xE3, 0xFC, 0x30, 0x00, 0xF8, 0x1F,
    0xC3, 0xFC, 0x38, 0xC0, 0x00, 0xFF, 0xFF, 0xFF, 0xFF, 0xFF, 0x00, 0xF0, 0x0F, 0x00, 0xF0, 0x0F,
    0x00, 0xFF, 0xEF, 0xFE, 0xFF, 0xEF, 0x00, 0xF0, 0x0F, 0x00, 0xF0, 0x0F, 0x00, 0xFF, 0xFF, 0xFF,
    0xFF, 0xF0, 0x00, 0x00, 0xF7, 0x0F, 0xF8, 0x77, 0x81, 0x00, 0x07, 0xC0, 0x7F, 0x07, 0xBC, 0x10,
    0x40, 0x00, 0x03, 0xF0, 0x7F, 0xC7, 0xFF, 0x3C, 0x7B, 0xC1, 0xFF, 0xFF, 0xFF, 0xFF, 0xFF, 0xFC,
    0x01, 0xF0, 0x07, 0xC6, 0x3F, 0xF8, 0xFF, 0xC1, 0xFC, 0x1F, 0x83, 0xFC, 0x3D, 0xE3, 0x0E, 0x00,
    0x0F, 0xFF, 0xFF, 0xFF, 0xFF, 0xF0, 0x0F, 0x00, 0xF0, 0x0F, 0x00, 0xF0, 0x0F, 0xFE, 0xFF, 0xEF,
    0xFE, 0xF0, 0x0F, 0x00, 0xF0, 0x0F, 0x00, 0xF0, 0x0F, 0xFF, 0xFF, 0xFF, 0xFF, 0x00, 0x00, 0x00,
    0x0F, 0x00, 0xF8, 0x0F, 0x80, 0xF0, 0x0F, 0x80, 0xFE, 0x0F, 0xF8, 0xFB, 0xE3, 0x06, 0x00, 0x00,
    0x00, 0x01, 0xF8, 0x3F, 0xE3, 0xFF, 0x9E, 0x3D, 0xE0, 0xFF, 0xFF, 0xFF, 0xFF, 0xFF, 0xFE, 0x00,
    0xF8, 0x03, 0xE3, 0x1F, 0xFC, 0x7F, 0xE0, 0xFE, 0x00, 0x00, 0x00, 0x00, 0xF0, 0x0F, 0x80, 0x7C,
    0x01, 0xC0, 0x79, 0xF3, 0xCF, 0x78, 0xC0, 0x1E, 0x79, 0xE7, 0x9E, 0x79, 0xE7, 0x9E, 0x79, 0xE7,
    0x9E, 0x79, 0xE7, 0x9E, 0x79, 0xE0, 0x43, 0xEF, 0x9F, 0x3D, 0xE7, 0x00, 0x01, 0xE7, 0x9E, 0x79,
    0xE7, 0x9E, 0x79, 0xE7, 0x9E, 0x79, 0xE7, 0x80, 0xF7, 0xBD, 0xEF, 0x7B, 0xDE, 0xF7, 0xBD, 0xEF,
    0x7B, 0xDE, 0xF7, 0xBC, 0x00, 0x7B, 0xFF, 0xF0, 0x7F, 0xFE, 0xF0, 0x01, 0xEF, 0x7B, 0xDE, 0xF7,
    0xBD, 0xEF, 0x7B, 0xDE, 0xF0, 0x01, 0xFF, 0xFB, 0xC0, 0x07, 0xF0, 0x0F, 0xFE, 0x0F, 0xFF, 0x8F,
    0xFF, 0xE7, 0xC1, 0xF3, 0xC0, 0x7F, 0xE0, 0x3F, 0xF0, 0x0F, 0xF8, 0x07, 0xFC, 0x03, 0xFE, 0x01,
    0xFF, 0x01, 0xFF, 0x80, 0xFB, 0xC0, 0x7D, 0xF0, 0x7C, 0x7F, 0xFE, 0x3F, 0xFE, 0x0F, 0xFE, 0x01,
    0xFC, 0x00, 0x00, 0x00, 0x00, 0x00, 0x0F, 0x00, 0x0F, 0x80, 0x07, 0xC0, 0x01, 0xE0, 0x00, 0x0F,
    0xC0, 0xFF, 0xC7, 0xFF, 0x1F, 0x7E, 0xF8, 0x7B, 0xC1, 0xFF, 0x07, 0xFC, 0x1F, 0xF0, 0x7F, 0xE1,
    0xE7, 0xDF, 0x9F, 0xFC, 0x3F, 0xF0, 0x3F, 0x00, 0x00, 0x00, 0x00, 0x07, 0x80, 0x3E, 0x00, 0xF8,
    0x01, 0xE0, 0x03, 0xC0, 0x01, 0xF0, 0x00, 0x38, 0x00, 0x3C, 0x00, 0x1E, 0x00, 0x00, 0x00, 0x1F,
    0xC0, 0x3F, 0xF8, 0x3F, 0xFE, 0x3F, 0xFF, 0x9F, 0x07, 0xCF, 0x01, 0xFF, 0x80, 0xFF, 0xC0, 0x3F,
    0xE0, 0x1F, 0xF0, 0x0F, 0xF8, 0x07, 0xFC, 0x07, 0xFE, 0x03, 0xEF, 0x01, 0xF7, 0xC1, 0xF1, 0xFF,
    0xF8, 0xFF, 0xF8, 0x3F, 0xF8, 0x07, 0xF0, 0x00, 0x0F, 0x00, 0x3E, 0x00, 0xFC, 0x00, 0xF0, 0x07,
    0x80, 0x1E, 0x00, 0x00, 0x00, 0x00, 0x0F, 0xC0, 0xFF, 0xC7, 0xFF, 0x1F, 0x7E, 0xF8, 0x7B, 0xC1,
    0xFF, 0x07, 0xFC, 0x1F, 0xF0, 0x7F, 0xE1, 0xE7, 0xDF, 0x9F, 0xFC, 0x3F, 0xF0, 0x3F, 0x00, 0x00,
    0x02, 0x00, 0x07, 0x80, 0xFF, 0x80, 0xFF, 0x80, 0x7F, 0x80, 0x71, 0xC0, 0x00, 0x00, 0x0F, 0xE0,
    0x1F, 0xFC, 0x1F, 0xFF, 0x1F, 0xFF, 0xCF, 0x83, 0xE7, 0x80, 0xFF, 0xC0, 0x7F, 0xE0, 0x1F, 0xF0,
    0x0F, 0xF8, 0x07, 0xFC, 0x03, 0xFE, 0x03, 0xFF, 0x01, 0xF7, 0x80, 0xFB, 0xE0, 0xF8, 0xFF, 0xFC,
    0x7F, 0xFC, 0x1F, 0xFC, 0x03, 0xF8, 0x00, 0x00, 0x08, 0x00, 0x38, 0x00, 0xF0, 0x7D, 0xC1, 0xFF,
    0x03, 0xFC, 0x06, 0x38, 0x00, 0x00, 0x00, 0x00, 0x1F, 0x80, 0xFF, 0xC3, 0xFF, 0x87, 0xDF, 0x9F,
    0x0F, 0x3C, 0x1F, 0x78, 0x3E, 0xF0, 0x7D, 0xE0, 0xFB, 0xE1, 0xE3, 0xEF, 0xC7, 0xFF, 0x07, 0xFE,
    0x03, 0xF0, 0x00, 0x30, 0x00, 0x1C, 0x00, 0x0F, 0xF8, 0x03, 0xFE, 0x00, 0x7F, 0x80, 0x71, 0xC0,
    0x00, 0x00, 0x0F, 0xE0, 0x1F, 0xFC, 0x1F, 0xFF, 0x1F, 0xFF, 0xCF, 0x83, 0xE7, 0x80, 0xFF, 0xC0,
    0x7F, 0xE0, 0x1F, 0xF0, 0x0F, 0xF8, 0x07, 0xFC, 0x03, 0xFE, 0x03, 0xFF, 0x01, 0xF7, 0x80, 0xFB,
    0xE0, 0xF8, 0xFF, 0xFC, 0x7F, 0xFC, 0x1F, 0xFC, 0x03, 0xF8, 0x00, 0x60, 0x01, 0xC0, 0x03, 0xC0,
    0x03, 0xFE, 0x03, 0xFE, 0x01, 0xFE, 0x03, 0x1C, 0x00, 0x00, 0x00, 0x00, 0x0F, 0xC0, 0x7F, 0xE1,
    0xFF, 0xC3, 0xEF, 0xCF, 0x87, 0x9E, 0x0F, 0xBC, 0x1F, 0x78, 0x3E, 0xF0, 0x7D, 0xF0, 0xF1, 0xF7,
    0xE3, 0xFF, 0x83, 0xFF, 0x01, 0xF8, 0x00, 0x00, 0x1E, 0x00, 0x0F, 0x80, 0xFB, 0xC0, 0xFF, 0xC0,
    0x7F, 0x80, 0x71, 0xC0, 0x00, 0x00, 0x0F, 0xE0, 0x1F, 0xFC, 0x1F, 0xFF, 0x1F, 0xFF, 0xCF, 0x83,
    0xE7, 0x80, 0xFF, 0xC0, 0x7F, 0xE0, 0x1F, 0xF0, 0x0F, 0xF8, 0x07, 0xFC, 0x03, 0xFE, 0x03, 0xFF,
    0x01, 0xF7, 0x80, 0xFB, 0xE0, 0xF8, 0xFF, 0xFC, 0x7F, 0xFC, 0x1F, 0xFC, 0x03, 0xF8, 0x00, 0x00,
    0x70, 0x01, 0xF0, 0x03, 0xC3, 0xEF, 0x1F, 0xF8, 0x7F, 0x81, 0x8E, 0x00, 0x00, 0x00, 0x00, 0x3F,
    0x03, 0xFF, 0x1F, 0xFC, 0x7D, 0xFB, 0xE1, 0xEF, 0x07, 0xFC, 0x1F, 0xF0, 0x7F, 0xC1, 0xFF, 0x87,
    0x9F, 0x7E, 0x7F, 0xF0, 0xFF, 0xC0, 0xFC, 0x00, 0x00, 0x00, 0x03, 0xDC, 0x03, 0xFE, 0x01, 0xDE,
    0x00, 0x00, 0x00, 0x1F, 0x00, 0x1F, 0xC0, 0x1E, 0xF0, 0x04, 0x10, 0x03, 0xF8, 0x07, 0xFF, 0x07,
    0xFF, 0xC7, 0xFF, 0xF3, 0xE0, 0xF9, 0xE0, 0x3F, 0xF0, 0x1F, 0xF8, 0x07, 0xFC, 0x03, 0xFE, 0x01,
    0xFF, 0x00, 0xFF, 0x80, 0xFF, 0xC0, 0x7D, 0xE0, 0x3E, 0xF8, 0x3E, 0x3F, 0xFF, 0x1F, 0xFF, 0x07,
    0xFF, 0x00, 0xFE, 0x00, 0x00, 0x00, 0x7F, 0x81, 0xFE, 0x0E, 0xF0, 0x18, 0x00, 0x3E, 0x01, 0xFE,
    0x07, 0xF8, 0x18, 0x40, 0x00, 0x00, 0xFC, 0x0F, 0xFC, 0x7F, 0xF1, 0xF7, 0xEF, 0x87, 0xBC, 0x1F,
    0xF0, 0x7F, 0xC1, 0xFF, 0x07, 0xFE, 0x1E, 0x7D, 0xF9, 0xFF, 0xC3, 0xFF, 0x03, 0xF0, 0x03, 0xE0,
    0x03, 0xF8, 0x03, 0xFE, 0x01, 0xC7, 0x00, 0x41, 0x00, 0x3F, 0x80, 0x7F, 0xF0, 0x7F, 0xFC, 0x7F,
    0xFF, 0x3E, 0x0F, 0x9E, 0x03, 0xFF, 0x01, 0xFF, 0x80, 0x7F, 0xC0, 0x3F, 0xE0, 0x1F, 0xF0, 0x0F,
    0xF8, 0x0F, 0xFC, 0x07, 0xDE, 0x03, 0xEF, 0x83, 0xE3, 0xFF, 0xF1, 0xFF, 0xF0, 0x7F, 0xF0, 0x0F,
    0xE0, 0x00, 0x00, 0x00, 0x00, 0x00, 0x78, 0x00, 0x7C, 0x00, 0x3E, 0x00, 0x0F, 0x00, 0x0F, 0xC0,
    0x7F, 0x03, 0xFE, 0x0F, 0x3C, 0x38, 0x70, 0x00, 0x00, 0x00, 0x03, 0xF0, 0x3F, 0xF1, 0xFF, 0xC7,
    0xDF, 0xBE, 0x1E, 0xF0, 0x7F, 0xC1, 0xFF, 0x07, 0xFC, 0x1F, 0xF8, 0x79, 0xF7, 0xE7, 0xFF, 0x0F,
    0xFC, 0x0F, 0xC0, 0x00, 0x00, 0x00, 0x01, 0xE0, 0x0F, 0x80, 0x3E, 0x00, 0x78, 0x00, 0x00, 0x00,
    0x00, 0x0C, 0x00, 0x07, 0x80, 0x07, 0xEE, 0x01, 0xF3, 0xC0, 0x70, 0xF0, 0x08, 0x3C, 0x1F, 0xFE,
    0x1F, 0xFF, 0x0F, 0xFF, 0x83, 0xFF, 0xF1, 0xF0, 0x7C, 0x78, 0x0F, 0xBE, 0x03, 0xEF, 0x80, 0x7B,
    0xE0, 0x1E, 0xF8, 0x07, 0xBE, 0x01, 0xEF, 0x80, 0x7B, 0xE0, 0x3E, 0x7C, 0x0F, 0x9F, 0x07, 0xC3,
    0xFF, 0xF0, 0xFF, 0xF8, 0x1F, 0xFC, 0x01, 0xFC, 0x00, 0x00, 0x40, 0x01, 0xC0, 0x07, 0xC0, 0x1F,
    0x80, 0x7C, 0xC0, 0xF3, 0xC0, 0xC7, 0x80, 0x0F, 0x00, 0x1E, 0x1F, 0xF8, 0xFF, 0xE3, 0xFF, 0x87,
    0xDF, 0x9F, 0x0F, 0x3C, 0x1F, 0x78, 0x3E, 0xF0, 0x7D, 0xE0, 0xFB, 0xE1, 0xE3, 0xEF, 0xC7, 0xFF,
    0x07, 0xFE, 0x03, 0xF0, 0x00, 0x00, 0x00, 0x01, 0x80, 0x00, 0xF8, 0x00, 0x3F, 0x0E, 0x07, 0xE3,
    0xC0, 0x70, 0xF0, 0x08, 0x3C, 0x1F, 0xFE, 0x1F, 0xFF, 0x0F, 0xFF, 0x83, 0xFF, 0xF1, 0xF0, 0x7C,
    0x78, 0x0F, 0xBE, 0x03, 0xEF, 0x80, 0x7B, 0xE0, 0x1E, 0xF8, 0x07, 0xBE, 0x01, 0xEF, 0x80, 0x7B,
    0xE0, 0x3E, 0x7C, 0x0F, 0x9F, 0x07, 0xC3, 0xFF, 0xF0, 0xFF, 0xF8, 0x1F, 0xFC, 0x01, 0xFC, 0x00,
    0x08, 0x00, 0x38, 0x00, 0xF8, 0x01, 0xF8, 0x01, 0xF0, 0xC1, 0xF3, 0xC0, 0xC7, 0x80, 0x0F, 0x00,
    0x1E, 0x1F, 0xF8, 0xFF, 0xE3, 0xFF, 0x87, 0xDF, 0x9F, 0x0F, 0x3C, 0x1F, 0x78, 0x3E, 0xF0, 0x7D,
    0xE0, 0xFB, 0xE1, 0xE3, 0xEF, 0xC7, 0xFF, 0x07, 0xFE, 0x03, 0xF0, 0x00, 0x03, 0xC0, 0x00, 0xF8,
    0x00, 0x0F, 0x38, 0x07, 0x8F, 0x01, 0xE3, 0xC0, 0x00, 0xF0, 0x7F, 0xF8, 0x7F, 0xFC, 0x3F, 0xFE,
    0x0F, 0xFF, 0xC7, 0xC1, 0xF1, 0xE0, 0x3E, 0xF8, 0x0F, 0xBE, 0x01, 0xEF, 0x80, 0x7B, 0xE0, 0x1E,
    0xF8, 0x07, 0xBE, 0x01, 0xEF, 0x80, 0xF9, 0xF0, 0x3E, 0x7C, 0x1F, 0x0F, 0xFF, 0xC3, 0xFF, 0xE0,
    0x7F, 0xF0, 0x07, 0xF0, 0x00, 0x0F, 0x00, 0x1F, 0x00, 0x3F, 0x00, 0x1E, 0x60, 0x7D, 0xE0, 0xF3,
    0xC0, 0x07, 0x80, 0x0F, 0x0F, 0xFC, 0x7F, 0xF1, 0xFF, 0xC3, 0xEF, 0xCF, 0x87, 0x9E, 0x0F, 0xBC,
    0x1F, 0x78, 0x3E, 0xF0, 0x7D, 0xF0, 0xF1, 0xF7, 0xE3, 0xFF, 0x83, 0xFF, 0x01, 0xF8, 0x00, 0x00,
    0x00, 0x03, 0xE7, 0x01, 0xFF, 0xF8, 0x7F, 0xEF, 0x1C, 0xFB, 0xC0, 0x00, 0xF0, 0x7F, 0xF8, 0x7F,
    0xFC, 0x3F, 0xFE, 0x0F, 0xFF, 0xC7, 0xC1, 0xF1, 0xE0, 0x3E, 0xF8, 0x0F, 0xBE, 0x01, 0xEF, 0x80,
    0x7B, 0xE0, 0x1E, 0xF8, 0x07, 0xBE, 0x01, 0xEF, 0x80, 0xF9, 0xF0, 0x3E, 0x7C, 0x1F, 0x0F, 0xFF,
    0xC3, 0xFF, 0xE0, 0x7F, 0xF0, 0x07, 0xF0, 0x00, 0x3C, 0x70, 0xFF, 0xC1, 0xFF, 0xFB, 0xBF, 0xF6,
    0x3D, 0xE0, 0x03, 0xC0, 0x07, 0x87, 0xFE, 0x3F, 0xF8, 0xFF, 0xE1, 0xF7, 0xE7, 0xC3, 0xCF, 0x07,
    0xDE, 0x0F, 0xBC, 0x1F, 0x78, 0x3E, 0xF8, 0x78, 0xFB, 0xF1, 0xFF, 0xC1, 0xFF, 0x80, 0xFC, 0x00,
    0x00, 0x00, 0x00, 0x00, 0xE0, 0x00, 0x3C, 0x00, 0x0F, 0x00, 0x03, 0xC1, 0xFF, 0xE1, 0xFF, 0xF0,
    0xFF, 0xF8, 0x3F, 0xFF, 0x1F, 0x07, 0xC7, 0x80, 0xFB, 0xE0, 0x3E, 0xF8, 0x07, 0xBE, 0x01, 0xEF,
    0x80, 0x7B, 0xE0, 0x1E, 0xF8, 0x07, 0xBE, 0x03, 0xE7, 0xC0, 0xF9, 0xF0, 0x7C, 0x3F, 0xFF, 0x0F,
    0xFF, 0x81, 0xFF, 0xC0, 0x1F, 0xC0, 0x00, 0x00, 0x00, 0x00, 0x00, 0x1E, 0x00, 0x0F, 0x80, 0x03,
    0xE0, 0x00, 0x78, 0x00, 0x00, 0x0C, 0x00, 0x3C, 0x00, 0x78, 0x00, 0xF0, 0x01, 0xE1, 0xFF, 0x8F,
    0xFE, 0x3F, 0xF8, 0x7D, 0xF9, 0xF0, 0xF3, 0xC1, 0xF7, 0x83, 0xEF, 0x07, 0xDE, 0x0F, 0xBE, 0x1E,
    0x3E, 0xFC, 0x7F, 0xF0, 0x7F, 0xE0, 0x3F, 0x00, 0x00, 0x00, 0x00, 0x00, 0xF0, 0x03, 0xE0, 0x07,
    0xC0, 0x07, 0x80, 0xF0, 0x1F, 0xE0, 0x3F, 0xC0, 0x7F, 0x80, 0xFF, 0x01, 0xFE, 0x03, 0xFC, 0x07,
    0xF8, 0x0F, 0xF0, 0x1F, 0xE0, 0x3F, 0xC0, 0x7F, 0x81, 0xFF, 0x03, 0xFF, 0x07, 0xFE, 0x0F, 0x3F,
    0xFE, 0x7F, 0xF8, 0x7F, 0xF0, 0x3F, 0x80, 0x00, 0x00, 0x00, 0x00, 0xF0, 0x01, 0xF0, 0x03, 0xE0,
    0x07, 0x80, 0xF8, 0x7F, 0xC3, 0xFE, 0x1F, 0xF0, 0xFF, 0x87, 0xFC, 0x3F, 0xE1, 0xFF, 0x0F, 0xF8,
    0x7B, 0xC3, 0xDF, 0xFE, 0xFF, 0xF7, 0xFF, 0x9F, 0x9C, 0x00, 0x00, 0x00, 0x07, 0x80, 0x7C, 0x03,
    0xE0, 0x0F, 0x00, 0x07, 0x80, 0x0F, 0x80, 0x0F, 0x00, 0x0E, 0x00, 0x3C, 0x00, 0x60, 0x00, 0x00,
    0x78, 0x0F, 0xF0, 0x1F, 0xE0, 0x3F, 0xC0, 0x7F, 0x80, 0xFF, 0x01, 0xFE, 0x03, 0xFC, 0x07, 0xF8,
    0x0F, 0xF0, 0x1F, 0xE0, 0x3F, 0xC0, 0xFF, 0x81, 0xFF, 0x83, 0xFF, 0x07, 0x9F, 0xFF, 0x3F, 0xFC,
    0x3F, 0xF8, 0x1F, 0xC0, 0x04, 0x00, 0x7C, 0x03, 0xF0, 0x0F, 0x80, 0x3C, 0x03, 0xC0, 0x1C, 0x00,
    0x00, 0x00, 0x07, 0xC3, 0xFE, 0x1F, 0xF0, 0xFF, 0x87, 0xFC, 0x3F, 0xE1, 0xFF, 0x0F, 0xF8, 0x7F,
    0xC3, 0xDE, 0x1E, 0xFF, 0xF7, 0xFF, 0xBF, 0xFC, 0xFC, 0xE0, 0x00, 0x60, 0x00, 0x1C, 0x00, 0x07,
    0xC7, 0x01, 0xF9, 0xE0, 0x7C, 0x1C, 0x07, 0x03, 0x80, 0x01, 0xF7, 0x80, 0xFC, 0xF0, 0x1E, 0x1E,
    0x03, 0xC3, 0xC0, 0x78, 0x78, 0x0F, 0x0F, 0x01, 0xE1, 0xE0, 0x3C, 0x3C, 0x07, 0x87, 0x80, 0xF0,
    0xF0, 0x1E, 0x1E, 0x03, 0xC3, 0xC0, 0xF8, 0x78, 0x1F, 0x0F, 0x83, 0xE1, 0xF0, 0x78, 0x1F, 0xFF,
    0x03, 0xFF, 0xC0, 0x3F, 0xF8, 0x01, 0xFC, 0x00, 0x00, 0x00, 0x00, 0xE0, 0x00, 0xF0, 0x01, 0xF0,
    0x03, 0xE2, 0x07, 0xCF, 0x07, 0x8F, 0x03, 0x0F, 0x00, 0x0F, 0x00, 0x1F, 0xF8, 0x7E, 0xF8, 0x78,
    0xF8, 0x78, 0xF8, 0x78, 0xF8, 0x78, 0xF8, 0x78, 0xF8, 0x78, 0xF8, 0x78, 0xF8, 0x78, 0x78, 0x78,
    0x7F, 0xF8, 0x7F, 0xF8, 0x7F, 0xF8, 0x3F, 0x38, 0x08, 0x00, 0x03, 0xC0, 0x00, 0x7C, 0x07, 0x0F,
    0xC1, 0xE0, 0x78, 0x1C, 0x07, 0x03, 0x80, 0x01, 0xF7, 0x80, 0xFC, 0xF0, 0x1E, 0x1E, 0x03, 0xC3,
    0xC0, 0x78, 0x78, 0x0F, 0x0F, 0x01, 0xE1, 0xE0, 0x3C, 0x3C, 0x07, 0x87, 0x80, 0xF0, 0xF0, 0x1E,
    0x1E, 0x03, 0xC3, 0xC0, 0xF8, 0x78, 0x1F, 0x0F, 0x83, 0xE1, 0xF0, 0x78, 0x1F, 0xFF, 0x03, 0xFF,
    0xC0, 0x3F, 0xF8, 0x01, 0xFC, 0x00, 0x00, 0x00, 0x18, 0x00, 0x3C, 0x00, 0x3E, 0x00, 0x1F, 0x02,
    0x0F, 0x8F, 0x07, 0x8F, 0x03, 0x0F, 0x00, 0x0F, 0x00, 0x1F, 0xF8, 0x7E, 0xF8, 0x78, 0xF8, 0x78,
    0xF8, 0x78, 0xF8, 0x78, 0xF8, 0x78, 0xF8, 0x78, 0xF8, 0x78, 0xF8, 0x78, 0x78, 0x78, 0x7F, 0xF8,
    0x7F, 0xF8, 0x7F, 0xF8, 0x3F, 0x38, 0x07, 0x80, 0x00, 0xF8, 0x08, 0x0F, 0x07, 0x00, 0xE1, 0xE0,
    0x3C, 0x1C, 0x06, 0x07, 0x80, 0x01, 0xF7, 0x80, 0xFC, 0xF0, 0x1E, 0x1E, 0x03, 0xC3, 0xC0, 0x78,
    0x78, 0x0F, 0x0F, 0x01, 0xE1, 0xE0, 0x3C, 0x3C, 0x07, 0x87, 0x80, 0xF0, 0xF0, 0x1E, 0x1E, 0x03,
    0xC3, 0xC0, 0xF8, 0x78, 0x1F, 0x0F, 0x83, 0xE1, 0xF0, 0x78, 0x1F, 0xFF, 0x03, 0xFF, 0xC0, 0x3F,
    0xF8, 0x01, 0xFC, 0x00, 0x04, 0x00, 0x0F, 0x80, 0x0F, 0x80, 0x07, 0xC2, 0x03, 0xCF, 0x07, 0x8F,
    0x07, 0x0F, 0x00, 0x0F, 0x00, 0x1F, 0xF8, 0x7E, 0xF8, 0x78, 0xF8, 0x78, 0xF8, 0x78, 0xF8, 0x78,
    0xF8, 0x78, 0xF8, 0x78, 0xF8, 0x78, 0xF8, 0x78, 0x78, 0x78, 0x7F, 0xF8, 0x7F, 0xF8, 0x7F, 0xF8,
    0x3F, 0x38, 0x0E, 0x38, 0x07, 0xFF, 0x38, 0xFF, 0xEF, 0x1D, 0xF8, 0xE3, 0x8E, 0x1C, 0x00, 0x0F,
    0xBC, 0x07, 0xE7, 0x80, 0xF0, 0xF0, 0x1E, 0x1E, 0x03, 0xC3, 0xC0, 0x78, 0x78, 0x0F, 0x0F, 0x01,
    0xE1, 0xE0, 0x3C, 0x3C, 0x07, 0x87, 0x80, 0xF0, 0xF0, 0x1E, 0x1E, 0x07, 0xC3, 0xC0, 0xF8, 0x7C,
    0x1F, 0x0F, 0x83, 0xC0, 0xFF, 0xF8, 0x1F, 0xFE, 0x01, 0xFF, 0xC0, 0x0F, 0xE0, 0x00, 0x1E, 0x70,
    0x3F, 0x72, 0x7F, 0xFF, 0x73, 0xEF, 0x71, 0xCF, 0x00, 0x0F, 0x00, 0x1F, 0xF8, 0x7E, 0xF8, 0x78,
    0xF8, 0x78, 0xF8, 0x78, 0xF8, 0x78, 0xF8, 0x78, 0xF8, 0x78, 0xF8, 0x78, 0xF8, 0x78, 0x78, 0x78,
    0x7F, 0xF8, 0x7F, 0xF8, 0x7F, 0xF8, 0x3F, 0x38, 0x00, 0x00, 0x00, 0x00, 0x38, 0x00, 0x0F, 0x00,
    0x00, 0xE0, 0x00, 0x1C, 0x00, 0x0F, 0xBC, 0x07, 0xE7, 0x80, 0xF0, 0xF0, 0x1E, 0x1E, 0x03, 0xC3,
    0xC0, 0x78, 0x78, 0x0F, 0x0F, 0x01, 0xE1, 0xE0, 0x3C, 0x3C, 0x07, 0x87, 0x80, 0xF0, 0xF0, 0x1E,
    0x1E, 0x07, 0xC3, 0xC0, 0xF8, 0x7C, 0x1F, 0x0F, 0x83, 0xC0, 0xFF, 0xF8, 0x1F, 0xFE, 0x01, 0xFF,
    0xC0, 0x0F, 0xE0, 0x00, 0x00, 0x00, 0x00, 0x00, 0x03, 0xC0, 0x00, 0x7C, 0x00, 0x0F, 0x80, 0x01,
    0xE0, 0x00, 0x00, 0x02, 0x00, 0x0F, 0x00, 0x0F, 0x00, 0x0F, 0x00, 0x0F, 0x00, 0x1F, 0xF8, 0x7E,
    0xF8, 0x78, 0xF8, 0x78, 0xF8, 0x78, 0xF8, 0x78, 0xF8, 0x78, 0xF8, 0x78, 0xF8, 0x78, 0xF8, 0x78,
    0x78, 0x78, 0x7F, 0xF8, 0x7F, 0xF8, 0x7F, 0xF8, 0x3F, 0x38, 0x00, 0x00, 0x00, 0x00, 0x07, 0x80,
    0x07, 0xC0, 0x07, 0xC0, 0x07, 0x80, 0x03, 0x00, 0x03, 0xC0, 0x01, 0xF0, 0x00, 0x7C, 0x00, 0x1E,
    0x00, 0x06, 0x00, 0x00, 0x01, 0xF0, 0x3F, 0x7C, 0x1F, 0x3E, 0x1F, 0x0F, 0x8F, 0x87, 0xCF, 0x81,
    0xF7, 0xC0, 0xFF, 0xC0, 0x3F, 0xE0, 0x0F, 0xE0, 0x07, 0xE0, 0x01, 0xF0, 0x00, 0xF8, 0x00, 0x7C,
    0x00, 0x3E, 0x00, 0x1F, 0x00, 0x0F, 0x80, 0x07, 0xC0, 0x0C, 0x00, 0x78, 0x01, 0xF0, 0x03, 0xE0,
    0x07, 0x80, 0x0C, 0x00, 0x00, 0x3E, 0x1F, 0xF8, 0x79, 0xE1, 0xE7, 0xCF, 0x9F, 0x3C, 0x3C, 0xF0,
    0xFF, 0xC3, 0xFE, 0x07, 0xF8, 0x1F, 0xE0, 0x3F, 0x00, 0xFC, 0x01, 0xE0, 0x0F, 0x81, 0x7C, 0x0F,
    0xF0, 0x3F, 0x80, 0xFC, 0x00, 0x78, 0x1F, 0x7C, 0x1E, 0x3C, 0x3E, 0x3E, 0x3C, 0x1E, 0x3C, 0x1E,
    0x7C, 0x1F, 0x78, 0x0F, 0xF8, 0x0F, 0xF0, 0x07, 0xF0, 0x07, 0xE0, 0x03, 0xE0, 0x03, 0xC0, 0x03,
    0xC0, 0x03, 0xC0, 0x03, 0xC0, 0x03, 0xC0, 0x03, 0xC0, 0x03, 0xC0, 0x00, 0x00, 0x00, 0x00, 0x03,
    0xC0, 0x03, 0xE0, 0x03, 0xE0, 0x03, 0xC0, 0xF8, 0x3C, 0xF0, 0x79, 0xE1, 0xF3, 0xE3, 0xC3, 0xC7,
    0x87, 0x8F, 0x0F, 0xBC, 0x0F, 0x78, 0x1E, 0xF0, 0x1F, 0xC0, 0x3F, 0x80, 0x7F, 0x00, 0x7C, 0x00,
    0xF8, 0x01, 0xF0, 0x03, 0xC0, 0x0F, 0xBC, 0xFE, 0x7D, 0xF8, 0xFB, 0xE1, 0xE0, 0x03, 0xC0, 0x03,
    0xE0, 0x01, 0xE0, 0x01, 0xE0, 0x01, 0xE0, 0x01, 0x80, 0x00, 0x00, 0x78, 0x1F, 0x7C, 0x1E, 0x3C,
    0x3E, 0x3E, 0x3C, 0x1E, 0x3C, 0x1E, 0x7C, 0x1F, 0x78, 0x0F, 0xF8, 0x0F, 0xF0, 0x07, 0xF0, 0x07,
    0xE0, 0x03, 0xE0, 0x03, 0xC0, 0x03, 0xC0, 0x03, 0xC0, 0x03, 0xC0, 0x03, 0xC0, 0x03, 0xC0, 0x03,
    0xC0, 0x04, 0x00, 0x0F, 0x00, 0x1F, 0x00, 0x1E, 0x00, 0x1C, 0x00, 0x78, 0x00, 0xE0, 0x00, 0x00,
    0x00, 0x01, 0xF0, 0x79, 0xE0, 0xF3, 0xC3, 0xE7, 0xC7, 0x87, 0x8F, 0x0F, 0x1E, 0x1F, 0x78, 0x1E,
    0xF0, 0x3D, 0xE0, 0x3F, 0x80, 0x7F, 0x00, 0xFE, 0x00, 0xF8, 0x01, 0xF0, 0x03, 0xE0, 0x07, 0x80,
    0x1F, 0x01, 0xFC, 0x03, 0xF0, 0x07, 0xC0, 0x00, 0x07, 0x1C, 0x1F, 0xFC, 0x1F, 0xFC, 0x1D, 0xF8,
    0x1C, 0x70, 0x00, 0x00, 0x78, 0x1F, 0x7C, 0x1E, 0x3C, 0x3E, 0x3E, 0x3C, 0x1E, 0x3C, 0x1E, 0x7C,
    0x1F, 0x78, 0x0F, 0xF8, 0x0F, 0xF0, 0x07, 0xF0, 0x07, 0xE0, 0x03, 0xE0, 0x03, 0xC0, 0x03, 0xC0,
    0x03, 0xC0, 0x03, 0xC0, 0x03, 0xC0, 0x03, 0xC0, 0x03, 0xC0, 0x1F, 0x38, 0x7F, 0xF0, 0xFF, 0xE1,
    0xDF, 0x83, 0x8E, 0x00, 0x00, 0x00, 0x00, 0x7C, 0x1E, 0x78, 0x3C, 0xF0, 0xF9, 0xF1, 0xE1, 0xE3,
    0xC3, 0xC7, 0x87, 0xDE, 0x07, 0xBC, 0x0F, 0x78, 0x0F, 0xE0, 0x1F, 0xC0, 0x3F, 0x80, 0x3E, 0x00,
    0x7C, 0x00, 0xF8, 0x01, 0xE0, 0x07, 0xC0, 0x7F, 0x00, 0xFC, 0x01, 0xF0, 0x00, 0x7D, 0xFC, 0xFE,
    0xFE, 0xFE, 0xFF, 0xFF, 0xFF, 0xFF, 0xF0, 0xFF, 0xFF, 0xFF, 0xFF, 0xFE, 0xFF, 0xFF, 0xFF, 0xFF,
    0xFF, 0xFF, 0xFF, 0xFF, 0xFF, 0xE0, 0xFF, 0xFF, 0xFF, 0xFF, 0xFF, 0xFF, 0xFF, 0xFF, 0xFF, 0xE0,
    0x44, 0x89, 0x12, 0x24, 0x48, 0x91, 0x22, 0x44, 0x89, 0x12, 0x24, 0x48, 0x91, 0x22, 0x44, 0x89,
    0x12, 0x24, 0x48, 0x91, 0x22, 0x44, 0x7B, 0xFD, 0xEF, 0x7B, 0xC0, 0x79, 0xE7, 0x9E, 0x7B, 0xCF,
    0x00, 0x79, 0xE7, 0x9E, 0x7B, 0xCF, 0x00, 0x79, 0xDE, 0xFF, 0x3F, 0xDE, 0xF7, 0xBD, 0xEF, 0x78,
    0x7B, 0xEF, 0x7D, 0xEF, 0xBD, 0xE7, 0xBD, 0xE7, 0xBC, 0xE0, 0x7B, 0xEF, 0x7D, 0xEF, 0xBD, 0xE7,
    0xBD, 0xE7, 0xBC, 0xE0, 0x0F, 0x00, 0xF0, 0x0F, 0x00, 0xF0, 0x0F, 0x0F, 0xFF, 0xFF, 0xFF, 0xFF,
    0x0F, 0x00, 0xF0, 0x0F, 0x00, 0xF0, 0x0F, 0x00, 0xF0, 0x0F, 0x00, 0xF0, 0x0F, 0x00, 0xF0, 0x0F,
    0x00, 0x70, 0x07, 0x00, 0x0F, 0x00, 0xF0, 0x0F, 0x00, 0xF0, 0x0F, 0x0F, 0xFF, 0xFF, 0xFF, 0xFF,
    0x0F, 0x00, 0xF0, 0x0F, 0x00, 0xF0, 0xFF, 0xFF, 0xFF, 0xFF, 0xF0, 0xF0, 0x0F, 0x00, 0xF0, 0x0F,
    0x00, 0x70, 0x07, 0x00, 0x3E, 0x3F, 0x9F, 0xCF, 0xE7, 0xF3, 0xF8, 0xF8, 0xF0, 0x07, 0xFC, 0x07,
    0xFE, 0x03, 0xFE, 0x00, 0xF0, 0x00, 0x00, 0x78, 0x38, 0x3D, 0xF0, 0xF8, 0x7F, 0xE1, 0xF0, 0xFF,
    0xC3, 0xE1, 0xF7, 0x83, 0x83, 0xC0, 0x7D, 0xFF, 0xFF, 0xFF, 0xEF, 0x8E, 0x00, 0x3F, 0x03, 0xC0,
    0x00, 0x3F, 0xC3, 0xE0, 0x00, 0x1E, 0xF1, 0xE0, 0x00, 0x0E, 0x79, 0xE0, 0x00, 0x07, 0x1C, 0xF0,
    0x00, 0x03, 0x9E, 0xF0, 0x00, 0x01, 0xEF, 0xF8, 0x00, 0x00, 0xFF, 0x78, 0x00, 0x00, 0x3F, 0x7D,
    0xF8, 0x7E, 0x00, 0x3D, 0xFE, 0x7F, 0x80, 0x3D, 0xEF, 0x7B, 0xC0, 0x1E, 0xF3, 0xBC, 0xE0, 0x1E,
    0x71, 0xDC, 0x70, 0x1F, 0x3C, 0xEF, 0x38, 0x0F, 0x1E, 0xF7, 0xBC, 0x0F, 0x87, 0xF9, 0xFE, 0x07,
    0x81, 0xF8, 0x7E, 0x00, 0xFF, 0xFD, 0xEF, 0x7B, 0x9C, 0xF9, 0xFF, 0x3F, 0xC7, 0xF9, 0xFF, 0x3D,
    0xE7, 0xB8, 0xF7, 0x1C, 0x78, 0x7C, 0x3E, 0x1E, 0x0E, 0x00, 0x0E, 0x1F, 0x3E, 0x7C, 0x7C, 0xF8,
    0x7C, 0x7C, 0x3E, 0x1F, 0x0E, 0x08, 0x10, 0x78, 0x78, 0x7C, 0x3E, 0x3E, 0x1F, 0x3E, 0x3E, 0x7C,
    0x78, 0x78, 0x10, 0x40, 0xE0, 0x4C, 0x3E, 0x18, 0xC7, 0xC6, 0x0C, 0x71, 0x80, 0xC0, 0x60, 0x0C,
    0x18, 0x00, 0xC6, 0x03, 0x8D, 0x8E, 0xF0, 0xE1, 0xFF, 0x1C, 0x7D, 0xC7, 0xC7, 0x01, 0x8C, 0x00,
    0x71, 0xC0, 0x1C, 0x1C, 0x07, 0x01, 0xC1, 0xC7, 0x1C, 0x71, 0xF1, 0xDC, 0x3E, 0x1B, 0x03, 0x81,
    0x00, 0x78, 0xF7, 0xC7, 0xBE, 0x3D, 0xF1, 0xE7, 0x8F, 0x3C, 0x79, 0xE3, 0xCF, 0x1E, 0x70, 0xF3,
    0x87, 0x9C, 0x1C, 0xE0, 0xE7, 0x07, 0x38, 0x38, 0x00, 0x0E, 0x0E, 0xF8, 0xFF, 0xC7, 0xFE, 0x3E,
    0xF1, 0xE0, 0x00, 0x70, 0x00, 0x13, 0x90, 0x00, 0xFF, 0x80, 0x07, 0xFC, 0x00, 0x0F, 0x80, 0x00,
    0xFE, 0x00, 0x0F, 0xF8, 0x00, 0x6E, 0xC0, 0x00, 0x70, 0x00, 0x03, 0x80, 0x03, 0x00, 0x60, 0x18,
    0x03, 0x0E, 0xD8, 0xDB, 0x7F, 0xEF, 0xFD, 0xFE, 0x3F, 0xC3, 0xC0, 0x78, 0xFF, 0xDF, 0xFF, 0x6E,
    0xED, 0xD3, 0x22, 0x64, 0x18, 0x03, 0x00, 0xC0, 0x18, 0x00, 0x00, 0x78, 0x01, 0xE0, 0x0F, 0x80,
    0x3C, 0x01, 0xF0, 0x07, 0x80, 0x3C, 0x00, 0xF0, 0x07, 0x80, 0x1E, 0x00, 0xF0, 0x03, 0xC0, 0x1E,
    0x00, 0x78, 0x03, 0xC0, 0x0F, 0x00, 0x78, 0x01, 0xE0, 0x00, 0x3F, 0x83, 0xF0, 0xFF, 0x9F, 0xF3,
    0xFF, 0x7F, 0xF3, 0x9F, 0x7B, 0xE2, 0x1E, 0x43, 0xC0, 0x3C, 0x07, 0x80, 0xF8, 0x0F, 0x03, 0xE0,
    0x3E, 0x07, 0x80, 0xF8, 0x1F, 0x01, 0xE0, 0x7C, 0x07, 0x80, 0xF0, 0x0F, 0x01, 0xE0, 0x1E, 0x03,
    0xC0, 0x38, 0x00, 0x00, 0x00, 0x0F, 0x00, 0xE0, 0x1E, 0x03, 0xE0, 0x7E, 0x07, 0xC0, 0x78, 0x0F,
    0x80, 0xF0, 0x0E, 0x00, 0x3F, 0x87, 0x9F, 0xF1, 0xEF, 0xFC, 0x79, 0xCF, 0x9E, 0x21, 0xE7, 0x80,
    0x79, 0xE0, 0x3E, 0x78, 0x1F, 0x1E, 0x07, 0x87, 0x83, 0xE1, 0xE1, 0xF0, 0x78, 0x78, 0x1E, 0x1E,
    0x07, 0x87, 0x80, 0xC0, 0x00, 0x00, 0x78, 0x1E, 0x1E, 0x07, 0x8F, 0xC3, 0xF1, 0xE0, 0x7C, 0x78,
    0x1E, 0xF8, 0x7E, 0x3E, 0x3F, 0xEF, 0x9F, 0xF9, 0xE7, 0xBF, 0x78, 0x47, 0xDE, 0x00, 0xF7, 0x80,
    0x7D, 0xE0, 0x3E, 0x70, 0x0F, 0x1C, 0x07, 0x87, 0x03, 0xE1, 0xC0, 0xF0, 0x70, 0x3C, 0x1C, 0x0F,
    0x00, 0x00, 0x01, 0xC0, 0xF0, 0xF8, 0x3C, 0x3E, 0x1F, 0x8F, 0x87, 0xC1, 0xE0, 0xF0, 0x00, 0x01,
    0xC1, 0x3B, 0x3F, 0xE7, 0xFC, 0x3E, 0x0F, 0xE3, 0xFE, 0x6E, 0xC1, 0xC0, 0x38, 0x00, 0x00, 0xE0,
    0x1C, 0x1B, 0xB3, 0xFE, 0x3F, 0x83, 0xE1, 0xFF, 0x3F, 0xE4, 0xE4, 0x1C, 0x00, 0x3E, 0x3F, 0xBD,
    0xFE, 0x7E, 0x3F, 0x1F, 0xCF, 0xEF, 0x7F, 0x1F, 0x00, 0x0F, 0x0F, 0x87, 0xC7, 0xE7, 0x73, 0xBB,
    0xFF, 0xFF, 0x07, 0x03, 0x80, 0x7F, 0x3F, 0x9C, 0x0E, 0x07, 0xE3, 0xF8, 0x3C, 0x8E, 0x7F, 0x7F,
    0x00, 0x0F, 0x1F, 0x9F, 0x8F, 0x07, 0xF7, 0xFB, 0xDE, 0xEF, 0x7F, 0x1F, 0x00, 0xFF, 0xFF, 0xC3,
    0xC1, 0xE1, 0xE0, 0xF0, 0x70, 0x78, 0x3C, 0x1E, 0x00, 0x3F, 0x3F, 0xBD, 0xEE, 0xE7, 0xF3, 0xFB,
    0xDF, 0xEF, 0xFF, 0xBF, 0x80, 0x3E, 0x3F, 0xBD, 0xDE, 0xF7, 0xFB, 0xFC, 0x1C, 0x3E, 0x7E, 0x3E,
    0x00, 0x3E, 0x3F, 0xBD, 0xFE, 0x7E, 0x3F, 0x1F, 0xCF, 0xEF, 0x7F, 0x1F, 0x00, 0x1E, 0xFD, 0xFB,
    0xF0, 0xE1, 0xC3, 0x87, 0x0E, 0x1C, 0x7E, 0x7F, 0x9B, 0xC1, 0xE1, 0xF1, 0xF1, 0xF0, 0xF0, 0x7F,
    0x7F, 0x80, 0x7E, 0xFF, 0x6F, 0x0F, 0x3E, 0x3F, 0x0F, 0x47, 0xFF, 0xFE, 0x0F, 0x0F, 0x87, 0xC7,
    0xE7, 0x73, 0xBB, 0xFF, 0xFF, 0x07, 0x03, 0x80, 0x7F, 0x3F, 0x9C, 0x0E, 0x07, 0xE3, 0xF8, 0x3C,
    0x8E, 0x7F, 0x7F, 0x00, 0x0F, 0x1F, 0x9F, 0x8F, 0x07, 0xF7, 0xFB, 0xDE, 0xEF, 0x7F, 0x1F, 0x00,
    0xFF, 0xFF, 0xC3, 0xC1, 0xE1, 0xE0, 0xF0, 0x70, 0x78, 0x3C, 0x1E, 0x00, 0x3F, 0x3F, 0xBD, 0xEE,
    0xE7, 0xF3, 0xFB, 0xDF, 0xEF, 0xFF, 0xBF, 0x80, 0x3E, 0x3F, 0xBD, 0xDE, 0xF7, 0xFB, 0xFC, 0x1C,
    0x3E, 0x7E, 0x3E, 0x00, 0x70, 0x00, 0x3C, 0x07, 0x9E, 0x73, 0xCF, 0x79, 0xE7, 0xBE, 0xE3, 0xDF,
    0x70, 0xEF, 0xB8, 0x77, 0xDC, 0x3B, 0xEE, 0x7F, 0xFF, 0xFF, 0xFF, 0xC7, 0xEF, 0xC3, 0xF7, 0xE1,
    0xFB, 0xE0, 0x7D, 0xF0, 0x3E, 0xF8, 0x1F, 0x7C, 0x0F, 0xBE, 0x07, 0x9F, 0x00, 0x00, 0xF0, 0x3F,
    0xF0, 0xFF, 0xC3, 0xFC, 0x00, 0xF0, 0x7F, 0xC3, 0xFF, 0x1F, 0xFC, 0x78, 0xF1, 0xC3, 0xC7, 0x0F,
    0x1E, 0x3C, 0x7D, 0xF1, 0xFF, 0xC3, 0xFF, 0x03, 0x98, 0x00, 0x01, 0xFF, 0xE7, 0xFF, 0x80, 0x07,
    0xF8, 0x3F, 0xE1, 0xFF, 0x87, 0xC4, 0x3E, 0x00, 0xF0, 0x0F, 0xFE, 0x3F, 0xF8, 0x7C, 0x01, 0xF0,
    0x0F, 0xFE, 0x3F, 0xF0, 0x3C, 0x00, 0xFC, 0xE1, 0xFF, 0x87, 0xFE, 0x07, 0xF8, 0xFF, 0xFF, 0xFF,
    0xFF, 0xFF, 0xC1, 0xE0, 0x07, 0xB0, 0x1F, 0xC0, 0x7F, 0x07, 0xF8, 0x3F, 0x80, 0xFF, 0xC1, 0x7F,
    0x01, 0xFC, 0x3F, 0xC0, 0xFE, 0x01, 0xF8, 0x01, 0xE0, 0x07, 0x80, 0x1F, 0xE0, 0xFF, 0xC3, 0xFF,
    0x06, 0x3E, 0xFF, 0xFF, 0xFF, 0xFF, 0xFF, 0xC3, 0xF8, 0x1F, 0x83, 0xFF, 0xFF, 0xFF, 0xFF, 0xFF,
    0x7C, 0x01, 0xF9, 0xC3, 0xFF, 0x8F, 0xFE, 0x0F, 0xF0, 0xFF, 0xFF, 0xFF, 0xFF, 0xFF, 0xC1, 0xF8,
    0x01, 0xE3, 0xFF, 0xEF, 0xFF, 0x80, 0xF8, 0x0F, 0xE3, 0xFF, 0x0F, 0xF8, 0x3F, 0xC0, 0xFC, 0x01,
    0xF8, 0x01, 0xF0, 0x03, 0xE0, 0x07, 0xC0, 0x01, 0x80, 0x00, 0x03, 0xC0, 0x00, 0x07, 0x80, 0x00,
    0x0F, 0x00, 0x00, 0x1E, 0x00, 0x00, 0x7F, 0xFF, 0xFF, 0x7F, 0xFF, 0xFF, 0x3F, 0xFF, 0xFF, 0x1F,
    0x00, 0x00, 0x0F, 0x80, 0x00, 0x07, 0xC0, 0x00, 0x03, 0xC0, 0x00, 0x01, 0x00, 0x00, 0x00, 0x00,
    0x10, 0x01, 0xC0, 0x1F, 0x01, 0xFC, 0x1F, 0xF1, 0xFF, 0xDF, 0xFF, 0x77, 0x73, 0x39, 0x81, 0xC0,
    0x0E, 0x00, 0x70, 0x03, 0x80, 0x1C, 0x00, 0xE0, 0x07, 0x00, 0x38, 0x01, 0xC0, 0x0E, 0x00, 0x70,
    0x03, 0x80, 0x1C, 0x00, 0xE0, 0x00, 0x00, 0xC0, 0x00, 0x00, 0xF0, 0x00, 0x00, 0x3C, 0x00, 0x00,
    0x0F, 0x00, 0x00, 0x03, 0xC3, 0xFF, 0xFF, 0xF9, 0xFF, 0xFF, 0xFC, 0xFF, 0xFF, 0xFC, 0x00, 0x00,
    0x7C, 0x00, 0x00, 0x7C, 0x00, 0x00, 0x7C, 0x00, 0x00, 0x3C, 0x00, 0x00, 0x04, 0x00, 0x07, 0x00,
    0x38, 0x01, 0xC0, 0x0E, 0x00, 0x70, 0x03, 0x80, 0x1C, 0x00, 0xE0, 0x07, 0x00, 0x38, 0x01, 0xC0,
    0x0E, 0x00, 0x70, 0x03, 0x81, 0x9C, 0xCE, 0xEE, 0xFF, 0xFB, 0xFF, 0x8F, 0xF8, 0x3F, 0x80, 0xF8,
    0x03, 0x80, 0x08, 0x00, 0x00, 0x01, 0x80, 0xC0, 0x01, 0xE0, 0xF0, 0x01, 0xE0, 0x3C, 0x01, 0xE0,
    0x0F, 0x01, 0xE0, 0x03, 0xC3, 0xFF, 0xFF, 0xF9, 0xFF, 0xFF, 0xFC, 0x7F, 0xFF, 0xFC, 0x1F, 0x00,
    0x7C, 0x07, 0xC0, 0x7C, 0x01, 0xF0, 0x7C, 0x00, 0x78, 0x3C, 0x00, 0x10, 0x04, 0x00, 0x00, 0x00,
    0x38, 0x01, 0xC0, 0x1F, 0x01, 0xFC, 0x1F, 0xF1, 0xFF, 0xDF, 0xFF, 0x77, 0x72, 0x38, 0x81, 0xC0,
    0x0E, 0x00, 0x70, 0x03, 0x80, 0x1C, 0x0C, 0xE6, 0x77, 0x77, 0xFF, 0xDF, 0xFC, 0x7F, 0xC1, 0xFC,
    0x07, 0xC0, 0x1C, 0x00, 0x40, 0x00, 0x00, 0x3F, 0xF0, 0x0F, 0xFC, 0x03, 0xFF, 0x00, 0xFC, 0x00,
    0x3F, 0x80, 0x0F, 0xF0, 0x03, 0xFE, 0x00, 0xF7, 0xC0, 0x3C, 0xF8, 0x06, 0x1F, 0x00, 0x03, 0xE0,
    0x00, 0x7C, 0x00, 0x0F, 0x80, 0x01, 0xF0, 0x00, 0x3E, 0x00, 0x07, 0xC0, 0x00, 0xF0, 0x00, 0x18,
    0x00, 0x7F, 0xC0, 0x3F, 0xF0, 0x0F, 0xFC, 0x00, 0xFF, 0x00, 0x1F, 0xC0, 0x0F, 0xF0, 0x07, 0xFC,
    0x03, 0xEF, 0x01, 0xF3, 0xC0, 0xF8, 0xE0, 0x7C, 0x00, 0x3E, 0x00, 0x1F, 0x00, 0x0F, 0x80, 0x07,
    0xC0, 0x01, 0xE0, 0x00, 0xF0, 0x00, 0x18, 0x00, 0x00, 0x60, 0x00, 0x3C, 0x00, 0x0F, 0x80, 0x01,
    0xF0, 0x00, 0x3E, 0x00, 0x07, 0xC0, 0x00, 0xF8, 0x00, 0x1F, 0x00, 0x03, 0xE3, 0x80, 0x7C, 0xF0,
    0x0F, 0xBC, 0x01, 0xFF, 0x00, 0x3F, 0xC0, 0x07, 0xF0, 0x03, 0xFC, 0x03, 0xFF, 0x00, 0xFF, 0xC0,
    0x3F, 0xF0, 0x00, 0x00, 0x00, 0x01, 0x80, 0x00, 0xF0, 0x00, 0x78, 0x00, 0x3E, 0x00, 0x1F, 0x00,
    0x0F, 0x80, 0x07, 0xC0, 0x03, 0xE0, 0x71, 0xF0, 0x3C, 0xF8, 0x0F, 0x7C, 0x03, 0xFE, 0x00, 0xFF,
    0x00, 0x3F, 0x80, 0x0F, 0xF0, 0x03, 0xFF, 0x00, 0xFF, 0xC0, 0x3F, 0xE0, 0x00, 0x7F, 0xFF, 0xFD,
    0xFF, 0xFF, 0xFF, 0xFF, 0xFF, 0xF8, 0x00, 0x00, 0x01, 0xE1, 0x00, 0x03, 0xFF, 0x00, 0x07, 0xFE,
    0x00, 0x07, 0xFC, 0x00, 0x0F, 0xC0, 0x00, 0x1F, 0xC0, 0x00, 0x3F, 0xC0, 0x00, 0x77, 0xC0, 0x00,
    0xE7, 0xC0, 0x01, 0xC7, 0xC0, 0x00, 0x07, 0xC0, 0x00, 0x07, 0xC0, 0x00, 0x07, 0xC0, 0x00, 0x07,
    0xC0, 0x00, 0x07, 0xC0, 0x00, 0x07, 0x80, 0x00, 0x07, 0x80, 0x00, 0x06, 0x00, 0x00, 0x00, 0x00,
    0x78, 0x70, 0x00, 0x3C, 0x78, 0x00, 0x1E, 0x78, 0x00, 0x0F, 0x78, 0x00, 0x07, 0xFF, 0xFF, 0xFB,
    0xFF, 0xFF, 0xFD, 0xFF, 0xFF, 0xFE, 0xFF, 0x80, 0x00, 0x7B, 0xE0, 0x00, 0x3C, 0xF8, 0x00, 0x1E,
    0x3C, 0x00, 0x0E, 0x0C, 0x18, 0x78, 0x00, 0x1E, 0x3C, 0x00, 0x0F, 0x9E, 0x00, 0x03, 0xEF, 0x00,
    0x00, 0xFF, 0xBF, 0xFF, 0xFF, 0xDF, 0xFF, 0xFF, 0xEF, 0xFF, 0xFF, 0xF0, 0x00, 0x0F, 0x78, 0x00,
    0x0F, 0x3C, 0x00, 0x0F, 0x1E, 0x00, 0x07, 0x0F, 0x00, 0x01, 0x00, 0x00, 0x00, 0x00, 0x40, 0x00,
    0x00, 0xF0, 0x00, 0x00, 0x7C, 0x00, 0x00, 0x1F, 0x00, 0x00, 0x07, 0xC3, 0xFF, 0xFF, 0xF1, 0xFF,
    0xFF, 0xFC, 0xFF, 0xFF, 0xFE, 0x00, 0x00, 0x3C, 0x00, 0x00, 0x3C, 0x00, 0x00, 0x3C, 0x00, 0x00,
    0x3C, 0x00, 0x18, 0x0C, 0x00, 0x1E, 0x00, 0x00, 0x1E, 0x00, 0x00, 0x1E, 0x00, 0x00, 0x1E, 0x00,
    0x00, 0x3F, 0xFF, 0xFF, 0x9F, 0xFF, 0xFF, 0xC7, 0xFF, 0xFF, 0xE1, 0xF0, 0x00, 0x00, 0x7C, 0x00,
    0x00, 0x1F, 0x00, 0x00, 0x07, 0x80, 0x00, 0x01, 0x00, 0x00, 0x00, 0x00, 0x00, 0x00, 0x0C, 0x03,
    0xC0, 0x3C, 0x07, 0x80, 0xFC, 0x0F, 0x03, 0xF8, 0x1E, 0x0F, 0xFC, 0x3C, 0x3F, 0xFC, 0x78, 0x7F,
    0xF8, 0xF0, 0xEF, 0x71, 0xE0, 0x9E, 0x43, 0xC0, 0x3C, 0x07, 0x80, 0x78, 0x0F, 0x00, 0xF0, 0x1E,
    0x01, 0xE0, 0x3C, 0x03, 0xC0, 0x78, 0x07, 0x84, 0xF2, 0x0F, 0x1D, 0xEE, 0x1E, 0x3F, 0xFC, 0x3C,
    0x3F, 0xF0, 0x78, 0x3F, 0xC0, 0xF0, 0x3F, 0x01, 0xE0, 0x3C, 0x03, 0xC0, 0x78, 0x07, 0x80, 0x60,
    0x01, 0x00, 0x00, 0x01, 0xE0, 0x00, 0x01, 0xF0, 0x00, 0x01, 0xF0, 0x00, 0x01, 0xF0, 0x00, 0x01,
    0xFF, 0xFF, 0xF9, 0xFF, 0xFF, 0xFC, 0xFF, 0xFF, 0xFE, 0x1E, 0x00, 0x00, 0x07, 0x80, 0x00, 0x01,
    0xE0, 0x00, 0x00, 0x78, 0x00, 0x00, 0x38, 0x0C, 0x00, 0x00, 0x0F, 0x00, 0x00, 0x03, 0xC0, 0x00,
    0x00, 0xF0, 0x00, 0x00, 0x3C, 0x3F, 0xFF, 0xFF, 0x9F, 0xFF, 0xFF, 0xCF, 0xFF, 0xFF, 0xC0, 0x00,
    0x07, 0xC0, 0x00, 0x07, 0xC0, 0x00, 0x07, 0xC0, 0x00, 0x03, 0xC0, 0x00, 0x00, 0x40, 0x00, 0x01,
    0x00, 0x00, 0x00, 0xE0, 0x00, 0x00, 0xF0, 0x00, 0x00, 0xF0, 0x00, 0x00, 0xF0, 0x00, 0x00, 0xFF,
    0xFF, 0xF8, 0xFF, 0xFF, 0xFC, 0xFF, 0xFF, 0xFE, 0x00, 0x00, 0x00, 0x00, 0x00, 0x00, 0x00, 0x00,
    0x00, 0x00, 0x00, 0x00, 0x00, 0x00, 0x00, 0x00, 0x00, 0x00, 0x00, 0x00, 0x00, 0x00, 0xFF, 0xFF,
    0xFE, 0x7F, 0xFF, 0xFE, 0x3F, 0xFF, 0xFE, 0x00, 0x00, 0x1E, 0x00, 0x00, 0x1E, 0x00, 0x00, 0x1E,
    0x00, 0x00, 0x0E, 0x00, 0x00, 0x03, 0x00, 0x00, 0x00, 0x40, 0x00, 0x00, 0xE0, 0x00, 0x00, 0x78,
    0x00, 0x00, 0x1E, 0x00, 0x00, 0x07, 0x83, 0xFF, 0xFF, 0xE1, 0xFF, 0xFF, 0xF8, 0xFF, 0xFF, 0xFE,
    0x00, 0x00, 0x00, 0x00, 0x00, 0x00, 0x00, 0x00, 0x00, 0x00, 0x00, 0x00, 0x00, 0x00, 0x00, 0x00,
    0x00, 0x00, 0x00, 0x00, 0x00, 0x00, 0xFF, 0xFF, 0xFE, 0x3F, 0xFF, 0xFF, 0x0F, 0xFF, 0xFF, 0x83,
    0xC0, 0x00, 0x00, 0xF0, 0x00, 0x00, 0x3C, 0x00, 0x00, 0x0E, 0x00, 0x00, 0x04, 0x00, 0x00, 0x00,
    0x40, 0x00, 0x00, 0xE0, 0x00, 0x01, 0xE0, 0x00, 0x03, 0xC0, 0x00, 0x07, 0xFF, 0xFF, 0x07, 0xFF,
    0xFF, 0x0F, 0xFF, 0xFF, 0x3E, 0x00, 0x00, 0x7C, 0x00, 0x00, 0xF8, 0x00, 0x00, 0x7C, 0x00, 0x00,
    0x3E, 0x00, 0x00, 0x1F, 0xFF, 0xFF, 0x07, 0xFF, 0xFF, 0x07, 0xFF, 0xFF, 0x03, 0xC0, 0x00, 0x01,
    0xE0, 0x00, 0x00, 0xE0, 0x00, 0x00, 0xC0, 0x00, 0x00, 0x01, 0x00, 0x00, 0x01, 0xC0, 0x00, 0x00,
    0xF0, 0x00, 0x00, 0x3C, 0x07, 0xFF, 0xFF, 0x03, 0xFF, 0xFF, 0x81, 0xFF, 0xFF, 0xE0, 0x00, 0x00,
    0x7C, 0x00, 0x00, 0x1F, 0x00, 0x00, 0x07, 0xC0, 0x00, 0x07, 0xC0, 0x00, 0x07, 0xC7, 0xFF, 0xFF,
    0x83, 0xFF, 0xFF, 0x81, 0xFF, 0xFF, 0xC0, 0x00, 0x03, 0xC0, 0x00, 0x03, 0xC0, 0x00, 0x01, 0xC0,
    0x00, 0x00, 0x40, 0x00, 0x01, 0x80, 0xC0, 0x00, 0xE0, 0xE0, 0x00, 0xF0, 0x78, 0x00, 0x70, 0x1C,
    0x00, 0x7F, 0xFF, 0x00, 0x7F, 0xFF, 0xC0, 0x7F, 0xFF, 0xF0, 0x78, 0x00, 0x7C, 0x7C, 0x00, 0x1F,
    0x7C, 0x00, 0x07, 0xDF, 0x00, 0x07, 0xC7, 0x80, 0x07, 0xC1, 0xFF, 0xFF, 0xC0, 0x7F, 0xFF, 0xC0,
    0x1F, 0xFF, 0xC0, 0x0F, 0x01, 0xC0, 0x03, 0xC1, 0xE0, 0x00, 0xE0, 0xE0, 0x00, 0x60, 0x30, 0x00,
    0x00, 0x20, 0x00, 0x00, 0x60, 0x00, 0x00, 0xE0, 0x00, 0x01, 0xE0, 0x00, 0x03, 0x60, 0x00, 0x06,
    0x7F, 0xFF, 0x0C, 0x00, 0x03, 0x18, 0x00, 0x03, 0x70, 0x00, 0x03, 0x60, 0x00, 0x03, 0x70, 0x00,
    0x03, 0x18, 0x00, 0x03, 0x0C, 0x00, 0x03, 0x06, 0x7F, 0xFF, 0x03, 0x60, 0x00, 0x01, 0xE0, 0x00,
    0x00, 0xE0, 0x00, 0x00, 0x60, 0x00, 0x00, 0x20, 0x00, 0x00, 0x40, 0x00, 0x1C, 0x00, 0x07, 0xC0,
    0x00, 0xD8, 0x00, 0x31, 0x80, 0x0C, 0x18, 0x03, 0x83, 0x80, 0xE0, 0x38, 0x18, 0x03, 0x06, 0x00,
    0x31, 0xF8, 0x3F, 0x03, 0x06, 0x00, 0x60, 0xC0, 0x0C, 0x18, 0x01, 0x83, 0x00, 0x30, 0x60, 0x06,
    0x0C, 0x00, 0xC1, 0x80, 0x18, 0x30, 0x03, 0x06, 0x00, 0x60, 0xC0, 0x0C, 0x18, 0x01, 0x83, 0x00,
    0x3F, 0xE0, 0x00, 0x00, 0x00, 0x00, 0x00, 0x00, 0x00, 0x06, 0x00, 0x00, 0x07, 0x00, 0x00, 0x07,
    0x80, 0x00, 0x06, 0xC0, 0xFF, 0xFE, 0x60, 0xC0, 0x00, 0x30, 0xC0, 0x00, 0x18, 0xC0, 0x00, 0x0E,
    0xC0, 0x00, 0x06, 0xC0, 0x00, 0x0E, 0xC0, 0x00, 0x18, 0xC0, 0x00, 0x30, 0xFF, 0xFE, 0x60, 0x00,
    0x06, 0xC0, 0x00, 0x07, 0x80, 0x00, 0x07, 0x00, 0x00, 0x06, 0x00, 0x00, 0x04, 0x00, 0x00, 0x00,
    0x00, 0xFF, 0x80, 0x18, 0x30, 0x03, 0x06, 0x00, 0x60, 0xC0, 0x0C, 0x18, 0x01, 0x83, 0x00, 0x30,
    0x60, 0x06, 0x0C, 0x00, 0xC1, 0x80, 0x18, 0x30, 0x03, 0x06, 0x00, 0x60, 0xC0, 0x0C, 0x18, 0x1F,
    0x83, 0xF1, 0x80, 0x0C, 0x18, 0x03, 0x03, 0x80, 0xE0, 0x38, 0x38, 0x03, 0x06, 0x00, 0x31, 0x80,
    0x03, 0x60, 0x00, 0x7C, 0x00, 0x07, 0x00, 0x00, 0x40, 0x00, 0x00, 0x00, 0x00, 0x1E, 0x01, 0x80,
    0x3C, 0x07, 0x80, 0x78, 0x1F, 0x80, 0xF0, 0x7F, 0x01, 0xE1, 0xFF, 0x83, 0xC7, 0xFF, 0x87, 0x8F,
    0xFF, 0x0F, 0x1D, 0xEE, 0x1E, 0x13, 0xC8, 0x3C, 0x07, 0x80, 0x78, 0x0F, 0x00, 0xF0, 0x1E, 0x01,
    0xE0, 0x3C, 0x03, 0xC0, 0x78, 0x27, 0x90, 0xF0, 0xEF, 0x71, 0xE1, 0xFF, 0xE3, 0xC1, 0xFF, 0x87,
    0x81, 0xFE, 0x0F, 0x01, 0xF8, 0x1E, 0x01, 0xE0, 0x3C, 0x03, 0xC0, 0x78, 0x03, 0x00, 0xF0, 0x20,
    0x00, 0x23, 0x80, 0x03, 0x9C, 0x00, 0x1C, 0xF0, 0x01, 0xE3, 0x80, 0x0E, 0x1E, 0x00, 0xF0, 0x7F,
    0xFF, 0x03, 0xFF, 0xF8, 0x0F, 0xFF, 0x80, 0x78, 0x3C, 0x01, 0xC3, 0xC0, 0x0F, 0x1E, 0x00, 0x38,
    0xE0, 0x01, 0xEF, 0x00, 0x07, 0xF0, 0x00, 0x3F, 0x80, 0x00, 0xF8, 0x00, 0x07, 0xC0, 0x00, 0x1C,
    0x00, 0x00, 0xE0, 0x00, 0x02, 0x00, 0x00, 0x1F, 0xC0, 0x7F, 0xE0, 0x7F, 0xE0, 0xCF, 0xC0, 0x07,
    0xC0, 0x07, 0x83, 0xFF, 0x0F, 0xFE, 0x3F, 0xFC, 0xFC, 0xF9, 0xE0, 0xF3, 0xC1, 0xE7, 0x83, 0xCF,
    0x0F, 0x9F, 0x3E, 0x3F, 0xFC, 0x3F, 0xF0, 0x3F, 0x80, 0xFF, 0xFF, 0xFF, 0xFF, 0xFF, 0xFF, 0xE0,
    0x00, 0xF0, 0x00, 0x78, 0x00, 0x3C, 0x00, 0x1E, 0x00, 0x0F, 0xFF, 0xFF, 0xFF, 0xFF, 0xFF, 0xFF,
    0xE0, 0x00, 0xF0, 0x00, 0x78, 0x00, 0x3C, 0x00, 0x1E, 0x00, 0x0F, 0xFF, 0xFF, 0xFF, 0xFF, 0xFF,
    0xFF, 0xE0, 0x03, 0xF8, 0x01, 0xFF, 0xF8, 0x7F, 0xFF, 0x1F, 0x07, 0xE7, 0xC0, 0xFC, 0xF0, 0x3F,
    0xBC, 0x0F, 0xFF, 0x03, 0xEF, 0xE0, 0xF8, 0xFC, 0x3E, 0x1F, 0x8F, 0x83, 0xF3, 0xE0, 0xFF, 0xF8,
    0x1E, 0xFE, 0x07, 0x9F, 0x81, 0xF3, 0xF0, 0x7C, 0x7F, 0xFF, 0x0F, 0xFF, 0xC0, 0x0F, 0xE0, 0x00,
    0x03, 0xE0, 0x00, 0xF8, 0x00, 0x7F, 0x00, 0x1F, 0xC0, 0x07, 0xF8, 0x03, 0xFE, 0x00, 0xF7, 0xC0,
    0x7D, 0xF0, 0x1E, 0x3C, 0x07, 0x8F, 0x83, 0xE3, 0xE0, 0xF0, 0x7C, 0x7C, 0x1F, 0x1F, 0x03, 0xC7,
    0xFF, 0xFB, 0xFF, 0xFE, 0xFF, 0xFF, 0x80, 0x00, 0x00, 0x1F, 0xFF, 0xFF, 0xFF, 0xFF, 0xFF, 0xFF,
    0xF7, 0x80, 0x3C, 0xF8, 0x0F, 0x9F, 0x01, 0xF1, 0xE0, 0x3C, 0x3E, 0x0F, 0x83, 0xC1, 0xE0, 0x78,
    0x7C, 0x0F, 0x8F, 0x80, 0xF1, 0xE0, 0x1E, 0x7C, 0x01, 0xEF, 0x00, 0x3D, 0xE0, 0x07, 0xFC, 0x00,
    0x7F, 0x00, 0x0F, 0xE0, 0x00, 0xF8, 0x00, 0x07, 0xFF, 0xE3, 0xFF, 0xFC, 0xFF, 0xFF, 0xBE, 0x00,
    0x07, 0x80, 0x01, 0xE0, 0x00, 0x38, 0x00, 0x07, 0xFF, 0xFF, 0xFF, 0xFF, 0xFF, 0xFF, 0xFF, 0x80,
    0x00, 0x78, 0x00, 0x07, 0x80, 0x00, 0xF8, 0x00, 0x0F, 0xFF, 0xF8, 0xFF, 0xFF, 0x07, 0xFF, 0xE0,
    0x00, 0x60, 0x00, 0x1E, 0x00, 0x03, 0xC0, 0x03, 0xFF, 0xF1, 0xFF, 0xFE, 0x7F, 0xFF, 0xDF, 0x3C,
    0x03, 0xC7, 0x80, 0xF0, 0xF0, 0x1C, 0x1E, 0x03, 0xFF, 0xFF, 0xFF, 0xFF, 0xFF, 0xFF, 0xFF, 0xC1,
    0xE0, 0x3C, 0x3C, 0x03, 0xC7, 0x80, 0x7C, 0xF0, 0x07, 0xFF, 0xFC, 0x7F, 0xFF, 0x83, 0xFF, 0xF0,
    0x0F, 0x00, 0x01, 0xE0, 0x00, 0x18, 0x00, 0x03, 0xF0, 0x7F, 0xCF, 0xFE, 0x7E, 0x67, 0xC0, 0x7C,
    0x03, 0xE0, 0x1F, 0xFC, 0xFF, 0xE7, 0xFE, 0x3C, 0x01, 0xF0, 0x07, 0xE6, 0x3F, 0xF0, 0xFF, 0x81,
    0xFC, 0xFF, 0xFC, 0x1F, 0xFF, 0xE3, 0xFF, 0xFE, 0x00, 0x03, 0xE0, 0x00, 0x3C, 0x00, 0x03, 0xC0,
    0x00, 0x3F, 0xFF, 0xFF, 0xFF, 0xFF, 0xFF, 0xFF, 0xFC, 0x00, 0x03, 0x80, 0x00, 0xF0, 0x00, 0x3C,
    0x00, 0x0F, 0xBF, 0xFF, 0xE7, 0xFF, 0xF8, 0xFF, 0xFC, 0x00, 0xFF, 0xFF, 0xFF, 0xFF, 0xFF, 0xFF,
    0x81, 0xFF, 0x03, 0xFE, 0x07, 0xFC, 0x0F, 0xF8, 0x1F, 0xF0, 0x3F, 0xE0, 0x7F, 0xC0, 0xFF, 0x81,
    0xFF, 0x03, 0xFE, 0x07, 0xFC, 0x0F, 0xF8, 0x1F, 0xF0, 0x3F, 0xE0, 0x7F, 0xC0, 0xFF, 0x81, 0xFF,
    0x03, 0xE0, 0xFF, 0xFB, 0xFF, 0xEF, 0xFF, 0x9F, 0x00, 0x3E, 0x00, 0xF8, 0x01, 0xF0, 0x03, 0xE0,
    0x0F, 0x80, 0x1F, 0x00, 0xFC, 0x03, 0xE0, 0x1F, 0x00, 0xFC, 0x03, 0xE0, 0x1F, 0x00, 0x7C, 0x03,
    0xFF, 0xEF, 0xFF, 0xBF, 0xFE, 0xFF, 0xFF, 0xFF, 0xFF, 0xF0, 0xFF, 0xFF, 0xFF, 0xFF, 0xFF, 0xFF,
    0xFF, 0x80, 0x00, 0x00, 0x00, 0x00, 0x01, 0xC0, 0x00, 0x38, 0x00, 0x07, 0x00, 0x00, 0xE0, 0x00,
    0x1C, 0x00, 0x03, 0x80, 0x7F, 0xFF, 0xFF, 0xFF, 0xFF, 0xFF, 0xFF, 0xC0, 0x38, 0x00, 0x07, 0x00,
    0x00, 0xE0, 0x00, 0x1C, 0x00, 0x03, 0x80, 0x00, 0x70, 0x00, 0x0E, 0x00, 0x00, 0x78, 0x01, 0xE0,
    0x0F, 0x80, 0x3C, 0x01, 0xF0, 0x07, 0x80, 0x3C, 0x00, 0xF0, 0x07, 0x80, 0x1E, 0x00, 0xF0, 0x03,
    0xC0, 0x1E, 0x00, 0x78, 0x03, 0xC0, 0x0F, 0x00, 0x78, 0x01, 0xE0, 0x00, 0x79, 0xFF, 0xDF, 0x78,
    0x00, 0x0F, 0x00, 0x0F, 0x00, 0x1E, 0x00, 0x1E, 0x00, 0x1E, 0x00, 0x3C, 0x00, 0x3C, 0x00, 0x3C,
    0x1C, 0x78, 0x7E, 0x78, 0x7E, 0x78, 0x7F, 0xF0, 0x7F, 0xF0, 0x0F, 0xF0, 0x07, 0xE0, 0x07, 0xE0,
    0x03, 0xE0, 0x03, 0xC0, 0x1F, 0x80, 0xFC, 0xFF, 0x8F, 0xE7, 0xFF, 0x7F, 0x9C, 0x3F, 0xE0, 0x70,
    0x7F, 0x03, 0xC0, 0xF8, 0x07, 0x07, 0xF0, 0x1C, 0x3F, 0xE0, 0x7F, 0xF7, 0xF8, 0xFF, 0x8F, 0xE1,
    0xF8, 0x1F, 0xC0, 0x3E, 0x7C, 0x7F, 0xFE, 0x7F, 0xFE, 0xF7, 0xEE, 0xF7, 0xEE, 0x7F, 0xFE, 0x7F,
    0xFE, 0x3E, 0x7C, 0x00, 0x00, 0x0E, 0x00, 0x01, 0xC0, 0x00, 0x38, 0x00, 0x07, 0x00, 0x00, 0xE0,
    0x00, 0x1C, 0x00, 0x03, 0x80, 0x00, 0x70, 0x00, 0x0E, 0x00, 0x01, 0xC0, 0x00, 0x38, 0x00, 0x07,
    0x00, 0x00, 0xE0, 0x00, 0x1C, 0x00, 0x03, 0x80, 0x00, 0x70, 0x00, 0x0F, 0xFF, 0xFD, 0xFF, 0xFF,
    0xBF, 0xFF, 0xF0, 0x00, 0x00, 0x80, 0x00, 0x0E, 0x00, 0x00, 0xF8, 0x00, 0x0F, 0x80, 0x00, 0xF8,
    0x00, 0x0F, 0x80, 0x00, 0xF8, 0x00, 0x0F, 0x80, 0x00, 0xF8, 0x00, 0x07, 0x80, 0x00, 0x78, 0x00,
    0x07, 0x80, 0x00, 0x78, 0x00, 0x07, 0x80, 0x00, 0x78, 0x00, 0x07, 0xFF, 0xFF, 0x7F, 0xFF, 0xFF,
    0xFF, 0xFF, 0x80, 0xFF, 0xFF, 0xFF, 0xFF, 0xFF, 0xFF, 0xFC, 0x00, 0xC0, 0x00, 0x70, 0x00, 0x78,
    0x00, 0x38, 0xE0, 0x3C, 0x70, 0x1C, 0x78, 0x1E, 0x38, 0x0E, 0x3C, 0x0F, 0x1C, 0x07, 0x1E, 0x07,
    0x8E, 0x03, 0x8F, 0x03, 0xC7, 0x01, 0xC7, 0x81, 0xE3, 0x80, 0xE3, 0xC0, 0x71, 0xC0, 0x11, 0xE0,
    0x00, 0xE0, 0x00, 0x70, 0x00, 0x00, 0xC0, 0x00, 0x70, 0x00, 0x78, 0x01, 0x38, 0xE1, 0xFC, 0x70,
    0xFC, 0x78, 0x7E, 0x38, 0x1E, 0x3C, 0x0F, 0x9C, 0x07, 0xFE, 0x07, 0xFE, 0x03, 0xBF, 0x03, 0xCF,
    0x81, 0xC7, 0xC1, 0xE3, 0xF0, 0xE3, 0xF8, 0x71, 0xC8, 0x11, 0xE0, 0x00, 0xE0, 0x00, 0x70, 0x00,
    0x00, 0x20, 0x00, 0x03, 0x80, 0x00, 0x1C, 0x00, 0x01, 0xF0, 0x00, 0x0F, 0x80, 0x00, 0xFE, 0x00,
    0x07, 0xF0, 0x00, 0x7B, 0xC0, 0x03, 0x8E, 0x00, 0x3C, 0x78, 0x01, 0xC1, 0xC0, 0x1E, 0x0F, 0x00,
    0xE0, 0x38, 0x0F, 0x01, 0xE0, 0x70, 0x07, 0x07, 0x80, 0x3C, 0x38, 0x00, 0xE3, 0xC0, 0x07, 0x9C,
    0x00, 0x1C, 0xE0, 0x00, 0xE0, 0x70, 0x00, 0x73, 0x80, 0x03, 0x9E, 0x00, 0x3C, 0x70, 0x01, 0xC3,
    0xC0, 0x1E, 0x0E, 0x00, 0xE0, 0x78, 0x0F, 0x01, 0xC0, 0x70, 0x0F, 0x07, 0x80, 0x38, 0x38, 0x01,
    0xE3, 0xC0, 0x07, 0x1C, 0x00, 0x3D, 0xE0, 0x00, 0xFE, 0x00, 0x07, 0xF0, 0x00, 0x1F, 0x00, 0x00,
    0xF8, 0x00, 0x03, 0x80, 0x00, 0x1C, 0x00, 0x00, 0x40, 0x00, 0x03, 0xE0, 0x07, 0xFC, 0x07, 0xFF,
    0x07, 0xEF, 0xC7, 0xC1, 0xF3, 0xC0, 0x7B, 0xC0, 0x1D, 0xE0, 0x0F, 0xE0, 0x03, 0xF0, 0x01, 0xF8,
    0x00, 0xFC, 0x00, 0x7E, 0x00, 0x3F, 0x00, 0x1F, 0x80, 0x0F, 0xC0, 0x07, 0xE0, 0x03, 0xF0, 0x01,
    0xF8, 0x00, 0xFC, 0x00, 0x70, 0x00, 0x00, 0x00, 0x00, 0x70, 0x01, 0xF8, 0x00, 0xFC, 0x00, 0x7E,
    0x00, 0x3F, 0x00, 0x1F, 0x80, 0x0F, 0xC0, 0x07, 0xE0, 0x03, 0xF0, 0x01, 0xF8, 0x00, 0xFC, 0x00,
    0x7E, 0x00, 0x3F, 0x80, 0x3F, 0xC0, 0x1E, 0xF0, 0x1E, 0x78, 0x1F, 0x1F, 0xBF, 0x07, 0xFF, 0x01,
    0xFF, 0x00, 0x3E, 0x00, 0x00, 0x01, 0xF0, 0xFC, 0x7F, 0x1F, 0x07, 0x81, 0xE0, 0x78, 0x1E, 0x07,
    0x81, 0xE0, 0x78, 0x1E, 0x07, 0x81, 0xE0, 0x78, 0x1E, 0x07, 0x81, 0xE0, 0x78, 0x3E, 0x3F, 0x8F,
    0xC3, 0xE0, 0x00, 0x00, 0x03, 0xE0, 0xF8, 0x3F, 0x0F, 0xC3, 0xF8, 0xFC, 0x1F, 0x07, 0x80, 0xF0,
    0x3C, 0x07, 0x81, 0xC0, 0x3C, 0x0E, 0x01, 0xC0, 0xF0, 0x0E, 0x07, 0x80, 0x70, 0x3C, 0x03, 0x81,
    0xE0, 0x1C, 0x0F, 0x00, 0xE0, 0x78, 0x07, 0x03, 0xC0, 0x38, 0x1E, 0x01, 0xC0, 0xF0, 0x0E, 0x07,
    0x80, 0x70, 0x3C, 0x03, 0x81, 0xE0, 0x3C, 0x0F, 0x01, 0xE0, 0x78, 0x0F, 0x07, 0xC1, 0xF8, 0xFE,
    0x1F, 0x87, 0xE0, 0xF8, 0x3E, 0x00, 0x03, 0xE7, 0xCF, 0x83, 0xF7, 0xEF, 0xC3, 0xFF, 0xFF, 0xC1,
    0xF3, 0xE7, 0xC0, 0xF1, 0xE3, 0xC0, 0x78, 0xF1, 0xE0, 0x38, 0x70, 0xE0, 0x1C, 0x38, 0x70, 0x0E,
    0x1C, 0x38, 0x07, 0x0E, 0x1C, 0x03, 0x87, 0x0E, 0x01, 0xC3, 0x87, 0x00, 0xE1, 0xC3, 0x80, 0x70,
    0xE1, 0xC0, 0x38, 0x70, 0xE0, 0x1C, 0x38, 0x70, 0x0E, 0x1C, 0x38, 0x07, 0x0E, 0x1C, 0x03, 0x87,
    0x1E, 0x03, 0xC7, 0x8F, 0x01, 0xE3, 0xC7, 0x81, 0xF3, 0xE7, 0xC3, 0xFF, 0xFF, 0xE1, 0xFB, 0xF7,
    0xE0, 0xF9, 0xF3, 0xE0, 0x00, 0x03, 0xE0, 0xFC, 0x3F, 0x87, 0xC0, 0xF0, 0x1E, 0x03, 0x80, 0x70,
    0x3F, 0x8F, 0xF9, 0xBB, 0x37, 0x66, 0xEC, 0xDD, 0x9B, 0xB3, 0xFE, 0x3F, 0x81, 0xC0, 0x38, 0x0F,
    0x01, 0xE0, 0x7C, 0x3F, 0x87, 0xE0, 0xF8, 0x00, 0x00, 0x80, 0x01, 0xF0, 0x00, 0xF8, 0x00, 0x7C,
    0x00, 0x1C, 0x00, 0x00, 0x00, 0x00, 0x00, 0x00, 0x00, 0x00, 0x00, 0x00, 0x00, 0x00, 0x00, 0x00,
    0x00, 0x07, 0x00, 0x77, 0xC0, 0x7F, 0xE0, 0x3F, 0xE0, 0x1F, 0x60, 0x03, 0x00, 0x20, 0x02, 0x78,
    0x03, 0xFE, 0x03, 0xFF, 0x01, 0xF7, 0x00, 0x70, 0x00, 0x00, 0x00, 0x00, 0x00, 0x00, 0x00, 0x00,
    0x00, 0x00, 0x00, 0x00, 0x00, 0x00, 0x00, 0x1C, 0x00, 0x1F, 0x00, 0x0F, 0x80, 0x07, 0xC0, 0x00,
    0x80, 0x00, 0x27, 0xFF, 0xF7, 0x00, 0x00, 0x00, 0x00, 0x07, 0x7F, 0xFF, 0x20, 0x20, 0x02, 0x78,
    0x03, 0xFE, 0x03, 0xFF, 0x01, 0xF7, 0x00, 0x70, 0x00, 0x00, 0x00, 0x00, 0x00, 0x00, 0x00, 0x00,
    0x00, 0x00, 0x00, 0x00, 0x00, 0x00, 0x07, 0x00, 0x77, 0xC0, 0x7F, 0xE0, 0x3F, 0xE0, 0x1F, 0x60,
    0x03, 0x00, 0x1F, 0x80, 0xFC, 0x1F, 0x81, 0xFF, 0x1F, 0xC1, 0xFF, 0xCE, 0x01, 0xF0, 0xE7, 0x01,
    0xF0, 0x77, 0x81, 0xF0, 0x3D, 0xC1, 0xF0, 0x1C, 0xE1, 0xF0, 0x0E, 0x7F, 0xF0, 0x7F, 0x1F, 0xF0,
    0x3F, 0x07, 0xE0, 0x3F, 0x00, 0x0F, 0x00, 0x87, 0xF8, 0x39, 0xFF, 0x8F, 0xBF, 0xFF, 0xEF, 0x0F,
    0xF8, 0xC0, 0x7E, 0x00, 0x00, 0x00, 0x00, 0x00, 0x00, 0x00, 0x1F, 0xFF, 0xFF, 0xFF, 0xFF, 0xFF,
    0xFF, 0xF0, 0x0F, 0x00, 0x87, 0xF8, 0x3D, 0xFF, 0x87, 0xFD, 0xFF, 0xEF, 0x0F, 0xF8, 0xC0, 0xFE,
    0x00, 0x07, 0x80, 0x00, 0x00, 0xFF, 0xFF, 0xFF, 0xFF, 0xFF, 0xFF, 0xFF, 0x80, 0x00, 0x0F, 0xFF,
    0xFF, 0xFF, 0xFF, 0xFF, 0xFF, 0xF8, 0x3E, 0x1D, 0xFE, 0xF7, 0xFF, 0xBD, 0xFE, 0x71, 0xF0, 0x00,
    0x03, 0xE1, 0xDF, 0xEF, 0x7F, 0xFB, 0xDF, 0xE7, 0x1F, 0x00, 0x0F, 0x00, 0x78, 0x1F, 0xC0, 0xFF,
    0x1F, 0xC1, 0xFF, 0x8F, 0x01, 0xF9, 0xE7, 0x00, 0xF0, 0x77, 0x80, 0xF0, 0x3F, 0xC0, 0xF0, 0x1E,
    0xE0, 0xF0, 0x0E, 0x79, 0xF8, 0x0F, 0x3F, 0xF8, 0x3F, 0x8F, 0xF0, 0x3F, 0x81, 0xE0, 0x0F, 0x00,
    0x00, 0x00, 0x00, 0xFF, 0xFF, 0xE0, 0x7F, 0xFF, 0xF0, 0x3F, 0xFF, 0xF8, 0x00, 0x00, 0x00, 0x00,
    0x00, 0x00, 0x07, 0xFF, 0xFF, 0x03, 0xFF, 0xFF, 0x81, 0xFF, 0xFF, 0xC0, 0x00, 0xC0, 0x1E, 0x01,
    0xCF, 0xFF, 0xFF, 0xFF, 0xFF, 0x07, 0x00, 0xF0, 0xFF, 0xFF, 0xFF, 0xFF, 0xF3, 0x80, 0x78, 0x03,
    0x00, 0xFF, 0xFF, 0xDF, 0xFF, 0xFF, 0xFF, 0xFF, 0x80, 0x00, 0x00, 0x00, 0x00, 0x00, 0x00, 0x3F,
    0xFF, 0xF7, 0xFF, 0xFF, 0xFF, 0xFF, 0xE0, 0x00, 0x00, 0x00, 0x00, 0x00, 0x00, 0x0F, 0xFF, 0xFF,
    0xFF, 0xFF, 0xFF, 0xFF, 0xF8, 0x00, 0x10, 0x00, 0x03, 0x80, 0x00, 0xF0, 0x7F, 0xFF, 0xEF, 0xFF,
    0xFF, 0xFF, 0xFF, 0xC0, 0x1C, 0x00, 0x03, 0x80, 0xFF, 0xFF, 0xDF, 0xFF, 0xFF, 0xFF, 0xFF, 0x80,
    0xF0, 0x00, 0x1C, 0x01, 0xFF, 0xFF, 0xFF, 0xFF, 0xFF, 0xFF, 0xFF, 0x07, 0x80, 0x00, 0xE0, 0x00,
    0x0C, 0x00, 0x00, 0x01, 0xF3, 0xFF, 0xFF, 0xFF, 0xFF, 0xFF, 0xEF, 0xC0, 0xFF, 0xEF, 0xFF, 0xFF,
    0xF3, 0xFF, 0x01, 0xF0, 0x00, 0xFF, 0xFF, 0xFF, 0xFF, 0xF0, 0x78, 0x0F, 0xFC, 0xFF, 0xFF, 0xFF,
    0x3F, 0xF0, 0x3F, 0x7F, 0xFF, 0xFF, 0xFF, 0xFF, 0xFC, 0x78, 0x00, 0x00, 0xFF, 0xFF, 0xFF, 0xFF,
    0xF0, 0x00, 0x00, 0x30, 0x00, 0x0F, 0x80, 0x01, 0xFC, 0x00, 0x7F, 0xC0, 0x0F, 0xF8, 0x03, 0xFE,
    0x00, 0x7F, 0xC0, 0x1F, 0xF0, 0x00, 0x7F, 0xC0, 0x00, 0x7F, 0xC0, 0x00, 0xFF, 0x80, 0x00, 0xFF,
    0x80, 0x01, 0xFF, 0x00, 0x01, 0xF8, 0x00, 0x03, 0xC0, 0x00, 0x00, 0x7F, 0xFF, 0xF3, 0xFF, 0xFF,
    0x9F, 0xFF, 0xFC, 0x00, 0x00, 0x00, 0x00, 0x00, 0x3F, 0xFF, 0xF9, 0xFF, 0xFF, 0xCF, 0xFF, 0xFE,
    0x60, 0x00, 0x03, 0xE0, 0x00, 0x1F, 0xC0, 0x00, 0x7F, 0xC0, 0x00, 0xFF, 0x80, 0x00, 0xFF, 0x80,
    0x01, 0xFF, 0x00, 0x01, 0xFE, 0x00, 0x1F, 0xF0, 0x07, 0xFC, 0x00, 0xFF, 0x80, 0x3F, 0xE0, 0x07,
    0xFC, 0x00, 0x3F, 0x00, 0x01, 0xE0, 0x00, 0x00, 0x00, 0x00, 0x7F, 0xFF, 0xF3, 0xFF, 0xFF, 0x9F,
    0xFF, 0xFC, 0x00, 0x00, 0x00, 0x00, 0x00, 0x3F, 0xFF, 0xF9, 0xFF, 0xFF, 0xCF, 0xFF, 0xFE, 0x00,
    0x06, 0x03, 0x00, 0x07, 0x87, 0x80, 0x0F, 0x87, 0xC0, 0x0F, 0x8F, 0x80, 0x0F, 0x8F, 0x80, 0x1F,
    0x1F, 0x00, 0x1F, 0x1F, 0x00, 0x3E, 0x1F, 0x00, 0x3E, 0x3E, 0x00, 0x3C, 0x3E, 0x00, 0x1F, 0x1F,
    0x00, 0x03, 0xE3, 0xE0, 0x00, 0xF8, 0xF8, 0x00, 0x3E, 0x1F, 0x00, 0x07, 0xC7, 0xC0, 0x01, 0xF0,
    0xF8, 0x00, 0x3E, 0x3E, 0x00, 0x0F, 0x8F, 0x80, 0x01, 0xC1, 0xC0, 0x00, 0x40, 0x40, 0x60, 0x30,
    0x00, 0x3C, 0x3C, 0x00, 0x1F, 0x0F, 0x80, 0x03, 0xE3, 0xE0, 0x00, 0xF8, 0xF8, 0x00, 0x1F, 0x1F,
    0x00, 0x07, 0xC7, 0xC0, 0x01, 0xF0, 0xF8, 0x00, 0x3E, 0x3E, 0x00, 0x0F, 0x87, 0x80, 0x07, 0xC7,
    0xC0, 0x0F, 0x8F, 0x80, 0x0F, 0x8F, 0x80, 0x1F, 0x0F, 0x80, 0x1F, 0x1F, 0x00, 0x3E, 0x1F, 0x00,
    0x3E, 0x3E, 0x00, 0x3E, 0x3E, 0x00, 0x1C, 0x1C, 0x00, 0x04, 0x04, 0x00, 0x00, 0x00, 0x38, 0x00,
    0x01, 0xC3, 0x80, 0x0E, 0x7C, 0x00, 0x7F, 0xE0, 0x03, 0xFC, 0x00, 0x3F, 0x80, 0x07, 0xF0, 0x00,
    0xFF, 0x00, 0x0F, 0xF8, 0x01, 0xF9, 0xC0, 0x3F, 0x8E, 0x00, 0xFE, 0x70, 0x01, 0xFF, 0x80, 0x03,
    0xFC, 0x00, 0x07, 0xF0, 0x00, 0x0F, 0xE0, 0x00, 0x3F, 0x80, 0x01, 0xFF, 0x00, 0x0E, 0xFC, 0x00,
    0x71, 0xE0, 0x03, 0x82, 0x00, 0x18, 0x00, 0x00, 0xE0, 0x03, 0x87, 0x00, 0x1F, 0x38, 0x00, 0xFF,
    0xC0, 0x01, 0xFE, 0x00, 0x03, 0xF8, 0x00, 0x07, 0xF0, 0x00, 0x1F, 0xE0, 0x00, 0xFF, 0x80, 0x07,
    0x3F, 0x00, 0x38, 0xFE, 0x01, 0xCF, 0xE0, 0x0F, 0xFC, 0x00, 0x7F, 0x80, 0x07, 0xF0, 0x00, 0xFE,
    0x00, 0x1F, 0xE0, 0x01, 0xFF, 0x00, 0x1F, 0xB8, 0x00, 0xF1, 0xC0, 0x02, 0x0E, 0x00, 0x00, 0x30,
    0x00, 0x00, 0x00, 0x30, 0x00, 0x07, 0x80, 0x00, 0xFE, 0x00, 0x3F, 0xE0, 0x07, 0xFC, 0x01, 0xFF,
    0x00, 0x3F, 0xE0, 0x07, 0xF8, 0x00, 0x7F, 0x80, 0x01, 0xFF, 0x00, 0x01, 0xFE, 0x00, 0x03, 0xFE,
    0x00, 0x03, 0xFC, 0x00, 0x07, 0xF8, 0x00, 0x0F, 0xE0, 0x00, 0x0E, 0x00, 0x00, 0x00, 0x7E, 0x03,
    0x8F, 0xFC, 0x1E, 0xFF, 0xFB, 0xE7, 0x87, 0xFE, 0x38, 0x1F, 0xE0, 0x80, 0x3C, 0x00, 0x60, 0x00,
    0x03, 0xC0, 0x00, 0x3F, 0x80, 0x00, 0xFF, 0x80, 0x00, 0xFF, 0x00, 0x01, 0xFF, 0x00, 0x03, 0xFE,
    0x00, 0x03, 0xFC, 0x00, 0x0F, 0xF0, 0x01, 0xFF, 0x00, 0x3F, 0xC0, 0x0F, 0xF8, 0x01, 0xFF, 0x00,
    0x3F, 0xC0, 0x01, 0xF8, 0x00, 0x0E, 0x00, 0x00, 0x00, 0x00, 0x00, 0x7E, 0x03, 0x8F, 0xFC, 0x1E,
    0xFF, 0xFB, 0xE7, 0x87, 0xFE, 0x38, 0x1F, 0xE0, 0x80, 0x3C, 0x00, 0x00, 0x00, 0x70, 0x00, 0x1F,
    0x80, 0x03, 0xFC, 0x00, 0xFF, 0x80, 0x3F, 0xE0, 0x0F, 0xFC, 0x01, 0xFF, 0x00, 0x0F, 0xF8, 0x00,
    0x1F, 0xF8, 0x00, 0x1F, 0xF8, 0x1E, 0x1F, 0xF0, 0xFE, 0x1F, 0xE7, 0xFC, 0x3F, 0x07, 0xFC, 0x38,
    0x0F, 0xFC, 0x00, 0x0F, 0xFC, 0x00, 0x0F, 0xF8, 0x01, 0xFF, 0x00, 0x7F, 0xE0, 0x0F, 0xF8, 0x03,
    0xFE, 0x00, 0x3F, 0x80, 0x01, 0xF0, 0x00, 0x0C, 0x00, 0x00, 0x70, 0x00, 0x03, 0xF0, 0x00, 0x1F,
    0xE0, 0x00, 0x3F, 0xE0, 0x00, 0x7F, 0xE0, 0x00, 0x7F, 0xE0, 0x00, 0x7F, 0xC0, 0x03, 0xFE, 0x00,
    0xFF, 0x80, 0x3F, 0xF0, 0x07, 0xFC, 0x3C, 0xFF, 0x0F, 0xE7, 0xE1, 0xFF, 0x38, 0x7F, 0xC0, 0x1F,
    0xF8, 0x07, 0xFE, 0x00, 0xFF, 0x80, 0x03, 0xFF, 0x00, 0x03, 0xFF, 0x00, 0x03, 0xFE, 0x00, 0x03,
    0xFE, 0x00, 0x07, 0xF8, 0x00, 0x07, 0xC0, 0x00, 0x06, 0x07, 0xFF, 0xE3, 0xFF, 0xFC, 0xFF, 0xFF,
    0xBE, 0x00, 0x07, 0x80, 0x01, 0xE0, 0x00, 0x38, 0x00, 0x07, 0x00, 0x00, 0xE0, 0x00, 0x1C, 0x00,
    0x03, 0x80, 0x00, 0x78, 0x00, 0x07, 0x00, 0x00, 0xF8, 0x00, 0x0F, 0xFF, 0xF8, 0xFF, 0xFF, 0x07,
    0xFF, 0xE0, 0xFF, 0xFC, 0x1F, 0xFF, 0xE3, 0xFF, 0xFE, 0x00, 0x03, 0xE0, 0x00, 0x3C, 0x00, 0x03,
    0xC0, 0x00, 0x38, 0x00, 0x07, 0x00, 0x00, 0xE0, 0x00, 0x1C, 0x00, 0x03, 0x80, 0x00, 0xF0, 0x00,
    0x3C, 0x00, 0x0F, 0xBF, 0xFF, 0xE7, 0xFF, 0xF8, 0xFF, 0xFC, 0x00, 0x00, 0x00, 0x00, 0x00, 0x70,
    0x00, 0x0E, 0x03, 0xFF, 0xF1, 0xFF, 0xFE, 0x7F, 0xFF, 0xDF, 0x03, 0x83, 0xC0, 0xF0, 0xF0, 0x1C,
    0x1C, 0x07, 0x83, 0x80, 0xE0, 0x70, 0x3C, 0x0E, 0x07, 0x01, 0xC1, 0xE0, 0x3C, 0x38, 0x03, 0xCF,
    0x00, 0x7D, 0xC0, 0x07, 0xFF, 0xFC, 0x7F, 0xFF, 0x83, 0xFF, 0xF0, 0x70, 0x00, 0x0E, 0x00, 0x00,
    0x00, 0x00, 0x00, 0x00, 0x00, 0x03, 0x80, 0x00, 0x70, 0x7F, 0xFE, 0x0F, 0xFF, 0xF1, 0xFF, 0xFF,
    0x00, 0x1D, 0xF0, 0x07, 0x9E, 0x00, 0xE1, 0xE0, 0x3C, 0x1C, 0x07, 0x03, 0x81, 0xE0, 0x70, 0x38,
    0x0E, 0x0F, 0x01, 0xC1, 0xC0, 0x78, 0x78, 0x1E, 0x0E, 0x07, 0xDF, 0xFF, 0xF3, 0xFF, 0xFC, 0x7F,
    0xFE, 0x03, 0x80, 0x00, 0x70, 0x00, 0x04, 0x00, 0x00, 0x07, 0xFF, 0xE3, 0xFF, 0xFC, 0xFF, 0xFF,
    0xBF, 0x00, 0x0F, 0x00, 0x01, 0xC0, 0x00, 0x38, 0x00, 0x07, 0x00, 0x00, 0xE0, 0x00, 0x1C, 0x00,
    0x03, 0xC0, 0x00, 0x3E, 0x00, 0x03, 0xFF, 0xFE, 0x3F, 0xFF, 0xC1, 0xFF, 0xF8, 0x00, 0x00, 0x00,
    0x00, 0x00, 0x00, 0x03, 0xFF, 0xFF, 0xFF, 0xFF, 0xFF, 0xFF, 0xFE, 0xFF, 0xFC, 0x1F, 0xFF, 0xE3,
    0xFF, 0xFE, 0x00, 0x07, 0xE0, 0x00, 0x1E, 0x00, 0x01, 0xC0, 0x00, 0x38, 0x00, 0x07, 0x00, 0x00,
    0xE0, 0x00, 0x1C, 0x00, 0x07, 0x80, 0x03, 0xEF, 0xFF, 0xF9, 0xFF, 0xFE, 0x3F, 0xFF, 0x00, 0x00,
    0x00, 0x00, 0x00, 0x00, 0x00, 0x03, 0xFF, 0xFF, 0xFF, 0xFF, 0xFF, 0xFF, 0xFE, 0x07, 0xFF, 0xE3,
    0xFF, 0xFC, 0xFF, 0xFF, 0xBF, 0x00, 0x0F, 0x00, 0x01, 0xC0, 0x00, 0x38, 0x00, 0x07, 0x00, 0x00,
    0xE0, 0x00, 0x1C, 0x00, 0x03, 0xC0, 0x00, 0x3E, 0x00, 0x03, 0xFF, 0xFE, 0x3F, 0xFF, 0xC1, 0xFF,
    0xF8, 0x00, 0x00, 0x00, 0x70, 0x00, 0x0E, 0x03, 0xFF, 0xFF, 0xFF, 0xFF, 0xFF, 0xFF, 0xFE, 0x03,
    0x80, 0x00, 0x30, 0x00, 0xFF, 0xFC, 0x1F, 0xFF, 0xE3, 0xFF, 0xFE, 0x00, 0x07, 0xE0, 0x00, 0x1E,
    0x00, 0x01, 0xC0, 0x00, 0x38, 0x00, 0x07, 0x00, 0x00, 0xE0, 0x00, 0x1C, 0x00, 0x07, 0x80, 0x03,
    0xEF, 0xFF, 0xF9, 0xFF, 0xFE, 0x3F, 0xFF, 0x00, 0x00, 0x00, 0x00, 0x70, 0x00, 0x0E, 0x03, 0xFF,
    0xFF, 0xFF, 0xFF, 0xFF, 0xFF, 0xFE, 0x03, 0x80, 0x00, 0x30, 0x00, 0x03, 0xF8, 0x01, 0xFF, 0xC0,
    0x7F, 0xFC, 0x1F, 0x07, 0xC7, 0x8E, 0x3C, 0xF1, 0xC7, 0xBC, 0x38, 0x7F, 0x07, 0x07, 0xEF, 0xFE,
    0xFD, 0xFF, 0xDF, 0xBF, 0xFB, 0xF8, 0x70, 0xFF, 0x0E, 0x1E, 0xF1, 0xC7, 0x9F, 0x39, 0xF1, 0xF0,
    0x7C, 0x1F, 0xFF, 0x01, 0xFF, 0xC0, 0x0F, 0xE0, 0x00, 0x03, 0xF8, 0x01, 0xFF, 0xC0, 0x7F, 0xFC,
    0x1F, 0x07, 0xC7, 0x80, 0x3C, 0xF0, 0x07, 0xBC, 0x00, 0x7F, 0x00, 0x07, 0xEF, 0xFE, 0xFD, 0xFF,
    0xDF, 0xBF, 0xFB, 0xF8, 0x00, 0xFF, 0x00, 0x1E, 0xF0, 0x07, 0x9F, 0x01, 0xF1, 0xF0, 0x7C, 0x1F,
    0xFF, 0x01, 0xFF, 0xC0, 0x0F, 0xE0, 0x00, 0x03, 0xF8, 0x01, 0xFF, 0xC0, 0x7F, 0xFC, 0x1F, 0x07,
    0xC7, 0xC0, 0x7C, 0xF6, 0x37, 0xBD, 0xEF, 0x7F, 0x3F, 0xEF, 0xE3, 0xF8, 0xFC, 0x3E, 0x1F, 0x8F,
    0xE3, 0xF3, 0xFE, 0xFF, 0x7B, 0xDE, 0xF6, 0x37, 0x9E, 0x01, 0xF1, 0xF0, 0x7C, 0x1F, 0xFF, 0x01,
    0xFF, 0xC0, 0x0F, 0xE0, 0x00, 0x03, 0xF8, 0x01, 0xFF, 0xC0, 0x7F, 0xFC, 0x1F, 0x07, 0xC7, 0xC0,
    0x7C, 0xF0, 0x37, 0xBC, 0x0F, 0x7F, 0x03, 0xEF, 0xE0, 0xF8, 0xFC, 0x3E, 0x1F, 0x8F, 0x83, 0xF3,
    0xE0, 0xFF, 0x78, 0x1E, 0xF6, 0x07, 0x9E, 0x01, 0xF1, 0xF0, 0x7C, 0x1F, 0xFF, 0x01, 0xFF, 0xC0,
    0x0F, 0xE0, 0x00, 0x03, 0xF8, 0x01, 0xFF, 0xC0, 0x7F, 0xFC, 0x1F, 0x07, 0xC7, 0x80, 0x3C, 0xF0,
    0x07, 0xBC, 0x00, 0x7F, 0x02, 0x07, 0xE0, 0xE0, 0xFC, 0x1C, 0x1F, 0x83, 0x83, 0xF8, 0x00, 0xFF,
    0x00, 0x1E, 0xF0, 0x07, 0x9F, 0x01, 0xF1, 0xF0, 0x7C, 0x1F, 0xFF, 0x01, 0xFF, 0xC0, 0x0F, 0xE0,
    0x00, 0xFF, 0xFF, 0xFF, 0xFF, 0xFF, 0xFF, 0xFF, 0xFF, 0xC0, 0x00, 0x7E, 0x20, 0x23, 0xF3, 0x83,
    0x9F, 0x9E, 0x3C, 0xFC, 0xFB, 0xE7, 0xE3, 0xFE, 0x3F, 0x0F, 0xE1, 0xF8, 0x3E, 0x0F, 0xC3, 0xF8,
    0x7E, 0x3F, 0xE3, 0xF3, 0xEF, 0x9F, 0x9E, 0x3C, 0xFC, 0xE0, 0xE7, 0xE2, 0x02, 0x3F, 0x00, 0x01,
    0xFF, 0xFF, 0xFF, 0xFF, 0xFF, 0xFF, 0xFF, 0xFF, 0x80, 0x00, 0x70, 0x00, 0x03, 0x80, 0x00, 0x1C,
    0x00, 0x00, 0xE0, 0x00, 0x07, 0x00, 0x00, 0x38, 0x00, 0x01, 0xC0, 0x00, 0x0E, 0x00, 0x00, 0x70,
    0x00, 0x03, 0x80, 0x00, 0x1C, 0x00, 0x00, 0xE0, 0x00, 0x07, 0x00, 0x00, 0x38, 0x00, 0x01, 0xC0,
    0x00, 0x0E, 0x00, 0xFF, 0xFF, 0xFF, 0xFF, 0xFF, 0xFF, 0xFF, 0xFE, 0x00, 0x00, 0x00, 0x00, 0x00,
    0xC0, 0x00, 0x0E, 0x00, 0x00, 0xF0, 0x00, 0x0F, 0x80, 0x00, 0xFC, 0x00, 0x0F, 0xE0, 0x00, 0xFF,
    0x00, 0x0F, 0xB8, 0x00, 0x79, 0xC0, 0x07, 0x8E, 0x00, 0x78, 0x70, 0x07, 0x83, 0x80, 0x78, 0x1C,
    0x07, 0x80, 0xE0, 0x78, 0x07, 0x07, 0x80, 0x38, 0x78, 0x01, 0xC7, 0xFF, 0xFE, 0x7F, 0xFF, 0xF7,
    0xFF, 0xFF, 0x80, 0x00, 0x00, 0x70, 0x00, 0x7F, 0x00, 0x7F, 0xF0, 0x3F, 0xFC, 0x3F, 0xFC, 0x0F,
    0xFE, 0x00, 0x1F, 0xFE, 0x00, 0x3F, 0xFC, 0x00, 0x3F, 0xF0, 0x00, 0x3F, 0x00, 0x00, 0x37, 0xFF,
    0xFF, 0x7F, 0xFF, 0xF7, 0xFF, 0xFF, 0xF8, 0x00, 0x0F, 0xF0, 0x00, 0xFF, 0xF0, 0x00, 0xFF, 0xE0,
    0x01, 0xFF, 0xE0, 0x07, 0xFF, 0x03, 0xFF, 0x83, 0xFF, 0xC0, 0xFF, 0xC0, 0x0F, 0xE0, 0x00, 0x60,
    0x00, 0x00, 0x70, 0x00, 0x03, 0xF8, 0x00, 0x1F, 0xFC, 0x00, 0x3F, 0xFC, 0x00, 0x1F, 0xFE, 0x00,
    0x1F, 0xFC, 0x0F, 0xFF, 0x03, 0xFF, 0xC0, 0x7F, 0xE0, 0x03, 0xF0, 0x00, 0x18, 0x00, 0x00, 0xFF,
    0xFF, 0xE7, 0xFF, 0xFF, 0x3F, 0xFF, 0xF8, 0x00, 0x03, 0xE0, 0x00, 0xFF, 0x00, 0x7F, 0xF8, 0x1F,
    0xFC, 0x0F, 0xFF, 0x00, 0xFF, 0xE0, 0x00, 0xFF, 0xE0, 0x00, 0xFF, 0xF0, 0x00, 0x7F, 0xE0, 0x00,
    0x7F, 0x00, 0x00, 0x30, 0xF0, 0x70, 0x7F, 0x87, 0xC3, 0xFC, 0x3E, 0x1F, 0xE0, 0xE0, 0xF0, 0x00,
    0x00, 0x00, 0x3E, 0x3F, 0x9C, 0xEC, 0x36, 0x1B, 0x9D, 0xFC, 0x7C, 0x7F, 0xFF, 0xFF, 0x3F, 0xFF,
    0xFF, 0x9F, 0xFF, 0xFF, 0xCF, 0xFF, 0xFF, 0xE0, 0x00, 0x70, 0x00, 0x00, 0xF0, 0x00, 0x01, 0xE0,
    0x00, 0x03, 0xC0, 0x00, 0x07, 0x80, 0x00, 0x0F, 0x00, 0x00, 0x1E, 0x00, 0x00, 0x3C, 0x00, 0x00,
    0x7F, 0xFC, 0x00, 0xFF, 0xF8, 0x01, 0xFF, 0xF0, 0x03, 0xC0, 0x00, 0x07, 0x80, 0x00, 0x0F, 0x00,
    0x00, 0x1E, 0x00, 0x00, 0x3C, 0x00, 0x00, 0x78, 0x00, 0x00, 0xF0, 0x00, 0x01, 0xE0, 0x00, 0x03,
    0xC0, 0x0F, 0xFF, 0xFF, 0xFF, 0xFF, 0xFF, 0xFF, 0xFF, 0xFF, 0x80, 0x00, 0x00, 0xFF, 0xFF, 0xFF,
    0xFF, 0xFF, 0xFF, 0xFF, 0xFF, 0xF8, 0x03, 0xC0, 0x00, 0x07, 0x80, 0x00, 0x0F, 0x00, 0x00, 0x1F,
    0x00, 0x00, 0x3F, 0x00, 0x00, 0x7F, 0x80, 0x00, 0xFF, 0xC0, 0x01, 0xFF, 0xC0, 0x03, 0xDF, 0xE0,
    0x07, 0x8F, 0xC0, 0x0F, 0x0F, 0x00, 0x1E, 0x0C, 0x00, 0x3C, 0x00, 0x00, 0x78, 0x00, 0x00, 0xF0,
    0x00, 0x01, 0xE0, 0x00, 0x03, 0xC0, 0x00, 0x07, 0x80, 0x00, 0x0F, 0x00, 0x00, 0x1E, 0x00, 0x00,
    0x7F, 0xFF, 0xFF, 0x3F, 0xFF, 0xFF, 0x9F, 0xFF, 0xFF, 0xC0, 0x03, 0xE0, 0x00, 0x03, 0xE0, 0x00,
    0x01, 0xF0, 0x00, 0x01, 0xF8, 0x00, 0x01, 0xFF, 0x80, 0x01, 0xFF, 0xE0, 0x01, 0xFF, 0xF8, 0x01,
    0xFF, 0xFE, 0x03, 0xFF, 0xDF, 0xC3, 0xFB, 0xE3, 0xF3, 0xF9, 0xF0, 0xF9, 0xF0, 0xF8, 0x3C, 0x70,
    0x7C, 0x0C, 0x00, 0x3E, 0x00, 0x00, 0x1F, 0x00, 0x00, 0x0F, 0x80, 0x00, 0x07, 0xC0, 0x00, 0x03,
    0xE0, 0x00, 0x01, 0xF0, 0x00, 0x00, 0x70, 0x00, 0xFF, 0xFF, 0xFF, 0xFF, 0xFF, 0xFF, 0xFF, 0xFF,
    0xF8, 0x0E, 0x38, 0x00, 0x1C, 0x70, 0x00, 0x38, 0xE0, 0x1F, 0xFF, 0xFF, 0x3F, 0xFF, 0xFE, 0x7F,
    0xFF, 0xFC, 0xF7, 0x8E, 0x79, 0xEF, 0x1C, 0xF3, 0xDE, 0x7D, 0xE7, 0xBE, 0xFF, 0xCF, 0x7F, 0xFF,
    0x9F, 0xFF, 0xFF, 0x3F, 0xFF, 0x7E, 0x7F, 0xBE, 0xFC, 0xFE, 0x78, 0xF9, 0xF8, 0xF0, 0xF3, 0xF0,
    0xC1, 0xE7, 0x80, 0x3F, 0xCF, 0x00, 0x3F, 0x9E, 0x00, 0x7E, 0x00, 0x00, 0x08, 0x00, 0x00, 0x0F,
    0x00, 0x00, 0x0F, 0x80, 0x00, 0x07, 0xC0, 0x00, 0x07, 0xF8, 0x00, 0x0F, 0xFE, 0x00, 0x0F, 0xDF,
    0x80, 0x1F, 0xC7, 0xF0, 0x3F, 0xDD, 0xFE, 0x7F, 0xCE, 0x3F, 0xDF, 0x87, 0x0F, 0xC7, 0x83, 0x81,
    0xC3, 0x01, 0xC0, 0x60, 0x00, 0xE0, 0x00, 0x00, 0x70, 0x00, 0x00, 0x38, 0x00, 0x00, 0x1C, 0x00,
    0x00, 0x0E, 0x00, 0x00, 0x07, 0x00, 0x00, 0x03, 0x80, 0x00, 0x01, 0xC0, 0x00, 0x00, 0xE0, 0x00,
    0x00, 0x70, 0x00, 0x00, 0x38, 0x00, 0x00, 0x70, 0x00, 0x07, 0x80, 0x00, 0x3C, 0x00, 0x01, 0xE0,
    0x00, 0x0F, 0x00, 0x7F, 0xFF, 0xFF, 0xFF, 0xFF, 0xFF, 0xFF, 0xFF, 0xF0, 0xF0, 0x7F, 0x87, 0x83,
    0xFC, 0x3C, 0x1F, 0xE1, 0xE0, 0xFF, 0x0F, 0x07, 0xF8, 0x78, 0x3F, 0xFF, 0xFF, 0xFF, 0xFF, 0xFF,
    0xFF, 0xFF, 0xFF, 0x87, 0x83, 0xF8, 0x3C, 0x0E, 0x01, 0xE0, 0x00, 0x0F, 0x00, 0x00, 0x78, 0x00,
    0x03, 0xC0, 0x00, 0x1E, 0x00, 0x00, 0x70, 0x00, 0x00, 0xF0, 0x00, 0x07, 0x80, 0x00, 0x3C, 0x00,
    0xFF, 0xFF, 0xE7, 0xFF, 0xFF, 0x3F, 0xFF, 0xF9, 0xE3, 0xC3, 0xCF, 0x1E, 0x1E, 0x7F, 0xFF, 0xF3,
    0xFF, 0xFF, 0x9F, 0xFF, 0xFC, 0x01, 0xE0, 0x0F, 0xFF, 0xFF, 0xFF, 0xFF, 0xFF, 0xFF, 0xFF, 0xFE,
    0x1E, 0x0F, 0xF0, 0xF0, 0x7F, 0x87, 0x83, 0xFF, 0xFF, 0xFF, 0xFF, 0xFF, 0xFF, 0xFF, 0xFF, 0xF8,
    0x78, 0x3C, 0x03, 0xC0, 0x00, 0x1E, 0x00, 0x00, 0xF0, 0x00, 0x00, 0xF0, 0x00, 0x73, 0xC0, 0x03,
    0xEF, 0x00, 0x07, 0xBC, 0x00, 0x0F, 0xF0, 0x00, 0x33, 0xC0, 0x0F, 0xFF, 0xFF, 0xFF, 0xFF, 0xFF,
    0xFF, 0xFF, 0xFC, 0x03, 0xC0, 0xF0, 0x1E, 0x03, 0xC0, 0x79, 0x0F, 0x01, 0xFE, 0x3C, 0x0F, 0xF8,
    0xF0, 0x3C, 0xF3, 0xC0, 0xF3, 0xEF, 0x07, 0x87, 0xBC, 0x3E, 0x18, 0xF1, 0xF0, 0x03, 0xCF, 0xC0,
    0x1E, 0x7E, 0x00, 0x7B, 0xF0, 0x3F, 0xE7, 0x80, 0x7F, 0x8C, 0x01, 0xFC, 0x00, 0x00, 0x00, 0x00,
    0x60, 0x00, 0x01, 0xE0, 0x00, 0x03, 0xF0, 0x00, 0x03, 0xF0, 0x00, 0x03, 0xE0, 0x0F, 0xFF, 0xFF,
    0x9F, 0xFF, 0xFF, 0x3F, 0xFF, 0xFE, 0x00, 0x7C, 0x00, 0x00, 0xF8, 0x00, 0x01, 0xF0, 0x00, 0x03,
    0xE0, 0x00, 0x07, 0xC0, 0x07, 0xFF, 0xFF, 0x0F, 0xFF, 0xFE, 0x1F, 0xFF, 0xFC, 0x00, 0x7C, 0x00,
    0x00, 0xF8, 0x00, 0x01, 0xF0, 0x00, 0x03, 0xE0, 0x00, 0x07, 0xC0, 0x1F, 0xFF, 0xFF, 0xFF, 0xFF,
    0xFF, 0xFF, 0xFF, 0xFF, 0x00, 0x18, 0x00, 0x00, 0x3C, 0x00, 0x00, 0x0F, 0x06, 0x00, 0x07, 0x83,
    0xC1, 0xE1, 0xE3, 0xC0, 0xF0, 0xF1, 0xE0, 0x3C, 0x79, 0xF0, 0x1E, 0x10, 0xF0, 0x0F, 0x80, 0x78,
    0x03, 0xC0, 0x78, 0x01, 0xF0, 0x7C, 0x00, 0x78, 0x3C, 0x00, 0x1E, 0x3E, 0x00, 0x0F, 0xBE, 0x00,
    0x03, 0xFE, 0x00, 0x00, 0xFE, 0x00, 0x00, 0x3F, 0x00, 0x00, 0x7F, 0xC0, 0x00, 0x7F, 0xF8, 0x00,
    0xFE, 0xFF, 0x03, 0xFC, 0x1F, 0xF3, 0xFC, 0x07, 0xF9, 0xF8, 0x00, 0xFC, 0x70, 0x00, 0x1C, 0x00,
    0xF0, 0x00, 0x00, 0xF0, 0x70, 0x00, 0xF0, 0xF8, 0x00, 0xF0, 0xFE, 0x00, 0xF0, 0x7E, 0x7F, 0xFF,
    0xFE, 0x7F, 0xFF, 0xF4, 0x7F, 0xFF, 0xF0, 0x00, 0xF0, 0xF0, 0x00, 0xF0, 0xF0, 0x00, 0xF0, 0xF0,
    0x00, 0xF0, 0xF0, 0xFF, 0xFF, 0xFE, 0xFF, 0xFF, 0xFE, 0xFF, 0xFF, 0xFE, 0x00, 0xF0, 0x1E, 0x00,
    0xF0, 0x1E, 0x00, 0xF0, 0x1E, 0x00, 0xF0, 0x1E, 0x00, 0xF0, 0x3E, 0x00, 0xF3, 0xFC, 0x00, 0xF3,
    0xFC, 0x00, 0xF3, 0xF8, 0x00, 0xF0, 0x00, 0x00, 0xF0, 0x00, 0x3F, 0xFF, 0xF8, 0x7F, 0xFF, 0xF0,
    0xFF, 0xFF, 0xE1, 0xFF, 0xFF, 0xC0, 0x00, 0x00, 0x00, 0x00, 0x00, 0x00, 0x00, 0x00, 0x00, 0x00,
    0x00, 0x00, 0x00, 0x00, 0x00, 0x00, 0x00, 0x00, 0x00, 0x00, 0x00, 0x00, 0x00, 0x00, 0x00, 0x00,
    0x00, 0x00, 0x00, 0x00, 0x00, 0x7F, 0xFF, 0xFF, 0xFF, 0xFF, 0xFF, 0xFF, 0xFF, 0xFF, 0xFF, 0xFF,
    0xF8, 0x00, 0x3C, 0x00, 0x00, 0x1E, 0x00, 0x00, 0x0F, 0x00, 0x00, 0x07, 0x80, 0x00, 0x03, 0xC0,
    0x00, 0x01, 0xE0, 0x00, 0x00, 0xF0, 0x00, 0x00, 0x7C, 0x00, 0x00, 0x7E, 0x00, 0x00, 0x3F, 0x00,
    0x00, 0x1F, 0x80, 0x00, 0x0F, 0xE0, 0x00, 0x0F, 0xF0, 0x00, 0x07, 0xBC, 0x00, 0x07, 0xDE, 0x00,
    0x03, 0xC7, 0x80, 0x03, 0xE3, 0xE0, 0x03, 0xE0, 0xF8, 0x03, 0xF0, 0x7E, 0x03, 0xF0, 0x1F, 0x83,
    0xF0, 0x07, 0xF3, 0xF0, 0x01, 0xFD, 0xF0, 0x00, 0x7C, 0x60, 0x00, 0x0C, 0x07, 0x81, 0xE0, 0x03,
    0xC0, 0xF0, 0x01, 0xE0, 0x78, 0x00, 0xF0, 0x3C, 0x00, 0x78, 0x1E, 0x00, 0x3C, 0x0F, 0x00, 0x1E,
    0x07, 0x80, 0x0F, 0x03, 0xC0, 0x07, 0x83, 0xE0, 0x03, 0xE1, 0xF0, 0x01, 0xF8, 0xF8, 0x01, 0xFE,
    0x7C, 0x00, 0xFF, 0x3F, 0x00, 0x7F, 0xFF, 0x80, 0x3D, 0xFF, 0xE0, 0x3E, 0x7F, 0xF0, 0x1E, 0x3F,
    0x3C, 0x1F, 0x07, 0x9E, 0x0F, 0x87, 0xCF, 0x8F, 0x87, 0xC3, 0xEF, 0xC7, 0xE0, 0xF3, 0xC1, 0xE0,
    0x70, 0xC0, 0x60, 0x18, 0x03, 0x01, 0xC0, 0x03, 0xC0, 0xE0, 0x01, 0xE0, 0x70, 0x01, 0xEF, 0x38,
    0x00, 0xF7, 0x9C, 0x60, 0xF3, 0xCF, 0xF8, 0x79, 0xE7, 0xFC, 0x7C, 0xFF, 0xFE, 0x7E, 0x7F, 0xFF,
    0x7F, 0x7F, 0xE7, 0xBF, 0xFF, 0xF3, 0xCF, 0xFF, 0x39, 0xE7, 0xFF, 0x9C, 0xF0, 0xF3, 0xCE, 0x78,
    0x79, 0xE7, 0xF8, 0x3C, 0xF3, 0xFC, 0x1E, 0x79, 0xFC, 0x0F, 0x3C, 0xE2, 0x07, 0x9E, 0x01, 0xE3,
    0xCF, 0x00, 0xF1, 0xE3, 0x80, 0x70, 0xF1, 0xFF, 0xF8, 0x78, 0xFF, 0xFC, 0x3C, 0x3F, 0xFC, 0x1E,
    0x00, 0x00, 0x00, 0x03, 0xC7, 0x98, 0x01, 0xE3, 0xDE, 0x00, 0xF1, 0xEF, 0x80, 0xF0, 0xF3, 0xE0,
    0xF8, 0x78, 0xF0, 0x78, 0x3C, 0x20, 0x7C, 0x1E, 0x7C, 0x7E, 0x3F, 0xFE, 0x7F, 0xFF, 0xFF, 0x7F,
    0xFF, 0xFF, 0xBF, 0xFF, 0xE0, 0x0F, 0xE0, 0x70, 0x06, 0xF0, 0x3C, 0x00, 0x78, 0x1E, 0x00, 0x3C,
    0x0F, 0x00, 0x1E, 0x07, 0x80, 0x0F, 0x01, 0xE7, 0x07, 0x80, 0xF3, 0xC3, 0xC0, 0x7D, 0xE1, 0xE0,
    0x1F, 0xE0, 0xF0, 0x0F, 0xF0, 0x78, 0x03, 0xF8, 0x3C, 0x00, 0xF8, 0x0E, 0x00, 0x08, 0x3C, 0x00,
    0x78, 0x3C, 0x20, 0x78, 0x3C, 0xF0, 0x78, 0x3C, 0xF0, 0x78, 0x3C, 0x78, 0x78, 0x3C, 0x7C, 0x78,
    0x3C, 0x3C, 0x78, 0x3C, 0x3C, 0xF0, 0x3C, 0x18, 0xF0, 0x3C, 0x00, 0xF0, 0x3C, 0x00, 0xF0, 0x3C,
    0x01, 0xE0, 0x3C, 0x61, 0xE0, 0x3D, 0xE1, 0xE0, 0x3F, 0xF3, 0xE0, 0x3F, 0xE7, 0xF0, 0x3F, 0xCF,
    0xF8, 0x7F, 0x1F, 0xFC, 0x7C, 0x3F, 0x7E, 0x70, 0xFE, 0x3E, 0x00, 0xFC, 0x1F, 0x00, 0x78, 0x0E,
    0x00, 0x20, 0x00, 0x03, 0x03, 0xC0, 0x03, 0xD9, 0xE0, 0x01, 0xEF, 0xF0, 0x01, 0xE7, 0x78, 0x00,
    0xF7, 0xBC, 0x00, 0xF3, 0xFF, 0xF0, 0x79, 0xFF, 0xF8, 0x7D, 0xFF, 0xFC, 0x7E, 0xF3, 0xC0, 0x7F,
    0xF1, 0xE0, 0x3F, 0xF8, 0xF0, 0x0F, 0xCC, 0x78, 0x07, 0xE0, 0x3C, 0x00, 0xF7, 0xFF, 0xFC, 0x7B,
    0xFF, 0xFE, 0x3D, 0xFF, 0xFF, 0x1E, 0x03, 0xC0, 0x0F, 0x01, 0xE0, 0x07, 0x80, 0xF0, 0x03, 0xC0,
    0x78, 0x01, 0xE0, 0x3C, 0x00, 0xF0, 0x1E, 0x00, 0x78, 0x0F, 0x00, 0x3C, 0x07, 0x80, 0x1E, 0x03,
    0xC0, 0x00, 0x03, 0x07, 0x00, 0x03, 0xC3, 0xC0, 0x01, 0xE1, 0xE0, 0x01, 0xFF, 0xFF, 0xC0, 0xFF,
    0xFF, 0xE0, 0xF7, 0xFF, 0xF0, 0x78, 0x3C, 0x00, 0x7C, 0x1E, 0x00, 0x7F, 0xFF, 0xFF, 0x7F, 0xFF,
    0xFF, 0xBF, 0xFF, 0xFF, 0xCF, 0xC3, 0x80, 0x07, 0xE3, 0xC0, 0x00, 0xF1, 0xFF, 0xF0, 0x78, 0xFF,
    0xFC, 0x3C, 0xFF, 0xFC, 0x1E, 0x00, 0x7C, 0x0F, 0x02, 0x7C, 0x07, 0x83, 0xFC, 0x03, 0xC3, 0xFC,
    0x01, 0xE0, 0xFE, 0x00, 0xF0, 0x1F, 0x80, 0x78, 0x07, 0xC0, 0x3C, 0x01, 0xE0, 0x1E, 0x00, 0x60,
    0x00, 0x00, 0x00, 0x00, 0x03, 0x03, 0x80, 0x03, 0x83, 0xC0, 0x07, 0x83, 0xC0, 0x07, 0x83, 0xC0,
    0x0F, 0x03, 0xC0, 0x0F, 0x7F, 0xFE, 0x1E, 0x7F, 0xFE, 0x1E, 0x7F, 0xFE, 0x3E, 0x00, 0x10, 0x7E,
    0x3C, 0x3C, 0x7E, 0x3C, 0x3C, 0x7E, 0x3C, 0x3C, 0x7E, 0x1C, 0x3C, 0x2E, 0x1C, 0x3C, 0x0E, 0x1E,
    0x38, 0x0E, 0x1E, 0x38, 0x0E, 0x1E, 0x78, 0x0E, 0x1E, 0x78, 0x0E, 0x1E, 0x78, 0x0E, 0x0E, 0x70,
    0x0E, 0x00, 0x70, 0x0E, 0xFF, 0xFF, 0x0E, 0xFF, 0xFF, 0x0E, 0xFF, 0xFF, 0x0E, 0x00, 0x00, 0x03,
    0x03, 0x80, 0x03, 0xC3, 0xE0, 0x01, 0xE0, 0xF0, 0x00, 0xF0, 0x78, 0x00, 0xF0, 0x1C, 0x00, 0xFF,
    0xFF, 0xF8, 0x7B, 0xFF, 0xFC, 0x7D, 0xFF, 0xFE, 0x7E, 0x03, 0xC0, 0x3F, 0x01, 0xE0, 0x3F, 0x80,
    0xF0, 0x0F, 0xC0, 0x78, 0x07, 0xE0, 0x3C, 0x01, 0xF3, 0xFF, 0xF8, 0x79, 0xFF, 0xFC, 0x3C, 0xFF,
    0xFE, 0x1E, 0x03, 0xC0, 0x0F, 0x01, 0xE0, 0x07, 0x80, 0xF0, 0x03, 0xC0, 0x78, 0x01, 0xE0, 0x3C,
    0x00, 0xF7, 0xFF, 0xFC, 0x7B, 0xFF, 0xFE, 0x3D, 0xFF, 0xFF, 0x1E, 0x00, 0x00, 0x00, 0x06, 0x03,
    0x80, 0x03, 0xC1, 0xC0, 0x03, 0xC0, 0xE0, 0x01, 0xE0, 0x70, 0x00, 0xE0, 0x38, 0x00, 0xFF, 0xFF,
    0xF8, 0xFF, 0xFF, 0xFC, 0x7F, 0xFF, 0xFE, 0x7E, 0x0F, 0xE0, 0x7F, 0x07, 0xF8, 0x3F, 0x87, 0xFC,
    0x0F, 0xC3, 0xFE, 0x07, 0xE3, 0xFF, 0x80, 0xF1, 0xDD, 0xE0, 0x79, 0xEE, 0xF0, 0x3D, 0xE7, 0x3C,
    0x1E, 0xF3, 0x9F, 0x0F, 0xFF, 0xFF, 0x87, 0xFF, 0xFF, 0xE3, 0xFF, 0xFF, 0xE1, 0xE8, 0x38, 0x20,
    0xF0, 0x1C, 0x00, 0x78, 0x0E, 0x00, 0x3C, 0x07, 0x00, 0x1E, 0x03, 0x80, 0x00, 0x03, 0x03, 0xC0,
    0x03, 0xC1, 0xE0, 0x01, 0xE0, 0xF0, 0x00, 0xFF, 0xFF, 0xF0, 0xFF, 0xFF, 0xF8, 0xFF, 0xFF, 0xFC,
    0x78, 0x0F, 0x00, 0x7C, 0xFF, 0xFE, 0x7E, 0xFF, 0xFF, 0x7F, 0x7F, 0xFF, 0xBF, 0xBC, 0xF3, 0xCF,
    0xDE, 0x79, 0xE6, 0xEF, 0xFF, 0xF0, 0x77, 0xFF, 0xF8, 0x3B, 0xFF, 0xFC, 0x1C, 0xE7, 0x80, 0x0E,
    0x73, 0x80, 0x07, 0x3F, 0xC0, 0x03, 0x8F, 0xE0, 0x01, 0xC3, 0xF0, 0x00, 0xE3, 0xFE, 0x00, 0x77,
    0xFF, 0xF8, 0x3F, 0xF7, 0xFE, 0x1D, 0xF0, 0xFE, 0x0E, 0x40, 0x0E, 0x00, 0x03, 0x1C, 0x38, 0x03,
    0xCF, 0x3C, 0x01, 0xE7, 0x9E, 0x01, 0xE3, 0xCF, 0x00, 0xF1, 0xE7, 0x80, 0xF7, 0xFF, 0xF8, 0x7B,
    0xFF, 0xFC, 0x7D, 0xFF, 0xFE, 0x7E, 0x1E, 0x78, 0x7F, 0x0F, 0x3C, 0x3F, 0x87, 0x9E, 0x0F, 0xC3,
    0xCF, 0x07, 0xE1, 0xE7, 0x83, 0xF0, 0xF3, 0xC0, 0x7B, 0xFF, 0xFE, 0x3D, 0xFF, 0xFF, 0x1E, 0xFF,
    0xFF, 0x8F, 0x00, 0x00, 0x07, 0x87, 0x8E, 0x03, 0xC7, 0xCF, 0x81, 0xE7, 0xC3, 0xE0, 0xF7, 0xC0,
    0xF0, 0x7F, 0xC0, 0x3C, 0x3D, 0xE0, 0x1E, 0x1E, 0x40, 0x06, 0x00, 0x0C, 0x00, 0x06, 0x1E, 0x00,
    0x07, 0x1F, 0xFF, 0x77, 0x1F, 0xFF, 0x77, 0x3F, 0xC7, 0x77, 0x3F, 0xFF, 0x77, 0x3F, 0xFF, 0x77,
    0x7F, 0xFF, 0x77, 0x7F, 0xFF, 0x77, 0x7F, 0xFF, 0x77, 0xFF, 0xFF, 0x77, 0x7F, 0xFF, 0x77, 0x7F,
    0xFF, 0x77, 0x1F, 0xFF, 0x77, 0x1F, 0xFF, 0x77, 0x1F, 0xFF, 0x77, 0x1F, 0xFF, 0x77, 0x1F, 0xFF,
    0x77, 0x1D, 0xF7, 0x77, 0x1C, 0x7C, 0x07, 0x1C, 0xFE, 0x07, 0x1C, 0xEF, 0x0F, 0x1F, 0xE7, 0xBF,
    0x1F, 0xC3, 0xBE, 0x1D, 0x82, 0x1C, 0x03, 0x00, 0x00, 0x03, 0xFF, 0xFF, 0x01, 0xFF, 0xFF, 0x80,
    0xFF, 0xFF, 0xC0, 0xF7, 0x81, 0xE0, 0x7B, 0xC0, 0xF0, 0x79, 0xE0, 0x78, 0x7C, 0xF0, 0x3C, 0x3E,
    0x7F, 0xFE, 0x3F, 0x3F, 0xFF, 0x3F, 0x9F, 0xFF, 0x8F, 0xC0, 0x78, 0x06, 0xE0, 0x3C, 0x01, 0x77,
    0xFF, 0xF8, 0x3B, 0xFF, 0xFC, 0x1D, 0xFF, 0xFE, 0x0E, 0x0F, 0xF0, 0x07, 0x0F, 0xFC, 0x03, 0x8F,
    0xFF, 0x01, 0xCF, 0xFF, 0xC0, 0xEF, 0xBD, 0xF0, 0x7F, 0x9E, 0x7C, 0x3B, 0x8F, 0x1C, 0x1C, 0x87,
    0x84, 0x0E, 0x03, 0xC0, 0x00, 0x06, 0x07, 0x00, 0x03, 0x83, 0xC0, 0x03, 0xC1, 0xC0, 0x01, 0xE1,
    0xFF, 0xE1, 0xE1, 0xFF, 0xE0, 0xF1, 0xFF, 0xF0, 0xF9, 0xFC, 0xF0, 0x7B, 0xFF, 0xF8, 0x7D, 0xD3,
    0xF8, 0x3E, 0xE1, 0xFC, 0x3F, 0x77, 0xFF, 0xDF, 0xBF, 0xFF, 0xF7, 0xDF, 0xEF, 0xF2, 0xEF, 0x8F,
    0x90, 0x77, 0x3F, 0x80, 0x3B, 0xBF, 0x78, 0x1D, 0xCE, 0x7C, 0x0E, 0xE1, 0xFA, 0x07, 0x73, 0xFB,
    0xC3, 0xB9, 0xF7, 0xE1, 0xDC, 0x4F, 0xE0, 0xE0, 0x7F, 0xE0, 0x70, 0xFF, 0xC0, 0x38, 0x3F, 0x00,
    0x1C, 0x1C, 0x00, 0x00, 0x0C, 0x00, 0x00, 0x0F, 0x00, 0x0F, 0x0F, 0xFF, 0x8F, 0x1F, 0xFF, 0xFF,
    0x1F, 0xFF, 0xFF, 0x1C, 0xF6, 0x7F, 0x3C, 0xEE, 0x7F, 0x3D, 0xEF, 0x7F, 0x7D, 0xFF, 0xFF, 0x7F,
    0xFF, 0xFF, 0xFD, 0xFB, 0xFF, 0xFD, 0xBB, 0x7F, 0x7C, 0x38, 0x7F, 0x7C, 0x38, 0x7F, 0x3F, 0xFF,
    0xFF, 0x3F, 0xFF, 0xFF, 0x3D, 0xFF, 0x7F, 0x3C, 0x38, 0x7F, 0x3C, 0x39, 0xFF, 0x3C, 0x7F, 0x8F,
    0x3F, 0xFF, 0x8F, 0x3F, 0xFF, 0x8F, 0x3F, 0xF0, 0x7F, 0x3C, 0x00, 0x7E, 0x1C, 0x00, 0x3C, 0x07,
    0x03, 0xC0, 0x03, 0xC1, 0xE0, 0x01, 0xFF, 0xFF, 0xC1, 0xFF, 0xFF, 0xE0, 0xFF, 0xFF, 0xF0, 0xF0,
    0x1C, 0x00, 0x78, 0x1E, 0x00, 0x7C, 0xFF, 0xFC, 0x7E, 0x7F, 0xFE, 0x7F, 0x3F, 0xFF, 0x3F, 0x9C,
    0x07, 0x8F, 0xCF, 0xFF, 0xC7, 0xE7, 0xFF, 0xE0, 0xF3, 0x80, 0xF0, 0x79, 0xFF, 0xF8, 0x3C, 0xFF,
    0xFC, 0x1E, 0x70, 0x1E, 0x0F, 0x38, 0x0F, 0x07, 0x9F, 0xFF, 0x83, 0xCF, 0xFF, 0xC1, 0xE7, 0x01,
    0xE0, 0xFF, 0xFF, 0xF8, 0x7F, 0xFF, 0xFE, 0x3F, 0xFF, 0xFF, 0x1C, 0x00, 0x00, 0x00, 0x0E, 0x00,
    0x00, 0x07, 0x87, 0xFF, 0x83, 0x83, 0xFF, 0xE3, 0xF9, 0xFF, 0xF1, 0xFC, 0x0F, 0x01, 0xEE, 0x07,
    0x80, 0xF7, 0x1F, 0xF8, 0xFB, 0x8F, 0xFE, 0x7D, 0xFF, 0xFF, 0x7E, 0xFF, 0xB7, 0xBF, 0x7F, 0xDF,
    0xDF, 0xB8, 0xEF, 0xE7, 0xDC, 0x77, 0xF2, 0xEE, 0x3B, 0xF8, 0x77, 0x1D, 0xFC, 0x3B, 0xBE, 0xFE,
    0x1D, 0xFF, 0xFF, 0x0E, 0xFF, 0xFF, 0x87, 0xFD, 0xFB, 0xC3, 0xBC, 0x3F, 0x01, 0xD8, 0x1F, 0xE0,
    0xE0, 0x1E, 0xF8, 0x70, 0x3E, 0x3E, 0x38, 0x1E, 0x0E, 0x1C, 0x06, 0x02, 0x00, 0x04, 0x1C, 0x00,
    0x07, 0x9C, 0x00, 0x07, 0x9C, 0x00, 0x0F, 0x1C, 0x00, 0x0F, 0xFF, 0xFC, 0x0F, 0xFF, 0xFC, 0x1F,
    0xFF, 0xFC, 0x1E, 0x1C, 0x00, 0x3C, 0x1C, 0x00, 0x3C, 0x1C, 0x00, 0x08, 0x1C, 0x00, 0x7F, 0xFF,
    0xFF, 0x7F, 0xFF, 0xFF, 0x7F, 0xFF, 0xFF, 0x01, 0xE3, 0x80, 0x01, 0xE3, 0x80, 0x03, 0xC3, 0x80,
    0x03, 0xC3, 0x80, 0x07, 0xC3, 0x87, 0x07, 0x83, 0x87, 0x1F, 0x83, 0xC7, 0x7F, 0x03, 0xFF, 0x7E,
    0x03, 0xFF, 0x3C, 0x01, 0xFE, 0x30, 0x00, 0x00, 0x00, 0x1C, 0x00, 0x02, 0x1E, 0x0C, 0x07, 0x8F,
    0x0F, 0x83, 0xC7, 0x87, 0x80, 0xF3, 0xC3, 0xC0, 0x79, 0xE3, 0xC0, 0x3C, 0xF1, 0xE0, 0x0F, 0x79,
    0xE0, 0x07, 0x3C, 0x70, 0x00, 0x1E, 0x00, 0x1F, 0xFF, 0xFF, 0xCF, 0xFF, 0xFF, 0xE7, 0xFF, 0xFF,
    0xF0, 0x0F, 0x1E, 0x00, 0x07, 0x8F, 0x00, 0x03, 0xC7, 0x80, 0x03, 0xC3, 0xC0, 0x01, 0xE1, 0xE0,
    0x00, 0xF0, 0xF1, 0xC0, 0xF0, 0x78, 0xF0, 0xF8, 0x3C, 0x71, 0xF8, 0x1E, 0x3B, 0xF8, 0x0F, 0xFC,
    0xF8, 0x07, 0xFE, 0x30, 0x01, 0xFE, 0x00, 0x00, 0x00, 0x00, 0x00, 0x60, 0x00, 0x00, 0x78, 0x00,
    0x00, 0x3E, 0x00, 0x00, 0x1F, 0x80, 0x00, 0x03, 0xE0, 0x00, 0x01, 0xF0, 0x00, 0x00, 0x7C, 0x00,
    0x00, 0x3F, 0x00, 0x00, 0x1F, 0x80, 0x00, 0x1F, 0xE0, 0x00, 0x0F, 0xF0, 0x00, 0x07, 0xFC, 0x00,
    0x07, 0xDE, 0x00, 0x03, 0xCF, 0x80, 0x03, 0xE3, 0xE0, 0x03, 0xE0, 0xF0, 0x03, 0xF0, 0x7C, 0x03,
    0xF0, 0x1F, 0x03, 0xF0, 0x07, 0xE3, 0xF0, 0x03, 0xFB, 0xF0, 0x00, 0xF9, 0xF0, 0x00, 0x3C, 0x30,
    0x00, 0x06, 0x07, 0x83, 0xC0, 0x0F, 0x07, 0x80, 0x1E, 0x0F, 0x00, 0x3C, 0x1E, 0x00, 0x78, 0x3C,
    0x0F, 0xFF, 0xFF, 0xDF, 0xFF, 0xFF, 0xBF, 0xFF, 0xFF, 0x07, 0x83, 0xC0, 0x0F, 0x07, 0x80, 0x1E,
    0x0F, 0x00, 0x3C, 0x1E, 0x00, 0x78, 0x3C, 0x1F, 0xFF, 0xFF, 0xFF, 0xFF, 0xFF, 0xFF, 0xFF, 0xFF,
    0x00, 0x00, 0x00, 0x07, 0x07, 0x00, 0x1F, 0x1F, 0x00, 0x7C, 0x1F, 0x83, 0xF0, 0x1F, 0x8F, 0xC0,
    0x1F, 0xBF, 0x00, 0x1F, 0xBC, 0x00, 0x1E, 0x30, 0x00, 0x18, 0x01, 0x00, 0x60, 0x03, 0xC0, 0x7C,
    0x01, 0xE0, 0x3C, 0x00, 0x78, 0x1E, 0x00, 0x3C, 0x1E, 0x00, 0x0E, 0x0F, 0x00, 0x7F, 0xFF, 0xF8,
    0x3F, 0xFF, 0xFC, 0x1F, 0xFF, 0xFE, 0x00, 0x0F, 0x00, 0x00, 0x07, 0x80, 0x00, 0x03, 0xC0, 0x07,
    0xFF, 0xFF, 0xF3, 0xFF, 0xFF, 0xF9, 0xFF, 0xFF, 0xFC, 0x00, 0x7E, 0x00, 0x00, 0x7F, 0x80, 0x00,
    0x7F, 0xE0, 0x00, 0x7F, 0xF8, 0x00, 0xFE, 0x7F, 0x01, 0xFE, 0x1F, 0xE3, 0xFE, 0x07, 0xFD, 0xFE,
    0x01, 0xFC, 0x7C, 0x00, 0x3C, 0x30, 0x00, 0x06, 0x00, 0x00, 0x70, 0x00, 0x03, 0x80, 0x00, 0x1C,
    0x00, 0x00, 0xE0, 0x00, 0x07, 0x00, 0x7F, 0xFF, 0xFF, 0xFF, 0xFF, 0xFF, 0xFF, 0xFF, 0xF0, 0xF0,
    0x3F, 0x87, 0x81, 0xFC, 0x3C, 0x0F, 0xE1, 0xF0, 0x7F, 0x0F, 0xC3, 0xF8, 0xFF, 0x1F, 0xCF, 0xFC,
    0xFE, 0xF9, 0xF7, 0xFF, 0xC7, 0xFF, 0xFC, 0x3F, 0xFF, 0xC0, 0xEF, 0xFC, 0x02, 0x7F, 0x00, 0x03,
    0xF8, 0x00, 0x3F, 0xC0, 0x1F, 0xFE, 0x00, 0x7F, 0xF0, 0x03, 0xF0, 0x7F, 0xFF, 0xFF, 0x3F, 0xFF,
    0xFF, 0x9F, 0xFF, 0xFF, 0xC0, 0x03, 0x80, 0x01, 0xFF, 0xFF, 0xC0, 0xFF, 0xFF, 0xE0, 0x7F, 0xFF,
    0xF0, 0x3C, 0x38, 0x78, 0x1E, 0x1C, 0x3C, 0x0F, 0xFF, 0xFE, 0x07, 0xFF, 0xFF, 0x03, 0xFF, 0xFF,
    0x81, 0xE1, 0xC3, 0xC0, 0xF0, 0xE1, 0xE3, 0xFF, 0xFF, 0xFF, 0xFF, 0xFF, 0xFF, 0xFF, 0xFF, 0xFF,
    0x8F, 0x00, 0x1E, 0x07, 0x80, 0x0F, 0x03, 0xC0, 0x07, 0x81, 0xE0, 0x3F, 0xC0, 0xF0, 0x0F, 0xC0,
    0x78, 0x07, 0xC0, 0xFF, 0xFF, 0xFF, 0xFF, 0xFF, 0xFF, 0xFF, 0xFF, 0xFF, 0x9C, 0x00, 0xFF, 0x78,
    0x01, 0xFE, 0xF0, 0x03, 0xC1, 0xFF, 0xFF, 0x03, 0xFF, 0xF0, 0x07, 0xFF, 0xE0, 0x0E, 0x00, 0x00,
    0x3C, 0x00, 0x00, 0x7F, 0xFF, 0xC0, 0xFF, 0xFF, 0x01, 0xFF, 0xFE, 0x00, 0x00, 0x3C, 0x3F, 0xFF,
    0x78, 0x7F, 0xFE, 0xF0, 0xFF, 0xFD, 0xE0, 0x00, 0x03, 0xC0, 0x00, 0x07, 0x80, 0x00, 0x1E, 0x00,
    0x07, 0xFC, 0x00, 0x07, 0xF0, 0x00, 0x0F, 0xC0, 0x00, 0x07, 0x80, 0x08, 0x03, 0xC0, 0x1C, 0x7F,
    0xFF, 0x8F, 0x3F, 0xFF, 0xC7, 0xDF, 0xFF, 0xE1, 0xE0, 0x78, 0x00, 0xFB, 0xFF, 0xF8, 0x3D, 0xFF,
    0xFC, 0x1C, 0xFF, 0xFC, 0x01, 0xFF, 0xFF, 0x80, 0xFF, 0xFF, 0xC0, 0x7F, 0xFF, 0xE0, 0x0F, 0x87,
    0x80, 0xEF, 0xFF, 0xF8, 0x7F, 0xFF, 0xFC, 0x3F, 0xBF, 0xDE, 0x3D, 0x87, 0x86, 0x1E, 0x3F, 0xFE,
    0x0F, 0x1F, 0xFF, 0x0F, 0x8F, 0xFF, 0x87, 0x83, 0xFF, 0x83, 0xC7, 0xEF, 0xF1, 0xE7, 0xE1, 0xFC,
    0x23, 0xE0, 0x3C, 0x00, 0xC0, 0x06, 0x00, 0x03, 0x00, 0x18, 0x03, 0xDF, 0xFE, 0x03, 0xFF, 0xFF,
    0x81, 0xEF, 0xFE, 0x01, 0xE2, 0x3C, 0x01, 0xF0, 0x1E, 0x01, 0xFF, 0xFF, 0xFD, 0xFF, 0xFF, 0xFE,
    0x7E, 0xFF, 0xFF, 0x1F, 0x01, 0xE0, 0x07, 0xBF, 0xFF, 0xC3, 0xDF, 0xFF, 0xE1, 0xEF, 0xFF, 0xF0,
    0xF0, 0x00, 0x00, 0x00, 0x00, 0x00, 0x07, 0xFF, 0xC0, 0x03, 0xFF, 0xE0, 0x01, 0xFF, 0xF0, 0x01,
    0xE0, 0x78, 0x00, 0xF0, 0x3C, 0xE1, 0xF0, 0x1E, 0x7B, 0xF8, 0x0F, 0xFD, 0xF8, 0x07, 0xFC, 0x70,
    0x01, 0xFE, 0x20, 0x00, 0x00, 0x00, 0x00, 0xF0, 0x00, 0x07, 0x80, 0x1E, 0x3C, 0x3C, 0xF1, 0xE1,
    0xE7, 0x8F, 0x0F, 0x3C, 0x78, 0x79, 0xE3, 0xC3, 0xCF, 0x1E, 0x1E, 0x78, 0xF0, 0xF3, 0xFF, 0xFF,
    0x9F, 0xFF, 0xFC, 0xFF, 0xFF, 0xE0, 0x0F, 0x00, 0x78, 0x78, 0x3F, 0xC3, 0xC1, 0xFE, 0x1E, 0x0F,
    0xF0, 0xF0, 0x7F, 0x87, 0x83, 0xFC, 0x3C, 0x1F, 0xE1, 0xE0, 0xFF, 0xFF, 0xFF, 0xFF, 0xFF, 0xFF,
    0xFF, 0xFF, 0xE0, 0x00, 0x0F, 0x00, 0x00, 0x78, 0x01, 0x00, 0x80, 0x00, 0xF1, 0xE0, 0x00, 0xF8,
    0xF8, 0x00, 0x78, 0x3C, 0x00, 0x7C, 0x1F, 0x00, 0x3C, 0x07, 0xC0, 0x3E, 0x01, 0xE0, 0x3E, 0x00,
    0xF8, 0x1F, 0x00, 0x3E, 0x3F, 0x00, 0x0F, 0x9F, 0xFF, 0xFF, 0xCF, 0xFF, 0xFF, 0xC3, 0xFF, 0xFF,
    0xC0, 0x07, 0x83, 0xC0, 0x03, 0xC1, 0xE0, 0x01, 0xE0, 0xF0, 0x01, 0xF0, 0x78, 0x00, 0xF0, 0x3C,
    0x00, 0xF8, 0x1C, 0x00, 0xF8, 0x1E, 0x01, 0xFC, 0x0F, 0x03, 0xFC, 0x7F, 0x80, 0xFC, 0x3F, 0xC0,
    0x78, 0x0F, 0xC0, 0x10, 0x00, 0x00, 0x00, 0x1E, 0x00, 0x00, 0x1E, 0x3F, 0xFF, 0x1E, 0x3F, 0xFF,
    0x1E, 0x3F, 0xFF, 0x1E, 0x07, 0x8F, 0x1F, 0xE7, 0x8F, 0x7F, 0xE7, 0x8F, 0xFF, 0xE7, 0x8F, 0xFF,
    0xC7, 0x8F, 0x7E, 0x07, 0x8F, 0x1E, 0x07, 0x8F, 0x1E, 0x07, 0x8F, 0x1E, 0x07, 0x0F, 0x1E, 0x67,
    0x0F, 0x1F, 0xEF, 0x0F, 0x1F, 0xEF, 0x0F, 0x1F, 0xFF, 0x0F, 0x3F, 0x9E, 0x0E, 0x3E, 0x3E, 0x1E,
    0x18, 0x7C, 0x1E, 0x00, 0xF9, 0xFE, 0x00, 0xF8, 0xFC, 0x00, 0x70, 0xFC, 0x00, 0x40, 0x00, 0x01,
    0x80, 0x06, 0x03, 0xC0, 0x0F, 0x03, 0xC0, 0x0F, 0x07, 0xE1, 0xEF, 0x07, 0xF1, 0xEF, 0x0F, 0xF9,
    0xEF, 0x1F, 0x7D, 0xEF, 0x3E, 0x3D, 0xEF, 0x7C, 0x1F, 0xEF, 0xF8, 0x1F, 0xEF, 0x7F, 0xFD, 0xEF,
    0x3F, 0xF9, 0xEF, 0x1F, 0xF9, 0xEF, 0x1E, 0x39, 0xEF, 0x1E, 0x39, 0xEF, 0x1E, 0x79, 0xEF, 0x1F,
    0xF9, 0xEF, 0x1F, 0xF1, 0xEF, 0x1F, 0xEC, 0x0F, 0x1E, 0x0E, 0x0F, 0x1E, 0x0E, 0x0F, 0x1F, 0xFE,
    0x0F, 0x1F, 0xFE, 0xFE, 0x0F, 0xFC, 0xFE, 0x00, 0x00, 0xFC, 0x00, 0x00, 0x00, 0x3F, 0xFF, 0x07,
    0x3F, 0xFF, 0x07, 0x3F, 0xFF, 0x77, 0x3B, 0xF7, 0x77, 0x3B, 0xF7, 0x77, 0x3B, 0xF7, 0x77, 0x3B,
    0xF7, 0x77, 0x3B, 0xF7, 0x77, 0x3B, 0xF7, 0x77, 0x7F, 0xFF, 0xF7, 0x7F, 0xFF, 0xF7, 0x7F, 0xFF,
    0xF7, 0x3B, 0xF7, 0x77, 0x3B, 0xF7, 0x77, 0x3B, 0xF7, 0x77, 0x3B, 0xF7, 0x77, 0x3B, 0xF7, 0x77,
    0x3B, 0xF7, 0x67, 0x3B, 0xF7, 0x07, 0x7B, 0xF7, 0x07, 0x73, 0xF7, 0x0F, 0x7F, 0xFF, 0x7F, 0x7F,
    0xFF, 0x3E, 0x2E, 0x6E, 0x3C, 0x00, 0x00, 0x1C, 0x00, 0x00, 0x3F, 0xFF, 0xF0, 0x7F, 0xFF, 0xFE,
    0xFF, 0xFF, 0xFD, 0xE3, 0xDC, 0x7B, 0xCF, 0x3C, 0xF7, 0x9E, 0x79, 0xEF, 0x7F, 0xFB, 0xDE, 0xFF,
    0xFF, 0xBD, 0xFF, 0xFF, 0x79, 0xFC, 0x9E, 0xF0, 0x78, 0x3D, 0xE0, 0xF0, 0x7B, 0xDF, 0xFE, 0xF7,
    0xBF, 0xFD, 0xEF, 0x7F, 0xFB, 0xDE, 0x0F, 0x07, 0xBC, 0x1E, 0x2F, 0x78, 0x3F, 0xE0, 0xFF, 0xFF,
    0xC1, 0xFF, 0xFF, 0x3F, 0xFF, 0xC0, 0x3F, 0x30, 0x00, 0x7C, 0x03, 0xC0, 0x06, 0x3F, 0xC0, 0x0F,
    0x3F, 0xC0, 0xEF, 0x3F, 0xC0, 0xEF, 0x3F, 0xFC, 0xEF, 0x7F, 0xFC, 0xEF, 0x7F, 0xFC, 0xEF, 0xF3,
    0xC0, 0xEF, 0x7F, 0xFE, 0xEF, 0x7F, 0xFE, 0xEF, 0x7F, 0xFE, 0xEF, 0x03, 0xC0, 0xEF, 0x03, 0xC0,
    0xEF, 0x3F, 0xFE, 0xEF, 0x3F, 0xFE, 0xEF, 0x3F, 0xFE, 0xEF, 0x3B, 0xDE, 0xEF, 0x3B, 0xDE, 0xEF,
    0x3B, 0xDE, 0x0F, 0x3B, 0xDE, 0x0F, 0x3B, 0xFE, 0x0F, 0x3B, 0xFC, 0x0F, 0x3B, 0xF8, 0x7F, 0x03,
    0xC0, 0x7E, 0x03, 0xC0, 0x7E, 0x00, 0x00, 0x00, 0x00, 0x00, 0x0F, 0x3F, 0xFE, 0x0F, 0x3F, 0xFF,
    0xEF, 0x3F, 0xFF, 0xEF, 0x38, 0x1F, 0xEF, 0x3F, 0xFF, 0xEF, 0x3F, 0xFF, 0xEF, 0x3F, 0xFF, 0xEF,
    0x38, 0xE1, 0xEF, 0x38, 0xE1, 0xEF, 0x3F, 0xFF, 0xEF, 0x3F, 0xFF, 0xEF, 0x3F, 0xFF, 0xEF, 0x3E,
    0xEF, 0xEF, 0x3E, 0xEF, 0xEF, 0x3E, 0xEF, 0xEF, 0x7E, 0xEF, 0xEF, 0x7E, 0xEE, 0xCF, 0x7E, 0xFE,
    0x0F, 0x7E, 0xFE, 0x0F, 0x7E, 0xFC, 0x0F, 0xF6, 0xE0, 0x7F, 0x60, 0xE0, 0x7E, 0x20, 0xE0, 0x7E,
    0x06, 0x00, 0xC0, 0x3E, 0x03, 0xE0, 0x3C, 0x07, 0x80, 0x3C, 0x1F, 0x0F, 0xFF, 0xFF, 0xFF, 0xFF,
    0xFF, 0xFF, 0xFF, 0xFF, 0x80, 0x00, 0x00, 0x00, 0x00, 0x3C, 0xFF, 0xEF, 0x79, 0xFF, 0xDE, 0xF3,
    0xFF, 0xBD, 0xE7, 0x8F, 0x7B, 0xCF, 0xFE, 0xF7, 0x9F, 0xFD, 0xEF, 0x3F, 0xFB, 0xDE, 0x78, 0xF7,
    0xBC, 0xFF, 0xEF, 0x79, 0xFF, 0xDE, 0xF3, 0xFF, 0xBD, 0xE7, 0x8F, 0x03, 0xCF, 0x1E, 0x07, 0x9E,
    0xFC, 0x7F, 0x3D, 0xF0, 0xFE, 0x7B, 0xC0, 0xF8, 0x07, 0x01, 0xC0, 0x0F, 0x07, 0x81, 0xFF, 0xFF,
    0xF7, 0xFF, 0xFF, 0xFF, 0xFF, 0xFF, 0xE0, 0x00, 0x00, 0x0F, 0xFD, 0xCE, 0x1F, 0xFB, 0x9C, 0x38,
    0xF7, 0x38, 0x7F, 0xEE, 0x70, 0xFF, 0xDC, 0xE1, 0xFF, 0xB9, 0xC3, 0xFF, 0x73, 0x87, 0x1E, 0x07,
    0x0E, 0x78, 0x7E, 0x1C, 0xF0, 0x78, 0x7F, 0xFF, 0xF8, 0xFF, 0xFF, 0xF1, 0xFF, 0xFF, 0xE0, 0x0F,
    0x81, 0xC0, 0x3E, 0x07, 0x87, 0xF8, 0x0F, 0x3F, 0xE1, 0xFE, 0x3F, 0x83, 0xF8, 0x78, 0x07, 0xE0,
    0x00, 0x03, 0x80, 0x00, 0x03, 0xC0, 0x00, 0x03, 0xC0, 0x7F, 0xE3, 0xC0, 0x7F, 0xE3, 0xC0, 0x7F,
    0xFF, 0xC0, 0x0F, 0x3F, 0xFF, 0x0F, 0x3F, 0xFF, 0x0F, 0x3F, 0xFF, 0x0F, 0x03, 0x8F, 0x0F, 0x03,
    0x8F, 0x0F, 0x07, 0x8F, 0x0F, 0x07, 0x8F, 0x0F, 0x07, 0x8F, 0x0F, 0x67, 0x8F, 0x0F, 0xE7, 0x0F,
    0x7F, 0xEF, 0x0F, 0xFF, 0xEF, 0x0E, 0x7F, 0x9F, 0x0E, 0x78, 0x3E, 0x1E, 0x00, 0x7C, 0x1E, 0x00,
    0xFD, 0xFE, 0x00, 0xF8, 0xFE, 0x00, 0x70, 0xFC, 0x00, 0x40, 0x00, 0x0E, 0x00, 0x00, 0x0F, 0x00,
    0x00, 0x0F, 0x00, 0x00, 0x0F, 0x03, 0xFE, 0x0F, 0x03, 0xFE, 0x7F, 0xFB, 0xFE, 0x7F, 0xFB, 0x8E,
    0x7F, 0xFB, 0x8E, 0x0E, 0x7B, 0x8E, 0x0E, 0x7B, 0x8E, 0x0E, 0x7B, 0x8E, 0x0E, 0x7B, 0x8E, 0x0E,
    0x7B, 0x8E, 0x1E, 0x7B, 0x8E, 0x1E, 0x7B, 0x8E, 0x1E, 0x7B, 0x8E, 0x1E, 0x7B, 0x8E, 0x1C, 0x7B,
    0x8E, 0x3C, 0x7B, 0x8E, 0x3C, 0x73, 0xFE, 0x78, 0xF3, 0xFE, 0x7F, 0xF3, 0xFE, 0xF3, 0xF3, 0x8E,
    0x73, 0xE3, 0x8E, 0x20, 0x00, 0x00, 0x01, 0xC0, 0x00, 0x01, 0xE0, 0x00, 0x03, 0xE0, 0x00, 0x07,
    0xFF, 0xF8, 0x0F, 0xFF, 0xFC, 0x3F, 0xFF, 0xF8, 0x7F, 0x83, 0xF0, 0x7F, 0xEF, 0xE0, 0x33, 0xFF,
    0x80, 0x03, 0xFF, 0xC0, 0xFF, 0xFF, 0xFE, 0xFF, 0xFF, 0xFE, 0x7F, 0x71, 0xFC, 0x60, 0x78, 0x00,
    0x00, 0x78, 0x00, 0x3F, 0xFF, 0xFC, 0x3F, 0xFF, 0xF8, 0x3F, 0xFF, 0xF8, 0x01, 0xE0, 0x78, 0x03,
    0xC0, 0x78, 0x0F, 0xC0, 0x78, 0x3F, 0x80, 0xF0, 0xFF, 0x1F, 0xF0, 0x7C, 0x0F, 0xE0, 0x70, 0x0F,
    0xC0, 0x00, 0x03, 0x80, 0x00, 0x07, 0x81, 0xFF, 0x8F, 0x03, 0xFF, 0x1E, 0x07, 0xFE, 0x3C, 0x00,
    0x00, 0x78, 0x00, 0x07, 0xFF, 0x80, 0x0F, 0xFF, 0xFF, 0xFF, 0xFF, 0xFF, 0xE7, 0xBF, 0xFF, 0xCE,
    0x78, 0xF0, 0x1C, 0xF1, 0xC0, 0x39, 0xE7, 0xB8, 0xF3, 0xCF, 0x79, 0xE7, 0x9C, 0x73, 0xCF, 0x78,
    0xF7, 0x9E, 0xFF, 0xEE, 0x3F, 0xFF, 0xFC, 0x7F, 0xFF, 0xF8, 0xFF, 0xE7, 0xE3, 0xCC, 0x07, 0xFF,
    0x80, 0x0F, 0x7F, 0x00, 0x0E, 0xFC, 0x00, 0x08, 0x00, 0xFF, 0xFF, 0xFF, 0xFF, 0xFF, 0xFF, 0xFF,
    0xFF, 0xF8, 0xF1, 0xC0, 0xE3, 0xC7, 0x03, 0x8F, 0x1C, 0x0E, 0x3C, 0x70, 0x38, 0xF1, 0xC0, 0xE3,
    0xC7, 0x03, 0x8E, 0x1C, 0x4E, 0x78, 0x71, 0xF9, 0xE1, 0xCF, 0xEF, 0x87, 0x3F, 0xFC, 0x1F, 0xFF,
    0xF0, 0x7F, 0xBB, 0x80, 0xFC, 0xE4, 0x00, 0x03, 0x80, 0x00, 0x0F, 0xFF, 0xFF, 0xFF, 0xFF, 0xFF,
    0xFF, 0xFF, 0xFC, 0x01, 0xE0, 0x00, 0x0F, 0x00, 0x00, 0x78, 0x00, 0x03, 0xC0, 0x00, 0x1E, 0x00,
    0x00, 0xFF, 0xFC, 0x07, 0xFF, 0xE0, 0x3F, 0xFF, 0x01, 0xE0, 0x00, 0x0F, 0x00, 0x00, 0x78, 0x00,
    0x03, 0xC0, 0x0F, 0xFF, 0xFE, 0x7F, 0xFF, 0xF3, 0xFF, 0xFF, 0x9E, 0x00, 0x3C, 0xF0, 0x01, 0xE7,
    0x80, 0x0F, 0x3C, 0x00, 0x79, 0xE0, 0x03, 0xCF, 0xFF, 0xFE, 0x7F, 0xFF, 0xF3, 0xFF, 0xFF, 0x9E,
    0x00, 0x3C, 0xF0, 0x01, 0xE0, 0x00, 0x78, 0x00, 0x00, 0xF0, 0x00, 0x01, 0xE0, 0x00, 0x03, 0xFF,
    0xC0, 0x07, 0xFF, 0x80, 0x0F, 0xFF, 0x00, 0x1E, 0x00, 0x00, 0x3C, 0x00, 0x00, 0x78, 0x00, 0x00,
    0xF0, 0x03, 0xFF, 0xFF, 0xFF, 0xFF, 0xFF, 0xFF, 0xFF, 0xFF, 0xE0, 0x0F, 0x00, 0x00, 0x1E, 0x00,
    0x00, 0x3F, 0x80, 0x00, 0x7F, 0xC0, 0x00, 0xFF, 0xF0, 0x01, 0xEF, 0xF0, 0x03, 0xC7, 0xE0, 0x07,
    0x83, 0x80, 0x0F, 0x00, 0x00, 0x1E, 0x00, 0x00, 0x3C, 0x00, 0x00, 0x78, 0x00, 0x3F, 0xFF, 0xFF,
    0x3F, 0xFF, 0xFF, 0x3F, 0xFF, 0xFF, 0x3C, 0x0F, 0x00, 0x3C, 0x0F, 0x00, 0x3D, 0xFF, 0xFC, 0x3D,
    0xFF, 0xFC, 0x3D, 0xFF, 0xFC, 0x3D, 0xE0, 0x1C, 0x3D, 0xFF, 0xFC, 0x3D, 0xFF, 0xFC, 0x3D, 0xE0,
    0x1C, 0x3D, 0xE0, 0x1C, 0x3D, 0xFF, 0xFC, 0x3D, 0xFF, 0xFC, 0x3D, 0xFF, 0xFC, 0x38, 0xE7, 0x38,
    0x38, 0xF7, 0x78, 0x79, 0xE7, 0x3C, 0x7B, 0xE7, 0x1E, 0x7F, 0xC7, 0x1F, 0xF7, 0xBF, 0x0F, 0x31,
    0x3F, 0x06, 0x00, 0x1E, 0x00, 0x7F, 0xF8, 0x00, 0x3F, 0xFC, 0x00, 0x1F, 0xFF, 0xFF, 0xC7, 0x9D,
    0xFF, 0xE3, 0xCE, 0xFF, 0xF1, 0xE7, 0x3C, 0x78, 0xFF, 0x8E, 0x38, 0x7F, 0xC7, 0x1C, 0x3F, 0xE3,
    0x9E, 0x1E, 0x71, 0xEF, 0x0F, 0x38, 0xF7, 0x87, 0xFC, 0x3F, 0x83, 0xFE, 0x1F, 0xC1, 0xFF, 0x0F,
    0xE0, 0xF3, 0x83, 0xE0, 0x79, 0xF1, 0xF0, 0x3F, 0xF8, 0xF8, 0x3F, 0xFE, 0xFC, 0x1F, 0xFE, 0x7F,
    0x0F, 0xFC, 0x7F, 0xC7, 0x0E, 0xFD, 0xF0, 0x07, 0x7C, 0x7C, 0x03, 0xBC, 0x1C, 0x01, 0xCC, 0x04,
    0x00, 0x00, 0x07, 0xFF, 0xFF, 0xFF, 0xFF, 0xFF, 0xFF, 0xFF, 0xFF, 0x00, 0x07, 0xF8, 0x00, 0x3F,
    0xC0, 0x01, 0xFE, 0x00, 0x0F, 0xF0, 0x00, 0x7F, 0x80, 0x03, 0xFC, 0x00, 0x1F, 0xE0, 0x00, 0xFF,
    0x00, 0x07, 0xF8, 0x00, 0x3F, 0xC0, 0x01, 0xFE, 0x00, 0x0F, 0xF0, 0x00, 0x7F, 0xFF, 0xFF, 0xFF,
    0xFF, 0xFF, 0xFF, 0xFF, 0xFF, 0x00, 0x07, 0xF8, 0x00, 0x3D, 0xC0, 0x00, 0x00, 0xFF, 0xFF, 0xFF,
    0xFF, 0xFF, 0xFF, 0xFF, 0xFF, 0xF8, 0x00, 0x07, 0x80, 0x00, 0x0F, 0x00, 0x00, 0x1E, 0x0F, 0xFF,
    0x3C, 0x1F, 0xFE, 0x78, 0x3F, 0xFC, 0xF0, 0x78, 0x79, 0xE0, 0xF0, 0xF3, 0xC1, 0xE1, 0xE7, 0x83,
    0xC3, 0xCF, 0x07, 0xFF, 0x9E, 0x0F, 0xFF, 0x3C, 0x1F, 0xFE, 0x78, 0x3C, 0x00, 0xF0, 0x78, 0x01,
    0xE0, 0xF0, 0x03, 0xC0, 0x00, 0x47, 0x80, 0x01, 0xFF, 0x00, 0x01, 0xFE, 0x00, 0x03, 0xF8, 0x00,
    0x00, 0x70, 0x00, 0x00, 0x78, 0x00, 0x00, 0x78, 0x00, 0x00, 0xF0, 0x00, 0x00, 0xF0, 0x00, 0x7F,
    0xFF, 0xFF, 0x7F, 0xFF, 0xFF, 0x7F, 0xFF, 0xFF, 0x01, 0xE0, 0x00, 0x03, 0xC0, 0x00, 0x03, 0xC0,
    0x00, 0x07, 0x80, 0x00, 0x07, 0xFF, 0xFC, 0x0F, 0xFF, 0xFC, 0x1F, 0xFF, 0xFC, 0x3F, 0xC0, 0x3C,
    0x7F, 0xC0, 0x3C, 0xFB, 0xC0, 0x3C, 0x73, 0xC0, 0x3C, 0x23, 0xC0, 0x3C, 0x03, 0xFF, 0xFC, 0x03,
    0xFF, 0xFC, 0x03, 0xFF, 0xFC, 0x03, 0xC0, 0x3C, 0x03, 0xC0, 0x3C, 0x1F, 0xFF, 0xF0, 0x3F, 0xFF,
    0xE0, 0x7F, 0xFF, 0xC0, 0xF0, 0x07, 0x81, 0xE0, 0x0F, 0x03, 0xFF, 0xFE, 0x07, 0xFF, 0xFC, 0x0F,
    0xFF, 0xF8, 0x00, 0x00, 0x00, 0x00, 0x00, 0x03, 0xFF, 0xFF, 0xFF, 0xFF, 0xFF, 0xFF, 0xFF, 0xFF,
    0xE1, 0xE0, 0x00, 0x03, 0xFF, 0xFC, 0x07, 0xFF, 0xF8, 0x1F, 0xFF, 0xF0, 0x00, 0x01, 0xE0, 0x00,
    0x03, 0xC0, 0x00, 0x0F, 0x00, 0x02, 0x3E, 0x00, 0x0F, 0xFC, 0x00, 0x0F, 0xF0, 0x00, 0x1F, 0xC0,
    0x7F, 0xFF, 0xFF, 0xFF, 0xFF, 0xFF, 0xFF, 0xFF, 0xFF, 0x80, 0x00, 0xFF, 0x00, 0x01, 0xFE, 0xFF,
    0xFB, 0xFD, 0xFF, 0xF7, 0xFB, 0xFF, 0xEF, 0xF0, 0x00, 0x1F, 0xE0, 0x00, 0x3F, 0xCF, 0xFE, 0x7F,
    0x9F, 0xFC, 0xFF, 0x3F, 0xF9, 0xFE, 0x78, 0xF3, 0xFC, 0xF1, 0xE7, 0xF9, 0xE3, 0xCF, 0xF3, 0xFF,
    0x9F, 0xE7, 0xFF, 0x3F, 0xCF, 0xFE, 0x7F, 0x9E, 0x00, 0xFF, 0x38, 0x01, 0xFE, 0x00, 0x3F, 0xBC,
    0x00, 0x3F, 0x78, 0x00, 0x7C, 0x00, 0x78, 0x00, 0x03, 0xE0, 0x00, 0x1F, 0x00, 0x00, 0xFF, 0xFE,
    0x07, 0xFF, 0xFC, 0x7F, 0xFF, 0xE3, 0xF0, 0x0F, 0x1F, 0xA0, 0x7C, 0x3F, 0xC3, 0xE0, 0x4F, 0xBF,
    0x00, 0x1F, 0xF8, 0x00, 0x3F, 0xC0, 0x01, 0xFE, 0x00, 0x3F, 0xFF, 0xF7, 0xFF, 0xFF, 0xDF, 0xFF,
    0xFF, 0x7F, 0x80, 0x3C, 0xCE, 0x00, 0xF0, 0x38, 0x03, 0xC0, 0xE0, 0x0F, 0x03, 0x80, 0x3C, 0x0F,
    0xFF, 0xF0, 0x3F, 0xFF, 0xC0, 0xFF, 0xFF, 0x03, 0x80, 0x3C, 0x00, 0x00, 0x38, 0x00, 0x1F, 0xFE,
    0x07, 0xFF, 0xFF, 0x83, 0xFF, 0xFF, 0x01, 0xFF, 0xE0, 0x00, 0xF0, 0x00, 0x00, 0x78, 0x00, 0x00,
    0x3F, 0xFF, 0xFF, 0x1F, 0xFF, 0xFF, 0x8F, 0xFF, 0xFF, 0xC7, 0x80, 0x00, 0x03, 0xC0, 0x00, 0x01,
    0xE0, 0x00, 0x00, 0xF7, 0xFF, 0xF0, 0x7B, 0xFF, 0xF8, 0x3D, 0xFF, 0xFC, 0x1C, 0xE0, 0x1E, 0x1E,
    0x70, 0x0F, 0x0F, 0x38, 0x07, 0x87, 0x9C, 0x03, 0xC7, 0x8E, 0x01, 0xE3, 0xC7, 0xFF, 0xF3, 0xE3,
    0xFF, 0xF8, 0xE1, 0xFF, 0xFC, 0x30, 0xE0, 0x1E, 0x00, 0x00, 0xF0, 0x00, 0x07, 0x80, 0x00, 0x7C,
    0x00, 0x03, 0xE0, 0x00, 0x1E, 0x00, 0x7F, 0xFF, 0xFF, 0xFF, 0xFF, 0xFF, 0xFF, 0xFF, 0xF0, 0x00,
    0x3F, 0x80, 0x01, 0xFD, 0xFF, 0xCF, 0xEF, 0xFE, 0x7F, 0x7F, 0xF3, 0xFB, 0xC7, 0x9F, 0xDE, 0x3C,
    0xFE, 0xF1, 0xE7, 0xF7, 0xFF, 0x3F, 0xBF, 0xF9, 0xFD, 0xFF, 0xCF, 0xEF, 0x00, 0x7F, 0x78, 0x03,
    0xF9, 0x80, 0x3F, 0xC0, 0x1F, 0xFE, 0x00, 0x7F, 0xF0, 0x03, 0xF0, 0x7F, 0xFF, 0xFF, 0x3F, 0xFF,
    0xFF, 0x9F, 0xFF, 0xFF, 0xC0, 0x07, 0xC0, 0x00, 0x07, 0xC8, 0x00, 0x0F, 0xEF, 0x00, 0x1F, 0xFF,
    0xE0, 0x3F, 0xFB, 0xFC, 0xFF, 0x9C, 0x7F, 0x3F, 0x8E, 0x0F, 0x8F, 0x07, 0x01, 0x84, 0x03, 0x80,
    0x00, 0xFF, 0xFF, 0x80, 0x7F, 0xFF, 0xC0, 0x3F, 0xFF, 0xE0, 0x1E, 0x00, 0xF0, 0x0F, 0x00, 0x78,
    0x07, 0x80, 0x3C, 0x03, 0xC0, 0x1E, 0x01, 0xFF, 0xFF, 0x00, 0xFF, 0xFF, 0x80, 0x7F, 0xFF, 0xC0,
    0x38, 0x00, 0xE0, 0x00, 0x1C, 0x00, 0x00, 0x78, 0x00, 0x00, 0x78, 0x00, 0x00, 0xF0, 0x01, 0xFF,
    0xFF, 0xE3, 0xFF, 0xFF, 0xC7, 0xFF, 0xFF, 0x8F, 0x00, 0x0F, 0x1E, 0x00, 0x1E, 0x3F, 0xFF, 0xFC,
    0x7F, 0xFF, 0xF8, 0xFF, 0xFF, 0xF1, 0xE0, 0x00, 0x03, 0xC0, 0x00, 0x07, 0xFF, 0xFF, 0x8F, 0xFF,
    0xFF, 0x1F, 0xFF, 0xFE, 0x3B, 0xC0, 0x3C, 0xF7, 0x80, 0x79, 0xEF, 0x00, 0xF7, 0xDF, 0xFF, 0xEF,
    0x3F, 0xFF, 0xDE, 0x7F, 0xFF, 0xB8, 0xF0, 0x0F, 0x31, 0xC0, 0x0E, 0x0C, 0x3C, 0x00, 0x1E, 0x78,
    0x00, 0x78, 0xF0, 0x00, 0xF1, 0xE0, 0x03, 0xFF, 0xFF, 0x87, 0xFF, 0xFF, 0x1F, 0xFF, 0xFE, 0x7C,
    0x1E, 0x00, 0x70, 0x3C, 0x01, 0xFF, 0xFF, 0xFF, 0xFF, 0xFF, 0xFF, 0xFF, 0xFF, 0xF0, 0x00, 0x00,
    0x00, 0x00, 0x00, 0x07, 0xFF, 0xFC, 0x0F, 0xFF, 0xFC, 0x1F, 0xFF, 0xF8, 0x3C, 0x00, 0xF0, 0x78,
    0x01, 0xE0, 0xF0, 0x03, 0xC1, 0xE0, 0x07, 0x83, 0xFF, 0xFF, 0x07, 0xFF, 0xFE, 0x0F, 0xFF, 0xFC,
    0x1E, 0x00, 0x70, 0x00, 0x00, 0x00, 0x00, 0x06, 0x00, 0x00, 0x07, 0x80, 0x00, 0x0F, 0xC0, 0x00,
    0x0F, 0xF8, 0x00, 0x1F, 0xFE, 0x00, 0x3F, 0x8F, 0xE0, 0xFF, 0x83, 0xFE, 0xFF, 0xFF, 0xFF, 0xBF,
    0xFF, 0xFF, 0x8E, 0x7F, 0xF3, 0x80, 0x00, 0x00, 0x03, 0xFE, 0x7F, 0xE1, 0xFF, 0x3F, 0xF0, 0xFF,
    0x9F, 0xF8, 0x79, 0xCE, 0x3C, 0x3C, 0xE7, 0x1E, 0x1E, 0x73, 0x8F, 0x0F, 0x39, 0xC7, 0x87, 0xFC,
    0xE3, 0xC3, 0xFE, 0x77, 0xE1, 0xFF, 0x3B, 0xE0, 0xF0, 0x1D, 0xE0, 0x78, 0x0E, 0x00, 0x00, 0x07,
    0x00, 0x00, 0x03, 0x80, 0x00, 0x00, 0x03, 0x80, 0x00, 0x07, 0x80, 0xFF, 0x07, 0xC0, 0xFF, 0x0F,
    0xC0, 0xFF, 0x0F, 0xE0, 0xF7, 0x1E, 0xF0, 0xF7, 0x3E, 0xF8, 0xF7, 0x3C, 0x7C, 0xF7, 0x7C, 0x7E,
    0xF7, 0xFF, 0xFF, 0xF7, 0xFF, 0xFE, 0xF7, 0x7F, 0xFC, 0xF7, 0x00, 0x00, 0xF7, 0x00, 0x00, 0xF7,
    0x3F, 0xF8, 0xFF, 0x3F, 0xF8, 0xFF, 0x3F, 0xF8, 0xFF, 0x38, 0x78, 0xF0, 0x38, 0x78, 0xF0, 0x38,
    0x78, 0xE0, 0x38, 0x78, 0x00, 0x3F, 0xF8, 0x00, 0x3F, 0xF8, 0x00, 0x3F, 0xF8, 0x00, 0x38, 0x78,
    0x1F, 0xF7, 0xFC, 0x0F, 0xFB, 0xFE, 0x07, 0xFD, 0xFF, 0x03, 0x9E, 0xF3, 0x81, 0xCF, 0x79, 0xC0,
    0xFF, 0xBF, 0xE0, 0x7F, 0xDF, 0xF0, 0x3F, 0xEF, 0xF8, 0x00, 0x79, 0xF0, 0x00, 0x3C, 0xFC, 0x1F,
    0xFF, 0xFF, 0xCF, 0xFF, 0xFF, 0xE7, 0xFF, 0xFF, 0xF0, 0x3E, 0x1F, 0x80, 0x7E, 0x07, 0xE0, 0xFF,
    0xEF, 0xFE, 0xFF, 0xF7, 0xFF, 0xBF, 0xFB, 0xFF, 0x8F, 0x3D, 0xE7, 0x83, 0x9E, 0xF3, 0x81, 0xFF,
    0x7F, 0xC0, 0xFF, 0xBF, 0xE0, 0x7F, 0xDF, 0xF0, 0x38, 0x0F, 0x00, 0xFF, 0xFF, 0xFF, 0xFF, 0xFF,
    0xFF, 0xFF, 0xFF, 0xFF, 0x80, 0x00, 0xFF, 0x00, 0x01, 0xFE, 0x00, 0x03, 0xFC, 0xFF, 0xE7, 0xF9,
    0xFF, 0xCF, 0xF3, 0xFF, 0x9F, 0xE7, 0x0F, 0x3F, 0xCE, 0x1E, 0x7F, 0x9C, 0x3C, 0xFF, 0x38, 0x79,
    0xFE, 0x70, 0xF3, 0xFC, 0xFF, 0xE7, 0xF9, 0xFF, 0xCF, 0xF3, 0xFF, 0x9F, 0xE0, 0x00, 0x3F, 0xC0,
    0x00, 0x7F, 0xFF, 0xFF, 0xFF, 0xFF, 0xFF, 0xFF, 0xFF, 0xFF, 0xFC, 0x00, 0x07, 0xF8, 0x00, 0x0F,
    0xFF, 0xFF, 0xFF, 0xFF, 0xFF, 0xFF, 0xFF, 0xFF, 0xFF, 0x80, 0x00, 0xFF, 0x03, 0x81, 0xFE, 0x07,
    0x03, 0xFC, 0x0E, 0x07, 0xFF, 0xFF, 0xFF, 0xFF, 0xFF, 0xFF, 0xFF, 0xFF, 0xFF, 0xC1, 0xE0, 0x7F,
    0x83, 0xC0, 0xFF, 0x07, 0xE1, 0xFE, 0x1F, 0xE3, 0xFC, 0x7F, 0xE7, 0xF9, 0xF3, 0xEF, 0xF7, 0xE3,
    0xDF, 0xEF, 0x83, 0xFF, 0xDE, 0x07, 0x7F, 0x90, 0x00, 0xFF, 0xFF, 0xFF, 0xFF, 0xFF, 0xFF, 0xFF,
    0xFF, 0xFF, 0xF8, 0x00, 0x0F, 0xFF, 0xFF, 0xFF, 0xFF, 0xFF, 0xFF, 0xFF, 0xFF, 0xFF, 0x81, 0xC0,
    0xFF, 0x03, 0x81, 0xFF, 0xFF, 0xFB, 0xFF, 0xFF, 0xF7, 0xFB, 0xFF, 0xEF, 0xF3, 0xFF, 0x9F, 0xEF,
    0xFF, 0xBF, 0xDF, 0xFF, 0x7F, 0x81, 0xC0, 0xFF, 0xFF, 0xFF, 0xFF, 0xFF, 0xFF, 0xFF, 0xFF, 0xFF,
    0xF8, 0x1C, 0xFF, 0xF0, 0x3F, 0xFF, 0xE0, 0x7F, 0xBF, 0xC0, 0xFF, 0x7F, 0x80, 0x00, 0xFF, 0xFF,
    0xFF, 0xFF, 0xFF, 0xFF, 0xFF, 0xFF, 0xFF, 0xF8, 0x00, 0x0F, 0xFF, 0xFF, 0xFF, 0xFF, 0xFF, 0xFF,
    0xFF, 0xFF, 0xFF, 0x87, 0x80, 0xFF, 0x1F, 0x01, 0xFE, 0x7F, 0xFB, 0xFD, 0xFF, 0xF7, 0xFF, 0xFF,
    0xCF, 0xFF, 0xFF, 0x9F, 0xED, 0xFC, 0x3F, 0xC7, 0xFE, 0x7F, 0xFF, 0xFF, 0xFF, 0xFE, 0x7F, 0xFF,
    0xFF, 0xBF, 0xFC, 0x3F, 0xC7, 0xF8, 0x8F, 0x0F, 0xF3, 0xFE, 0x1F, 0xE7, 0xFF, 0x3F, 0xC3, 0xFE,
    0x7F, 0x80, 0x3C, 0xFF, 0xFF, 0xFF, 0xFF, 0xFF, 0xFF, 0xFF, 0xFF, 0xFF, 0xF8, 0x00, 0x0F, 0x00,
    0x60, 0x00, 0x00, 0x78, 0x00, 0x00, 0xF0, 0x00, 0x00, 0xF0, 0x00, 0x7F, 0xFF, 0xFF, 0x7F, 0xFF,
    0xFF, 0x7F, 0xFF, 0xFF, 0x03, 0xC0, 0x00, 0x07, 0xC3, 0xC0, 0x07, 0x83, 0xC0, 0x0F, 0x83, 0xC0,
    0x1F, 0x03, 0xC0, 0x3F, 0x7F, 0xFE, 0x7F, 0x7F, 0xFE, 0xFF, 0x7F, 0xFE, 0x7F, 0x03, 0xC0, 0x7F,
    0x03, 0xC0, 0x0F, 0x03, 0xC0, 0x0F, 0x03, 0xC0, 0x0F, 0x03, 0xC0, 0x0F, 0x03, 0xC0, 0x0F, 0xFF,
    0xFF, 0x0F, 0xFF, 0xFF, 0x0F, 0xFF, 0xFF, 0x0E, 0x00, 0x00, 0x0E, 0x01, 0xE0, 0x0F, 0x00, 0xF0,
    0x07, 0x8E, 0x78, 0x03, 0xC7, 0xBC, 0x01, 0xE3, 0xDE, 0x40, 0xF1, 0xEF, 0xFB, 0xFE, 0xF7, 0xFD,
    0xFF, 0x7F, 0xFE, 0xFF, 0xBF, 0xFF, 0x0F, 0x3F, 0xF7, 0x87, 0xBF, 0xFB, 0xC3, 0xDF, 0xBD, 0xE1,
    0xEF, 0xDE, 0xF0, 0xF3, 0xEF, 0x78, 0x7A, 0xF7, 0xB8, 0x3F, 0xFB, 0xFC, 0x1F, 0xFD, 0xFE, 0x7F,
    0xDE, 0xFE, 0x3F, 0x8F, 0x71, 0xCF, 0x07, 0x80, 0xF6, 0x03, 0xC0, 0x78, 0x01, 0xFF, 0xF8, 0x00,
    0x7F, 0xFC, 0x00, 0x3F, 0xFC, 0x0E, 0x00, 0xE0, 0x07, 0x00, 0x70, 0x03, 0x80, 0x38, 0x01, 0xC0,
    0x1C, 0x00, 0xE0, 0x0E, 0x00, 0x70, 0x07, 0x01, 0xFF, 0xF3, 0x81, 0xFF, 0xF9, 0xC0, 0xFF, 0xFC,
    0xE0, 0x07, 0x1E, 0x7F, 0x83, 0x8F, 0x3F, 0xC1, 0xC7, 0x9F, 0xE0, 0xE3, 0xCE, 0x00, 0x71, 0xE7,
    0x00, 0x3B, 0xF3, 0x80, 0x1F, 0xF9, 0xC0, 0x1F, 0xFC, 0xE0, 0x7F, 0xFE, 0x70, 0x1F, 0xCF, 0x38,
    0x0F, 0x07, 0x9C, 0x06, 0x03, 0xCE, 0x00, 0x0F, 0xFF, 0xFC, 0x07, 0xFF, 0xFE, 0x03, 0xFF, 0xFF,
    0x00, 0xF0, 0x00, 0x00, 0x78, 0x00, 0x00, 0x7F, 0xFC, 0x00, 0xFF, 0xFF, 0x00, 0xFF, 0xFF, 0x81,
    0xFE, 0x0F, 0x81, 0xFF, 0x9F, 0x80, 0x7B, 0xFF, 0x80, 0x10, 0xFF, 0x80, 0x03, 0xFF, 0xFE, 0x3F,
    0xFF, 0xFF, 0xEF, 0xFC, 0x7F, 0xE7, 0xF0, 0x07, 0xF3, 0xFF, 0xFF, 0xC0, 0x7F, 0xFF, 0xE0, 0x3F,
    0xFF, 0xF0, 0x1E, 0x3C, 0x78, 0x0F, 0xFF, 0xFC, 0x07, 0xFF, 0xFE, 0x03, 0xFF, 0xFF, 0x01, 0xE3,
    0xC7, 0x80, 0xFF, 0xFF, 0xC0, 0x7F, 0xFF, 0xE0, 0x3F, 0xFF, 0xF0, 0x1E, 0x00, 0x78, 0x00, 0x03,
    0x00, 0x00, 0x03, 0xC0, 0x00, 0x03, 0xFF, 0xFF, 0x81, 0xFF, 0xFF, 0xC1, 0xFF, 0xFF, 0xE1, 0xF0,
    0x00, 0x01, 0xFF, 0xFF, 0xF0, 0xFF, 0xFF, 0xF8, 0x37, 0x00, 0x3C, 0x03, 0xFF, 0xFE, 0x01, 0xFF,
    0xFF, 0x00, 0xE0, 0x07, 0x80, 0x7F, 0xFF, 0xC0, 0x3F, 0xFF, 0xE0, 0x07, 0x80, 0x00, 0x07, 0xFF,
    0xE0, 0x07, 0xFF, 0xF8, 0x0F, 0xFF, 0xFC, 0x0F, 0xF0, 0x7C, 0x07, 0xFE, 0xFC, 0x01, 0x8F, 0xFC,
    0x00, 0x7F, 0xFF, 0xE3, 0xFF, 0xFF, 0xFC, 0xFF, 0xC7, 0xFE, 0x7E, 0x00, 0x1E, 0x00, 0x07, 0x03,
    0xC0, 0x07, 0x81, 0xE0, 0x03, 0xC0, 0xF0, 0x01, 0xE0, 0x78, 0x00, 0xFF, 0xFC, 0x00, 0xFF, 0xFE,
    0x00, 0x7F, 0xFF, 0x00, 0x3C, 0x7F, 0x80, 0x3C, 0x7B, 0xF0, 0x1E, 0x3D, 0xFC, 0x1E, 0x1E, 0xFF,
    0x1F, 0xCF, 0x7F, 0xC7, 0xFF, 0x3F, 0xF1, 0xFF, 0x9E, 0xF8, 0x1F, 0xCF, 0x3C, 0x03, 0xC7, 0x8C,
    0x03, 0xE3, 0xC0, 0x01, 0xE1, 0xE0, 0x01, 0xF0, 0xF0, 0x01, 0xF0, 0x78, 0x03, 0xF0, 0x3C, 0x03,
    0xF8, 0x1E, 0x01, 0xF0, 0x0F, 0x00, 0x70, 0x07, 0x80, 0x10, 0x03, 0xC0, 0x00, 0x00, 0x3C, 0x00,
    0x00, 0x1E, 0x00, 0x00, 0x0F, 0x00, 0x00, 0x07, 0x80, 0x00, 0x03, 0xC0, 0x00, 0x01, 0xE0, 0x00,
    0x00, 0xF0, 0x00, 0xFF, 0xFF, 0xFE, 0x7F, 0xFF, 0xFF, 0x3F, 0xFF, 0xFF, 0x80, 0x1F, 0xC0, 0x00,
    0x0F, 0xE0, 0x00, 0x07, 0xF0, 0x00, 0x03, 0xFC, 0x00, 0x03, 0xDE, 0x00, 0x01, 0xEF, 0x80, 0x01,
    0xF3, 0xC0, 0x01, 0xF1, 0xF0, 0x01, 0xF0, 0x7C, 0x01, 0xF8, 0x1F, 0x01, 0xF8, 0x0F, 0xE3, 0xF8,
    0x03, 0xF9, 0xF8, 0x00, 0xFC, 0x70, 0x00, 0x1C, 0x10, 0x00, 0x04, 0x00, 0x06, 0x3C, 0x00, 0x07,
    0x9E, 0x00, 0x03, 0xCF, 0x00, 0x01, 0xE7, 0x80, 0x01, 0xFF, 0xFF, 0xC0, 0xFF, 0xFF, 0xE0, 0xFF,
    0xFF, 0xF0, 0x78, 0x78, 0x00, 0x7C, 0x3C, 0x00, 0x3C, 0x1E, 0x00, 0x06, 0x0F, 0x00, 0x00, 0x07,
    0x80, 0x07, 0xFF, 0xFF, 0xF3, 0xFF, 0xFF, 0xF9, 0xFF, 0xFF, 0xFC, 0x00, 0xFE, 0x00, 0x00, 0xFF,
    0x00, 0x00, 0x7F, 0xC0, 0x00, 0x7D, 0xF0, 0x00, 0xFC, 0x7E, 0x01, 0xFC, 0x1F, 0xC3, 0xFC, 0x07,
    0xFD, 0xFC, 0x01, 0xFC, 0xF8, 0x00, 0x3E, 0x30, 0x00, 0x06, 0x00, 0x1E, 0x03, 0x80, 0x0F, 0x01,
    0xE0, 0x07, 0x80, 0xF0, 0x03, 0x80, 0xF0, 0x01, 0xC0, 0x7B, 0x83, 0xFE, 0x79, 0xE1, 0xFF, 0x3C,
    0x78, 0xFF, 0xBC, 0x3C, 0x3F, 0xFF, 0xFF, 0x1D, 0xFF, 0xFF, 0x8E, 0xFF, 0xFF, 0xE7, 0x7F, 0xFE,
    0xF7, 0xB9, 0x00, 0x63, 0xDC, 0x00, 0x01, 0xFE, 0x7F, 0xF8, 0x7F, 0x3F, 0xFC, 0x1F, 0x9F, 0xFE,
    0x07, 0xCE, 0x07, 0x03, 0xF7, 0x03, 0x83, 0xFB, 0x81, 0xC3, 0xFD, 0xC0, 0xE3, 0xEC, 0xFF, 0xF1,
    0xE0, 0x7F, 0xF8, 0xE0, 0x3F, 0xFC, 0x20, 0x1C, 0x0E, 0x00, 0x00, 0x38, 0x00, 0x00, 0xF0, 0x00,
    0x01, 0xF0, 0x07, 0xFF, 0xFF, 0xFF, 0xFF, 0xFF, 0xFF, 0xFF, 0xFF, 0xFC, 0x00, 0x07, 0xF8, 0x00,
    0x0F, 0xFF, 0xFF, 0xDE, 0x1F, 0xFF, 0xC0, 0x1F, 0xFF, 0x00, 0x00, 0xFC, 0x00, 0x03, 0xF0, 0x00,
    0x0F, 0x80, 0x3F, 0xFF, 0xFF, 0xFF, 0xFF, 0xFF, 0xFF, 0xFF, 0xFE, 0x00, 0xF0, 0x00, 0x01, 0xE0,
    0x00, 0x03, 0xC0, 0x00, 0x07, 0x80, 0x00, 0x0F, 0x00, 0x01, 0xFE, 0x00, 0x01, 0xFC, 0x00, 0x03,
    0xF0, 0x00, 0x00, 0x60, 0x00, 0x00, 0x7C, 0x00, 0x00, 0x3C, 0x00, 0x00, 0x1E, 0x00, 0x07, 0xFF,
    0xFF, 0xF3, 0xFF, 0xFF, 0xF9, 0xFF, 0xFF, 0xFC, 0x07, 0x80, 0x00, 0x07, 0xC0, 0x00, 0x03, 0xDF,
    0xFE, 0x03, 0xEF, 0xFF, 0x83, 0xE7, 0xFF, 0x83, 0xF0, 0x0F, 0x83, 0xF8, 0x0F, 0x83, 0xFC, 0x07,
    0x80, 0xFF, 0xFF, 0xFE, 0x7F, 0xFF, 0xFF, 0x07, 0xFF, 0xFF, 0x83, 0xC0, 0x70, 0x01, 0xE0, 0x38,
    0x00, 0xF0, 0x1C, 0x00, 0x78, 0x0E, 0x00, 0x3C, 0x7F, 0x00, 0x1E, 0x3F, 0x80, 0x0F, 0x0F, 0x80,
    0x00, 0x00, 0x3C, 0x00, 0x00, 0x1E, 0x00, 0x00, 0x0F, 0x80, 0x0F, 0xFF, 0xFF, 0xE7, 0xFF, 0xFF,
    0xF3, 0xFF, 0xFF, 0xF9, 0xE0, 0x00, 0x3C, 0xF0, 0x00, 0x1E, 0x7B, 0xFF, 0xEF, 0x3D, 0xFF, 0xF7,
    0x00, 0xFF, 0xF8, 0x00, 0x00, 0x00, 0x00, 0x00, 0x00, 0x03, 0xFF, 0xFF, 0xF9, 0xFF, 0xFF, 0xFC,
    0xFF, 0xFF, 0xFE, 0x01, 0xE3, 0x80, 0x00, 0xF1, 0xC0, 0x00, 0x78, 0xE1, 0x00, 0x78, 0x70, 0xE0,
    0xFC, 0x38, 0x73, 0xFC, 0x1F, 0xF9, 0xFC, 0x0F, 0xFC, 0x7C, 0x03, 0xFC, 0x30, 0x00, 0x00, 0x00,
    0x00, 0x3C, 0x00, 0x00, 0x1E, 0x00, 0x00, 0x0F, 0x80, 0x0F, 0xFF, 0xFF, 0xE7, 0xFF, 0xFF, 0xF3,
    0xFF, 0xFF, 0xF9, 0xE0, 0x00, 0x3C, 0xF0, 0x00, 0x1E, 0x7F, 0xFF, 0xFF, 0x1F, 0xFF, 0xFF, 0x01,
    0xFF, 0xFC, 0x00, 0x03, 0x80, 0x00, 0x71, 0xC0, 0x00, 0x78, 0xE0, 0x00, 0x3C, 0x7F, 0xE0, 0x1E,
    0x3F, 0xF0, 0x0F, 0x1F, 0xF8, 0x07, 0xCE, 0x00, 0x07, 0xF7, 0x00, 0x03, 0xFF, 0x80, 0x03, 0xDF,
    0xE0, 0x03, 0xE7, 0xFF, 0xF9, 0xE1, 0xFF, 0xFC, 0xE0, 0x3F, 0xFE, 0x10, 0x00, 0x00, 0x00, 0x00,
    0x3C, 0x00, 0x00, 0x1E, 0x00, 0x1F, 0xFF, 0xFF, 0xCF, 0xFF, 0xFF, 0xE7, 0xFF, 0xFF, 0xF3, 0xC7,
    0x1C, 0x79, 0xE7, 0x8F, 0x3C, 0xFF, 0xFF, 0xFE, 0x0F, 0xFF, 0xF8, 0x07, 0xFF, 0xFC, 0x00, 0x78,
    0xF0, 0x01, 0xFF, 0xFF, 0x00, 0xFF, 0xFF, 0x80, 0x7F, 0xFF, 0xC0, 0x3C, 0x01, 0xE0, 0x1E, 0x78,
    0xF0, 0x0F, 0x3C, 0x78, 0x07, 0x9F, 0xBC, 0x03, 0xDF, 0xDF, 0x81, 0xEF, 0xE0, 0xE0, 0x1F, 0xF0,
    0x70, 0x7F, 0xF8, 0x39, 0xFF, 0x9F, 0xFC, 0xFF, 0x0F, 0xFE, 0x3C, 0x03, 0xFE, 0x00, 0x00, 0x00,
    0x00, 0x00, 0x00, 0x00, 0x00, 0x1E, 0x00, 0x00, 0x0F, 0x00, 0x0F, 0xFF, 0xFF, 0xE7, 0xFF, 0xFF,
    0xF3, 0xFF, 0xFF, 0xF9, 0xE1, 0xC2, 0x3C, 0xF1, 0xFB, 0xDE, 0x39, 0xFF, 0xEE, 0x0E, 0xEF, 0xEC,
    0x07, 0xF3, 0xEF, 0x07, 0xBF, 0xEF, 0xC7, 0xDF, 0xE7, 0xF3, 0xDF, 0xC7, 0xF8, 0xFF, 0xFF, 0x9C,
    0xFF, 0xFF, 0xC0, 0x7F, 0x7F, 0x80, 0x1C, 0x0E, 0x0C, 0x07, 0x87, 0x0F, 0x03, 0xC3, 0x87, 0x81,
    0xE1, 0xC3, 0xC0, 0xF0, 0xE1, 0xE0, 0x7F, 0xFF, 0xF0, 0x3F, 0xFF, 0xF8, 0x1F, 0xFF, 0xFC, 0x00,
    0x00, 0x1E, 0x00, 0x00, 0x00, 0x3C, 0x00, 0x00, 0x1E, 0x00, 0x00, 0x0F, 0x0F, 0xFE, 0x07, 0x87,
    0xFF, 0x03, 0xC3, 0xFF, 0x81, 0xE0, 0x03, 0xFF, 0xFE, 0x01, 0xFF, 0xFF, 0x10, 0xEF, 0xFF, 0x9C,
    0xF0, 0x1E, 0x1F, 0x78, 0x0F, 0x07, 0xFD, 0xC7, 0x81, 0xFE, 0xF3, 0xC0, 0x7E, 0x79, 0xE0, 0x1F,
    0x1E, 0xF0, 0x0F, 0xCF, 0x78, 0x07, 0xF3, 0xBC, 0x07, 0xF9, 0x9E, 0x03, 0xFE, 0x0F, 0x03, 0xEF,
    0x07, 0x83, 0xE3, 0x03, 0xC3, 0xE1, 0x0F, 0xE1, 0xE0, 0x07, 0xF0, 0x70, 0x03, 0xF0, 0x30, 0x01,
    0xF8, 0x00, 0x07, 0x80, 0x1C, 0x03, 0xC0, 0x0E, 0x01, 0xE0, 0x07, 0x0F, 0xFE, 0x03, 0x87, 0xFF,
    0x01, 0xC3, 0xFF, 0x80, 0xE0, 0x1E, 0x1F, 0xFC, 0x0F, 0x0F, 0xFE, 0x07, 0xFF, 0xFF, 0x3F, 0xFC,
    0x0E, 0x1F, 0xFE, 0x07, 0x0F, 0xFF, 0xE3, 0x80, 0x78, 0x79, 0xC0, 0x3C, 0x1C, 0xE1, 0xFF, 0xEF,
    0x70, 0xFF, 0xF7, 0xB8, 0x7F, 0xF9, 0xDC, 0x03, 0xC0, 0xCE, 0x01, 0xE0, 0x07, 0x00, 0xFF, 0x03,
    0x87, 0xFF, 0x81, 0xC7, 0xFF, 0xC1, 0xE1, 0xFF, 0xE7, 0xF0, 0xFC, 0x03, 0xF8, 0x00, 0x00, 0xF8,
    0x00, 0x03, 0x80, 0x1C, 0x03, 0xC0, 0x1E, 0x01, 0xE0, 0x0F, 0x07, 0xFE, 0x07, 0x83, 0xFF, 0x03,
    0xC1, 0xFF, 0x81, 0xE0, 0xF1, 0xFF, 0xFE, 0x7F, 0xFF, 0xFF, 0x3F, 0xFF, 0xFF, 0x1E, 0x38, 0x1E,
    0x0F, 0xFD, 0xCF, 0x07, 0xFE, 0xE7, 0x83, 0xC7, 0x7B, 0xC1, 0xE3, 0x9D, 0xE1, 0xFF, 0xCF, 0xF0,
    0xFF, 0xE7, 0xF8, 0x7F, 0xF1, 0xFC, 0x03, 0xF8, 0xDE, 0x03, 0xDC, 0x0F, 0x03, 0xCE, 0x07, 0x87,
    0xE7, 0x03, 0xC7, 0xE3, 0x81, 0xE1, 0xCF, 0xC7, 0xF0, 0x47, 0xE3, 0xF8, 0x01, 0xC1, 0xF8, 0x00,
    0x07, 0x01, 0x80, 0x07, 0x03, 0xC0, 0x07, 0x07, 0xFE, 0x07, 0x0F, 0xFF, 0x37, 0x3F, 0xFF, 0x77,
    0xFE, 0x1E, 0x7F, 0x7F, 0x3C, 0x3F, 0x3F, 0xFC, 0x3F, 0x07, 0xF8, 0x1F, 0x0F, 0xE0, 0x07, 0x7F,
    0xF8, 0x07, 0x7F, 0x3C, 0x07, 0x78, 0x3C, 0x0F, 0xFF, 0xFF, 0x3F, 0xFF, 0xFF, 0x7F, 0xFF, 0xFF,
    0x7F, 0x3C, 0x3C, 0x77, 0x3C, 0x3C, 0x67, 0x1E, 0x3C, 0x07, 0x1F, 0x3C, 0x07, 0x0F, 0x3C, 0x07,
    0x0C, 0x3C, 0x07, 0x03, 0xF8, 0x07, 0x01, 0xF8, 0x07, 0x01, 0xF0, 0x00, 0x1C, 0x00, 0x00, 0x0F,
    0x00, 0x00, 0x07, 0x80, 0x00, 0x03, 0xC0, 0x00, 0x01, 0xE0, 0x00, 0x00, 0xF0, 0x00, 0x00, 0x78,
    0x40, 0x1E, 0x3C, 0xF0, 0x0F, 0x1E, 0x78, 0x0F, 0x8F, 0x3E, 0x07, 0x87, 0x8F, 0x03, 0xC3, 0xC7,
    0xC1, 0xE1, 0xE1, 0xE1, 0xF0, 0xF0, 0xF0, 0xF0, 0x78, 0x7C, 0xF8, 0x3C, 0x1E, 0x78, 0x1E, 0x0F,
    0x7C, 0x0F, 0x07, 0xCC, 0x07, 0x81, 0xE0, 0x03, 0xC0, 0xC0, 0x01, 0xE0, 0x00, 0x01, 0xF0, 0x00,
    0x0F, 0xF0, 0x00, 0x07, 0xF8, 0x00, 0x01, 0xF8, 0x00, 0x00, 0x00, 0x00, 0x00, 0x07, 0x00, 0xE0,
    0x03, 0xC0, 0x76, 0x01, 0xE0, 0x3F, 0x0F, 0xFF, 0x1F, 0xC7, 0xFF, 0x8E, 0xF3, 0xFF, 0xC7, 0x38,
    0x00, 0x03, 0x98, 0x7F, 0xEF, 0xFE, 0x3F, 0xF7, 0xFF, 0x1F, 0xFB, 0xFF, 0x8E, 0x1C, 0x78, 0x07,
    0x0E, 0x3F, 0x03, 0xFF, 0x1F, 0x81, 0xFF, 0x8F, 0xC0, 0xFF, 0xC7, 0xE0, 0x7F, 0xE7, 0xF0, 0x3F,
    0xF3, 0xF8, 0x1F, 0xFD, 0xFC, 0x0F, 0xEF, 0xFE, 0x8F, 0xF7, 0xFF, 0x77, 0x7A, 0xF7, 0xBB, 0xBC,
    0xFB, 0xDC, 0xFE, 0x78, 0xFE, 0x1E, 0x38, 0x7E, 0x0E, 0x0C, 0x0C, 0x00, 0x1F, 0xFF, 0xFC, 0x1F,
    0xFF, 0xFC, 0x1F, 0xFF, 0xFC, 0x1E, 0x00, 0x3C, 0x1E, 0x00, 0x3C, 0x1F, 0xFF, 0xFC, 0x1F, 0xFF,
    0xFC, 0x1F, 0xFF, 0xFC, 0x1E, 0x00, 0x00, 0x1F, 0xFF, 0xFF, 0x1F, 0xFF, 0xFF, 0x1F, 0xFF, 0xFE,
    0x1C, 0x00, 0x0E, 0x1C, 0x00, 0x0E, 0x1D, 0xFF, 0xCE, 0x3D, 0xFF, 0xCE, 0x3D, 0xFF, 0xCE, 0x3D,
    0xE3, 0xDE, 0x79, 0xFF, 0xDE, 0x79, 0xFF, 0xDE, 0xF9, 0xFF, 0xDE, 0x71, 0xE0, 0xFE, 0x31, 0xE0,
    0xFC, 0x00, 0x00, 0xF8, 0x1F, 0xFF, 0xFE, 0x1F, 0xFF, 0xFE, 0x1F, 0xFF, 0xFE, 0x1E, 0x00, 0x1E,
    0x1E, 0x00, 0x1E, 0x1F, 0xFF, 0xFE, 0x1F, 0xFF, 0xFE, 0x1F, 0xFF, 0xFE, 0x1E, 0x07, 0x80, 0x1E,
    0x07, 0x80, 0x1F, 0xFF, 0xFF, 0x1F, 0xFF, 0xFF, 0x1F, 0xFF, 0xFF, 0x1E, 0x07, 0x80, 0x1C, 0x07,
    0x80, 0x3D, 0xFF, 0xFC, 0x3D, 0xFF, 0xFC, 0x3D, 0xFF, 0xFC, 0x3D, 0xE0, 0x1C, 0x79, 0xE0, 0x1C,
    0x79, 0xFF, 0xFC, 0x79, 0xFF, 0xFC, 0xF1, 0xFF, 0xFC, 0x31, 0xE0, 0x1C, 0x1F, 0xFF, 0xFE, 0x1F,
    0xFF, 0xFE, 0x1F, 0xFF, 0xFE, 0x1C, 0x00, 0x1E, 0x1C, 0x00, 0x1E, 0x1F, 0xFF, 0xFE, 0x1F, 0xFF,
    0xFE, 0x1F, 0xFF, 0xFE, 0x1C, 0x78, 0x78, 0x1C, 0x78, 0x78, 0x1F, 0xFF, 0xFF, 0x1F, 0xFF, 0xFF,
    0x1F, 0xFF, 0xFE, 0x3C, 0x38, 0xF0, 0x3C, 0x38, 0xF0, 0x3F, 0xFF, 0xFF, 0x3F, 0xFF, 0xFF, 0x3F,
    0xFF, 0xFF, 0x3C, 0x78, 0xF0, 0x78, 0xF8, 0xF0, 0x79, 0xF0, 0xF0, 0xFB, 0xE0, 0xF0, 0x73, 0xC0,
    0xF0, 0x31, 0x80, 0xF0, 0x00, 0x1C, 0x00, 0x78, 0x38, 0x3C, 0xF0, 0x70, 0x79, 0xE0, 0xE0, 0xF3,
    0xFF, 0xFF, 0xE7, 0xFF, 0xFF, 0xCF, 0xFF, 0xFF, 0x80, 0x00, 0x00, 0x3F, 0xF7, 0xFE, 0x7F, 0xEF,
    0xFC, 0xFF, 0xDF, 0xF9, 0xE7, 0xBC, 0xF3, 0xFF, 0x7F, 0xE7, 0xFE, 0xFF, 0xCF, 0xFD, 0xFF, 0x9E,
    0x7B, 0xCF, 0x3F, 0xF7, 0xFE, 0x7F, 0xEF, 0xFC, 0xFF, 0xDF, 0xF9, 0xC7, 0xB8, 0xF7, 0x8F, 0xF1,
    0xEF, 0x1F, 0xE3, 0xFC, 0xFF, 0x9F, 0xB9, 0xFF, 0x3F, 0x21, 0xC4, 0x3C, 0x00, 0x1C, 0x00, 0x1E,
    0x0E, 0x0F, 0x0F, 0x07, 0x07, 0x87, 0x83, 0x83, 0xC3, 0xFF, 0xFF, 0xE1, 0xFF, 0xFF, 0xF0, 0xFF,
    0xFF, 0xF8, 0x79, 0xE7, 0x00, 0x3C, 0xF3, 0x80, 0x1E, 0x7B, 0xFF, 0x9F, 0xFF, 0xFF, 0xCF, 0xFF,
    0xFF, 0xE7, 0xFF, 0xFF, 0x71, 0xE7, 0xFF, 0xF8, 0xF3, 0xFF, 0xF8, 0x7F, 0xED, 0xFC, 0x3F, 0xF0,
    0xF0, 0x1F, 0xF8, 0x78, 0x0F, 0x3C, 0x7E, 0x07, 0x9E, 0x3F, 0x83, 0xFF, 0x3F, 0xE1, 0xFF, 0xBC,
    0xF8, 0xFF, 0xFE, 0x7C, 0x79, 0xFE, 0x1C, 0x3C, 0x06, 0x02, 0x00, 0x00, 0xF0, 0x00, 0x00, 0xF0,
    0x00, 0x00, 0xF0, 0x00, 0x00, 0xF0, 0x00, 0x00, 0xF0, 0x00, 0x7F, 0xFF, 0xFF, 0x7F, 0xFF, 0xFF,
    0x7F, 0xFF, 0xFF, 0x01, 0xE0, 0x00, 0x01, 0xC0, 0x00, 0x03, 0xC0, 0x00, 0x03, 0xC0, 0x00, 0x03,
    0xFF, 0xFE, 0x07, 0xFF, 0xFE, 0x07, 0xFF, 0xFE, 0x0F, 0x07, 0x80, 0x0F, 0x07, 0x80, 0x1E, 0x07,
    0x80, 0x3E, 0x07, 0x80, 0x7C, 0x07, 0x80, 0xF8, 0x07, 0x80, 0x7B, 0xFF, 0xFF, 0x73, 0xFF, 0xFF,
    0x03, 0xFF, 0xFF, 0xFF, 0xFF, 0xE1, 0xFF, 0xFF, 0xC3, 0xFF, 0xFF, 0x80, 0x00, 0x0F, 0x07, 0x00,
    0x1E, 0x0F, 0x00, 0x3C, 0x1E, 0x00, 0x78, 0x3C, 0x00, 0xF0, 0x7F, 0xFF, 0xE0, 0xFF, 0xFF, 0xC1,
    0xFF, 0xFF, 0x83, 0xC0, 0x0F, 0x07, 0x80, 0x0E, 0x0F, 0x00, 0x00, 0x1E, 0x00, 0x04, 0x3C, 0x00,
    0x0E, 0x78, 0x00, 0x3C, 0xF0, 0x00, 0x79, 0xF0, 0x01, 0xF3, 0xFF, 0xFF, 0xE3, 0xFF, 0xFF, 0x83,
    0xFF, 0xFE, 0x00, 0x00, 0x70, 0x00, 0x00, 0x78, 0x00, 0x00, 0xF0, 0x00, 0x00, 0xF0, 0x00, 0x7F,
    0xFF, 0xFF, 0x7F, 0xFF, 0xFF, 0x7F, 0xFF, 0xFF, 0x03, 0xC6, 0x00, 0x03, 0xCF, 0x00, 0x07, 0x8F,
    0x00, 0x0F, 0x8F, 0x00, 0x0F, 0xFF, 0xFE, 0x1F, 0xFF, 0xFE, 0x3F, 0xFF, 0xFE, 0xFF, 0x8F, 0x1E,
    0xFF, 0x8F, 0x1E, 0x77, 0x8F, 0x1E, 0x27, 0x8F, 0x1E, 0x07, 0x8F, 0x1E, 0x07, 0x8F, 0xFE, 0x07,
    0x8F, 0xFE, 0x07, 0x8F, 0x7C, 0x03, 0x0F, 0x00, 0x00, 0x0F, 0x00, 0x00, 0x0F, 0x00, 0x06, 0x00,
    0x30, 0x0F, 0xC0, 0xF8, 0x1F, 0xFF, 0xF8, 0x03, 0xFF, 0xE0, 0x03, 0xFF, 0xE0, 0x3F, 0xFF, 0xF8,
    0x3F, 0xFB, 0xFC, 0x1F, 0xF8, 0x78, 0x08, 0xF0, 0x10, 0x7F, 0xFF, 0xFF, 0x7F, 0xFF, 0xFF, 0x7F,
    0xFF, 0xFF, 0x07, 0xCE, 0x00, 0x0F, 0x8E, 0x00, 0x1F, 0xFF, 0xFC, 0x3F, 0xFF, 0xFC, 0xFF, 0xFF,
    0xFC, 0x7F, 0x8E, 0x3C, 0x37, 0x8E, 0x3C, 0x07, 0x8E, 0x3C, 0x07, 0x8E, 0xFC, 0x07, 0x8E, 0xFC,
    0x07, 0x8E, 0xF8, 0x07, 0x0E, 0x00, 0x00, 0x0E, 0x00, 0x01, 0xC1, 0xC0, 0x3F, 0xFF, 0xFF, 0x9F,
    0xFF, 0xFF, 0xCF, 0xFF, 0xFF, 0xE0, 0x1C, 0x1C, 0x00, 0xFF, 0xFF, 0xE0, 0x7F, 0xFF, 0xF0, 0x3C,
    0x00, 0x78, 0x1F, 0xFF, 0xFC, 0x0F, 0xFF, 0xFE, 0x07, 0x80, 0x0F, 0x03, 0xFF, 0xFF, 0x81, 0xFF,
    0xFF, 0xC0, 0x0F, 0x00, 0x01, 0xFF, 0xFF, 0xFC, 0xFF, 0xFF, 0xFE, 0x7F, 0xFF, 0xFF, 0x0F, 0xFF,
    0xFE, 0x1F, 0xFF, 0xFF, 0xEF, 0xFF, 0xFF, 0xE7, 0x71, 0xC7, 0xE0, 0x38, 0xE3, 0x80, 0x1C, 0x77,
    0xC0, 0x0E, 0x3B, 0xE0, 0x00, 0x1C, 0x00, 0x00, 0x07, 0x01, 0xC0, 0x1E, 0x03, 0xE0, 0x3E, 0x07,
    0x80, 0x3C, 0x1F, 0x00, 0x7C, 0x3C, 0x00, 0x70, 0x78, 0x1F, 0xFF, 0xFF, 0xBF, 0xFF, 0xFF, 0x7F,
    0xFF, 0xFE, 0x0F, 0x07, 0x80, 0x1E, 0x0F, 0x00, 0x3C, 0x1E, 0x00, 0x78, 0x3C, 0x1F, 0xFF, 0xFF,
    0xFF, 0xFF, 0xFF, 0xFF, 0xFF, 0xFF, 0x07, 0x83, 0xC0, 0x1F, 0x07, 0x80, 0x3C, 0x0F, 0x00, 0xF8,
    0x1E, 0x03, 0xE0, 0x3C, 0x0F, 0xC0, 0x78, 0x3F, 0x00, 0xF0, 0x3C, 0x01, 0xE0, 0x30, 0x03, 0xC0,
    0x00, 0x00, 0x00, 0x00, 0x0F, 0x00, 0x00, 0x07, 0x80, 0x00, 0x01, 0xE0, 0x03, 0xFF, 0xFF, 0xF1,
    0xFF, 0xFF, 0xF8, 0xFF, 0xFF, 0xFC, 0x78, 0x00, 0x00, 0x3C, 0x1E, 0x1C, 0x1E, 0x4F, 0x0F, 0x0F,
    0xF7, 0x87, 0x87, 0xF9, 0xC3, 0xC3, 0xDC, 0xF3, 0xC1, 0xEF, 0x79, 0xE0, 0xF7, 0xBC, 0xF0, 0x79,
    0xCE, 0xF0, 0x3C, 0xF7, 0xF8, 0x1E, 0x7B, 0xF8, 0x0F, 0x3C, 0x3C, 0x07, 0x8C, 0x1C, 0x03, 0x80,
    0x1E, 0x03, 0xC0, 0x0E, 0x01, 0xFF, 0xFF, 0xFC, 0xFF, 0xFF, 0xFE, 0x77, 0xFF, 0xFF, 0x18, 0x00,
    0x00, 0x00, 0x00, 0x1E, 0x00, 0x00, 0x07, 0x80, 0x0F, 0xFF, 0xFF, 0xC7, 0xFF, 0xFF, 0xE3, 0xFF,
    0xFF, 0xF1, 0xE1, 0xC3, 0x80, 0xF1, 0xE1, 0xC0, 0x7F, 0xFF, 0xFE, 0x3F, 0xFF, 0xFF, 0x1F, 0xFF,
    0xFF, 0x8F, 0x1E, 0x1C, 0x07, 0x8F, 0x0E, 0x03, 0xC7, 0xFF, 0x01, 0xE3, 0xFF, 0x80, 0xF0, 0xFF,
    0xC0, 0x7F, 0xFF, 0xF0, 0x3F, 0xFF, 0xFE, 0x1F, 0xFF, 0xFE, 0x0E, 0x3C, 0x1E, 0x07, 0x0F, 0xBF,
    0x07, 0x83, 0xFE, 0x03, 0xCF, 0xFF, 0xE1, 0xFF, 0xFF, 0xFD, 0xE7, 0xF3, 0xFE, 0x33, 0x80, 0x1E,
    0x00, 0x00, 0x03, 0x80, 0x01, 0x81, 0xC0, 0x1F, 0xFF, 0xFF, 0x8F, 0xFF, 0xFF, 0xC7, 0xF3, 0xFF,
    0xE0, 0x7F, 0xFF, 0xF8, 0x3B, 0xFF, 0xFC, 0x3D, 0xFF, 0xFE, 0x1C, 0x03, 0x9E, 0x1F, 0xDF, 0xFF,
    0x1F, 0xFF, 0xFF, 0x8F, 0xFF, 0xFF, 0xC2, 0x78, 0x38, 0x01, 0xBF, 0xFF, 0xF1, 0xDD, 0xFF, 0xF8,
    0x7E, 0x0F, 0x00, 0x3F, 0xFF, 0xFE, 0x1F, 0xFF, 0xFF, 0x87, 0xBF, 0xFF, 0xC3, 0xE0, 0x70, 0x03,
    0xFE, 0x38, 0x03, 0xFF, 0xFF, 0xFB, 0xE7, 0xFF, 0xFC, 0xE0, 0xFF, 0xFE, 0x20, 0x00, 0x00, 0x00,
    0x7F, 0xFF, 0xFE, 0xFF, 0xFF, 0xFD, 0xFF, 0xFF, 0xF8, 0x3C, 0x1E, 0x00, 0x78, 0x3C, 0x00, 0xF0,
    0x78, 0x01, 0xE0, 0xF0, 0x03, 0xC1, 0xE0, 0x07, 0x83, 0xC1, 0xFF, 0xFF, 0xFF, 0xFF, 0xFF, 0xFF,
    0xFF, 0xFF, 0xF0, 0x78, 0x3C, 0x00, 0xF0, 0x78, 0x01, 0xE0, 0xF0, 0x07, 0x81, 0xE0, 0x0F, 0x03,
    0xC0, 0x3E, 0x07, 0x80, 0xF8, 0x0F, 0x03, 0xE0, 0x1E, 0x0F, 0xC0, 0x3C, 0x0F, 0x00, 0x78, 0x0C,
    0x00, 0xF0, 0x00, 0x00, 0x0F, 0x30, 0x00, 0x0F, 0x78, 0x00, 0x0F, 0x7C, 0x00, 0x0F, 0x3C, 0x00,
    0x0F, 0x18, 0xFF, 0xFF, 0xFE, 0xFF, 0xFF, 0xFE, 0xFF, 0xFF, 0xFE, 0x00, 0x0F, 0x00, 0x00, 0x07,
    0x00, 0x00, 0x07, 0x80, 0x7F, 0xF7, 0x80, 0x7F, 0xF7, 0x80, 0x7F, 0xF7, 0x80, 0x07, 0x07, 0x80,
    0x07, 0x07, 0x80, 0x07, 0x03, 0x80, 0x07, 0x03, 0xCC, 0x07, 0x03, 0xCE, 0x07, 0xFB, 0xCF, 0x3F,
    0xF9, 0xEF, 0xFF, 0xF9, 0xFE, 0xFF, 0xE0, 0xFE, 0xFE, 0x00, 0xFE, 0x40, 0x00, 0x7C, 0x00, 0x00,
    0x3B, 0xFF, 0xC3, 0xDF, 0xFE, 0x1E, 0xFF, 0xF0, 0xF0, 0x07, 0x87, 0x80, 0x3C, 0x3C, 0x01, 0xE1,
    0xE7, 0xFF, 0x0F, 0x3F, 0xF8, 0x79, 0xFF, 0xC3, 0xDE, 0x00, 0x1E, 0xF0, 0x00, 0xF7, 0x80, 0x07,
    0xBF, 0xFC, 0x3D, 0xFF, 0xE1, 0xEF, 0xFF, 0x0F, 0x00, 0x78, 0x78, 0x03, 0xC3, 0xC0, 0x1E, 0x1E,
    0x00, 0xF0, 0xF0, 0x0F, 0x87, 0x87, 0xF8, 0x3C, 0x3F, 0xC1, 0xE1, 0xFC, 0x0F, 0x00, 0x00, 0x38,
    0x00, 0x70, 0x01, 0x87, 0xC3, 0xBE, 0x3E, 0x3E, 0xF1, 0xF1, 0xE7, 0xCF, 0x8F, 0x1E, 0x7C, 0xF0,
    0xFB, 0xEF, 0x83, 0x9F, 0x78, 0x00, 0xF8, 0x03, 0xFF, 0xFF, 0xDF, 0xFF, 0xFE, 0xFF, 0xFF, 0xF0,
    0x00, 0x07, 0x80, 0x00, 0x3C, 0x00, 0x01, 0xE7, 0xFF, 0xFF, 0x3F, 0xFF, 0xF9, 0xFF, 0xFF, 0xC0,
    0x00, 0x1E, 0x00, 0x00, 0xF0, 0x00, 0x07, 0xFF, 0xFF, 0xFF, 0xFF, 0xFF, 0xFF, 0xFF, 0xFF, 0x00,
    0x00, 0x78, 0x3F, 0xFF, 0xF0, 0x7F, 0xFF, 0xE0, 0xFF, 0xFF, 0xC0, 0x00, 0x07, 0x80, 0x00, 0x0F,
    0x07, 0xFF, 0xFE, 0x0F, 0xFF, 0xFC, 0x0F, 0xFF, 0xF8, 0x00, 0x00, 0xF1, 0xFF, 0xFF, 0xFF, 0xFF,
    0xFF, 0xFF, 0xFF, 0xFF, 0xF1, 0xC7, 0xC7, 0x87, 0xCF, 0x9F, 0x07, 0xFF, 0xFE, 0x07, 0xBF, 0xF0,
    0x07, 0xFF, 0xC0, 0x1F, 0xFF, 0x80, 0xFF, 0xEF, 0xC7, 0xFF, 0xCF, 0xF7, 0xE7, 0x8F, 0xEE, 0x7F,
    0x07, 0x80, 0x7E, 0x02, 0x00, 0xF0, 0x00, 0x00, 0x3C, 0x00, 0x00, 0x1E, 0x00, 0x00, 0x07, 0x80,
    0x0F, 0xFF, 0xFF, 0xE7, 0xFF, 0xFF, 0xF3, 0xFF, 0xFF, 0xF8, 0x3C, 0x00, 0x00, 0x1E, 0x00, 0x00,
    0x0F, 0x00, 0x00, 0x07, 0x80, 0x00, 0x03, 0xFF, 0xFF, 0x81, 0xFF, 0xFF, 0xC0, 0xFF, 0xFF, 0xC0,
    0x00, 0xC0, 0x00, 0x00, 0xF0, 0x00, 0x00, 0x3C, 0x18, 0x1F, 0xDF, 0x3C, 0x1F, 0xE7, 0x8F, 0x0F,
    0xF1, 0x97, 0x87, 0x78, 0x0F, 0xE7, 0xBC, 0x0F, 0xF3, 0xDF, 0xFF, 0xB9, 0xC7, 0xFF, 0x98, 0x03,
    0xFF, 0xC0, 0x03, 0x80, 0x00, 0x01, 0xE0, 0x00, 0x01, 0xE0, 0x00, 0x01, 0xFF, 0xFF, 0xC0, 0xFF,
    0xFF, 0xE0, 0xFF, 0xFF, 0xF0, 0xFB, 0xCF, 0x78, 0xF9, 0xEF, 0x3C, 0x39, 0xE7, 0x9E, 0x09, 0xE7,
    0x8E, 0x01, 0xF7, 0xC7, 0x03, 0xF3, 0xC7, 0x81, 0xF3, 0xC3, 0xC0, 0x77, 0xEF, 0xE0, 0x21, 0xE7,
    0xE0, 0x07, 0x7B, 0xE0, 0x3B, 0xDE, 0x1C, 0x1F, 0xEF, 0x1E, 0x0E, 0xF3, 0xE7, 0x8F, 0x78, 0xDF,
    0xC7, 0xBC, 0x0E, 0xF3, 0x9F, 0xFF, 0x78, 0xCF, 0xFF, 0x98, 0x03, 0xFF, 0x80, 0x00, 0x1C, 0x00,
    0x00, 0x0E, 0x00, 0x00, 0x0F, 0x00, 0x00, 0x07, 0x80, 0x07, 0xFF, 0xFF, 0xF3, 0xFF, 0xFF, 0xF9,
    0xFF, 0xFF, 0xFC, 0x00, 0xFF, 0x00, 0x00, 0xFF, 0xC0, 0x00, 0xF9, 0xF0, 0x00, 0xFC, 0x7C, 0x01,
    0xFF, 0xBF, 0x87, 0xFF, 0xEF, 0xFB, 0xF8, 0xF9, 0xF8, 0xF0, 0x78, 0x38, 0x60, 0x78, 0x10, 0x1F,
    0xFE, 0x3C, 0x1F, 0xEF, 0x8F, 0x0F, 0xF3, 0xD7, 0x87, 0xF8, 0xCF, 0xC7, 0xBC, 0x0F, 0xF3, 0xDF,
    0xFF, 0xF9, 0xE7, 0xFF, 0x9C, 0x23, 0xFF, 0xC8, 0x03, 0x18, 0x00, 0x07, 0xBC, 0x00, 0x07, 0xBF,
    0xFF, 0x0F, 0x7F, 0xFF, 0x1F, 0x7F, 0xFF, 0x3E, 0xF1, 0xCE, 0x7F, 0xF1, 0xDE, 0xFE, 0x71, 0xCC,
    0x7E, 0x3D, 0xFC, 0x2E, 0x3D, 0xFC, 0x0E, 0x79, 0xDE, 0x0E, 0xF9, 0xCF, 0x0E, 0xF1, 0xCF, 0x0E,
    0x6F, 0xC6, 0x0E, 0x0F, 0xC0, 0x0E, 0x3F, 0x80, 0x00, 0x3E, 0x0C, 0x1F, 0xDE, 0x3C, 0x3F, 0xCF,
    0x1E, 0x3F, 0xC7, 0x7E, 0x7B, 0xC0, 0xFF, 0x7B, 0xFF, 0xFF, 0x73, 0xFF, 0xE6, 0x11, 0xFF, 0xE0,
    0x1E, 0x03, 0xC0, 0x0F, 0x01, 0xE0, 0x07, 0xBF, 0xFF, 0xC3, 0xFF, 0xFF, 0xE1, 0xF8, 0x3C, 0x03,
    0xFF, 0xFF, 0xF1, 0xFF, 0xFF, 0xF8, 0xFF, 0x07, 0x80, 0x7F, 0xFF, 0xFF, 0x3F, 0xFF, 0xFF, 0xFF,
    0xFF, 0xFF, 0xFF, 0xC7, 0xFF, 0x8F, 0xE7, 0xFF, 0xE0, 0xF3, 0xFF, 0xF0, 0x79, 0xE0, 0x78, 0x3C,
    0xFF, 0xFC, 0x1E, 0x7F, 0xFE, 0x0F, 0x3C, 0x0F, 0x07, 0x9E, 0x07, 0x83, 0xCF, 0xFF, 0xC1, 0xE7,
    0xFF, 0xE0, 0xF3, 0xC0, 0xF0, 0x79, 0xE3, 0xF8, 0x3C, 0xF0, 0xF8, 0x1E, 0x70, 0x78, 0x00, 0x00,
    0x07, 0x30, 0x00, 0x07, 0xBE, 0x00, 0x01, 0xDF, 0x80, 0x00, 0xE3, 0x83, 0xFF, 0xFF, 0xF1, 0xFF,
    0xFF, 0xF8, 0xFF, 0xFF, 0xFC, 0x78, 0x0F, 0x00, 0x3C, 0x07, 0x98, 0x1E, 0x03, 0xCF, 0x0F, 0xFD,
    0xE7, 0x87, 0xFE, 0xF7, 0x83, 0xFF, 0x7B, 0xC1, 0xE3, 0x9F, 0xC0, 0xF1, 0xCF, 0xE0, 0x78, 0xE7,
    0xE0, 0x3C, 0x73, 0xF0, 0x1E, 0x79, 0xF3, 0x0F, 0xFC, 0xF9, 0xC7, 0xFE, 0xFC, 0xE7, 0xBE, 0xFF,
    0x73, 0xC0, 0xFF, 0xFB, 0xE0, 0xFF, 0xFC, 0xE0, 0x7C, 0xFE, 0x30, 0x18, 0x3E, 0x00, 0x00, 0x00,
    0x00, 0x00, 0x0F, 0x70, 0x00, 0x0F, 0xF8, 0x00, 0x0F, 0x7C, 0x00, 0x0F, 0x3C, 0xFF, 0xFF, 0xFE,
    0xFF, 0xFF, 0xFE, 0xFF, 0xFF, 0xFE, 0x00, 0x0F, 0x00, 0x00, 0x0F, 0x10, 0x7F, 0xEF, 0x3C, 0x7F,
    0xEF, 0x3C, 0x7F, 0xE7, 0xBC, 0x78, 0xE7, 0xF8, 0x78, 0xE7, 0xF8, 0x7F, 0xE7, 0xF0, 0x7F, 0xE7,
    0xF0, 0x7F, 0xE3, 0xE0, 0x00, 0x03, 0xEC, 0x01, 0xF7, 0xCE, 0x1F, 0xF7, 0xCF, 0xFF, 0xFF, 0xEE,
    0xFF, 0xFF, 0xFE, 0xFF, 0x7F, 0xFE, 0xE0, 0x7C, 0xFE, 0x00, 0x38, 0x7C, 0x00, 0x00, 0x00, 0x03,
    0xC3, 0xC0, 0x01, 0xE1, 0xFE, 0x0F, 0xFF, 0xFF, 0x87, 0xFF, 0xFB, 0xC3, 0xFF, 0xBC, 0xE0, 0x1E,
    0x1E, 0x61, 0xFF, 0xFF, 0xFC, 0xFF, 0xFF, 0xFE, 0x7F, 0xFF, 0xFF, 0x07, 0xF1, 0xE0, 0x07, 0xB8,
    0xF3, 0x83, 0xFF, 0xFB, 0xC3, 0xFF, 0xDD, 0xE3, 0xFF, 0xEF, 0xE3, 0xF3, 0x87, 0xF0, 0xFF, 0xFB,
    0xF0, 0x1F, 0xFD, 0xF8, 0x0E, 0x70, 0xF9, 0x07, 0xFF, 0x3D, 0xC3, 0xFF, 0xBE, 0xE1, 0xFF, 0xFF,
    0x70, 0xFF, 0xFF, 0xF8, 0x7F, 0xFF, 0xFC, 0x38, 0x0E, 0x7C, 0x18, 0x00, 0x00, 0x00, 0x00, 0x1C,
    0x00, 0x00, 0xF0, 0x00, 0x01, 0xE0, 0x00, 0x07, 0x80, 0x1F, 0xFF, 0xFC, 0x7F, 0xFF, 0xF1, 0xFF,
    0xFF, 0xC7, 0x80, 0x0F, 0x1E, 0x00, 0x3C, 0x78, 0x00, 0xF1, 0xE0, 0x03, 0xC7, 0xFF, 0xFF, 0x1F,
    0xFF, 0xFC, 0x7F, 0xFF, 0xF1, 0xE0, 0x03, 0xC7, 0x80, 0x0F, 0x1E, 0x00, 0x00, 0x70, 0x00, 0x03,
    0xC0, 0x00, 0x0F, 0x00, 0x00, 0x3C, 0x00, 0x01, 0xE0, 0x00, 0x0F, 0x80, 0x00, 0x1E, 0x00, 0x00,
    0x30, 0x00, 0x00, 0x00, 0x00, 0x04, 0x00, 0xF8, 0x1F, 0x0F, 0xFD, 0xFF, 0xC7, 0xFF, 0xFF, 0xE3,
    0xFC, 0x7F, 0x81, 0xE0, 0x3C, 0x00, 0xE0, 0x1E, 0x00, 0x7F, 0xEF, 0x00, 0x3F, 0xF7, 0x80, 0x1F,
    0xFB, 0xFF, 0xCE, 0x3D, 0xFF, 0xE7, 0x1E, 0xFF, 0xF3, 0x8F, 0x79, 0xC1, 0xFF, 0xBC, 0xE0, 0xFF,
    0xDC, 0x70, 0x7F, 0xEE, 0x38, 0x38, 0x0F, 0x1C, 0x3C, 0x07, 0x8E, 0x1E, 0x03, 0xC7, 0x0F, 0x03,
    0xC3, 0x87, 0x81, 0xE1, 0xC3, 0x81, 0xF0, 0xE3, 0xC1, 0xF0, 0x70, 0xE0, 0x70, 0x38, 0x20, 0x18,
    0x1C, 0x00, 0x00, 0x00, 0xE0, 0x00, 0xFF, 0xF0, 0x7F, 0xFF, 0xF8, 0x3F, 0xFF, 0xE0, 0x3F, 0xFC,
    0x00, 0x00, 0x38, 0x00, 0x00, 0x38, 0x00, 0x00, 0x38, 0x00, 0x7F, 0xFF, 0xFC, 0x7F, 0xFF, 0xFC,
    0x7F, 0xFF, 0xFC, 0x00, 0x38, 0x00, 0x00, 0x38, 0x00, 0x00, 0x38, 0x00, 0xFF, 0xFF, 0xFE, 0xFF,
    0xFF, 0xFE, 0xFF, 0xFF, 0xFE, 0x00, 0x38, 0x00, 0x00, 0x38, 0x00, 0x00, 0x38, 0x00, 0x00, 0x38,
    0x00, 0x00, 0x78, 0x00, 0x07, 0xF8, 0x00, 0x07, 0xF8, 0x00, 0x07, 0xF0, 0x00, 0x0F, 0x00, 0x00,
    0x07, 0x80, 0x00, 0x03, 0xCF, 0xFF, 0xE1, 0xE7, 0xFF, 0xF0, 0xF3, 0xFF, 0xFB, 0xFF, 0x03, 0xC1,
    0xFF, 0x81, 0xE0, 0xFF, 0xC0, 0xF0, 0x0F, 0x00, 0x78, 0x07, 0x80, 0x3C, 0x03, 0xC0, 0x1E, 0x01,
    0xFC, 0x0F, 0x00, 0xFE, 0x07, 0x83, 0xFF, 0x03, 0xC1, 0xFF, 0x81, 0xE0, 0xFE, 0x00, 0xF0, 0x7F,
    0x00, 0x78, 0x07, 0x80, 0x3C, 0x03, 0xC0, 0x1E, 0x01, 0xE0, 0x0F, 0x00, 0xF0, 0x0F, 0x80, 0x78,
    0x7F, 0x81, 0xFC, 0x1F, 0xC0, 0x7C, 0x0F, 0xC0, 0x3C, 0x03, 0x00, 0x00, 0x0F, 0x00, 0x00, 0x0F,
    0x00, 0x00, 0x0F, 0x00, 0x00, 0x0F, 0x3F, 0xFE, 0x0F, 0x3F, 0xFE, 0x7F, 0xFF, 0xFE, 0x7F, 0xC0,
    0x0E, 0x7F, 0xC0, 0x0E, 0x0F, 0x00, 0x0E, 0x0F, 0x00, 0x0E, 0x0F, 0x00, 0x0E, 0x0F, 0xDF, 0xFE,
    0x0F, 0xFF, 0xFE, 0xFF, 0xFF, 0xFE, 0x7F, 0xC0, 0x0E, 0x7F, 0x00, 0x0E, 0x6F, 0x00, 0x0E, 0x0F,
    0x00, 0x0E, 0x0F, 0x00, 0x0E, 0x0F, 0x00, 0x0E, 0x0F, 0x3F, 0xFE, 0x0F, 0x3F, 0xFE, 0x7E, 0x3F,
    0xFE, 0x3E, 0x00, 0x0E, 0x3C, 0x00, 0x0E, 0x0E, 0x07, 0x10, 0x07, 0x07, 0xB8, 0x03, 0x81, 0xDE,
    0x01, 0xC0, 0xE7, 0x80, 0xE0, 0x73, 0xE3, 0xFE, 0x38, 0xC1, 0xFF, 0x1F, 0xFC, 0xFF, 0xFF, 0xFE,
    0x0E, 0x3F, 0xFF, 0x07, 0x1F, 0xF0, 0x03, 0x81, 0xE3, 0x01, 0xF8, 0xF3, 0xC1, 0xFC, 0x79, 0xE7,
    0xFE, 0x3D, 0xE1, 0xFF, 0x0F, 0xF0, 0xFC, 0x07, 0xF0, 0x6E, 0x03, 0xF0, 0x07, 0x01, 0xFB, 0x03,
    0x81, 0xF9, 0xC1, 0xC1, 0xFC, 0xF0, 0xE3, 0xFF, 0x70, 0x73, 0xFF, 0xF9, 0xF9, 0xF9, 0xFC, 0xFC,
    0x70, 0x7C, 0x3C, 0x00, 0x1E, 0x00, 0x00, 0x00, 0x00, 0x07, 0x01, 0xC0, 0x03, 0x80, 0xF0, 0x01,
    0xC0, 0x78, 0x00, 0xE0, 0x1E, 0x00, 0x71, 0xFF, 0xFD, 0xFF, 0xFF, 0xFE, 0xFF, 0xFF, 0xFF, 0x7F,
    0xC0, 0x00, 0x07, 0x00, 0x00, 0x03, 0x80, 0x00, 0x01, 0xC3, 0xFF, 0x00, 0xE1, 0xFF, 0x80, 0x7E,
    0xFF, 0xC1, 0xFF, 0x78, 0xE1, 0xFF, 0xBC, 0x70, 0xFF, 0x1E, 0x38, 0x3F, 0x0F, 0x1C, 0x03, 0x87,
    0x8E, 0x01, 0xC3, 0xC7, 0x60, 0xE3, 0xC3, 0xB8, 0x71, 0xE1, 0xDC, 0x39, 0xE0, 0xFE, 0xFD, 0xF0,
    0x7F, 0x7E, 0xF0, 0x3F, 0x1E, 0x30, 0x0F, 0x80, 0x0E, 0x00, 0x00, 0x07, 0x9F, 0xFF, 0x03, 0xCF,
    0xFF, 0x81, 0xE7, 0xFF, 0xC0, 0xF3, 0xC1, 0xE3, 0xFF, 0xE0, 0xF1, 0xFF, 0xF0, 0x78, 0xFF, 0xFB,
    0xFC, 0x0F, 0x3D, 0xFC, 0x07, 0x9E, 0x7C, 0x03, 0xCF, 0xFF, 0xC1, 0xFF, 0xFF, 0xE1, 0xFF, 0xFF,
    0xF7, 0xFF, 0xFC, 0x73, 0xFF, 0xFE, 0x78, 0xFE, 0x7F, 0xBC, 0x7F, 0x3F, 0xFC, 0x07, 0x9E, 0xFE,
    0x03, 0xCF, 0x7E, 0x01, 0xE7, 0x9F, 0x00, 0xF3, 0xDF, 0xC0, 0x79, 0xFF, 0xF9, 0xF8, 0xFF, 0xFC,
    0xFC, 0x7F, 0x9E, 0x7C, 0x3F, 0x06, 0x00, 0x1E, 0x00, 0x00, 0x0F, 0x1F, 0xFE, 0x07, 0x8F, 0xFF,
    0x83, 0xC7, 0xFF, 0xC1, 0xE1, 0xE3, 0xC3, 0xFE, 0x7B, 0xE1, 0xFF, 0x1F, 0xE0, 0xFF, 0x87, 0xE0,
    0x1E, 0x0F, 0xF8, 0x0F, 0x1F, 0xFF, 0x87, 0x9F, 0xDF, 0xE3, 0xFF, 0xBB, 0xE3, 0xFE, 0x1C, 0x67,
    0xFF, 0xFF, 0xF1, 0xFC, 0xFF, 0xF8, 0xFC, 0x7F, 0xFC, 0x1E, 0x01, 0xC0, 0x0F, 0x00, 0xE0, 0x07,
    0x9F, 0xFF, 0xC3, 0xCF, 0xFF, 0xE1, 0xE7, 0xFF, 0xF0, 0xF0, 0x0E, 0x01, 0xF8, 0x07, 0x00, 0xFC,
    0x03, 0x80, 0x3C, 0x01, 0xC0, 0x00, 0x0E, 0x03, 0xC0, 0x0F, 0x01, 0xE0, 0x07, 0x80, 0x70, 0x03,
    0xCF, 0xFF, 0xE1, 0xE7, 0xFF, 0xF3, 0xFF, 0xFF, 0xF9, 0xFF, 0xE8, 0x1C, 0xFF, 0xF7, 0x0E, 0x1E,
    0x7F, 0x87, 0x0F, 0x03, 0xC0, 0x07, 0xBF, 0xFF, 0xC3, 0xDF, 0xFF, 0xF1, 0xFF, 0xFF, 0xF9, 0xFE,
    0xF1, 0xE3, 0xFF, 0x78, 0xF1, 0xFF, 0x3C, 0x78, 0x7E, 0x3E, 0x78, 0x2F, 0x1F, 0xFC, 0x07, 0x83,
    0xFC, 0x03, 0xC0, 0xFF, 0x01, 0xE0, 0x7F, 0xC0, 0xF1, 0xFF, 0xF9, 0xF9, 0xFE, 0xFC, 0xFC, 0xFC,
    0x1E, 0x7C, 0x30, 0x06, 0x00, 0x1E, 0x07, 0x00, 0x0F, 0x07, 0x80, 0x07, 0x83, 0xFE, 0x03, 0xC3,
    0xFF, 0x81, 0xE3, 0xFF, 0xC3, 0xFF, 0xE3, 0xE1, 0xFF, 0xE1, 0xE0, 0xFF, 0xFF, 0xFC, 0x1E, 0x7F,
    0xFE, 0x0F, 0x1F, 0xFF, 0x07, 0x8E, 0x77, 0x83, 0xF7, 0x3B, 0xC1, 0xFB, 0xBD, 0xE7, 0xFD, 0xDE,
    0xF3, 0xFF, 0xFF, 0xFC, 0xFD, 0xFF, 0xFE, 0x5E, 0xFF, 0xFF, 0x0F, 0x03, 0xF0, 0x07, 0x83, 0xF8,
    0x03, 0xC1, 0xFE, 0x01, 0xE1, 0xF7, 0x80, 0xF3, 0xF3, 0xF1, 0xFF, 0xF0, 0xFE, 0xFB, 0xE0, 0x3E,
    0x7C, 0xE0, 0x07, 0x00, 0x00, 0x00, 0x00, 0x1E, 0x00, 0x00, 0x0F, 0x3F, 0xFF, 0x87, 0x9F, 0xFF,
    0xC3, 0xCF, 0xFF, 0xE1, 0xE7, 0x80, 0xF3, 0xFF, 0xC0, 0x79, 0xFF, 0xFF, 0xFC, 0xFF, 0xFF, 0xFE,
    0x1E, 0x7F, 0xFF, 0x0F, 0x3C, 0x70, 0x07, 0x9E, 0x38, 0x03, 0xDF, 0xFF, 0xE1, 0xFF, 0xFF, 0xF7,
    0xFF, 0xFF, 0xFB, 0xFF, 0xE3, 0x80, 0xFC, 0xE1, 0xC0, 0x7E, 0x7F, 0xFF, 0x0F, 0x7F, 0xFF, 0x87,
    0xBF, 0xFF, 0xC3, 0xDF, 0xC1, 0xE1, 0xEF, 0xE0, 0xF3, 0xFF, 0x7F, 0xF9, 0xF7, 0xBF, 0xFC, 0xFB,
    0x9F, 0xFE, 0x00, 0xCE, 0x0F, 0x00, 0x1E, 0x03, 0x80, 0x0F, 0x01, 0xE0, 0x07, 0x9F, 0xFF, 0xC3,
    0xCF, 0xFF, 0xE1, 0xE7, 0xFF, 0xF3, 0xFC, 0xE1, 0xE1, 0xFE, 0x78, 0xE0, 0xFF, 0x1C, 0xF0, 0x1E,
    0x7F, 0xFF, 0x0F, 0x7F, 0xFF, 0x87, 0xBF, 0xFF, 0xC3, 0xE0, 0xF0, 0x03, 0xF8, 0x78, 0x07, 0xFF,
    0xFF, 0xFF, 0xFF, 0xFF, 0xFE, 0xFD, 0xFF, 0xFF, 0x5E, 0x1E, 0x3C, 0x0F, 0x1E, 0x3C, 0x07, 0x8F,
    0xDE, 0x03, 0xC7, 0xFE, 0x01, 0xE0, 0xFF, 0x80, 0xF0, 0x7F, 0xE1, 0xF3, 0xFF, 0xFC, 0xF9, 0xFE,
    0x3C, 0x78, 0x78, 0x0E, 0x00, 0x1E, 0x03, 0x80, 0x0F, 0x01, 0xE0, 0x07, 0x80, 0xF0, 0x03, 0xCF,
    0xFF, 0xE1, 0xE7, 0xFF, 0xF3, 0xFF, 0xFF, 0xF9, 0xFF, 0xC0, 0x1C, 0xFF, 0xEC, 0x6E, 0x1E, 0x0F,
    0x78, 0x0F, 0x1F, 0x3E, 0x07, 0x9F, 0x8F, 0x83, 0xCF, 0x83, 0xE1, 0xFB, 0x00, 0xE1, 0xFD, 0xFF,
    0xF3, 0xFE, 0xFF, 0xF8, 0xFC, 0x7F, 0xFC, 0x7E, 0x03, 0xC0, 0x0F, 0x01, 0xE0, 0x07, 0x80, 0xF0,
    0x03, 0xC0, 0x78, 0x01, 0xE0, 0x3C, 0x03, 0xF7, 0xFF, 0xFD, 0xF3, 0xFF, 0xFE, 0xF9, 0xFF, 0xFF,
    0x1E, 0x0E, 0x38, 0x1E, 0x1E, 0x38, 0x1E, 0x1E, 0x38, 0x1E, 0x1E, 0x38, 0x1E, 0x7F, 0xFF, 0x7F,
    0xFF, 0xFF, 0x7F, 0xFF, 0xFF, 0x7F, 0x9E, 0x38, 0x1E, 0x1E, 0x38, 0x1E, 0x0E, 0x38, 0x1E, 0x3F,
    0xFF, 0x1F, 0xFF, 0xFF, 0x1F, 0xFF, 0xFF, 0xFF, 0xF9, 0xCF, 0xFF, 0xF9, 0xCF, 0x7E, 0x7F, 0xFF,
    0x5E, 0x7F, 0xFF, 0x1E, 0x7F, 0xFF, 0x1E, 0x79, 0xCF, 0x1E, 0x79, 0xCF, 0x1E, 0x7F, 0xFF, 0x7E,
    0x7F, 0xFF, 0x7C, 0x7F, 0xFF, 0x7C, 0x78, 0x0F, 0x00, 0x38, 0x0E, 0x1E, 0x00, 0x00, 0x0F, 0x1F,
    0xFF, 0x07, 0x8F, 0xFF, 0x83, 0xC7, 0xFF, 0xC1, 0xE3, 0x81, 0xE7, 0xFD, 0xFF, 0xF3, 0xFE, 0xFF,
    0xF9, 0xFF, 0x70, 0x3C, 0x1E, 0x3F, 0xFE, 0x0F, 0x1F, 0xFF, 0x07, 0x80, 0x00, 0x03, 0xDF, 0xFF,
    0xE1, 0xFF, 0xFF, 0xF7, 0xFF, 0xFF, 0xFB, 0xFE, 0xC7, 0x00, 0xFC, 0x73, 0x80, 0x5E, 0x39, 0xFE,
    0x0F, 0x1C, 0xFF, 0x07, 0x9F, 0x7F, 0x83, 0xCF, 0xB8, 0x01, 0xEF, 0xFC, 0x03, 0xF7, 0xFE, 0x01,
    0xF7, 0x9F, 0xFE, 0xFB, 0xC7, 0xFE, 0x00, 0xC0, 0xFF, 0x00, 0x1E, 0x00, 0x1C, 0x1E, 0x1F, 0xFE,
    0x1E, 0x3F, 0xFE, 0x1E, 0x3F, 0xFC, 0x1E, 0x3D, 0xC0, 0x7F, 0x81, 0xC0, 0x7F, 0xFF, 0xFF, 0x7F,
    0xFF, 0xFF, 0x1E, 0x7F, 0xFF, 0x1E, 0x01, 0xC0, 0x1E, 0x0D, 0xC0, 0x1E, 0x3F, 0xFF, 0x1F, 0xFF,
    0xFF, 0xFF, 0xF9, 0xFF, 0xFF, 0xF9, 0xCF, 0x7E, 0x79, 0xCF, 0x7E, 0x7F, 0xFF, 0x1E, 0x7F, 0xFF,
    0x1E, 0x7F, 0xCF, 0x1E, 0x79, 0xCF, 0x1E, 0x79, 0xCF, 0x1E, 0x7F, 0xFF, 0x7E, 0x7F, 0xFF, 0x3C,
    0x7F, 0xFF, 0x38, 0x78, 0x0E, 0x1E, 0x01, 0xC0, 0x0F, 0x07, 0xE0, 0x07, 0x8F, 0xFF, 0xC3, 0xCF,
    0xFF, 0xE1, 0xE7, 0x9F, 0xF3, 0xFF, 0xCE, 0x79, 0xFF, 0xFF, 0xFC, 0xFF, 0xFF, 0xFE, 0x1E, 0x79,
    0xCF, 0x0F, 0x3C, 0xE7, 0x87, 0x9F, 0xFF, 0xC3, 0xFF, 0xFF, 0xE1, 0xFF, 0xFF, 0xE7, 0xFC, 0x0E,
    0x03, 0xFD, 0xFF, 0xF0, 0xFC, 0xFF, 0xFC, 0x7E, 0x7F, 0xFE, 0x0F, 0x1E, 0x1E, 0x07, 0x87, 0x9F,
    0x03, 0xC3, 0xFF, 0x01, 0xE0, 0x7F, 0x00, 0xF0, 0xFF, 0xE1, 0xFB, 0xFF, 0xFC, 0xF9, 0xFC, 0xFE,
    0x3C, 0xF8, 0x0E, 0x00, 0x01, 0xC7, 0x00, 0x03, 0xC7, 0x80, 0x03, 0xC7, 0x00, 0x73, 0xCF, 0x00,
    0x73, 0xCF, 0x00, 0x73, 0xCF, 0xFF, 0x73, 0xCF, 0xFF, 0x73, 0xDF, 0xFF, 0x73, 0xDE, 0x3C, 0x73,
    0xFE, 0x3C, 0x73, 0xFE, 0x3C, 0x73, 0xFF, 0x38, 0x73, 0xFF, 0x78, 0x73, 0xD7, 0xF8, 0x73, 0xC7,
    0xF0, 0x7F, 0xC3, 0xF0, 0xFF, 0xC3, 0xF0, 0xFF, 0xC1, 0xE0, 0xFF, 0xC3, 0xF0, 0x63, 0xC7, 0xF8,
    0x03, 0xCF, 0xFC, 0x03, 0xFF, 0x3E, 0x03, 0xFE, 0x3E, 0x03, 0xDC, 0x0C, 0x01, 0xD8, 0x00, 0x07,
    0x03, 0x80, 0x03, 0x81, 0xE0, 0x01, 0xC0, 0xF0, 0x00, 0xE0, 0xF0, 0x00, 0x70, 0x78, 0x07, 0xFF,
    0xFF, 0xFF, 0xFF, 0xFF, 0xFF, 0xFF, 0xFF, 0xFF, 0x07, 0x0F, 0x1E, 0x03, 0x8F, 0x8F, 0x01, 0xCF,
    0xE7, 0x80, 0xE7, 0xF7, 0x87, 0xFF, 0xFB, 0xC3, 0xFF, 0xDF, 0xE1, 0xFF, 0xCF, 0xE0, 0xF1, 0xE3,
    0xF0, 0x78, 0xF1, 0xF0, 0x3C, 0x78, 0xF8, 0x1E, 0x3C, 0x7E, 0x0F, 0xFE, 0x7F, 0x07, 0xFF, 0xFF,
    0xE3, 0xFF, 0xFD, 0xF9, 0xE0, 0xFC, 0x7E, 0x70, 0x3C, 0x1E, 0x00, 0x18, 0x02, 0x00, 0x07, 0xA1,
    0xC0, 0x1F, 0xDC, 0xE0, 0x0F, 0xFE, 0x70, 0x07, 0xFE, 0x78, 0x01, 0xFF, 0x3C, 0x03, 0xFF, 0xFF,
    0xF9, 0xFF, 0xFF, 0xFC, 0xFF, 0xFF, 0xFE, 0x1F, 0xF7, 0x9E, 0x3F, 0xFF, 0xEE, 0x3F, 0xEF, 0xF7,
    0x0E, 0xF3, 0xFB, 0x82, 0x70, 0xFF, 0xC3, 0xFF, 0xBF, 0xE1, 0xFF, 0xE3, 0xE0, 0xFF, 0xF1, 0xF0,
    0x1C, 0x70, 0xF8, 0x1E, 0x78, 0x7C, 0x0F, 0xF8, 0x7E, 0x03, 0xF8, 0x7F, 0x80, 0xFF, 0x7F, 0xE1,
    0xFF, 0xFC, 0xF9, 0xF9, 0xFE, 0x3E, 0xF8, 0x1C, 0x0E, 0x20, 0x0C, 0x02, 0x00, 0x00, 0x1C, 0x00,
    0x00, 0x1F, 0x00, 0x00, 0x0F, 0x80, 0x00, 0x03, 0xC0, 0x00, 0x01, 0xE0, 0x03, 0xFF, 0xFF, 0xF9,
    0xFF, 0xFF, 0xFC, 0xFF, 0xFF, 0xFE, 0x07, 0x80, 0xF0, 0x03, 0xC0, 0x78, 0x00, 0xF0, 0x78, 0x00,
    0x78, 0x3C, 0x00, 0x1E, 0x3E, 0x00, 0x0F, 0xBE, 0x00, 0x03, 0xFE, 0x00, 0x00, 0xFF, 0x00, 0x00,
    0x7F, 0x00, 0x00, 0x3F, 0x80, 0x00, 0x3F, 0xF0, 0x00, 0x7F, 0xFC, 0x00, 0xFF, 0x3F, 0xC3, 0xFE,
    0x0F, 0xFD, 0xFE, 0x01, 0xFC, 0xF8, 0x00, 0x3C, 0x30, 0x00, 0x06, 0x00, 0x01, 0x80, 0x1C, 0x01,
    0xE0, 0x0E, 0x01, 0xF0, 0x67, 0x01, 0xFE, 0x7B, 0x81, 0xFF, 0xBF, 0xC1, 0xF3, 0xEF, 0xE3, 0xF0,
    0xF3, 0xF1, 0xFF, 0xF0, 0xB8, 0x7F, 0xF2, 0x1C, 0x3F, 0xFB, 0xCE, 0x00, 0xE1, 0xF7, 0x00, 0x70,
    0x7B, 0x87, 0xFF, 0x9F, 0xC3, 0xFF, 0xCE, 0xE1, 0xFF, 0xE0, 0x7C, 0x07, 0x00, 0xFF, 0x3F, 0xF7,
    0xFF, 0x9D, 0xFF, 0xFF, 0x8E, 0xEF, 0xFF, 0x0F, 0x77, 0xE3, 0x87, 0x3B, 0xC1, 0xC7, 0x9D, 0xC0,
    0xE0, 0xFE, 0x00, 0x70, 0x1F, 0x00, 0x38, 0x0F, 0x00, 0x1C, 0x00, 0x03, 0xC0, 0x1C, 0xF3, 0xC0,
    0x7E, 0xFF, 0xFB, 0xFE, 0xFF, 0xFF, 0xFC, 0xFF, 0xF7, 0xE0, 0xFF, 0xF7, 0x00, 0xFF, 0xF7, 0x00,
    0xF3, 0xE7, 0x00, 0xFF, 0xFF, 0x00, 0xFF, 0xFF, 0xFF, 0xFF, 0xFF, 0xFF, 0xF3, 0xE7, 0xFF, 0xF7,
    0xF7, 0x38, 0xFF, 0xF7, 0x38, 0xFF, 0xFF, 0x38, 0xFF, 0xF7, 0x38, 0xFF, 0xC7, 0x38, 0xFB, 0xCF,
    0x38, 0xF3, 0xCF, 0x38, 0xFF, 0xFF, 0x38, 0xFF, 0xFE, 0x38, 0xFF, 0xFE, 0x38, 0x00, 0x1E, 0x38,
    0x00, 0x0E, 0x38, 0x00, 0x04, 0x38, 0x07, 0x00, 0x04, 0x03, 0x80, 0x1F, 0x01, 0xE0, 0xFF, 0xCF,
    0xFF, 0xFF, 0xC7, 0xFF, 0xFF, 0x03, 0xFF, 0xFC, 0x00, 0xF3, 0xDE, 0x00, 0x39, 0xCF, 0x00, 0x7F,
    0xFF, 0x80, 0x3F, 0xFF, 0xFF, 0xDF, 0xFF, 0xFF, 0xE0, 0xF0, 0xFF, 0xF0, 0x78, 0x79, 0xC3, 0xFF,
    0xFC, 0xE1, 0xFF, 0xFE, 0x70, 0xFF, 0xFF, 0x38, 0x17, 0xA7, 0x9C, 0x1F, 0xFB, 0xCE, 0x0F, 0xFD,
    0xC7, 0x0F, 0xF7, 0xE3, 0x8F, 0x7B, 0xF1, 0xC3, 0xFC, 0x78, 0xE0, 0x7E, 0x78, 0x70, 0x1E, 0x1C,
    0x38, 0x00, 0x00, 0x1C, 0x00, 0x00, 0x00, 0x00, 0x00, 0x1C, 0x00, 0x00, 0x3E, 0x00, 0x00, 0x1E,
    0x00, 0x00, 0x1E, 0x00, 0x7F, 0xFF, 0xFF, 0x7F, 0xFF, 0xFF, 0x7F, 0xFF, 0xFF, 0x01, 0xE0, 0x00,
    0x01, 0xE0, 0x00, 0x01, 0xE0, 0x00, 0x01, 0xE0, 0x00, 0x01, 0xFF, 0xFC, 0x01, 0xFF, 0xFC, 0x01,
    0xFF, 0xFC, 0x03, 0xE0, 0x3C, 0x03, 0xC0, 0x3C, 0x03, 0xC0, 0x38, 0x07, 0xC0, 0x78, 0x07, 0x80,
    0x78, 0x0F, 0x80, 0x78, 0x1F, 0x00, 0x78, 0x3F, 0x00, 0xF8, 0x7E, 0x1F, 0xF0, 0x7C, 0x0F, 0xF0,
    0x30, 0x0F, 0xE0, 0x00, 0x00, 0x00, 0x3F, 0xFF, 0xFE, 0x1F, 0xFF, 0xFF, 0x0F, 0xFF, 0xFF, 0x80,
    0x07, 0x80, 0x00, 0x03, 0xC0, 0x00, 0x01, 0xE0, 0x00, 0x00, 0xF0, 0x00, 0xFF, 0xFF, 0xFE, 0x7F,
    0xFF, 0xFF, 0x3F, 0xFF, 0xFF, 0x80, 0x1F, 0xC0, 0x00, 0x0F, 0xE0, 0x00, 0x0F, 0xF0, 0x00, 0x07,
    0xF8, 0x00, 0x07, 0xFC, 0x00, 0x03, 0xDE, 0x0C, 0x03, 0xEF, 0x07, 0x87, 0xE7, 0x83, 0x87, 0xE3,
    0xC3, 0xCF, 0xE1, 0xFF, 0xE7, 0xE0, 0x7F, 0xF1, 0xE0, 0x3F, 0xF0, 0xC0, 0x00, 0x00, 0x00, 0x00,
    0x78, 0x00, 0x00, 0x78, 0xFF, 0xC0, 0x78, 0xFF, 0xC0, 0x78, 0xFF, 0xC0, 0x78, 0xF3, 0xFF, 0xFF,
    0xF3, 0xFF, 0xFF, 0xF3, 0xFF, 0xFF, 0xF3, 0xC0, 0x78, 0xF3, 0xC0, 0x78, 0xFF, 0xCC, 0x78, 0xFF,
    0xFC, 0x78, 0xFF, 0xDE, 0x78, 0xF3, 0xDF, 0x78, 0xF3, 0xCF, 0x78, 0xF3, 0xC7, 0xF8, 0xF3, 0xC7,
    0x78, 0xFF, 0xC0, 0x78, 0xFF, 0xC0, 0x78, 0xFF, 0xC0, 0x78, 0xF0, 0x00, 0x78, 0xF0, 0x07, 0xF8,
    0x00, 0x07, 0xF8, 0x00, 0x07, 0xF0, 0x00, 0x00, 0x00, 0x00, 0x03, 0x80, 0x00, 0x03, 0x80, 0xFF,
    0x03, 0x80, 0xFF, 0x03, 0x80, 0xFF, 0x7F, 0xFC, 0xF7, 0x7F, 0xFC, 0xF7, 0x7F, 0xFC, 0xF7, 0x7B,
    0x9C, 0xF7, 0x7B, 0x9C, 0xFF, 0x7B, 0x9C, 0xFF, 0x7B, 0x9C, 0xFF, 0x7B, 0x9C, 0xF7, 0x7B, 0x9C,
    0xF7, 0xFF, 0xFF, 0xF7, 0xFF, 0xFF, 0xF7, 0xFF, 0xFF, 0xF7, 0x07, 0xE0, 0xFF, 0x07, 0xE0, 0xFF,
    0x0F, 0xF0, 0xFF, 0x1F, 0xF8, 0xF0, 0x3E, 0x7C, 0xF0, 0xFC, 0x3E, 0x01, 0xF8, 0x3F, 0x00, 0xF0,
    0x1E, 0x00, 0xC0, 0x04, 0x1F, 0xFF, 0xFC, 0x0F, 0xFF, 0xFE, 0x07, 0xFF, 0xFF, 0x03, 0xC0, 0x07,
    0x81, 0xFF, 0xFF, 0xC0, 0xFF, 0xFF, 0xE0, 0x78, 0x00, 0xF0, 0x3F, 0xFF, 0xF8, 0x1F, 0xFF, 0xFC,
    0x00, 0x00, 0x00, 0x1F, 0xFF, 0xFF, 0xCF, 0xFF, 0xFF, 0xE7, 0xFF, 0xFF, 0xF0, 0x30, 0xF0, 0x00,
    0x1C, 0x78, 0x00, 0x1E, 0x3F, 0xF8, 0x0F, 0x1F, 0xFC, 0x07, 0xCF, 0xFE, 0x07, 0xF7, 0x80, 0x07,
    0xFF, 0xC0, 0x07, 0xDF, 0xFF, 0xF7, 0xC7, 0xFF, 0xF9, 0xC0, 0xFF, 0xFC, 0x40, 0x00, 0x00, 0x0F,
    0xFF, 0xF8, 0x07, 0xFF, 0xFC, 0x03, 0xFF, 0xFE, 0x01, 0xC0, 0x07, 0x00, 0xFF, 0xFF, 0x80, 0x7F,
    0xFF, 0xC0, 0x3F, 0xFF, 0xE0, 0x1C, 0x00, 0x70, 0x0F, 0xFF, 0xF8, 0x07, 0xFF, 0xFC, 0x03, 0xFF,
    0xFE, 0x00, 0x0C, 0x60, 0x00, 0x8E, 0x38, 0x81, 0xE7, 0x1C, 0xF0, 0x73, 0x8E, 0x70, 0x3D, 0xC7,
    0x78, 0x0E, 0xE3, 0xB8, 0x07, 0xF1, 0xFC, 0x03, 0xB8, 0xEC, 0x00, 0x1C, 0x70, 0x0F, 0xFF, 0xFF,
    0xFF, 0xFF, 0xFF, 0xFF, 0xFF, 0xFF, 0xFE, 0x03, 0x01, 0x80, 0x1E, 0x03, 0xC0, 0x1E, 0x0F, 0x03,
    0xFF, 0xFF, 0xE7, 0xFF, 0xFF, 0xCF, 0xFF, 0xFF, 0x8F, 0x7B, 0xDE, 0x1E, 0xF7, 0xB8, 0x1F, 0xEF,
    0xF0, 0x3B, 0xDF, 0xC3, 0xFF, 0xFF, 0xFF, 0xFF, 0xFF, 0xFF, 0xFF, 0xFF, 0xE3, 0xFF, 0xFE, 0x07,
    0xFF, 0xFC, 0x0F, 0xFF, 0xF8, 0x1E, 0x00, 0xF0, 0x3F, 0xFF, 0xE0, 0x7F, 0xFF, 0xC0, 0xFF, 0xFF,
    0x81, 0xE0, 0x0F, 0x03, 0xFF, 0xFE, 0x07, 0xFF, 0xFC, 0x0F, 0xFF, 0xF8, 0x1C, 0x00, 0xF0, 0x7F,
    0xFF, 0xFF, 0x3F, 0xFF, 0xFF, 0x9F, 0xFF, 0xFF, 0xC0, 0x03, 0xC0, 0x00, 0x01, 0xE0, 0x00, 0xFF,
    0xFF, 0xE0, 0x7F, 0xFF, 0xF0, 0x3F, 0xFF, 0xF8, 0x1E, 0x1E, 0x1C, 0x0F, 0xFF, 0xFE, 0x07, 0xFF,
    0xFF, 0x03, 0xFF, 0xFF, 0x81, 0xE1, 0xE1, 0xC0, 0xFF, 0xFF, 0xE0, 0x7F, 0xFF, 0xF0, 0x3F, 0xFF,
    0xF8, 0x0F, 0x3C, 0x00, 0x07, 0xFC, 0x00, 0x01, 0xFE, 0x00, 0x01, 0xFF, 0xF0, 0x07, 0xFF, 0xFF,
    0xFB, 0xFD, 0xFF, 0xF8, 0xF8, 0x0F, 0xFC, 0x20, 0x00, 0x00, 0x1F, 0xFF, 0xF0, 0x1F, 0xFF, 0xF0,
    0x1C, 0x00, 0xF0, 0x1F, 0xFF, 0xF0, 0x1F, 0xFF, 0xF0, 0x1C, 0x00, 0xF0, 0x1F, 0xFF, 0xF0, 0x1F,
    0xFF, 0xF0, 0x00, 0x00, 0x00, 0xFF, 0xFF, 0xFE, 0xFF, 0xFF, 0xFE, 0xFF, 0xFF, 0xFE, 0x38, 0xFF,
    0xFC, 0x3F, 0xFF, 0xFE, 0x3F, 0xFF, 0xFC, 0x38, 0xFF, 0x3C, 0x3F, 0xF7, 0xBC, 0x3F, 0xF7, 0xF8,
    0x38, 0xF3, 0xF0, 0xFF, 0xFB, 0xF0, 0xFF, 0xFF, 0xFE, 0xFF, 0xFF, 0xFE, 0x00, 0xFF, 0x3E, 0x00,
    0xE4, 0x04, 0x00, 0x70, 0x00, 0x00, 0xF0, 0x00, 0x00, 0xF0, 0x00, 0x7F, 0xFF, 0xFF, 0x7F, 0xFF,
    0xFF, 0x7F, 0xFF, 0xFF, 0x03, 0xC0, 0x00, 0x03, 0xC0, 0x00, 0x07, 0xFF, 0xF8, 0x0F, 0xFF, 0xF8,
    0x0F, 0xFF, 0xF8, 0x1F, 0x80, 0x38, 0x3F, 0x80, 0x38, 0x7F, 0xFF, 0xF8, 0x7F, 0xFF, 0xF8, 0x73,
    0xFF, 0xF8, 0x23, 0x80, 0x38, 0x03, 0xFF, 0xF8, 0x03, 0xFF, 0xF8, 0x03, 0xFF, 0xF8, 0x03, 0x80,
    0x38, 0x03, 0x80, 0x78, 0x03, 0x83, 0xF8, 0x03, 0x83, 0xF8, 0x03, 0x81, 0xF0, 0x3F, 0xFF, 0xFE,
    0x1F, 0xFF, 0xFF, 0x0F, 0xFF, 0xFF, 0x87, 0x3F, 0xC1, 0xC3, 0x9F, 0xE0, 0xE1, 0xCF, 0xF7, 0xF0,
    0xFF, 0xF9, 0xF8, 0x7F, 0xFC, 0xFC, 0x3F, 0xFE, 0x00, 0x1C, 0xFF, 0xFF, 0x8E, 0x7F, 0xFF, 0xC7,
    0x3F, 0xFF, 0xE3, 0xFF, 0xFC, 0xF1, 0xFF, 0xFE, 0x70, 0xFF, 0xFF, 0xF8, 0x73, 0xFF, 0xFC, 0x39,
    0xFE, 0xFC, 0x3C, 0xFF, 0x3E, 0x1E, 0x7F, 0x9E, 0x0F, 0x3F, 0xDF, 0xC7, 0x1F, 0xFF, 0xF7, 0xBE,
    0xFF, 0xFF, 0xDF, 0x7F, 0x3C, 0x6F, 0x3F, 0x04, 0x00, 0x1C, 0x00, 0x00, 0x1E, 0x00, 0x00, 0x0F,
    0x00, 0x00, 0x07, 0x80, 0x01, 0xFF, 0xFF, 0xC0, 0xFF, 0xFF, 0xE0, 0x7F, 0xFF, 0xF0, 0x00, 0x78,
    0x00, 0x00, 0x3C, 0x00, 0x00, 0x1E, 0x00, 0x00, 0x0F, 0x00, 0x0F, 0xFF, 0xFF, 0xE7, 0xFF, 0xFF,
    0xF3, 0xFF, 0xFF, 0xF8, 0x01, 0xFC, 0x00, 0x01, 0xFF, 0x00, 0x01, 0xFF, 0xC0, 0x03, 0xFF, 0xF0,
    0x03, 0xFF, 0x7E, 0x03, 0xF7, 0x9F, 0x87, 0xF3, 0xC7, 0xF7, 0xF1, 0xE1, 0xF9, 0xE0, 0xF0, 0x38,
    0x60, 0x78, 0x0C, 0x00, 0x1C, 0x00, 0x00, 0x00, 0x1C, 0x00, 0x00, 0x0E, 0x00, 0x00, 0x07, 0x00,
    0x00, 0x03, 0x80, 0x00, 0x01, 0xC0, 0x03, 0xFF, 0xFF, 0xF9, 0xFF, 0xFF, 0xFC, 0xFF, 0xFF, 0xFE,
    0x01, 0xFF, 0xC0, 0x00, 0xFF, 0xE0, 0x00, 0xF7, 0x78, 0x00, 0x7B, 0xBC, 0x00, 0x79, 0xCF, 0x00,
    0x7C, 0xE7, 0xC0, 0x3C, 0x71, 0xE0, 0x3E, 0x38, 0xF8, 0x3E, 0x1C, 0x3E, 0x3F, 0xFF, 0xFF, 0x9F,
    0xFF, 0xFF, 0xCF, 0xFF, 0xFF, 0xC3, 0x03, 0xC0, 0x40, 0x00, 0xE0, 0x00, 0x00, 0x70, 0x00, 0x00,
    0x38, 0x00, 0x00, 0x1C, 0x00, 0x00, 0x07, 0x00, 0x00, 0x07, 0x80, 0x00, 0x03, 0xC3, 0xFF, 0x01,
    0xE1, 0xFF, 0x80, 0xF0, 0xFF, 0xC0, 0x78, 0x71, 0xE1, 0xFF, 0xB8, 0xF0, 0xFF, 0xDC, 0x78, 0x7F,
    0xEE, 0x3C, 0x07, 0x87, 0x1E, 0x07, 0xC3, 0x8F, 0x03, 0xF1, 0xC7, 0x81, 0xFC, 0xE3, 0xC1, 0xFF,
    0x71, 0xE0, 0xFF, 0xB8, 0xF0, 0xFF, 0xFC, 0x78, 0x7F, 0x7E, 0x3C, 0x7F, 0x8F, 0x1F, 0x1F, 0xC7,
    0x8F, 0xED, 0xE7, 0x87, 0xF4, 0xF3, 0xC3, 0xF8, 0x7B, 0xE1, 0xFC, 0x3D, 0xE0, 0xFE, 0x1E, 0xE0,
    0x7F, 0x0F, 0x30, 0x1F, 0x00, 0x00, 0x1C, 0x00, 0x00, 0x0E, 0x00, 0x00, 0x07, 0x00, 0x0F, 0xFF,
    0xFF, 0xE7, 0xFF, 0xFF, 0xF3, 0xFF, 0xFF, 0xF8, 0x00, 0x70, 0x00, 0x00, 0x38, 0x00, 0x1F, 0xFF,
    0xFC, 0x0F, 0xFF, 0xFE, 0x07, 0xFF, 0xFF, 0x03, 0xC3, 0x87, 0x81, 0xE1, 0xC3, 0xC0, 0xFF, 0xFF,
    0xE0, 0x7F, 0xFF, 0xF0, 0x3F, 0xFF, 0xF8, 0x00, 0xFF, 0x80, 0x00, 0xFF, 0xE0, 0x00, 0xFF, 0xF8,
    0x01, 0xFB, 0xBF, 0x03, 0xF9, 0xCF, 0xE3, 0xF8, 0xE3, 0xF9, 0xF0, 0x70, 0x7C, 0x70, 0x38, 0x1C,
    0x00, 0x1C, 0x00, 0x00, 0x00, 0xF0, 0x00, 0x00, 0x78, 0x00, 0x00, 0x7F, 0xF8, 0x00, 0x7F, 0xFF,
    0x00, 0x7F, 0xFF, 0x00, 0xFE, 0x0F, 0x81, 0xFF, 0xDF, 0x80, 0x7F, 0xFF, 0x80, 0x18, 0x7F, 0x80,
    0x00, 0xFF, 0xF0, 0x07, 0xFF, 0xFF, 0xCF, 0xFE, 0x7F, 0xE7, 0xF9, 0xCF, 0xF3, 0xE0, 0xE0, 0x70,
    0x7F, 0xFF, 0xF0, 0x3F, 0xFF, 0xF8, 0x1F, 0xFF, 0xFC, 0x01, 0x8E, 0x20, 0x01, 0xE7, 0x38, 0x01,
    0xF3, 0x9E, 0x01, 0xF1, 0xCF, 0x81, 0xF1, 0xE3, 0xE0, 0xF3, 0xF0, 0xF0, 0x31, 0xF8, 0x30, 0x00,
    0x78, 0x00, 0x00, 0x00, 0x1C, 0x00, 0x00, 0x0E, 0x00, 0x00, 0x07, 0x00, 0x07, 0xFF, 0xFF, 0xC3,
    0xFF, 0xFF, 0xE1, 0xFF, 0xFF, 0xF0, 0x18, 0x70, 0xE0, 0x1E, 0x38, 0xF8, 0x0F, 0x1C, 0x78, 0x03,
    0xCE, 0x3C, 0x01, 0xE7, 0x3C, 0x00, 0xF3, 0x9E, 0x07, 0xFF, 0xFF, 0xF3, 0xFF, 0xFF, 0xF9, 0xFF,
    0xFF, 0xFC, 0x01, 0xFF, 0x00, 0x01, 0xFF, 0xC0, 0x01, 0xFF, 0xF0, 0x01, 0xF7, 0x7C, 0x03, 0xF3,
    0x9F, 0x87, 0xF1, 0xC7, 0xF7, 0xF0, 0xE1, 0xF9, 0xF0, 0x70, 0x7C, 0x60, 0x38, 0x0C, 0x00, 0x1C,
    0x00, 0x00, 0x0F, 0x00, 0x00, 0x07, 0x83, 0xBC, 0x03, 0xC3, 0xDE, 0x01, 0xE1, 0xE7, 0x00, 0xF0,
    0xF3, 0xC7, 0xFE, 0xF1, 0xE3, 0xFF, 0x78, 0xF9, 0xFF, 0xFC, 0x3C, 0x0F, 0x3D, 0x9F, 0x0F, 0xBF,
    0xF7, 0x87, 0xFE, 0xF3, 0xC3, 0xF7, 0x78, 0xC3, 0xFD, 0x3C, 0x01, 0xFF, 0x3C, 0x01, 0xFF, 0x9E,
    0x60, 0xFF, 0xDF, 0x70, 0xFF, 0xCF, 0x3C, 0x7F, 0x87, 0x9E, 0x1B, 0xC7, 0x87, 0x8D, 0xE3, 0xC7,
    0xC0, 0xF3, 0xFF, 0xF0, 0x7B, 0xFF, 0xF8, 0x3C, 0xFF, 0xFC, 0x1E, 0x7E, 0x0E, 0x0F, 0x00, 0x04,
    0x00, 0x0F, 0x00, 0x08, 0x07, 0x80, 0x3E, 0x03, 0xC1, 0xFF, 0x81, 0xE1, 0xFF, 0xC0, 0xF0, 0xFF,
    0x03, 0xFF, 0x78, 0x01, 0xFF, 0xB8, 0x00, 0xFF, 0xDC, 0x00, 0x0F, 0x0E, 0x00, 0x0F, 0x87, 0xFF,
    0xC7, 0xE3, 0xFF, 0xE3, 0xF1, 0xFF, 0xF1, 0xFD, 0xE3, 0x81, 0xFF, 0xF1, 0xC0, 0xFF, 0xF8, 0xE0,
    0xFF, 0xBC, 0x70, 0x7F, 0x5E, 0x38, 0x7F, 0x8F, 0x1C, 0x1B, 0xC7, 0x0E, 0x0D, 0xE3, 0x87, 0x00,
    0xF3, 0xC3, 0x80, 0x79, 0xE1, 0xC0, 0x3D, 0xE0, 0xE0, 0x1E, 0xF0, 0x70, 0x0F, 0x10, 0x38, 0x00,
    0x00, 0x1C, 0x00, 0x00, 0x0E, 0x00, 0x00, 0x07, 0x00, 0x0F, 0xFF, 0xFF, 0xE7, 0xFF, 0xFF, 0xF3,
    0xFF, 0xFF, 0xF8, 0x07, 0xFF, 0x00, 0x07, 0xFF, 0xE0, 0x0F, 0xDD, 0xF8, 0x0F, 0xCE, 0x7F, 0x9F,
    0x87, 0x0F, 0xCF, 0xFF, 0xFF, 0xE3, 0xFF, 0xFF, 0x61, 0x38, 0x07, 0x80, 0x1C, 0x03, 0xC0, 0x0F,
    0xFF, 0xE0, 0x07, 0xFF, 0xF0, 0x03, 0x80, 0x78, 0x01, 0xFF, 0xFC, 0x00, 0xFF, 0xFE, 0x00, 0x00,
    0x00, 0x03, 0xFF, 0xFF, 0xF9, 0xFF, 0xFF, 0xFC, 0xFF, 0xFF, 0xFE, 0x0F, 0x00, 0x00, 0x07, 0x80,
    0x00, 0x03, 0xC7, 0xFF, 0x81, 0xE3, 0xFF, 0xC0, 0xF1, 0xFF, 0xE0, 0x78, 0x00, 0x03, 0xFF, 0x80,
    0x01, 0xFF, 0xC0, 0x00, 0x7F, 0xFF, 0xFF, 0x0F, 0x9F, 0xFF, 0x87, 0xEF, 0xFF, 0xC3, 0xF8, 0x3C,
    0x03, 0xFE, 0x1E, 0x01, 0xFF, 0xEF, 0x61, 0xFF, 0x7F, 0xF8, 0xFF, 0xBB, 0xFC, 0xFF, 0x3D, 0xEE,
    0x77, 0x9E, 0xF7, 0x9B, 0xCE, 0x7B, 0xC9, 0xEF, 0x3C, 0xE0, 0xF7, 0x1E, 0x78, 0x7B, 0xFF, 0x3C,
    0x3C, 0x1F, 0x98, 0x1E, 0x0F, 0x80, 0x0F, 0x00, 0x00, 0x00, 0x0E, 0x04, 0x18, 0x0E, 0x1E, 0x1E,
    0x0E, 0x1E, 0x1E, 0x0E, 0x0F, 0x3C, 0x0E, 0x0F, 0x38, 0x7F, 0xC7, 0x78, 0x7F, 0xFF, 0xFF, 0x7F,
    0xFF, 0xFF, 0x0E, 0x3F, 0xFF, 0x1F, 0x00, 0x00, 0x1F, 0x80, 0x00, 0x1F, 0x80, 0x00, 0x3F, 0xC0,
    0x00, 0x3F, 0xDF, 0xFE, 0x7F, 0xDF, 0xFE, 0x7E, 0x9F, 0xFE, 0xFE, 0x00, 0x00, 0xFE, 0x00, 0x00,
    0x6E, 0x00, 0x00, 0x6E, 0x00, 0x00, 0x0E, 0x00, 0x00, 0x0E, 0x7F, 0xFF, 0x0E, 0x7F, 0xFF, 0x0E,
    0x7F, 0xFF, 0x0E, 0x00, 0x00, 0x0E, 0x0C, 0x1C, 0x07, 0x0E, 0x0F, 0x03, 0x87, 0x87, 0x81, 0xC3,
    0xC7, 0x80, 0xE0, 0xF3, 0xC3, 0xFF, 0xFF, 0xF9, 0xFF, 0xFF, 0xFC, 0xFF, 0xFF, 0xFE, 0x0E, 0x01,
    0xE0, 0x0F, 0x80, 0xF0, 0x07, 0xCF, 0xFF, 0x83, 0xF7, 0xFF, 0xC3, 0xFF, 0xFF, 0xE1, 0xFE, 0x0F,
    0x01, 0xFF, 0x07, 0x80, 0xFD, 0x03, 0xC0, 0xFE, 0x7F, 0xFF, 0x7F, 0x3F, 0xFF, 0x9B, 0x9F, 0xFF,
    0xCD, 0xC0, 0x3C, 0x00, 0xE0, 0x1E, 0x00, 0x70, 0x0F, 0x00, 0x38, 0x07, 0x80, 0x1C, 0x03, 0xC0,
    0x0E, 0x01, 0xE0, 0x00, 0x0E, 0x01, 0xC0, 0x0E, 0x01, 0xC0, 0x0E, 0x39, 0xCE, 0x0E, 0x79, 0xCF,
    0x0E, 0x39, 0xCE, 0x0E, 0x3D, 0xDE, 0x7F, 0xDD, 0xDE, 0x7F, 0xDD, 0xDC, 0x7F, 0xDD, 0xFC, 0x1F,
    0x01, 0xC0, 0x1F, 0x7F, 0xFF, 0x1F, 0xFF, 0xFF, 0x3F, 0xFF, 0xFF, 0x3F, 0xC0, 0x0F, 0x3F, 0xC0,
    0x0F, 0x7E, 0xFF, 0xFF, 0x7E, 0x3F, 0xFF, 0xFE, 0x3F, 0xFF, 0x6E, 0x00, 0x0F, 0x6E, 0x00, 0x0F,
    0x0E, 0x7F, 0xFF, 0x0E, 0x7F, 0xFF, 0x0E, 0x7F, 0xFF, 0x0E, 0x00, 0x0F, 0x0E, 0x00, 0x0E, 0x0E,
    0x01, 0xC0, 0x07, 0x01, 0xE0, 0x03, 0x81, 0xF0, 0x01, 0xC1, 0xFC, 0x00, 0xE0, 0xFF, 0x83, 0xFC,
    0xF7, 0xE1, 0xFE, 0xF1, 0xFC, 0xFF, 0xF8, 0x7F, 0x1F, 0xFF, 0xFF, 0x0F, 0xFF, 0xFF, 0x87, 0xF7,
    0xFE, 0x07, 0xF0, 0x00, 0x03, 0xF8, 0x38, 0xE1, 0xFF, 0xDC, 0x71, 0xFE, 0xE7, 0x78, 0xFC, 0x73,
    0xBC, 0xFE, 0x39, 0xDC, 0x3F, 0x1E, 0xFE, 0x1B, 0x87, 0x7E, 0x01, 0xC3, 0x07, 0x00, 0xE0, 0x07,
    0x00, 0x77, 0xFF, 0xF8, 0x3B, 0xFF, 0xFC, 0x1D, 0xFF, 0xFE, 0x0E, 0x00, 0x00, 0x00, 0x1E, 0x0E,
    0x38, 0x0F, 0x07, 0x1C, 0x07, 0x9F, 0xFF, 0xC3, 0xCF, 0xFF, 0xE1, 0xE7, 0xFF, 0xF3, 0xFC, 0x71,
    0xC1, 0xFE, 0x38, 0xE0, 0xFF, 0x7F, 0xFC, 0x1E, 0x3F, 0xFE, 0x0F, 0x1C, 0x0F, 0x07, 0xCF, 0xFF,
    0x83, 0xF7, 0xFF, 0xC3, 0xFB, 0x81, 0xE1, 0xFF, 0xFF, 0xF1, 0xFE, 0xFF, 0xF8, 0xFF, 0x07, 0x80,
    0xFE, 0x7F, 0xFF, 0x7F, 0x7F, 0xFF, 0x9F, 0xBF, 0xFF, 0xCB, 0xC0, 0xFF, 0x01, 0xE1, 0xFF, 0xC0,
    0xF3, 0xFB, 0xF8, 0x7B, 0xF8, 0xFE, 0x3D, 0xF0, 0x1E, 0x1E, 0x60, 0x06, 0x00, 0x0E, 0x0F, 0x38,
    0x07, 0x07, 0x9C, 0x03, 0x8F, 0xFF, 0xC1, 0xC7, 0xFF, 0xE0, 0xE3, 0xFF, 0xF0, 0x70, 0x79, 0xC1,
    0xFF, 0xFF, 0xFE, 0xFF, 0xFF, 0xFF, 0x7F, 0xFF, 0xFF, 0x8F, 0x00, 0xE0, 0x07, 0xC0, 0x70, 0x03,
    0xE7, 0xFF, 0xE3, 0xFB, 0xFF, 0xF1, 0xFF, 0xCE, 0x78, 0xFF, 0xFF, 0xFC, 0xFF, 0x7F, 0xFE, 0x7E,
    0xB9, 0xCF, 0x7F, 0x1C, 0xE7, 0x9B, 0x8F, 0xFF, 0xCD, 0xC7, 0xFF, 0xE0, 0xE0, 0xE1, 0x80, 0x70,
    0xF9, 0xF0, 0x39, 0xF8, 0xFC, 0x1C, 0xF8, 0x1F, 0x0E, 0x30, 0x06, 0x00, 0x00, 0x3C, 0x00, 0x00,
    0x1E, 0x00, 0x0E, 0x0F, 0x00, 0x0F, 0x87, 0x80, 0x07, 0xF7, 0xFF, 0xE0, 0xFB, 0xFF, 0xF8, 0x39,
    0xFF, 0xFC, 0x0D, 0xE7, 0x1C, 0x00, 0xF7, 0x9E, 0x00, 0xFB, 0xCF, 0x00, 0xF9, 0xE7, 0x00, 0x3C,
    0xF7, 0x80, 0x64, 0x7C, 0xC0, 0x78, 0x3E, 0x00, 0x3C, 0x1F, 0x00, 0x3E, 0x1F, 0xC0, 0x1E, 0x0F,
    0xE0, 0x1F, 0x0F, 0xF8, 0x1F, 0x0F, 0xBE, 0x0F, 0x0F, 0xCF, 0x87, 0x8F, 0xC7, 0xE1, 0x8F, 0xC1,
    0xFC, 0x0F, 0xC0, 0x7C, 0x03, 0xC0, 0x1C, 0x00, 0xC0, 0x02, 0x00, 0x7F, 0xFF, 0xFE, 0xFF, 0xFF,
    0xFD, 0xFF, 0xFF, 0xF8, 0x01, 0xE0, 0x00, 0x03, 0xC0, 0x00, 0x07, 0x80, 0x00, 0x0F, 0x00, 0x0F,
    0x1E, 0x00, 0x1E, 0x3C, 0x00, 0x3C, 0x7F, 0xF0, 0x78, 0xFF, 0xE0, 0xF1, 0xFF, 0xC1, 0xE3, 0xC0,
    0x03, 0xC7, 0x80, 0x07, 0x8F, 0x00, 0x0F, 0x1E, 0x00, 0x1E, 0x3C, 0x00, 0x3C, 0x78, 0x00, 0x78,
    0xF0, 0x07, 0xFF, 0xFF, 0xFF, 0xFF, 0xFF, 0xFF, 0xFF, 0xFF, 0xC0, 0x01, 0xE3, 0xC0, 0x00, 0xF1,
    0xE0, 0x00, 0x78, 0xF0, 0x00, 0x3C, 0x78, 0x00, 0x1E, 0x3C, 0x00, 0xEF, 0x1E, 0x00, 0xF7, 0x8F,
    0x38, 0x7B, 0xC7, 0xBC, 0x3D, 0xFF, 0xFF, 0x1E, 0xFF, 0xFF, 0x0F, 0x7F, 0xFE, 0x07, 0xBC, 0x7C,
    0x03, 0xDE, 0x3C, 0x01, 0xEF, 0x1E, 0x00, 0xF7, 0x8F, 0x00, 0x7B, 0xC7, 0x80, 0x3D, 0xE3, 0xC0,
    0x1E, 0xF1, 0xE3, 0x8F, 0x78, 0xF1, 0xE7, 0xBF, 0xF8, 0xF3, 0xFF, 0xFC, 0x7B, 0xFF, 0xFF, 0xF9,
    0xFF, 0xEF, 0xFC, 0xFE, 0x03, 0xFC, 0x60, 0x00, 0x00, 0x00, 0x00, 0x3C, 0x00, 0x18, 0x78, 0x00,
    0x78, 0xFF, 0xE0, 0xF1, 0xFF, 0xC1, 0xE3, 0xFF, 0x83, 0xC7, 0x80, 0x07, 0x8F, 0x00, 0x0F, 0x1E,
    0x00, 0xFF, 0xFF, 0xFF, 0xFF, 0xFF, 0xFF, 0xFF, 0xFF, 0xF8, 0x31, 0xE0, 0x00, 0x7B, 0xC3, 0x81,
    0xE7, 0x8F, 0x87, 0xCF, 0x3E, 0x3F, 0x1E, 0xF8, 0x7C, 0x3F, 0xF0, 0xF0, 0x7F, 0xC0, 0xC0, 0xFF,
    0x00, 0x03, 0xFC, 0x00, 0x7F, 0xE0, 0x1F, 0xFF, 0x80, 0x3F, 0xF8, 0x00, 0x3F, 0xC0, 0x00, 0x78,
    0x00, 0x00, 0x00, 0x00, 0x00, 0x00, 0xE0, 0x00, 0x03, 0xFD, 0xFE, 0x07, 0xFC, 0xFF, 0x03, 0xF8,
    0x7F, 0x81, 0xF0, 0x39, 0xC0, 0xF0, 0x1C, 0xE0, 0x7F, 0xDE, 0x70, 0x3F, 0xEF, 0x38, 0x1F, 0xF7,
    0x9F, 0x8F, 0x0F, 0x8F, 0xC7, 0x87, 0xC3, 0xE3, 0xC1, 0xC0, 0x01, 0xFF, 0xFF, 0xF0, 0xFF, 0xFF,
    0xF8, 0x7F, 0xFF, 0xFC, 0x3C, 0x0F, 0x3C, 0x1F, 0xF3, 0x9E, 0x3F, 0xF9, 0xFE, 0x1F, 0xFC, 0x7F,
    0x0F, 0xFC, 0x3F, 0x03, 0xE0, 0x3F, 0xC0, 0xF0, 0x7F, 0xFC, 0x78, 0x7F, 0xFE, 0x3C, 0x3E, 0x1F,
    0x0C, 0x0C, 0x03, 0x00, 0x03, 0x00, 0x00, 0x03, 0xE0, 0x00, 0x01, 0xE0, 0x00, 0x01, 0xFF, 0xFF,
    0xE0, 0xFF, 0xFF, 0xF0, 0xFF, 0xFF, 0xF8, 0xF8, 0x00, 0x00, 0xFF, 0xFF, 0xF0, 0x7F, 0xFF, 0xF8,
    0x1F, 0xFF, 0xFC, 0x05, 0xCF, 0x1E, 0x01, 0xE7, 0xCF, 0x00, 0xF1, 0xF7, 0x87, 0xFF, 0xFF, 0xFF,
    0xFF, 0xFF, 0xFE, 0xFF, 0xFF, 0xFE, 0x0F, 0x7E, 0x78, 0x07, 0x1F, 0x3C, 0x03, 0xFF, 0xFF, 0x83,
    0xFF, 0xFF, 0xC1, 0xFF, 0xFF, 0xE0, 0x00, 0x07, 0x80, 0x00, 0x1F, 0xC0, 0x00, 0x0F, 0xE0, 0x00,
    0x07, 0xE0, 0x00, 0x00, 0x00, 0x00, 0x38, 0x0E, 0x00, 0xF0, 0x3C, 0x01, 0xE0, 0x78, 0x03, 0xC0,
    0xF0, 0x07, 0x81, 0xE0, 0x8F, 0x03, 0xC3, 0x9E, 0x07, 0x8F, 0xBC, 0x0F, 0x3F, 0x7F, 0xFE, 0xFC,
    0xFF, 0xFF, 0xE1, 0xFF, 0xFF, 0x83, 0xC0, 0xFE, 0x07, 0x81, 0xF8, 0x0F, 0x03, 0xC0, 0x1E, 0x07,
    0x80, 0x3C, 0x0F, 0x04, 0x78, 0x1E, 0x0E, 0xF0, 0x3C, 0x3D, 0xE7, 0xF8, 0x7B, 0xFF, 0xF0, 0xF7,
    0xFE, 0xF1, 0xFF, 0xF9, 0xFF, 0xFF, 0x83, 0xFF, 0x3C, 0x03, 0xFC, 0x60, 0x00, 0x00, 0x08, 0x03,
    0x80, 0x0E, 0x03, 0xE0, 0x0F, 0xC0, 0xF0, 0x03, 0xF0, 0x78, 0x00, 0xF0, 0x1C, 0x00, 0x1F, 0xFF,
    0xF8, 0x03, 0xFF, 0xFC, 0x01, 0xFF, 0xFE, 0x38, 0x03, 0xC0, 0x3E, 0x01, 0xE0, 0x1F, 0x80, 0xF0,
    0x07, 0xC0, 0x78, 0x00, 0xC0, 0x3C, 0x00, 0x03, 0xFF, 0xF0, 0x09, 0xFF, 0xF8, 0x0E, 0xFF, 0xFC,
    0x07, 0x83, 0xC0, 0x07, 0x81, 0xE0, 0x03, 0xC0, 0xF0, 0x03, 0xC0, 0x78, 0x03, 0xE0, 0x3C, 0x01,
    0xE7, 0xFF, 0xFD, 0xF3, 0xFF, 0xFE, 0x71, 0xFF, 0xFF, 0x00, 0x00, 0x00, 0x00, 0x18, 0x0E, 0x60,
    0x0E, 0x07, 0xF8, 0x0F, 0xC3, 0xFE, 0x03, 0xE1, 0xEF, 0x80, 0xF0, 0xF3, 0x80, 0x10, 0x7F, 0xF0,
    0x03, 0xFF, 0xF8, 0x01, 0xFF, 0xFC, 0x70, 0xFF, 0xE0, 0x3E, 0x7F, 0x80, 0x1F, 0x83, 0xCF, 0xC3,
    0x83, 0xFF, 0xE0, 0xDF, 0xFF, 0xF0, 0x0F, 0xFF, 0xF0, 0x17, 0xFE, 0x3C, 0x1D, 0x0F, 0x3E, 0x0F,
    0x07, 0xBE, 0x0F, 0x01, 0xFE, 0x07, 0x80, 0xFF, 0x83, 0xC0, 0xFE, 0xF3, 0xC1, 0xFE, 0x79, 0xE7,
    0xFF, 0xF9, 0xE7, 0xFB, 0xFC, 0xF1, 0xF1, 0xFE, 0x10, 0x40, 0x3E, 0x00, 0x00, 0x30, 0x0F, 0x30,
    0x70, 0x0F, 0x78, 0x78, 0x6F, 0x3C, 0x78, 0xFF, 0x1F, 0xFF, 0xFF, 0x0F, 0xFF, 0xFF, 0x03, 0xFF,
    0xFF, 0x20, 0x1E, 0xFF, 0x70, 0x9E, 0xFF, 0x79, 0xDE, 0xFF, 0x7D, 0xFC, 0xFF, 0x3D, 0xFC, 0xFF,
    0x18, 0xFC, 0xFF, 0x00, 0x7C, 0xFF, 0x08, 0x78, 0xFF, 0x0E, 0x7C, 0xFF, 0x1E, 0x7C, 0xFF, 0x1C,
    0xFE, 0xFF, 0x3C, 0xFE, 0xFF, 0x3D, 0xEF, 0x0F, 0x3B, 0xEF, 0x0F, 0x7F, 0xC6, 0x0F, 0x7F, 0x80,
    0x3F, 0x13, 0x00, 0x3E, 0x00, 0x00, 0x3C, 0x10, 0x03, 0xC0, 0x3C, 0x33, 0xCE, 0x3E, 0xF3, 0xCF,
    0x3F, 0x7B, 0xCF, 0x0F, 0x7B, 0xDE, 0x06, 0x3F, 0xDE, 0x00, 0x3F, 0xDC, 0x00, 0x13, 0xC0, 0x70,
    0x7F, 0xFE, 0x7C, 0x7F, 0xFE, 0x7E, 0x7F, 0xFE, 0x1E, 0x78, 0x0E, 0x0C, 0x7F, 0xFE, 0x00, 0x7F,
    0xFE, 0x06, 0x7F, 0xFE, 0x07, 0x78, 0x0E, 0x0F, 0x78, 0x0E, 0x0F, 0x7F, 0xFE, 0x1E, 0x7F, 0xFE,
    0x1E, 0x7F, 0xFE, 0x3C, 0x78, 0x0E, 0x3C, 0x78, 0x1E, 0x78, 0x78, 0xFE, 0x38, 0x78, 0x7E, 0x18,
    0x78, 0x7C, 0x10, 0x00, 0x00, 0x1E, 0x7F, 0xFF, 0x8F, 0xBF, 0xFF, 0xC7, 0xDF, 0xFF, 0xE0, 0xEE,
    0x00, 0xF0, 0x27, 0xE3, 0x78, 0x03, 0xFB, 0xFC, 0x00, 0x78, 0xF0, 0x70, 0x7C, 0x3C, 0x3E, 0x7C,
    0x0F, 0x1F, 0xBC, 0xE7, 0x87, 0x8C, 0x79, 0x80, 0xC0, 0x3C, 0x00, 0x07, 0xFF, 0xF8, 0x13, 0xFF,
    0xFC, 0x1D, 0xFF, 0xFE, 0x0E, 0x0F, 0xF0, 0x0F, 0x0F, 0xFC, 0x07, 0x0F, 0xFF, 0x07, 0x8F, 0x7F,
    0xC3, 0xDF, 0xBD, 0xF3, 0xDF, 0x9E, 0xF9, 0xE7, 0x0F, 0x38, 0x61, 0x07, 0x80, 0x00, 0x03, 0x80,
    0x00, 0x10, 0x00, 0x00, 0x1E, 0x00, 0x00, 0x0F, 0xFF, 0xFF, 0xC7, 0xFF, 0xFF, 0xE0, 0xEF, 0xFF,
    0xF0, 0x20, 0x3C, 0x00, 0x00, 0x3C, 0x00, 0x43, 0xFF, 0xFE, 0x79, 0xFF, 0xFF, 0x3F, 0xFF, 0xFF,
    0x9F, 0x8F, 0x1E, 0x03, 0x8F, 0x8F, 0x80, 0x8F, 0xF3, 0xF0, 0x1F, 0xB8, 0xFC, 0x2F, 0x9C, 0x3C,
    0x1F, 0xEE, 0xBC, 0x0E, 0x77, 0xFE, 0x0F, 0x7B, 0xF7, 0x07, 0xBD, 0xFB, 0xC7, 0xBC, 0xFE, 0xE3,
    0xDC, 0x77, 0x7B, 0xE6, 0x3B, 0x39, 0xE0, 0xFC, 0x00, 0x70, 0x3E, 0x00, 0x10, 0x1E, 0x00, 0x00,
    0x00, 0x03, 0x80, 0x1E, 0x01, 0xC0, 0x0F, 0xBF, 0xFF, 0x87, 0xFF, 0xFF, 0xC0, 0xE0, 0x78, 0x00,
    0x27, 0xFF, 0xF0, 0x03, 0xFF, 0xF8, 0x40, 0x07, 0x00, 0x79, 0xFF, 0xFF, 0x7F, 0xFF, 0xFF, 0x9F,
    0xFF, 0xFF, 0xC3, 0x8F, 0xFF, 0x80, 0x87, 0xFF, 0xC0, 0x03, 0xFF, 0xE0, 0x11, 0xC0, 0x70, 0x1E,
    0xFF, 0xF8, 0x0F, 0x7F, 0xFC, 0x0F, 0x38, 0x0E, 0x07, 0x9C, 0x07, 0x07, 0xCF, 0xFF, 0x83, 0xC7,
    0xFF, 0xC1, 0xE3, 0x80, 0xE1, 0xE1, 0xC3, 0xF0, 0x70, 0xE1, 0xF8, 0x00, 0x70, 0x78, 0x00, 0x08,
    0x03, 0xC0, 0x1C, 0x03, 0xC0, 0x3F, 0x7F, 0xFE, 0x1F, 0xFF, 0xFE, 0x0F, 0x73, 0xDE, 0x02, 0x73,
    0xDE, 0x00, 0x7F, 0xFE, 0x20, 0x7F, 0xFE, 0x78, 0xFF, 0xFF, 0x7F, 0xFF, 0xFF, 0x7F, 0xFF, 0xFF,
    0x1C, 0x7F, 0xFE, 0x0C, 0x7F, 0xFE, 0x00, 0x7F, 0xFE, 0x06, 0x78, 0x1E, 0x07, 0x7B, 0xDE, 0x0F,
    0x7B, 0xDE, 0x0F, 0x7B, 0xDE, 0x1E, 0x7B, 0xDE, 0x1E, 0x7F, 0x9E, 0x3E, 0x0F, 0xF8, 0x3C, 0x3F,
    0xFE, 0x3C, 0xFE, 0x7F, 0x18, 0xFC, 0x0F, 0x00, 0x70, 0x06, 0x10, 0x00, 0x00, 0x1E, 0x00, 0x00,
    0x0F, 0xFF, 0xFF, 0xC7, 0xFF, 0xFF, 0xE0, 0xEF, 0xFF, 0xF0, 0x27, 0x8F, 0x80, 0x03, 0xFF, 0xF8,
    0x41, 0xFF, 0xFE, 0x78, 0xFF, 0xFF, 0x3E, 0x7F, 0x07, 0x9F, 0xBB, 0xFF, 0xC3, 0x9D, 0xFF, 0xE0,
    0x8E, 0xE0, 0xF0, 0x07, 0x7F, 0xF8, 0x33, 0xBF, 0xFC, 0x1F, 0xDF, 0xFE, 0x1F, 0xE0, 0xE0, 0x0F,
    0xF7, 0x77, 0x0F, 0x7F, 0xBF, 0x87, 0xBB, 0xDD, 0xE3, 0xFF, 0xCE, 0xF3, 0xDF, 0xE7, 0x3D, 0xFE,
    0xFF, 0x9C, 0x6F, 0x07, 0xC0, 0x01, 0x03, 0xC0, 0x00, 0x00, 0x07, 0x80, 0x0C, 0x03, 0xFF, 0x0F,
    0x01, 0xFF, 0x87, 0xC0, 0xFF, 0xC1, 0xF0, 0x78, 0x00, 0x7F, 0xFF, 0xFC, 0x07, 0xFF, 0xFC, 0x43,
    0xFF, 0xFE, 0x71, 0xE7, 0x37, 0x3E, 0xFF, 0xFF, 0x1F, 0xFF, 0xFD, 0x03, 0xBF, 0xF1, 0xC0, 0x9E,
    0x7F, 0xE0, 0x0F, 0x3F, 0xF0, 0x37, 0x9F, 0xF8, 0x1F, 0x81, 0x80, 0x1F, 0xC0, 0xEC, 0x0F, 0xEF,
    0xF7, 0x0F, 0x7F, 0xDF, 0x87, 0xFF, 0xEF, 0xE3, 0xBF, 0xF1, 0xF3, 0xDF, 0xB8, 0xFD, 0xFF, 0xDF,
    0xFC, 0x27, 0x07, 0xF0, 0x01, 0x00, 0x00, 0x00, 0x00, 0x1C, 0x00, 0x00, 0x1E, 0x00, 0x00, 0x0F,
    0x00, 0x00, 0x07, 0xFF, 0xC0, 0x03, 0xFF, 0xE0, 0x01, 0xFF, 0xF0, 0x00, 0xF0, 0x00, 0x00, 0x78,
    0x00, 0x1F, 0xFF, 0xFC, 0x0F, 0xFF, 0xFE, 0x07, 0xFF, 0xFF, 0x03, 0xC0, 0x07, 0x81, 0xE0, 0x03,
    0xC0, 0xF0, 0x01, 0xE0, 0x7F, 0xFF, 0xF0, 0x3F, 0xFF, 0xF8, 0x1F, 0xFF, 0xFC, 0x00, 0x00, 0x00,
    0x07, 0x98, 0xCF, 0x03, 0xDC, 0xF7, 0x83, 0xCE, 0x79, 0xE1, 0xE7, 0x9C, 0xF9, 0xE3, 0xCF, 0x3C,
    0xF1, 0xE7, 0x9E, 0x30, 0xE1, 0x04, 0x00, 0x0F, 0x07, 0x80, 0x07, 0x83, 0xC0, 0x03, 0xC1, 0xE0,
    0x01, 0xE0, 0xF0, 0x07, 0xFF, 0xFF, 0xC3, 0xFF, 0xFF, 0xE1, 0xFF, 0xFF, 0xF0, 0x1E, 0x0E, 0x78,
    0x0F, 0xC7, 0x3C, 0x0F, 0xEF, 0x9C, 0x1F, 0xFF, 0xCE, 0x0F, 0xFF, 0xE7, 0x07, 0xF1, 0xFF, 0x82,
    0x78, 0xFF, 0xF8, 0x3C, 0xFF, 0xFE, 0x7E, 0xF9, 0xBF, 0x3F, 0x78, 0x1F, 0x1F, 0x18, 0x07, 0x86,
    0x00, 0x03, 0x03, 0xDC, 0xF7, 0x83, 0xEF, 0x79, 0xE1, 0xE7, 0xBC, 0xF9, 0xF3, 0xCF, 0x3C, 0xF1,
    0xE7, 0x9E, 0x30, 0xE3, 0x06, 0x00, 0x00, 0x07, 0x80, 0x1E, 0x0F, 0x00, 0x3C, 0x1E, 0x00, 0x78,
    0x3C, 0x00, 0xF0, 0x78, 0x01, 0xE0, 0xF0, 0x03, 0xC1, 0xE0, 0x07, 0xFF, 0xFF, 0x0F, 0xFF, 0xFE,
    0x1F, 0xFF, 0xFC, 0x3C, 0x00, 0x00, 0x70, 0x00, 0x00, 0xE0, 0x00, 0x03, 0xFF, 0xFE, 0x07, 0xFF,
    0xFC, 0x0F, 0xFF, 0xF8, 0x1F, 0xFF, 0xF0, 0x3C, 0x01, 0xE0, 0xF8, 0x03, 0xC1, 0xE0, 0x07, 0x87,
    0xC0, 0x0F, 0x0F, 0x00, 0x1E, 0x3E, 0x00, 0x3C, 0x38, 0x00, 0x78, 0x30, 0x00, 0xF0, 0x03, 0xC0,
    0x0E, 0x1D, 0xE7, 0xFF, 0x0E, 0xF3, 0xFF, 0xC7, 0x79, 0xFF, 0xE3, 0xBC, 0xF0, 0x01, 0xDE, 0x70,
    0x00, 0xEF, 0x38, 0x00, 0x7F, 0xFF, 0xFE, 0x3F, 0xFF, 0xFF, 0x1F, 0xFF, 0xFF, 0x8E, 0x03, 0xE3,
    0xC7, 0x01, 0xF9, 0xC3, 0x80, 0xFC, 0xE1, 0xFE, 0xFE, 0xF0, 0xFF, 0x7F, 0xF8, 0x7F, 0xBF, 0xF8,
    0x39, 0xDE, 0xFC, 0x1C, 0xEF, 0x7E, 0x1E, 0x77, 0x9E, 0x0F, 0x3B, 0x9F, 0x87, 0x9F, 0xDF, 0xE3,
    0x8F, 0xFF, 0xFB, 0xC7, 0xFF, 0x7C, 0xE3, 0xF7, 0x1C, 0x21, 0xDB, 0x02, 0x00, 0x07, 0x01, 0xE0,
    0x03, 0x80, 0xF0, 0x0D, 0xC0, 0x78, 0x0F, 0xE3, 0xFF, 0xC7, 0x71, 0xFF, 0xE3, 0xFE, 0xFF, 0xF1,
    0xFF, 0x07, 0x80, 0xFF, 0x83, 0xC0, 0x77, 0x3F, 0xFF, 0xBB, 0x9F, 0xFF, 0xFD, 0xCF, 0xFF, 0xEC,
    0xE0, 0x07, 0x80, 0x74, 0x03, 0xC0, 0x3F, 0xFF, 0xF9, 0xFF, 0xFF, 0xFC, 0xFF, 0xFF, 0xFE, 0x7F,
    0x0E, 0x3C, 0x3F, 0x8F, 0x1E, 0x01, 0xC3, 0xCF, 0x00, 0xE0, 0xF7, 0x80, 0x70, 0x73, 0xC0, 0x38,
    0x11, 0xE0, 0x1C, 0x07, 0xF0, 0x0E, 0x03, 0xF8, 0x07, 0x00, 0xF8, 0x00, 0x07, 0x83, 0xC0, 0x03,
    0xC1, 0xEC, 0x01, 0xE0, 0xFF, 0x00, 0xF0, 0x7B, 0xC7, 0x78, 0x3D, 0xE3, 0xFC, 0x1E, 0x79, 0xFE,
    0x0F, 0x38, 0x7F, 0x07, 0x80, 0x3F, 0xFF, 0xFF, 0x0F, 0xFF, 0xFF, 0x85, 0xFF, 0xFF, 0xC0, 0xF0,
    0x78, 0x00, 0x78, 0x7E, 0x00, 0x7C, 0x3F, 0x00, 0x7E, 0x1F, 0x80, 0x7F, 0x0F, 0xE0, 0x7F, 0x8F,
    0xF0, 0x3F, 0xC7, 0xBC, 0x1D, 0xE7, 0xDE, 0x04, 0xF3, 0xC7, 0x80, 0x7B, 0xE3, 0xE0, 0x3F, 0xE0,
    0xF8, 0x1F, 0xE0, 0x3E, 0x0F, 0xE0, 0x0E, 0x07, 0xA0, 0x02, 0x00, 0x00, 0x3C, 0x00, 0x00, 0x3E,
    0x00, 0x7F, 0xFF, 0xFF, 0x7F, 0xFF, 0xFF, 0x7F, 0xFF, 0xFF, 0x00, 0x39, 0x08, 0x38, 0x7B, 0xDC,
    0x3E, 0xFF, 0xBE, 0x3F, 0xFF, 0xFC, 0x0E, 0xFF, 0x78, 0x04, 0xFF, 0x30, 0x0F, 0x7F, 0xF8, 0x3F,
    0xFF, 0xFC, 0x7F, 0xFF, 0xFF, 0x79, 0xFF, 0xFF, 0x30, 0xFC, 0xC4, 0x00, 0x1C, 0x00, 0x7F, 0xFF,
    0xFF, 0x7F, 0xFF, 0xFF, 0x7F, 0xFF, 0xFF, 0x00, 0x1C, 0x00, 0x00, 0x1C, 0x00, 0x00, 0x1C, 0x00,
    0x00, 0x1C, 0x00, 0x00, 0x1C, 0x00, 0x1F, 0xFF, 0xFE, 0x3F, 0xFF, 0xFC, 0x7F, 0xFF, 0xF8, 0xF0,
    0xF0, 0xF1, 0xE1, 0xE1, 0xE3, 0xC3, 0xC3, 0xC7, 0xFF, 0xFF, 0x8F, 0xFF, 0xFF, 0x1F, 0xFF, 0xFE,
    0x3C, 0x3C, 0x3C, 0x78, 0x78, 0x78, 0xF0, 0xF0, 0xF1, 0xFF, 0xFF, 0xE3, 0xFF, 0xFF, 0xC7, 0xFF,
    0xFF, 0x8E, 0x0F, 0x0F, 0x3C, 0x1E, 0x1E, 0x78, 0x3C, 0x3C, 0xF0, 0x78, 0x7B, 0xC0, 0xF0, 0xF7,
    0x81, 0xFF, 0xFE, 0x03, 0xDF, 0x8C, 0x07, 0xBE, 0x00, 0x00, 0x00, 0x00, 0xF0, 0x00, 0x01, 0xE0,
    0x00, 0x03, 0xC0, 0x00, 0x07, 0x80, 0x0F, 0xFF, 0xFF, 0x1F, 0xFF, 0xFE, 0x3F, 0xFF, 0xFC, 0x78,
    0x78, 0x78, 0xF0, 0xF0, 0xF1, 0xE1, 0xE1, 0xE3, 0xFF, 0xFF, 0xC7, 0xFF, 0xFF, 0x8F, 0xFF, 0xFF,
    0x1E, 0x1E, 0x1E, 0x3C, 0x3C, 0x3C, 0x7F, 0xFF, 0xF8, 0xFF, 0xFF, 0xF1, 0xFF, 0xFF, 0xE3, 0xC3,
    0xC0, 0x73, 0x87, 0x80, 0xF0, 0x0F, 0x83, 0xC0, 0x0F, 0xFF, 0x80, 0x1F, 0xFF, 0x00, 0x1F, 0xFC,
    0x00, 0x00, 0x00, 0x1F, 0xFF, 0xFC, 0x0F, 0xFF, 0xFE, 0x07, 0xFF, 0xFF, 0x03, 0xC3, 0x87, 0x81,
    0xFF, 0xFF, 0xC0, 0xFF, 0xFF, 0xE0, 0x7F, 0xFF, 0xF0, 0x3C, 0x38, 0x78, 0x1E, 0x1C, 0x3C, 0x0F,
    0xFF, 0xFE, 0x07, 0xFF, 0xFF, 0x03, 0xFF, 0xFF, 0x80, 0x7E, 0x3F, 0x00, 0x7E, 0x0F, 0xE1, 0xFF,
    0x87, 0xFC, 0xFF, 0xC3, 0xFE, 0x3D, 0xE1, 0xDE, 0x18, 0xF0, 0xE3, 0x00, 0xF8, 0x70, 0x00, 0xF8,
    0x38, 0x00, 0xFC, 0x1C, 0x00, 0xFC, 0x0E, 0x00, 0x7C, 0x07, 0x00, 0x18, 0x03, 0x80, 0x00, 0x07,
    0x00, 0x00, 0x07, 0x80, 0xFF, 0xCF, 0x00, 0xFF, 0xCF, 0xFC, 0xFF, 0xDF, 0xFC, 0xED, 0xFF, 0xFC,
    0xED, 0xFE, 0x78, 0xED, 0xFF, 0x78, 0xED, 0xFF, 0xF0, 0xFF, 0xE7, 0xF0, 0xFF, 0xC7, 0xE0, 0xFF,
    0xCF, 0xF0, 0xED, 0xFF, 0xFC, 0xED, 0xFF, 0x7F, 0xED, 0xFC, 0x3E, 0xED, 0xFF, 0xFE, 0xED, 0xFF,
    0xFC, 0xFF, 0xDF, 0xFC, 0xFF, 0xDC, 0x3C, 0xFF, 0xDC, 0x3C, 0xE0, 0x1C, 0x3C, 0xE0, 0x1F, 0xFC,
    0x00, 0x1F, 0xFC, 0x00, 0x1F, 0xFC, 0x00, 0x1C, 0x1C, 0xFF, 0xFF, 0xFF, 0xFF, 0xFF, 0xFF, 0xFF,
    0xFF, 0xF8, 0x03, 0xC0, 0x00, 0x07, 0x80, 0x00, 0x0F, 0x00, 0x07, 0xFF, 0xFE, 0x0F, 0xFF, 0xFC,
    0x1F, 0xFF, 0xF8, 0x38, 0x00, 0xF0, 0x70, 0x01, 0xE0, 0xE0, 0x03, 0xC1, 0xFF, 0xFF, 0x83, 0xFF,
    0xFF, 0x07, 0xFF, 0xFE, 0x0E, 0x00, 0x3C, 0x1C, 0x00, 0x78, 0x38, 0x00, 0xF0, 0x7F, 0xFF, 0xE0,
    0xFF, 0xFF, 0xC1, 0xFF, 0xFF, 0x83, 0x80, 0x0F, 0x07, 0x00, 0x1E, 0x00, 0x0F, 0x07, 0x00, 0x1E,
    0x0F, 0x00, 0x38, 0x1C, 0x00, 0xF0, 0x78, 0x07, 0xFE, 0xFF, 0xFF, 0xFF, 0xFF, 0xFF, 0xFF, 0xFF,
    0xF8, 0xFF, 0x0F, 0xF1, 0xFC, 0x1F, 0xE3, 0xF8, 0x3F, 0xC7, 0xE8, 0x7F, 0xFF, 0x78, 0xFF, 0xFE,
    0xF9, 0xFF, 0xFC, 0xF3, 0xFC, 0x78, 0xF7, 0xF8, 0xF1, 0xEF, 0xF1, 0xE1, 0xFF, 0xE3, 0xC3, 0x3B,
    0xC7, 0x80, 0x77, 0xFF, 0x00, 0xEF, 0xFE, 0x03, 0xDF, 0xFC, 0x07, 0xBC, 0x01, 0xFF, 0x78, 0x01,
    0xFC, 0x00, 0x03, 0xF0, 0x00, 0x3C, 0x00, 0x00, 0x78, 0x00, 0x1F, 0xFF, 0xF0, 0x1F, 0xFF, 0xF0,
    0x1F, 0xFF, 0xF0, 0x1E, 0x78, 0x70, 0x1E, 0x7C, 0x70, 0x1E, 0x3C, 0x70, 0xFF, 0xFF, 0xFE, 0xFF,
    0xFF, 0xFE, 0xFF, 0xFF, 0xFE, 0x3C, 0xF8, 0x70, 0x7C, 0xFF, 0xF0, 0xFC, 0x3F, 0xF0, 0x78, 0x0B,
    0xE0, 0x3F, 0xFF, 0xF0, 0x3F, 0xFF, 0xF8, 0x3F, 0xFF, 0xF8, 0x3D, 0xEF, 0x78, 0x3D, 0xEF, 0x78,
    0x3D, 0xEF, 0x78, 0xFF, 0xFF, 0xFE, 0xFF, 0xFF, 0xFE, 0xFF, 0xFF, 0xFE, 0xFF, 0xFF, 0xFF, 0xFF,
    0xFF, 0xFF, 0xFF, 0xF8, 0x00, 0xFF, 0x00, 0x1F, 0xE0, 0x03, 0xFF, 0xFF, 0xFF, 0xFF, 0xFF, 0xFF,
    0xFF, 0xFE, 0x00, 0x3F, 0xC0, 0x07, 0xF8, 0x00, 0xFF, 0xFF, 0xFF, 0xFF, 0xFF, 0xFF, 0xFF, 0xFF,
    0x80, 0x0F, 0xF0, 0x01, 0xFE, 0x00, 0x3F, 0xFF, 0xFF, 0xFF, 0xFF, 0xFF, 0xFF, 0xFF, 0xE0, 0x03,
    0xFC, 0x00, 0x78, 0x00, 0x7F, 0xFC, 0xFF, 0xFF, 0xFC, 0xFF, 0xFF, 0xFC, 0xFF, 0xF8, 0x1C, 0xF7,
    0xF8, 0x1C, 0xF7, 0xF8, 0x1C, 0xFF, 0xFF, 0xFC, 0xFF, 0xFF, 0xFC, 0xFF, 0xFF, 0xFC, 0xF7, 0xF9,
    0xE0, 0xF7, 0xF9, 0xE0, 0xFF, 0xFF, 0xFE, 0xFF, 0xFF, 0xFE, 0xFF, 0xFF, 0xFE, 0xF7, 0xF9, 0xE0,
    0xF7, 0xF8, 0xE0, 0xF7, 0xF8, 0xE0, 0xFF, 0xF8, 0xE6, 0xFF, 0xFB, 0xF7, 0xFF, 0xFF, 0xFF, 0xF0,
    0x7F, 0x7E, 0xF0, 0xFF, 0x7E, 0x00, 0xF8, 0x3E, 0x00, 0x40, 0x00, 0x00, 0x00, 0x18, 0x00, 0x3F,
    0xF8, 0xFF, 0x7F, 0xFC, 0xFF, 0x7F, 0xFC, 0xFF, 0x7F, 0x80, 0xE7, 0x03, 0x80, 0xE7, 0xFF, 0xFE,
    0xFF, 0xFF, 0xFE, 0xFF, 0xFF, 0xFE, 0xFF, 0x3B, 0xB8, 0xE7, 0x3B, 0xB8, 0xE7, 0xFF, 0xFE, 0xFF,
    0xFF, 0xFE, 0xFF, 0xFF, 0xFE, 0xFF, 0x3B, 0xB8, 0xE7, 0x3B, 0xB8, 0xE7, 0xFF, 0xFE, 0xE7, 0xFF,
    0xFE, 0xFF, 0xFF, 0xFE, 0xFF, 0x03, 0x80, 0xFF, 0x03, 0x80, 0xE0, 0x7F, 0xFC, 0xE0, 0x7F, 0xFC,
    0x00, 0x7F, 0xFC, 0x38, 0x00, 0x00, 0x1E, 0x0F, 0xFF, 0x8E, 0x07, 0xFF, 0xC7, 0xFF, 0xFF, 0xE3,
    0xFE, 0x00, 0x03, 0xFF, 0x00, 0x01, 0xFC, 0x3F, 0xF8, 0xEE, 0x1F, 0xFC, 0xF7, 0x0F, 0xFE, 0x13,
    0x87, 0x07, 0x3F, 0xFB, 0x83, 0x9F, 0xFD, 0xC1, 0xCF, 0xFE, 0xFF, 0xE0, 0x78, 0x7F, 0xF0, 0x3C,
    0x3F, 0xF8, 0x1F, 0x0C, 0x38, 0x0F, 0x8F, 0x1E, 0x0F, 0xE7, 0x8E, 0x07, 0xF9, 0xCF, 0x07, 0xBC,
    0xF7, 0x83, 0xCC, 0x7B, 0x83, 0xC7, 0xFF, 0xFD, 0xE0, 0xFF, 0xFE, 0xE0, 0x7F, 0xFF, 0x20, 0x00,
    0x00, 0x00, 0x7F, 0xC0, 0x00, 0x7F, 0xDF, 0xFC, 0x7F, 0xDF, 0xFC, 0x1E, 0x1F, 0xFC, 0x1E, 0x0E,
    0x3C, 0x1C, 0x0E, 0x3C, 0x3C, 0x0E, 0x3C, 0x3C, 0x0E, 0x3C, 0x3F, 0xDE, 0x3C, 0x7F, 0xDE, 0x38,
    0x7F, 0xDF, 0xFF, 0xF9, 0xDF, 0xFF, 0xF9, 0xDF, 0xFF, 0x79, 0xC0, 0x0F, 0x79, 0xC0, 0x0F, 0x39,
    0xC0, 0x0F, 0x39, 0xFF, 0xFF, 0x3F, 0xFF, 0xFE, 0x3F, 0xFF, 0xFE, 0x3F, 0xC0, 0x1E, 0x38, 0x00,
    0x1E, 0x38, 0x00, 0xFE, 0x38, 0x00, 0xFC, 0x00, 0x00, 0xF8, 0x00, 0x06, 0x00, 0x7F, 0xCF, 0x00,
    0x7F, 0xCF, 0xF8, 0x7F, 0xDF, 0xFC, 0x1E, 0x1F, 0xFC, 0x1E, 0x3C, 0x78, 0x1C, 0x78, 0xF0, 0x1C,
    0xFF, 0xFF, 0x3C, 0x7F, 0xFF, 0x3F, 0xFF, 0xFF, 0x7F, 0xDD, 0xEF, 0x7F, 0xDF, 0xFF, 0xFD, 0xDF,
    0xFF, 0xFD, 0xDF, 0xFF, 0x7D, 0xDD, 0xEF, 0x7D, 0xFD, 0xEF, 0x7D, 0xFF, 0xFF, 0x3D, 0xFF, 0xFF,
    0x3D, 0xFF, 0xFF, 0x3F, 0xF9, 0xEF, 0x3F, 0xF9, 0xEF, 0x3F, 0xF9, 0xEF, 0x3C, 0xF9, 0xFF, 0x38,
    0xF1, 0xFE, 0x00, 0x20, 0x1C, 0x1F, 0xFF, 0xFC, 0x1F, 0xFF, 0xFC, 0x1F, 0xFF, 0xFC, 0x00, 0x00,
    0x00, 0x00, 0x00, 0x00, 0x00, 0x00, 0x00, 0x7F, 0xFF, 0xFF, 0x7F, 0xFF, 0xFF, 0x7F, 0xFF, 0xFF,
    0x00, 0x1E, 0x00, 0x00, 0x1E, 0x00, 0x0F, 0x1E, 0x30, 0x0F, 0x1E, 0x78, 0x1F, 0x1E, 0x78, 0x1E,
    0x1E, 0x3C, 0x1E, 0x1E, 0x3E, 0x3C, 0x1E, 0x1E, 0x7C, 0x1E, 0x1E, 0xF8, 0x1E, 0x1F, 0x79, 0xBE,
    0x0F, 0x31, 0xFE, 0x0C, 0x01, 0xFC, 0x00, 0x01, 0xF8, 0x00, 0x00, 0x87, 0x00, 0x07, 0xE7, 0x80,
    0x1F, 0xFB, 0xC0, 0x0F, 0xF1, 0xFF, 0xE7, 0xF1, 0xFF, 0xF0, 0x78, 0xFF, 0xF8, 0x3C, 0x77, 0xBC,
    0x1E, 0x7B, 0xDC, 0x7F, 0xFD, 0xFE, 0x3F, 0xFC, 0xF0, 0x1F, 0xF0, 0x79, 0x03, 0xE1, 0xFF, 0xC1,
    0xF9, 0xFF, 0xE0, 0xFE, 0xFF, 0x70, 0xFF, 0xF7, 0xB8, 0x7F, 0xBB, 0xDE, 0x7F, 0xFD, 0xEF, 0x7F,
    0x9E, 0xF3, 0x9B, 0xDE, 0x79, 0xCD, 0xEF, 0x3C, 0xF0, 0xF1, 0x1E, 0x60, 0x78, 0x0F, 0x00, 0x3C,
    0x1F, 0x80, 0x1E, 0x0F, 0xC0, 0x0F, 0x07, 0xC0, 0x00, 0x01, 0x81, 0xC0, 0x07, 0xE1, 0xF0, 0x1F,
    0xF1, 0xFF, 0x0F, 0xF1, 0xFF, 0xC7, 0xF3, 0xFF, 0xE0, 0x7B, 0xF1, 0xF0, 0x3C, 0xFD, 0xF0, 0x1E,
    0x7F, 0xF0, 0xFF, 0xC7, 0xF0, 0x7F, 0xE3, 0xF0, 0x3F, 0xFF, 0xFC, 0x03, 0xE7, 0xFE, 0x01, 0xFB,
    0xBF, 0xF1, 0xFE, 0x3F, 0xF8, 0xFF, 0x3F, 0xFC, 0xFF, 0xFE, 0x3E, 0x7F, 0xFF, 0x9E, 0x7F, 0x9F,
    0xFE, 0x1B, 0xC4, 0xFF, 0x0D, 0xE0, 0x3F, 0x00, 0xF0, 0x7F, 0x00, 0x79, 0xFE, 0x00, 0x3D, 0xFE,
    0x00, 0x1E, 0x7C, 0x00, 0x0F, 0x38, 0x00, 0x00, 0x00, 0x80, 0x00, 0x03, 0xEF, 0xFF, 0x1F, 0xFF,
    0xFF, 0x8F, 0xFB, 0xFF, 0xC7, 0xF1, 0xE0, 0xE0, 0x78, 0xF0, 0x70, 0x3C, 0x78, 0x38, 0x1E, 0x3F,
    0xFC, 0x7F, 0xFF, 0xFE, 0x3F, 0xFF, 0xFF, 0x1F, 0xF8, 0x00, 0x01, 0xE0, 0x00, 0x01, 0xFB, 0xFF,
    0xF0, 0xFF, 0xFF, 0xF8, 0xFF, 0xFF, 0xFC, 0xFF, 0xC3, 0xC0, 0x7F, 0xDF, 0xFE, 0x7F, 0x8F, 0xFF,
    0x1B, 0xC7, 0xFF, 0x8D, 0xE0, 0x3C, 0x00, 0xF0, 0x1E, 0x00, 0x7B, 0xFF, 0xFC, 0x3D, 0xFF, 0xFE,
    0x1E, 0xFF, 0xFF, 0x0F, 0x00, 0x00, 0x00, 0x00, 0x78, 0x00, 0x00, 0xF0, 0x00, 0x01, 0xF0, 0x07,
    0xFF, 0xFF, 0xFF, 0xFF, 0xFF, 0xFF, 0xFF, 0xFF, 0xFC, 0x00, 0x07, 0xF8, 0xC3, 0x8F, 0xF7, 0xC7,
    0xDF, 0xFF, 0x9F, 0xF9, 0xFE, 0x0F, 0xF3, 0xF8, 0x07, 0xE7, 0xC0, 0x03, 0xC7, 0xFF, 0xFF, 0x07,
    0xFF, 0xFC, 0x0F, 0xFF, 0xF8, 0x00, 0x78, 0x00, 0x00, 0xF0, 0x00, 0x01, 0xE0, 0x00, 0x03, 0xC0,
    0x00, 0x07, 0x80, 0x1F, 0xFF, 0xFF, 0xFF, 0xFF, 0xFF, 0xFF, 0xFF, 0xFF, 0x03, 0xBF, 0xFC, 0x73,
    0xBF, 0xFC, 0x73, 0xBF, 0xFC, 0x73, 0x9C, 0x78, 0x73, 0x9E, 0x78, 0x73, 0x8E, 0xF0, 0x73, 0x8F,
    0xF0, 0x73, 0x87, 0xE0, 0x73, 0x8F, 0xF0, 0x73, 0xBF, 0xFC, 0x73, 0xFF, 0xFE, 0x73, 0xBC, 0x7C,
    0x03, 0xF8, 0x1C, 0x00, 0x38, 0x00, 0x7F, 0xFF, 0xFC, 0x7F, 0xFF, 0xFC, 0x7F, 0xFF, 0xFC, 0x07,
    0x83, 0xC0, 0x07, 0x83, 0xC0, 0x07, 0x83, 0xC0, 0xFF, 0xFF, 0xFE, 0xFF, 0xFF, 0xFE, 0xFF, 0xFF,
    0xFE, 0x00, 0x00, 0x00, 0x00, 0xF0, 0x00, 0x01, 0xE0, 0x03, 0xFF, 0xFF, 0xE7, 0xFF, 0xFF, 0xC7,
    0xFF, 0xFF, 0x01, 0xE0, 0xF0, 0x7F, 0xFF, 0xFF, 0xFF, 0xFF, 0xFF, 0xFF, 0xFF, 0xFC, 0x00, 0x00,
    0x01, 0xFF, 0xFF, 0xC3, 0xFF, 0xFF, 0x87, 0x80, 0x0F, 0x0F, 0xFF, 0xFE, 0x1F, 0xFF, 0xFC, 0x3C,
    0x00, 0x78, 0x7F, 0xFF, 0xF0, 0xFF, 0xFF, 0xE0, 0x03, 0xC0, 0x0F, 0xFF, 0xFF, 0xFF, 0xFF, 0xFF,
    0xFF, 0xFF, 0xFF, 0x80, 0x3C, 0x00, 0x00, 0x78, 0x00, 0x00, 0xF0, 0x00, 0x04, 0x01, 0xC0, 0x0F,
    0x1C, 0xE7, 0x07, 0x8E, 0x73, 0xC1, 0xC7, 0x39, 0xE0, 0xF3, 0x9C, 0xF3, 0xFF, 0xFF, 0xF9, 0xFF,
    0xFF, 0xFC, 0xFF, 0xFF, 0xFE, 0x33, 0x00, 0x00, 0x39, 0xFF, 0xFF, 0x9C, 0xFF, 0xFF, 0xC7, 0x7F,
    0xFF, 0xE3, 0xB8, 0x3C, 0x01, 0xDC, 0x1E, 0x00, 0xEF, 0xFF, 0xFC, 0x7E, 0xFF, 0xFE, 0x3F, 0x7F,
    0xFF, 0x1F, 0xFF, 0xBB, 0x87, 0xFF, 0xDD, 0xDF, 0xFF, 0xEE, 0xE7, 0xFF, 0xF7, 0x73, 0xE3, 0xFB,
    0xB9, 0x01, 0xFD, 0xFC, 0x00, 0xFE, 0xFE, 0x00, 0x3B, 0x0E, 0x00, 0x0E, 0x03, 0x80, 0x1E, 0x03,
    0x80, 0x1F, 0xF7, 0xFF, 0x3F, 0xFF, 0xFF, 0x3F, 0xFF, 0xFF, 0x7F, 0x9F, 0xF0, 0xFB, 0xDE, 0x78,
    0x73, 0xDC, 0x38, 0x33, 0x84, 0x38, 0x07, 0x80, 0x78, 0x0F, 0x80, 0x78, 0x0F, 0x7F, 0xFF, 0x1F,
    0x7F, 0xFF, 0x3F, 0x7F, 0xFF, 0x7F, 0x00, 0x78, 0xFF, 0x38, 0x78, 0x7F, 0x3C, 0x78, 0x3F, 0x3C,
    0x78, 0x0F, 0x1E, 0x78, 0x0F, 0x1E, 0x78, 0x0F, 0x0C, 0x78, 0x0F, 0x00, 0x78, 0x0F, 0x07, 0xF8,
    0x0F, 0x03, 0xF8, 0x0F, 0x03, 0xF0, 0x0F, 0x03, 0xC0, 0x07, 0x81, 0xE0, 0x07, 0xFE, 0xFF, 0xC3,
    0xFF, 0xFF, 0xE3, 0xFF, 0xFF, 0xF3, 0xCE, 0xF9, 0xE1, 0xE7, 0xB8, 0xF0, 0x7F, 0xFF, 0xF8, 0x1F,
    0xFF, 0xFC, 0x0F, 0xFF, 0xFE, 0x00, 0x0F, 0x0F, 0x01, 0xFF, 0xFF, 0x80, 0xFF, 0xFF, 0xC0, 0xFF,
    0xFF, 0xE0, 0x78, 0xF0, 0x00, 0x3F, 0xFF, 0xFC, 0x1F, 0xFF, 0xFE, 0x0F, 0xFF, 0xFF, 0x00, 0x7F,
    0x07, 0x80, 0x7F, 0x83, 0xC0, 0xFF, 0xC1, 0xE1, 0xFD, 0xE7, 0xF1, 0xFC, 0xF3, 0xF0, 0x78, 0x79,
    0xF0, 0x10, 0x3C, 0x00, 0x00, 0x0E, 0x03, 0x80, 0x1E, 0x07, 0x80, 0x1F, 0xFF, 0xFF, 0x3F, 0xFF,
    0xFF, 0x7F, 0xFF, 0xFF, 0xFB, 0xDE, 0x78, 0x3F, 0xFF, 0xFC, 0x0F, 0xFF, 0xFC, 0x0E, 0x00, 0x3C,
    0x0F, 0xFF, 0xFC, 0x0F, 0xFF, 0xFC, 0x0E, 0x00, 0x3C, 0x0F, 0xFF, 0xFC, 0x0F, 0xFF, 0xFC, 0x0E,
    0x00, 0x3C, 0x0F, 0xFF, 0xFC, 0x0F, 0xFF, 0xFC, 0x01, 0xE1, 0xE0, 0x7F, 0xFF, 0xFF, 0x7F, 0xFF,
    0xFF, 0x7F, 0xFF, 0xFF, 0x1F, 0xC1, 0xE0, 0x7F, 0x81, 0xE0, 0x3E, 0x01, 0xE0, 0x18, 0x01, 0xE0,
    0x0E, 0x03, 0x80, 0x0F, 0x03, 0xC0, 0x1F, 0xFB, 0xFF, 0x1F, 0xFF, 0xFF, 0x3F, 0xFF, 0xFF, 0x7D,
    0xCF, 0x78, 0x7F, 0xCF, 0xBC, 0x1F, 0x07, 0xBC, 0x7F, 0xFF, 0xFF, 0x7F, 0xFF, 0xFF, 0x0F, 0x07,
    0xBC, 0x3F, 0xE7, 0xBC, 0x3F, 0xFF, 0xFF, 0x0F, 0x1F, 0xFF, 0x0F, 0x1F, 0xFF, 0x7F, 0xE0, 0x00,
    0x7F, 0xEF, 0xFE, 0x0F, 0x8F, 0xFE, 0x1F, 0xCF, 0x1E, 0x3F, 0xEF, 0xFE, 0x7F, 0xFF, 0xFE, 0xFF,
    0x6F, 0x1E, 0x7F, 0x0F, 0xFE, 0x6F, 0x0F, 0xFE, 0x07, 0x0F, 0x1E, 0x0F, 0x00, 0x00, 0x17, 0xB7,
    0xFF, 0x1F, 0xFF, 0xFF, 0x8F, 0xFD, 0xFF, 0xC7, 0xFE, 0xE1, 0xE1, 0xFF, 0x70, 0xF0, 0xFF, 0xB8,
    0x78, 0x7F, 0x9C, 0x3C, 0x0F, 0x4F, 0xFE, 0x3F, 0xF7, 0xFF, 0x1F, 0xFB, 0xFF, 0x8F, 0xFD, 0xC3,
    0xC1, 0xF0, 0xE1, 0xE0, 0xFC, 0x70, 0xF0, 0x7F, 0x3F, 0xF8, 0x7F, 0xDF, 0xFC, 0x3F, 0xEF, 0xFE,
    0x3F, 0xF7, 0x0F, 0x1F, 0xD3, 0x87, 0x8F, 0xE1, 0xC3, 0xC6, 0xF0, 0xE1, 0xE1, 0x7B, 0xFF, 0xFC,
    0x3D, 0xFF, 0xFE, 0x1E, 0xFF, 0xFF, 0x0F, 0x00, 0x00, 0x00, 0x00, 0x00, 0x70, 0x00, 0x7F, 0xF8,
    0x3F, 0xFF, 0xFC, 0x3F, 0xFF, 0xF8, 0x1F, 0xFE, 0x00, 0x01, 0xF0, 0xC0, 0x03, 0xE3, 0xE0, 0x0F,
    0xFF, 0xE0, 0x1F, 0xFF, 0xC0, 0x0F, 0xFF, 0x20, 0x0F, 0xFE, 0xF0, 0x01, 0xF8, 0xF0, 0x07, 0xF7,
    0xF8, 0x3F, 0xFF, 0xFC, 0x3F, 0xFF, 0xFE, 0x1F, 0xFE, 0x1E, 0x18, 0x1E, 0x0E, 0x07, 0x9E, 0xE0,
    0x0F, 0x9F, 0xF8, 0x1F, 0x1E, 0xFC, 0x3E, 0x1E, 0x7E, 0x7E, 0x1E, 0x3F, 0x3D, 0xFC, 0x1E, 0x10,
    0xFC, 0x0C, 0x00, 0xF8, 0x00, 0x00, 0x38, 0x00, 0x00, 0x70, 0x01, 0xFF, 0xFF, 0xF7, 0xFF, 0xFF,
    0xFF, 0xFF, 0xFF, 0xE0, 0x07, 0x00, 0x3F, 0xFF, 0xFF, 0xFF, 0xFF, 0xFF, 0xFF, 0xFF, 0xFF, 0xC3,
    0xE2, 0x3F, 0x8F, 0x8E, 0x7F, 0xFE, 0x7E, 0xF1, 0xFF, 0xF8, 0x03, 0xFF, 0xDC, 0x03, 0xFE, 0x7C,
    0x07, 0xF0, 0xFC, 0x7F, 0xFF, 0xFC, 0xFF, 0xFF, 0xF8, 0xFE, 0xF0, 0x78, 0x79, 0xEF, 0x41, 0xF3,
    0xFF, 0x0F, 0xC7, 0x9F, 0xBF, 0x7F, 0x1F, 0xBC, 0xFC, 0x0E, 0x21, 0xF0, 0x08, 0x03, 0x00, 0x00,
    0x0F, 0xFF, 0xF9, 0xDF, 0xFF, 0xF3, 0xBF, 0xFF, 0xC7, 0x79, 0xE7, 0x8E, 0xF1, 0xFE, 0x1D, 0xE3,
    0xF8, 0x3B, 0xC7, 0xF8, 0x77, 0xFF, 0xFE, 0xEF, 0xFF, 0xFC, 0x1F, 0xF1, 0xF0, 0x3F, 0x38, 0x61,
    0xFF, 0xF8, 0x03, 0xFF, 0xE8, 0x07, 0xFF, 0xB8, 0x07, 0xF8, 0xFC, 0x7F, 0xFF, 0xFC, 0xFF, 0xFF,
    0xFC, 0xFF, 0xFE, 0x71, 0xF9, 0xE6, 0x41, 0xF3, 0xDF, 0x0F, 0xC7, 0xBF, 0xBF, 0x7F, 0x1F, 0xBC,
    0xFC, 0x0E, 0x20, 0xF0, 0x00, 0x06, 0x03, 0xD0, 0x03, 0x81, 0xFC, 0x03, 0xC0, 0xFF, 0x81, 0xE0,
    0x7B, 0x80, 0xE0, 0x3C, 0xE0, 0xF0, 0x1F, 0xF0, 0xF7, 0x7F, 0xF8, 0x7B, 0xFF, 0xFC, 0x7F, 0xDF,
    0xC0, 0x3F, 0xE9, 0xE1, 0x9F, 0xE0, 0xFF, 0xCF, 0xE3, 0xFF, 0xE0, 0xF3, 0xFF, 0xF0, 0xF3, 0xFF,
    0xA0, 0xFF, 0xFF, 0xBC, 0xFF, 0x83, 0xDE, 0x7F, 0xC1, 0xFE, 0x3E, 0x00, 0x7E, 0x00, 0x30, 0x3E,
    0x01, 0xF8, 0x7E, 0x47, 0xFC, 0x7F, 0x33, 0xFD, 0xFF, 0xFD, 0xF1, 0xFD, 0xFC, 0xE0, 0x7C, 0x7E,
    0x00, 0x10, 0x1E, 0x00, 0x06, 0x00, 0x00, 0x07, 0x80, 0x00, 0x0F, 0xBF, 0xFF, 0x0F, 0x3F, 0xFF,
    0x1F, 0x3F, 0xFF, 0x1E, 0x3D, 0xEF, 0x3C, 0xBD, 0xEF, 0x3D, 0xFD, 0xEF, 0xFF, 0xFD, 0xEF, 0xFF,
    0xFD, 0xEF, 0x7F, 0xBD, 0xEF, 0x7F, 0xBF, 0xFF, 0x1F, 0x3F, 0xFF, 0x3F, 0xFF, 0xFF, 0x7F, 0xFD,
    0xEF, 0x7F, 0xFD, 0xEF, 0x7F, 0xFD, 0xEF, 0x78, 0x3D, 0xEF, 0x00, 0x3D, 0xEF, 0x07, 0xFD, 0xEF,
    0x7F, 0xFF, 0xFF, 0xFF, 0xFF, 0xFF, 0x7F, 0x3F, 0xFF, 0x60, 0x3C, 0x0F, 0x00, 0x18, 0x00, 0x06,
    0x03, 0x80, 0x07, 0x83, 0xC0, 0x03, 0xC1, 0xE0, 0x01, 0xC1, 0xFF, 0xC1, 0xE1, 0xFF, 0xE0, 0xF0,
    0xFF, 0xF0, 0xF7, 0xFC, 0xF0, 0xF7, 0xFF, 0xF8, 0xFF, 0xFF, 0xF8, 0x7F, 0xD9, 0xF8, 0x1F, 0xE0,
    0xFC, 0x0F, 0xE1, 0xFF, 0x81, 0xE3, 0xFF, 0xF1, 0xF3, 0xF9, 0xFD, 0xFF, 0xF6, 0x3D, 0xFF, 0xA7,
    0xC4, 0x7F, 0xC3, 0xF8, 0x3C, 0x00, 0x7C, 0x00, 0x03, 0x0C, 0x01, 0xF9, 0xF0, 0x0F, 0xFD, 0xFF,
    0x07, 0xFE, 0x3F, 0xE1, 0xF8, 0x07, 0xF8, 0xC0, 0x00, 0x78, 0x00, 0x00, 0x08, 0x00, 0x06, 0x01,
    0xE0, 0x0F, 0x01, 0xE0, 0x0F, 0x01, 0xE0, 0x1F, 0x3F, 0xFF, 0x1E, 0x3F, 0xFF, 0x3D, 0xBF, 0xFF,
    0x3D, 0xE1, 0xE0, 0x79, 0xE1, 0xE0, 0xFF, 0xC1, 0xE0, 0xFF, 0xDF, 0xFF, 0x7F, 0x9F, 0xFF, 0x7F,
    0x1F, 0xFF, 0x1F, 0x00, 0x00, 0x3F, 0xC0, 0x00, 0x7F, 0xFF, 0xFE, 0xFF, 0xFF, 0xFE, 0x7F, 0xDF,
    0xFE, 0x78, 0x1E, 0x1E, 0x00, 0x1E, 0x1E, 0x07, 0xFE, 0x1E, 0x7F, 0xFE, 0x1E, 0xFF, 0xFF, 0xFE,
    0x7F, 0x9F, 0xFE, 0x70, 0x1F, 0xFE, 0x00, 0x1E, 0x1E, 0x04, 0x07, 0x00, 0x07, 0x83, 0xC0, 0x03,
    0xC3, 0xC0, 0x01, 0xE1, 0xFF, 0xC1, 0xE1, 0xFF, 0xE0, 0xF1, 0xFF, 0xF0, 0xF7, 0xF8, 0xF0, 0xF7,
    0xFE, 0xF8, 0xFF, 0xFF, 0xF8, 0x7F, 0xDB, 0xF8, 0x1F, 0xE1, 0xFC, 0x0D, 0xE3, 0xFF, 0xC1, 0xE7,
    0xFF, 0xF1, 0xFF, 0xF0, 0xF9, 0xFF, 0xFF, 0xFC, 0xFF, 0xFF, 0xFC, 0x7F, 0x1F, 0xFE, 0x38, 0x6E,
    0x0F, 0x00, 0xF7, 0x07, 0x83, 0xFB, 0x83, 0xC7, 0xFD, 0xFF, 0xE3, 0xF8, 0xFF, 0xF1, 0xE0, 0x7F,
    0xF8, 0xC0, 0x38, 0x3C, 0x00, 0x1C, 0x1E, 0x00, 0x0E, 0x01, 0xC0, 0x07, 0x81, 0xE0, 0x03, 0xC0,
    0x78, 0x03, 0xE0, 0x3C, 0x01, 0xE3, 0xFF, 0xF1, 0xF1, 0xFF, 0xF8, 0xF7, 0xFF, 0xFC, 0xF7, 0x8F,
    0x30, 0xFF, 0xCF, 0x3C, 0x7F, 0xCF, 0x8F, 0x1F, 0xEF, 0xFF, 0x8F, 0xEF, 0xFF, 0xE1, 0xE7, 0xFF,
    0xF1, 0xFF, 0xF3, 0xB9, 0xFF, 0x3D, 0xC1, 0xFF, 0x9C, 0xE0, 0x7F, 0x0E, 0x70, 0x38, 0x6F, 0x38,
    0x00, 0xF7, 0x9D, 0xC3, 0xFB, 0xCE, 0xF7, 0xFF, 0xC7, 0x7B, 0xF7, 0xE3, 0xF9, 0xE3, 0xE1, 0xFC,
    0x80, 0xE0, 0xFC, 0x00, 0x60, 0x00, 0x00, 0x0C, 0x00, 0x70, 0x07, 0x9C, 0x38, 0x03, 0xCF, 0xDD,
    0xC3, 0xC7, 0xEE, 0xE1, 0xE3, 0xF7, 0xE1, 0xE9, 0xDF, 0xF0, 0xF7, 0xEF, 0xF0, 0xF7, 0xF0, 0xE8,
    0xFF, 0xFF, 0xFF, 0x7F, 0xDF, 0xFF, 0x9F, 0xCF, 0xFF, 0xCF, 0xE7, 0x3F, 0x01, 0xE3, 0x9F, 0xC1,
    0xEF, 0xDF, 0xF1, 0xFF, 0xEF, 0xF9, 0xFF, 0xFF, 0xFE, 0x7F, 0xBF, 0x77, 0x38, 0x1F, 0xB9, 0x00,
    0x3E, 0x9C, 0x03, 0xFF, 0x0E, 0x07, 0xFF, 0x87, 0x03, 0xFF, 0xFF, 0xFD, 0xF0, 0xFF, 0xFE, 0x00,
    0x7F, 0xFE, 0x04, 0x03, 0x80, 0x07, 0x81, 0xC2, 0x03, 0xC0, 0xE3, 0xC1, 0xC7, 0xFF, 0xE1, 0xE3,
    0xFF, 0xE0, 0xE1, 0xFF, 0xF0, 0xF7, 0x0E, 0xF0, 0x73, 0x87, 0xF8, 0x7F, 0xFF, 0xFF, 0xFF, 0xFF,
    0xFF, 0xDF, 0xDF, 0xFF, 0xEF, 0xE0, 0xFC, 0x01, 0xE0, 0xFC, 0x00, 0xE5, 0xFF, 0xF0, 0xFF, 0xFF,
    0xF8, 0xFF, 0xFF, 0xFC, 0x7F, 0xFE, 0x0E, 0x38, 0x07, 0xFF, 0x00, 0x33, 0xFF, 0x81, 0xF9, 0xFF,
    0xC7, 0xFC, 0xE0, 0xE3, 0xFE, 0x7F, 0xF1, 0xF0, 0x3F, 0xF8, 0x80, 0x1F, 0xFC, 0x00, 0x0E, 0x0E,
    0x00, 0x04, 0x01, 0xC0, 0x07, 0x80, 0xE0, 0x03, 0xC7, 0xFF, 0x81, 0xC7, 0xFF, 0xC1, 0xE3, 0xFF,
    0xE0, 0xE0, 0x0E, 0x00, 0xF7, 0xFF, 0xFC, 0x77, 0xFF, 0xFE, 0x7F, 0xBF, 0xFF, 0x7F, 0xC4, 0x07,
    0x1F, 0xC3, 0xFB, 0x8F, 0xC3, 0xFD, 0xC1, 0xE3, 0xFE, 0x41, 0xFD, 0xEF, 0x01, 0xFE, 0x77, 0x80,
    0xFF, 0xFF, 0xFE, 0x7C, 0x7F, 0xFF, 0x30, 0x7F, 0xFF, 0x81, 0xE0, 0xFC, 0x07, 0xF8, 0xFF, 0x07,
    0xF8, 0xFF, 0xC3, 0xF1, 0xF9, 0xF1, 0xC1, 0xF8, 0x3C, 0x00, 0xF8, 0x0E, 0x00, 0x30, 0x02, 0x00,
    0x04, 0x06, 0x30, 0x07, 0x83, 0xF8, 0x03, 0xC3, 0xDE, 0x03, 0xC1, 0xEF, 0x01, 0xE0, 0xE3, 0x80,
    0xE8, 0xFF, 0xF8, 0xF7, 0x7F, 0xFC, 0xF7, 0xFF, 0xFE, 0x7F, 0xFE, 0x70, 0x7F, 0xFF, 0x38, 0x1F,
    0xDF, 0xFF, 0xCF, 0xE7, 0xFF, 0xE1, 0xE3, 0xFF, 0xF1, 0xEE, 0xF3, 0x81, 0xFF, 0x79, 0xC0, 0xFF,
    0xBF, 0xFE, 0x7F, 0x9F, 0xFF, 0x38, 0x0F, 0xFF, 0x80, 0x37, 0x9C, 0x01, 0xFB, 0xCE, 0x07, 0xFF,
    0xFF, 0xF3, 0xFE, 0xFF, 0xFD, 0xF8, 0x7F, 0xFE, 0xC0, 0x3C, 0x00, 0x00, 0x1E, 0x00, 0x00, 0x0C,
    0x00, 0x0C, 0x07, 0xBF, 0xFF, 0x03, 0xDF, 0xFF, 0xC3, 0xCF, 0xFF, 0x81, 0xE3, 0x9C, 0xE1, 0xE1,
    0xEE, 0xF0, 0xF6, 0x77, 0x70, 0xF7, 0xFF, 0xFE, 0xFF, 0xFF, 0xFF, 0x7F, 0xFF, 0xFF, 0x9F, 0xC3,
    0xC0, 0x0F, 0xFF, 0xFF, 0xE1, 0xEF, 0xFF, 0xF1, 0xFF, 0xFF, 0xF9, 0xFF, 0x3F, 0xE0, 0xFF, 0xBF,
    0xFC, 0x7F, 0x9F, 0xFE, 0x3C, 0x0F, 0x8E, 0x00, 0xEF, 0xEF, 0x03, 0xFF, 0xFF, 0x0F, 0xFF, 0xBF,
    0x87, 0xFF, 0xFF, 0xF1, 0xE7, 0xFF, 0xFE, 0xC1, 0xDF, 0x7E, 0x00, 0x4E, 0x07, 0x00, 0x0C, 0x01,
    0xC0, 0x0F, 0x01, 0xE0, 0x0E, 0x01, 0xE0, 0x1E, 0x3F, 0xFF, 0x1C, 0x3F, 0xFF, 0x3D, 0x3F, 0xFF,
    0x3F, 0xB8, 0x0F, 0x3B, 0xFF, 0xFF, 0x7F, 0xBF, 0xFF, 0xFF, 0xBF, 0xFF, 0x7F, 0x38, 0x00, 0x7E,
    0x3F, 0xFF, 0x1E, 0x3F, 0xFF, 0x3D, 0xFF, 0xFF, 0x3F, 0xFF, 0xFF, 0x7F, 0xFF, 0xFF, 0x7F, 0x7F,
    0xFF, 0x71, 0x7F, 0xFF, 0x07, 0xFF, 0xFF, 0x3F, 0xFF, 0xFF, 0xFF, 0xFF, 0xFF, 0x7C, 0xEF, 0xFF,
    0x71, 0xEF, 0xFF, 0x40, 0xEF, 0xFF, 0x00, 0x0E, 0x00, 0x7F, 0xFF, 0xFC, 0xFF, 0xFF, 0xF9, 0xFF,
    0xFF, 0xF3, 0x80, 0x00, 0xE7, 0x0E, 0x1D, 0xCE, 0x1C, 0x3B, 0x9F, 0x3F, 0x77, 0x3F, 0x7F, 0xEE,
    0x7F, 0xFF, 0xDC, 0xEF, 0xDF, 0x39, 0xDF, 0x1E, 0x73, 0x9E, 0x3C, 0xE7, 0x3E, 0x7D, 0xCE, 0x7E,
    0xFF, 0x9C, 0xFF, 0xFF, 0x3B, 0xFF, 0xFE, 0x7F, 0x3E, 0xDC, 0xFE, 0x7C, 0x39, 0xF8, 0xF0, 0x73,
    0xE0, 0xC0, 0xE7, 0x00, 0x3F, 0xCE, 0x00, 0x3F, 0x9C, 0x00, 0x7E, 0x00, 0x7F, 0xFF, 0xFC, 0xFF,
    0xFF, 0xF9, 0xE7, 0x3C, 0xF3, 0xCE, 0x79, 0xE7, 0xFF, 0xFF, 0xCF, 0xFF, 0xFF, 0x80, 0x1E, 0x00,
    0x7F, 0xFF, 0xFE, 0xFF, 0xFF, 0xFC, 0xFF, 0xFF, 0xF8, 0x7F, 0xFF, 0xC0, 0xFF, 0xFF, 0x81, 0xC0,
    0x0F, 0x03, 0xFF, 0xFE, 0x07, 0xFF, 0xFC, 0x0F, 0xFF, 0xF8, 0x1F, 0xFF, 0xF0, 0x38, 0x01, 0xE0,
    0x7F, 0xFF, 0xC0, 0xFF, 0xFF, 0x81, 0xC0, 0x0F, 0x1F, 0xFF, 0xFF, 0xFF, 0xFF, 0xFF, 0x80, 0x03,
    0xE0, 0x00, 0x7F, 0xFF, 0xFF, 0x7F, 0xEF, 0xFF, 0x37, 0x6F, 0xFF, 0x3F, 0x71, 0xC7, 0x3F, 0xF1,
    0xC7, 0x7F, 0xFF, 0xFF, 0x7F, 0xFF, 0xFF, 0x7F, 0xFF, 0xFF, 0x1F, 0xC7, 0xDF, 0x3F, 0xF7, 0xDF,
    0x7F, 0xF7, 0xDF, 0xFF, 0x71, 0xC7, 0x77, 0x23, 0xCF, 0x7F, 0xF7, 0xDF, 0x7F, 0xFF, 0xFF, 0x7F,
    0xFF, 0xFF, 0x77, 0x7F, 0xF7, 0x7F, 0xF5, 0xC7, 0x7F, 0xF1, 0xC7, 0x77, 0x71, 0xC7, 0x7F, 0xF1,
    0xC7, 0x7F, 0xF7, 0xFF, 0x7F, 0xF7, 0xDF, 0x70, 0x33, 0x9C, 0x1C, 0x0F, 0x00, 0x1E, 0x0F, 0x00,
    0x3F, 0xCF, 0x38, 0x3D, 0xCF, 0xFC, 0x79, 0xEF, 0xFC, 0xFF, 0xFF, 0xF0, 0xFF, 0xFF, 0x80, 0xFF,
    0xFF, 0x0E, 0x60, 0x6F, 0x0E, 0x7F, 0xEF, 0xFE, 0x7F, 0xE7, 0xFE, 0x7F, 0xE7, 0xFC, 0x71, 0xE7,
    0x00, 0x7F, 0xEF, 0x08, 0x7F, 0xEF, 0x3C, 0x7F, 0xEF, 0xFC, 0x71, 0xEF, 0xFC, 0x7F, 0xEF, 0xF0,
    0x7F, 0xEF, 0xC0, 0x7F, 0xEF, 0x0E, 0x71, 0xEF, 0x0F, 0x71, 0xEF, 0x0F, 0x77, 0xEF, 0xFE, 0x77,
    0xE7, 0xFE, 0x73, 0xC3, 0xFC, 0x00, 0x1C, 0x00, 0x7F, 0x9C, 0x00, 0x7F, 0x9C, 0x7F, 0x7F, 0x9C,
    0x7F, 0x73, 0xFF, 0x7F, 0x73, 0xFF, 0x77, 0x73, 0xFF, 0x77, 0x7F, 0x9C, 0x77, 0x7F, 0x9C, 0x77,
    0x7F, 0x9C, 0x77, 0x73, 0xFF, 0xF7, 0x73, 0xFF, 0xF7, 0x73, 0xFF, 0xF7, 0x7F, 0xBC, 0x77, 0x7F,
    0xBA, 0x77, 0x7F, 0xBF, 0x77, 0x73, 0xBF, 0x77, 0x73, 0xF7, 0x7F, 0x73, 0xFF, 0xFF, 0x73, 0xFF,
    0xFE, 0x73, 0xFF, 0xF0, 0x73, 0xFB, 0xF0, 0xFF, 0x80, 0x70, 0xEF, 0x00, 0x70, 0x2E, 0x00, 0x70,
    0x01, 0xE0, 0x00, 0x3C, 0x00, 0x07, 0x80, 0x00, 0xF0, 0x0F, 0xFF, 0xFF, 0xFF, 0xFF, 0xFF, 0xFF,
    0xFF, 0x80, 0x0F, 0xF0, 0x01, 0xFF, 0xFF, 0xFF, 0xFF, 0xFF, 0xFF, 0xFF, 0xFF, 0x00, 0x1F, 0xE0,
    0x03, 0xFC, 0x00, 0x7F, 0xFF, 0xFF, 0xFF, 0xFF, 0xFF, 0xFF, 0xFF, 0xC0, 0x07, 0xF8, 0x00, 0xFF,
    0xFF, 0xFF, 0xFF, 0xFF, 0xFF, 0xFF, 0xFF, 0x80, 0x0F, 0xF0, 0x01, 0xE0, 0xFF, 0xFF, 0xFD, 0xFF,
    0xFF, 0xFB, 0xFF, 0xFF, 0xF0, 0x1E, 0x0C, 0x00, 0x7C, 0x3C, 0x01, 0xF0, 0xFC, 0x07, 0xC0, 0xFC,
    0x1F, 0xFF, 0xFC, 0x3F, 0xFF, 0xFC, 0x7F, 0xFF, 0xFC, 0xFF, 0xF8, 0xF0, 0x03, 0xC0, 0xC0, 0x07,
    0x80, 0x07, 0xFF, 0xFF, 0x0F, 0xFF, 0xFE, 0x1F, 0xFF, 0xFC, 0x00, 0x78, 0x00, 0x00, 0xF0, 0x00,
    0x01, 0xE0, 0x00, 0x03, 0xC0, 0x0F, 0xFF, 0xFF, 0xFF, 0xFF, 0xFF, 0xFF, 0xFF, 0xFF, 0x80, 0x07,
    0x80, 0x00, 0x03, 0xC3, 0xFE, 0x01, 0xC1, 0xFF, 0x07, 0xFE, 0xFF, 0x83, 0xFF, 0x79, 0xC1, 0xFF,
    0xBC, 0xE0, 0xF9, 0xDC, 0x70, 0x7E, 0xEE, 0x3E, 0x3F, 0xFF, 0x1F, 0x9D, 0xFF, 0x8F, 0xCE, 0xDD,
    0x80, 0x0F, 0xFF, 0xFF, 0xCF, 0xFF, 0xFF, 0xF7, 0xFF, 0xFF, 0xF0, 0xE1, 0xDC, 0x38, 0x7E, 0xEF,
    0x3C, 0x3F, 0x77, 0x9C, 0x1F, 0xF9, 0xFE, 0x0E, 0xFC, 0xFE, 0x0F, 0x6E, 0x3F, 0x07, 0x87, 0x3F,
    0xC3, 0x87, 0xFF, 0xF9, 0xCF, 0xFF, 0xFC, 0xE7, 0xFE, 0x1C, 0x33, 0xCC, 0x02, 0x00, 0x00, 0xC0,
    0x00, 0x00, 0xF0, 0x00, 0x00, 0xFF, 0xF0, 0x00, 0xFF, 0xFC, 0x00, 0x7F, 0xFC, 0x00, 0xFC, 0x3E,
    0x00, 0xFC, 0x3E, 0x00, 0xFF, 0xFF, 0xF8, 0x7F, 0xFF, 0xFC, 0x3F, 0xFF, 0xFE, 0x0F, 0x87, 0x8F,
    0x03, 0xC3, 0xC7, 0x81, 0xE1, 0xE3, 0xC0, 0xFF, 0xFF, 0xE0, 0x7F, 0xFF, 0xF0, 0x3F, 0xFF, 0xF8,
    0x1E, 0x00, 0x3C, 0x0F, 0x00, 0x03, 0x07, 0x80, 0x01, 0xC3, 0xC0, 0x00, 0xE1, 0xE0, 0x00, 0xF0,
    0x7F, 0xFF, 0xF8, 0x3F, 0xFF, 0xF8, 0x0F, 0xFF, 0xF8, 0x07, 0x83, 0xC0, 0x0F, 0x07, 0x80, 0x1E,
    0x0F, 0x07, 0xFF, 0xFF, 0xFF, 0xFF, 0xFF, 0xFF, 0xFF, 0xFF, 0xC1, 0xE0, 0xF0, 0x03, 0xC1, 0xE0,
    0x07, 0x83, 0xC0, 0x00, 0x00, 0x01, 0xFF, 0xFF, 0xE3, 0xFF, 0xFF, 0xC7, 0xFF, 0xFF, 0x80, 0x3C,
    0x0F, 0x00, 0x78, 0x1E, 0x00, 0xF0, 0x3C, 0x01, 0xE0, 0x78, 0x03, 0xC0, 0xF0, 0x07, 0x9F, 0xE0,
    0x0F, 0x3F, 0xC0, 0x1E, 0x3F, 0x00, 0x3C, 0x00, 0x00, 0x78, 0x00, 0x00, 0xF0, 0x00, 0x01, 0xE0,
    0x00, 0x07, 0x83, 0xC0, 0x07, 0x83, 0xC0, 0xFF, 0xFF, 0xFE, 0xFF, 0xFF, 0xFE, 0xFF, 0xFF, 0xFE,
    0x07, 0x83, 0xC0, 0x07, 0x83, 0xC0, 0x3B, 0x01, 0x80, 0x3E, 0x7F, 0xFC, 0x3F, 0x7F, 0xFC, 0x1F,
    0x7F, 0xFC, 0x06, 0x78, 0x3C, 0x70, 0x78, 0x3C, 0xF8, 0x78, 0x3C, 0xFC, 0x78, 0x3C, 0x3C, 0x7B,
    0xF8, 0x0B, 0x79, 0xF8, 0x07, 0xF9, 0xF0, 0x0F, 0xF8, 0x0C, 0x1F, 0x78, 0x0F, 0x3E, 0x78, 0x0F,
    0x7C, 0x7F, 0xFE, 0x78, 0x7F, 0xFE, 0x70, 0x3F, 0xFC, 0x20, 0x00, 0x00, 0x03, 0xC1, 0xE0, 0x01,
    0xE0, 0xF0, 0x1F, 0xFF, 0xFF, 0xCF, 0xFF, 0xFF, 0xE7, 0xFF, 0xFF, 0xF0, 0x1E, 0x0F, 0x00, 0x6F,
    0x07, 0x40, 0x7F, 0x83, 0xF8, 0x3F, 0xC1, 0xFC, 0x0F, 0xC0, 0xEF, 0x0F, 0xC0, 0x73, 0x0F, 0xFF,
    0xFF, 0xE7, 0xBF, 0xFF, 0xF1, 0x1F, 0xFF, 0xF8, 0x1F, 0x0F, 0x80, 0x1F, 0x87, 0xC0, 0x3F, 0xC3,
    0xE0, 0x3F, 0xE3, 0xF8, 0x1E, 0xF1, 0xFC, 0x06, 0x79, 0xEF, 0x00, 0x3D, 0xF3, 0xC0, 0x3D, 0xF1,
    0xF8, 0xFF, 0xF0, 0x7C, 0x3E, 0xF0, 0x1C, 0x1E, 0x30, 0x06, 0x00, 0x03, 0xC1, 0xE0, 0x01, 0xE0,
    0xF0, 0x1F, 0xFF, 0xFF, 0xCF, 0xFF, 0xFF, 0xE7, 0xFF, 0xFF, 0xF0, 0x1E, 0x7F, 0x00, 0x7F, 0x7F,
    0x00, 0x7E, 0x7F, 0xFC, 0x1F, 0x7F, 0xFE, 0x03, 0xFF, 0xFE, 0x08, 0x7F, 0xFE, 0x0F, 0x3F, 0xFE,
    0x07, 0xCC, 0xFF, 0x03, 0xF0, 0xFF, 0xE0, 0x77, 0xFF, 0xFE, 0x1B, 0xFC, 0xFE, 0x03, 0xFF, 0xFF,
    0x03, 0x7F, 0xFF, 0x03, 0xDF, 0xFF, 0x03, 0xEF, 0x07, 0x83, 0xE7, 0x83, 0xC3, 0xE3, 0xFF, 0xE1,
    0xE1, 0xFF, 0xF0, 0x70, 0xFF, 0xF8, 0x10, 0x70, 0x1C, 0x00, 0x01, 0xC1, 0xC0, 0x01, 0xE0, 0xE0,
    0x1F, 0xFF, 0xFF, 0xCF, 0xFF, 0xFF, 0xE7, 0xFF, 0xFF, 0xF0, 0x0E, 0x0F, 0xF0, 0x1F, 0xFF, 0xFC,
    0xEF, 0xFF, 0xFE, 0x77, 0xFF, 0xFF, 0x3B, 0x80, 0x70, 0x1D, 0xFF, 0xFB, 0x8F, 0xFF, 0xFD, 0xC7,
    0xFE, 0xCF, 0xE3, 0xFF, 0xFF, 0xF0, 0x1F, 0xFF, 0xF1, 0xFF, 0xC7, 0xF8, 0xFF, 0xE3, 0xFC, 0x3F,
    0xFF, 0xBC, 0x0D, 0xFF, 0xDE, 0x0E, 0xFD, 0x8F, 0x67, 0xFF, 0xFF, 0xBB, 0xFF, 0xFF, 0xFD, 0xFB,
    0x8F, 0xFD, 0xDD, 0xC7, 0x3E, 0x66, 0x01, 0x8E, 0x00, 0x02, 0x00, 0x00, 0x03, 0xC0, 0x00, 0x03,
    0xE7, 0xFF, 0xC3, 0xE3, 0xFF, 0xE3, 0xE1, 0xFF, 0xF3, 0xE0, 0x00, 0x01, 0xE6, 0x00, 0x00, 0xE7,
    0x80, 0x00, 0x27, 0xC0, 0x00, 0x07, 0xDF, 0xFF, 0x87, 0xCF, 0xFF, 0xC7, 0xE7, 0xFF, 0xE7, 0xF0,
    0x07, 0x87, 0xF8, 0x03, 0xC3, 0xFC, 0x01, 0xE0, 0xFE, 0x00, 0xF0, 0x2F, 0x00, 0x78, 0x07, 0x80,
    0x3C, 0x03, 0xC0, 0x1E, 0x01, 0xE0, 0x0F, 0x00, 0xF0, 0x07, 0x80, 0x78, 0x03, 0xC0, 0x3C, 0x1F,
    0xE0, 0x1E, 0x07, 0xF0, 0x0F, 0x03, 0xF0, 0x00, 0x00, 0x00, 0x00, 0x03, 0x83, 0xC0, 0x01, 0xC1,
    0xFC, 0x0F, 0xFE, 0xFF, 0x07, 0xFF, 0x7B, 0xC3, 0xFF, 0xBC, 0xF0, 0x1C, 0x1E, 0x70, 0x0E, 0x0F,
    0x00, 0xFF, 0xFF, 0xFE, 0x7F, 0xFF, 0xFF, 0x3F, 0xFF, 0xFF, 0x80, 0xF0, 0xF2, 0x00, 0x78, 0x39,
    0xC7, 0xFF, 0xDD, 0xE3, 0xFF, 0xEE, 0xF1, 0xFF, 0xF7, 0xF0, 0x1F, 0x33, 0xF8, 0x3F, 0xFD, 0xF8,
    0x3F, 0xFC, 0xFC, 0x1F, 0xBE, 0x3C, 0x87, 0xCF, 0xBE, 0xF0, 0xFD, 0xFF, 0x78, 0xFE, 0x7F, 0xF8,
    0x7F, 0x3F, 0xFC, 0x1C, 0x1E, 0x7E, 0x00, 0x06, 0x1E, 0x00, 0x08, 0x00, 0x00, 0x1E, 0x01, 0xFF,
    0x07, 0x9C, 0xFF, 0x83, 0xCE, 0x7F, 0xC7, 0xF7, 0xB8, 0xE3, 0xFD, 0xFF, 0xF1, 0xFC, 0xEF, 0xF8,
    0x0E, 0x27, 0xFC, 0x0F, 0xFB, 0x8E, 0x07, 0x7D, 0xFF, 0x07, 0xFE, 0xFF, 0x83, 0xF7, 0x7F, 0xC3,
    0xFB, 0xBB, 0x63, 0xF9, 0xDF, 0xF9, 0xFC, 0xEE, 0xFD, 0xFF, 0x77, 0x7C, 0x7F, 0xBB, 0xFE, 0x2E,
    0x9F, 0xFF, 0x07, 0x0F, 0xFF, 0xC3, 0x87, 0xF0, 0xE1, 0xC7, 0xE0, 0x40, 0xE7, 0xFC, 0x1C, 0x77,
    0xBF, 0xFE, 0x39, 0xCF, 0xFE, 0x1C, 0x41, 0xFF, 0x00, 0xFF, 0xFF, 0xFF, 0xFF, 0xFF, 0xFF, 0xFF,
    0xFF, 0xF8, 0x0E, 0x78, 0x07, 0xFF, 0xFF, 0xCF, 0xFF, 0xFF, 0x9F, 0xFF, 0xFF, 0x3C, 0xE7, 0x9E,
    0x79, 0xCF, 0x3C, 0xFF, 0xFF, 0xF9, 0xFF, 0xFF, 0xF3, 0xFF, 0xFF, 0xE0, 0x1E, 0x00, 0x1F, 0xFF,
    0xFF, 0xFF, 0xFF, 0xFF, 0xFF, 0xFF, 0xFF, 0x07, 0x83, 0xC0, 0x1F, 0xCF, 0x80, 0x7F, 0xFE, 0x00,
    0x3F, 0xFE, 0x03, 0xFF, 0xFF, 0x9F, 0xFF, 0xFF, 0x9F, 0xF0, 0x3E, 0x3E, 0x00, 0x08, 0x01, 0xC7,
    0x00, 0x07, 0x9E, 0x01, 0xEF, 0x3F, 0xFB, 0xDE, 0x7F, 0xF7, 0xBD, 0xFF, 0xEF, 0x7B, 0xCC, 0x1E,
    0xF7, 0xF8, 0x3D, 0xFE, 0x78, 0x7B, 0xFC, 0xF0, 0xE7, 0x90, 0xF0, 0x06, 0x01, 0x80, 0xFF, 0xFF,
    0x81, 0xFF, 0xFF, 0x03, 0xFF, 0xFE, 0x07, 0x8E, 0x3C, 0x0F, 0x3C, 0x78, 0x1E, 0x78, 0xF0, 0x3C,
    0xFD, 0xE0, 0x79, 0xFB, 0xC0, 0xE7, 0xF0, 0x40, 0x3F, 0xE0, 0xE7, 0xFD, 0xC3, 0xFF, 0xF3, 0xFF,
    0xBF, 0x87, 0xFE, 0x38, 0x07, 0xF8, 0x0E, 0x00, 0x00, 0x0F, 0x07, 0xFF, 0x87, 0xF3, 0xFF, 0xC3,
    0xFD, 0xFF, 0xE3, 0xFE, 0x1C, 0xF1, 0xEF, 0x0E, 0x79, 0xE7, 0x0F, 0x3C, 0xFF, 0xEF, 0x7E, 0xFF,
    0xFF, 0xBE, 0x3F, 0xFF, 0x9F, 0x0E, 0xFD, 0xDE, 0x07, 0xFE, 0xFF, 0x03, 0xFF, 0x7F, 0xF1, 0xFF,
    0xBF, 0xF8, 0xEF, 0xFF, 0xFC, 0x77, 0xFC, 0xF0, 0x3F, 0xFE, 0x78, 0x1F, 0xFF, 0xFF, 0x8F, 0xFF,
    0xFF, 0xE7, 0x7F, 0xFF, 0xF7, 0xBF, 0x07, 0x83, 0x9F, 0x83, 0xC1, 0xCF, 0xC1, 0xE1, 0xE1, 0xE0,
    0xF0, 0x20, 0x60, 0x78, 0x00, 0x00, 0x70, 0x00, 0x00, 0xF0, 0x00, 0x01, 0xF0, 0x00, 0x01, 0xE0,
    0x0F, 0xFF, 0xFF, 0xFF, 0xFF, 0xFF, 0xFF, 0xFF, 0xFF, 0x80, 0x00, 0x00, 0x1F, 0xFF, 0xF0, 0x3F,
    0xFF, 0xE0, 0x7F, 0xFF, 0xC0, 0x00, 0x00, 0x01, 0xFF, 0xFF, 0x03, 0xFF, 0xFE, 0x07, 0xFF, 0xFC,
    0x00, 0x00, 0x00, 0x1F, 0xFF, 0xF0, 0x3F, 0xFF, 0xE0, 0x7F, 0xFF, 0xC0, 0xF0, 0x07, 0x81, 0xE0,
    0x0F, 0x03, 0xFF, 0xFE, 0x07, 0xFF, 0xFC, 0x0F, 0xFF, 0xF8, 0x1E, 0x00, 0xF0, 0x08, 0x01, 0xE0,
    0x0E, 0x00, 0xF0, 0x07, 0x80, 0x78, 0x03, 0xE0, 0x3C, 0x00, 0xF8, 0x1E, 0x00, 0x3C, 0x0F, 0x00,
    0x0C, 0x07, 0x80, 0x00, 0x03, 0xC0, 0x7F, 0x01, 0xE0, 0x3F, 0xBF, 0xFF, 0xDF, 0xDF, 0xFF, 0xE1,
    0xEF, 0xFF, 0xF0, 0xF0, 0x1E, 0x00, 0x78, 0x0F, 0x00, 0x3C, 0x07, 0x80, 0x1E, 0x03, 0xC0, 0x0F,
    0x61, 0xE0, 0x07, 0xF0, 0xF0, 0x03, 0xF8, 0x78, 0x01, 0xFC, 0x3C, 0x00, 0xFC, 0x1E, 0x00, 0xFC,
    0x0F, 0x00, 0x7C, 0x07, 0x80, 0x18, 0x03, 0xC0, 0x08, 0x01, 0xE0, 0x00, 0x10, 0x00, 0x00, 0x38,
    0x00, 0x00, 0x7C, 0x7F, 0xFF, 0x3E, 0x7F, 0xFF, 0x1F, 0x7F, 0xFF, 0x0E, 0x00, 0xE0, 0x04, 0x00,
    0xE0, 0x00, 0x00, 0xE0, 0xFE, 0x00, 0xE0, 0xFE, 0x00, 0xE0, 0xFE, 0x00, 0xE0, 0x1E, 0x00, 0xE0,
    0x1E, 0x00, 0xE0, 0x1E, 0x00, 0xE0, 0x1E, 0x00, 0xE0, 0x1E, 0x00, 0xE0, 0x1E, 0xE0, 0xE0, 0x1F,
    0xE0, 0xE0, 0x1F, 0xE0, 0xE0, 0x1F, 0xC0, 0xE0, 0x1F, 0x81, 0xE0, 0x3F, 0x1F, 0xE0, 0x1C, 0x0F,
    0xE0, 0x18, 0x0F, 0xC0, 0x00, 0x0F, 0x00, 0x00, 0x01, 0xC0, 0x0E, 0x00, 0xE0, 0x07, 0xC0, 0x70,
    0x03, 0xF0, 0x38, 0x00, 0xF8, 0x1C, 0x00, 0x38, 0x0E, 0x00, 0x08, 0x07, 0x00, 0x00, 0x07, 0x80,
    0x7F, 0x03, 0xC0, 0x3F, 0x81, 0xE0, 0x1F, 0xC0, 0xF8, 0x01, 0xE0, 0x7C, 0x00, 0xF0, 0x3E, 0x00,
    0x78, 0x1F, 0x00, 0x3C, 0x1F, 0xC0, 0x1E, 0x0F, 0xE0, 0x0F, 0x47, 0xF0, 0x07, 0xF7, 0xBC, 0x03,
    0xFB, 0xDE, 0x01, 0xFF, 0xE7, 0x80, 0xFF, 0xE3, 0xE0, 0xFB, 0xE0, 0xF8, 0x79, 0xF0, 0x3E, 0x18,
    0x70, 0x0E, 0x00, 0x10, 0x02, 0x00, 0x00, 0x00, 0x00, 0x0E, 0x00, 0x00, 0x0F, 0x8F, 0xFF, 0x83,
    0xE7, 0xFF, 0xC0, 0xFB, 0xFF, 0xE0, 0x3C, 0x00, 0xF0, 0x0C, 0x00, 0x78, 0x00, 0x00, 0x3C, 0x7F,
    0x00, 0x1E, 0x3F, 0x80, 0x0F, 0x1F, 0xCF, 0xFF, 0x81, 0xE7, 0xFF, 0xC0, 0xF3, 0xFF, 0xE0, 0x79,
    0xE0, 0xF0, 0x3C, 0xF0, 0x38, 0x1E, 0x78, 0x00, 0x0F, 0x3C, 0x00, 0x07, 0xFE, 0x03, 0x03, 0xFF,
    0x01, 0xE1, 0xFF, 0x80, 0xF0, 0xFD, 0xC0, 0xF0, 0xFC, 0xFF, 0xF8, 0x78, 0x7F, 0xFC, 0x18, 0x1F,
    0xFC, 0x00, 0x00, 0x00, 0x00, 0x00, 0x00, 0x00, 0x0E, 0x0F, 0xFC, 0x0F, 0x87, 0xFE, 0x03, 0xE3,
    0xFF, 0x00, 0xF9, 0xE7, 0x80, 0x38, 0xF3, 0xC0, 0x08, 0x79, 0xE0, 0x00, 0x78, 0x70, 0x7E, 0xFC,
    0x3F, 0x7F, 0x7C, 0x1F, 0xBF, 0x9C, 0x07, 0xC3, 0xC0, 0x00, 0x01, 0xE7, 0xFF, 0xE0, 0xF3, 0xFF,
    0xF0, 0x79, 0xFF, 0xF8, 0x3C, 0x78, 0x78, 0x1E, 0x9E, 0x3C, 0x0F, 0xEF, 0xBC, 0x07, 0xF3, 0xFC,
    0x03, 0xF8, 0xFC, 0x01, 0xF8, 0xFF, 0x01, 0xFB, 0xFF, 0xF8, 0x7B, 0xFF, 0xFC, 0x31, 0xF8, 0x7E,
    0x00, 0x60, 0x06, 0x00, 0x00, 0x00, 0x00, 0x0C, 0x00, 0x00, 0x0F, 0x1F, 0xFF, 0xC7, 0xCF, 0xFF,
    0xE1, 0xF7, 0xFF, 0xF0, 0x78, 0x07, 0x80, 0x18, 0x03, 0xC0, 0x00, 0x01, 0xE0, 0x7E, 0x00, 0xF0,
    0x3F, 0x1E, 0x78, 0x1F, 0x8F, 0x3C, 0x01, 0xC7, 0x9F, 0xE0, 0xE3, 0xCF, 0xF0, 0x71, 0xE7, 0xF8,
    0x38, 0xF3, 0xC0, 0x1C, 0x79, 0xE0, 0x0E, 0xBC, 0xF0, 0x07, 0xFE, 0x78, 0x03, 0xFF, 0x3C, 0x03,
    0xFF, 0x9E, 0x01, 0xFB, 0xCF, 0x00, 0xFB, 0xFF, 0xFC, 0xF9, 0xFF, 0xFE, 0x30, 0xFF, 0xFF, 0x00,
    0x00, 0x00, 0x00, 0x10, 0x01, 0xE0, 0x38, 0x01, 0xFC, 0x7C, 0x01, 0xFE, 0x3E, 0x01, 0xFE, 0x1E,
    0x01, 0xEE, 0x0F, 0xFF, 0xFE, 0x05, 0xFF, 0xFF, 0x01, 0xFF, 0xFF, 0xFC, 0x01, 0xE0, 0xFC, 0x01,
    0xE0, 0xFC, 0x01, 0xE0, 0x1C, 0xFF, 0xE0, 0x1C, 0xFF, 0xE0, 0x1C, 0xFF, 0xE0, 0x1C, 0x3C, 0xE0,
    0x1C, 0x3C, 0xF0, 0x1C, 0x3C, 0xF4, 0x1D, 0xBC, 0xF6, 0x1F, 0xBF, 0xF7, 0x1F, 0xBF, 0x7F, 0x3F,
    0xFF, 0xFE, 0x3E, 0xFE, 0x7E, 0x3C, 0xF0, 0x3E, 0x18, 0x00, 0x3C, 0x00, 0x00, 0x00, 0x00, 0x04,
    0x0C, 0x0E, 0x0F, 0x0F, 0x0F, 0x87, 0x87, 0x87, 0xE1, 0xE3, 0x80, 0xF0, 0xF3, 0xC0, 0x39, 0xFF,
    0xF8, 0x18, 0xFF, 0xFC, 0x00, 0x7F, 0xFE, 0x00, 0x01, 0xE0, 0x7F, 0x00, 0xF0, 0x3F, 0x8F, 0xFF,
    0x9F, 0xC7, 0xFF, 0xC0, 0xE3, 0xFF, 0xE0, 0x70, 0x0F, 0x00, 0x38, 0x07, 0x80, 0x1C, 0x03, 0xC0,
    0x0E, 0x7F, 0xFF, 0x07, 0x7F, 0xFF, 0x83, 0xFF, 0xFF, 0xC1, 0xF8, 0x3C, 0x00, 0xF8, 0x1E, 0x00,
    0xF8, 0x0F, 0x00, 0x78, 0x07, 0x80, 0x38, 0x03, 0xC0, 0x08, 0x01, 0xE0, 0x00, 0x10, 0x00, 0x00,
    0x1C, 0x7F, 0xFF, 0x8F, 0xBF, 0xFF, 0xC7, 0xDF, 0xFF, 0xE1, 0xF0, 0x78, 0x00, 0x78, 0x38, 0x00,
    0x19, 0xFF, 0xF0, 0x00, 0xFF, 0xF8, 0x7E, 0x7F, 0xFC, 0x7F, 0x07, 0x9E, 0x3F, 0x83, 0x8F, 0x03,
    0xDF, 0xFF, 0xF1, 0xEF, 0xFF, 0xF8, 0xF7, 0xFF, 0xFC, 0x78, 0x00, 0x00, 0x3C, 0xFF, 0xFC, 0x1E,
    0x7F, 0xFE, 0x0F, 0x7F, 0xFF, 0x07, 0xFE, 0x07, 0x83, 0xFF, 0x03, 0xC1, 0xFF, 0x81, 0xE1, 0xFB,
    0xFF, 0xF0, 0x79, 0xFF, 0xF8, 0x30, 0xFF, 0xFC, 0x00, 0x78, 0x1E, 0x00, 0x00, 0x00, 0x00, 0x0E,
    0x1F, 0xFF, 0x0F, 0x8F, 0xFF, 0x83, 0xE7, 0xFF, 0xC0, 0xF3, 0x81, 0xE0, 0x39, 0xC0, 0xF0, 0x18,
    0xFF, 0xF8, 0x00, 0x7F, 0xFC, 0xFE, 0x3F, 0xFE, 0x7F, 0x00, 0x00, 0x3F, 0x80, 0x00, 0x01, 0xCF,
    0xFF, 0xE0, 0xE7, 0xFF, 0xF0, 0x73, 0xFF, 0xF8, 0x38, 0x0F, 0x00, 0x1C, 0xFF, 0xFF, 0x0E, 0x7F,
    0xFF, 0x87, 0x7F, 0xFF, 0xC3, 0xE1, 0xF8, 0x03, 0xF8, 0xFE, 0x01, 0xFD, 0xFF, 0xC0, 0xFB, 0xFB,
    0xF8, 0x7B, 0xF8, 0xFE, 0x18, 0xF0, 0x3E, 0x00, 0x30, 0x06, 0x00, 0x00, 0x01, 0xC0, 0x0C, 0x01,
    0xE0, 0x0F, 0x9F, 0xFF, 0xC3, 0xEF, 0xFF, 0xE0, 0xF0, 0x3C, 0x00, 0x31, 0xFF, 0xF0, 0x00, 0xFF,
    0xF8, 0x00, 0x07, 0x80, 0xFE, 0x7F, 0xFF, 0x7F, 0x7F, 0xFF, 0xFF, 0xBF, 0xFF, 0xE1, 0xC3, 0xFF,
    0x80, 0xE3, 0xFF, 0xE0, 0x71, 0xFF, 0xF0, 0x38, 0xE0, 0x78, 0x1C, 0x7F, 0xFC, 0x0E, 0xBF, 0xFE,
    0x07, 0xFC, 0x0F, 0x03, 0xFE, 0x07, 0x83, 0xFF, 0xFF, 0xC1, 0xFB, 0xFF, 0xE0, 0xF9, 0xC0, 0xF0,
    0x78, 0xE3, 0xF8, 0x38, 0x70, 0xF8, 0x08, 0x38, 0x78, 0x00, 0x00, 0x03, 0xC0, 0x0C, 0x01, 0xE0,
    0x0F, 0x0F, 0xFF, 0x87, 0xEF, 0xFF, 0xC1, 0xF7, 0xFF, 0xE0, 0x78, 0x1E, 0x00, 0x19, 0xFF, 0xFC,
    0x00, 0xFF, 0xFE, 0xFE, 0x7F, 0xFF, 0x7F, 0x0C, 0xE7, 0x3F, 0x87, 0xFB, 0x83, 0xC7, 0xFD, 0xC1,
    0xE7, 0x7E, 0x40, 0xF3, 0xFF, 0x00, 0x78, 0xF7, 0x00, 0x3D, 0xFF, 0xFE, 0x1E, 0xFF, 0xFF, 0x0F,
    0xFF, 0xFF, 0x87, 0xE1, 0xEC, 0x03, 0xF1, 0xFF, 0x01, 0xF9, 0xF7, 0xC0, 0xFB, 0xF1, 0xF8, 0xFB,
    0xF0, 0x3E, 0x31, 0xF0, 0x0E, 0x08, 0x60, 0x02, 0x00, 0x00, 0x01, 0x80, 0x1F, 0xF8, 0xE0, 0x0F,
    0xFC, 0xF0, 0x07, 0xFE, 0x78, 0x03, 0x87, 0x3C, 0x01, 0xFB, 0x9F, 0xF8, 0xFD, 0xDF, 0xFC, 0x7E,
    0xEF, 0xFE, 0x3F, 0x7F, 0x1E, 0x1F, 0xBF, 0x8F, 0x0F, 0xDF, 0xC7, 0x07, 0xEF, 0xF3, 0x83, 0xF7,
    0xF9, 0xC1, 0xFB, 0x9D, 0xE0, 0xFD, 0xCF, 0xE0, 0x7E, 0xE3, 0xF0, 0x3F, 0x71, 0xF8, 0x1F, 0xB8,
    0x78, 0x03, 0xF0, 0x3C, 0x01, 0xFC, 0x3F, 0x01, 0xEE, 0x3F, 0xC1, 0xE7, 0xBF, 0xF9, 0xF1, 0xFE,
    0x7C, 0xF0, 0xCE, 0x1E, 0x20, 0x06, 0x02, 0x00, 0x3F, 0xCF, 0x08, 0x3F, 0xF7, 0x87, 0x1F, 0xFB,
    0xC7, 0x8E, 0x1D, 0xE7, 0xC7, 0x6E, 0xF7, 0xC3, 0xBF, 0x7F, 0xC1, 0xDF, 0xBF, 0xC0, 0xEF, 0xDF,
    0xE0, 0x77, 0xEF, 0x40, 0x3B, 0xFF, 0xFF, 0x9D, 0xFF, 0xFF, 0xCE, 0xFF, 0xFF, 0xE7, 0xEE, 0xFF,
    0x03, 0xF7, 0x7B, 0x81, 0xFB, 0xBD, 0xE0, 0xFD, 0xDE, 0xF0, 0x7E, 0xEF, 0x3C, 0x07, 0xC7, 0x9E,
    0x07, 0xE3, 0xFF, 0x83, 0xF9, 0xFF, 0xE3, 0x9E, 0xFE, 0xFB, 0xC7, 0xFE, 0x79, 0xC3, 0x7C, 0x18,
    0x40, 0x18, 0x00, 0x07, 0x00, 0x00, 0x03, 0x87, 0xFF, 0x81, 0xC3, 0xFF, 0xCF, 0xFF, 0xFF, 0xE7,
    0xFF, 0x3C, 0xF3, 0xFF, 0x9E, 0x78, 0x1C, 0x0F, 0x3C, 0x0E, 0x0F, 0xFC, 0x7F, 0xFF, 0xFE, 0x3F,
    0xFF, 0x9E, 0x1F, 0xFF, 0x80, 0x00, 0xF0, 0xFF, 0xC3, 0xF8, 0x7F, 0xE3, 0xFF, 0xBF, 0xF1, 0xFF,
    0xDC, 0x38, 0xFF, 0xEE, 0x1C, 0x7F, 0x87, 0x0E, 0x3F, 0xC3, 0xFF, 0x1F, 0xE1, 0xFF, 0x8F, 0xF0,
    0xFF, 0xC7, 0xFC, 0x00, 0x03, 0xFF, 0xFF, 0xFF, 0xDF, 0xFF, 0xFD, 0xE3, 0xFF, 0xFE, 0x20, 0x00,
    0x00, 0x00, 0x7F, 0xFF, 0xFF, 0x3F, 0xFF, 0xFF, 0x9F, 0xFF, 0xFF, 0xCF, 0x1F, 0xC0, 0x07, 0x8F,
    0xE0, 0x03, 0xC7, 0xF0, 0x01, 0xFF, 0xFF, 0xF8, 0xFF, 0xFF, 0xFC, 0x7F, 0xFF, 0xFE, 0x03, 0x8F,
    0x0F, 0x01, 0xC7, 0x87, 0x8F, 0xE3, 0xC3, 0xC7, 0xFF, 0xE1, 0xE3, 0xFF, 0xFF, 0xF1, 0xFF, 0xFF,
    0xF8, 0xFE, 0x3F, 0xFC, 0x7F, 0x1E, 0x00, 0x3F, 0xFF, 0x00, 0x1F, 0xFF, 0x80, 0x0F, 0xFF, 0xC0,
    0x0F, 0xFF, 0xFF, 0xFF, 0xF8, 0xFF, 0xFD, 0xC0, 0x7F, 0xFE, 0x00, 0x00, 0x00, 0x00, 0x07, 0x70,
    0x1F, 0xE3, 0xB8, 0x0F, 0xF1, 0xDC, 0x07, 0xF8, 0xEE, 0x83, 0x9F, 0x77, 0x71, 0xCF, 0xFB, 0xF8,
    0xE7, 0xFD, 0xFC, 0x7F, 0xFE, 0xFC, 0x3F, 0xFF, 0x7E, 0x1F, 0xEF, 0xBE, 0x01, 0xC5, 0xDC, 0x06,
    0xE0, 0xEF, 0x03, 0x7C, 0x77, 0xC1, 0xBE, 0xFB, 0xF0, 0xDF, 0xFD, 0xFC, 0x6E, 0xFE, 0xFF, 0x37,
    0x7F, 0x77, 0x1B, 0x97, 0x39, 0x0D, 0xF3, 0x9C, 0x87, 0xFF, 0xCE, 0x7F, 0xFF, 0xC7, 0x3B, 0xFB,
    0xE3, 0xFD, 0xC1, 0xE1, 0xFC, 0x00, 0x70, 0xFE, 0x00, 0x10, 0x00, 0x00, 0x0E, 0x00, 0xE0, 0x07,
    0x80, 0x70, 0x03, 0x80, 0x78, 0x0F, 0xFF, 0xFF, 0xE7, 0xFF, 0xFF, 0xF3, 0xFF, 0xFF, 0xF8, 0x70,
    0x0F, 0x00, 0x3F, 0x07, 0x80, 0x3F, 0xBF, 0xFF, 0x9F, 0xDF, 0xFF, 0xDF, 0xEF, 0xFF, 0xCF, 0xFC,
    0xF0, 0x07, 0xFE, 0x78, 0x03, 0xFF, 0x3F, 0xF8, 0x9E, 0x3F, 0xFC, 0x0F, 0x1F, 0xFC, 0x07, 0xF0,
    0x3C, 0x3F, 0xF9, 0x3E, 0x3F, 0xFD, 0xFE, 0x0F, 0xF9, 0xFE, 0x07, 0x78, 0x3F, 0x00, 0x3C, 0x0F,
    0xC0, 0x1E, 0x01, 0xF0, 0x0F, 0x00, 0x78, 0x07, 0x80, 0x18, 0x00, 0x07, 0x87, 0x90, 0x07, 0x87,
    0xF8, 0x7F, 0xFF, 0xFC, 0x7F, 0xFF, 0xBE, 0x7F, 0xFF, 0x9C, 0x07, 0x83, 0x88, 0xFF, 0xFF, 0xFE,
    0xFF, 0xFF, 0xFE, 0xFF, 0xFF, 0xFE, 0x0F, 0x03, 0x90, 0xFF, 0xFB, 0x9C, 0xFF, 0xFF, 0x9C, 0xFF,
    0xFF, 0xFC, 0x3F, 0xC3, 0xF8, 0x7B, 0xC3, 0xF8, 0xFF, 0xFB, 0xF8, 0x7F, 0xF9, 0xF0, 0x7F, 0xF9,
    0xF0, 0x03, 0xC1, 0xE6, 0xFF, 0xFF, 0xEF, 0xFF, 0xFF, 0xFE, 0xFF, 0xFF, 0xFE, 0x03, 0xDF, 0x7E,
    0x03, 0xCE, 0x3C, 0x00, 0x04, 0x00, 0x0E, 0x00, 0x00, 0x07, 0x8F, 0xFF, 0x03, 0x87, 0xFF, 0x8F,
    0xFF, 0xC3, 0xC7, 0xFF, 0xE1, 0xE3, 0xFF, 0xFF, 0xF0, 0x70, 0x7F, 0xF8, 0x7F, 0x00, 0x00, 0x3F,
    0xBF, 0xFF, 0x1F, 0xDF, 0xFF, 0x8F, 0xEF, 0xFF, 0xCF, 0xFB, 0xC3, 0xC7, 0xFD, 0xFF, 0xE3, 0xFE,
    0xFF, 0xF0, 0x9E, 0x78, 0x78, 0x0F, 0x3C, 0x3C, 0x07, 0xFF, 0xFE, 0x3F, 0xFF, 0xFF, 0x3F, 0xFF,
    0x87, 0x8F, 0xF3, 0xCF, 0xF7, 0x7B, 0xFF, 0xF0, 0x3D, 0xFF, 0xF8, 0x1E, 0xFF, 0xF8, 0x0F, 0x00,
    0x3C, 0x07, 0x80, 0x1E, 0x00, 0x1C, 0x00, 0xC0, 0x0F, 0x00, 0xF0, 0x07, 0x00, 0xF8, 0x0F, 0xF8,
    0xFF, 0x0F, 0xFD, 0xFF, 0xC7, 0xFF, 0xF9, 0xF8, 0xF3, 0xFF, 0xFE, 0x7E, 0xFF, 0xFE, 0x3F, 0x3F,
    0xFE, 0x1F, 0x80, 0x00, 0x1D, 0xCF, 0xF1, 0xCF, 0xF7, 0xFF, 0xE7, 0xFF, 0xFF, 0xF3, 0xFF, 0xDF,
    0xF9, 0x1C, 0xFF, 0xFC, 0x0E, 0x7F, 0xFE, 0x07, 0xFB, 0xFF, 0x3F, 0xFF, 0xFF, 0x9F, 0xFF, 0xFF,
    0xCF, 0xE7, 0x7F, 0xE6, 0x73, 0xBF, 0x70, 0x39, 0xDE, 0x38, 0x1C, 0xFE, 0xFC, 0x0E, 0x7F, 0x7C,
    0x07, 0x3B, 0x1C, 0x00, 0x18, 0x07, 0x80, 0x1C, 0x03, 0xC0, 0x0F, 0x01, 0xE0, 0x07, 0xC0, 0xF0,
    0x01, 0xF0, 0x78, 0x00, 0x7F, 0xFF, 0xF8, 0x1B, 0xFF, 0xFC, 0x01, 0xFF, 0xFE, 0x00, 0x07, 0x0F,
    0x7F, 0x07, 0x87, 0xBF, 0x83, 0xC3, 0xDF, 0xC1, 0xE1, 0xE1, 0xE1, 0xE0, 0xE0, 0xF0, 0xF0, 0x70,
    0x78, 0xF8, 0x78, 0x3C, 0x78, 0x3C, 0x1E, 0x7C, 0x1E, 0x0F, 0x7C, 0xFF, 0x07, 0xBC, 0x7F, 0x07,
    0xEC, 0x1F, 0x87, 0xFF, 0x00, 0xFF, 0xFF, 0xFF, 0xFD, 0xC7, 0xFF, 0xFC, 0xE0, 0xFF, 0xFE, 0x20,
    0x00, 0x00, 0x00, 0x00, 0x00, 0x0C, 0x1C, 0x07, 0xFF, 0x1F, 0x0F, 0xFF, 0xC7, 0xC7, 0xFF, 0xC1,
    0xE3, 0xF8, 0x00, 0x79, 0xC0, 0x00, 0x38, 0xE0, 0x00, 0x08, 0x70, 0x00, 0x00, 0x3F, 0xFF, 0x00,
    0x1F, 0xFF, 0x9F, 0x8F, 0xFF, 0xCF, 0xCF, 0x1E, 0x07, 0xE7, 0x8F, 0x00, 0x73, 0xC7, 0x80, 0x39,
    0xE3, 0xC0, 0x1C, 0xF1, 0xE0, 0x0E, 0xF0, 0xF0, 0x07, 0x78, 0x78, 0x03, 0xBC, 0x3C, 0x07, 0xEC,
    0x1E, 0x07, 0xFE, 0x00, 0x37, 0xFF, 0xFF, 0xF9, 0xC7, 0xFF, 0xFC, 0xE0, 0xFF, 0xFE, 0x20, 0x00,
    0x00, 0x00, 0x00, 0x00, 0x0C, 0x1C, 0x0F, 0xFF, 0x1F, 0x1F, 0xFF, 0xC7, 0xCF, 0xFF, 0xC1, 0xE7,
    0xF8, 0x00, 0xF3, 0xC0, 0x00, 0x31, 0xFF, 0xF8, 0x00, 0xFF, 0xFC, 0x00, 0x7F, 0xFE, 0x00, 0x3C,
    0x0F, 0x1F, 0x9F, 0xCF, 0x0F, 0xCF, 0xF7, 0x87, 0xE7, 0xFF, 0x80, 0xF7, 0xBF, 0xC0, 0x7B, 0xCF,
    0xC0, 0x3D, 0xE3, 0xF0, 0x1F, 0xE7, 0xFC, 0x0F, 0xFF, 0xFF, 0x07, 0xFF, 0xE7, 0x87, 0xE9, 0xC1,
    0x87, 0xFE, 0x00, 0x77, 0xFF, 0xFF, 0xF9, 0xC7, 0xFF, 0xFC, 0xE0, 0xFF, 0xFE, 0x20, 0x00, 0x00,
    0x00, 0x00, 0x00, 0x00, 0x1C, 0x0F, 0x3C, 0x1F, 0x07, 0x9E, 0x07, 0xC3, 0xCF, 0x01, 0xF1, 0xE7,
    0x80, 0x7F, 0xFF, 0xF8, 0x3B, 0xFF, 0xFC, 0x01, 0xFF, 0xFE, 0x00, 0x1E, 0x78, 0x00, 0x0F, 0x3C,
    0x1F, 0x87, 0x9E, 0x0F, 0xDF, 0xFF, 0xE7, 0xEF, 0xFF, 0xF0, 0x77, 0xFF, 0xF8, 0x38, 0x71, 0xE0,
    0x1C, 0x78, 0xF0, 0x0E, 0x3C, 0x78, 0x07, 0x3C, 0x3C, 0x03, 0xBE, 0x1E, 0x07, 0xEE, 0x0F, 0x07,
    0xFE, 0x00, 0x37, 0xFF, 0xFF, 0xF9, 0xC7, 0xFF, 0xFC, 0xE0, 0xFF, 0xFE, 0x20, 0x00, 0x00, 0x00,
    0x10, 0x00, 0x00, 0x1C, 0x3F, 0xFE, 0x1F, 0x9F, 0xFF, 0x07, 0xEF, 0xFF, 0x81, 0xF0, 0x00, 0x00,
    0x30, 0x00, 0x00, 0x03, 0xFF, 0xFC, 0x01, 0xFF, 0xFE, 0x7E, 0xFF, 0xFF, 0x3F, 0x0F, 0x78, 0x1F,
    0x87, 0xBC, 0x01, 0xC3, 0xDE, 0x00, 0xE1, 0xCF, 0x00, 0x71, 0xE7, 0xB0, 0x38, 0xF3, 0xDC, 0x1C,
    0xF1, 0xEE, 0x0F, 0xF8, 0xFF, 0x07, 0xF8, 0x7F, 0x87, 0xF8, 0x1F, 0x87, 0xF8, 0x00, 0x27, 0xFF,
    0xFF, 0xFB, 0xCF, 0xFF, 0xF9, 0xC1, 0xFF, 0xFC, 0x40, 0x00, 0x00, 0x10, 0x0E, 0x00, 0x1C, 0x07,
    0x80, 0x0F, 0x03, 0xC0, 0x07, 0xDF, 0xFF, 0xE1, 0xEF, 0xFF, 0xF0, 0x7F, 0xFF, 0xF8, 0x30, 0xF7,
    0x80, 0x00, 0x73, 0xC0, 0x00, 0x79, 0xE0, 0x3F, 0x7F, 0xFF, 0x1F, 0xBF, 0xFF, 0x8F, 0xCF, 0xFF,
    0xC1, 0xE0, 0x1E, 0x00, 0xF0, 0x0F, 0x00, 0x7B, 0xFF, 0xFC, 0x3D, 0xFF, 0xFE, 0x1E, 0xFF, 0xFF,
    0x0F, 0x00, 0xF0, 0x07, 0x80, 0x78, 0x07, 0xE0, 0x3C, 0x07, 0xFF, 0x1E, 0xFF, 0xFF, 0xFF, 0xFD,
    0xC7, 0xFF, 0xFC, 0xE0, 0xFF, 0xFE, 0x20, 0x00, 0x00, 0x00, 0x00, 0x00, 0x00, 0x1C, 0x3F, 0xFE,
    0x1F, 0x1F, 0xFF, 0x07, 0xCF, 0xFF, 0x81, 0xE7, 0x83, 0xC0, 0x73, 0xFF, 0xE0, 0x31, 0xFF, 0xF0,
    0x00, 0xFF, 0xF8, 0x00, 0x78, 0x3C, 0x00, 0x3F, 0xFE, 0x1F, 0x9F, 0xFF, 0x0F, 0xCF, 0xFF, 0xC7,
    0xE7, 0xBD, 0xF0, 0x73, 0xDF, 0xF0, 0x39, 0xE7, 0xF0, 0x1C, 0xF3, 0xF0, 0x0E, 0x7F, 0xFC, 0x07,
    0x7F, 0xDF, 0x03, 0xBF, 0xE7, 0x83, 0xEF, 0x01, 0x83, 0xFE, 0x00, 0x07, 0xFF, 0xFF, 0xF9, 0xE7,
    0xFF, 0xFC, 0xE0, 0xFF, 0xFE, 0x20, 0x00, 0x00, 0x00, 0x00, 0x00, 0x1C, 0x18, 0x1F, 0xFE, 0x1E,
    0x1F, 0xFF, 0x8F, 0x8F, 0xFF, 0x03, 0xE7, 0xFC, 0x00, 0xF0, 0x1E, 0x00, 0x33, 0xFF, 0xFC, 0x01,
    0xFF, 0xFE, 0x00, 0xFF, 0xFF, 0x00, 0x01, 0xE0, 0x3F, 0x80, 0xF0, 0x1F, 0xC7, 0xFF, 0xCF, 0xE7,
    0xFF, 0xE0, 0xF3, 0xFF, 0xF0, 0x79, 0xE0, 0x78, 0x3C, 0xF0, 0x3C, 0x1E, 0x78, 0x1E, 0x0F, 0x3F,
    0xFF, 0x07, 0x9F, 0xFF, 0x83, 0xE7, 0xFF, 0xC3, 0xFE, 0x00, 0x17, 0xFF, 0xFF, 0xF9, 0xE7, 0xFF,
    0xFC, 0xE0, 0xFF, 0xFE, 0x20, 0x00, 0x00, 0x00, 0x00, 0x38, 0x38, 0x18, 0x3E, 0x1E, 0x1E, 0x0F,
    0x1F, 0x0F, 0x83, 0xCF, 0x03, 0xFF, 0xFF, 0xF0, 0xFF, 0xFF, 0xF8, 0x37, 0xFF, 0xFC, 0x00, 0x07,
    0x80, 0x00, 0xF3, 0xCE, 0x3F, 0x79, 0xE7, 0x1F, 0xBC, 0xF3, 0x8F, 0xDE, 0x79, 0xC1, 0xEF, 0x3C,
    0xE0, 0xF7, 0xFF, 0xF0, 0x7B, 0xFF, 0xF8, 0x3D, 0xFF, 0xFC, 0x1E, 0x07, 0x80, 0x0F, 0x07, 0xC0,
    0x07, 0x87, 0xC0, 0x03, 0xCF, 0xC0, 0x03, 0xFF, 0xC0, 0x03, 0xFF, 0xC0, 0xFD, 0xFF, 0xFF, 0xFC,
    0xE1, 0xFF, 0xFE, 0x20, 0x1F, 0xFF, 0x00, 0x00, 0x03, 0xC0, 0x18, 0x1D, 0xE0, 0x1F, 0x0E, 0xF0,
    0x0F, 0xCF, 0xFF, 0xC3, 0xE7, 0xFF, 0xE0, 0xF7, 0xFF, 0xF0, 0x37, 0xCF, 0x00, 0x01, 0xC7, 0x80,
    0x00, 0x63, 0xC0, 0x00, 0x7F, 0xFF, 0x9F, 0xBF, 0xFF, 0xCF, 0xDF, 0xFF, 0xE7, 0xE0, 0xEF, 0x00,
    0x70, 0xF7, 0x80, 0x38, 0x7B, 0xC0, 0x1C, 0x79, 0xEE, 0x0E, 0x7C, 0xF7, 0x87, 0xFC, 0x7F, 0x83,
    0xBC, 0x1F, 0xC1, 0xFC, 0x0F, 0xE3, 0xFC, 0x00, 0x03, 0xFF, 0xE0, 0xF9, 0xFF, 0xFF, 0xFC, 0xF1,
    0xFF, 0xFE, 0x30, 0x3F, 0xFF, 0x00, 0x00, 0x00, 0x00, 0x00, 0x00, 0x00, 0x18, 0x3F, 0xFF, 0x1E,
    0x1F, 0xFF, 0x8F, 0x8F, 0xFF, 0x83, 0xE1, 0xFF, 0x80, 0xF8, 0xFF, 0x80, 0x39, 0xFF, 0xF8, 0x08,
    0xFF, 0xFE, 0x00, 0x7F, 0xFF, 0x00, 0x39, 0xE7, 0xBF, 0x9C, 0xF3, 0xDF, 0xCF, 0xFF, 0xEF, 0xE7,
    0xFF, 0xF0, 0x73, 0x9E, 0x78, 0x39, 0xFF, 0xFC, 0x1C, 0xFF, 0xFE, 0x0E, 0x7F, 0xFF, 0x07, 0x39,
    0xE7, 0x83, 0x9C, 0xFF, 0x83, 0xEE, 0x7F, 0xC3, 0xFF, 0x19, 0x83, 0xFF, 0xFF, 0xFD, 0xC7, 0xFF,
    0xFC, 0xE0, 0xFF, 0xFE, 0x20, 0x00, 0x00, 0x00, 0xFF, 0xFF, 0xFE, 0xFF, 0xFF, 0xFE, 0xFF, 0xFF,
    0xFE, 0x1F, 0x80, 0x1E, 0x1F, 0x80, 0x1E, 0xFF, 0xE0, 0x1E, 0xFF, 0xE0, 0x1E, 0xFF, 0xE0, 0x1E,
    0xEF, 0xEF, 0xFE, 0xEF, 0xEF, 0xFE, 0xFF, 0xEF, 0xFE, 0xFB, 0xEF, 0x1E, 0xFB, 0xEF, 0x1E, 0xFB,
    0xEF, 0x00, 0xF0, 0xEF, 0x00, 0xE0, 0xEF, 0x00, 0xFF, 0xEF, 0x0C, 0xFF, 0xEF, 0x0F, 0xE0, 0xEF,
    0x0F, 0xFF, 0xEF, 0x0E, 0xFF, 0xEF, 0xFE, 0xFF, 0xE7, 0xFE, 0xE0, 0xE7, 0xFC, 0xE0, 0x60, 0x00,
    0x00, 0x00, 0xE0, 0x3F, 0xFF, 0xE0, 0xFF, 0xFF, 0xE1, 0xFF, 0xFF, 0x81, 0xC7, 0x80, 0x1F, 0xFF,
    0xFF, 0xFF, 0xFF, 0xFF, 0xFF, 0xFF, 0xFF, 0x3F, 0xFF, 0xF8, 0x7F, 0xFF, 0xF0, 0xF1, 0xE1, 0xE1,
    0xFF, 0xFF, 0xC3, 0xFF, 0xFF, 0x87, 0x8F, 0x0F, 0x0F, 0x1E, 0x1E, 0x1F, 0xFF, 0xFC, 0x3F, 0xFF,
    0xF8, 0x7F, 0xFF, 0xF0, 0xFF, 0xFF, 0xF1, 0xFF, 0xFF, 0xE0, 0x07, 0x80, 0x1F, 0xFF, 0xFF, 0xFF,
    0xFF, 0xFF, 0xFF, 0xFF, 0xFF, 0x1F, 0xFF, 0xF0, 0x3F, 0xFF, 0xE0, 0x7F, 0xFF, 0xC0, 0xFF, 0xFF,
    0x81, 0xE0, 0x0F, 0x03, 0xFF, 0xFE, 0x07, 0xFF, 0xFC, 0x7F, 0xFF, 0xFF, 0xFF, 0xFF, 0xFF, 0xFF,
    0xFF, 0xFC, 0x7F, 0xFF, 0xE1, 0xFF, 0xFF, 0xC3, 0xC3, 0x87, 0x87, 0xFF, 0xFF, 0x0F, 0xFF, 0xFE,
    0x1F, 0xFF, 0xFC, 0x3F, 0xFF, 0xF8, 0x00, 0x70, 0x00, 0xFF, 0xFF, 0xE1, 0xFF, 0xFF, 0xCF, 0xFF,
    0xFF, 0xFF, 0xFF, 0xFF, 0xFF, 0xFF, 0xFF, 0x80, 0x0C, 0x00, 0xE0, 0x1E, 0x00, 0xE0, 0x1E, 0x00,
    0xE0, 0x3F, 0xE0, 0xE0, 0x3F, 0xE0, 0xE0, 0x7F, 0xE0, 0xE0, 0xF8, 0x00, 0xE0, 0x70, 0x00, 0xE0,
    0x7F, 0xC0, 0xE0, 0x7F, 0xFF, 0xFF, 0x3F, 0xFF, 0xFF, 0x0F, 0x3F, 0xFF, 0x0F, 0x00, 0xE0, 0x7F,
    0xE0, 0xE0, 0x7F, 0xE0, 0xE0, 0x7F, 0xE0, 0xE0, 0x0F, 0x00, 0xE0, 0x0F, 0x00, 0xE0, 0x0F, 0x20,
    0xE0, 0x0F, 0xE0, 0xE0, 0x0F, 0xE0, 0xE0, 0x1F, 0xE0, 0xE0, 0x1F, 0x80, 0xE0, 0x0E, 0x00, 0xE0,
    0x0C, 0x00, 0xE0, 0x0C, 0x00, 0xE0, 0x1E, 0x01, 0xE0, 0x1E, 0x01, 0xE0, 0x3F, 0xE1, 0xE0, 0x3F,
    0xE1, 0xE0, 0x7F, 0xFF, 0xFF, 0xF8, 0x1F, 0xFF, 0x70, 0x1F, 0xFF, 0x7F, 0xDD, 0xE7, 0x3F, 0xDD,
    0xE7, 0x1F, 0xDD, 0xE7, 0x0F, 0x1D, 0xE7, 0x0F, 0x1D, 0xE7, 0x7F, 0xFF, 0xFF, 0x7F, 0xFF, 0xFF,
    0x7F, 0xFF, 0xFF, 0x0F, 0x1D, 0xE7, 0x0F, 0x1D, 0xE7, 0x0F, 0x61, 0xE0, 0x0F, 0xE1, 0xE0, 0x0F,
    0xE1, 0xE0, 0x1F, 0xE1, 0xE0, 0x1F, 0x81, 0xE0, 0x1E, 0x01, 0xE0, 0x08, 0x00, 0xE0, 0x18, 0x00,
    0xE0, 0x1E, 0x78, 0x70, 0x0F, 0x1C, 0x78, 0x07, 0xFE, 0xFF, 0xE7, 0xFF, 0xFF, 0xF3, 0xFF, 0xFF,
    0xFB, 0xC0, 0xCF, 0xE0, 0xC0, 0x07, 0xF0, 0x7F, 0x03, 0xF8, 0x1F, 0xFF, 0xFF, 0x8F, 0xFF, 0xFF,
    0xC3, 0x9F, 0xFF, 0xE1, 0xC3, 0xA7, 0x83, 0xFD, 0xC3, 0xC1, 0xFE, 0xFF, 0xFC, 0xFF, 0x7F, 0xFE,
    0x1C, 0x3F, 0xFF, 0x0E, 0x1C, 0x3C, 0x07, 0xEE, 0x1E, 0x03, 0xFF, 0x8F, 0x01, 0xFF, 0xF3, 0x81,
    0xFF, 0xFF, 0xFC, 0xF3, 0x9F, 0xFC, 0x31, 0x83, 0xFE, 0x00, 0x40, 0x00, 0x00, 0x0C, 0x07, 0x38,
    0x0F, 0x03, 0x9C, 0x07, 0x01, 0xCE, 0x07, 0xFB, 0xFF, 0xE3, 0xFF, 0xFF, 0xF3, 0xFF, 0xFF, 0xFB,
    0xC0, 0x1C, 0xE0, 0xE0, 0x0E, 0x70, 0x7F, 0xFF, 0xFF, 0x3F, 0xFF, 0xFF, 0xCF, 0xFF, 0xFF, 0xE1,
    0xE0, 0x00, 0x00, 0xF0, 0x00, 0x03, 0xFF, 0x7F, 0xF1, 0xFF, 0xBF, 0xF8, 0xFF, 0xDF, 0xFC, 0x0F,
    0x0E, 0x0E, 0x07, 0x87, 0xFF, 0x03, 0xD3, 0xFF, 0x81, 0xF9, 0xFF, 0xC0, 0xFC, 0xE0, 0xE0, 0xFE,
    0x7F, 0xF0, 0x7E, 0x3F, 0xF8, 0x1C, 0x1F, 0xFC, 0x08, 0x0E, 0x0E, 0x00, 0x18, 0x00, 0x70, 0x0E,
    0x7E, 0x38, 0x0F, 0x3F, 0xFF, 0x87, 0xFF, 0xFF, 0xC7, 0xFF, 0xC7, 0xE3, 0xFD, 0xFF, 0xFB, 0xC0,
    0xFF, 0xFE, 0xE0, 0x7F, 0xFF, 0x3F, 0xF0, 0x7E, 0x1F, 0xFF, 0xFF, 0x0F, 0xFF, 0xFF, 0x83, 0x8F,
    0x8E, 0x07, 0xF9, 0xDF, 0xE3, 0xFF, 0xFF, 0xF1, 0xFF, 0xFF, 0xF8, 0x39, 0xF8, 0xE0, 0x1C, 0x7F,
    0xFF, 0x0E, 0x3D, 0xFF, 0x87, 0xEE, 0xFF, 0xC3, 0xFF, 0x8E, 0x01, 0xFF, 0xE7, 0x00, 0xFF, 0xFF,
    0x00, 0xFF, 0xBF, 0xFE, 0x3B, 0xC7, 0xFE, 0x10, 0xC0, 0x7F, 0x00, 0x00, 0x00, 0x00, 0x0C, 0x00,
    0x00, 0x0F, 0x0F, 0xFF, 0x87, 0x8F, 0xFF, 0xC7, 0xFF, 0xFF, 0xE3, 0xFF, 0xC0, 0xF3, 0xFF, 0xE0,
    0x7B, 0xC0, 0xFF, 0xFC, 0xFF, 0x7F, 0xFE, 0x7F, 0xBF, 0xFF, 0x3F, 0xDE, 0x78, 0x03, 0x8F, 0x3C,
    0x01, 0xC7, 0xFF, 0xF0, 0xE3, 0xFF, 0xFB, 0xFF, 0xFF, 0xF9, 0xFF, 0xF3, 0xC0, 0xFF, 0xF9, 0xE0,
    0x0E, 0x3F, 0xFF, 0x07, 0x1F, 0xFF, 0x83, 0xFF, 0xFF, 0xC1, 0xFF, 0xE1, 0xE0, 0xFF, 0xF0, 0xF0,
    0x7F, 0xBF, 0xF8, 0x7F, 0xDF, 0xFC, 0x3D, 0xEF, 0xFE, 0x08, 0x27, 0x0F, 0x00, 0x08, 0x01, 0xE0,
    0x0F, 0x00, 0xF0, 0x07, 0x87, 0xFF, 0xC7, 0xFB, 0xFF, 0xE3, 0xFD, 0xFF, 0xF3, 0xFE, 0x39, 0xE3,
    0xE0, 0xFF, 0xFC, 0xFF, 0xFF, 0xFE, 0x7F, 0xFF, 0xFF, 0x1F, 0xE0, 0x00, 0x0F, 0xF7, 0xFF, 0x81,
    0xC3, 0xFF, 0xC0, 0xE1, 0xC0, 0xE3, 0xFF, 0xFF, 0xF1, 0xFF, 0xFF, 0xF8, 0xFF, 0xB8, 0x1C, 0x0E,
    0x1F, 0xFE, 0x07, 0x0F, 0xFF, 0x03, 0xB1, 0xFE, 0x01, 0xF8, 0xEF, 0x01, 0xFE, 0xF7, 0xB8, 0xFD,
    0xFB, 0xDC, 0x7D, 0xF9, 0xFE, 0x38, 0x78, 0x7E, 0x08, 0x30, 0x00, 0x00, 0x0F, 0x00, 0x00, 0x0F,
    0x00, 0xF0, 0x0F, 0x01, 0xF8, 0x0F, 0x03, 0xF0, 0x0F, 0x0F, 0xE0, 0x0F, 0x3F, 0xC0, 0x0F, 0x7F,
    0x00, 0x0F, 0x7E, 0x00, 0x0F, 0x38, 0x00, 0x0F, 0x00, 0x00, 0xFF, 0xFF, 0xFE, 0xFF, 0xFF, 0xFE,
    0xFF, 0xFF, 0xFE, 0x0F, 0x1E, 0x00, 0x0F, 0x1E, 0x00, 0x0F, 0x0F, 0x00, 0x0F, 0x0F, 0x80, 0x0F,
    0x07, 0xC0, 0x0F, 0x0F, 0xE0, 0x0F, 0xFF, 0xF8, 0x0F, 0xFD, 0xFE, 0x1F, 0xFC, 0xFE, 0x1F, 0xF0,
    0x3C, 0x0F, 0x00, 0x0C, 0x08, 0x00, 0x00, 0x10, 0x00, 0x00, 0x70, 0x00, 0x01, 0xE7, 0xFF, 0xF9,
    0xEF, 0xFF, 0xF3, 0xFF, 0xFF, 0xE3, 0x80, 0x03, 0xDC, 0x00, 0x07, 0xF9, 0xFF, 0xCF, 0xF3, 0xFF,
    0x9F, 0xE7, 0xFF, 0x3F, 0xCE, 0x0E, 0x7F, 0x9C, 0x1C, 0xFF, 0x3F, 0xF9, 0xFE, 0x7F, 0xF3, 0xFC,
    0xFF, 0xE7, 0xF9, 0xC1, 0xCF, 0xF3, 0x83, 0x9F, 0xE7, 0xFF, 0x3F, 0xCF, 0xFE, 0x7F, 0x9F, 0xFC,
    0xFF, 0x00, 0x01, 0xFE, 0x00, 0x03, 0xFC, 0x00, 0x1F, 0xF8, 0x00, 0x3E, 0xF0, 0x00, 0x78, 0x10,
    0x00, 0x00, 0xF3, 0xFF, 0xFD, 0xF7, 0xFF, 0xF9, 0xFF, 0xFF, 0xF1, 0xC0, 0x01, 0xE3, 0x38, 0xF3,
    0xFC, 0xF1, 0xE7, 0xF8, 0xF7, 0x8F, 0xF1, 0xEF, 0x1F, 0xEF, 0xFF, 0x3F, 0xDF, 0xFE, 0x7F, 0xBF,
    0xFC, 0xFF, 0x78, 0x39, 0xFE, 0xFF, 0xF3, 0xFD, 0xFF, 0xE7, 0xFB, 0xFF, 0xCF, 0xF0, 0xFE, 0x1F,
    0xE3, 0xFC, 0x3F, 0xC7, 0x7B, 0x7F, 0x9E, 0xF7, 0xFF, 0xF8, 0xFF, 0xFF, 0xF1, 0xFB, 0xFD, 0x81,
    0xFF, 0xF8, 0x00, 0x3E, 0xF0, 0x00, 0x78, 0xFF, 0x80, 0x01, 0xFF, 0xFF, 0xFB, 0xFF, 0xFF, 0xF7,
    0x9D, 0xFF, 0xEF, 0x7B, 0xC1, 0xDE, 0xE7, 0x83, 0xBD, 0xCF, 0x07, 0x7F, 0x9E, 0x0E, 0xFF, 0x3C,
    0x1D, 0xEF, 0x7F, 0xFB, 0xCE, 0xFF, 0xF7, 0x9D, 0xFF, 0xEF, 0x3F, 0xC1, 0xDE, 0x7F, 0x83, 0xBC,
    0xFF, 0x07, 0x7F, 0xDE, 0x0E, 0xFF, 0xBC, 0x1D, 0xFE, 0x78, 0x3B, 0xC0, 0xF0, 0x77, 0x81, 0xFF,
    0xEF, 0x03, 0xFF, 0xDE, 0x07, 0xFF, 0xBC, 0x0F, 0x07, 0x78, 0x1C, 0x0E, 0x00, 0x1C, 0x18, 0xFF,
    0x1E, 0x3C, 0xFF, 0x9C, 0x3C, 0xFF, 0xBC, 0x3C, 0xF7, 0x3C, 0x3C, 0xF7, 0x78, 0x3C, 0xFF, 0x7F,
    0xFF, 0xFF, 0xFF, 0xFF, 0xFE, 0xFF, 0xFF, 0xFF, 0xF8, 0x3C, 0xFF, 0xF9, 0x3C, 0xF7, 0xFF, 0xBC,
    0xF7, 0x3F, 0xBC, 0xF7, 0x3B, 0xBC, 0xF7, 0xBB, 0xFC, 0xF7, 0xB9, 0xFC, 0xFF, 0x39, 0xFC, 0xFF,
    0x38, 0x3C, 0xFE, 0x38, 0x3C, 0xF0, 0x38, 0x3C, 0xF0, 0x38, 0x3C, 0xF0, 0x38, 0x3C, 0xF0, 0x39,
    0xFC, 0xF0, 0x38, 0xFC, 0xF0, 0x38, 0xF8, 0x00, 0x00, 0x00, 0x00, 0x03, 0x80, 0xFF, 0x03, 0xC0,
    0xFF, 0x87, 0xC0, 0xFF, 0x0F, 0xE0, 0xF7, 0x1F, 0xF0, 0xF7, 0x3E, 0xFC, 0xFF, 0xFC, 0x7E, 0xFF,
    0xF8, 0x3F, 0xFE, 0xFF, 0xFE, 0xFE, 0x7F, 0xFC, 0xFF, 0x3F, 0xF8, 0xF7, 0x03, 0xC0, 0xF7, 0x03,
    0xC0, 0xF7, 0xFF, 0xFE, 0xF7, 0xFF, 0xFE, 0xF7, 0xFF, 0xFE, 0xFF, 0x23, 0xD8, 0xFF, 0x7B, 0xF8,
    0xFE, 0x7B, 0xFC, 0xF0, 0xF3, 0xDE, 0xF0, 0xF3, 0xDE, 0xF1, 0xE3, 0xCF, 0xF0, 0xDF, 0xC6, 0xF0,
    0x0F, 0x80, 0xF0, 0x0F, 0x00, 0x00, 0x0E, 0x00, 0xFF, 0x1E, 0x00, 0xFF, 0xBF, 0xF0, 0xFF, 0xFF,
    0xF8, 0xF7, 0xFF, 0xF0, 0xF7, 0xF1, 0xE0, 0xF7, 0xFF, 0xFC, 0xFF, 0x7F, 0xFC, 0xFE, 0x7F, 0xFC,
    0xFE, 0x00, 0x1C, 0xFF, 0x7F, 0xFC, 0xF7, 0x7F, 0xFC, 0xF7, 0x80, 0x1C, 0xF7, 0x80, 0x1C, 0xF7,
    0xFF, 0xFC, 0xF7, 0xFF, 0xFC, 0xFF, 0xFF, 0xFC, 0xFF, 0x07, 0x88, 0xFE, 0xFF, 0xFC, 0xF1, 0xFD,
    0xDC, 0xF1, 0xFC, 0xFE, 0xF1, 0xDC, 0x7E, 0xF3, 0xDF, 0xFE, 0xF1, 0x9F, 0xFE, 0xF0, 0x0F, 0xE0,
    0x00, 0x03, 0x80, 0xFF, 0x03, 0x80, 0xFF, 0xFF, 0xFE, 0xFF, 0xFF, 0xFE, 0xE7, 0x7F, 0xFC, 0xE7,
    0x1C, 0x78, 0xEF, 0xFF, 0xFE, 0xEE, 0xFF, 0xFE, 0xEE, 0xFF, 0xFE, 0xFE, 0x00, 0x00, 0xEF, 0x7F,
    0xFC, 0xE7, 0x7F, 0xFC, 0xE7, 0x78, 0x3C, 0xE7, 0xFF, 0xFC, 0xE7, 0xFF, 0xFC, 0xE7, 0xF8, 0x3C,
    0xFF, 0x7F, 0xFC, 0xFF, 0x7F, 0xFC, 0xEE, 0x03, 0xC0, 0xE0, 0xFF, 0xFE, 0xE0, 0xFF, 0xFE, 0xE0,
    0xFF, 0xFE, 0xE0, 0x03, 0xC0, 0xE0, 0x03, 0xC0, 0xE0, 0x03, 0xC0, 0xFF, 0xFF, 0xFF, 0xFF, 0xFF,
    0xFF, 0xFF, 0xFF, 0xF8, 0x03, 0xC0, 0x00, 0x07, 0x80, 0x0F, 0xFF, 0xFF, 0x9F, 0xFF, 0xFF, 0x3F,
    0xFF, 0xFE, 0x7B, 0xC7, 0x3C, 0xF7, 0xFE, 0x79, 0xEF, 0xFC, 0xF3, 0xDF, 0xF9, 0xE7, 0xBC, 0x73,
    0xCF, 0x78, 0xE7, 0x9E, 0xFF, 0xCF, 0x3D, 0xFF, 0x9E, 0x7B, 0xFF, 0x3C, 0xF7, 0x8E, 0x79, 0xFF,
    0xFF, 0xF3, 0xFF, 0xFF, 0xE7, 0xFF, 0xFF, 0xCF, 0x00, 0x07, 0x9C, 0x00, 0x0F, 0x00, 0x7F, 0xFF,
    0xFF, 0x7F, 0xFF, 0xFF, 0x7F, 0xFF, 0xFF, 0x00, 0x3C, 0x00, 0x00, 0x38, 0x00, 0x00, 0x78, 0x00,
    0x1F, 0xFF, 0xFC, 0x1F, 0xFF, 0xFC, 0x1F, 0xFF, 0xFC, 0x1E, 0x1C, 0x3C, 0x1E, 0x1C, 0x3C, 0x1E,
    0x1C, 0x3C, 0x1E, 0x1C, 0x3C, 0x1E, 0x1C, 0x3C, 0x1E, 0x1C, 0x3C, 0x1E, 0x3C, 0x3C, 0x1E, 0x3C,
    0x3C, 0x1E, 0x7F, 0xBC, 0x00, 0xFF, 0xE0, 0x03, 0xFB, 0xF8, 0x1F, 0xF0, 0xFE, 0x7F, 0xC0, 0x3F,
    0x3F, 0x00, 0x1E, 0x38, 0x00, 0x06, 0x00, 0x7F, 0xFF, 0x00, 0x3F, 0xFF, 0x9F, 0xFF, 0xFF, 0xCF,
    0xF8, 0x78, 0x07, 0xFC, 0x3C, 0x00, 0xF1, 0xFF, 0xF0, 0x78, 0xFF, 0xF8, 0x3C, 0x7F, 0xFC, 0x1E,
    0x3D, 0xDE, 0x0F, 0x1E, 0xEF, 0x07, 0x8F, 0x77, 0x83, 0xC7, 0xBB, 0xC1, 0xE3, 0xDD, 0xE0, 0xF7,
    0xEE, 0xF0, 0x7F, 0xF7, 0x78, 0xFF, 0xFF, 0xBC, 0xFF, 0xFF, 0xDE, 0x7F, 0x1D, 0xEF, 0x1C, 0x01,
    0xEE, 0x00, 0x03, 0xFF, 0xC0, 0x07, 0xF3, 0xF0, 0x0F, 0xF0, 0xFC, 0x03, 0xE0, 0x1C, 0x00, 0xC0,
    0x04, 0x70, 0xFF, 0xFF, 0x3C, 0x7F, 0xFF, 0x9F, 0xFF, 0xFF, 0xCF, 0xFE, 0x1C, 0x07, 0xFF, 0x1E,
    0x03, 0xFF, 0xFF, 0xF9, 0xFF, 0xFF, 0xFC, 0xFF, 0xFF, 0xFE, 0x7F, 0xFE, 0x0F, 0x3F, 0xFF, 0x7F,
    0x9F, 0xFF, 0xBF, 0xCF, 0xFF, 0xDF, 0xE7, 0xFF, 0xEF, 0xF3, 0xBF, 0xF7, 0xF9, 0xDF, 0xFB, 0xFC,
    0xEF, 0xFD, 0xDE, 0x77, 0xFE, 0xEF, 0x3B, 0xFF, 0xFF, 0x9D, 0xFC, 0x7E, 0x0E, 0xFE, 0x7F, 0x8F,
    0x2F, 0x7F, 0xE7, 0x87, 0xFC, 0xF9, 0x83, 0xFC, 0x3C, 0x40, 0x18, 0x0C, 0x7F, 0xFF, 0xFF, 0xBF,
    0xFF, 0xFF, 0xDF, 0xFF, 0xFF, 0xE0, 0x78, 0x1E, 0x01, 0x3C, 0x0E, 0x01, 0xFC, 0x7F, 0xF8, 0xFC,
    0x3F, 0xFC, 0x3F, 0x1F, 0xFE, 0x0F, 0x8E, 0x0F, 0x7F, 0xFF, 0x77, 0xBF, 0xFF, 0xBB, 0xDF, 0xFF,
    0xDD, 0xE0, 0xFE, 0xEE, 0xF0, 0x7F, 0x77, 0x78, 0x3F, 0xBB, 0xBC, 0x1F, 0x9D, 0xDE, 0x0F, 0x0F,
    0xEF, 0x07, 0x87, 0xF7, 0x83, 0xC0, 0xFE, 0x01, 0xE0, 0xFF, 0x80, 0xF0, 0xFB, 0xE3, 0xF9, 0xF8,
    0xF8, 0xF8, 0xF8, 0x3C, 0x78, 0x30, 0x0C, 0x03, 0x80, 0x00, 0x01, 0xC0, 0x00, 0x0E, 0xE3, 0xFF,
    0xC7, 0x7F, 0xFF, 0xE3, 0xBF, 0xFF, 0xF1, 0xDF, 0x83, 0x80, 0xEE, 0x0F, 0xF8, 0x77, 0x0F, 0xFE,
    0xFF, 0xFF, 0xFF, 0x7F, 0xFF, 0x87, 0xBF, 0xFF, 0xDF, 0xC0, 0xF0, 0xEF, 0xE3, 0xFB, 0xF7, 0xF1,
    0xFF, 0xFB, 0xF9, 0xFF, 0xFD, 0xFC, 0xFF, 0xEE, 0xFE, 0xF7, 0xF7, 0x7F, 0x3B, 0xFB, 0xFF, 0x89,
    0xF9, 0xFB, 0xC0, 0x78, 0x1F, 0x00, 0xFC, 0x1F, 0xC1, 0xFC, 0x3E, 0xF1, 0xF8, 0x7E, 0x3C, 0xF8,
    0x3E, 0x0E, 0x30, 0x0E, 0x02, 0x00, 0x3F, 0xFF, 0xFF, 0x1F, 0xFF, 0xFF, 0x8E, 0x3F, 0xFF, 0xC7,
    0x1E, 0x1E, 0x03, 0xFF, 0x0E, 0x01, 0xFF, 0xBF, 0xF8, 0xE3, 0xDF, 0xFC, 0x7F, 0xEE, 0x1E, 0x3F,
    0xF7, 0x7F, 0x00, 0x03, 0xBF, 0x9F, 0xFD, 0xDF, 0xCF, 0xFF, 0xFF, 0xE7, 0xFF, 0xFF, 0xF0, 0x3C,
    0x3F, 0x78, 0xFF, 0xDF, 0xBC, 0x7F, 0xEF, 0xFC, 0x3F, 0xF1, 0xFC, 0x1F, 0xC3, 0xFF, 0x0F, 0xE7,
    0xE7, 0xCF, 0xF1, 0xE0, 0xE7, 0xFF, 0xFF, 0xF7, 0xBF, 0xFF, 0xFB, 0xC7, 0xFF, 0xFC, 0x40, 0x00,
    0x00, 0x03, 0x00, 0x00, 0x03, 0x80, 0x00, 0x01, 0xE1, 0xFF, 0xCF, 0xFF, 0xFF, 0xE7, 0xFF, 0xFF,
    0xF3, 0xFF, 0xC7, 0x81, 0xFD, 0xFF, 0xF8, 0xFF, 0xFF, 0xFE, 0x3F, 0xF7, 0xFF, 0x3F, 0xFB, 0x87,
    0xBF, 0x7D, 0xDF, 0xCF, 0xFC, 0xEF, 0xE3, 0xFC, 0x77, 0xF1, 0xFF, 0xBF, 0xFB, 0xFF, 0xFF, 0xFC,
    0xF9, 0xFF, 0xFE, 0x7F, 0xF7, 0xEF, 0x3F, 0xFB, 0xF7, 0x8F, 0xFD, 0xFB, 0xC7, 0x9E, 0x3F, 0x03,
    0xCF, 0x3F, 0xC1, 0xFF, 0xFF, 0xF8, 0xFF, 0xFE, 0x3E, 0x7F, 0xFC, 0x0E, 0x1C, 0x0C, 0x03, 0x00,
    0x00, 0x00, 0xE0, 0x3F, 0xE0, 0xF0, 0x1F, 0xF0, 0xF8, 0x0F, 0xF8, 0x7E, 0x00, 0x3C, 0x7F, 0x81,
    0x9E, 0x7F, 0xE0, 0xEF, 0xFC, 0xF8, 0x77, 0xFC, 0x3F, 0x3B, 0xFF, 0xFF, 0x9D, 0xDB, 0xFF, 0x9E,
    0xE9, 0xFE, 0xCF, 0x70, 0x00, 0x07, 0xFE, 0x0C, 0x63, 0xFF, 0xE7, 0x39, 0xFF, 0xFB, 0xBC, 0x01,
    0xDD, 0xDC, 0x01, 0xEE, 0xEE, 0x1F, 0xF7, 0x7F, 0x3F, 0xFB, 0xFF, 0x1F, 0xFC, 0x83, 0x86, 0x1C,
    0x03, 0x80, 0x1E, 0xFF, 0xF8, 0x7F, 0x7F, 0xFC, 0x1F, 0x3F, 0xFE, 0x0F, 0x00, 0x00, 0x00, 0x00,
    0x00, 0xF0, 0x1F, 0xFC, 0x7C, 0x0F, 0xFE, 0x3F, 0x07, 0x67, 0x1F, 0xC3, 0xFF, 0x8F, 0xE1, 0xFF,
    0xC7, 0xF8, 0xFF, 0xE3, 0xD8, 0x7F, 0xF1, 0xE0, 0x3B, 0x3F, 0xFF, 0x1F, 0xFF, 0xFF, 0x8F, 0xFF,
    0xFF, 0xC0, 0x70, 0x1E, 0x03, 0xFF, 0x8F, 0x01, 0xFF, 0xC7, 0x80, 0xFF, 0xC3, 0xE0, 0x0F, 0xF3,
    0xF0, 0x7F, 0xF9, 0xF8, 0x3F, 0xFC, 0xFE, 0x1F, 0xFC, 0xF7, 0x07, 0xFE, 0x7B, 0xC3, 0xFF, 0xF8,
    0xF3, 0xBF, 0xFC, 0x79, 0xDB, 0xFC, 0x1E, 0xED, 0x9C, 0x0E, 0x20, 0x04, 0x02, 0x00, 0x00, 0x1C,
    0x00, 0x00, 0x1F, 0x00, 0x00, 0x07, 0x80, 0x0F, 0xFF, 0xFF, 0xE7, 0xFF, 0xFF, 0xF3, 0xFF, 0xFF,
    0xF8, 0x0F, 0x07, 0x80, 0x03, 0xEF, 0xC0, 0x00, 0xFF, 0xC0, 0x00, 0x3F, 0xC0, 0x00, 0xFF, 0xFE,
    0x0F, 0xFF, 0xFF, 0xF7, 0xFE, 0x3F, 0xF1, 0xFC, 0x03, 0xF0, 0xCE, 0x03, 0x80, 0x07, 0x01, 0xC0,
    0x03, 0x80, 0xE0, 0x01, 0xC0, 0x70, 0x01, 0xE0, 0x38, 0x00, 0xF0, 0x1C, 0x00, 0xF8, 0x0E, 0x00,
    0xF8, 0x07, 0x00, 0xFC, 0x03, 0x80, 0x3C, 0x01, 0xC0, 0x0C, 0x00, 0xE0, 0x00, 0x00, 0x3C, 0x00,
    0x1C, 0x78, 0x00, 0x78, 0xFF, 0xE0, 0xF1, 0xFF, 0xC1, 0xE3, 0xFF, 0x83, 0xC7, 0x80, 0x07, 0x8F,
    0x00, 0x7F, 0xFF, 0xFF, 0xFF, 0xFF, 0xFF, 0xFF, 0xFF, 0xFC, 0x00, 0xE0, 0x03, 0xC1, 0xE1, 0xE7,
    0x83, 0x83, 0xCF, 0x0F, 0x07, 0x9E, 0x1F, 0x0F, 0x3C, 0x7F, 0x1E, 0x79, 0xFF, 0x3C, 0xF7, 0xDF,
    0xF9, 0xFF, 0x1F, 0xF3, 0xFC, 0x0F, 0xE7, 0xB0, 0x0B, 0xCF, 0xFF, 0xFF, 0x9F, 0xFF, 0xFF, 0x3F,
    0xFF, 0xFE, 0x00, 0x00, 0x3C, 0x1F, 0xC7, 0xF1, 0xFE, 0x7F, 0x9F, 0xF3, 0xFC, 0xF9, 0x3F, 0x6F,
    0x81, 0xE0, 0x7C, 0x0F, 0x03, 0xFE, 0x7F, 0xDF, 0xF3, 0xFE, 0xFF, 0x9F, 0xF7, 0xC0, 0xF0, 0x3E,
    0x07, 0x81, 0xF0, 0x3C, 0x0F, 0x81, 0xE0, 0x7C, 0x0F, 0x03, 0xE0, 0x78, 0x1F, 0x03, 0xC0, 0xF8,
    0x1E, 0x07, 0xC0, 0xF0, 0x3E, 0x07, 0x80, 0x1F, 0xDE, 0x3F, 0xDF, 0x7F, 0x9F, 0x7C, 0x9E, 0xF8,
    0x00, 0xF8, 0x00, 0xFF, 0x9E, 0xFF, 0x9E, 0xFF, 0x9E, 0xF8, 0x1E, 0xF8, 0x1E, 0xF8, 0x1E, 0xF8,
    0x1E, 0xF8, 0x1E, 0xF8, 0x1E, 0xF8, 0x1E, 0xF8, 0x1E, 0xF8, 0x1E, 0xF8, 0x1E, 0x1F, 0xDE, 0x0F,
    0xF7, 0x87, 0xF9, 0xE1, 0xF2, 0x78, 0xF8, 0x1E, 0x3E, 0x07, 0x8F, 0xF9, 0xE3, 0xFE, 0x78, 0xFF,
    0x9E, 0x3E, 0x07, 0x8F, 0x81, 0xE3, 0xE0, 0x78, 0xF8, 0x1E, 0x3E, 0x07, 0x8F, 0x81, 0xE3, 0xE0,
    0x7C, 0xF8, 0x1F, 0xBE, 0x03, 0xEF, 0x80, 0x78, 0x1F, 0xC7, 0xF3, 0xCF, 0xF3, 0xFD, 0xF7, 0xFC,
    0xFF, 0x7D, 0xF2, 0x7E, 0x8F, 0xF8, 0x1E, 0x00, 0x3E, 0x07, 0x80, 0x0F, 0xF9, 0xFF, 0x7F, 0xFE,
    0x7F, 0xDF, 0xFF, 0x9F, 0xF7, 0xFE, 0x07, 0x81, 0xFF, 0x81, 0xE0, 0x7F, 0xE0, 0x78, 0x1F, 0xF8,
    0x1E, 0x07, 0xFE, 0x07, 0x81, 0xFF, 0x81, 0xE0, 0x7F, 0xE0, 0x78, 0x1F, 0xF8, 0x1E, 0x07, 0xFE,
    0x07, 0x81, 0xFF, 0x81, 0xE0, 0x7C, 0x1F, 0xC7, 0xF3, 0xC3, 0xFC, 0xFF, 0x7C, 0x7F, 0xCF, 0xF7,
    0xC7, 0xC9, 0xFA, 0x7C, 0xF8, 0x1E, 0x07, 0xCF, 0x81, 0xE0, 0x7C, 0xFF, 0x9F, 0xF7, 0xCF, 0xF9,
    0xFF, 0x7C, 0xFF, 0x9F, 0xF7, 0xCF, 0x81, 0xE0, 0x7C, 0xF8, 0x1E, 0x07, 0xCF, 0x81, 0xE0, 0x7C,
    0xF8, 0x1E, 0x07, 0xCF, 0x81, 0xE0, 0x7C, 0xF8, 0x1E, 0x07, 0xCF, 0x81, 0xE0, 0x7E, 0xF8, 0x1E,
    0x03, 0xFF, 0x81, 0xE0, 0x3F, 0xF8, 0x1E, 0x01, 0xE0,
};

static const EpdGlyph ubuntu_12_boldGlyphs[] = {
    { 0, 0, 0, 0, 0, 0, 0 }, // U+0000
    { 0, 0, 0, 0, 0, 0, 0 }, // U+0008
    { 0, 0, 96, 0, 0, 0, 0 }, // U+0009
    { 0, 0, 96, 0, 0, 0, 0 }, // U+000D
    { 0, 0, 0, 0, 0, 0, 0 }, // U+001D
    { 0, 0, 96, 0, 0, 0, 0 }, // U+0020
    { 5, 17, 114, 1, 17, 11, 0 }, // !
    { 10, 7, 186, 1, 19, 9, 11 }, // "
    { 16, 17, 280, 1, 17, 34, 20 }, // #
    { 14, 23, 227, 0, 20, 41, 54 }, // $
    { 23, 17, 367, 0, 17, 49, 95 }, // %
    { 18, 17, 282, 0, 17, 39, 144 }, // &
    { 4, 7, 99, 1, 19, 4, 183 }, // '
    { 8, 25, 142, 1, 20, 25, 187 }, // (
    { 8, 25, 142, 0, 20, 25, 212 }, // )
    { 11, 10, 201, 1, 17, 14, 237 }, // *
    { 12, 11, 227, 1, 13, 17, 251 }, // +
    { 6, 8, 98, 0, 4, 6, 268 }, // ,
    { 8, 3, 136, 0, 9, 3, 274 }, // -
    { 6, 5, 98, 0, 5, 4, 277 }, // .
    { 13, 25, 175, -1, 20, 41, 281 }, // /
    { 14, 17, 227, 0, 17, 30, 322 }, // 0
    { 10, 17, 227, 1, 17, 22, 352 }, // 1
    { 13, 17, 227, 0, 17, 28, 374 }, // 2
    { 13, 17, 227, 0, 17, 28, 402 }, // 3
    { 14, 17, 227, 0, 17, 30, 430 }, // 4
    { 13, 17, 227, 0, 17, 28, 460 }, // 5
    { 14, 17, 227, 0, 17, 30, 488 }, // 6
    { 13, 17, 227, 1, 17, 28, 518 }, // 7
    { 14, 17, 227, 0, 17, 30, 546 }, // 8
    { 14, 17, 227, 0, 17, 30, 576 }, // 9
    { 6, 14, 98, 0, 14, 11, 606 }, // :
    { 6, 18, 98, 0, 14, 14, 617 }, // ;
    { 12, 13, 227, 1, 14, 20, 631 }, // <
    { 12, 8, 227, 1, 12, 12, 651 }, // =
    { 12, 13, 227, 1, 14, 20, 663 }, // >
    { 11, 19, 182, 0, 19, 27, 683 }, // ?
    { 23, 22, 390, 1, 18, 64, 710 }, // @
    { 18, 17, 288, 0, 17, 39, 774 }, // A
    { 14, 17, 269, 2, 17, 30, 813 }, // B
    { 15, 17, 259, 1, 17, 32, 843 }, // C
    { 16, 17, 295, 2, 17, 34, 875 }, // D
    { 13, 17, 242, 2, 17, 28, 909 }, // E
    { 12, 17, 230, 2, 17, 26, 937 }, // F
    { 15, 17, 281, 1, 17, 32, 963 }, // G
    { 15, 17, 294, 2, 17, 32, 995 }, // H
    { 4, 17, 126, 2, 17, 9, 1027 }, // I
    { 12, 17, 212, 0, 17, 26, 1036 }, // J
    { 15, 17, 274, 2, 17, 32, 1062 }, // K
    { 12, 17, 225, 2, 17, 26, 1094 }, // L
    { 20, 17, 359, 1, 17, 43, 1120 }, // M
    { 15, 17, 302, 2, 17, 32, 1163 }, // N
    { 18, 17, 316, 1, 17, 39, 1195 }, // O
    { 14, 17, 258, 2, 17, 30, 1234 }, // P
    { 18, 22, 316, 1, 17, 50, 1264 }, // Q
    { 15, 17, 267, 2, 17, 32, 1314 }, // R
    { 14, 17, 233, 0, 17, 30, 1346 }, // S
    { 15, 17, 246, 0, 17, 32, 1376 }, // T
    { 15, 17, 283, 1, 17, 32, 1408 }, // U
    { 18, 17, 289, 0, 17, 39, 1440 }, // V
    { 24, 17, 379, 0, 17, 51, 1479 }, // W
    { 17, 17, 270, 0, 17, 37, 1530 }, // X
    { 17, 17, 264, 0, 17, 37, 1567 }, // Y
    { 15, 17, 244, 0, 17, 32, 1604 }, // Z
    { 8, 25, 148, 2, 20, 25, 1636 }, // [
    { 13, 25, 175, -1, 20, 41, 1661 }, // <backslash>
    { 8, 25, 148, 0, 20, 25, 1702 }, // ]
    { 14, 10, 227, 0, 17, 18, 1727 }, // ^
    { 13, 3, 200, 0, -2, 5, 1745 }, // _
    { 7, 6, 114, 0, 20, 6, 1750 }, // `
    { 13, 13, 221, 0, 13, 22, 1756 }, // a
    { 13, 19, 242, 1, 19, 31, 1778 }, // b
    { 11, 13, 200, 1, 13, 18, 1809 }, // c
    { 13, 19, 242, 1, 19, 31, 1827 }, // d
    { 13, 13, 234, 1, 13, 22, 1858 }, // e
    { 10, 19, 169, 1, 19, 24, 1880 }, // f
    { 13, 18, 238, 1, 13, 30, 1904 }, // g
    { 13, 19, 236, 1, 19, 31, 1934 }, // h
    { 5, 19, 116, 1, 19, 12, 1965 }, // i
    { 8, 24, 116, -2, 19, 24, 1977 }, // j
    { 14, 19, 232, 1, 19, 34, 2001 }, // k
    { 7, 19, 126, 1, 19, 17, 2035 }, // l
    { 19, 13, 345, 1, 13, 31, 2052 }, // m
    { 13, 13, 236, 1, 13, 22, 2083 }, // n
    { 14, 13, 243, 1, 13, 23, 2105 }, // o
    { 13, 18, 242, 1, 13, 30, 2128 }, // p
    { 13, 18, 242, 1, 13, 30, 2158 }, // q
    { 10, 13, 169, 1, 13, 17, 2188 }, // r
    { 12, 13, 194, 0, 13, 20, 2205 }, // s
    { 10, 17, 178, 1, 17, 22, 2225 }, // t
    { 12, 13, 236, 1, 13, 20, 2247 }, // u
    { 14, 13, 220, 0, 13, 23, 2267 }, // v
    { 20, 13, 314, 0, 13, 33, 2290 }, // w
    { 14, 13, 222, 0, 13, 23, 2323 }, // x
    { 14, 18, 219, 0, 13, 32, 2346 }, // y
    { 12, 13, 200, 0, 13, 20, 2378 }, // z
    { 10, 25, 148, 0, 20, 32, 2398 }, // {
    { 4, 25, 129, 2, 20, 13, 2430 }, // |
    { 9, 25, 148, 0, 20, 29, 2443 }, // }
    { 14, 5, 227, 0, 10, 9, 2472 }, // ~
    { 0, 0, 96, 0, 0, 0, 2481 }, // U+00A0
    { 5, 18, 114, 1, 13, 12, 2481 }, // U+00A1
    { 11, 18, 227, 1, 16, 25, 2493 }, // U+00A2
    { 13, 17, 227, 0, 17, 28, 2518 }, // U+00A3
    { 14, 13, 227, 0, 16, 23, 2546 }, // U+00A4
    { 16, 17, 227, -1, 17, 34, 2569 }, // U+00A5
    { 4, 25, 121, 2, 20, 13, 2603 }, // U+00A6
    { 13, 22, 206, 0, 17, 36, 2616 }, // U+00A7
    { 11, 4, 214, 1, 19, 6, 2652 }, // U+00A8
    { 18, 18, 318, 1, 18, 41, 2658 }, // U+00A9
    { 10, 10, 160, 0, 18, 13, 2699 }, // U+00AA
    { 15, 13, 239, 0, 14, 25, 2712 }, // U+00AB
    { 12, 9, 227, 1, 10, 14, 2737 }, // U+00AC
    { 8, 3, 136, 0, 9, 3, 2751 }, // U+00AD
    { 18, 18, 318, 1, 18, 41, 2754 }, // U+00AE
    { 9, 3, 150, 0, 19, 4, 2795 }, // U+00AF
    { 9, 7, 145, 0, 19, 8, 2799 }, // U+00B0
    { 12, 15, 227, 1, 15, 23, 2807 }, // U+00B1
    { 9, 10, 145, 0, 18, 12, 2830 }, // U+00B2
    { 8, 10, 145, 0, 18, 10, 2842 }, // U+00B3
    { 7, 6, 114, 0, 20, 6, 2852 }, // U+00B4
    { 13, 18, 238, 1, 13, 30, 2858 }, // U+00B5
    { 15, 23, 284, 1, 18, 44, 2888 }, // U+00B6
    { 6, 5, 98, 0, 10, 4, 2932 }, // U+00B7
    { 6, 7, 130, 1, 1, 6, 2936 }, // U+00B8
    { 7, 10, 145, 0, 18, 9, 2942 }, // U+00B9
    { 11, 10, 183, 0, 18, 14, 2951 }, // U+00BA
    { 15, 13, 239, 0, 14, 25, 2965 }, // U+00BB
    { 22, 18, 351, 0, 18, 50, 2990 }, // U+00BC
    { 21, 18, 351, 0, 18, 48, 3040 }, // U+00BD
    { 22, 18, 351, 0, 18, 50, 3088 }, // U+00BE
    { 11, 18, 182, 0, 13, 25, 3138 }, // U+00BF
    { 18, 24, 288, 0, 24, 54, 3163 }, // U+00C0
    { 18, 24, 288, 0, 24, 54, 3217 }, // U+00C1
    { 18, 23, 288, 0, 23, 52, 3271 }, // U+00C2
    { 18, 23, 288, 0, 23, 52, 3323 }, // U+00C3
    { 18, 23, 288, 0, 23, 52, 3375 }, // U+00C4
    { 18, 22, 288, 0, 22, 50, 3427 }, // U+00C5
    { 24, 17, 398, 0, 17, 51, 3477 }, // U+00C6
    { 15, 22, 259, 1, 17, 42, 3528 }, // U+00C7
    { 13, 24, 242, 2, 24, 39, 3570 }, // U+00C8
    { 13, 24, 242, 2, 24, 39, 3609 }, // U+00C9
    { 13, 23, 242, 2, 23, 38, 3648 }, // U+00CA
    { 13, 23, 242, 2, 23, 38, 3686 }, // U+00CB
    { 7, 24, 126, 0, 24, 21, 3724 }, // U+00CC
    { 7, 24, 126, 1, 24, 21, 3745 }, // U+00CD
    { 8, 23, 126, 0, 23, 23, 3766 }, // U+00CE
    { 10, 23, 126, -1, 23, 29, 3789 }, // U+00CF
    { 18, 17, 299, 0, 17, 39, 3818 }, // U+00D0
    { 15, 23, 302, 2, 23, 44, 3857 }, // U+00D1
    { 18, 24, 316, 1, 24, 54, 3901 }, // U+00D2
    { 18, 24, 316, 1, 24, 54, 3955 }, // U+00D3
    { 18, 23, 316, 1, 23, 52, 4009 }, // U+00D4
    { 18, 23, 316, 1, 23, 52, 4061 }, // U+00D5
    { 18, 23, 316, 1, 23, 52, 4113 }, // U+00D6
    { 12, 11, 227, 1, 13, 17, 4165 }, // U+00D7
    { 18, 19, 316, 1, 18, 43, 4182 }, // U+00D8
    { 15, 24, 283, 1, 24, 45, 4225 }, // U+00D9
    { 15, 24, 283, 1, 24, 45, 4270 }, // U+00DA
    { 15, 23, 283, 1, 23, 44, 4315 }, // U+00DB
    { 15, 23, 283, 1, 23, 44, 4359 }, // U+00DC
    { 17, 24, 264, 0, 24, 51, 4403 }, // U+00DD
    { 14, 17, 258, 2, 17, 30, 4454 }, // U+00DE
    { 15, 19, 264, 1, 19, 36, 4484 }, // U+00DF
    { 13, 20, 221, 0, 20, 33, 4520 }, // U+00E0
    { 13, 20, 221, 0, 20, 33, 4553 }, // U+00E1
    { 13, 19, 221, 0, 19, 31, 4586 }, // U+00E2
    { 13, 19, 221, 0, 19, 31, 4617 }, // U+00E3
    { 13, 19, 221, 0, 19, 31, 4648 }, // U+00E4
    { 13, 20, 221, 0, 20, 33, 4679 }, // U+00E5
    { 21, 13, 350, 0, 13, 35, 4712 }, // U+00E6
    { 11, 18, 200, 1, 13, 25, 4747 }, // U+00E7
    { 13, 20, 234, 1, 20, 33, 4772 }, // U+00E8
    { 13, 20, 234, 1, 20, 33, 4805 }, // U+00E9
    { 13, 19, 234, 1, 19, 31, 4838 }, // U+00EA
    { 13, 19, 234, 1, 19, 31, 4869 }, // U+00EB
    { 7, 20, 116, 0, 20, 18, 4900 }, // U+00EC
    { 6, 20, 116, 1, 20, 15, 4918 }, // U+00ED
    { 9, 19, 116, -1, 19, 22, 4933 }, // U+00EE
    { 11, 19, 116, -2, 19, 27, 4955 }, // U+00EF
    { 14, 19, 240, 1, 19, 34, 4982 }, // U+00F0
    { 13, 19, 236, 1, 19, 31, 5016 }, // U+00F1
    { 14, 20, 243, 1, 20, 35, 5047 }, // U+00F2
    { 14, 20, 243, 1, 20, 35, 5082 }, // U+00F3
    { 14, 19, 243, 1, 19, 34, 5117 }, // U+00F4
    { 14, 19, 243, 1, 19, 34, 5151 }, // U+00F5
    { 14, 19, 243, 1, 19, 34, 5185 }, // U+00F6
    { 12, 13, 227, 1, 13, 20, 5219 }, // U+00F7
    { 14, 15, 243, 1, 14, 27, 5239 }, // U+00F8
    { 12, 20, 236, 1, 20, 30, 5266 }, // U+00F9
    { 12, 20, 236, 1, 20, 30, 5296 }, // U+00FA
    { 12, 19, 236, 1, 19, 29, 5326 }, // U+00FB
    { 12, 19, 236, 1, 19, 29, 5355 }, // U+00FC
    { 14, 25, 219, 0, 20, 44, 5384 }, // U+00FD
    { 13, 24, 242, 1, 19, 39, 5428 }, // U+00FE
    { 14, 24, 219, 0, 19, 42, 5467 }, // U+00FF
    { 18, 23, 288, 0, 23, 52, 5509 }, // U+0100
    { 13, 19, 221, 0, 19, 31, 5561 }, // U+0101
    { 18, 23, 288, 0, 23, 52, 5592 }, // U+0102
    { 13, 19, 221, 0, 19, 31, 5644 }, // U+0103
    { 19, 23, 288, 0, 17, 55, 5675 }, // U+0104
    { 13, 19, 221, 0, 13, 31, 5730 }, // U+0105
    { 15, 24, 259, 1, 24, 45, 5761 }, // U+0106
    { 11, 20, 200, 1, 20, 28, 5806 }, // U+0107
    { 15, 23, 259, 1, 23, 44, 5834 }, // U+0108
    { 11, 19, 200, 1, 19, 27, 5878 }, // U+0109
    { 15, 23, 259, 1, 23, 44, 5905 }, // U+010A
    { 11, 19, 200, 1, 19, 27, 5949 }, // U+010B
    { 15, 24, 259, 1, 24, 45, 5976 }, // U+010C
    { 11, 20, 200, 1, 20, 28, 6021 }, // U+010D
    { 16, 24, 295, 2, 24, 48, 6049 }, // U+010E
    { 18, 19, 274, 1, 19, 43, 6097 }, // U+010F
    { 18, 17, 299, 0, 17, 39, 6140 }, // U+0110
    { 14, 19, 242, 1, 19, 34, 6179 }, // U+0111
    { 13, 23, 242, 2, 23, 38, 6213 }, // U+0112
    { 13, 19, 234, 1, 19, 31, 6251 }, // U+0113
    { 13, 23, 242, 2, 23, 38, 6282 }, // U+0114
    { 13, 19, 234, 1, 19, 31, 6320 }, // U+0115
    { 13, 23, 242, 2, 23, 38, 6351 }, // U+0116
    { 13, 19, 234, 1, 19, 31, 6389 }, // U+0117
    { 13, 23, 242, 2, 17, 38, 6420 }, // U+0118
    { 13, 18, 234, 1, 13, 30, 6458 }, // U+0119
    { 13, 24, 242, 2, 24, 39, 6488 }, // U+011A
    { 13, 20, 234, 1, 20, 33, 6527 }, // U+011B
    { 15, 23, 281, 1, 23, 44, 6560 }, // U+011C
    { 13, 24, 238, 1, 19, 39, 6604 }, // U+011D
    { 15, 23, 281, 1, 23, 44, 6643 }, // U+011E
    { 13, 24, 238, 1, 19, 39, 6687 }, // U+011F
    { 15, 23, 281, 1, 23, 44, 6726 }, // U+0120
    { 13, 24, 238, 1, 19, 39, 6770 }, // U+0121
    { 15, 22, 281, 1, 17, 42, 6809 }, // U+0122
    { 13, 25, 238, 1, 20, 41, 6851 }, // U+0123
    { 15, 23, 294, 2, 23, 44, 6892 }, // U+0124
    { 13, 25, 236, 1, 25, 41, 6936 }, // U+0125
    { 19, 17, 302, 0, 17, 41, 6977 }, // U+0126
    { 14, 19, 240, 0, 19, 34, 7018 }, // U+0127
    { 10, 23, 126, -1, 23, 29, 7052 }, // U+0128
    { 10, 19, 116, -1, 19, 24, 7081 }, // U+0129
    { 10, 23, 126, -1, 23, 29, 7105 }, // U+012A
    { 9, 19, 116, -1, 19, 22, 7134 }, // U+012B
    { 9, 23, 126, 0, 23, 26, 7156 }, // U+012C
    { 9, 19, 116, -1, 19, 22, 7182 }, // U+012D
    { 7, 23, 126, 0, 17, 21, 7204 }, // U+012E
    { 6, 25, 116, 0, 19, 19, 7225 }, // U+012F
    { 5, 23, 126, 1, 23, 15, 7244 }, // U+0130
    { 5, 13, 116, 1, 13, 9, 7259 }, // U+0131
    { 18, 17, 336, 2, 17, 39, 7268 }, // U+0132
    { 12, 24, 230, 1, 19, 36, 7307 }, // U+0133
    { 14, 23, 212, 0, 23, 41, 7343 }, // U+0134
    { 10, 24, 116, -2, 19, 30, 7384 }, // U+0135
    { 15, 22, 274, 2, 17, 42, 7414 }, // U+0136
    { 14, 24, 232, 1, 19, 42, 7456 }, // U+0137
    { 14, 13, 233, 1, 13, 23, 7498 }, // U+0138
    { 13, 24, 225, 1, 24, 39, 7521 }, // U+0139
    { 7, 24, 126, 1, 24, 21, 7560 }, // U+013A
    { 12, 22, 225, 2, 17, 33, 7581 }, // U+013B
    { 7, 24, 126, 1, 19, 21, 7614 }, // U+013C
    { 12, 17, 225, 2, 17, 26, 7635 }, // U+013D
    { 10, 19, 148, 1, 19, 24, 7661 }, // U+013E
    { 12, 17, 225, 2, 17, 26, 7685 }, // U+013F
    { 12, 19, 207, 1, 19, 29, 7711 }, // U+0140
    { 15, 17, 238, 0, 17, 32, 7740 }, // U+0141
    { 11, 19, 146, -1, 19, 27, 7772 }, // U+0142
    { 15, 24, 302, 2, 24, 45, 7799 }, // U+0143
    { 13, 20, 236, 1, 20, 33, 7844 }, // U+0144
    { 15, 22, 302, 2, 17, 42, 7877 }, // U+0145
    { 13, 18, 236, 1, 13, 30, 7919 }, // U+0146
    { 15, 24, 302, 2, 24, 45, 7949 }, // U+0147
    { 13, 20, 236, 1, 20, 33, 7994 }, // U+0148
    { 15, 19, 248, -1, 19, 36, 8027 }, // U+0149
    { 15, 22, 302, 2, 17, 42, 8063 }, // U+014A
    { 13, 18, 236, 1, 13, 30, 8105 }, // U+014B
    { 18, 23, 316, 1, 23, 52, 8135 }, // U+014C
    { 14, 19, 243, 1, 19, 34, 8187 }, // U+014D
    { 18, 23, 316, 1, 23, 52, 8221 }, // U+014E
    { 14, 19, 243, 1, 19, 34, 8273 }, // U+014F
    { 18, 24, 316, 1, 24, 54, 8307 }, // U+0150
    { 14, 20, 243, 1, 20, 35, 8361 }, // U+0151
    { 24, 17, 399, 1, 17, 51, 8396 }, // U+0152
    { 22, 13, 375, 1, 13, 36, 8447 }, // U+0153
    { 15, 24, 267, 2, 24, 45, 8483 }, // U+0154
    { 10, 20, 169, 1, 20, 25, 8528 }, // U+0155
    { 15, 22, 267, 2, 17, 42, 8553 }, // U+0156
    { 11, 18, 169, 0, 13, 25, 8595 }, // U+0157
    { 15, 24, 267, 2, 24, 45, 8620 }, // U+0158
    { 10, 20, 169, 1, 20, 25, 8665 }, // U+0159
    { 14, 24, 233, 0, 24, 42, 8690 }, // U+015A
    { 12, 20, 194, 0, 20, 30, 8732 }, // U+015B
    { 14, 23, 233, 0, 23, 41, 8762 }, // U+015C
    { 12, 19, 194, 0, 19, 29, 8803 }, // U+015D
    { 14, 22, 233, 0, 17, 39, 8832 }, // U+015E
    { 12, 18, 194, 0, 13, 27, 8871 }, // U+015F
    { 14, 24, 233, 0, 24, 42, 8898 }, // U+0160
    { 12, 20, 194, 0, 20, 30, 8940 }, // U+0161
    { 15, 23, 246, 0, 17, 44, 8970 }, // U+0162
    { 10, 22, 178, 1, 17, 28, 9014 }, // U+0163
    { 15, 24, 246, 0, 24, 45, 9042 }, // U+0164
    { 10, 19, 178, 1, 19, 24, 9087 }, // U+0165
    { 15, 17, 246, 0, 17, 32, 9111 }, // U+0166
    { 10, 17, 178, 1, 17, 22, 9143 }, // U+0167
    { 15, 23, 283, 1, 23, 44, 9165 }, // U+0168
    { 12, 19, 236, 1, 19, 29, 9209 }, // U+0169
    { 15, 23, 283, 1, 23, 44, 9238 }, // U+016A
    { 12, 19, 236, 1, 19, 29, 9282 }, // U+016B
    { 15, 23, 283, 1, 23, 44, 9311 }, // U+016C
    { 12, 19, 236, 1, 19, 29, 9355 }, // U+016D
    { 15, 23, 283, 1, 23, 44, 9384 }, // U+016E
    { 12, 20, 236, 1, 20, 30, 9428 }, // U+016F
    { 15, 24, 283, 1, 24, 45, 9458 }, // U+0170
    { 13, 20, 236, 1, 20, 33, 9503 }, // U+0171
    { 15, 22, 283, 1, 17, 42, 9536 }, // U+0172
    { 13, 18, 236, 1, 13, 30, 9578 }, // U+0173
    { 24, 23, 379, 0, 23, 69, 9608 }, // U+0174
    { 20, 19, 314, 0, 19, 48, 9677 }, // U+0175
    { 17, 23, 264, 0, 23, 49, 9725 }, // U+0176
    { 14, 24, 219, 0, 19, 42, 9774 }, // U+0177
    { 17, 23, 264, 0, 23, 49, 9816 }, // U+0178
    { 15, 24, 244, 0, 24, 45, 9865 }, // U+0179
    { 12, 20, 200, 0, 20, 30, 9910 }, // U+017A
    { 15, 23, 244, 0, 23, 44, 9940 }, // U+017B
    { 12, 19, 200, 0, 19, 29, 9984 }, // U+017C
    { 15, 24, 244, 0, 24, 45, 10013 }, // U+017D
    { 12, 20, 200, 0, 20, 30, 10058 }, // U+017E
    { 10, 19, 132, 1, 19, 24, 10088 }, // U+017F
    { 18, 19, 316, 1, 19, 43, 10112 }, // U+01A0
    { 15, 15, 243, 1, 15, 29, 10155 }, // U+01A1
    { 18, 20, 299, 1, 20, 45, 10184 }, // U+01AF
    { 15, 16, 250, 1, 16, 30, 10229 }, // U+01B0
    { 30, 24, 520, 2, 24, 90, 10259 }, // U+01C4
    { 28, 20, 486, 2, 20, 70, 10349 }, // U+01C5
    { 26, 20, 438, 1, 20, 65, 10419 }, // U+01C6
    { 24, 17, 436, 2, 17, 51, 10484 }, // U+01C7
    { 18, 24, 339, 2, 19, 54, 10535 }, // U+01C8
    { 13, 24, 241, 1, 19, 39, 10589 }, // U+01C9
    { 29, 17, 512, 2, 17, 62, 10628 }, // U+01CA
    { 23, 24, 417, 2, 19, 69, 10690 }, // U+01CB
    { 20, 24, 351, 1, 19, 60, 10759 }, // U+01CC
    { 18, 24, 288, 0, 24, 54, 10819 }, // U+01CD
    { 13, 20, 221, 0, 20, 33, 10873 }, // U+01CE
    { 8, 24, 126, 0, 24, 24, 10906 }, // U+01CF
    { 9, 20, 116, -1, 20, 23, 10930 }, // U+01D0
    { 18, 24, 316, 1, 24, 54, 10953 }, // U+01D1
    { 14, 20, 243, 1, 20, 35, 11007 }, // U+01D2
    { 15, 24, 283, 1, 24, 45, 11042 }, // U+01D3
    { 12, 20, 236, 1, 20, 30, 11087 }, // U+01D4
    { 15, 25, 283, 1, 25, 47, 11117 }, // U+01D5
    { 12, 21, 236, 1, 21, 32, 11164 }, // U+01D6
    { 15, 24, 283, 1, 24, 45, 11196 }, // U+01D7
    { 12, 22, 236, 1, 22, 33, 11241 }, // U+01D8
    { 15, 24, 283, 1, 24, 45, 11274 }, // U+01D9
    { 12, 22, 236, 1, 22, 33, 11319 }, // U+01DA
    { 15, 24, 283, 1, 24, 45, 11352 }, // U+01DB
    { 12, 22, 236, 1, 22, 33, 11397 }, // U+01DC
    { 13, 13, 234, 1, 13, 22, 11430 }, // U+01DD
    { 18, 25, 288, 0, 25, 57, 11452 }, // U+01DE
    { 13, 21, 221, 0, 21, 35, 11509 }, // U+01DF
    { 18, 25, 288, 0, 25, 57, 11544 }, // U+01E0
    { 13, 21, 221, 0, 21, 35, 11601 }, // U+01E1
    { 24, 23, 398, 0, 23, 69, 11636 }, // U+01E2
    { 21, 19, 350, 0, 19, 50, 11705 }, // U+01E3
    { 17, 17, 291, 1, 17, 37, 11755 }, // U+01E4
    { 14, 18, 241, 1, 13, 32, 11792 }, // U+01E5
    { 15, 24, 281, 1, 24, 45, 11824 }, // U+01E6
    { 13, 25, 238, 1, 20, 41, 11869 }, // U+01E7
    { 15, 24, 274, 2, 24, 45, 11910 }, // U+01E8
    { 14, 25, 232, 1, 25, 44, 11955 }, // U+01E9
    { 18, 22, 316, 1, 17, 50, 11999 }, // U+01EA
    { 14, 18, 243, 1, 13, 32, 12049 }, // U+01EB
    { 18, 28, 316, 1, 23, 63, 12081 }, // U+01EC
    { 14, 24, 243, 1, 19, 42, 12144 }, // U+01ED
    { 14, 24, 246, 0, 24, 42, 12186 }, // U+01EE
    { 12, 26, 206, 0, 21, 39, 12228 }, // U+01EF
    { 10, 25, 116, -2, 20, 32, 12267 }, // U+01F0
    { 30, 17, 520, 2, 17, 64, 12299 }, // U+01F1
    { 28, 17, 486, 2, 17, 60, 12363 }, // U+01F2
    { 26, 19, 438, 1, 19, 62, 12423 }, // U+01F3
    { 15, 24, 281, 1, 24, 45, 12485 }, // U+01F4
    { 13, 25, 238, 1, 20, 41, 12530 }, // U+01F5
    { 24, 17, 424, 2, 17, 51, 12571 }, // U+01F6
    { 14, 22, 268, 2, 17, 39, 12622 }, // U+01F7
    { 15, 24, 302, 2, 24, 45, 12661 }, // U+01F8
    { 13, 20, 236, 1, 20, 33, 12706 }, // U+01F9
    { 18, 26, 288, 0, 26, 59, 12739 }, // U+01FA
    { 13, 24, 221, 0, 24, 39, 12798 }, // U+01FB
    { 24, 24, 398, 0, 24, 72, 12837 }, // U+01FC
    { 21, 20, 350, 0, 20, 53, 12909 }, // U+01FD
    { 18, 25, 316, 1, 24, 57, 12962 }, // U+01FE
    { 14, 21, 243, 1, 20, 37, 13019 }, // U+01FF
    { 18, 24, 288, 0, 24, 54, 13056 }, // U+0200
    { 13, 20, 221, 0, 20, 33, 13110 }, // U+0201
    { 18, 23, 288, 0, 23, 52, 13143 }, // U+0202
    { 13, 19, 221, 0, 19, 31, 13195 }, // U+0203
    { 13, 24, 242, 2, 24, 39, 13226 }, // U+0204
    { 13, 20, 234, 1, 20, 33, 13265 }, // U+0205
    { 13, 23, 242, 2, 23, 38, 13298 }, // U+0206
    { 13, 19, 234, 1, 19, 31, 13336 }, // U+0207
    { 11, 24, 126, -2, 24, 33, 13367 }, // U+0208
    { 12, 20, 116, -3, 20, 30, 13400 }, // U+0209
    { 10, 23, 126, -1, 23, 29, 13430 }, // U+020A
    { 9, 19, 116, -1, 19, 22, 13459 }, // U+020B
    { 18, 24, 316, 1, 24, 54, 13481 }, // U+020C
    { 14, 20, 243, 1, 20, 35, 13535 }, // U+020D
    { 18, 23, 316, 1, 23, 52, 13570 }, // U+020E
    { 14, 19, 243, 1, 19, 34, 13622 }, // U+020F
    { 15, 24, 267, 2, 24, 45, 13656 }, // U+0210
    { 11, 20, 169, 0, 20, 28, 13701 }, // U+0211
    { 15, 23, 267, 2, 23, 44, 13729 }, // U+0212
    { 10, 19, 169, 1, 19, 24, 13773 }, // U+0213
    { 15, 24, 283, 1, 24, 45, 13797 }, // U+0214
    { 12, 20, 236, 1, 20, 30, 13842 }, // U+0215
    { 15, 23, 283, 1, 23, 44, 13872 }, // U+0216
    { 12, 19, 236, 1, 19, 29, 13916 }, // U+0217
    { 14, 22, 233, 0, 17, 39, 13945 }, // U+0218
    { 12, 18, 194, 0, 13, 27, 13984 }, // U+0219
    { 15, 22, 246, 0, 17, 42, 14011 }, // U+021A
    { 10, 22, 178, 1, 17, 28, 14053 }, // U+021B
    { 13, 22, 227, 0, 17, 36, 14081 }, // U+021C
    { 11, 18, 191, 0, 13, 25, 14117 }, // U+021D
    { 15, 24, 294, 2, 24, 45, 14142 }, // U+021E
    { 13, 25, 236, 1, 25, 41, 14187 }, // U+021F
    { 11, 10, 0, 2, 19, 14, 14228 }, // U+0300
    { 11, 11, 0, 2, 19, 16, 14242 }, // U+0301
    { 10, 3, 0, -5, 20, 4, 14258 }, // U+0304
    { 7, 6, 0, 4, 22, 6, 14262 }, // U+0307
    { 15, 11, 0, 0, 18, 21, 14268 }, // U+030C
    { 9, 4, 156, 0, 19, 5, 14289 }, // U+0311
    { 13, 24, 242, 2, 24, 39, 14294 }, // U+0400
    { 13, 23, 242, 2, 23, 38, 14333 }, // U+0401
    { 20, 17, 326, 0, 17, 43, 14371 }, // U+0402
    { 12, 24, 237, 2, 24, 36, 14414 }, // U+0403
    { 16, 17, 274, 1, 17, 34, 14450 }, // U+0404
    { 14, 17, 233, 0, 17, 30, 14484 }, // U+0405
    { 4, 17, 126, 2, 17, 9, 14514 }, // U+0406
    { 10, 23, 126, -1, 23, 29, 14523 }, // U+0407
    { 12, 17, 212, 0, 17, 26, 14552 }, // U+0408
    { 28, 17, 452, 0, 17, 60, 14578 }, // U+0409
    { 24, 17, 430, 2, 17, 51, 14638 }, // U+040A
    { 19, 17, 308, 0, 17, 41, 14689 }, // U+040B
    { 15, 24, 274, 2, 24, 45, 14730 }, // U+040C
    { 15, 24, 302, 2, 24, 45, 14775 }, // U+040D
    { 17, 24, 261, 0, 24, 51, 14820 }, // U+040E
    { 15, 22, 292, 2, 17, 42, 14871 }, // U+040F
    { 18, 17, 288, 0, 17, 39, 14913 }, // U+0410
    { 14, 17, 260, 2, 17, 30, 14952 }, // U+0411
    { 14, 17, 269, 2, 17, 30, 14982 }, // U+0412
    { 12, 17, 237, 2, 17, 26, 15012 }, // U+0413
    { 21, 22, 329, 0, 17, 58, 15038 }, // U+0414
    { 13, 17, 242, 2, 17, 28, 15096 }, // U+0415
    { 25, 17, 393, 0, 17, 54, 15124 }, // U+0416
    { 15, 17, 244, 0, 17, 32, 15178 }, // U+0417
    { 15, 17, 302, 2, 17, 32, 15210 }, // U+0418
    { 15, 24, 302, 2, 24, 45, 15242 }, // U+0419
    { 15, 17, 274, 2, 17, 32, 15287 }, // U+041A
    { 18, 17, 316, 0, 17, 39, 15319 }, // U+041B
    { 20, 17, 359, 1, 17, 43, 15358 }, // U+041C
    { 15, 17, 294, 2, 17, 32, 15401 }, // U+041D
    { 18, 17, 316, 1, 17, 39, 15433 }, // U+041E
    { 15, 17, 292, 2, 17, 32, 15472 }, // U+041F
    { 14, 17, 258, 2, 17, 30, 15504 }, // U+0420
    { 15, 17, 259, 1, 17, 32, 15534 }, // U+0421
    { 15, 17, 246, 0, 17, 32, 15566 }, // U+0422
    { 17, 17, 261, 0, 17, 37, 15598 }, // U+0423
    { 20, 18, 348, 1, 18, 45, 15635 }, // U+0424
    { 17, 17, 270, 0, 17, 37, 15680 }, // U+0425
    { 18, 22, 316, 2, 17, 50, 15717 }, // U+0426
    { 14, 17, 272, 1, 17, 30, 15767 }, // U+0427
    { 22, 17, 408, 2, 17, 47, 15797 }, // U+0428
    { 25, 22, 432, 2, 17, 69, 15844 }, // U+0429
    { 19, 17, 309, 0, 17, 41, 15913 }, // U+042A
    { 20, 17, 371, 2, 17, 43, 15954 }, // U+042B
    { 14, 17, 264, 2, 17, 30, 15997 }, // U+042C
    { 15, 17, 272, 1, 17, 32, 16027 }, // U+042D
    { 24, 17, 432, 2, 17, 51, 16059 }, // U+042E
    { 15, 17, 276, 1, 17, 32, 16110 }, // U+042F
    { 13, 13, 221, 0, 13, 22, 16142 }, // U+0430
    { 13, 19, 240, 1, 19, 31, 16164 }, // U+0431
    { 13, 13, 239, 1, 13, 22, 16195 }, // U+0432
    { 11, 13, 181, 1, 13, 18, 16217 }, // U+0433
    { 17, 17, 271, 0, 13, 37, 16235 }, // U+0434
    { 13, 13, 234, 1, 13, 22, 16272 }, // U+0435
    { 21, 13, 340, 0, 13, 35, 16294 }, // U+0436
    { 12, 13, 198, 0, 13, 20, 16329 }, // U+0437
    { 13, 13, 248, 1, 13, 22, 16349 }, // U+0438
    { 13, 20, 248, 1, 20, 33, 16371 }, // U+0439
    { 14, 13, 234, 1, 13, 23, 16404 }, // U+043A
    { 14, 13, 251, 0, 13, 23, 16427 }, // U+043B
    { 17, 13, 304, 1, 13, 28, 16450 }, // U+043C
    { 13, 13, 237, 1, 13, 22, 16478 }, // U+043D
    { 14, 13, 243, 1, 13, 23, 16500 }, // U+043E
    { 13, 13, 237, 1, 13, 22, 16523 }, // U+043F
    { 13, 18, 242, 1, 13, 30, 16545 }, // U+0440
    { 11, 13, 200, 1, 13, 18, 16575 }, // U+0441
    { 13, 13, 210, 0, 13, 22, 16593 }, // U+0442
    { 14, 18, 219, 0, 13, 32, 16615 }, // U+0443
    { 18, 24, 318, 1, 19, 54, 16647 }, // U+0444
    { 14, 13, 222, 0, 13, 23, 16701 }, // U+0445
    { 15, 17, 253, 1, 13, 32, 16724 }, // U+0446
    { 12, 13, 227, 1, 13, 20, 16756 }, // U+0447
    { 19, 13, 344, 1, 13, 31, 16776 }, // U+0448
    { 21, 17, 360, 1, 13, 45, 16807 }, // U+0449
    { 16, 13, 256, 0, 13, 26, 16852 }, // U+044A
    { 18, 13, 330, 1, 13, 30, 16878 }, // U+044B
    { 13, 13, 226, 1, 13, 22, 16908 }, // U+044C
    { 13, 13, 208, 0, 13, 22, 16930 }, // U+044D
    { 20, 13, 349, 1, 13, 33, 16952 }, // U+044E
    { 13, 13, 234, 0, 13, 22, 16985 }, // U+044F
    { 13, 20, 234, 1, 20, 33, 17007 }, // U+0450
    { 13, 19, 234, 1, 19, 31, 17040 }, // U+0451
    { 14, 24, 240, 0, 19, 42, 17071 }, // U+0452
    { 11, 20, 181, 1, 20, 28, 17113 }, // U+0453
    { 13, 13, 208, 0, 13, 22, 17141 }, // U+0454
    { 12, 13, 194, 0, 13, 20, 17163 }, // U+0455
    { 5, 19, 116, 1, 19, 12, 17183 }, // U+0456
    { 11, 19, 116, -2, 19, 27, 17195 }, // U+0457
    { 8, 24, 116, -2, 19, 24, 17222 }, // U+0458
    { 22, 13, 361, 0, 13, 36, 17246 }, // U+0459
    { 20, 13, 347, 1, 13, 33, 17282 }, // U+045A
    { 14, 19, 240, 0, 19, 34, 17315 }, // U+045B
    { 14, 20, 234, 1, 20, 35, 17349 }, // U+045C
    { 13, 20, 248, 1, 20, 33, 17384 }, // U+045D
    { 14, 25, 219, 0, 20, 44, 17417 }, // U+045E
    { 13, 17, 237, 1, 13, 28, 17461 }, // U+045F
    { 18, 19, 299, 0, 19, 43, 17489 }, // U+0462
    { 15, 19, 254, 0, 19, 36, 17532 }, // U+0463
    { 18, 17, 316, 1, 17, 39, 17568 }, // U+0472
    { 14, 13, 243, 1, 13, 23, 17607 }, // U+0473
    { 21, 17, 316, 0, 17, 45, 17630 }, // U+0474
    { 16, 13, 239, 0, 13, 26, 17675 }, // U+0475
    { 18, 29, 331, 2, 24, 66, 17701 }, // U+048A
    { 15, 24, 252, 1, 20, 45, 17767 }, // U+048B
    { 16, 17, 264, 0, 17, 34, 17812 }, // U+048C
    { 14, 14, 226, 0, 14, 25, 17846 }, // U+048D
    { 14, 17, 262, 2, 17, 30, 17871 }, // U+048E
    { 14, 18, 246, 1, 13, 32, 17901 }, // U+048F
    { 12, 20, 229, 2, 20, 30, 17933 }, // U+0490
    { 11, 16, 185, 1, 16, 22, 17963 }, // U+0491
    { 15, 17, 254, 1, 17, 32, 17985 }, // U+0492
    { 12, 13, 210, 1, 13, 20, 18017 }, // U+0493
    { 14, 22, 270, 2, 17, 39, 18037 }, // U+0494
    { 13, 18, 228, 1, 13, 30, 18076 }, // U+0495
    { 26, 21, 409, 0, 17, 69, 18106 }, // U+0496
    { 22, 17, 349, 0, 13, 47, 18175 }, // U+0497
    { 15, 22, 244, 0, 17, 42, 18222 }, // U+0498
    { 12, 18, 198, 0, 13, 27, 18264 }, // U+0499
    { 16, 22, 295, 2, 17, 44, 18291 }, // U+049A
    { 14, 17, 242, 1, 13, 30, 18335 }, // U+049B
    { 18, 17, 314, 2, 17, 39, 18365 }, // U+049C
    { 16, 13, 273, 1, 13, 26, 18404 }, // U+049D
    { 18, 18, 283, 0, 18, 41, 18430 }, // U+049E
    { 15, 14, 242, 0, 14, 27, 18471 }, // U+049F
    { 20, 17, 319, 0, 17, 43, 18498 }, // U+04A0
    { 17, 13, 263, 0, 13, 28, 18541 }, // U+04A1
    { 18, 22, 323, 2, 17, 50, 18569 }, // U+04A2
    { 15, 17, 254, 1, 13, 32, 18619 }, // U+04A3
    { 19, 17, 335, 2, 17, 41, 18651 }, // U+04A4
    { 16, 13, 261, 1, 13, 26, 18692 }, // U+04A5
    { 25, 22, 444, 2, 17, 69, 18718 }, // U+04A6
    { 20, 18, 349, 1, 13, 45, 18787 }, // U+04A7
    { 19, 21, 320, 1, 17, 50, 18832 }, // U+04A8
    { 15, 17, 253, 1, 13, 32, 18882 }, // U+04A9
    { 15, 22, 259, 1, 17, 42, 18914 }, // U+04AA
    { 11, 18, 200, 1, 13, 25, 18956 }, // U+04AB
    { 15, 22, 246, 0, 17, 42, 18981 }, // U+04AC
    { 13, 17, 202, 0, 13, 28, 19023 }, // U+04AD
    { 17, 17, 264, 0, 17, 37, 19051 }, // U+04AE
    { 14, 18, 220, 0, 13, 32, 19088 }, // U+04AF
    { 17, 17, 264, 0, 17, 37, 19120 }, // U+04B0
    { 14, 18, 220, 0, 13, 32, 19157 }, // U+04B1
    { 18, 22, 286, 0, 17, 50, 19189 }, // U+04B2
    { 15, 17, 235, 0, 13, 32, 19239 }, // U+04B3
    { 23, 22, 376, 0, 17, 64, 19271 }, // U+04B4
    { 17, 17, 279, 0, 13, 37, 19335 }, // U+04B5
    { 17, 22, 290, 1, 17, 47, 19372 }, // U+04B6
    { 15, 17, 236, 0, 13, 32, 19419 }, // U+04B7
    { 14, 17, 272, 1, 17, 30, 19451 }, // U+04B8
    { 13, 13, 225, 0, 13, 22, 19481 }, // U+04B9
    { 14, 17, 280, 2, 17, 30, 19503 }, // U+04BA
    { 13, 19, 236, 1, 19, 31, 19533 }, // U+04BB
    { 21, 17, 352, 0, 17, 45, 19564 }, // U+04BC
    { 17, 13, 283, 0, 13, 28, 19609 }, // U+04BD
    { 21, 21, 352, 0, 17, 56, 19637 }, // U+04BE
    { 17, 16, 283, 0, 13, 34, 19693 }, // U+04BF
    { 4, 17, 126, 2, 17, 9, 19727 }, // U+04C0
    { 25, 24, 393, 0, 24, 75, 19736 }, // U+04C1
    { 21, 20, 340, 0, 20, 53, 19811 }, // U+04C2
    { 15, 22, 281, 2, 17, 42, 19864 }, // U+04C3
    { 13, 18, 230, 1, 13, 30, 19906 }, // U+04C4
    { 21, 22, 332, 0, 17, 58, 19936 }, // U+04C5
    { 17, 17, 270, 0, 13, 37, 19994 }, // U+04C6
    { 15, 22, 294, 2, 17, 42, 20031 }, // U+04C7
    { 13, 18, 240, 1, 13, 30, 20073 }, // U+04C8
    { 18, 22, 314, 2, 17, 50, 20103 }, // U+04C9
    { 15, 17, 251, 1, 13, 32, 20153 }, // U+04CA
    { 14, 22, 272, 1, 17, 39, 20185 }, // U+04CB
    { 12, 17, 227, 1, 13, 26, 20224 }, // U+04CC
    { 23, 22, 381, 1, 17, 64, 20250 }, // U+04CD
    { 19, 17, 318, 1, 13, 41, 20314 }, // U+04CE
    { 5, 17, 116, 1, 17, 11, 20355 }, // U+04CF
    { 18, 24, 288, 0, 24, 54, 20366 }, // U+04D0
    { 13, 20, 221, 0, 20, 33, 20420 }, // U+04D1
    { 18, 23, 288, 0, 23, 52, 20453 }, // U+04D2
    { 13, 19, 221, 0, 19, 31, 20505 }, // U+04D3
    { 24, 17, 398, 0, 17, 51, 20536 }, // U+04D4
    { 21, 13, 350, 0, 13, 35, 20587 }, // U+04D5
    { 13, 24, 242, 2, 24, 39, 20622 }, // U+04D6
    { 13, 20, 234, 1, 20, 33, 20661 }, // U+04D7
    { 16, 17, 292, 1, 17, 34, 20694 }, // U+04D8
    { 13, 13, 234, 1, 13, 22, 20728 }, // U+04D9
    { 16, 23, 292, 1, 23, 46, 20750 }, // U+04DA
    { 13, 19, 234, 1, 19, 31, 20796 }, // U+04DB
    { 25, 23, 393, 0, 23, 72, 20827 }, // U+04DC
    { 21, 19, 340, 0, 19, 50, 20899 }, // U+04DD
    { 15, 23, 244, 0, 23, 44, 20949 }, // U+04DE
    { 12, 19, 198, 0, 19, 29, 20993 }, // U+04DF
    { 14, 17, 246, 0, 17, 30, 21022 }, // U+04E0
    { 12, 18, 206, 0, 13, 27, 21052 }, // U+04E1
    { 15, 23, 302, 2, 23, 44, 21079 }, // U+04E2
    { 13, 19, 248, 1, 19, 31, 21123 }, // U+04E3
    { 15, 23, 302, 2, 23, 44, 21154 }, // U+04E4
    { 13, 19, 248, 1, 19, 31, 21198 }, // U+04E5
    { 18, 23, 316, 1, 23, 52, 21229 }, // U+04E6
    { 14, 19, 243, 1, 19, 34, 21281 }, // U+04E7
    { 18, 17, 316, 1, 17, 39, 21315 }, // U+04E8
    { 14, 13, 243, 1, 13, 23, 21354 }, // U+04E9
    { 18, 23, 316, 1, 23, 52, 21377 }, // U+04EA
    { 14, 19, 243, 1, 19, 34, 21429 }, // U+04EB
    { 15, 23, 272, 1, 23, 44, 21463 }, // U+04EC
    { 13, 19, 208, 0, 19, 31, 21507 }, // U+04ED
    { 17, 23, 261, 0, 23, 49, 21538 }, // U+04EE
    { 14, 24, 219, 0, 19, 42, 21587 }, // U+04EF
    { 17, 23, 261, 0, 23, 49, 21629 }, // U+04F0
    { 14, 24, 219, 0, 19, 42, 21678 }, // U+04F1
    { 17, 24, 261, 0, 24, 51, 21720 }, // U+04F2
    { 14, 25, 219, 0, 20, 44, 21771 }, // U+04F3
    { 14, 23, 272, 1, 23, 41, 21815 }, // U+04F4
    { 12, 19, 227, 1, 19, 29, 21856 }, // U+04F5
    { 12, 22, 237, 2, 17, 33, 21885 }, // U+04F6
    { 11, 17, 181, 1, 13, 24, 21918 }, // U+04F7
    { 20, 23, 371, 2, 23, 58, 21942 }, // U+04F8
    { 18, 19, 330, 1, 19, 43, 22000 }, // U+04F9
    { 18, 25, 256, -1, 19, 57, 22043 }, // U+1EA0
    { 12, 20, 236, 1, 14, 30, 22100 }, // U+1EA1
    { 18, 26, 256, -1, 26, 59, 22130 }, // U+1EA2
    { 12, 22, 236, 1, 22, 33, 22189 }, // U+1EA3
    { 18, 26, 256, -1, 26, 59, 22222 }, // U+1EA4
    { 15, 23, 236, 1, 23, 44, 22281 }, // U+1EA5
    { 18, 26, 256, -1, 26, 59, 22325 }, // U+1EA6
    { 13, 23, 236, 0, 23, 38, 22384 }, // U+1EA7
    { 18, 27, 256, -1, 27, 61, 22422 }, // U+1EA8
    { 14, 23, 236, 1, 23, 41, 22483 }, // U+1EA9
    { 18, 29, 256, -1, 29, 66, 22524 }, // U+1EAA
    { 12, 24, 236, 1, 24, 36, 22590 }, // U+1EAB
    { 18, 30, 256, -1, 24, 68, 22626 }, // U+1EAC
    { 12, 27, 236, 1, 21, 41, 22694 }, // U+1EAD
    { 18, 28, 256, -1, 28, 63, 22735 }, // U+1EAE
    { 12, 25, 236, 1, 25, 38, 22798 }, // U+1EAF
    { 18, 28, 256, -1, 28, 63, 22836 }, // U+1EB0
    { 12, 25, 236, 1, 25, 38, 22899 }, // U+1EB1
    { 18, 28, 256, -1, 28, 63, 22937 }, // U+1EB2
    { 12, 25, 236, 1, 25, 38, 23000 }, // U+1EB3
    { 18, 28, 256, -1, 28, 63, 23038 }, // U+1EB4
    { 12, 24, 236, 1, 24, 36, 23101 }, // U+1EB5
    { 18, 31, 256, -1, 25, 70, 23137 }, // U+1EB6
    { 12, 28, 236, 1, 22, 42, 23207 }, // U+1EB7
    { 12, 25, 246, 2, 19, 38, 23249 }, // U+1EB8
    { 13, 20, 232, 1, 14, 33, 23287 }, // U+1EB9
    { 12, 26, 246, 2, 26, 39, 23320 }, // U+1EBA
    { 13, 22, 232, 1, 22, 36, 23359 }, // U+1EBB
    { 12, 25, 246, 2, 25, 38, 23395 }, // U+1EBC
    { 13, 21, 232, 1, 21, 35, 23433 }, // U+1EBD
    { 14, 26, 246, 2, 26, 46, 23468 }, // U+1EBE
    { 15, 23, 232, 1, 23, 44, 23514 }, // U+1EBF
    { 13, 26, 246, 1, 26, 43, 23558 }, // U+1EC0
    { 15, 23, 232, -1, 23, 44, 23601 }, // U+1EC1
    { 14, 27, 246, 2, 27, 48, 23645 }, // U+1EC2
    { 14, 23, 232, 1, 23, 41, 23693 }, // U+1EC3
    { 12, 29, 246, 2, 29, 44, 23734 }, // U+1EC4
    { 13, 24, 232, 1, 24, 39, 23778 }, // U+1EC5
    { 12, 30, 246, 2, 24, 45, 23817 }, // U+1EC6
    { 13, 27, 232, 1, 21, 44, 23862 }, // U+1EC7
    { 6, 26, 132, 1, 26, 20, 23906 }, // U+1EC8
    { 6, 23, 122, 1, 23, 18, 23926 }, // U+1EC9
    { 5, 25, 132, 2, 19, 16, 23944 }, // U+1ECA
    { 5, 26, 122, 1, 20, 17, 23960 }, // U+1ECB
    { 17, 25, 308, 1, 19, 54, 23977 }, // U+1ECC
    { 14, 20, 250, 1, 14, 35, 24031 }, // U+1ECD
    { 17, 25, 308, 1, 25, 54, 24066 }, // U+1ECE
    { 14, 22, 250, 1, 22, 39, 24120 }, // U+1ECF
    { 17, 26, 308, 1, 26, 56, 24159 }, // U+1ED0
    { 15, 23, 250, 1, 23, 44, 24215 }, // U+1ED1
    { 17, 26, 308, 1, 26, 56, 24259 }, // U+1ED2
    { 15, 23, 250, 0, 23, 44, 24315 }, // U+1ED3
    { 17, 26, 308, 1, 26, 56, 24359 }, // U+1ED4
    { 14, 23, 250, 1, 23, 41, 24415 }, // U+1ED5
    { 17, 28, 308, 1, 28, 60, 24456 }, // U+1ED6
    { 14, 24, 250, 1, 24, 42, 24516 }, // U+1ED7
    { 17, 30, 308, 1, 24, 64, 24558 }, // U+1ED8
    { 14, 27, 250, 1, 21, 48, 24622 }, // U+1ED9
    { 18, 26, 308, 1, 26, 59, 24670 }, // U+1EDA
    { 15, 23, 250, 1, 23, 44, 24729 }, // U+1EDB
    { 18, 26, 308, 1, 26, 59, 24773 }, // U+1EDC
    { 15, 23, 250, 1, 23, 44, 24832 }, // U+1EDD
    { 18, 25, 308, 1, 25, 57, 24876 }, // U+1EDE
    { 15, 22, 250, 1, 22, 42, 24933 }, // U+1EDF
    { 18, 25, 308, 1, 25, 57, 24975 }, // U+1EE0
    { 15, 21, 250, 1, 21, 40, 25032 }, // U+1EE1
    { 18, 30, 308, 1, 24, 68, 25072 }, // U+1EE2
    { 15, 25, 250, 1, 19, 47, 25140 }, // U+1EE3
    { 15, 25, 299, 2, 19, 47, 25187 }, // U+1EE4
    { 13, 20, 255, 1, 14, 33, 25234 }, // U+1EE5
    { 15, 26, 299, 2, 26, 49, 25267 }, // U+1EE6
    { 13, 23, 255, 1, 23, 38, 25316 }, // U+1EE7
    { 19, 26, 307, 2, 26, 62, 25354 }, // U+1EE8
    { 16, 24, 255, 1, 24, 48, 25416 }, // U+1EE9
    { 19, 26, 307, 2, 26, 62, 25464 }, // U+1EEA
    { 16, 24, 255, 1, 24, 48, 25526 }, // U+1EEB
    { 19, 26, 307, 2, 26, 62, 25574 }, // U+1EEC
    { 16, 23, 255, 1, 23, 46, 25636 }, // U+1EED
    { 19, 25, 307, 2, 25, 60, 25682 }, // U+1EEE
    { 16, 21, 255, 1, 21, 42, 25742 }, // U+1EEF
    { 19, 31, 307, 2, 25, 74, 25784 }, // U+1EF0
    { 16, 26, 255, 1, 20, 52, 25858 }, // U+1EF1
    { 17, 24, 264, 0, 24, 51, 25910 }, // U+1EF2
    { 14, 25, 219, 0, 20, 44, 25961 }, // U+1EF3
    { 16, 25, 232, -1, 19, 50, 26005 }, // U+1EF4
    { 15, 20, 230, 0, 14, 38, 26055 }, // U+1EF5
    { 16, 26, 232, -1, 26, 52, 26093 }, // U+1EF6
    { 15, 29, 230, 0, 23, 55, 26145 }, // U+1EF7
    { 16, 25, 232, -1, 25, 50, 26200 }, // U+1EF8
    { 15, 27, 230, 0, 21, 51, 26250 }, // U+1EF9
    { 0, 0, 200, 0, 0, 0, 26301 }, // U+2002
    { 0, 0, 400, 0, 0, 0, 26301 }, // U+2003
    { 7, 2, 400, 9, 11, 2, 26301 }, // U+2010
    { 8, 3, 148, 1, 9, 3, 26303 }, // U+2011
    { 12, 3, 218, 1, 9, 5, 26306 }, // U+2012
    { 13, 3, 200, 0, 9, 5, 26311 }, // U+2013
    { 25, 3, 400, 0, 9, 10, 26316 }, // U+2014
    { 25, 3, 400, 0, 9, 10, 26326 }, // U+2015
    { 7, 25, 400, 9, 22, 22, 26336 }, // U+2016
    { 5, 7, 97, 1, 19, 5, 26358 }, // U+2018
    { 6, 7, 97, 0, 19, 6, 26363 }, // U+2019
    { 6, 7, 97, 0, 4, 6, 26369 }, // U+201A
    { 10, 7, 182, 1, 19, 9, 26375 }, // U+201C
    { 11, 7, 182, 0, 19, 10, 26384 }, // U+201D
    { 11, 7, 182, 0, 4, 10, 26394 }, // U+201E
    { 12, 21, 198, 0, 17, 32, 26404 }, // U+2020
    { 12, 21, 198, 0, 17, 32, 26436 }, // U+2021
    { 9, 7, 146, 0, 12, 8, 26468 }, // U+2022
    { 17, 5, 400, 4, 12, 11, 26476 }, // U+2025
    { 23, 5, 400, 1, 5, 15, 26487 }, // U+2026
    { 7, 7, 400, 9, 13, 7, 26502 }, // U+2027
    { 33, 17, 528, 0, 17, 71, 26509 }, // U+2030
    { 5, 8, 130, 2, 19, 5, 26580 }, // U+2032
    { 11, 8, 230, 2, 19, 11, 26585 }, // U+2033
    { 8, 5, 400, 7, 25, 5, 26596 }, // U+2035
    { 8, 13, 131, 0, 14, 13, 26601 }, // U+2039
    { 8, 13, 131, 0, 14, 13, 26614 }, // U+203A
    { 19, 19, 400, 3, 19, 46, 26627 }, // U+203B
    { 13, 20, 271, 2, 20, 33, 26673 }, // U+203C
    { 21, 21, 400, 2, 20, 56, 26706 }, // U+2042
    { 14, 18, 61, -5, 18, 32, 26762 }, // U+2044
    { 23, 20, 389, 1, 20, 58, 26794 }, // U+2047
    { 18, 20, 332, 1, 20, 45, 26852 }, // U+2048
    { 18, 20, 332, 2, 20, 45, 26897 }, // U+2049
    { 11, 22, 400, 7, 21, 31, 26942 }, // U+2051
    { 9, 10, 145, 0, 18, 12, 26973 }, // U+2070
    { 9, 10, 145, 0, 18, 12, 26985 }, // U+2074
    { 9, 10, 145, 0, 18, 12, 26997 }, // U+2075
    { 9, 10, 145, 0, 18, 12, 27009 }, // U+2076
    { 9, 10, 145, 0, 18, 12, 27021 }, // U+2077
    { 9, 10, 145, 0, 18, 12, 27033 }, // U+2078
    { 9, 10, 145, 0, 18, 12, 27045 }, // U+2079
    { 9, 10, 145, 0, 11, 12, 27057 }, // U+2080
    { 7, 10, 145, 0, 11, 9, 27069 }, // U+2081
    { 9, 10, 145, 0, 11, 12, 27078 }, // U+2082
    { 8, 10, 145, 0, 11, 10, 27090 }, // U+2083
    { 9, 10, 145, 0, 11, 12, 27100 }, // U+2084
    { 9, 10, 145, 0, 11, 12, 27112 }, // U+2085
    { 9, 10, 145, 0, 11, 12, 27124 }, // U+2086
    { 9, 10, 145, 0, 11, 12, 27136 }, // U+2087
    { 9, 10, 145, 0, 11, 12, 27148 }, // U+2088
    { 9, 10, 145, 0, 11, 12, 27160 }, // U+2089
    { 17, 19, 236, -1, 19, 41, 27172 }, // U+20A9
    { 14, 19, 236, 1, 19, 34, 27213 }, // U+20AB
    { 14, 17, 227, 1, 17, 30, 27247 }, // U+20AC
    { 14, 17, 227, 0, 17, 30, 27277 }, // U+20AE
    { 14, 17, 227, 0, 17, 30, 27307 }, // U+20B4
    { 14, 17, 227, 1, 17, 30, 27337 }, // U+20B9
    { 24, 13, 400, 0, 16, 39, 27367 }, // U+2190
    { 13, 24, 400, 6, 22, 39, 27406 }, // U+2191
    { 25, 13, 400, 0, 16, 41, 27445 }, // U+2192
    { 13, 24, 400, 6, 21, 39, 27486 }, // U+2193
    { 25, 13, 400, 0, 16, 41, 27525 }, // U+2194
    { 13, 24, 400, 6, 22, 39, 27566 }, // U+2195
    { 18, 19, 400, 4, 19, 43, 27605 }, // U+2196
    { 18, 18, 400, 3, 18, 41, 27648 }, // U+2197
    { 18, 19, 400, 3, 19, 43, 27689 }, // U+2198
    { 18, 18, 400, 4, 19, 41, 27732 }, // U+2199
    { 23, 22, 400, 1, 22, 64, 27773 }, // U+21B8
    { 25, 25, 400, 0, 22, 79, 27837 }, // U+21B9
    { 25, 25, 400, 0, 22, 79, 27916 }, // U+21C4
    { 23, 24, 400, 1, 22, 69, 27995 }, // U+21C5
    { 25, 25, 400, 0, 22, 79, 28064 }, // U+21C6
    { 25, 23, 400, 0, 21, 72, 28143 }, // U+21CB
    { 25, 23, 400, 0, 21, 72, 28215 }, // U+21CC
    { 24, 19, 400, 0, 19, 57, 28287 }, // U+21D0
    { 25, 19, 400, 0, 19, 60, 28344 }, // U+21D2
    { 25, 19, 400, 0, 19, 60, 28404 }, // U+21D4
    { 24, 19, 400, 0, 19, 57, 28464 }, // U+21E6
    { 19, 25, 400, 3, 22, 60, 28521 }, // U+21E7
    { 24, 19, 400, 1, 19, 57, 28581 }, // U+21E8
    { 19, 25, 400, 3, 22, 60, 28638 }, // U+21E9
    { 23, 24, 400, 1, 22, 69, 28698 }, // U+21F5
    { 21, 21, 400, 2, 20, 56, 28767 }, // U+2200
    { 15, 18, 245, 0, 18, 34, 28823 }, // U+2202
    { 17, 19, 400, 4, 19, 41, 28857 }, // U+2203
    { 19, 19, 400, 3, 19, 46, 28898 }, // U+2205
    { 18, 17, 277, 0, 17, 39, 28944 }, // U+2206
    { 19, 20, 400, 3, 19, 48, 28983 }, // U+2207
    { 19, 17, 400, 3, 18, 41, 29031 }, // U+2208
    { 19, 23, 400, 3, 21, 55, 29072 }, // U+2209
    { 13, 16, 400, 6, 15, 26, 29127 }, // U+220A
    { 19, 17, 400, 3, 18, 41, 29153 }, // U+220B
    { 15, 21, 292, 2, 18, 40, 29194 }, // U+220F
    { 14, 20, 217, 0, 17, 35, 29234 }, // U+2211
    { 12, 3, 227, 1, 9, 5, 29269 }, // U+2212
    { 19, 21, 400, 3, 19, 50, 29274 }, // U+2213
    { 14, 18, 61, -5, 18, 32, 29324 }, // U+2215
    { 6, 5, 98, 0, 10, 4, 29356 }, // U+2219
    { 16, 18, 241, 0, 18, 36, 29360 }, // U+221A
    { 22, 11, 400, 0, 15, 31, 29396 }, // U+221D
    { 16, 8, 254, 0, 11, 16, 29427 }, // U+221E
    { 19, 20, 400, 3, 20, 48, 29443 }, // U+221F
    { 21, 18, 400, 2, 18, 48, 29491 }, // U+2220
    { 3, 18, 400, 11, 19, 7, 29539 }, // U+2223
    { 17, 20, 400, 4, 20, 43, 29546 }, // U+2225
    { 17, 20, 400, 4, 20, 43, 29589 }, // U+2226
    { 21, 20, 400, 2, 20, 53, 29632 }, // U+2227
    { 21, 20, 400, 2, 19, 53, 29685 }, // U+2228
    { 17, 21, 400, 4, 20, 45, 29738 }, // U+2229
    { 17, 21, 400, 4, 20, 45, 29783 }, // U+222A
    { 10, 25, 160, 0, 19, 32, 29828 }, // U+222B
    { 21, 25, 400, 2, 22, 66, 29860 }, // U+222C
    { 25, 25, 400, 0, 22, 79, 29926 }, // U+222D
    { 11, 25, 400, 7, 22, 35, 30005 }, // U+222E
    { 17, 17, 400, 4, 18, 37, 30040 }, // U+2234
    { 17, 17, 400, 4, 18, 37, 30077 }, // U+2235
    { 5, 17, 400, 10, 18, 11, 30114 }, // U+2236
    { 17, 17, 400, 4, 18, 37, 30125 }, // U+2237
    { 25, 11, 400, 0, 15, 35, 30162 }, // U+223D
    { 19, 12, 400, 3, 16, 29, 30197 }, // U+2243
    { 19, 15, 400, 3, 17, 36, 30226 }, // U+2245
    { 14, 11, 227, 0, 13, 20, 30262 }, // U+2248
    { 25, 21, 400, 0, 20, 66, 30282 }, // U+224C
    { 12, 14, 227, 1, 14, 21, 30348 }, // U+2260
    { 19, 15, 400, 3, 17, 36, 30369 }, // U+2261
    { 19, 19, 400, 3, 19, 46, 30405 }, // U+2262
    { 12, 15, 227, 1, 15, 23, 30451 }, // U+2264
    { 12, 15, 227, 1, 15, 23, 30474 }, // U+2265
    { 21, 24, 400, 2, 22, 63, 30497 }, // U+2266
    { 21, 24, 400, 2, 22, 63, 30560 }, // U+2267
    { 25, 20, 400, 0, 19, 63, 30623 }, // U+226A
    { 25, 20, 400, 0, 19, 63, 30686 }, // U+226B
    { 21, 22, 400, 2, 20, 58, 30749 }, // U+226E
    { 21, 22, 400, 2, 20, 58, 30807 }, // U+226F
    { 21, 23, 400, 2, 21, 61, 30865 }, // U+2272
    { 21, 23, 400, 2, 21, 61, 30926 }, // U+2273
    { 21, 24, 400, 2, 21, 63, 30987 }, // U+2276
    { 21, 24, 400, 2, 21, 63, 31050 }, // U+2277
    { 19, 17, 400, 3, 18, 41, 31113 }, // U+2282
    { 19, 17, 400, 3, 18, 41, 31154 }, // U+2283
    { 19, 23, 400, 3, 21, 55, 31195 }, // U+2284
    { 19, 23, 400, 3, 21, 55, 31250 }, // U+2285
    { 19, 21, 400, 3, 20, 50, 31305 }, // U+2286
    { 19, 21, 400, 3, 20, 50, 31355 }, // U+2287
    { 19, 23, 400, 3, 20, 55, 31405 }, // U+228A
    { 19, 23, 400, 3, 20, 55, 31460 }, // U+228B
    { 19, 19, 400, 3, 19, 46, 31515 }, // U+2295
    { 19, 19, 400, 3, 19, 46, 31561 }, // U+2296
    { 19, 19, 400, 3, 19, 46, 31607 }, // U+2297
    { 19, 19, 400, 3, 19, 46, 31653 }, // U+2298
    { 19, 19, 400, 3, 19, 46, 31699 }, // U+2299
    { 21, 21, 400, 2, 20, 56, 31745 }, // U+22A0
    { 21, 19, 400, 2, 19, 50, 31801 }, // U+22A5
    { 21, 21, 400, 1, 21, 56, 31851 }, // U+22BF
    { 20, 25, 400, 2, 22, 63, 31907 }, // U+22DA
    { 21, 25, 400, 2, 22, 66, 31970 }, // U+22DB
    { 21, 5, 400, 2, 12, 14, 32036 }, // U+22EF
    { 9, 8, 400, 0, 6, 9, 32050 }, // U+3002
    { 25, 4, 400, 0, 12, 13, 32059 }, // U+4E00
    { 23, 24, 400, 1, 22, 69, 32072 }, // U+4E0A
    { 23, 23, 400, 1, 20, 67, 32141 }, // U+4E0B
    { 25, 23, 400, 0, 20, 72, 32208 }, // U+4E0D
    { 23, 23, 400, 1, 20, 67, 32280 }, // U+4E24
    { 25, 24, 400, 0, 22, 75, 32347 }, // U+4E2A
    { 21, 25, 400, 2, 22, 66, 32422 }, // U+4E2D
    { 21, 25, 400, 2, 22, 66, 32488 }, // U+4E32
    { 22, 25, 400, 1, 22, 69, 32554 }, // U+4E3A
    { 23, 24, 400, 1, 22, 69, 32623 }, // U+4E3B
    { 25, 24, 400, 0, 22, 75, 32692 }, // U+4E49
    { 24, 25, 400, 1, 22, 75, 32767 }, // U+4E66
    { 23, 19, 400, 1, 18, 55, 32842 }, // U+4E8C
    { 25, 24, 400, 0, 22, 75, 32897 }, // U+4EBA
    { 25, 23, 400, 0, 21, 72, 32972 }, // U+4ECE
    { 25, 25, 400, 0, 22, 79, 33044 }, // U+4ED6
    { 25, 24, 400, 0, 21, 75, 33123 }, // U+4EE3
    { 24, 23, 400, 1, 20, 69, 33198 }, // U+4EE5
    { 25, 25, 400, 0, 22, 79, 33267 }, // U+4EF6
    { 25, 25, 400, 0, 22, 79, 33346 }, // U+4F20
    { 24, 26, 400, 0, 23, 78, 33425 }, // U+4F4D
    { 25, 25, 400, 0, 22, 79, 33503 }, // U+4F4F
    { 25, 25, 400, 0, 22, 79, 33582 }, // U+4F53
    { 25, 25, 400, 0, 22, 79, 33661 }, // U+4F7F
    { 25, 25, 400, 0, 22, 79, 33740 }, // U+4F9B
    { 24, 25, 400, 0, 22, 75, 33819 }, // U+4FA7
    { 25, 25, 400, 0, 22, 79, 33894 }, // U+4FDD
    { 25, 25, 400, 0, 22, 79, 33973 }, // U+4FEE
    { 24, 25, 400, 0, 22, 75, 34052 }, // U+5012
    { 25, 25, 400, 0, 22, 79, 34127 }, // U+503C
    { 25, 25, 400, 0, 22, 79, 34206 }, // U+503E
    { 24, 25, 400, 0, 22, 75, 34285 }, // U+5148
    { 25, 25, 400, 0, 22, 79, 34360 }, // U+5149
    { 25, 24, 400, 0, 22, 75, 34439 }, // U+5165
    { 23, 25, 400, 1, 22, 72, 34514 }, // U+5171
    { 25, 25, 400, 0, 22, 79, 34586 }, // U+5173
    { 21, 25, 400, 2, 22, 66, 34665 }, // U+5185
    { 25, 23, 400, 0, 20, 72, 34731 }, // U+518D
    { 23, 24, 400, 1, 21, 69, 34803 }, // U+5199
    { 25, 25, 400, 0, 22, 79, 34872 }, // U+51D1
    { 25, 25, 400, 0, 22, 79, 34951 }, // U+51ED
    { 21, 25, 400, 2, 22, 66, 35030 }, // U+51FA
    { 25, 25, 400, 0, 22, 79, 35096 }, // U+5206
    { 24, 24, 400, 0, 21, 72, 35175 }, // U+5207
    { 24, 25, 400, 0, 22, 75, 35247 }, // U+521B
    { 24, 25, 400, 0, 22, 75, 35322 }, // U+5220
    { 23, 24, 400, 1, 22, 69, 35397 }, // U+5230
    { 24, 25, 400, 0, 22, 75, 35466 }, // U+5236
    { 24, 25, 400, 0, 22, 75, 35541 }, // U+5237
    { 23, 25, 400, 1, 22, 72, 35616 }, // U+524D
    { 23, 25, 400, 1, 22, 72, 35688 }, // U+526A
    { 24, 25, 400, 0, 22, 75, 35760 }, // U+529F
    { 24, 25, 400, 0, 22, 75, 35835 }, // U+52A0
    { 24, 25, 400, 1, 22, 75, 35910 }, // U+52A1
    { 23, 25, 400, 1, 22, 72, 35985 }, // U+52A8
    { 22, 21, 400, 2, 20, 58, 36057 }, // U+5339
    { 21, 25, 400, 3, 22, 66, 36115 }, // U+5360
    { 23, 25, 400, 1, 22, 72, 36181 }, // U+5361
    { 24, 24, 400, 0, 21, 72, 36253 }, // U+539F
    { 25, 24, 400, 0, 21, 75, 36325 }, // U+53D6
    { 21, 23, 400, 2, 20, 61, 36400 }, // U+53E3
    { 23, 23, 400, 1, 20, 67, 36461 }, // U+53EF
    { 24, 25, 400, 0, 22, 75, 36528 }, // U+53F3
    { 23, 24, 400, 1, 21, 69, 36603 }, // U+53F7
    { 23, 24, 400, 1, 21, 69, 36672 }, // U+540C
    { 22, 25, 400, 0, 22, 69, 36741 }, // U+540D
    { 25, 25, 400, 0, 22, 79, 36810 }, // U+540E
    { 21, 25, 400, 2, 22, 66, 36889 }, // U+5411
    { 25, 23, 400, 0, 20, 72, 36955 }, // U+5426
    { 23, 25, 400, 0, 22, 72, 37027 }, // U+542F
    { 23, 25, 400, 1, 22, 72, 37099 }, // U+544A
    { 25, 26, 400, 0, 23, 82, 37171 }, // U+547D
    { 24, 25, 400, 1, 22, 75, 37253 }, // U+54C8
    { 25, 24, 400, 0, 21, 75, 37328 }, // U+5668
    { 23, 24, 400, 1, 21, 69, 37403 }, // U+56DE
    { 23, 24, 400, 1, 21, 69, 37472 }, // U+56E0
    { 23, 24, 400, 1, 21, 69, 37541 }, // U+56F4
    { 23, 24, 400, 1, 21, 69, 37610 }, // U+56FE
    { 24, 25, 400, 0, 22, 75, 37679 }, // U+5728
    { 25, 24, 400, 0, 22, 75, 37754 }, // U+5730
    { 25, 24, 400, 0, 22, 75, 37829 }, // U+5740
    { 25, 25, 400, 0, 22, 79, 37904 }, // U+5907
    { 25, 25, 400, 0, 22, 79, 37983 }, // U+590D
    { 25, 25, 400, 0, 22, 79, 38062 }, // U+5916
    { 25, 25, 400, 0, 22, 79, 38141 }, // U+5927
    { 25, 25, 400, 0, 22, 79, 38220 }, // U+5931
    { 25, 25, 400, 0, 22, 79, 38299 }, // U+59CB
    { 23, 25, 400, 1, 22, 72, 38378 }, // U+5B57
    { 25, 25, 400, 0, 22, 79, 38450 }, // U+5B58
    { 25, 25, 400, 0, 22, 79, 38529 }, // U+5B8C
    { 25, 25, 400, 0, 22, 79, 38608 }, // U+5B9A
    { 25, 26, 400, 0, 22, 82, 38687 }, // U+5BBD
    { 25, 26, 400, 0, 23, 82, 38769 }, // U+5BC6
    { 25, 25, 400, 0, 22, 79, 38851 }, // U+5BF9
    { 25, 25, 400, 0, 22, 79, 38930 }, // U+5C01
    { 25, 25, 400, 0, 22, 79, 39009 }, // U+5C04
    { 24, 25, 400, 0, 22, 75, 39088 }, // U+5C06
    { 25, 26, 400, 0, 22, 82, 39163 }, // U+5C0F
    { 25, 25, 400, 0, 22, 79, 39245 }, // U+5C31
    { 24, 24, 400, 0, 21, 72, 39324 }, // U+5C40
    { 24, 24, 400, 0, 21, 72, 39396 }, // U+5C45
    { 24, 24, 400, 0, 21, 72, 39468 }, // U+5C4F
    { 23, 25, 400, 0, 22, 72, 39540 }, // U+5D29
    { 25, 25, 400, 0, 22, 79, 39612 }, // U+5D4C
    { 24, 24, 400, 0, 22, 72, 39691 }, // U+5DE6
    { 23, 22, 400, 2, 20, 64, 39763 }, // U+5DF2
    { 24, 25, 400, 0, 22, 75, 39827 }, // U+5E03
    { 24, 25, 400, 0, 22, 75, 39902 }, // U+5E0C
    { 25, 25, 400, 0, 22, 79, 39977 }, // U+5E55
    { 23, 25, 400, 1, 22, 72, 40056 }, // U+5E76
    { 25, 26, 400, 0, 23, 82, 40128 }, // U+5E94
    { 25, 25, 400, 0, 22, 79, 40210 }, // U+5EA6
    { 25, 25, 400, 0, 22, 79, 40289 }, // U+5EFA
    { 23, 23, 400, 1, 20, 67, 40368 }, // U+5F00
    { 24, 25, 400, 1, 22, 75, 40435 }, // U+5F0F
    { 21, 25, 400, 1, 22, 66, 40510 }, // U+5F15
    { 21, 25, 400, 2, 22, 66, 40576 }, // U+5F53
    { 23, 24, 400, 1, 21, 69, 40642 }, // U+5F55
    { 25, 24, 400, 0, 22, 75, 40711 }, // U+5FD8
    { 25, 24, 400, 0, 22, 75, 40786 }, // U+5FFD
    { 25, 24, 400, 0, 22, 75, 40861 }, // U+6001
    { 24, 24, 400, 0, 22, 72, 40936 }, // U+60A8
    { 25, 25, 400, 0, 22, 79, 41008 }, // U+60C5
    { 25, 26, 400, 0, 22, 82, 41087 }, // U+6210
    { 24, 26, 400, 1, 22, 78, 41169 }, // U+6216
    { 25, 25, 400, 0, 22, 79, 41247 }, // U+622A
    { 22, 25, 400, 0, 22, 69, 41326 }, // U+6237
    { 25, 25, 400, 0, 22, 79, 41395 }, // U+6240
    { 24, 25, 400, 1, 22, 75, 41474 }, // U+624B
    { 25, 25, 400, 0, 22, 79, 41549 }, // U+6253
    { 24, 25, 400, 0, 22, 75, 41628 }, // U+626B
    { 25, 25, 400, 0, 22, 79, 41703 }, // U+627E
    { 25, 26, 400, 0, 23, 82, 41782 }, // U+6297
    { 25, 25, 400, 0, 22, 79, 41864 }, // U+62A5
    { 25, 25, 400, 0, 22, 79, 41943 }, // U+62E9
    { 25, 25, 400, 0, 22, 79, 42022 }, // U+6309
    { 25, 26, 400, 0, 22, 82, 42101 }, // U+6362
    { 25, 25, 400, 0, 22, 79, 42183 }, // U+636E
    { 25, 25, 400, 0, 22, 79, 42262 }, // U+63A5
    { 25, 24, 400, 0, 22, 75, 42341 }, // U+63A7
    { 24, 25, 400, 0, 22, 75, 42416 }, // U+63CF
    { 25, 25, 400, 0, 22, 79, 42491 }, // U+63D0
    { 24, 25, 400, 0, 22, 75, 42570 }, // U+63D2
    { 25, 25, 400, 0, 22, 79, 42645 }, // U+641C
    { 24, 25, 400, 1, 22, 75, 42724 }, // U+6536
    { 25, 25, 400, 0, 22, 79, 42799 }, // U+6545
    { 25, 25, 400, 0, 22, 79, 42878 }, // U+6570
    { 25, 25, 400, 0, 22, 79, 42957 }, // U+6587
    { 25, 25, 400, 0, 22, 79, 43036 }, // U+659C
    { 24, 25, 400, 1, 22, 75, 43115 }, // U+65AD
    { 25, 25, 400, 0, 22, 79, 43190 }, // U+65B0
    { 24, 27, 400, 0, 23, 81, 43269 }, // U+65B9
    { 25, 23, 400, 0, 20, 72, 43350 }, // U+65E0
    { 24, 25, 400, 1, 22, 75, 43422 }, // U+65F6
    { 24, 25, 400, 1, 22, 75, 43497 }, // U+6620
    { 25, 24, 400, 0, 21, 75, 43572 }, // U+662F
    { 25, 23, 400, 0, 21, 72, 43647 }, // U+663E
    { 23, 25, 400, 1, 22, 72, 43719 }, // U+666E
    { 25, 24, 400, 0, 21, 75, 43791 }, // U+66F4
    { 24, 24, 400, 1, 21, 72, 43866 }, // U+6700
    { 24, 25, 400, 0, 22, 75, 43938 }, // U+6709
    { 25, 24, 400, 0, 21, 75, 44013 }, // U+670D
    { 25, 25, 400, 0, 22, 79, 44088 }, // U+672A
    { 25, 25, 400, 0, 22, 79, 44167 }, // U+672C
    { 25, 25, 400, 0, 22, 79, 44246 }, // U+673A
    { 25, 25, 400, 0, 22, 79, 44325 }, // U+675F
    { 25, 25, 400, 0, 22, 79, 44404 }, // U+6761
    { 25, 25, 400, 0, 22, 79, 44483 }, // U+6765
    { 25, 25, 400, 0, 22, 79, 44562 }, // U+677E
    { 25, 25, 400, 0, 22, 79, 44641 }, // U+6790
    { 25, 24, 400, 0, 22, 75, 44720 }, // U+67E5
    { 25, 25, 400, 0, 22, 79, 44795 }, // U+6807
    { 24, 25, 400, 0, 22, 75, 44874 }, // U+680F
    { 25, 25, 400, 0, 22, 79, 44949 }, // U+6837
    { 24, 25, 400, 0, 22, 75, 45028 }, // U+6863
    { 25, 25, 400, 0, 22, 79, 45103 }, // U+68C0
    { 25, 25, 400, 0, 22, 79, 45182 }, // U+6A21
    { 25, 25, 400, 0, 22, 79, 45261 }, // U+6A2A
    { 25, 25, 400, 0, 22, 79, 45340 }, // U+6B21
    { 23, 22, 400, 1, 20, 64, 45419 }, // U+6B63
    { 25, 25, 400, 0, 22, 79, 45483 }, // U+6B64
    { 23, 25, 400, 1, 22, 72, 45562 }, // U+6B65
    { 25, 26, 400, 0, 23, 82, 45634 }, // U+6BB5
    { 25, 26, 400, 0, 22, 82, 45716 }, // U+6BCF
    { 23, 25, 400, 1, 22, 72, 45798 }, // U+6BD4
    { 25, 25, 400, 0, 22, 79, 45870 }, // U+6CE8
    { 25, 25, 400, 0, 22, 79, 45949 }, // U+6D45
    { 24, 25, 400, 0, 22, 75, 46028 }, // U+6D4F
    { 24, 25, 400, 0, 22, 75, 46103 }, // U+6D88
    { 25, 25, 400, 0, 22, 79, 46178 }, // U+6DF1
    { 25, 25, 400, 0, 22, 79, 46257 }, // U+6DFB
    { 25, 25, 400, 0, 22, 79, 46336 }, // U+6E05
    { 24, 25, 400, 0, 22, 75, 46415 }, // U+6E83
    { 25, 25, 400, 0, 22, 79, 46490 }, // U+6E90
    { 25, 25, 400, 0, 22, 79, 46569 }, // U+6EE4
    { 25, 25, 400, 0, 22, 79, 46648 }, // U+70B9
    { 25, 25, 400, 0, 22, 79, 46727 }, // U+70ED
    { 23, 25, 400, 0, 22, 72, 46806 }, // U+7247
    { 25, 25, 400, 0, 22, 79, 46878 }, // U+7248
    { 25, 25, 400, 0, 22, 79, 46957 }, // U+7279
    { 25, 25, 400, 0, 22, 79, 47036 }, // U+72B6
    { 24, 25, 400, 0, 22, 75, 47115 }, // U+7387
    { 23, 24, 400, 0, 20, 69, 47190 }, // U+7528
    { 23, 25, 400, 2, 22, 72, 47259 }, // U+7535
    { 25, 24, 400, 0, 21, 75, 47331 }, // U+754C
    { 24, 25, 400, 1, 22, 75, 47406 }, // U+7565
    { 23, 23, 400, 1, 20, 67, 47481 }, // U+767E
    { 23, 25, 400, 1, 22, 72, 47548 }, // U+7684
    { 24, 24, 400, 1, 22, 72, 47620 }, // U+76D8
    { 19, 23, 400, 3, 20, 55, 47692 }, // U+76EE
    { 24, 24, 400, 1, 21, 72, 47747 }, // U+7720
    { 24, 24, 400, 1, 22, 72, 47819 }, // U+7761
    { 25, 25, 400, 0, 22, 79, 47891 }, // U+77ED
    { 24, 24, 400, 0, 21, 72, 47970 }, // U+7801
    { 24, 25, 400, 0, 22, 75, 48042 }, // U+786E
    { 24, 23, 400, 0, 20, 69, 48117 }, // U+793A
    { 25, 25, 400, 0, 22, 79, 48186 }, // U+79F0
    { 25, 25, 400, 0, 22, 79, 48265 }, // U+79FB
    { 25, 25, 400, 0, 22, 79, 48344 }, // U+7A0B
    { 23, 24, 400, 1, 22, 69, 48423 }, // U+7A7A
    { 24, 23, 400, 1, 21, 69, 48492 }, // U+7AD6
    { 23, 26, 400, 1, 23, 75, 48561 }, // U+7AE0
    { 25, 25, 400, 0, 22, 79, 48636 }, // U+7AEF
    { 24, 25, 400, 0, 22, 75, 48715 }, // U+7B26
    { 25, 25, 400, 0, 22, 79, 48790 }, // U+7B2C
    { 24, 25, 400, 0, 22, 75, 48869 }, // U+7B97
    { 24, 25, 400, 0, 22, 75, 48944 }, // U+7C4D
    { 25, 25, 400, 0, 22, 79, 49019 }, // U+7C97
    { 24, 25, 400, 0, 22, 75, 49098 }, // U+7CFB
    { 23, 25, 400, 1, 22, 72, 49173 }, // U+7D22
    { 23, 25, 400, 1, 22, 72, 49245 }, // U+7D27
    { 25, 25, 400, 0, 22, 79, 49317 }, // U+7EBF
    { 24, 25, 400, 0, 22, 75, 49396 }, // U+7EC6
    { 25, 25, 400, 0, 22, 79, 49471 }, // U+7EC8
    { 24, 25, 400, 0, 22, 75, 49550 }, // U+7ED3
    { 25, 25, 400, 0, 22, 79, 49625 }, // U+7EDC
    { 25, 25, 400, 0, 22, 79, 49704 }, // U+7EDF
    { 25, 24, 400, 0, 22, 75, 49783 }, // U+7EE7
    { 25, 25, 400, 0, 22, 79, 49858 }, // U+7EEA
    { 25, 25, 400, 0, 22, 79, 49937 }, // U+7EED
    { 25, 25, 400, 0, 22, 79, 50016 }, // U+7EF4
    { 25, 25, 400, 0, 22, 79, 50095 }, // U+7F13
    { 24, 25, 400, 0, 22, 75, 50174 }, // U+7F16
    { 23, 23, 400, 1, 20, 67, 50249 }, // U+7F51
    { 23, 23, 400, 1, 21, 67, 50316 }, // U+7F6E
    { 24, 25, 400, 0, 22, 75, 50383 }, // U+7FFB
    { 24, 25, 400, 1, 22, 75, 50458 }, // U+80FD
    { 24, 25, 400, 0, 22, 75, 50533 }, // U+811A
    { 19, 25, 400, 3, 22, 60, 50608 }, // U+81EA
    { 23, 23, 400, 1, 21, 67, 50668 }, // U+81F3
    { 25, 25, 400, 0, 22, 79, 50735 }, // U+822C
    { 25, 24, 400, 0, 22, 75, 50814 }, // U+8272
    { 23, 25, 400, 1, 22, 72, 50889 }, // U+8282
    { 24, 25, 400, 1, 22, 75, 50961 }, // U+8303
    { 25, 25, 400, 0, 22, 79, 51036 }, // U+83B7
    { 25, 25, 400, 0, 22, 79, 51115 }, // U+843D
    { 25, 25, 400, 0, 22, 79, 51194 }, // U+85CF
    { 25, 26, 400, 0, 22, 82, 51273 }, // U+884C
    { 25, 25, 400, 0, 22, 79, 51355 }, // U+88C1
    { 25, 25, 400, 0, 22, 79, 51434 }, // U+892A
    { 23, 24, 400, 1, 21, 69, 51513 }, // U+8981
    { 23, 25, 400, 1, 22, 72, 51582 }, // U+89C8
    { 25, 25, 400, 0, 22, 79, 51654 }, // U+89E3
    { 23, 25, 400, 1, 22, 72, 51733 }, // U+8A00
    { 25, 25, 400, 0, 22, 79, 51805 }, // U+8BA1
    { 24, 25, 400, 1, 22, 75, 51884 }, // U+8BA2
    { 25, 25, 400, 0, 22, 79, 51959 }, // U+8BA4
    { 25, 25, 400, 0, 22, 79, 52038 }, // U+8BB0
    { 25, 25, 400, 0, 22, 79, 52117 }, // U+8BBE
    { 25, 25, 400, 0, 22, 79, 52196 }, // U+8BC1
    { 24, 25, 400, 1, 22, 75, 52275 }, // U+8BD5
    { 25, 25, 400, 0, 22, 79, 52350 }, // U+8BE6
    { 25, 25, 400, 0, 22, 79, 52429 }, // U+8BED
    { 25, 25, 400, 0, 22, 79, 52508 }, // U+8BEF
    { 25, 25, 400, 0, 22, 79, 52587 }, // U+8BF7
    { 25, 25, 400, 0, 22, 79, 52666 }, // U+8BFB
    { 25, 25, 400, 0, 22, 79, 52745 }, // U+8D25
    { 25, 24, 400, 0, 21, 75, 52824 }, // U+8D26
    { 25, 25, 400, 0, 22, 79, 52899 }, // U+8D85
    { 25, 24, 400, 0, 21, 75, 52978 }, // U+8DDD
    { 25, 25, 400, 0, 22, 79, 53053 }, // U+8DF3
    { 25, 25, 400, 0, 22, 79, 53132 }, // U+8F6C
    { 24, 25, 400, 1, 22, 75, 53211 }, // U+8F7D
    { 25, 25, 400, 0, 22, 79, 53286 }, // U+8F91
    { 25, 25, 400, 0, 22, 79, 53365 }, // U+8F93
    { 25, 25, 400, 0, 22, 79, 53444 }, // U+8FB9
    { 25, 25, 400, 0, 22, 79, 53523 }, // U+8FD1
    { 25, 25, 400, 0, 22, 79, 53602 }, // U+8FD4
    { 25, 25, 400, 0, 22, 79, 53681 }, // U+8FDB
    { 25, 24, 400, 0, 21, 75, 53760 }, // U+8FDC
    { 25, 25, 400, 0, 22, 79, 53835 }, // U+8FDE
    { 25, 25, 400, 0, 22, 79, 53914 }, // U+9000
    { 25, 25, 400, 0, 22, 79, 53993 }, // U+9002
    { 25, 25, 400, 0, 22, 79, 54072 }, // U+9006
    { 25, 26, 400, 0, 22, 82, 54151 }, // U+9009
    { 25, 25, 400, 0, 22, 79, 54233 }, // U+901A
    { 24, 24, 400, 1, 21, 72, 54312 }, // U+914D
    { 23, 24, 400, 1, 22, 69, 54384 }, // U+91CD
    { 23, 23, 400, 1, 21, 67, 54453 }, // U+91CF
    { 24, 25, 400, 0, 22, 75, 54520 }, // U+9488
    { 24, 25, 400, 0, 22, 75, 54595 }, // U+949F
    { 25, 25, 400, 0, 22, 79, 54670 }, // U+94FE
    { 25, 25, 400, 0, 22, 79, 54749 }, // U+9519
    { 25, 26, 400, 0, 22, 82, 54828 }, // U+952E
    { 25, 25, 400, 0, 22, 79, 54910 }, // U+952F
    { 25, 25, 400, 0, 22, 79, 54989 }, // U+955C
    { 24, 25, 400, 1, 22, 75, 55068 }, // U+957F
    { 23, 25, 400, 1, 22, 72, 55143 }, // U+95F4
    { 23, 25, 400, 1, 22, 72, 55215 }, // U+9605
    { 23, 24, 400, 1, 21, 69, 55287 }, // U+9633
    { 24, 25, 400, 1, 22, 75, 55356 }, // U+9644
    { 24, 26, 400, 1, 23, 78, 55431 }, // U+9664
    { 24, 25, 400, 1, 22, 75, 55509 }, // U+9690
    { 24, 25, 400, 1, 22, 75, 55584 }, // U+969C
    { 23, 23, 400, 1, 20, 67, 55659 }, // U+9762
    { 24, 24, 400, 0, 21, 72, 55726 }, // U+9875
    { 25, 24, 400, 0, 21, 75, 55798 }, // U+9879
    { 25, 24, 400, 0, 21, 75, 55873 }, // U+987A
    { 25, 24, 400, 0, 21, 75, 55948 }, // U+9884
    { 25, 25, 400, 0, 22, 79, 56023 }, // U+9891
    { 25, 24, 400, 0, 21, 75, 56102 }, // U+9898
    { 25, 25, 400, 0, 22, 79, 56177 }, // U+989D
    { 25, 25, 400, 0, 22, 79, 56256 }, // U+9A8C
    { 25, 25, 400, 0, 22, 79, 56335 }, // U+9ED8
    { 25, 25, 400, 0, 22, 79, 56414 }, // U+9F50
    { 23, 25, 400, 1, 22, 72, 56493 }, // U+9F7F
    { 21, 19, 336, 1, 19, 50, 56565 }, // U+FB00
    { 16, 19, 283, 1, 19, 38, 56615 }, // U+FB01
    { 18, 19, 294, 1, 19, 43, 56653 }, // U+FB02
    { 26, 19, 451, 1, 19, 62, 56696 }, // U+FB03
    { 28, 19, 462, 1, 19, 67, 56758 }, // U+FB04
};

static const EpdUnicodeInterval ubuntu_12_boldIntervals[] = {
    { 0x0, 0x0, 0x0 },
    { 0x8, 0x9, 0x1 },
    { 0xD, 0xD, 0x3 },
    { 0x1D, 0x1D, 0x4 },
    { 0x20, 0x7E, 0x5 },
    { 0xA0, 0xFF, 0x64 },
    { 0x100, 0x17F, 0xC4 },
    { 0x1A0, 0x1A1, 0x144 },
    { 0x1AF, 0x1B0, 0x146 },
    { 0x1C4, 0x21F, 0x148 },
    { 0x300, 0x301, 0x1A4 },
    { 0x304, 0x304, 0x1A6 },
    { 0x307, 0x307, 0x1A7 },
    { 0x30C, 0x30C, 0x1A8 },
    { 0x311, 0x311, 0x1A9 },
    { 0x400, 0x45F, 0x1AA },
    { 0x462, 0x463, 0x20A },
    { 0x472, 0x475, 0x20C },
    { 0x48A, 0x4F9, 0x210 },
    { 0x1EA0, 0x1EF9, 0x280 },
    { 0x2002, 0x2003, 0x2DA },
    { 0x2010, 0x2016, 0x2DC },
    { 0x2018, 0x201A, 0x2E3 },
    { 0x201C, 0x201E, 0x2E6 },
    { 0x2020, 0x2022, 0x2E9 },
    { 0x2025, 0x2027, 0x2EC },
    { 0x2030, 0x2030, 0x2EF },
    { 0x2032, 0x2033, 0x2F0 },
    { 0x2035, 0x2035, 0x2F2 },
    { 0x2039, 0x203C, 0x2F3 },
    { 0x2042, 0x2042, 0x2F7 },
    { 0x2044, 0x2044, 0x2F8 },
    { 0x2047, 0x2049, 0x2F9 },
    { 0x2051, 0x2051, 0x2FC },
    { 0x2070, 0x2070, 0x2FD },
    { 0x2074, 0x2079, 0x2FE },
    { 0x2080, 0x2089, 0x304 },
    { 0x20A9, 0x20A9, 0x30E },
    { 0x20AB, 0x20AC, 0x30F },
    { 0x20AE, 0x20AE, 0x311 },
    { 0x20B4, 0x20B4, 0x312 },
    { 0x20B9, 0x20B9, 0x313 },
    { 0x2190, 0x2199, 0x314 },
    { 0x21B8, 0x21B9, 0x31E },
    { 0x21C4, 0x21C6, 0x320 },
    { 0x21CB, 0x21CC, 0x323 },
    { 0x21D0, 0x21D0, 0x325 },
    { 0x21D2, 0x21D2, 0x326 },
    { 0x21D4, 0x21D4, 0x327 },
    { 0x21E6, 0x21E9, 0x328 },
    { 0x21F5, 0x21F5, 0x32C },
    { 0x2200, 0x2200, 0x32D },
    { 0x2202, 0x2203, 0x32E },
    { 0x2205, 0x220B, 0x330 },
    { 0x220F, 0x220F, 0x337 },
    { 0x2211, 0x2213, 0x338 },
    { 0x2215, 0x2215, 0x33B },
    { 0x2219, 0x221A, 0x33C },
    { 0x221D, 0x2220, 0x33E },
    { 0x2223, 0x2223, 0x342 },
    { 0x2225, 0x222E, 0x343 },
    { 0x2234, 0x2237, 0x34D },
    { 0x223D, 0x223D, 0x351 },
    { 0x2243, 0x2243, 0x352 },
    { 0x2245, 0x2245, 0x353 },
    { 0x2248, 0x2248, 0x354 },
    { 0x224C, 0x224C, 0x355 },
    { 0x2260, 0x2262, 0x356 },
    { 0x2264, 0x2267, 0x359 },
    { 0x226A, 0x226B, 0x35D },
    { 0x226E, 0x226F, 0x35F },
    { 0x2272, 0x2273, 0x361 },
    { 0x2276, 0x2277, 0x363 },
    { 0x2282, 0x2287, 0x365 },
    { 0x228A, 0x228B, 0x36B },
    { 0x2295, 0x2299, 0x36D },
    { 0x22A0, 0x22A0, 0x372 },
    { 0x22A5, 0x22A5, 0x373 },
    { 0x22BF, 0x22BF, 0x374 },
    { 0x22DA, 0x22DB, 0x375 },
    { 0x22EF, 0x22EF, 0x377 },
    { 0x3002, 0x3002, 0x378 },
    { 0x4E00, 0x4E00, 0x379 },
    { 0x4E0A, 0x4E0A, 0x37A },
    { 0x4E0B, 0x4E0B, 0x37B },
    { 0x4E0D, 0x4E0D, 0x37C },
    { 0x4E24, 0x4E24, 0x37D },
    { 0x4E2A, 0x4E2A, 0x37E },
    { 0x4E2D, 0x4E2D, 0x37F },
    { 0x4E32, 0x4E32, 0x380 },
    { 0x4E3A, 0x4E3A, 0x381 },
    { 0x4E3B, 0x4E3B, 0x382 },
    { 0x4E49, 0x4E49, 0x383 },
    { 0x4E66, 0x4E66, 0x384 },
    { 0x4E8C, 0x4E8C, 0x385 },
    { 0x4EBA, 0x4EBA, 0x386 },
    { 0x4ECE, 0x4ECE, 0x387 },
    { 0x4ED6, 0x4ED6, 0x388 },
    { 0x4EE3, 0x4EE3, 0x389 },
    { 0x4EE5, 0x4EE5, 0x38A },
    { 0x4EF6, 0x4EF6, 0x38B },
    { 0x4F20, 0x4F20, 0x38C },
    { 0x4F4D, 0x4F4D, 0x38D },
    { 0x4F4F, 0x4F4F, 0x38E },
    { 0x4F53, 0x4F53, 0x38F },
    { 0x4F7F, 0x4F7F, 0x390 },
    { 0x4F9B, 0x4F9B, 0x391 },
    { 0x4FA7, 0x4FA7, 0x392 },
    { 0x4FDD, 0x4FDD, 0x393 },
    { 0x4FEE, 0x4FEE, 0x394 },
    { 0x5012, 0x5012, 0x395 },
    { 0x503C, 0x503C, 0x396 },
    { 0x503E, 0x503E, 0x397 },
    { 0x5148, 0x5148, 0x398 },
    { 0x5149, 0x5149, 0x399 },
    { 0x5165, 0x5165, 0x39A },
    { 0x5171, 0x5171, 0x39B },
    { 0x5173, 0x5173, 0x39C },
    { 0x5185, 0x5185, 0x39D },
    { 0x518D, 0x518D, 0x39E },
    { 0x5199, 0x5199, 0x39F },
    { 0x51D1, 0x51D1, 0x3A0 },
    { 0x51ED, 0x51ED, 0x3A1 },
    { 0x51FA, 0x51FA, 0x3A2 },
    { 0x5206, 0x5206, 0x3A3 },
    { 0x5207, 0x5207, 0x3A4 },
    { 0x521B, 0x521B, 0x3A5 },
    { 0x5220, 0x5220, 0x3A6 },
    { 0x5230, 0x5230, 0x3A7 },
    { 0x5236, 0x5236, 0x3A8 },
    { 0x5237, 0x5237, 0x3A9 },
    { 0x524D, 0x524D, 0x3AA },
    { 0x526A, 0x526A, 0x3AB },
    { 0x529F, 0x529F, 0x3AC },
    { 0x52A0, 0x52A0, 0x3AD },
    { 0x52A1, 0x52A1, 0x3AE },
    { 0x52A8, 0x52A8, 0x3AF },
    { 0x5339, 0x5339, 0x3B0 },
    { 0x5360, 0x5360, 0x3B1 },
    { 0x5361, 0x5361, 0x3B2 },
    { 0x539F, 0x539F, 0x3B3 },
    { 0x53D6, 0x53D6, 0x3B4 },
    { 0x53E3, 0x53E3, 0x3B5 },
    { 0x53EF, 0x53EF, 0x3B6 },
    { 0x53F3, 0x53F3, 0x3B7 },
    { 0x53F7, 0x53F7, 0x3B8 },
    { 0x540C, 0x540C, 0x3B9 },
    { 0x540D, 0x540D, 0x3BA },
    { 0x540E, 0x540E, 0x3BB },
    { 0x5411, 0x5411, 0x3BC },
    { 0x5426, 0x5426, 0x3BD },
    { 0x542F, 0x542F, 0x3BE },
    { 0x544A, 0x544A, 0x3BF },
    { 0x547D, 0x547D, 0x3C0 },
    { 0x54C8, 0x54C8, 0x3C1 },
    { 0x5668, 0x5668, 0x3C2 },
    { 0x56DE, 0x56DE, 0x3C3 },
    { 0x56E0, 0x56E0, 0x3C4 },
    { 0x56F4, 0x56F4, 0x3C5 },
    { 0x56FE, 0x56FE, 0x3C6 },
    { 0x5728, 0x5728, 0x3C7 },
    { 0x5730, 0x5730, 0x3C8 },
    { 0x5740, 0x5740, 0x3C9 },
    { 0x5907, 0x5907, 0x3CA },
    { 0x590D, 0x590D, 0x3CB },
    { 0x5916, 0x5916, 0x3CC },
    { 0x5927, 0x5927, 0x3CD },
    { 0x5931, 0x5931, 0x3CE },
    { 0x59CB, 0x59CB, 0x3CF },
    { 0x5B57, 0x5B57, 0x3D0 },
    { 0x5B58, 0x5B58, 0x3D1 },
    { 0x5B8C, 0x5B8C, 0x3D2 },
    { 0x5B9A, 0x5B9A, 0x3D3 },
    { 0x5BBD, 0x5BBD, 0x3D4 },
    { 0x5BC6, 0x5BC6, 0x3D5 },
    { 0x5BF9, 0x5BF9, 0x3D6 },
    { 0x5C01, 0x5C01, 0x3D7 },
    { 0x5C04, 0x5C04, 0x3D8 },
    { 0x5C06, 0x5C06, 0x3D9 },
    { 0x5C0F, 0x5C0F, 0x3DA },
    { 0x5C31, 0x5C31, 0x3DB },
    { 0x5C40, 0x5C40, 0x3DC },
    { 0x5C45, 0x5C45, 0x3DD },
    { 0x5C4F, 0x5C4F, 0x3DE },
    { 0x5D29, 0x5D29, 0x3DF },
    { 0x5D4C, 0x5D4C, 0x3E0 },
    { 0x5DE6, 0x5DE6, 0x3E1 },
    { 0x5DF2, 0x5DF2, 0x3E2 },
    { 0x5E03, 0x5E03, 0x3E3 },
    { 0x5E0C, 0x5E0C, 0x3E4 },
    { 0x5E55, 0x5E55, 0x3E5 },
    { 0x5E76, 0x5E76, 0x3E6 },
    { 0x5E94, 0x5E94, 0x3E7 },
    { 0x5EA6, 0x5EA6, 0x3E8 },
    { 0x5EFA, 0x5EFA, 0x3E9 },
    { 0x5F00, 0x5F00, 0x3EA },
    { 0x5F0F, 0x5F0F, 0x3EB },
    { 0x5F15, 0x5F15, 0x3EC },
    { 0x5F53, 0x5F53, 0x3ED },
    { 0x5F55, 0x5F55, 0x3EE },
    { 0x5FD8, 0x5FD8, 0x3EF },
    { 0x5FFD, 0x5FFD, 0x3F0 },
    { 0x6001, 0x6001, 0x3F1 },
    { 0x60A8, 0x60A8, 0x3F2 },
    { 0x60C5, 0x60C5, 0x3F3 },
    { 0x6210, 0x6210, 0x3F4 },
    { 0x6216, 0x6216, 0x3F5 },
    { 0x622A, 0x622A, 0x3F6 },
    { 0x6237, 0x6237, 0x3F7 },
    { 0x6240, 0x6240, 0x3F8 },
    { 0x624B, 0x624B, 0x3F9 },
    { 0x6253, 0x6253, 0x3FA },
    { 0x626B, 0x626B, 0x3FB },
    { 0x627E, 0x627E, 0x3FC },
    { 0x6297, 0x6297, 0x3FD },
    { 0x62A5, 0x62A5, 0x3FE },
    { 0x62E9, 0x62E9, 0x3FF },
    { 0x6309, 0x6309, 0x400 },
    { 0x6362, 0x6362, 0x401 },
    { 0x636E, 0x636E, 0x402 },
    { 0x63A5, 0x63A5, 0x403 },
    { 0x63A7, 0x63A7, 0x404 },
    { 0x63CF, 0x63CF, 0x405 },
    { 0x63D0, 0x63D0, 0x406 },
    { 0x63D2, 0x63D2, 0x407 },
    { 0x641C, 0x641C, 0x408 },
    { 0x6536, 0x6536, 0x409 },
    { 0x6545, 0x6545, 0x40A },
    { 0x6570, 0x6570, 0x40B },
    { 0x6587, 0x6587, 0x40C },
    { 0x659C, 0x659C, 0x40D },
    { 0x65AD, 0x65AD, 0x40E },
    { 0x65B0, 0x65B0, 0x40F },
    { 0x65B9, 0x65B9, 0x410 },
    { 0x65E0, 0x65E0, 0x411 },
    { 0x65F6, 0x65F6, 0x412 },
    { 0x6620, 0x6620, 0x413 },
    { 0x662F, 0x662F, 0x414 },
    { 0x663E, 0x663E, 0x415 },
    { 0x666E, 0x666E, 0x416 },
    { 0x66F4, 0x66F4, 0x417 },
    { 0x6700, 0x6700, 0x418 },
    { 0x6709, 0x6709, 0x419 },
    { 0x670D, 0x670D, 0x41A },
    { 0x672A, 0x672A, 0x41B },
    { 0x672C, 0x672C, 0x41C },
    { 0x673A, 0x673A, 0x41D },
    { 0x675F, 0x675F, 0x41E },
    { 0x6761, 0x6761, 0x41F },
    { 0x6765, 0x6765, 0x420 },
    { 0x677E, 0x677E, 0x421 },
    { 0x6790, 0x6790, 0x422 },
    { 0x67E5, 0x67E5, 0x423 },
    { 0x6807, 0x6807, 0x424 },
    { 0x680F, 0x680F, 0x425 },
    { 0x6837, 0x6837, 0x426 },
    { 0x6863, 0x6863, 0x427 },
    { 0x68C0, 0x68C0, 0x428 },
    { 0x6A21, 0x6A21, 0x429 },
    { 0x6A2A, 0x6A2A, 0x42A },
    { 0x6B21, 0x6B21, 0x42B },
    { 0x6B63, 0x6B63, 0x42C },
    { 0x6B64, 0x6B64, 0x42D },
    { 0x6B65, 0x6B65, 0x42E },
    { 0x6BB5, 0x6BB5, 0x42F },
    { 0x6BCF, 0x6BCF, 0x430 },
    { 0x6BD4, 0x6BD4, 0x431 },
    { 0x6CE8, 0x6CE8, 0x432 },
    { 0x6D45, 0x6D45, 0x433 },
    { 0x6D4F, 0x6D4F, 0x434 },
    { 0x6D88, 0x6D88, 0x435 },
    { 0x6DF1, 0x6DF1, 0x436 },
    { 0x6DFB, 0x6DFB, 0x437 },
    { 0x6E05, 0x6E05, 0x438 },
    { 0x6E83, 0x6E83, 0x439 },
    { 0x6E90, 0x6E90, 0x43A },
    { 0x6EE4, 0x6EE4, 0x43B },
    { 0x70B9, 0x70B9, 0x43C },
    { 0x70ED, 0x70ED, 0x43D },
    { 0x7247, 0x7247, 0x43E },
    { 0x7248, 0x7248, 0x43F },
    { 0x7279, 0x7279, 0x440 },
    { 0x72B6, 0x72B6, 0x441 },
    { 0x7387, 0x7387, 0x442 },
    { 0x7528, 0x7528, 0x443 },
    { 0x7535, 0x7535, 0x444 },
    { 0x754C, 0x754C, 0x445 },
    { 0x7565, 0x7565, 0x446 },
    { 0x767E, 0x767E, 0x447 },
    { 0x7684, 0x7684, 0x448 },
    { 0x76D8, 0x76D8, 0x449 },
    { 0x76EE, 0x76EE, 0x44A },
    { 0x7720, 0x7720, 0x44B },
    { 0x7761, 0x7761, 0x44C },
    { 0x77ED, 0x77ED, 0x44D },
    { 0x7801, 0x7801, 0x44E },
    { 0x786E, 0x786E, 0x44F },
    { 0x793A, 0x793A, 0x450 },
    { 0x79F0, 0x79F0, 0x451 },
    { 0x79FB, 0x79FB, 0x452 },
    { 0x7A0B, 0x7A0B, 0x453 },
    { 0x7A7A, 0x7A7A, 0x454 },
    { 0x7AD6, 0x7AD6, 0x455 },
    { 0x7AE0, 0x7AE0, 0x456 },
    { 0x7AEF, 0x7AEF, 0x457 },
    { 0x7B26, 0x7B26, 0x458 },
    { 0x7B2C, 0x7B2C, 0x459 },
    { 0x7B97, 0x7B97, 0x45A },
    { 0x7C4D, 0x7C4D, 0x45B },
    { 0x7C97, 0x7C97, 0x45C },
    { 0x7CFB, 0x7CFB, 0x45D },
    { 0x7D22, 0x7D22, 0x45E },
    { 0x7D27, 0x7D27, 0x45F },
    { 0x7EBF, 0x7EBF, 0x460 },
    { 0x7EC6, 0x7EC6, 0x461 },
    { 0x7EC8, 0x7EC8, 0x462 },
    { 0x7ED3, 0x7ED3, 0x463 },
    { 0x7EDC, 0x7EDC, 0x464 },
    { 0x7EDF, 0x7EDF, 0x465 },
    { 0x7EE7, 0x7EE7, 0x466 },
    { 0x7EEA, 0x7EEA, 0x467 },
    { 0x7EED, 0x7EED, 0x468 },
    { 0x7EF4, 0x7EF4, 0x469 },
    { 0x7F13, 0x7F13, 0x46A },
    { 0x7F16, 0x7F16, 0x46B },
    { 0x7F51, 0x7F51, 0x46C },
    { 0x7F6E, 0x7F6E, 0x46D },
    { 0x7FFB, 0x7FFB, 0x46E },
    { 0x80FD, 0x80FD, 0x46F },
    { 0x811A, 0x811A, 0x470 },
    { 0x81EA, 0x81EA, 0x471 },
    { 0x81F3, 0x81F3, 0x472 },
    { 0x822C, 0x822C, 0x473 },
    { 0x8272, 0x8272, 0x474 },
    { 0x8282, 0x8282, 0x475 },
    { 0x8303, 0x8303, 0x476 },
    { 0x83B7, 0x83B7, 0x477 },
    { 0x843D, 0x843D, 0x478 },
    { 0x85CF, 0x85CF, 0x479 },
    { 0x884C, 0x884C, 0x47A },
    { 0x88C1, 0x88C1, 0x47B },
    { 0x892A, 0x892A, 0x47C },
    { 0x8981, 0x8981, 0x47D },
    { 0x89C8, 0x89C8, 0x47E },
    { 0x89E3, 0x89E3, 0x47F },
    { 0x8A00, 0x8A00, 0x480 },
    { 0x8BA1, 0x8BA1, 0x481 },
    { 0x8BA2, 0x8BA2, 0x482 },
    { 0x8BA4, 0x8BA4, 0x483 },
    { 0x8BB0, 0x8BB0, 0x484 },
    { 0x8BBE, 0x8BBE, 0x485 },
    { 0x8BC1, 0x8BC1, 0x486 },
    { 0x8BD5, 0x8BD5, 0x487 },
    { 0x8BE6, 0x8BE6, 0x488 },
    { 0x8BED, 0x8BED, 0x489 },
    { 0x8BEF, 0x8BEF, 0x48A },
    { 0x8BF7, 0x8BF7, 0x48B },
    { 0x8BFB, 0x8BFB, 0x48C },
    { 0x8D25, 0x8D25, 0x48D },
    { 0x8D26, 0x8D26, 0x48E },
    { 0x8D85, 0x8D85, 0x48F },
    { 0x8DDD, 0x8DDD, 0x490 },
    { 0x8DF3, 0x8DF3, 0x491 },
    { 0x8F6C, 0x8F6C, 0x492 },
    { 0x8F7D, 0x8F7D, 0x493 },
    { 0x8F91, 0x8F91, 0x494 },
    { 0x8F93, 0x8F93, 0x495 },
    { 0x8FB9, 0x8FB9, 0x496 },
    { 0x8FD1, 0x8FD1, 0x497 },
    { 0x8FD4, 0x8FD4, 0x498 },
    { 0x8FDB, 0x8FDB, 0x499 },
    { 0x8FDC, 0x8FDC, 0x49A },
    { 0x8FDE, 0x8FDE, 0x49B },
    { 0x9000, 0x9000, 0x49C },
    { 0x9002, 0x9002, 0x49D },
    { 0x9006, 0x9006, 0x49E },
    { 0x9009, 0x9009, 0x49F },
    { 0x901A, 0x901A, 0x4A0 },
    { 0x914D, 0x914D, 0x4A1 },
    { 0x91CD, 0x91CD, 0x4A2 },
    { 0x91CF, 0x91CF, 0x4A3 },
    { 0x9488, 0x9488, 0x4A4 },
    { 0x949F, 0x949F, 0x4A5 },
    { 0x94FE, 0x94FE, 0x4A6 },
    { 0x9519, 0x9519, 0x4A7 },
    { 0x952E, 0x952E, 0x4A8 },
    { 0x952F, 0x952F, 0x4A9 },
    { 0x955C, 0x955C, 0x4AA },
    { 0x957F, 0x957F, 0x4AB },
    { 0x95F4, 0x95F4, 0x4AC },
    { 0x9605, 0x9605, 0x4AD },
    { 0x9633, 0x9633, 0x4AE },
    { 0x9644, 0x9644, 0x4AF },
    { 0x9664, 0x9664, 0x4B0 },
    { 0x9690, 0x9690, 0x4B1 },
    { 0x969C, 0x969C, 0x4B2 },
    { 0x9762, 0x9762, 0x4B3 },
    { 0x9875, 0x9875, 0x4B4 },
    { 0x9879, 0x9879, 0x4B5 },
    { 0x987A, 0x987A, 0x4B6 },
    { 0x9884, 0x9884, 0x4B7 },
    { 0x9891, 0x9891, 0x4B8 },
    { 0x9898, 0x9898, 0x4B9 },
    { 0x989D, 0x989D, 0x4BA },
    { 0x9A8C, 0x9A8C, 0x4BB },
    { 0x9ED8, 0x9ED8, 0x4BC },
    { 0x9F50, 0x9F50, 0x4BD },
    { 0x9F7F, 0x9F7F, 0x4BE },
    { 0xFB00, 0xFB04, 0x4BF },
};

static const EpdKernClassEntry ubuntu_12_boldKernLeftClasses[] = {
    { 0x0022, 1 }, // "
    { 0x0026, 2 }, // &
    { 0x0027, 1 }, // '
    { 0x0028, 3 }, // (
    { 0x0029, 4 }, // )
    { 0x002A, 5 }, // *
    { 0x002C, 6 }, // ,
    { 0x002D, 7 }, // -
    { 0x002E, 6 }, // .
    { 0x002F, 8 }, // /
    { 0x003A, 9 }, // :
    { 0x003B, 9 }, // ;
    { 0x0040, 10 }, // @
    { 0x0041, 11 }, // A
    { 0x0042, 12 }, // B
    { 0x0043, 13 }, // C
    { 0x0044, 14 }, // D
    { 0x0045, 15 }, // E
    { 0x0046, 16 }, // F
    { 0x0047, 17 }, // G
    { 0x0048, 18 }, // H
    { 0x0049, 18 }, // I
    { 0x004A, 19 }, // J
    { 0x004B, 20 }, // K
    { 0x004C, 21 }, // L
    { 0x004D, 22 }, // M
    { 0x004E, 18 }, // N
    { 0x004F, 23 }, // O
    { 0x0050, 24 }, // P
    { 0x0051, 25 }, // Q
    { 0x0052, 26 }, // R
    { 0x0053, 27 }, // S
    { 0x0054, 28 }, // T
    { 0x0055, 29 }, // U
    { 0x0056, 30 }, // V
    { 0x0057, 31 }, // W
    { 0x0058, 32 }, // X
    { 0x0059, 33 }, // Y
    { 0x005A, 34 }, // Z
    { 0x005B, 35 }, // [
    { 0x005C, 36 }, // <backslash>
    { 0x005D, 37 }, // ]
    { 0x0061, 38 }, // a
    { 0x0062, 39 }, // b
    { 0x0063, 40 }, // c
    { 0x0064, 41 }, // d
    { 0x0066, 42 }, // f
    { 0x0067, 43 }, // g
    { 0x0068, 44 }, // h
    { 0x0069, 45 }, // i
    { 0x006A, 46 }, // j
    { 0x006B, 47 }, // k
    { 0x006C, 48 }, // l
    { 0x006D, 49 }, // m
    { 0x006E, 49 }, // n
    { 0x006F, 50 }, // o
    { 0x0070, 39 }, // p
    { 0x0071, 51 }, // q
    { 0x0072, 52 }, // r
    { 0x0073, 53 }, // s
    { 0x0074, 54 }, // t
    { 0x0075, 55 }, // u
    { 0x0076, 56 }, // v
    { 0x0077, 57 }, // w
    { 0x0078, 58 }, // x
    { 0x0079, 59 }, // y
    { 0x007A, 60 }, // z
    { 0x007B, 61 }, // {
    { 0x007D, 62 }, // }
    { 0x00A1, 63 }, // U+00A1
    { 0x00AB, 64 }, // U+00AB
    { 0x00BB, 65 }, // U+00BB
    { 0x00BF, 66 }, // U+00BF
    { 0x00C0, 11 }, // U+00C0
    { 0x00C1, 11 }, // U+00C1
    { 0x00C2, 11 }, // U+00C2
    { 0x00C3, 11 }, // U+00C3
    { 0x00C4, 11 }, // U+00C4
    { 0x00C5, 11 }, // U+00C5
    { 0x00C6, 15 }, // U+00C6
    { 0x00C7, 13 }, // U+00C7
    { 0x00C8, 15 }, // U+00C8
    { 0x00C9, 15 }, // U+00C9
    { 0x00CA, 15 }, // U+00CA
    { 0x00CB, 15 }, // U+00CB
    { 0x00CC, 18 }, // U+00CC
    { 0x00CD, 18 }, // U+00CD
    { 0x00CE, 18 }, // U+00CE
    { 0x00CF, 18 }, // U+00CF
    { 0x00D0, 14 }, // U+00D0
    { 0x00D1, 18 }, // U+00D1
    { 0x00D2, 23 }, // U+00D2
    { 0x00D3, 23 }, // U+00D3
    { 0x00D4, 23 }, // U+00D4
    { 0x00D5, 23 }, // U+00D5
    { 0x00D6, 23 }, // U+00D6
    { 0x00D8, 23 }, // U+00D8
    { 0x00D9, 29 }, // U+00D9
    { 0x00DA, 29 }, // U+00DA
    { 0x00DB, 29 }, // U+00DB
    { 0x00DC, 29 }, // U+00DC
    { 0x00DD, 33 }, // U+00DD
    { 0x00DE, 67 }, // U+00DE
    { 0x00DF, 68 }, // U+00DF
    { 0x00E0, 38 }, // U+00E0
    { 0x00E1, 38 }, // U+00E1
    { 0x00E2, 38 }, // U+00E2
    { 0x00E3, 38 }, // U+00E3
    { 0x00E4, 38 }, // U+00E4
    { 0x00E5, 38 }, // U+00E5
    { 0x00E7, 40 }, // U+00E7
    { 0x00EC, 45 }, // U+00EC
    { 0x00ED, 45 }, // U+00ED
    { 0x00EE, 45 }, // U+00EE
    { 0x00EF, 45 }, // U+00EF
    { 0x00F0, 69 }, // U+00F0
    { 0x00F1, 49 }, // U+00F1
    { 0x00F2, 50 }, // U+00F2
    { 0x00F3, 50 }, // U+00F3
    { 0x00F4, 50 }, // U+00F4
    { 0x00F5, 50 }, // U+00F5
    { 0x00F6, 50 }, // U+00F6
    { 0x00F8, 50 }, // U+00F8
    { 0x00F9, 55 }, // U+00F9
    { 0x00FA, 55 }, // U+00FA
    { 0x00FB, 55 }, // U+00FB
    { 0x00FC, 55 }, // U+00FC
    { 0x00FD, 59 }, // U+00FD
    { 0x00FE, 70 }, // U+00FE
    { 0x00FF, 59 }, // U+00FF
    { 0x0100, 11 }, // U+0100
    { 0x0101, 38 }, // U+0101
    { 0x0102, 11 }, // U+0102
    { 0x0103, 38 }, // U+0103
    { 0x0104, 11 }, // U+0104
    { 0x0105, 38 }, // U+0105
    { 0x0106, 13 }, // U+0106
    { 0x0107, 40 }, // U+0107
    { 0x0108, 13 }, // U+0108
    { 0x0109, 40 }, // U+0109
    { 0x010A, 13 }, // U+010A
    { 0x010B, 40 }, // U+010B
    { 0x010C, 13 }, // U+010C
    { 0x010D, 40 }, // U+010D
    { 0x010E, 14 }, // U+010E
    { 0x010F, 71 }, // U+010F
    { 0x0110, 14 }, // U+0110
    { 0x0111, 41 }, // U+0111
    { 0x0112, 15 }, // U+0112
    { 0x0114, 15 }, // U+0114
    { 0x0116, 15 }, // U+0116
    { 0x0118, 15 }, // U+0118
    { 0x011A, 15 }, // U+011A
    { 0x011C, 17 }, // U+011C
    { 0x011D, 43 }, // U+011D
    { 0x011E, 17 }, // U+011E
    { 0x011F, 43 }, // U+011F
    { 0x0120, 17 }, // U+0120
    { 0x0121, 43 }, // U+0121
    { 0x0122, 17 }, // U+0122
    { 0x0123, 43 }, // U+0123
    { 0x0124, 18 }, // U+0124
    { 0x0125, 44 }, // U+0125
    { 0x0126, 18 }, // U+0126
    { 0x0127, 44 }, // U+0127
    { 0x0128, 18 }, // U+0128
    { 0x0129, 45 }, // U+0129
    { 0x012A, 18 }, // U+012A
    { 0x012B, 45 }, // U+012B
    { 0x012C, 18 }, // U+012C
    { 0x012D, 45 }, // U+012D
    { 0x012E, 18 }, // U+012E
    { 0x012F, 45 }, // U+012F
    { 0x0130, 18 }, // U+0130
    { 0x0131, 45 }, // U+0131
    { 0x0132, 19 }, // U+0132
    { 0x0133, 46 }, // U+0133
    { 0x0134, 19 }, // U+0134
    { 0x0135, 46 }, // U+0135
    { 0x0136, 20 }, // U+0136
    { 0x0137, 47 }, // U+0137
    { 0x0138, 47 }, // U+0138
    { 0x0139, 21 }, // U+0139
    { 0x013A, 48 }, // U+013A
    { 0x013B, 21 }, // U+013B
    { 0x013C, 48 }, // U+013C
    { 0x013D, 21 }, // U+013D
    { 0x013E, 71 }, // U+013E
    { 0x013F, 21 }, // U+013F
    { 0x0140, 48 }, // U+0140
    { 0x0141, 21 }, // U+0141
    { 0x0142, 48 }, // U+0142
    { 0x0143, 18 }, // U+0143
    { 0x0144, 49 }, // U+0144
    { 0x0145, 18 }, // U+0145
    { 0x0146, 49 }, // U+0146
    { 0x0147, 18 }, // U+0147
    { 0x0148, 49 }, // U+0148
    { 0x0149, 49 }, // U+0149
    { 0x014A, 72 }, // U+014A
    { 0x014B, 73 }, // U+014B
    { 0x014C, 23 }, // U+014C
    { 0x014D, 50 }, // U+014D
    { 0x014E, 23 }, // U+014E
    { 0x014F, 50 }, // U+014F
    { 0x0150, 23 }, // U+0150
    { 0x0151, 50 }, // U+0151
    { 0x0152, 15 }, // U+0152
    { 0x0154, 26 }, // U+0154
    { 0x0155, 52 }, // U+0155
    { 0x0156, 26 }, // U+0156
    { 0x0157, 52 }, // U+0157
    { 0x0158, 26 }, // U+0158
    { 0x0159, 52 }, // U+0159
    { 0x015A, 27 }, // U+015A
    { 0x015B, 53 }, // U+015B
    { 0x015C, 27 }, // U+015C
    { 0x015D, 53 }, // U+015D
    { 0x015E, 27 }, // U+015E
    { 0x015F, 53 }, // U+015F
    { 0x0160, 27 }, // U+0160
    { 0x0161, 53 }, // U+0161
    { 0x0162, 28 }, // U+0162
    { 0x0163, 54 }, // U+0163
    { 0x0164, 28 }, // U+0164
    { 0x0165, 54 }, // U+0165
    { 0x0166, 28 }, // U+0166
    { 0x0167, 54 }, // U+0167
    { 0x0168, 29 }, // U+0168
    { 0x0169, 55 }, // U+0169
    { 0x016A, 29 }, // U+016A
    { 0x016B, 55 }, // U+016B
    { 0x016C, 29 }, // U+016C
    { 0x016D, 55 }, // U+016D
    { 0x016E, 29 }, // U+016E
    { 0x016F, 55 }, // U+016F
    { 0x0170, 29 }, // U+0170
    { 0x0171, 55 }, // U+0171
    { 0x0172, 29 }, // U+0172
    { 0x0173, 55 }, // U+0173
    { 0x0174, 31 }, // U+0174
    { 0x0175, 57 }, // U+0175
    { 0x0176, 33 }, // U+0176
    { 0x0177, 59 }, // U+0177
    { 0x0178, 33 }, // U+0178
    { 0x0179, 34 }, // U+0179
    { 0x017A, 60 }, // U+017A
    { 0x017B, 34 }, // U+017B
    { 0x017C, 60 }, // U+017C
    { 0x017D, 34 }, // U+017D
    { 0x017E, 60 }, // U+017E
    { 0x017F, 42 }, // U+017F
    { 0x01A0, 74 }, // U+01A0
    { 0x01C4, 34 }, // U+01C4
    { 0x01C5, 60 }, // U+01C5
    { 0x01C6, 60 }, // U+01C6
    { 0x01C7, 19 }, // U+01C7
    { 0x01C8, 46 }, // U+01C8
    { 0x01C9, 46 }, // U+01C9
    { 0x01CA, 19 }, // U+01CA
    { 0x01CB, 46 }, // U+01CB
    { 0x01CC, 46 }, // U+01CC
    { 0x01CD, 11 }, // U+01CD
    { 0x01CE, 38 }, // U+01CE
    { 0x01CF, 18 }, // U+01CF
    { 0x01D0, 45 }, // U+01D0
    { 0x01D1, 23 }, // U+01D1
    { 0x01D2, 50 }, // U+01D2
    { 0x01D3, 29 }, // U+01D3
    { 0x01D4, 55 }, // U+01D4
    { 0x01D5, 29 }, // U+01D5
    { 0x01D6, 55 }, // U+01D6
    { 0x01D7, 29 }, // U+01D7
    { 0x01D8, 55 }, // U+01D8
    { 0x01D9, 29 }, // U+01D9
    { 0x01DA, 55 }, // U+01DA
    { 0x01DB, 29 }, // U+01DB
    { 0x01DC, 55 }, // U+01DC
    { 0x01DD, 50 }, // U+01DD
    { 0x01DE, 11 }, // U+01DE
    { 0x01DF, 38 }, // U+01DF
    { 0x01E0, 11 }, // U+01E0
    { 0x01E1, 38 }, // U+01E1
    { 0x01E2, 15 }, // U+01E2
    { 0x01E4, 17 }, // U+01E4
    { 0x01E5, 43 }, // U+01E5
    { 0x01E6, 17 }, // U+01E6
    { 0x01E7, 43 }, // U+01E7
    { 0x01E8, 20 }, // U+01E8
    { 0x01E9, 47 }, // U+01E9
    { 0x01EA, 23 }, // U+01EA
    { 0x01EB, 50 }, // U+01EB
    { 0x01EC, 23 }, // U+01EC
    { 0x01ED, 50 }, // U+01ED
    { 0x01EE, 75 }, // U+01EE
    { 0x01EF, 76 }, // U+01EF
    { 0x01F0, 46 }, // U+01F0
    { 0x01F1, 34 }, // U+01F1
    { 0x01F2, 60 }, // U+01F2
    { 0x01F3, 60 }, // U+01F3
    { 0x01F4, 17 }, // U+01F4
    { 0x01F5, 43 }, // U+01F5
    { 0x01F6, 55 }, // U+01F6
    { 0x01F7, 77 }, // U+01F7
    { 0x01F8, 18 }, // U+01F8
    { 0x01F9, 49 }, // U+01F9
    { 0x01FA, 11 }, // U+01FA
    { 0x01FB, 38 }, // U+01FB
    { 0x01FC, 15 }, // U+01FC
    { 0x01FE, 23 }, // U+01FE
    { 0x01FF, 50 }, // U+01FF
    { 0x0200, 11 }, // U+0200
    { 0x0201, 38 }, // U+0201
    { 0x0202, 11 }, // U+0202
    { 0x0203, 38 }, // U+0203
    { 0x0204, 15 }, // U+0204
    { 0x0206, 15 }, // U+0206
    { 0x0208, 18 }, // U+0208
    { 0x0209, 45 }, // U+0209
    { 0x020A, 18 }, // U+020A
    { 0x020B, 45 }, // U+020B
    { 0x020C, 23 }, // U+020C
    { 0x020D, 50 }, // U+020D
    { 0x020E, 23 }, // U+020E
    { 0x020F, 50 }, // U+020F
    { 0x0210, 26 }, // U+0210
    { 0x0211, 52 }, // U+0211
    { 0x0212, 26 }, // U+0212
    { 0x0213, 52 }, // U+0213
    { 0x0214, 29 }, // U+0214
    { 0x0215, 55 }, // U+0215
    { 0x0216, 29 }, // U+0216
    { 0x0217, 55 }, // U+0217
    { 0x0218, 27 }, // U+0218
    { 0x0219, 53 }, // U+0219
    { 0x021A, 28 }, // U+021A
    { 0x021B, 54 }, // U+021B
    { 0x021C, 78 }, // U+021C
    { 0x021E, 18 }, // U+021E
    { 0x021F, 44 }, // U+021F
    { 0x0400, 79 }, // U+0400
    { 0x0401, 79 }, // U+0401
    { 0x0402, 80 }, // U+0402
    { 0x0403, 81 }, // U+0403
    { 0x0404, 82 }, // U+0404
    { 0x0405, 83 }, // U+0405
    { 0x0406, 18 }, // U+0406
    { 0x0407, 18 }, // U+0407
    { 0x0408, 84 }, // U+0408
    { 0x0409, 85 }, // U+0409
    { 0x040A, 85 }, // U+040A
    { 0x040B, 86 }, // U+040B
    { 0x040C, 87 }, // U+040C
    { 0x040D, 18 }, // U+040D
    { 0x040E, 88 }, // U+040E
    { 0x040F, 18 }, // U+040F
    { 0x0410, 89 }, // U+0410
    { 0x0411, 80 }, // U+0411
    { 0x0412, 90 }, // U+0412
    { 0x0413, 81 }, // U+0413
    { 0x0414, 91 }, // U+0414
    { 0x0415, 79 }, // U+0415
    { 0x0416, 92 }, // U+0416
    { 0x0417, 93 }, // U+0417
    { 0x0418, 18 }, // U+0418
    { 0x0419, 18 }, // U+0419
    { 0x041A, 87 }, // U+041A
    { 0x041C, 94 }, // U+041C
    { 0x041D, 18 }, // U+041D
    { 0x041E, 95 }, // U+041E
    { 0x041F, 18 }, // U+041F
    { 0x0420, 96 }, // U+0420
    { 0x0421, 82 }, // U+0421
    { 0x0422, 97 }, // U+0422
    { 0x0423, 88 }, // U+0423
    { 0x0424, 98 }, // U+0424
    { 0x0425, 99 }, // U+0425
    { 0x0426, 91 }, // U+0426
    { 0x0428, 18 }, // U+0428
    { 0x0429, 91 }, // U+0429
    { 0x042A, 85 }, // U+042A
    { 0x042B, 18 }, // U+042B
    { 0x042C, 85 }, // U+042C
    { 0x042D, 100 }, // U+042D
    { 0x042E, 95 }, // U+042E
    { 0x0430, 101 }, // U+0430
    { 0x0431, 102 }, // U+0431
    { 0x0432, 103 }, // U+0432
    { 0x0433, 104 }, // U+0433
    { 0x0434, 105 }, // U+0434
    { 0x0435, 106 }, // U+0435
    { 0x0436, 107 }, // U+0436
    { 0x0437, 108 }, // U+0437
    { 0x043A, 109 }, // U+043A
    { 0x043B, 110 }, // U+043B
    { 0x043C, 111 }, // U+043C
    { 0x043D, 112 }, // U+043D
    { 0x043E, 113 }, // U+043E
    { 0x043F, 112 }, // U+043F
    { 0x0440, 114 }, // U+0440
    { 0x0441, 115 }, // U+0441
    { 0x0442, 116 }, // U+0442
    { 0x0443, 117 }, // U+0443
    { 0x0444, 118 }, // U+0444
    { 0x0445, 119 }, // U+0445
    { 0x0446, 105 }, // U+0446
    { 0x0447, 112 }, // U+0447
    { 0x0448, 112 }, // U+0448
    { 0x0449, 105 }, // U+0449
    { 0x044A, 120 }, // U+044A
    { 0x044B, 112 }, // U+044B
    { 0x044C, 120 }, // U+044C
    { 0x044D, 121 }, // U+044D
    { 0x044E, 122 }, // U+044E
    { 0x044F, 123 }, // U+044F
    { 0x0450, 106 }, // U+0450
    { 0x0451, 106 }, // U+0451
    { 0x0452, 124 }, // U+0452
    { 0x0453, 104 }, // U+0453
    { 0x0454, 125 }, // U+0454
    { 0x0455, 126 }, // U+0455
    { 0x0456, 127 }, // U+0456
    { 0x0457, 127 }, // U+0457
    { 0x0458, 128 }, // U+0458
    { 0x0459, 120 }, // U+0459
    { 0x045A, 120 }, // U+045A
    { 0x045B, 129 }, // U+045B
    { 0x045C, 109 }, // U+045C
    { 0x045E, 117 }, // U+045E
    { 0x045F, 130 }, // U+045F
    { 0x0462, 80 }, // U+0462
    { 0x0463, 131 }, // U+0463
    { 0x0472, 95 }, // U+0472
    { 0x0473, 113 }, // U+0473
    { 0x0474, 132 }, // U+0474
    { 0x0475, 133 }, // U+0475
    { 0x048A, 91 }, // U+048A
    { 0x048B, 105 }, // U+048B
    { 0x048C, 85 }, // U+048C
    { 0x048D, 120 }, // U+048D
    { 0x048F, 114 }, // U+048F
    { 0x0490, 81 }, // U+0490
    { 0x0491, 104 }, // U+0491
    { 0x0492, 81 }, // U+0492
    { 0x0493, 104 }, // U+0493
    { 0x0494, 80 }, // U+0494
    { 0x0495, 134 }, // U+0495
    { 0x0496, 92 }, // U+0496
    { 0x0497, 107 }, // U+0497
    { 0x0498, 93 }, // U+0498
    { 0x0499, 108 }, // U+0499
    { 0x049A, 87 }, // U+049A
    { 0x049B, 109 }, // U+049B
    { 0x049C, 87 }, // U+049C
    { 0x049D, 109 }, // U+049D
    { 0x049E, 87 }, // U+049E
    { 0x049F, 109 }, // U+049F
    { 0x04A0, 87 }, // U+04A0
    { 0x04A1, 109 }, // U+04A1
    { 0x04A2, 91 }, // U+04A2
    { 0x04A3, 105 }, // U+04A3
    { 0x04A4, 97 }, // U+04A4
    { 0x04A5, 104 }, // U+04A5
    { 0x04A6, 85 }, // U+04A6
    { 0x04A7, 135 }, // U+04A7
    { 0x04A8, 136 }, // U+04A8
    { 0x04A9, 137 }, // U+04A9
    { 0x04AA, 82 }, // U+04AA
    { 0x04AB, 115 }, // U+04AB
    { 0x04AC, 97 }, // U+04AC
    { 0x04AD, 116 }, // U+04AD
    { 0x04AE, 138 }, // U+04AE
    { 0x04AF, 139 }, // U+04AF
    { 0x04B0, 138 }, // U+04B0
    { 0x04B1, 139 }, // U+04B1
    { 0x04B2, 99 }, // U+04B2
    { 0x04B3, 119 }, // U+04B3
    { 0x04B4, 91 }, // U+04B4
    { 0x04B5, 105 }, // U+04B5
    { 0x04B6, 91 }, // U+04B6
    { 0x04B7, 105 }, // U+04B7
    { 0x04BA, 140 }, // U+04BA
    { 0x04BB, 141 }, // U+04BB
    { 0x04BC, 142 }, // U+04BC
    { 0x04BE, 142 }, // U+04BE
    { 0x04C0, 18 }, // U+04C0
    { 0x04C1, 92 }, // U+04C1
    { 0x04C2, 107 }, // U+04C2
    { 0x04C3, 143 }, // U+04C3
    { 0x04C4, 144 }, // U+04C4
    { 0x04C6, 105 }, // U+04C6
    { 0x04C7, 84 }, // U+04C7
    { 0x04C8, 145 }, // U+04C8
    { 0x04C9, 91 }, // U+04C9
    { 0x04CA, 105 }, // U+04CA
    { 0x04CC, 112 }, // U+04CC
    { 0x04CD, 91 }, // U+04CD
    { 0x04CE, 105 }, // U+04CE
    { 0x04CF, 18 }, // U+04CF
    { 0x04D0, 89 }, // U+04D0
    { 0x04D1, 101 }, // U+04D1
    { 0x04D2, 89 }, // U+04D2
    { 0x04D3, 101 }, // U+04D3
    { 0x04D4, 146 }, // U+04D4
    { 0x04D5, 147 }, // U+04D5
    { 0x04D6, 79 }, // U+04D6
    { 0x04D7, 106 }, // U+04D7
    { 0x04D8, 148 }, // U+04D8
    { 0x04DA, 148 }, // U+04DA
    { 0x04DC, 92 }, // U+04DC
    { 0x04DD, 107 }, // U+04DD
    { 0x04DE, 93 }, // U+04DE
    { 0x04DF, 108 }, // U+04DF
    { 0x04E0, 149 }, // U+04E0
    { 0x04E1, 150 }, // U+04E1
    { 0x04E2, 18 }, // U+04E2
    { 0x04E4, 18 }, // U+04E4
    { 0x04E6, 95 }, // U+04E6
    { 0x04E7, 113 }, // U+04E7
    { 0x04E8, 95 }, // U+04E8
    { 0x04E9, 113 }, // U+04E9
    { 0x04EA, 95 }, // U+04EA
    { 0x04EB, 113 }, // U+04EB
    { 0x04EC, 100 }, // U+04EC
    { 0x04ED, 108 }, // U+04ED
    { 0x04EE, 88 }, // U+04EE
    { 0x04EF, 117 }, // U+04EF
    { 0x04F0, 88 }, // U+04F0
    { 0x04F1, 117 }, // U+04F1
    { 0x04F2, 88 }, // U+04F2
    { 0x04F3, 117 }, // U+04F3
    { 0x04F6, 81 }, // U+04F6
    { 0x04F7, 104 }, // U+04F7
    { 0x04F8, 18 }, // U+04F8
    { 0x04F9, 112 }, // U+04F9
    { 0x1EA0, 151 }, // U+1EA0
    { 0x1EA1, 152 }, // U+1EA1
    { 0x1EA2, 151 }, // U+1EA2
    { 0x1EA3, 152 }, // U+1EA3
    { 0x1EA4, 151 }, // U+1EA4
    { 0x1EA5, 152 }, // U+1EA5
    { 0x1EA6, 151 }, // U+1EA6
    { 0x1EA7, 152 }, // U+1EA7
    { 0x1EA8, 151 }, // U+1EA8
    { 0x1EA9, 152 }, // U+1EA9
    { 0x1EAA, 151 }, // U+1EAA
    { 0x1EAB, 152 }, // U+1EAB
    { 0x1EAC, 151 }, // U+1EAC
    { 0x1EAD, 152 }, // U+1EAD
    { 0x1EAE, 151 }, // U+1EAE
    { 0x1EAF, 152 }, // U+1EAF
    { 0x1EB0, 151 }, // U+1EB0
    { 0x1EB1, 152 }, // U+1EB1
    { 0x1EB2, 151 }, // U+1EB2
    { 0x1EB3, 152 }, // U+1EB3
    { 0x1EB4, 151 }, // U+1EB4
    { 0x1EB5, 152 }, // U+1EB5
    { 0x1EB6, 151 }, // U+1EB6
    { 0x1EB7, 152 }, // U+1EB7
    { 0x1EB8, 153 }, // U+1EB8
    { 0x1EB9, 154 }, // U+1EB9
    { 0x1EBA, 153 }, // U+1EBA
    { 0x1EBB, 154 }, // U+1EBB
    { 0x1EBC, 153 }, // U+1EBC
    { 0x1EBD, 154 }, // U+1EBD
    { 0x1EBE, 153 }, // U+1EBE
    { 0x1EBF, 154 }, // U+1EBF
    { 0x1EC0, 153 }, // U+1EC0
    { 0x1EC1, 154 }, // U+1EC1
    { 0x1EC2, 153 }, // U+1EC2
    { 0x1EC3, 154 }, // U+1EC3
    { 0x1EC4, 153 }, // U+1EC4
    { 0x1EC5, 154 }, // U+1EC5
    { 0x1EC6, 153 }, // U+1EC6
    { 0x1EC7, 154 }, // U+1EC7
    { 0x1ECC, 155 }, // U+1ECC
    { 0x1ECD, 156 }, // U+1ECD
    { 0x1ECE, 155 }, // U+1ECE
    { 0x1ECF, 156 }, // U+1ECF
    { 0x1ED0, 155 }, // U+1ED0
    { 0x1ED1, 156 }, // U+1ED1
    { 0x1ED2, 155 }, // U+1ED2
    { 0x1ED3, 156 }, // U+1ED3
    { 0x1ED4, 155 }, // U+1ED4
    { 0x1ED5, 156 }, // U+1ED5
    { 0x1ED6, 155 }, // U+1ED6
    { 0x1ED7, 156 }, // U+1ED7
    { 0x1ED8, 155 }, // U+1ED8
    { 0x1ED9, 156 }, // U+1ED9
    { 0x1EDB, 157 }, // U+1EDB
    { 0x1EDD, 157 }, // U+1EDD
    { 0x1EDF, 157 }, // U+1EDF
    { 0x1EE1, 157 }, // U+1EE1
    { 0x1EE3, 157 }, // U+1EE3
    { 0x1EE4, 158 }, // U+1EE4
    { 0x1EE5, 159 }, // U+1EE5
    { 0x1EE6, 158 }, // U+1EE6
    { 0x1EE7, 159 }, // U+1EE7
    { 0x1EE8, 160 }, // U+1EE8
    { 0x1EE9, 161 }, // U+1EE9
    { 0x1EEA, 160 }, // U+1EEA
    { 0x1EEB, 161 }, // U+1EEB
    { 0x1EEC, 160 }, // U+1EEC
    { 0x1EED, 161 }, // U+1EED
    { 0x1EEE, 160 }, // U+1EEE
    { 0x1EEF, 161 }, // U+1EEF
    { 0x1EF0, 160 }, // U+1EF0
    { 0x1EF1, 161 }, // U+1EF1
    { 0x1EF2, 33 }, // U+1EF2
    { 0x1EF3, 59 }, // U+1EF3
    { 0x1EF4, 162 }, // U+1EF4
    { 0x1EF5, 163 }, // U+1EF5
    { 0x1EF6, 162 }, // U+1EF6
    { 0x1EF7, 163 }, // U+1EF7
    { 0x1EF8, 162 }, // U+1EF8
    { 0x1EF9, 163 }, // U+1EF9
    { 0x2011, 164 }, // U+2011
    { 0x2012, 164 }, // U+2012
    { 0x2013, 7 }, // U+2013
    { 0x2014, 7 }, // U+2014
    { 0x2018, 165 }, // U+2018
    { 0x2019, 166 }, // U+2019
    { 0x201A, 167 }, // U+201A
    { 0x201C, 165 }, // U+201C
    { 0x201D, 166 }, // U+201D
    { 0x201E, 167 }, // U+201E
    { 0x2026, 6 }, // U+2026
    { 0x2039, 64 }, // U+2039
    { 0x203A, 65 }, // U+203A
    { 0xFB00, 42 }, // U+FB00
    { 0xFB01, 45 }, // U+FB01
    { 0xFB02, 48 }, // U+FB02
    { 0xFB03, 45 }, // U+FB03
    { 0xFB04, 48 }, // U+FB04
};

static const EpdKernClassEntry ubuntu_12_boldKernRightClasses[] = {
    { 0x0021, 1 }, // !
    { 0x0022, 2 }, // "
    { 0x0026, 3 }, // &
    { 0x0027, 2 }, // '
    { 0x0028, 4 }, // (
    { 0x0029, 5 }, // )
    { 0x002A, 6 }, // *
    { 0x002C, 7 }, // ,
    { 0x002D, 8 }, // -
    { 0x002E, 7 }, // .
    { 0x002F, 9 }, // /
    { 0x003A, 10 }, // :
    { 0x003B, 10 }, // ;
    { 0x003F, 11 }, // ?
    { 0x0040, 12 }, // @
    { 0x0041, 13 }, // A
    { 0x0042, 14 }, // B
    { 0x0043, 15 }, // C
    { 0x0044, 14 }, // D
    { 0x0045, 14 }, // E
    { 0x0046, 14 }, // F
    { 0x0047, 16 }, // G
    { 0x0048, 14 }, // H
    { 0x0049, 14 }, // I
    { 0x004A, 17 }, // J
    { 0x004B, 14 }, // K
    { 0x004C, 14 }, // L
    { 0x004D, 18 }, // M
    { 0x004E, 14 }, // N
    { 0x004F, 19 }, // O
    { 0x0050, 14 }, // P
    { 0x0051, 19 }, // Q
    { 0x0052, 14 }, // R
    { 0x0053, 20 }, // S
    { 0x0054, 21 }, // T
    { 0x0055, 22 }, // U
    { 0x0056, 23 }, // V
    { 0x0057, 24 }, // W
    { 0x0058, 25 }, // X
    { 0x0059, 26 }, // Y
    { 0x005A, 27 }, // Z
    { 0x005B, 28 }, // [
    { 0x005C, 29 }, // <backslash>
    { 0x005D, 30 }, // ]
    { 0x0061, 31 }, // a
    { 0x0062, 32 }, // b
    { 0x0063, 33 }, // c
    { 0x0064, 34 }, // d
    { 0x0065, 33 }, // e
    { 0x0066, 35 }, // f
    { 0x0067, 33 }, // g
    { 0x0068, 36 }, // h
    { 0x0069, 37 }, // i
    { 0x006A, 38 }, // j
    { 0x006B, 36 }, // k
    { 0x006C, 36 }, // l
    { 0x006D, 39 }, // m
    { 0x006E, 39 }, // n
    { 0x006F, 34 }, // o
    { 0x0070, 39 }, // p
    { 0x0071, 33 }, // q
    { 0x0072, 39 }, // r
    { 0x0073, 40 }, // s
    { 0x0074, 41 }, // t
    { 0x0075, 42 }, // u
    { 0x0076, 43 }, // v
    { 0x0077, 44 }, // w
    { 0x0078, 45 }, // x
    { 0x0079, 46 }, // y
    { 0x007A, 47 }, // z
    { 0x007B, 48 }, // {
    { 0x007D, 49 }, // }
    { 0x00AB, 50 }, // U+00AB
    { 0x00BB, 51 }, // U+00BB
    { 0x00C0, 13 }, // U+00C0
    { 0x00C1, 13 }, // U+00C1
    { 0x00C2, 13 }, // U+00C2
    { 0x00C3, 13 }, // U+00C3
    { 0x00C4, 13 }, // U+00C4
    { 0x00C5, 13 }, // U+00C5
    { 0x00C6, 52 }, // U+00C6
    { 0x00C7, 15 }, // U+00C7
    { 0x00C8, 14 }, // U+00C8
    { 0x00C9, 14 }, // U+00C9
    { 0x00CA, 14 }, // U+00CA
    { 0x00CB, 14 }, // U+00CB
    { 0x00CC, 14 }, // U+00CC
    { 0x00CD, 14 }, // U+00CD
    { 0x00CE, 14 }, // U+00CE
    { 0x00CF, 14 }, // U+00CF
    { 0x00D0, 14 }, // U+00D0
    { 0x00D1, 14 }, // U+00D1
    { 0x00D2, 19 }, // U+00D2
    { 0x00D3, 19 }, // U+00D3
    { 0x00D4, 19 }, // U+00D4
    { 0x00D5, 19 }, // U+00D5
    { 0x00D6, 19 }, // U+00D6
    { 0x00D8, 19 }, // U+00D8
    { 0x00D9, 22 }, // U+00D9
    { 0x00DA, 22 }, // U+00DA
    { 0x00DB, 22 }, // U+00DB
    { 0x00DC, 22 }, // U+00DC
    { 0x00DD, 26 }, // U+00DD
    { 0x00DF, 53 }, // U+00DF
    { 0x00E0, 31 }, // U+00E0
    { 0x00E1, 31 }, // U+00E1
    { 0x00E2, 31 }, // U+00E2
    { 0x00E3, 31 }, // U+00E3
    { 0x00E4, 54 }, // U+00E4
    { 0x00E5, 31 }, // U+00E5
    { 0x00E6, 31 }, // U+00E6
    { 0x00E7, 33 }, // U+00E7
    { 0x00E8, 33 }, // U+00E8
    { 0x00E9, 33 }, // U+00E9
    { 0x00EA, 33 }, // U+00EA
    { 0x00EB, 33 }, // U+00EB
    { 0x00EC, 55 }, // U+00EC
    { 0x00ED, 37 }, // U+00ED
    { 0x00EE, 56 }, // U+00EE
    { 0x00EF, 57 }, // U+00EF
    { 0x00F0, 58 }, // U+00F0
    { 0x00F1, 39 }, // U+00F1
    { 0x00F2, 34 }, // U+00F2
    { 0x00F3, 34 }, // U+00F3
    { 0x00F4, 34 }, // U+00F4
    { 0x00F5, 34 }, // U+00F5
    { 0x00F6, 34 }, // U+00F6
    { 0x00F8, 34 }, // U+00F8
    { 0x00F9, 42 }, // U+00F9
    { 0x00FA, 42 }, // U+00FA
    { 0x00FB, 42 }, // U+00FB
    { 0x00FC, 42 }, // U+00FC
    { 0x00FD, 46 }, // U+00FD
    { 0x00FF, 46 }, // U+00FF
    { 0x0100, 13 }, // U+0100
    { 0x0101, 31 }, // U+0101
    { 0x0102, 13 }, // U+0102
    { 0x0103, 31 }, // U+0103
    { 0x0104, 13 }, // U+0104
    { 0x0105, 31 }, // U+0105
    { 0x0106, 15 }, // U+0106
    { 0x0107, 33 }, // U+0107
    { 0x0108, 15 }, // U+0108
    { 0x0109, 33 }, // U+0109
    { 0x010A, 15 }, // U+010A
    { 0x010B, 33 }, // U+010B
    { 0x010C, 15 }, // U+010C
    { 0x010D, 33 }, // U+010D
    { 0x010E, 14 }, // U+010E
    { 0x010F, 34 }, // U+010F
    { 0x0111, 34 }, // U+0111
    { 0x0112, 14 }, // U+0112
    { 0x0113, 33 }, // U+0113
    { 0x0114, 14 }, // U+0114
    { 0x0115, 33 }, // U+0115
    { 0x0116, 14 }, // U+0116
    { 0x0117, 33 }, // U+0117
    { 0x0118, 14 }, // U+0118
    { 0x0119, 33 }, // U+0119
    { 0x011A, 14 }, // U+011A
    { 0x011B, 33 }, // U+011B
    { 0x011C, 16 }, // U+011C
    { 0x011D, 33 }, // U+011D
    { 0x011E, 16 }, // U+011E
    { 0x011F, 33 }, // U+011F
    { 0x0120, 16 }, // U+0120
    { 0x0121, 33 }, // U+0121
    { 0x0122, 16 }, // U+0122
    { 0x0123, 33 }, // U+0123
    { 0x0124, 14 }, // U+0124
    { 0x0125, 36 }, // U+0125
    { 0x0126, 14 }, // U+0126
    { 0x0127, 36 }, // U+0127
    { 0x0128, 14 }, // U+0128
    { 0x0129, 59 }, // U+0129
    { 0x012A, 14 }, // U+012A
    { 0x012B, 60 }, // U+012B
    { 0x012C, 14 }, // U+012C
    { 0x012D, 61 }, // U+012D
    { 0x012E, 14 }, // U+012E
    { 0x012F, 37 }, // U+012F
    { 0x0130, 14 }, // U+0130
    { 0x0131, 37 }, // U+0131
    { 0x0132, 14 }, // U+0132
    { 0x0133, 37 }, // U+0133
    { 0x0134, 17 }, // U+0134
    { 0x0135, 38 }, // U+0135
    { 0x0136, 14 }, // U+0136
    { 0x0137, 36 }, // U+0137
    { 0x0139, 14 }, // U+0139
    { 0x013A, 36 }, // U+013A
    { 0x013B, 14 }, // U+013B
    { 0x013C, 36 }, // U+013C
    { 0x013D, 14 }, // U+013D
    { 0x013E, 36 }, // U+013E
    { 0x013F, 14 }, // U+013F
    { 0x0140, 36 }, // U+0140
    { 0x0141, 14 }, // U+0141
    { 0x0142, 36 }, // U+0142
    { 0x0143, 14 }, // U+0143
    { 0x0144, 39 }, // U+0144
    { 0x0145, 14 }, // U+0145
    { 0x0146, 39 }, // U+0146
    { 0x0147, 14 }, // U+0147
    { 0x0148, 39 }, // U+0148
    { 0x0149, 39 }, // U+0149
    { 0x014A, 62 }, // U+014A
    { 0x014B, 63 }, // U+014B
    { 0x014C, 19 }, // U+014C
    { 0x014D, 34 }, // U+014D
    { 0x014E, 19 }, // U+014E
    { 0x014F, 34 }, // U+014F
    { 0x0150, 19 }, // U+0150
    { 0x0151, 34 }, // U+0151
    { 0x0152, 19 }, // U+0152
    { 0x0153, 34 }, // U+0153
    { 0x0154, 14 }, // U+0154
    { 0x0155, 39 }, // U+0155
    { 0x0156, 14 }, // U+0156
    { 0x0157, 39 }, // U+0157
    { 0x0158, 14 }, // U+0158
    { 0x0159, 39 }, // U+0159
    { 0x015A, 20 }, // U+015A
    { 0x015B, 40 }, // U+015B
    { 0x015C, 20 }, // U+015C
    { 0x015D, 40 }, // U+015D
    { 0x015E, 20 }, // U+015E
    { 0x015F, 40 }, // U+015F
    { 0x0160, 20 }, // U+0160
    { 0x0161, 40 }, // U+0161
    { 0x0162, 21 }, // U+0162
    { 0x0163, 41 }, // U+0163
    { 0x0164, 21 }, // U+0164
    { 0x0165, 41 }, // U+0165
    { 0x0166, 21 }, // U+0166
    { 0x0167, 41 }, // U+0167
    { 0x0168, 22 }, // U+0168
    { 0x0169, 42 }, // U+0169
    { 0x016A, 22 }, // U+016A
    { 0x016B, 42 }, // U+016B
    { 0x016C, 22 }, // U+016C
    { 0x016D, 42 }, // U+016D
    { 0x016E, 22 }, // U+016E
    { 0x016F, 42 }, // U+016F
    { 0x0170, 22 }, // U+0170
    { 0x0171, 42 }, // U+0171
    { 0x0172, 22 }, // U+0172
    { 0x0173, 42 }, // U+0173
    { 0x0174, 24 }, // U+0174
    { 0x0175, 44 }, // U+0175
    { 0x0176, 26 }, // U+0176
    { 0x0177, 46 }, // U+0177
    { 0x0178, 26 }, // U+0178
    { 0x0179, 27 }, // U+0179
    { 0x017A, 47 }, // U+017A
    { 0x017B, 27 }, // U+017B
    { 0x017C, 47 }, // U+017C
    { 0x017D, 27 }, // U+017D
    { 0x017E, 47 }, // U+017E
    { 0x017F, 35 }, // U+017F
    { 0x01A0, 19 }, // U+01A0
    { 0x01A1, 34 }, // U+01A1
    { 0x01AF, 22 }, // U+01AF
    { 0x01B0, 42 }, // U+01B0
    { 0x01C4, 14 }, // U+01C4
    { 0x01C5, 14 }, // U+01C5
    { 0x01C6, 34 }, // U+01C6
    { 0x01C7, 14 }, // U+01C7
    { 0x01C8, 14 }, // U+01C8
    { 0x01C9, 36 }, // U+01C9
    { 0x01CA, 14 }, // U+01CA
    { 0x01CB, 14 }, // U+01CB
    { 0x01CC, 39 }, // U+01CC
    { 0x01CD, 13 }, // U+01CD
    { 0x01CE, 31 }, // U+01CE
    { 0x01CF, 14 }, // U+01CF
    { 0x01D0, 37 }, // U+01D0
    { 0x01D1, 19 }, // U+01D1
    { 0x01D2, 34 }, // U+01D2
    { 0x01D3, 22 }, // U+01D3
    { 0x01D4, 42 }, // U+01D4
    { 0x01D5, 22 }, // U+01D5
    { 0x01D6, 42 }, // U+01D6
    { 0x01D7, 22 }, // U+01D7
    { 0x01D8, 42 }, // U+01D8
    { 0x01D9, 22 }, // U+01D9
    { 0x01DA, 42 }, // U+01DA
    { 0x01DB, 22 }, // U+01DB
    { 0x01DC, 42 }, // U+01DC
    { 0x01DD, 64 }, // U+01DD
    { 0x01DE, 13 }, // U+01DE
    { 0x01DF, 31 }, // U+01DF
    { 0x01E0, 13 }, // U+01E0
    { 0x01E1, 31 }, // U+01E1
    { 0x01E2, 52 }, // U+01E2
    { 0x01E3, 31 }, // U+01E3
    { 0x01E4, 16 }, // U+01E4
    { 0x01E5, 33 }, // U+01E5
    { 0x01E6, 16 }, // U+01E6
    { 0x01E7, 33 }, // U+01E7
    { 0x01E8, 14 }, // U+01E8
    { 0x01E9, 36 }, // U+01E9
    { 0x01EA, 19 }, // U+01EA
    { 0x01EB, 34 }, // U+01EB
    { 0x01EC, 19 }, // U+01EC
    { 0x01ED, 34 }, // U+01ED
    { 0x01EE, 65 }, // U+01EE
    { 0x01F0, 38 }, // U+01F0
    { 0x01F1, 14 }, // U+01F1
    { 0x01F2, 14 }, // U+01F2
    { 0x01F3, 34 }, // U+01F3
    { 0x01F4, 16 }, // U+01F4
    { 0x01F5, 33 }, // U+01F5
    { 0x01F8, 14 }, // U+01F8
    { 0x01F9, 39 }, // U+01F9
    { 0x01FA, 13 }, // U+01FA
    { 0x01FB, 31 }, // U+01FB
    { 0x01FC, 52 }, // U+01FC
    { 0x01FD, 31 }, // U+01FD
    { 0x01FE, 19 }, // U+01FE
    { 0x01FF, 34 }, // U+01FF
    { 0x0200, 13 }, // U+0200
    { 0x0201, 31 }, // U+0201
    { 0x0202, 13 }, // U+0202
    { 0x0203, 31 }, // U+0203
    { 0x0204, 14 }, // U+0204
    { 0x0205, 33 }, // U+0205
    { 0x0206, 14 }, // U+0206
    { 0x0207, 33 }, // U+0207
    { 0x0208, 14 }, // U+0208
    { 0x0209, 37 }, // U+0209
    { 0x020A, 14 }, // U+020A
    { 0x020B, 37 }, // U+020B
    { 0x020C, 19 }, // U+020C
    { 0x020D, 34 }, // U+020D
    { 0x020E, 19 }, // U+020E
    { 0x020F, 34 }, // U+020F
    { 0x0210, 14 }, // U+0210
    { 0x0211, 39 }, // U+0211
    { 0x0212, 14 }, // U+0212
    { 0x0213, 39 }, // U+0213
    { 0x0214, 22 }, // U+0214
    { 0x0215, 42 }, // U+0215
    { 0x0216, 22 }, // U+0216
    { 0x0217, 42 }, // U+0217
    { 0x0218, 20 }, // U+0218
    { 0x0219, 40 }, // U+0219
    { 0x021A, 21 }, // U+021A
    { 0x021B, 41 }, // U+021B
    { 0x021C, 66 }, // U+021C
    { 0x021D, 67 }, // U+021D
    { 0x021E, 14 }, // U+021E
    { 0x021F, 36 }, // U+021F
    { 0x0402, 68 }, // U+0402
    { 0x0404, 69 }, // U+0404
    { 0x0405, 70 }, // U+0405
    { 0x0408, 71 }, // U+0408
    { 0x0409, 72 }, // U+0409
    { 0x040B, 68 }, // U+040B
    { 0x040E, 73 }, // U+040E
    { 0x0410, 74 }, // U+0410
    { 0x0414, 75 }, // U+0414
    { 0x0416, 76 }, // U+0416
    { 0x0417, 77 }, // U+0417
    { 0x041B, 72 }, // U+041B
    { 0x041C, 78 }, // U+041C
    { 0x041E, 79 }, // U+041E
    { 0x0421, 69 }, // U+0421
    { 0x0422, 68 }, // U+0422
    { 0x0423, 73 }, // U+0423
    { 0x0424, 80 }, // U+0424
    { 0x0425, 81 }, // U+0425
    { 0x0427, 82 }, // U+0427
    { 0x042D, 83 }, // U+042D
    { 0x042F, 84 }, // U+042F
    { 0x0430, 85 }, // U+0430
    { 0x0431, 86 }, // U+0431
    { 0x0432, 87 }, // U+0432
    { 0x0433, 88 }, // U+0433
    { 0x0434, 89 }, // U+0434
    { 0x0435, 90 }, // U+0435
    { 0x0436, 91 }, // U+0436
    { 0x0437, 92 }, // U+0437
    { 0x0438, 88 }, // U+0438
    { 0x0439, 88 }, // U+0439
    { 0x043A, 88 }, // U+043A
    { 0x043B, 93 }, // U+043B
    { 0x043C, 94 }, // U+043C
    { 0x043D, 88 }, // U+043D
    { 0x043E, 95 }, // U+043E
    { 0x043F, 88 }, // U+043F
    { 0x0440, 96 }, // U+0440
    { 0x0441, 97 }, // U+0441
    { 0x0442, 98 }, // U+0442
    { 0x0443, 99 }, // U+0443
    { 0x0444, 100 }, // U+0444
    { 0x0445, 101 }, // U+0445
    { 0x0446, 88 }, // U+0446
    { 0x0447, 102 }, // U+0447
    { 0x0448, 88 }, // U+0448
    { 0x0449, 103 }, // U+0449
    { 0x044A, 104 }, // U+044A
    { 0x044B, 88 }, // U+044B
    { 0x044C, 88 }, // U+044C
    { 0x044D, 105 }, // U+044D
    { 0x044E, 106 }, // U+044E
    { 0x044F, 107 }, // U+044F
    { 0x0450, 90 }, // U+0450
    { 0x0451, 90 }, // U+0451
    { 0x0452, 108 }, // U+0452
    { 0x0453, 88 }, // U+0453
    { 0x0454, 109 }, // U+0454
    { 0x0455, 110 }, // U+0455
    { 0x0456, 111 }, // U+0456
    { 0x0457, 112 }, // U+0457
    { 0x0458, 113 }, // U+0458
    { 0x0459, 93 }, // U+0459
    { 0x045A, 88 }, // U+045A
    { 0x045B, 114 }, // U+045B
    { 0x045C, 88 }, // U+045C
    { 0x045D, 88 }, // U+045D
    { 0x045E, 99 }, // U+045E
    { 0x045F, 103 }, // U+045F
    { 0x0462, 68 }, // U+0462
    { 0x0463, 115 }, // U+0463
    { 0x0472, 79 }, // U+0472
    { 0x0473, 95 }, // U+0473
    { 0x0475, 99 }, // U+0475
    { 0x048B, 88 }, // U+048B
    { 0x048D, 116 }, // U+048D
    { 0x048F, 96 }, // U+048F
    { 0x0491, 88 }, // U+0491
    { 0x0493, 88 }, // U+0493
    { 0x0495, 88 }, // U+0495
    { 0x0496, 76 }, // U+0496
    { 0x0497, 91 }, // U+0497
    { 0x0498, 77 }, // U+0498
    { 0x0499, 92 }, // U+0499
    { 0x049B, 88 }, // U+049B
    { 0x049D, 88 }, // U+049D
    { 0x049F, 88 }, // U+049F
    { 0x04A1, 88 }, // U+04A1
    { 0x04A3, 88 }, // U+04A3
    { 0x04A5, 88 }, // U+04A5
    { 0x04A7, 88 }, // U+04A7
    { 0x04A8, 117 }, // U+04A8
    { 0x04A9, 118 }, // U+04A9
    { 0x04AA, 69 }, // U+04AA
    { 0x04AB, 97 }, // U+04AB
    { 0x04AC, 68 }, // U+04AC
    { 0x04AD, 98 }, // U+04AD
    { 0x04AE, 119 }, // U+04AE
    { 0x04AF, 120 }, // U+04AF
    { 0x04B0, 119 }, // U+04B0
    { 0x04B1, 120 }, // U+04B1
    { 0x04B2, 81 }, // U+04B2
    { 0x04B3, 101 }, // U+04B3
    { 0x04B4, 68 }, // U+04B4
    { 0x04B5, 98 }, // U+04B5
    { 0x04B6, 82 }, // U+04B6
    { 0x04B7, 102 }, // U+04B7
    { 0x04B8, 82 }, // U+04B8
    { 0x04B9, 102 }, // U+04B9
    { 0x04BB, 121 }, // U+04BB
    { 0x04BC, 122 }, // U+04BC
    { 0x04BD, 123 }, // U+04BD
    { 0x04BE, 122 }, // U+04BE
    { 0x04BF, 123 }, // U+04BF
    { 0x04C1, 76 }, // U+04C1
    { 0x04C2, 91 }, // U+04C2
    { 0x04C4, 88 }, // U+04C4
    { 0x04C5, 72 }, // U+04C5
    { 0x04C6, 93 }, // U+04C6
    { 0x04C8, 88 }, // U+04C8
    { 0x04CA, 88 }, // U+04CA
    { 0x04CB, 82 }, // U+04CB
    { 0x04CC, 102 }, // U+04CC
    { 0x04CE, 94 }, // U+04CE
    { 0x04D0, 74 }, // U+04D0
    { 0x04D1, 85 }, // U+04D1
    { 0x04D2, 74 }, // U+04D2
    { 0x04D3, 85 }, // U+04D3
    { 0x04D4, 124 }, // U+04D4
    { 0x04D5, 125 }, // U+04D5
    { 0x04D7, 90 }, // U+04D7
    { 0x04D8, 126 }, // U+04D8
    { 0x04D9, 127 }, // U+04D9
    { 0x04DA, 126 }, // U+04DA
    { 0x04DB, 127 }, // U+04DB
    { 0x04DC, 76 }, // U+04DC
    { 0x04DD, 91 }, // U+04DD
    { 0x04DE, 77 }, // U+04DE
    { 0x04DF, 92 }, // U+04DF
    { 0x04E0, 128 }, // U+04E0
    { 0x04E1, 129 }, // U+04E1
    { 0x04E3, 88 }, // U+04E3
    { 0x04E5, 88 }, // U+04E5
    { 0x04E6, 79 }, // U+04E6
    { 0x04E7, 95 }, // U+04E7
    { 0x04E8, 79 }, // U+04E8
    { 0x04E9, 95 }, // U+04E9
    { 0x04EA, 79 }, // U+04EA
    { 0x04EB, 95 }, // U+04EB
    { 0x04EC, 83 }, // U+04EC
    { 0x04ED, 92 }, // U+04ED
    { 0x04EE, 73 }, // U+04EE
    { 0x04EF, 99 }, // U+04EF
    { 0x04F0, 73 }, // U+04F0
    { 0x04F1, 99 }, // U+04F1
    { 0x04F2, 73 }, // U+04F2
    { 0x04F3, 99 }, // U+04F3
    { 0x04F4, 82 }, // U+04F4
    { 0x04F5, 102 }, // U+04F5
    { 0x04F7, 88 }, // U+04F7
    { 0x04F9, 88 }, // U+04F9
    { 0x1EA0, 130 }, // U+1EA0
    { 0x1EA1, 131 }, // U+1EA1
    { 0x1EA2, 130 }, // U+1EA2
    { 0x1EA3, 131 }, // U+1EA3
    { 0x1EA4, 130 }, // U+1EA4
    { 0x1EA5, 131 }, // U+1EA5
    { 0x1EA6, 130 }, // U+1EA6
    { 0x1EA7, 131 }, // U+1EA7
    { 0x1EA8, 130 }, // U+1EA8
    { 0x1EA9, 131 }, // U+1EA9
    { 0x1EAA, 130 }, // U+1EAA
    { 0x1EAB, 131 }, // U+1EAB
    { 0x1EAC, 130 }, // U+1EAC
    { 0x1EAD, 131 }, // U+1EAD
    { 0x1EAE, 130 }, // U+1EAE
    { 0x1EAF, 131 }, // U+1EAF
    { 0x1EB0, 130 }, // U+1EB0
    { 0x1EB1, 131 }, // U+1EB1
    { 0x1EB2, 130 }, // U+1EB2
    { 0x1EB3, 131 }, // U+1EB3
    { 0x1EB4, 130 }, // U+1EB4
    { 0x1EB5, 131 }, // U+1EB5
    { 0x1EB6, 130 }, // U+1EB6
    { 0x1EB7, 131 }, // U+1EB7
    { 0x1EB9, 132 }, // U+1EB9
    { 0x1EBB, 132 }, // U+1EBB
    { 0x1EBD, 132 }, // U+1EBD
    { 0x1EBF, 132 }, // U+1EBF
    { 0x1EC1, 132 }, // U+1EC1
    { 0x1EC3, 132 }, // U+1EC3
    { 0x1EC5, 132 }, // U+1EC5
    { 0x1EC7, 132 }, // U+1EC7
    { 0x1EC9, 133 }, // U+1EC9
    { 0x1ECB, 133 }, // U+1ECB
    { 0x1ECC, 134 }, // U+1ECC
    { 0x1ECD, 132 }, // U+1ECD
    { 0x1ECE, 134 }, // U+1ECE
    { 0x1ECF, 132 }, // U+1ECF
    { 0x1ED0, 134 }, // U+1ED0
    { 0x1ED1, 132 }, // U+1ED1
    { 0x1ED2, 134 }, // U+1ED2
    { 0x1ED3, 132 }, // U+1ED3
    { 0x1ED4, 134 }, // U+1ED4
    { 0x1ED5, 132 }, // U+1ED5
    { 0x1ED6, 134 }, // U+1ED6
    { 0x1ED7, 132 }, // U+1ED7
    { 0x1ED8, 134 }, // U+1ED8
    { 0x1ED9, 132 }, // U+1ED9
    { 0x1EDA, 134 }, // U+1EDA
    { 0x1EDB, 132 }, // U+1EDB
    { 0x1EDC, 134 }, // U+1EDC
    { 0x1EDD, 132 }, // U+1EDD
    { 0x1EDE, 134 }, // U+1EDE
    { 0x1EDF, 132 }, // U+1EDF
    { 0x1EE0, 134 }, // U+1EE0
    { 0x1EE1, 132 }, // U+1EE1
    { 0x1EE2, 134 }, // U+1EE2
    { 0x1EE3, 132 }, // U+1EE3
    { 0x1EE4, 135 }, // U+1EE4
    { 0x1EE5, 136 }, // U+1EE5
    { 0x1EE6, 135 }, // U+1EE6
    { 0x1EE7, 136 }, // U+1EE7
    { 0x1EE8, 135 }, // U+1EE8
    { 0x1EE9, 136 }, // U+1EE9
    { 0x1EEA, 135 }, // U+1EEA
    { 0x1EEB, 136 }, // U+1EEB
    { 0x1EEC, 135 }, // U+1EEC
    { 0x1EED, 136 }, // U+1EED
    { 0x1EEE, 135 }, // U+1EEE
    { 0x1EEF, 136 }, // U+1EEF
    { 0x1EF0, 135 }, // U+1EF0
    { 0x1EF1, 136 }, // U+1EF1
    { 0x1EF2, 26 }, // U+1EF2
    { 0x1EF3, 46 }, // U+1EF3
    { 0x1EF4, 137 }, // U+1EF4
    { 0x1EF5, 138 }, // U+1EF5
    { 0x1EF6, 137 }, // U+1EF6
    { 0x1EF7, 138 }, // U+1EF7
    { 0x1EF8, 137 }, // U+1EF8
    { 0x1EF9, 138 }, // U+1EF9
    { 0x2011, 139 }, // U+2011
    { 0x2012, 139 }, // U+2012
    { 0x2013, 8 }, // U+2013
    { 0x2014, 8 }, // U+2014
    { 0x2018, 140 }, // U+2018
    { 0x2019, 141 }, // U+2019
    { 0x201A, 142 }, // U+201A
    { 0x201C, 140 }, // U+201C
    { 0x201D, 141 }, // U+201D
    { 0x201E, 142 }, // U+201E
    { 0x2026, 7 }, // U+2026
    { 0x2039, 50 }, // U+2039
    { 0x203A, 51 }, // U+203A
    { 0x2047, 143 }, // U+2047
    { 0x2048, 143 }, // U+2048
    { 0xFB00, 35 }, // U+FB00
    { 0xFB01, 35 }, // U+FB01
    { 0xFB02, 35 }, // U+FB02
    { 0xFB03, 35 }, // U+FB03
    { 0xFB04, 35 }, // U+FB04
};

static const int8_t ubuntu_12_boldKernMatrix[] = {
       0,    0,    0,    0,    0,    0,    0,    0,    0,    0,    0,    0,  -20,    0,    0,    0,  -35,    0,    0,    0,    0,    0,    7,    8,    0,    0,    0,    0,    0,    0,    0,    0,    0,    0,    0,    0,    0,    0,    0,    0,    0,    0,    0,    0,    0,    0,    0,    0,    0,    0,    0,  -43,    0,    0,    0,    0,    0,    0,    0,    0,    0,    0,    0,    0,    0,    0,    0,    7,    0,    0,  -38,  -25,    0,  -23,  -23,    0,    0,    0,    0,   -6,    0,    5,    0,    0,   -6,    0,    0,    0,  -17,  -12,    0,    0,  -18,   -6,  -12,    0,  -13,    0,    0,  -19,    0,    0,    0,    0,    0,    0,   -8,    4,  -10,   -6,    0,    0,    0,    4,    0,    0,    0,  -12,    0,    0,    0,    0,    0,  -40,   -6,    0,   -5,    0,    0,    0,    0,    0,    0,    0,    0,    0,    0,    0,    0,    0,    0,    0,    0,
       0,    0,    0,    0,    0,    0,    0,    0,    0,    0,    0,    0,   12,    0,   -8,   -8,    8,    0,   -8,    0,  -32,    0,  -28,  -16,    4,  -40,    0,    0,    0,    0,   -8,    0,   -8,   -8,    0,    0,    0,    0,    0,    0,    0,    0,  -15,  -12,    4,  -15,    0,    0,    0,    0,    0,    0,    0,   -8,    0,    0,    0,    0,    0,    0,    0,    0,    0,    0,    0,    0,    0,    0,    0,    0,    0,    0,    0,    0,    0,    0,    0,    0,    0,    0,    0,    0,    0,    0,    0,    0,    0,    0,    0,    0,    0,    0,    0,    0,    0,    0,    0,    0,    0,    0,    0,    0,    0,    0,    0,    0,    0,    0,    0,    0,    0,    0,    0,    0,    0,    0,    0,    0,    0,    0,    0,    0,    0,    0,    0,    0,    0,    0,    0,    0,    0,    0,    0,    0,    0,    0,    0,    0,    0,    0,    0,    0,    0,
       0,    0,    0,  -12,   32,   -8,    0,   -4,    0,    0,    0,  -12,    0,    0,   -8,   -8,    0,    0,   -8,    0,   10,    0,   12,   10,   10,   13,    4,    0,    0,    0,  -10,    0,  -12,  -12,   -5,    0,    5,   34,   -8,   -7,    0,  -10,   -4,   -4,    0,   12,    0,    0,    0,    0,    0,    0,   -6,  -10,    5,    5,    5,  -12,    5,    5,    5,    0,    0,    0,    0,    0,    0,   10,   -8,   -5,    0,    0,    7,    0,    8,    8,    0,    0,   -8,  -12,   10,    0,    0,    0,  -10,   -5,   -6,   -6,    8,   -9,    0,    0,    0,   -4,  -12,    0,   -9,    0,   12,  -14,    0,   -8,   -6,    0,    0,   -6,    0,    7,   -7,   -7,    5,    5,   34,    7,    0,    0,  -13,  -12,   10,    0,    0,    0,   -6,    5,   -7,   -5,   -8,    0,    5,    0,    0,    0,    0,    0,    0,    0,    0,    0,    0,    0,    0,    0,    0,
       0,    0,    0,   -9,    0,   -8,    0,    9,    0,    0,    0,   -5,   -8,    0,    0,    0,   -5,    0,    0,    0,   -8,    0,  -13,   -5,   -8,  -16,   -4,    0,    0,    0,    0,    0,    0,    0,    0,    0,    0,    0,    0,    0,    0,    0,    0,    0,   -6,    0,    0,    0,    0,    0,    0,   -8,    0,    0,    0,    0,    0,    0,    0,    0,    0,   -9,    0,    0,    0,    0,    0,   -8,    0,   -6,   -5,    0,   -8,   -8,    0,   -6,   -6,    0,    0,    0,   -8,    0,   -8,   -9,    0,    0,    0,    0,    0,    0,    0,    0,    0,    0,    0,    0,    0,    0,    0,    0,   -6,    0,    0,    0,    0,    0,    0,   -7,    0,    0,    0,    0,    0,    0,    0,    0,    0,    0,  -13,    0,    0,    0,    0,    0,    0,    0,    0,   -7,   -7,    0,    0,    0,    0,    0,    0,    0,    0,    0,    0,    0,    0,    0,    0,
       0,    0,    0,    0,    0,    0,    0,    0,    0,    0,    0,   -8,  -32,    0,    0,    0,  -42,   -4,    0,    0,    0,    0,    0,    0,   -9,   -4,    0,    0,    0,    0,   -7,    0,  -12,  -12,    0,    0,    0,   -4,    0,   -4,    0,    0,    6,    6,    5,    6,    0,    0,    0,    0,    0,  -56,    0,   -7,    0,    0,    0,  -19,    0,    0,    0,   -5,    0,    0,    0,    0,    0,    0,    0,    0,  -42,  -30,   -5,  -32,  -29,   -7,   -6,   -4,    0,    0,   -9,    0,   -6,    0,   -7,    0,    0,    0,  -18,   -6,    0,    0,  -18,   -6,  -12,    0,   -6,    0,    0,   -7,    5,    0,    0,    0,    0,    0,   -5,    0,   -4,   -4,    0,    0,   -4,    0,    0,    0,    0,   -6,    0,    0,    0,    0,    0,  -29,   -4,   -5,    0,   -4,    0,    0,    0,    0,    0,    0,    0,    0,    0,    0,    0,    0,    0,    0,    0,
       0,    0,    0,    0,    0,    0,    0,    0,    0,    0,    0,    0,   12,    0,  -16,  -16,   16,    0,  -16,    5,  -32,  -12,  -33,  -17,   10,  -38,    9,    0,    0,    0,  -12,    0,  -12,  -12,    0,    0,    0,    0,    0,    0,    0,    0,  -23,  -22,    8,  -23,    7,    0,    0,    0,    0,   10,    0,  -12,    0,    0,    0,   -8,    0,    0,    0,    0,    0,    0,    0,    0,    0,  -32,   -6,    5,   16,    9,    0,   12,   11,    5,    6,    0,  -16,  -16,   10,  -30,    0,    0,    0,    0,    0,    0,   11,    0,    0,    6,   11,    0,  -12,    0,    0,  -15,  -12,    0,    8,  -18,    0,   -8,    6,    0,    0,    0,    0,    0,    0,    0,    0,    0,   -6,    0,   -7,    0,  -26,  -13,    0,  -33,  -19,   12,    0,   -4,    0,    5,  -16,    0,    0,    0,    0,    0,    0,    0,    0,    0,    0,    0,    0,    0,    0,
       0,    0,    0,    0,    0,    0,    0,    0,    0,    0,    0,    0,    0,    0,    8,    8,   -6,    0,    8,    0,  -22,    0,  -12,    0,  -13,  -27,   -4,    0,    0,    0,    6,    0,    5,    5,    8,    0,    0,    0,    0,    0,    0,    0,    0,    3,   -8,    0,    0,    0,    0,    0,    0,  -18,    0,    6,    0,    0,    0,    5,    0,    0,    0,    7,    0,    0,    0,    0,    0,  -22,    9,   -4,   -6,    0,  -10,    0,    0,  -12,    0,    0,    8,    8,  -13,    0,   -6,    0,    6,   10,    5,    5,    0,   10,   -9,    0,    0,    0,    5,    5,   10,    0,    0,   10,   -8,    8,    5,    0,    0,    5,    4,    0,   12,    0,    5,    5,    5,    0,    0,    6,    8,   10,  -18,    0,    5,    0,   11,    0,    0,    9,   10,   -6,    0,    0,    0,    0,    0,    0,    0,    0,    0,    0,    0,    0,    0,    0,    0,
       0,    0,    0,    0,    0,    0,    0,    0,    0,    0,    0,  -14,  -26,    0,  -10,  -10,  -28,    0,  -10,    0,   17,    0,   19,   17,   13,   20,    7,    0,    0,    0,  -16,    7,  -23,  -23,    0,    7,    6,    6,  -13,  -12,    0,   -8,    0,    0,    0,    0,   -4,    0,    0,    0,    0,  -48,    0,  -16,    6,    6,    6,  -19,    6,    6,    6,    0,    0,    0,    0,    0,    0,   17,   -7,    0,  -28,  -21,    9,  -26,  -21,   11,    0,    0,  -10,   -7,   13,    5,    0,   -7,  -16,   -5,   -6,   -6,  -18,  -13,    0,    0,  -18,  -11,  -23,   -6,  -13,    0,    0,  -14,    0,    0,   -6,    0,    0,   -5,  -11,   10,  -11,  -12,    6,    6,    6,   10,    0,    0,   -7,  -13,   12,    0,    0,    0,    0,  -22,   -8,    0,   -7,    0,   -4,    0,    0,    0,    0,    0,    0,    0,    0,    0,    0,    0,    0,    0,    0,
       0,    0,    0,    0,    0,    0,    0,    0,    0,    0,    0,    0,    7,    0,    0,    0,   10,    0,    0,    0,  -25,    0,   -5,    0,    6,  -15,    5,    0,    0,    0,    0,    0,    0,    0,    0,    0,    0,    0,    0,    0,    0,    0,    6,    6,    5,    6,    4,    0,    0,    0,    0,    6,    0,    0,    0,    0,    0,    0,    0,    0,    0,    0,    0,    0,    0,    0,    0,  -25,    0,    0,   10,    0,    0,    7,    0,    0,    0,    0,    0,    0,    6,    0,    0,    0,    0,    0,    0,    0,    0,    0,    0,    0,    6,    0,    0,    0,    0,    0,    0,    0,    5,    0,    0,    0,    0,    0,    0,    0,    0,    0,    0,    0,    0,    0,    6,    6,    0,    0,   -9,    0,    0,    6,    6,    8,    0,    0,    0,    0,    0,    0,    0,    0,    0,    0,    0,    0,    0,    0,    0,    0,    0,    0,    0,
       0,    0,    0,    0,    0,    0,    0,    0,    0,    0,    0,    0,   -8,    0,    0,    0,   -7,    0,    0,    0,  -14,    0,  -12,   -4,  -10,  -17,   -5,    0,    0,    0,    0,    0,    0,    0,    0,    0,    0,    0,    0,    0,    0,    0,    0,    0,   -4,    0,    0,    0,    0,    0,    0,  -22,    0,    0,    0,    0,    0,    0,    0,    0,    0,   -6,    0,    0,    0,    0,    0,  -14,    0,   -4,   -7,    0,  -10,   -8,    0,  -13,   -7,    0,    0,    0,  -10,    0,  -10,   -7,    0,    0,    0,    0,    0,    0,    0,    0,    0,    0,    0,    0,    0,    0,    0,    0,   -4,    0,    0,    0,    0,    0,    0,   -6,    0,    0,    0,    0,    0,    0,    0,    0,    0,    0,  -14,    0,    0,    0,    0,   -7,    0,    0,    0,   -8,    0,    0,    0,    0,    0,    0,    0,    0,    0,    0,    0,    0,    0,    0,    0,
       0,  -20,    0,   -7,    0,  -32,   12,    0,   10,    8,  -13,    0,   15,    0,  -10,  -10,   13,    0,  -10,    8,  -33,   -8,  -26,  -16,   15,  -40,   10,    0,  -32,  -10,   -4,    0,   -4,   -4,    0,    0,    0,    0,    0,    4,    0,    0,  -14,  -10,   10,  -14,    6,   -4,    0,   -6,    5,    8,    0,   -4,    0,    0,    0,   -6,    0,    0,    0,    0,    0,    0,    0,  -18,    0,    0,    0,    0,    0,    0,    0,    0,    0,    0,    0,    0,    0,    0,    0,    0,    0,    0,    0,    0,    0,    0,    0,    0,    0,    0,    0,    0,    0,    0,    0,    0,    0,    0,    0,    0,    0,    0,    0,    0,    0,    0,    0,    0,    0,    0,    0,    0,    0,    0,    0,    0,    0,    0,    0,    0,    0,    0,    0,    0,    0,    0,    0,    0,    0,    0,    0,    0,    0,    0,    0,    0,    0,  -30,  -26,   17,    0,
       0,    0,    0,    0,   -5,   -5,    0,    4,  -12,    4,   -8,    0,   -4,    0,    0,    0,    0,    0,    0,    0,   -7,    0,  -12,   -4,   -9,  -14,    0,    0,   -8,   -9,    0,    0,    0,    0,    0,    0,    0,    0,    0,    0,    0,    0,   -4,    0,   -3,   -4,   -4,    0,   -4,    4,    4,  -10,    0,    0,    0,    0,    0,    0,    0,    0,    0,    0,    0,    0,    0,   -6,    0,    0,    0,    0,    0,    0,    0,    0,    0,    0,    0,    0,    0,    0,    0,    0,    0,    0,    0,    0,    0,    0,    0,    0,    0,    0,    0,    0,    0,    0,    0,    0,    0,    0,    0,    0,    0,    0,    0,    0,    0,    0,    0,    0,    0,    0,    0,    0,    0,    0,    0,    0,    0,    0,    0,    0,    0,    0,    0,    0,    0,    0,    0,    0,    0,    0,    0,    0,    0,    0,    0,    0,    0,    0,    0,    4,    0,
       0,    0,    3,   -5,    6,   -4,    9,   -4,    5,    8,    6,    0,   11,    0,  -10,  -10,   12,    0,  -10,    7,    8,    0,    8,    8,   10,   10,    7,    0,    8,   10,    4,    0,   -5,   -5,    0,    0,    0,    0,    0,    2,    0,   -5,    0,    0,   10,    0,    6,    0,    0,  -10,    6,   10,    0,    4,    0,    0,    0,   -4,    0,    0,    0,    0,    0,    0,    0,    0,    0,    0,    0,    0,    0,    0,    0,    0,    0,    0,    0,    0,    0,    0,    0,    0,    0,    0,    0,    0,    0,    0,    0,    0,    0,    0,    0,    0,    0,    0,    0,    0,    0,    0,    0,    0,    0,    0,    0,    0,    0,    0,    0,    0,    0,    0,    0,    0,    0,    0,    0,    0,    0,    0,    0,    0,    0,    0,    0,    0,    0,    0,    0,    0,    0,    0,    0,    0,    0,    0,    0,    0,    0,    8,   14,   16,    0,
       0,    0,    0,    0,   -8,    0,  -16,    8,  -21,    0,   -8,    0,  -10,    0,    0,    0,   -9,    0,    0,    0,   -9,    0,  -10,   -4,  -15,  -18,   -4,    0,    0,   -8,    0,    0,    0,    0,    0,    0,    0,    0,    0,    0,    0,    0,    0,    0,    0,    0,    0,    0,   -6,    4,    0,  -24,    0,    0,    0,    0,    0,    0,    0,    0,    0,    0,    0,    0,   -6,   -8,    0,    0,    0,    0,    0,    0,    0,    0,    0,    0,    0,    0,    0,    0,    0,    0,    0,    0,    0,    0,    0,    0,    0,    0,    0,    0,    0,    0,    0,    0,    0,    0,    0,    0,    0,    0,    0,    0,    0,    0,    0,    0,    0,    0,    0,    0,    0,    0,    0,    0,    0,    0,    0,    0,    0,    0,    0,    0,    0,    0,    0,    0,    0,    0,    0,    0,    0,    0,    0,    0,    0,    0,    0,    0,    4,   -5,    0,
       0,    0,    0,    0,    0,    0,    0,    0,    0,    0,    0,    0,    0,    0,    0,    0,   10,    0,   -7,    0,    0,    0,    4,    0,    8,    4,    4,    0,    0,    0,   -5,    0,   -5,   -5,    0,    0,    0,    0,    0,    0,    0,    0,    0,    0,    8,    0,    0,    0,    0,    0,    5,    7,    0,   -5,    0,    0,    0,   -4,    0,    0,    0,    4,    0,    0,    0,    0,    0,    0,    0,    0,    0,    0,    0,    0,    0,    0,    0,    0,    0,    0,    0,    0,    0,    0,    0,    0,    0,    0,    0,    0,    0,    0,    0,    0,    0,    0,    0,    0,    0,    0,    0,    0,    0,    0,    0,    0,    0,    0,    0,    0,    0,    0,    0,    0,    0,    0,    0,    0,    0,    0,    0,    0,    0,    0,    0,    0,    0,    0,    0,    0,    0,    0,    0,    0,    0,    0,    0,    0,    0,    5,    7,   16,    0,
       0,    0,   -8,   -6,    8,    0,  -25,    6,  -31,    0,    8,   -4,  -19,    0,   -3,   -3,  -30,   -4,   -3,    0,    8,    0,   10,    8,    5,   11,    0,    0,   12,   10,  -10,    0,   -4,   -4,    0,    0,    0,    0,   -8,   -5,    0,   -8,    0,    0,   -4,    0,   -8,    0,    0,    0,   -4,  -47,    0,  -10,    0,    0,    0,   -4,    0,    0,    0,    0,    0,    0,    0,    0,    0,    0,    0,    0,    0,    0,    0,    0,    0,    0,    0,    0,    0,    0,    0,    0,    0,    0,    0,    0,    0,    0,    0,    0,    0,    0,    0,    0,    0,    0,    0,    0,    0,    0,    0,    0,    0,    0,    0,    0,    0,    0,    0,    0,    0,    0,    0,    0,    0,    0,    0,    0,    0,    0,    0,    0,    0,    0,    0,    0,    0,    0,    0,    0,    0,    0,    0,    0,    0,    0,    0,    0,    0,   16,   15,  -25,    0,
       0,    0,    0,    0,    0,  -10,    8,    7,    0,    4,    0,    0,    0,    0,    0,    0,    0,    0,    0,    0,   -4,    0,   -8,   -8,    0,   -8,    0,    0,    0,    0,    0,    0,    0,    0,    0,    0,    0,    0,    0,    0,    0,    0,   -4,    0,    0,   -4,    0,    0,    0,    0,    0,    0,    0,    0,    0,    0,    0,    0,    0,    0,    0,    0,    0,    0,    0,    0,    0,    0,    0,    0,    0,    0,    0,    0,    0,    0,    0,    0,    0,    0,    0,    0,    0,    0,    0,    0,    0,    0,    0,    0,    0,    0,    0,    0,    0,    0,    0,    0,    0,    0,    0,    0,    0,    0,    0,    0,    0,    0,    0,    0,    0,    0,    0,    0,    0,    0,    0,    0,    0,    0,    0,    0,    0,    0,    0,    0,    0,    0,    0,    0,    0,    0,    0,    0,    0,    0,    0,    0,    0,   -4,    0,    9,    0,
       0,    0,    0,    0,    0,    0,    0,    0,   -4,    0,    0,    0,    0,    0,    0,    0,    0,    0,    0,    0,    0,    0,    0,    0,    0,    0,    0,    0,    0,    0,    0,    0,    0,    0,    0,    0,    0,    0,    0,    0,    0,    0,    0,    0,    0,    0,    0,    0,    0,    0,    0,    0,    0,    0,    0,    0,    0,    0,    0,    0,    0,    0,    0,    0,    0,    0,    0,    0,    0,    0,    0,    0,    0,    0,    0,    0,    0,    0,    0,    0,    0,    0,    0,    0,    0,    0,    0,    0,    0,    0,    0,    0,    0,    0,    0,    0,    0,    0,    0,    0,    0,    0,    0,    0,    0,    0,    0,    0,    0,    0,    0,    0,    0,    0,    0,    0,    0,    0,    0,    0,    0,    0,    0,    0,    0,    0,    0,    0,    0,    0,    0,    0,    0,    0,    0,    0,    0,    0,    0,    0,    0,    0,    0,
       0,    0,    0,    0,    0,    0,    0,    0,  -12,    0,    0,    0,   -8,    0,    0,    0,   -5,    0,    0,    0,    0,    0,    0,    0,    0,    0,    0,    0,    4,    0,    0,    0,    0,    0,    0,    0,    0,    0,    0,    0,    0,    0,    0,    0,    0,    0,    0,    0,    0,    0,    4,  -16,    0,    0,    0,    0,    0,    0,    0,    0,    0,    0,    0,    0,    0,    0,    0,    0,    0,    0,    0,    0,    0,    0,    0,    0,    0,    0,    0,    0,    0,    0,    0,    0,    0,    0,    0,    0,    0,    0,    0,    0,    0,    0,    0,    0,    0,    0,    0,    0,    0,    0,    0,    0,    0,    0,    0,    0,    0,    0,    0,    0,    0,    0,    0,    0,    0,    0,    0,    0,    0,    0,    0,    0,    0,    0,    0,    0,    0,    0,    0,    0,    0,    0,    0,    0,    0,    0,    0,    6,    6,    0,    0,
       0,    0,   -8,   -8,   10,  -16,   12,  -20,    9,    4,    0,   -6,   10,    0,  -22,  -22,    8,    0,  -22,    0,    9,    0,    7,    5,   14,    7,   10,    0,    8,   11,   -4,    0,  -16,  -16,    0,    0,    0,    0,    0,    4,   -4,  -14,  -18,  -18,   14,  -18,    8,   -5,    0,  -20,    0,   10,    0,   -4,    0,    0,   17,  -14,   14,   12,    4,    0,    0,   -7,    0,    0,    0,    0,    0,    0,    0,    0,    0,    0,    0,    0,    0,    0,    0,    0,    0,    0,    0,    0,    0,    0,    0,    0,    0,    0,    0,    0,    0,    0,    0,    0,    0,    0,    0,    0,    0,    0,    0,    0,    0,    0,    0,    0,    0,    0,    0,    0,    0,    0,    0,    0,    0,    0,    0,    0,    0,    0,    0,    0,    0,    0,    0,    0,    0,    0,    0,    0,    0,    0,    0,    0,    0,    0,    0,    0,    0,   12,    0,
       4,  -39,    4,    0,    0,  -41,   16,   -8,    7,   10,  -14,    0,   12,    0,   -8,   -8,   12,    4,   -8,    7,  -31,   -4,  -34,  -20,   12,  -40,    7,    0,  -32,  -13,    5,    0,    0,    0,    0,    0,    0,    0,    0,    3,    0,    0,  -19,  -12,   12,  -19,    6,   -6,   -5,   -8,    8,   12,    0,    5,    0,    0,    0,    0,    0,    0,    0,    0,    0,    0,    0,  -20,    0,    0,    0,    0,    0,    0,    0,    0,    0,    0,    0,    0,    0,    0,    0,    0,    0,    0,    0,    0,    0,    0,    0,    0,    0,    0,    0,    0,    0,    0,    0,    0,    0,    0,    0,    0,    0,    0,    0,    0,    0,    0,    0,    0,    0,    0,    0,    0,    0,    0,    0,    0,    0,    0,    0,    0,    0,    0,    0,    0,    0,    0,    0,    0,    0,    0,    0,    0,    0,    0,    0,    0,    0,  -26,  -22,   19,    0,
       0,    0,    0,    0,    0,   -4,    0,    0,   -4,    0,   -6,    0,    0,    0,    0,    0,    0,    0,    0,    0,   -4,    0,   -4,    0,    0,   -6,    0,    0,   -8,    0,    0,    0,    0,    0,    0,    0,    0,    0,    0,    0,    0,    0,    0,    0,    0,    0,    0,    0,    0,    0,    0,    0,    0,    0,    0,    0,    0,    0,    0,    0,    0,    0,    0,    0,    0,    0,    0,    0,    0,    0,    0,    0,    0,    0,    0,    0,    0,    0,    0,    0,    0,    0,    0,    0,    0,    0,    0,    0,    0,    0,    0,    0,    0,    0,    0,    0,    0,    0,    0,    0,    0,    0,    0,    0,    0,    0,    0,    0,    0,    0,    0,    0,    0,    0,    0,    0,    0,    0,    0,    0,    0,    0,    0,    0,    0,    0,    0,    0,    0,    0,    0,    0,    0,    0,    0,    0,    0,    0,    0,   -8,   -6,    0,    0,
       0,    0,    0,    0,   -8,    0,  -16,    8,  -21,    0,   -8,    0,  -10,    0,    0,    0,   -9,    0,    0,    0,   -9,    0,  -10,   -4,  -15,  -18,   -4,    0,    0,   -8,    0,    0,    0,    0,    0,    0,    0,    0,    0,    0,    0,    0,    0,    0,    0,    0,    0,    0,   -5,    4,    0,  -24,    0,    0,    0,    0,    0,    0,    0,    0,    0,    0,    0,    0,   -4,   -9,    0,    0,    0,    0,    0,    0,    0,    0,    0,    0,    0,    0,    0,    0,    0,    0,    0,    0,    0,    0,    0,    0,    0,    0,    0,    0,    0,    0,    0,    0,    0,    0,    0,    0,    0,    0,    0,    0,    0,    0,    0,    0,    0,    0,    0,    0,    0,    0,    0,    0,    0,    0,    0,    0,    0,    0,    0,    0,    0,    0,    0,    0,    0,    0,    0,    0,    0,    0,    0,    0,    0,    0,    0,    0,    4,   -5,    0,
       0,    0,   -8,    0,   -3,    0,  -42,    0,  -32,    5,    0,    0,  -27,    0,    0,    0,  -36,    0,    0,    0,    5,    0,    0,    0,   -9,   -4,    0,   -6,    0,   -5,   -8,    0,   -6,   -6,    0,    0,    0,    0,    0,    0,    0,    0,    8,    8,    5,    8,    0,    0,   -4,   -4,    5,  -50,    0,   -8,    0,    0,    0,   -9,    0,    0,    0,    0,    0,    0,    0,    0,    0,    0,    0,    0,    0,    0,    0,    0,    0,    0,    0,    0,    0,    0,    0,    0,    0,    0,    0,    0,    0,    0,    0,    0,    0,    0,    0,    0,    0,    0,    0,    0,    0,    0,    0,    0,    0,    0,    0,    0,    0,    0,    0,    0,    0,    0,    0,    0,    0,    0,    0,    0,    0,    0,    0,    0,    0,    0,    0,    0,    0,    0,    0,    0,    0,    0,    0,    0,    0,    0,    0,    0,    0,   12,   12,  -37,    0,
       0,    0,    0,    0,   -8,    0,  -16,    8,  -21,    0,   -8,    0,  -10,    0,    0,    0,   -9,    0,    0,    0,   -9,    0,  -10,   -4,  -15,  -18,   -4,    0,    0,   -8,    0,    0,    0,    0,    0,    0,    0,    6,    0,    0,    0,    0,    0,    0,    0,    0,    0,    0,    0,    4,    0,  -24,    0,    0,    0,    0,    0,    0,    0,    0,    0,    0,    0,    0,   -4,    0,    0,    0,    0,    0,    0,    0,    0,    0,    0,    0,    0,    0,    0,    0,    0,    0,    0,    0,    0,    0,    0,    0,    0,    0,    0,    0,    0,    0,    0,    0,    0,    0,    0,    0,    0,    0,    0,    0,    0,    0,    0,    0,    0,    0,    0,    0,    0,    0,    0,    0,    0,    0,    0,    0,    0,    0,    0,    0,    0,    0,    0,    0,    0,    0,    0,    0,    0,    0,    0,    0,    0,    0,    0,    0,    4,   -5,    0,
       0,    0,    0,    0,    0,   -4,   10,   -8,    7,    5,   -6,   -4,   12,    0,   -7,   -7,   10,    0,   -7,    0,   -4,   -3,   -6,    0,    8,  -13,    7,    0,   -4,   -9,  -10,    0,  -10,  -10,    0,    0,    0,    0,    0,    0,   -4,   -4,    0,    0,    7,    0,    4,    0,    0,   -9,    0,    8,    0,  -10,    0,    0,    0,  -11,    0,    0,    0,    0,    0,    0,    0,    0,    0,    0,    0,    0,    0,    0,    0,    0,    0,    0,    0,    0,    0,    0,    0,    0,    0,    0,    0,    0,    0,    0,    0,    0,    0,    0,    0,    0,    0,    0,    0,    0,    0,    0,    0,    0,    0,    0,    0,    0,    0,    0,    0,    0,    0,    0,    0,    0,    0,    0,    0,    0,    0,    0,    0,    0,    0,    0,    0,    0,    0,    0,    0,    0,    0,    0,    0,    0,    0,    0,    0,    0,    0,    5,    4,   13,    0,
       0,    0,    0,    0,   -3,  -14,    4,   11,   -6,    0,   -4,    0,    0,    0,    0,    0,    0,    0,    0,    0,   -8,    0,   -4,   -4,    0,   -4,    0,    0,    0,    0,    5,    0,    0,    0,    0,    0,    0,    0,    0,    0,    0,    0,   -6,   -5,   -4,   -6,    0,    0,    0,    6,    0,   -8,    0,    5,    0,    0,    0,    0,    0,    0,    0,    0,    0,    0,    0,    0,    0,    0,    0,    0,    0,    0,    0,    0,    0,    0,    0,    0,    0,    0,    0,    0,    0,    0,    0,    0,    0,    0,    0,    0,    0,    0,    0,    0,    0,    0,    0,    0,    0,    0,    0,    0,    0,    0,    0,    0,    0,    0,    0,    0,    0,    0,    0,    0,    0,    0,    0,    0,    0,    0,    0,    0,    0,    0,    0,    0,    0,    0,    0,    0,    0,    0,    0,    0,    0,    0,    0,    0,    0,   -8,    0,    7,    0,
       0,    0,   -8,   -7,   10,    0,  -32,  -22,  -39,  -24,   10,  -14,  -33,    0,   -9,   -9,  -33,   -4,   -9,    0,   10,    0,   12,   10,   10,   14,    4,    0,   16,   12,  -30,    0,  -30,  -30,    0,    0,    0,    0,  -28,  -29,    0,  -28,  -30,  -30,  -30,  -30,  -28,   -7,    0,  -30,  -26,  -46,    0,  -30,   -4,   11,   18,  -37,   18,   13,   12,    0,  -22,  -24,    0,    0,    0,    0,    0,    0,    0,    0,    0,    0,    0,    0,    0,    0,    0,    0,    0,    0,    0,    0,    0,    0,    0,    0,    0,    0,    0,    0,    0,    0,    0,    0,    0,    0,    0,    0,    0,    0,    0,    0,    0,    0,    0,    0,    0,    0,    0,    0,    0,    0,    0,    0,    0,    0,    0,    0,    0,    0,    0,    0,    0,    0,    0,    0,    0,    0,    0,    0,    0,    0,    0,    0,    0,    0,    0,   11,    8,  -21,    0,
       0,    0,    0,    0,    0,    0,  -12,    0,  -22,    4,    0,    0,   -8,    0,    0,    0,   -8,    0,    0,    0,    0,    0,    0,    0,    0,    0,    0,    0,    4,    0,    0,    0,    0,    0,    0,    0,    0,    0,    0,    0,    0,    0,    0,    0,    0,    0,    0,    0,    0,    0,    0,  -22,    0,    0,    0,    0,    0,    0,    0,    0,    0,    0,    0,    0,    0,    0,    0,    0,    0,    0,    0,    0,    0,    0,    0,    0,    0,    0,    0,    0,    0,    0,    0,    0,    0,    0,    0,    0,    0,    0,    0,    0,    0,    0,    0,    0,    0,    0,    0,    0,    0,    0,    0,    0,    0,    0,    0,    0,    0,    0,    0,    0,    0,    0,    0,    0,    0,    0,    0,    0,    0,    0,    0,    0,    0,    0,    0,    0,    0,    0,    0,    0,    0,    0,    0,    0,    0,    0,    0,    2,    9,    0,    0,
       0,    7,  -12,  -12,   13,    0,  -32,  -12,  -38,   -5,   11,  -12,  -26,    0,  -10,  -10,  -35,   -4,  -10,    0,   13,    0,   15,   13,   13,   16,    6,    0,   16,   15,  -16,    0,  -22,  -22,    0,    0,    0,    0,   -9,  -15,    0,   -8,    0,    0,    0,    0,   -5,   -7,    0,  -16,    0,  -59,    0,  -16,    8,    0,   20,  -24,   18,   14,   13,    0,   -7,   -8,    0,    0,    0,    0,    0,    0,    0,    0,    0,    0,    0,    0,    0,    0,    0,    0,    0,    0,    0,    0,    0,    0,    0,    0,    0,    0,    0,    0,    0,    0,    0,    0,    0,    0,    0,    0,    0,    0,    0,    0,    0,    0,    0,    0,    0,    0,    0,    0,    0,    0,    0,    0,    0,    0,    0,    0,    0,    0,    0,    0,    0,    0,    0,    0,    0,    0,    0,    0,    0,    0,    0,    0,    0,    0,    0,   11,   15,  -25,    0,
       0,    8,   -8,   -4,   11,    0,  -18,    0,  -25,    0,   10,   -4,  -16,    0,   -4,   -4,  -19,    0,   -4,    0,   11,    0,   13,   11,   11,   14,    4,    0,   16,   13,  -11,    0,  -13,  -13,    0,    0,    0,    0,   -6,   -6,    0,   -6,    5,    5,    4,    5,    0,   -4,    0,   -6,    0,  -21,    0,  -11,    0,    0,   18,  -14,   16,    0,    0,    0,    0,    0,    0,    0,    0,    0,    0,    0,    0,    0,    0,    0,    0,    0,    0,    0,    0,    0,    0,    0,    0,    0,    0,    0,    0,    0,    0,    0,    0,    0,    0,    0,    0,    0,    0,    0,    0,    0,    0,    0,    0,    0,    0,    0,    0,    0,    0,    0,    0,    0,    0,    0,    0,    0,    0,    0,    0,    0,    0,    0,    0,    0,    0,    0,    0,    0,    0,    0,    0,    0,    0,    0,    0,    0,    0,    0,    0,   11,   16,  -10,    0,
       0,    0,   -8,   -8,   10,  -10,   10,  -13,    9,    7,    8,   -6,   14,    0,  -15,  -15,   10,    0,  -15,    7,   10,    0,   12,   10,   14,   13,   10,    0,   12,   12,  -12,    0,  -12,  -12,    0,    0,    0,    0,    0,    4,    0,  -10,  -10,  -10,   10,  -10,    6,   -5,    0,  -15,    0,   14,    0,  -12,    0,    0,   16,   -8,   16,    8,    4,    0,    0,   -6,    0,    0,    0,    0,    0,    0,    0,    0,    0,    0,    0,    0,    0,    0,    0,    0,    0,    0,    0,    0,    0,    0,    0,    0,    0,    0,    0,    0,    0,    0,    0,    0,    0,    0,    0,    0,    0,    0,    0,    0,    0,    0,    0,    0,    0,    0,    0,    0,    0,    0,    0,    0,    0,    0,    0,    0,    0,    0,    0,    0,    0,    0,    0,    0,    0,    0,    0,    0,    0,    0,    0,    0,    0,    0,    0,    4,    6,   14,    0,
       4,    0,  -20,  -16,   14,   -4,  -38,  -27,  -40,  -15,   12,  -24,  -40,    0,  -18,  -18,  -34,   -6,  -18,   -4,   14,    0,   16,   14,   14,   16,    7,    0,   16,   16,  -29,    0,  -35,  -35,    0,    0,    0,    0,  -15,  -28,    0,  -14,   -4,    0,   -8,   -4,  -14,   -6,    0,  -32,  -10,  -58,    0,  -50,    0,    0,   21,  -36,   18,   16,    7,    0,  -12,  -13,    0,    0,    0,    0,    0,    0,    0,    0,    0,    0,    0,    0,    0,    0,    0,    0,    0,    0,    0,    0,    0,    0,    0,    0,    0,    0,    0,    0,    0,    0,    0,    0,    0,    0,    0,    0,    0,    0,    0,    0,    0,    0,    0,    0,    0,    0,    0,    0,    0,    0,    0,    0,    0,    0,    0,    0,    0,    0,    0,    0,    0,    0,    0,    0,    0,    0,    0,    0,    0,    0,    0,    0,    0,    0,    0,   10,   12,  -26,    0,
       0,    0,   -4,    0,    6,    0,   11,   -8,    0,    6,    6,   -4,   10,    0,   -5,   -5,   10,    0,   -5,    5,    6,    0,    8,    6,   10,    9,    5,    0,    8,    8,    4,    0,   -4,   -4,    0,    0,    0,    0,    0,    0,    0,    0,    0,    0,   10,    0,    4,    0,    0,  -12,    6,   10,    0,    4,    0,    4,   14,    0,   13,    4,    0,    0,    0,    0,    0,    0,    0,    0,    0,    0,    0,    0,    0,    0,    0,    0,    0,    0,    0,    0,    0,    0,    0,    0,    0,    0,    0,    0,    0,    0,    0,    0,    0,    0,    0,    0,    0,    0,    0,    0,    0,    0,    0,    0,    0,    0,    0,    0,    0,    0,    0,    0,    0,    0,    0,    0,    0,    0,    0,    0,    0,    0,    0,    0,    0,    0,    0,    0,    0,    0,    0,    0,    0,    0,    0,    0,    0,    0,    0,    8,   12,   17,    0,
       0,    0,    0,    0,    0,    0,    0,    0,    0,    0,    0,    0,  -11,    0,   -8,   -8,  -11,    0,   -8,    0,   12,    0,   14,   12,   12,   15,    6,    0,    0,   36,  -14,    0,  -14,  -14,    0,    0,    4,   38,  -14,  -13,    0,  -14,  -12,  -12,  -12,   12,  -12,    0,    0,    0,    0,  -11,    0,  -14,    4,    4,    4,  -16,    4,    4,    4,    0,    0,    0,    0,    0,    0,   12,  -12,   -6,  -11,  -11,    8,  -11,    8,   10,    0,    0,   -8,  -15,   12,    0,    0,  -13,  -14,   -8,  -10,   -9,    8,  -13,   -9,  -10,   -9,  -11,  -14,    0,  -13,  -10,   12,  -15,  -12,  -14,   -4,  -10,  -10,   -9,  -11,    8,  -11,  -13,    4,    4,   38,    8,   -7,   -6,  -15,  -14,   11,   -9,    0,    0,   -9,    0,  -11,    0,  -11,    0,    5,    0,    0,    0,    0,    0,    0,    0,    0,    0,    0,    0,    0,    0,    0,
       0,    0,    0,    0,    0,    0,    0,    0,    0,    0,    0,    0,    8,  -12,  -16,  -16,    4,  -12,  -16,    0,  -36,  -16,  -44,  -28,    8,  -44,    4,    0,    0,    0,  -10,    0,  -10,  -10,    0,    0,    0,   56,    0,    0,   -4,   -8,  -12,   -8,    0,   24,    0,    0,    0,    0,    0,    8,    0,  -10,    0,    0,    0,   -8,    0,    0,    0,    0,    0,    0,    0,    0,    0,    0,    0,    0,    0,    0,    0,    0,    0,    0,    0,    0,    0,    0,    0,    0,    0,    0,    0,    0,    0,    0,    0,    0,    0,    0,    0,    0,    0,    0,    0,    0,    0,    0,    0,    0,    0,    0,    0,    0,    0,    0,    0,    0,    0,    0,    0,    0,    0,    0,    0,    0,    0,    0,    0,    0,    0,    0,    0,    0,    0,    0,    0,    0,    0,    0,    0,    0,    0,    0,    0,    0,    0,    0,    0,    0,    0,
       0,    0,    0,    0,    0,    0,    0,    0,    0,    0,    0,    0,    0,    0,    0,    0,    0,    0,    0,    0,    0,    0,    0,    0,    0,    0,    0,    0,    0,    0,    0,    0,    0,    0,    0,    0,    0,   13,    0,    0,    0,    0,    0,    0,    0,    0,    0,    0,    0,    0,    0,    0,    0,    0,    0,    0,    0,    0,    0,    0,    0,    0,    0,    0,    0,    0,    0,    0,   -4,   -4,    0,    0,    0,    0,    0,    0,    0,    0,   -4,   -6,    0,    0,   -5,   -5,    0,    0,    0,    0,    0,    0,    0,    0,    0,    0,    0,    0,    0,    0,    0,   -6,    0,    0,    0,    0,    0,    0,    0,    0,    0,    0,    0,    0,   13,    0,    0,    0,   -7,   -6,    0,    0,    0,    0,    0,    0,    0,   -4,    0,    0,   -4,    0,    0,    0,    0,    0,    0,    0,    0,    0,    0,    0,    0,    0,    0,
       0,   -6,    0,    0,   -8,  -12,    0,    0,    0,    0,  -13,    0,    0,    0,    0,    0,    0,    0,    0,    0,    0,    0,    0,    0,    0,    0,    0,    0,  -16,  -14,    0,    0,    0,    0,    0,    0,    0,    0,    0,    0,    0,    0,   -5,   -4,    0,   -5,    0,    0,   -7,    0,    0,    0,    0,    0,    0,    0,    0,    0,    0,    0,    0,    0,    0,    0,    0,    0,    0,    0,    0,    0,    0,    0,    0,    0,    0,    0,    0,    0,    0,    0,    0,    0,    0,    0,    0,    0,    0,    0,    0,    0,    0,    0,    0,    0,    0,    0,    0,    0,    0,    0,    0,    0,    0,    0,    0,    0,    0,    0,    0,    0,    0,    0,    0,    0,    0,    0,    0,    0,    0,    0,    0,    0,    0,    0,    0,    0,    0,    0,    0,    0,    0,    0,    0,    0,    0,    0,    0,    0,    0,   -9,   -9,    5,    0,
       0,   -8,    0,    0,  -10,  -12,  -12,    5,  -11,    0,  -11,    0,    0,    0,    0,    0,    0,    0,    0,    0,    0,    0,    0,    0,    0,    0,    0,    0,  -20,  -14,    0,    0,    0,    0,    0,    0,    0,    0,    0,    0,    0,    0,   -6,   -5,   -7,   -6,   -4,    0,   -8,    4,    0,    0,    0,    0,    0,    0,    0,    0,    0,    0,    0,    0,    0,    0,    0,    0,    0,    0,    0,    0,    0,    0,    0,    0,    0,    0,    0,    0,    0,    0,    0,    0,    0,    0,    0,    0,    0,    0,    0,    0,    0,    0,    0,    0,    0,    0,    0,    0,    0,    0,    0,    0,    0,    0,    0,    0,    0,    0,    0,    0,    0,    0,    0,    0,    0,    0,    0,    0,    0,    0,    0,    0,    0,    0,    0,    0,    0,    0,    0,    0,    0,    0,    0,    0,    0,    0,    0,    0,    0,  -10,  -10,    0,    0,
       0,    0,    0,    0,    0,    0,    7,   -4,    0,    4,   -5,   -4,    0,    0,    0,    0,    0,    0,    0,    0,    0,    0,    0,    0,    0,    0,    0,    0,    0,  -14,  -10,    0,  -10,  -10,    0,    0,    0,    0,    0,    0,    0,    0,    3,    4,    5,    3,    0,    0,    0,   -6,    0,    0,    0,  -10,    0,    0,    0,  -12,    0,    0,    0,    0,    0,    0,    0,    0,    0,    0,    0,    0,    0,    0,    0,    0,    0,    0,    0,    0,    0,    0,    0,    0,    0,    0,    0,    0,    0,    0,    0,    0,    0,    0,    0,    0,    0,    0,    0,    0,    0,    0,    0,    0,    0,    0,    0,    0,    0,    0,    0,    0,    0,    0,    0,    0,    0,    0,    0,    0,    0,    0,    0,    0,    0,    0,    0,    0,    0,    0,    0,    0,    0,    0,    0,    0,    0,    0,    0,    0,    0,    4,   10,   10,    0,
       0,    0,    0,    0,   -8,  -10,    0,    9,    0,    0,  -15,    0,    0,    0,    0,    0,    0,    0,    0,    0,    0,    0,    0,    0,    0,    0,    0,    0,  -24,  -14,    0,    0,    0,    0,    0,    0,    0,    0,    0,    0,    0,    0,   -6,   -4,    0,   -6,    0,    0,    0,    0,    0,    0,    0,    0,    0,    0,    0,    0,    0,    0,    0,    0,    0,    0,    0,    0,    0,    0,    0,    0,    0,    0,    0,    0,    0,    0,    0,    0,    0,    0,    0,    0,    0,    0,    0,    0,    0,    0,    0,    0,    0,    0,    0,    0,    0,    0,    0,    0,    0,    0,    0,    0,    0,    0,    0,    0,    0,    0,    0,    0,    0,    0,    0,    0,    0,    0,    0,    0,    0,    0,    0,    0,    0,    0,    0,    0,    0,    0,    0,    0,    0,    0,    0,    0,    0,    0,    0,    0,    0,    5,    6,    4,    0,
       0,    0,    0,    0,   21,    9,  -24,    0,  -25,    7,   11,    0,    0,    0,    0,    0,    0,    0,    0,    0,    0,    0,    0,    0,    0,    0,    0,    0,   32,   21,   -3,    0,   -3,   -3,    0,    0,    5,    4,    0,    0,    0,    0,   11,   11,    8,   11,    0,    0,   12,   -4,    7,    0,    0,   -3,   13,    5,   26,   -8,   23,   21,   22,    0,    0,    0,    0,    0,    0,    0,    0,    0,    0,    0,    0,    0,    0,    0,    0,    0,    0,    0,    0,    0,    0,    0,    0,    0,    0,    0,    0,    0,    0,    0,    0,    0,    0,    0,    0,    0,    0,    0,    0,    0,    0,    0,    0,    0,    0,    0,    0,    0,    0,    0,    0,    0,    0,    0,    0,    0,    0,    0,    0,    0,    0,    0,    0,    0,    0,    0,    0,    0,    0,    0,    0,    0,    0,    0,    0,    0,    0,   15,   22,  -23,    0,
       0,    0,    0,    0,   -5,  -10,    0,    0,    0,    0,   -9,    0,    0,    0,    0,    0,    0,    0,    0,    0,    0,    0,    0,    0,    0,    0,    0,    0,  -12,  -14,    0,    0,    0,    0,    0,    0,    0,   10,    0,    0,    0,    0,   -6,   -4,    0,   -6,    0,    0,    0,    0,    0,    0,    0,    0,    0,    0,    0,    0,    0,    0,    0,    0,    0,    0,    0,    0,    0,    0,    0,    0,    0,    0,    0,    0,    0,    0,    0,    0,    0,    0,    0,    0,    0,    0,    0,    0,    0,    0,    0,    0,    0,    0,    0,    0,    0,    0,    0,    0,    0,    0,    0,    0,    0,    0,    0,    0,    0,    0,    0,    0,    0,    0,    0,    0,    0,    0,    0,    0,    0,    0,    0,    0,    0,    0,    0,    0,    0,    0,    0,    0,    0,    0,    0,    0,    0,    0,    0,    0,    0,  -10,   -6,    4,    0,
       0,   -8,    0,    0,   -8,  -10,    0,    0,    0,    0,  -15,    0,    0,    0,    0,    0,    0,    0,    0,    0,    0,    0,    0,    0,    0,    0,    0,    0,  -24,  -14,    0,    0,    0,    0,    0,    0,    0,    0,    0,    0,    0,    0,   -6,   -4,    0,   -6,    0,    0,   -7,    0,    0,    0,    0,    0,    0,    0,    0,    0,    0,    0,    0,    0,    0,    0,    0,    0,    0,    0,    0,    0,    0,    0,    0,    0,    0,    0,    0,    0,    0,    0,    0,    0,    0,    0,    0,    0,    0,    0,    0,    0,    0,    0,    0,    0,    0,    0,    0,    0,    0,    0,    0,    0,    0,    0,    0,    0,    0,    0,    0,    0,    0,    0,    0,    0,    0,    0,    0,    0,    0,    0,    0,    0,    0,    0,    0,    0,    0,    0,    0,    0,    0,    0,    0,    0,    0,    0,    0,    0,    0,  -10,   -6,    5,    0,
       0,    0,    0,    0,    4,  -10,    0,    0,    0,    0,  -15,    0,    0,    0,    0,    0,    0,    0,    0,    0,    0,    0,    0,    0,    0,    0,    0,    0,  -24,  -14,    0,    0,    0,    0,    0,    0,    0,    0,    0,    0,    0,    0,   -6,   -4,    0,   -6,    0,    0,    0,    0,    0,    0,    0,    0,    0,    0,    0,    0,    0,    0,    0,    0,    0,    0,    0,    0,    0,    0,    0,    0,    0,    0,    0,    0,    0,    0,    0,    0,    0,    0,    0,    0,    0,    0,    0,    0,    0,    0,    0,    0,    0,    0,    0,    0,    0,    0,    0,    0,    0,    0,    0,    0,    0,    0,    0,    0,    0,    0,    0,    0,    0,    0,    0,    0,    0,    0,    0,    0,    0,    0,    0,    0,    0,    0,    0,    0,    0,    0,    0,    0,    0,    0,    0,    0,    0,    0,    0,    0,    0,  -10,   -6,    4,    0,
       0,    0,    0,    0,    5,  -10,    0,    0,    0,    0,  -15,    0,    0,    0,    0,    0,    0,    0,    0,    0,    0,    0,    0,    0,    0,    0,    0,    0,  -24,    4,    0,    0,    0,    0,    0,    0,    0,   12,    0,    0,    0,    0,   -6,   -4,    0,   -6,    0,    0,    0,    0,    0,    0,    0,    0,    0,    0,    0,    0,    0,    0,    0,    0,    0,    0,    0,    0,    0,    0,    0,    0,    0,    0,    0,    0,    0,    0,    0,    0,    0,    0,    0,    0,    0,    0,    0,    0,    0,    0,    0,    0,    0,    0,    0,    0,    0,    0,    0,    0,    0,    0,    0,    0,    0,    0,    0,    0,    0,    0,    0,    0,    0,    0,    0,    0,    0,    0,    0,    0,    0,    0,    0,    0,    0,    0,    0,    0,    0,    0,    0,    0,    0,    0,    0,    0,    0,    0,    0,    0,    0,  -10,   -6,    4,    0,
       0,    0,   -8,   -5,    0,    5,    5,  -18,    8,    4,    0,   -9,    0,    0,    0,    0,    0,    0,    0,    0,    0,    0,    0,    0,    0,    0,    0,    0,    0,  -10,   -4,    0,  -14,  -14,    0,    0,    0,    0,    0,    0,   -3,   -4,    8,    8,    8,    8,    6,   -6,    0,  -14,    0,    0,    0,   -4,    0,    0,    0,  -13,    0,    0,    0,    0,    0,    0,    0,    0,    0,    0,    0,    0,    0,    0,    0,    0,    0,    0,    0,    0,    0,    0,    0,    0,    0,    0,    0,    0,    0,    0,    0,    0,    0,    0,    0,    0,    0,    0,    0,    0,    0,    0,    0,    0,    0,    0,    0,    0,    0,    0,    0,    0,    0,    0,    0,    0,    0,    0,    0,    0,    0,    0,    0,    0,    0,    0,    0,    0,    0,    0,    0,    0,    0,    0,    0,    0,    0,    0,    0,    0,    0,    5,   10,    9,    0,
       0,    0,    0,    0,   -8,  -10,   10,    0,    0,    8,   -6,    0,    0,    0,    0,    0,    0,    0,    0,    0,    0,    0,    0,    0,    0,    0,    0,    0,  -24,  -14,    6,    0,    0,    0,    0,    0,    0,    0,    0,    0,    0,    0,   -4,   -4,    8,   -4,    6,    0,    0,   -6,    8,    0,    0,    6,    0,    0,    0,    0,    0,    0,    0,    0,    0,    0,    0,    0,    0,    0,    0,    0,    0,    0,    0,    0,    0,    0,    0,    0,    0,    0,    0,    0,    0,    0,    0,    0,    0,    0,    0,    0,    0,    0,    0,    0,    0,    0,    0,    0,    0,    0,    0,    0,    0,    0,    0,    0,    0,    0,    0,    0,    0,    0,    0,    0,    0,    0,    0,    0,    0,    0,    0,    0,    0,    0,    0,    0,    0,    0,    0,    0,    0,    0,    0,    0,    0,    0,    0,    0,    0,  -10,  -10,   12,    0,
       0,   -7,    0,    0,   -8,  -10,    0,    0,    0,    0,  -15,    0,    0,    0,    0,    0,    0,    0,    0,    0,    0,    0,    0,    0,    0,    0,    0,    0,  -24,  -14,    0,    0,    0,    0,    0,    0,    0,    0,    0,    0,    0,    0,   -6,   -4,    0,   -6,    0,    0,   -7,    0,    0,    0,    0,    0,    0,    0,    0,    0,    0,    0,    0,    0,    0,    0,    0,    0,    0,    0,    0,    0,    0,    0,    0,    0,    0,    0,    0,    0,    0,    0,    0,    0,    0,    0,    0,    0,    0,    0,    0,    0,    0,    0,    0,    0,    0,    0,    0,    0,    0,    0,    0,    0,    0,    0,    0,    0,    0,    0,    0,    0,    0,    0,    0,    0,    0,    0,    0,    0,    0,    0,    0,    0,    0,    0,    0,    0,    0,    0,    0,    0,    0,    0,    0,    0,    0,    0,    0,    0,    0,  -10,   -6,    5,    0,
       0,   -7,    0,    0,  -10,  -12,  -12,    5,  -11,    0,  -11,    0,    0,    0,    0,    0,    0,    0,    0,    0,    0,    0,    0,    0,    0,    0,    0,    0,  -20,  -14,    0,    0,    0,    0,    0,    0,    0,    0,    0,    0,    0,    0,   -6,   -5,   -7,   -6,   -4,    0,   -9,    4,    0,    0,    0,    0,    0,    0,    0,    0,    0,    0,    0,    0,    0,    0,    0,    0,    0,    0,    0,    0,    0,    0,    0,    0,    0,    0,    0,    0,    0,    0,    0,    0,    0,    0,    0,    0,    0,    0,    0,    0,    0,    0,    0,    0,    0,    0,    0,    0,    0,    0,    0,    0,    0,    0,    0,    0,    0,    0,    0,    0,    0,    0,    0,    0,    0,    0,    0,    0,    0,    0,    0,    0,    0,    0,    0,    0,    0,    0,    0,    0,    0,    0,    0,    0,    0,    0,    0,    0,    0,  -10,  -10,    0,    0,
       0,    0,    0,    0,   -8,  -10,    0,    0,    8,    0,   -9,    0,    0,    0,    0,    0,    0,    0,    0,    0,    0,    0,    0,    0,    0,    0,    0,    0,  -12,  -14,    0,    0,    0,    0,    0,    0,    0,   17,    0,    0,    0,    0,   -6,   -4,    0,   -6,    0,    0,    0,    0,    0,    0,    0,    0,    0,    0,    0,    0,    0,    0,    0,    0,    0,    0,    0,    0,    0,    0,    0,    0,    0,    0,    0,    0,    0,    0,    0,    0,    0,    0,    0,    0,    0,    0,    0,    0,    0,    0,    0,    0,    0,    0,    0,    0,    0,    0,    0,    0,    0,    0,    0,    0,    0,    0,    0,    0,    0,    0,    0,    0,    0,    0,    0,    0,    0,    0,    0,    0,    0,    0,    0,    0,    0,    0,    0,    0,    0,    0,    0,    0,    0,    0,    0,    0,    0,    0,    0,    0,    0,  -10,   -6,    4,    0,
       0,    0,   -8,    0,    0,    7,  -24,    0,  -22,    7,    4,    0,    0,    0,    0,    0,    0,    0,    0,    0,    0,    0,    0,    0,    0,    0,    0,    0,    4,   -4,   -4,    0,   -4,   -4,    0,    0,    0,    0,    0,    0,    0,    0,   12,   12,    8,   12,    4,    0,    0,   -6,    8,    0,    0,   -4,    0,    0,    0,   -6,    0,    0,    0,    0,    0,    0,    0,    0,    0,    0,    0,    0,    0,    0,    0,    0,    0,    0,    0,    0,    0,    0,    0,    0,    0,    0,    0,    0,    0,    0,    0,    0,    0,    0,    0,    0,    0,    0,    0,    0,    0,    0,    0,    0,    0,    0,    0,    0,    0,    0,    0,    0,    0,    0,    0,    0,    0,    0,    0,    0,    0,    0,    0,    0,    0,    0,    0,    0,    0,    0,    0,    0,    0,    0,    0,    0,    0,    0,    0,    0,    0,   11,   19,  -22,    0,
       0,    0,    0,    0,   -5,   -4,    0,    0,   -4,    0,  -14,    0,    0,    0,    0,    0,    0,    0,    0,    0,    0,    0,    0,    0,    0,    0,    0,    0,  -12,  -14,    0,    0,    0,    0,    0,    0,    0,    0,    0,    0,    0,    0,    0,    0,    0,    0,   -3,    0,   -7,    0,    0,    0,    0,    0,    0,    0,    0,    0,    0,    0,    0,    0,    0,    0,    0,    0,    0,    0,    0,    0,    0,    0,    0,    0,    0,    0,    0,    0,    0,    0,    0,    0,    0,    0,    0,    0,    0,    0,    0,    0,    0,    0,    0,    0,    0,    0,    0,    0,    0,    0,    0,    0,    0,    0,    0,    0,    0,    0,    0,    0,    0,    0,    0,    0,    0,    0,    0,    0,    0,    0,    0,    0,    0,    0,    0,    0,    0,    0,    0,    0,    0,    0,    0,    0,    0,    0,    0,    0,    0,    0,    0,    6,    0,
       0,    0,    0,    0,    0,    0,    7,   -4,    0,    4,   -6,    0,    0,    0,    0,    0,    0,    0,    0,    0,    0,    0,    0,    0,    0,    0,    0,    0,   -8,  -13,   -8,    0,   -8,   -8,    0,    0,    0,    0,    0,    0,    0,    0,    4,    4,    7,    4,    0,    0,    0,   -8,    0,    0,    0,   -8,    0,    0,    0,   -4,    0,    0,    0,    0,    0,    0,    0,    0,    0,    0,    0,    0,    0,    0,    0,    0,    0,    0,    0,    0,    0,    0,    0,    0,    0,    0,    0,    0,    0,    0,    0,    0,    0,    0,    0,    0,    0,    0,    0,    0,    0,    0,    0,    0,    0,    0,    0,    0,    0,    0,    0,    0,    0,    0,    0,    0,    0,    0,    0,    0,    0,    0,    0,    0,    0,    0,    0,    0,    0,    0,    0,    0,    0,    0,    0,    0,    0,    0,    0,    0,    0,    6,    0,    9,    0,
       0,    0,    0,    0,   -8,  -10,    0,    0,    0,    0,   -9,    0,    0,    0,    0,    0,    0,    0,    0,    0,    0,    0,    0,    0,    0,    0,    0,    0,  -24,  -12,    0,    0,    0,    0,    0,    0,    0,    0,    0,    0,    0,    0,   -6,   -4,    0,   -6,    0,    0,    0,    0,    0,    0,    0,    0,    0,    0,    0,    0,    0,    0,    0,    0,    0,    0,    0,    0,    0,    0,    0,    0,    0,    0,    0,    0,    0,    0,    0,    0,    0,    0,    0,    0,    0,    0,    0,    0,    0,    0,    0,    0,    0,    0,    0,    0,    0,    0,    0,    0,    0,    0,    0,    0,    0,    0,    0,    0,    0,    0,    0,    0,    0,    0,    0,    0,    0,    0,    0,    0,    0,    0,    0,    0,    0,    0,    0,    0,    0,    0,    0,    0,    0,    0,    0,    0,    0,    0,    0,    0,    0,  -10,   -6,    4,    0,
       0,    0,   -4,    0,    0,    6,  -22,    0,  -16,    6,    0,    0,    0,    0,    0,    0,    0,    0,    0,    0,    0,    0,    0,    0,    0,    0,    0,    0,    0,  -12,   -4,    0,   -6,   -6,    0,    0,    0,    0,    0,    0,    0,    0,    8,    8,   10,    8,    5,    0,    0,    0,    7,    0,    0,   -4,    0,    0,    0,   -8,    0,    0,    0,    0,    0,    0,    0,    0,    0,    0,    0,    0,    0,    0,    0,    0,    0,    0,    0,    0,    0,    0,    0,    0,    0,    0,    0,    0,    0,    0,    0,    0,    0,    0,    0,    0,    0,    0,    0,    0,    0,    0,    0,    0,    0,    0,    0,    0,    0,    0,    0,    0,    0,    0,    0,    0,    0,    0,    0,    0,    0,    0,    0,    0,    0,    0,    0,    0,    0,    0,    0,    0,    0,    0,    0,    0,    0,    0,    0,    0,    0,    8,   16,  -16,    0,
       0,    0,   -4,    0,    0,    7,  -21,    3,  -14,    6,    0,    0,    0,    0,    0,    0,    0,    0,    0,    0,    0,    0,    0,    0,    0,    0,    0,    0,    0,  -11,   -4,    0,   -5,   -5,    0,    0,    0,    0,    0,    0,    0,    0,    8,    8,    8,    8,    6,    0,    0,    0,    8,    0,    0,   -4,    0,    0,    0,   -6,    0,    0,    0,    0,    0,    0,    0,    0,    0,    0,    0,    0,    0,    0,    0,    0,    0,    0,    0,    0,    0,    0,    0,    0,    0,    0,    0,    0,    0,    0,    0,    0,    0,    0,    0,    0,    0,    0,    0,    0,    0,    0,    0,    0,    0,    0,    0,    0,    0,    0,    0,    0,    0,    0,    0,    0,    0,    0,    0,    0,    0,    0,    0,    0,    0,    0,    0,    0,    0,    0,    0,    0,    0,    0,    0,    0,    0,    0,    0,    0,    0,   10,   16,  -11,    0,
       0,    0,   -8,   -5,    0,    5,    8,   -8,    8,    6,    0,   -4,    0,    0,    0,    0,    0,    0,    0,    0,    0,    0,    0,    0,    0,    0,    0,    0,    0,  -12,  -10,    0,  -10,  -10,    0,    0,    0,    0,    0,    0,    0,    0,   10,    8,   13,   10,    8,   -5,    0,  -11,    0,    0,    0,  -10,    0,    0,    0,   -9,    0,    0,    0,    0,    0,    0,    0,    0,    0,    0,    0,    0,    0,    0,    0,    0,    0,    0,    0,    0,    0,    0,    0,    0,    0,    0,    0,    0,    0,    0,    0,    0,    0,    0,    0,    0,    0,    0,    0,    0,    0,    0,    0,    0,    0,    0,    0,    0,    0,    0,    0,    0,    0,    0,    0,    0,    0,    0,    0,    0,    0,    0,    0,    0,    0,    0,    0,    0,    0,    0,    0,    0,    0,    0,    0,    0,    0,    0,    0,    0,    0,    6,   11,    8,    0,
       0,    0,   -4,    0,    0,    6,  -22,    0,  -16,    6,    0,    0,    0,    0,    0,    0,    0,    0,    0,    0,    0,    0,    0,    0,    0,    0,    0,    0,    0,  -12,   -4,    0,   -6,   -6,    0,    0,    0,    0,    0,    0,    0,    0,    8,    8,   10,    8,    5,    0,    0,    0,    7,    0,    0,   -4,    0,    0,    0,   -8,    0,    0,    0,    0,    0,    0,    0,    0,    0,    0,    0,    0,    0,    0,    0,    0,    0,    0,    0,    0,    0,    0,    0,    0,    0,    0,    0,    0,    0,    0,    0,    0,    0,    0,    0,    0,    0,    0,    0,    0,    0,    0,    0,    0,    0,    0,    0,    0,    0,    0,    0,    0,    0,    0,    0,    0,    0,    0,    0,    0,    0,    0,    0,    0,    0,    0,    0,    0,    0,    0,    0,    0,    0,    0,    0,    0,    0,    0,    0,    0,    0,    8,   13,  -16,    0,
       0,    0,    0,    0,    0,    0,   10,    0,    4,    4,   -4,    0,    0,    0,    0,    0,    0,    0,    0,    0,    0,    0,    0,    0,    0,    0,    0,    0,    0,  -11,   -6,    0,   -6,   -6,    0,    0,    0,    0,    0,    0,    0,    0,    8,    8,    9,    8,    0,    0,   -5,   -6,    4,    0,    0,   -6,    0,    0,    0,    0,    0,    0,    0,    0,    0,    0,    0,    0,    0,    0,    0,    0,    0,    0,    0,    0,    0,    0,    0,    0,    0,    0,    0,    0,    0,    0,    0,    0,    0,    0,    0,    0,    0,    0,    0,    0,    0,    0,    0,    0,    0,    0,    0,    0,    0,    0,    0,    0,    0,    0,    0,    0,    0,    0,    0,    0,    0,    0,    0,    0,    0,    0,    0,    0,    0,    0,    0,    0,    0,    0,    0,    0,    0,    0,    0,    0,    0,    0,    0,    0,    0,    6,   10,   11,    0,
       0,    0,    0,    0,    0,    0,    0,    0,    0,    0,    0,    0,    0,    0,   -5,   -6,    0,    0,   -6,    0,    0,    0,    0,    0,    0,    0,    0,    0,    0,    0,    0,    0,    0,    0,    0,    0,    0,    0,    0,    0,    0,    0,    0,    0,    0,    0,    0,    0,   36,    0,    0,    0,    0,    0,    0,    0,    0,    0,    0,    0,    0,    0,    0,    0,    0,    0,    0,    8,   -9,   -6,    0,   -6,    8,    0,    8,   10,    0,    0,   -9,  -11,    8,    0,    0,   -8,   -7,   -6,   -6,   -6,    8,   -8,    0,   -6,    0,   -7,   -8,    0,   -8,   -6,   11,  -11,    0,  -10,   -4,   -6,   -7,   -6,   -7,    8,   -7,   -6,    0,    0,   26,    8,    0,    0,  -12,  -11,   11,    0,    0,    0,    0,    0,   -7,    0,   -7,    0,    5,    0,    0,    0,    0,    0,    0,    0,    0,    0,    0,    0,    0,    0,    0,
       0,    0,    0,    0,    0,    0,    0,    0,    0,    0,    0,    0,    0,    0,    0,    0,   -5,    0,    0,    0,   -7,    0,   -7,    0,   -5,   -6,    0,    0,    0,    0,    0,    0,    0,    0,    0,    0,    0,    0,    0,    0,    0,    0,    0,    0,    0,    0,    0,    0,    0,    0,    0,   -5,    0,    0,    0,    0,    0,    0,    0,    0,    0,    0,    0,    0,    0,    0,    0,   -7,    0,   -6,   -5,   -7,   -8,   -4,   -6,   -5,   -7,    0,    0,    0,   -5,    0,   -8,   -6,    0,    0,    0,    0,   -4,    0,   -5,    0,   -5,    0,    0,    0,    0,    0,    0,    0,    0,    0,    0,    0,    0,    0,    0,    0,    0,    0,    0,    0,    0,    0,    0,    0,    0,    0,   -6,    0,    0,    0,    5,    0,    0,    0,    0,   -9,   -6,    0,    0,    0,    0,    0,    0,    0,    0,    0,    0,    0,    0,    0,    0,
       0,    0,    0,    0,    0,    0,    0,    0,    0,    0,    0,    0,    0,    0,    0,    0,    0,    0,    0,    0,  -25,    0,  -13,   -4,    0,  -20,    0,    0,    0,    0,    0,    0,    0,    0,    0,    0,    0,    0,    0,    0,    0,    0,    0,    0,    0,    0,    0,    0,    0,    0,    0,    0,    0,    0,    0,    0,    0,    0,    0,    0,    0,    0,    0,    0,    0,    0,    0,    0,    0,    0,    0,    0,    0,    0,    0,    0,    0,    0,    0,    0,    0,    0,    0,    0,    0,    0,    0,    0,    0,    0,    0,    0,    0,    0,    0,    0,    0,    0,    0,    0,    0,    0,    0,    0,    0,    0,    0,    0,    0,    0,    0,    0,    0,    0,    0,    0,    0,    0,    0,    0,    0,    0,    0,    0,    0,    0,    0,    0,    0,    0,    0,    0,    0,    0,    0,    0,    0,    0,    0,    0,    0,    0,    0,
       0,    0,    0,    0,    0,    0,    0,    0,    0,    0,    0,    0,    4,    0,    0,    0,    7,    0,    0,    0,  -27,    0,   -4,    0,    0,  -11,    5,    0,    0,    0,    0,    0,    0,    0,    0,    0,    0,    0,    0,    0,    0,    0,    7,    7,    0,    7,    3,    0,    0,    0,    0,    0,    0,    0,    0,    0,    0,    0,    0,    0,    0,    0,    0,    0,    0,    0,    0,  -27,    0,    0,    7,    0,    0,    4,    0,    0,    0,    0,    0,    0,    0,    0,    0,    0,    0,    0,    0,    0,    0,    0,    0,    0,    6,    0,    0,    0,    0,    0,    0,    0,    0,    0,    0,    0,    0,    0,    0,    0,    0,    0,    0,    0,    0,    0,    6,    6,    0,    0,   -8,    4,    0,    6,    4,    0,    0,    0,    0,    0,    0,    0,    0,    0,    0,    0,    0,    0,    0,    0,    0,    0,    0,    0,    0,
       0,    0,    0,    0,    0,    0,    0,    0,    0,    0,    0,    0,   -6,    0,    4,    4,  -12,    0,    4,   -8,  -30,    0,  -16,   -8,  -15,  -32,  -10,    0,    0,    0,    4,    0,    4,    4,    0,    0,    0,    0,    0,    0,    0,    0,    0,    0,  -11,    0,   -7,    0,    0,    0,    0,  -18,    0,    4,    0,    0,    0,    4,    0,    0,    0,    0,    0,    0,    0,    0,    0,  -30,    0,   -8,  -12,   -7,  -13,   -6,   -6,  -18,  -10,    0,    4,    0,  -15,    0,  -12,  -10,    0,    0,    0,    0,   -7,    0,  -11,    0,   -6,    0,    4,    0,    0,    0,    0,    0,  -11,    0,    0,    0,   -5,    0,    0,    0,    0,    0,    0,    0,    0,    0,    0,    0,    0,    0,  -26,    0,    0,    0,    0,   -9,    0,    0,    0,  -12,  -10,    0,    0,    0,    0,    0,    0,    0,    0,    0,    0,    0,    0,    0,    0,
       0,    0,    0,    0,    0,    0,    0,    0,    0,    0,    0,    0,  -17,  -12,  -16,  -16,  -22,   -8,  -16,  -14,  -42,  -13,  -25,  -17,  -25,  -31,  -20,    0,    0,    0,  -16,  -13,  -16,  -16,  -13,  -13,  -13,   28,  -13,  -15,  -14,  -15,   -9,   -9,  -12,    6,  -13,    0,    0,    0,    0,  -29,  -13,  -16,  -13,  -13,  -13,  -17,  -13,  -13,  -13,  -12,    0,    0,    0,    0,    0,    0,    0,    0,    0,    0,    0,    0,    0,    0,    0,    0,    0,    0,    0,    0,    0,    0,    0,    0,    0,    0,    0,    0,    0,    0,    0,    0,    0,    0,    0,    0,    0,    0,    0,    0,    0,    0,    0,    0,    0,    0,    0,    0,    0,    0,    0,    0,    0,    0,    0,    0,    0,    0,    0,    0,    0,    0,    0,    0,    0,    0,    0,    0,    0,    0,    0,    0,    0,    0,    0,    0,    0,    0,    0,    0,    0,
       0,    0,    0,    0,  -10,    0,  -22,    6,  -24,    5,  -11,    0,  -11,    0,    0,    0,  -16,    0,    0,    0,   -8,    0,   -9,   -4,  -14,  -15,   -9,    0,   -8,  -14,   -3,    0,    0,    0,    0,    0,    0,    0,    0,    0,    0,    0,    0,    0,    0,    0,    0,    0,   -8,    6,    0,  -21,    0,   -3,    0,    0,    0,    0,    0,    0,    0,    0,    0,    0,   -8,   -8,    0,    0,    0,    0,    0,    0,    0,    0,    0,    0,    0,    0,    0,    0,    0,    0,    0,    0,    0,    0,    0,    0,    0,    0,    0,    0,    0,    0,    0,    0,    0,    0,    0,    0,    0,    0,    0,    0,    0,    0,    0,    0,    0,    0,    0,    0,    0,    0,    0,    0,    0,    0,    0,    0,    0,    0,    0,    0,    0,    0,    0,    0,    0,    0,    0,    0,    0,    0,    0,    0,    0,    0,    0,    0,    0,    0,    0,
       0,  -15,    0,    0,  -10,  -30,    0,    3,    0,    0,  -18,    0,    0,    0,    0,    0,    0,    0,    0,    0,    0,    0,    0,    0,    0,    0,    0,   -4,  -20,   -9,    0,    0,    0,    0,    0,    0,    0,    0,    0,    0,    0,    0,  -14,  -12,   -4,  -14,    0,    0,   -9,    0,    0,    0,    0,    0,    0,    0,    0,    0,    0,    0,    0,    0,    0,    0,    0,    0,  -10,    0,    0,    0,    0,    0,    0,    0,    0,    0,    0,    0,    0,    0,    0,    0,    0,    0,    0,    0,    0,    0,    0,    0,    0,    0,    0,    0,    0,    0,    0,    0,    0,    0,    0,    0,    0,    0,    0,    0,    0,    0,    0,    0,    0,    0,    0,    0,    0,    0,    0,    0,    0,    0,    0,    0,    0,    0,    0,    0,    0,    0,    0,    0,    0,    0,    0,    0,    0,    0,    0,    0,    0,  -25,  -23,    0,    0,
       0,    0,    0,    0,    6,    0,  -12,    5,  -10,    0,    8,    0,    0,    0,    0,    0,    0,    0,    0,    0,    0,    0,    0,    0,    0,    0,    0,    0,    8,    9,    0,    0,    0,    0,    0,    0,    0,    0,    0,    0,    0,    0,    0,    0,    0,    0,    0,    0,    4,    5,    0,    0,    0,    0,    0,    0,    0,    0,    0,    0,    0,    0,    0,    0,    0,    0,    0,    0,    0,    0,    0,    0,    0,    0,    0,    0,    0,    0,    0,    0,    0,    0,    0,    0,    0,    0,    0,    0,    0,    0,    0,    0,    0,    0,    0,    0,    0,    0,    0,    0,    0,    0,    0,    0,    0,    0,    0,    0,    0,    0,    0,    0,    0,    0,    0,    0,    0,    0,    0,    0,    0,    0,    0,    0,    0,    0,    0,    0,    0,    0,    0,    0,    0,    0,    0,    0,    0,    0,    0,    5,    8,    0,    0,
       0,  -10,    0,    0,   -8,   -6,    0,    0,   -8,    0,  -10,    0,    0,    0,    0,    0,    0,    0,    0,    0,    0,    0,    0,    0,    0,    0,    0,    0,    0,  -12,    0,    0,    0,    0,    0,    0,    0,    0,    0,    0,    0,    0,   -4,    0,   -5,   -4,    0,    0,   -8,    0,    0,    0,    0,    0,    0,    0,    0,    0,    0,    0,    0,    0,    0,    0,    0,    0,    0,    0,    0,    0,    0,    0,    0,    0,    0,    0,    0,    0,    0,    0,    0,    0,    0,    0,    0,    0,    0,    0,    0,    0,    0,    0,    0,    0,    0,    0,    0,    0,    0,    0,    0,    0,    0,    0,    0,    0,    0,    0,    0,    0,    0,    0,    0,    0,    0,    0,    0,    0,    0,    0,    0,    0,    0,    0,    0,    0,    0,    0,    0,    0,    0,    0,    0,    0,    0,    0,    0,    0,    0,   -8,   -6,    0,    0,
       0,   10,    0,    0,   24,    0,  -10,   -8,    0,    0,   14,    0,    0,    0,    0,    0,    0,    0,    0,    0,    0,    0,    0,    0,    0,    0,    0,    0,   36,   28,   -8,    7,  -16,  -16,    0,   11,    7,    7,   -8,  -12,    3,   -6,   13,   13,   12,   16,   10,    0,   28,    0,    0,    0,    0,   -4,   26,   36,   54,    0,   48,   42,   45,    0,    0,    0,    0,    0,    0,    0,    0,    0,    0,    0,    0,    0,    0,    0,    0,    0,    0,    0,    0,    0,    0,    0,    0,    0,    0,    0,    0,    0,    0,    0,    0,    0,    0,    0,    0,    0,    0,    0,    0,    0,    0,    0,    0,    0,    0,    0,    0,    0,    0,    0,    0,    0,    0,    0,    0,    0,    0,    0,    0,    0,    0,    0,    0,    0,    0,    0,    0,    0,    0,    0,    0,    0,    0,    0,    0,    0,    0,    8,   10,    0,    0,
       0,    0,    0,    0,    0,    0,    0,    0,    0,    0,    0,    0,    0,    0,    0,    0,    0,    0,    0,    0,    0,    0,    0,    0,    0,    0,    0,    0,    0,    0,    0,    0,    0,    0,    0,    0,    0,    7,    0,    0,    0,    0,    0,    0,    0,    0,    0,    0,    0,    0,    0,    0,    0,    0,    0,    0,    0,    0,    0,    0,    0,    0,    0,    0,    0,    0,    0,    0,    0,    0,    0,    0,    0,    0,    0,    0,    0,    0,    0,    0,    0,    0,    0,    0,    0,    0,    0,    0,    0,    0,    0,    0,    0,    0,    0,    0,    0,    0,    0,    0,    0,    0,    0,    0,    0,    0,    0,    0,    0,    0,    0,    0,    0,    0,    0,    0,    0,    0,    0,    0,    0,    0,    0,    0,    0,    0,    0,    0,    0,    0,    0,    0,    0,    0,    0,    0,    0,    0,    0,    0,    0,    0,    0,
       0,  -10,    0,    0,    0,   -6,    0,    0,    0,    0,   -7,    0,    0,    0,    0,    0,    0,    0,    0,    0,    0,    0,    0,    0,    0,    0,    0,    0,    0,    0,    0,    0,    0,    0,    0,    0,    0,    0,    0,    0,    0,    0,    0,    0,    0,    0,    0,    0,    0,    0,    0,    0,    0,    0,    0,    0,    0,    0,    0,    0,    0,    0,    0,    0,    0,    0,    0,    0,    0,    0,    0,    0,    0,    0,    0,    0,    0,    0,    0,    0,    0,    0,    0,    0,    0,    0,    0,    0,    0,    0,    0,    0,    0,    0,    0,    0,    0,    0,    0,    0,    0,    0,    0,    0,    0,    0,    0,    0,    0,    0,    0,    0,    0,    0,    0,    0,    0,    0,    0,    0,    0,    0,    0,    0,    0,    0,    0,    0,    0,    0,    0,    0,    0,    0,    0,    0,    0,    0,    0,   -8,   -8,    0,    0,
       0,    0,    0,    0,    0,    0,    0,    0,    0,    0,    0,    0,   -8,    0,    0,    0,   -7,    0,    0,    0,    0,    0,    0,    0,    0,    0,    0,    0,    0,    0,    0,    0,    0,    0,    0,    0,    0,    0,    0,    0,    0,    0,    0,    0,    0,    0,    0,    0,    0,    0,    0,  -14,    0,    0,    0,    0,    0,    0,    0,    0,    0,    0,    0,    0,    0,    0,    0,    0,    0,    0,    0,    0,    0,    0,    0,    0,    0,    0,    0,    0,    0,    0,    0,    0,    0,    0,    0,    0,    0,    0,    0,    0,    0,    0,    0,    0,    0,    0,    0,    0,    0,    0,    0,    0,    0,    0,    0,    0,    0,    0,    0,    0,    0,    0,    0,    0,    0,    0,    0,    0,    0,    0,    0,    0,    0,    0,    0,    0,    0,    0,    0,    0,    0,    0,    0,    0,    0,    0,    0,    0,    0,    0,    0,
       0,    0,    0,    0,    0,    0,    0,    0,    0,    0,    0,    0,    0,    0,    0,    0,    0,    0,    0,    0,    0,    0,    0,    0,    0,    0,    0,    0,    0,    0,    0,    0,    0,    0,    0,    0,    0,    0,    0,    0,    0,    0,   -8,   -7,   -7,   -8,    0,    0,    0,    0,    0,    0,    0,    0,    0,    0,    0,    0,    0,    0,    0,    0,    0,    0,    0,    0,   -9,    0,    0,    0,    0,    0,    0,    0,    0,    0,    0,    0,    0,    0,    0,    0,    0,    0,    0,    0,    0,    0,    0,    0,    0,    0,    0,    0,    0,    0,    0,    0,    0,    0,    0,    0,    0,    0,    0,    0,    0,    0,    0,    0,    0,    0,    0,    0,    0,    0,    0,    0,    0,    0,    0,    0,    0,    0,    0,    0,    0,    0,    0,    0,    0,    0,    0,    0,    0,    0,    0,    0,    0,    0,    0,    0,    0,
       0,    0,    0,    0,    0,    0,    0,    0,    0,    0,    0,    0,    0,    0,    0,    0,    0,    0,    0,    0,    0,    0,    0,    0,    0,    0,    0,    0,    0,    0,    0,    0,    0,    0,    0,    0,    0,   13,    0,    0,    0,    0,    0,    0,    0,    0,    0,    0,    0,    0,    0,    0,    0,    0,    0,    0,    0,    0,    0,    0,    0,    0,    0,    0,    0,    0,    0,    0,    0,    0,    0,    0,    0,    0,    0,    0,    0,    0,    0,    0,    0,    0,    0,    0,    0,    0,    0,    0,    0,    0,    0,    0,    0,    0,    0,    0,    0,    0,    0,    0,    0,    0,    0,    0,    0,    0,    0,    0,    0,    0,    0,    0,    0,    0,    0,    0,    0,    0,    0,    0,    0,    0,    0,    0,    0,    0,    0,    0,    0,    0,    0,    0,    0,    0,    0,    0,    0,    0,    0,    0,    0,    0,    0,
       0,    0,    0,    0,    0,    0,    0,    0,    0,    0,    0,    0,  -13,    0,    0,    0,  -18,    0,    0,    0,    0,    0,    0,    0,  -10,   -5,    0,    0,    0,    0,   -6,    0,    0,    0,    0,    0,    0,    0,    0,    0,    0,    0,    0,    0,    0,    0,    0,    0,    0,    0,    0,  -23,    0,   -6,    0,    0,    0,    0,    0,    0,    0,    0,    0,    0,    0,    0,    0,    0,    0,    0,    0,    0,    0,    0,    0,    0,    0,    0,    0,    0,    0,    0,    0,    0,    0,    0,    0,    0,    0,    0,    0,    0,    0,    0,    0,    0,    0,    0,    0,    0,    0,    0,    0,    0,    0,    0,    0,    0,    0,    0,    0,    0,    0,    0,    0,    0,    0,    0,    0,    0,    0,    0,    0,    0,    0,    0,    0,    0,    0,    0,    0,    0,    0,    0,    0,    0,    0,    0,    0,    0,    0,    0,    0,
       0,    0,    0,    0,    0,    0,    0,    0,    0,    0,    0,    0,    0,    0,    0,    0,    0,    0,    0,    0,    0,    0,   -7,    0,    0,   -9,    0,    0,    0,    0,    0,    0,    0,    0,    0,    0,    0,    0,    0,    0,    0,    0,    0,    0,    0,    0,    0,    0,    0,    0,    0,    0,    0,    0,    0,    0,    0,    0,    0,    0,    0,   -4,    0,    0,    0,    0,    0,    0,    0,    0,    0,    0,    0,    0,    0,    0,    0,    0,    0,    0,    0,    0,    0,    0,    0,    0,    0,    0,    0,    0,    0,    0,    0,    0,    0,    0,    0,    0,    0,    0,    0,    0,    0,    0,    0,    0,    0,    0,    0,    0,    0,    0,    0,    0,    0,    0,    0,    0,    0,    0,    0,    0,    0,    0,    0,    0,    0,    0,    0,    0,    0,    0,    0,    0,    0,    0,    0,    0,    0,    0,    0,    0,    0,
       0,    0,    0,    0,    0,    0,    0,    0,    0,    0,    0,    0,    0,    0,    0,    0,    0,    0,    0,    0,    0,    0,    0,    0,    0,    0,    0,    0,    0,    0,    0,    0,    0,    0,    0,    0,    0,    0,    0,    0,    0,    0,    0,    0,    0,    0,    0,    0,    0,    0,    0,    0,    0,    0,    0,    0,    0,    0,    0,    0,    0,    0,    0,    0,    0,    0,    0,    0,    0,    0,   10,    0,    0,    0,    0,    5,    0,    0,   -7,   -7,    8,    0,    0,    0,    0,    0,    0,    0,    0,    0,    0,    0,    0,    0,   -5,    0,    0,    0,    0,    0,    8,   -5,    0,    0,    0,    0,    0,    0,    0,    0,    0,    0,    0,    0,    0,    0,    0,    0,    0,    0,    0,    0,    0,   11,    0,    0,    0,    0,  -10,    0,    0,    0,    0,    0,    0,    0,    0,    0,    0,    0,    0,    0,    0,
       0,   -6,    0,    0,   -4,  -11,    0,    9,   -7,    0,   -6,    0,    0,    0,    0,    0,    0,    0,    0,    0,    0,    0,    0,    0,    0,    0,    0,   -4,    0,    0,    0,    0,    0,    0,    0,    0,    0,    0,    0,    0,    0,    0,    0,    0,    0,    0,    0,    0,    0,    0,    0,    0,    0,    0,    0,    0,    0,    0,    0,    0,    0,    0,    0,    0,    0,    0,    0,   -6,    0,   -6,    0,    0,   -4,    0,    0,    0,    0,    0,    0,    0,   -6,   -6,   -5,   -9,    0,    0,    0,    0,    0,    0,   -7,    0,    0,    0,    0,    0,    0,   -6,   -6,    0,   -6,    0,    0,   -6,    0,    0,    0,    0,    0,    0,    0,    0,    0,    0,   -6,    0,    0,    0,    0,   -6,    0,   -5,    0,    0,    0,    0,    0,    0,  -14,    0,    0,    0,    0,    0,    0,    0,    0,    0,    0,    0,    0,    0,    0,
       0,    0,    0,   -7,   10,    0,  -32,  -22,  -39,  -24,   10,  -14,    0,    0,    0,    0,    0,    0,    0,    0,    0,    0,    0,    0,    0,    0,    0,   -5,    0,   12,    0,    0,    0,    0,    0,    0,    0,    0,    0,    0,    0,    0,    0,    0,    0,    0,    0,  -11,    0,  -30,  -26,    0,    0,    0,    0,    0,    0,    0,    0,    0,    0,    0,    0,    0,    0,    0,    0,   10,   -7,    0,  -33,  -31,    0,  -33,  -29,    0,    0,   -4,   -9,  -10,   10,    0,    0,   -6,  -30,   -4,  -20,  -20,  -25,  -24,    0,   -4,  -26,  -26,  -30,  -20,  -25,    0,    0,  -28,  -30,  -20,  -20,    0,  -26,  -20,  -21,    0,  -22,  -29,    0,   15,    0,    0,    0,    0,   -7,  -25,    5,    0,    0,    0,  -34,  -43,  -30,   -6,  -24,    0,  -19,    0,    0,    0,    0,    0,    0,    0,    0,    0,    0,   11,    8,    0,    0,
       0,    0,    0,   -5,    6,   -4,    9,   -4,    5,    8,    6,    0,    0,    0,    0,    0,    0,    0,    0,    0,    0,    0,    0,    0,    0,    0,    0,    0,    0,   10,    0,    0,    0,    0,    0,    0,    0,    0,    0,    0,    0,    0,    0,    0,    0,    0,    0,   -6,    6,  -10,    6,    0,    0,    0,    0,    0,    0,    0,    0,    0,    0,    0,    0,    0,    0,    0,    0,    8,   -7,    7,   12,    4,    0,   11,    6,    6,    5,    0,  -10,  -11,   10,    0,    0,    0,    4,    0,    0,    0,    6,    0,    5,    0,    6,    0,   -5,    0,    0,    0,    0,    0,   10,    0,    0,    0,    0,    0,    0,    4,    0,    2,    0,    0,    0,    4,    0,    0,   -7,    0,    4,    0,    0,    0,   -8,   11,    0,   -4,    0,    0,   -6,    0,    0,    0,    0,    0,    0,    0,    0,    0,    0,    8,   14,    0,    0,
       0,   -5,    0,   -4,   -3,  -14,    4,   11,   -6,    0,   -4,    0,    0,    0,    0,    0,    0,    0,    0,    0,    0,    0,    0,    0,    0,    0,    0,   -6,    0,    0,    0,    0,    0,    0,    0,    0,    0,    0,    0,    0,    0,    0,    0,    0,    0,    0,    0,    0,    0,    6,    0,    0,    0,    0,    0,    0,    0,    0,    0,    0,    0,    0,    0,    0,    0,    0,    0,   -8,    0,    0,    0,    0,    0,    0,    0,    0,    0,    0,    0,    0,    0,   -4,   -4,   -9,    5,    0,    0,    0,    0,    0,    0,    0,    0,    0,    0,    0,    0,  -11,   -9,    0,   -4,    0,    0,  -10,    0,    0,    0,    0,    0,    0,    0,    0,    0,    0,   -7,    0,    0,    0,    0,   -9,    0,   -7,    0,    0,    0,    0,    0,    0,  -17,    0,    0,    0,    0,    0,    0,    0,    0,    0,    0,   -8,    0,    0,    0,
       0,    0,    0,    0,    0,    0,    0,    0,  -12,    0,    0,    0,    0,    0,    0,    0,    0,    0,    0,    0,    0,    0,    0,    0,    0,    0,    0,    0,    0,    0,    0,    0,    0,    0,    0,    0,    0,    0,    0,    0,    0,    0,    0,    0,    0,    0,    0,    0,    0,    0,    4,    0,    0,    0,    0,    0,    0,    0,    0,    0,    0,    0,    0,    0,    0,    0,    0,    0,    0,    0,   -5,    0,    0,   -8,    0,    0,    0,    0,    0,    0,    0,    0,    0,    0,    0,    0,    0,    0,    0,    0,    0,    0,    0,    0,    0,    0,    0,    0,    0,    0,    0,    0,    0,    0,    0,    0,    0,    0,    0,    0,    0,    0,    0,    0,    0,    0,    0,    0,    0,    0,    0,    0,    0,    0,    0,    0,    0,    0,    0,    0,    0,    0,    0,    0,    0,    0,    0,    0,    0,    6,    6,    0,    0,
       0,  -24,    0,    0,  -13,  -10,    0,    9,   -7,    0,  -14,    0,    0,    0,    0,    0,    0,    0,    0,    0,    0,    0,    0,    0,    0,    0,    0,   -6,    0,  -15,    0,    0,    0,    0,    0,    0,    0,    0,    0,    0,    0,    0,    0,    0,    0,    0,    0,    0,  -11,    0,    0,    0,    0,    0,    0,    0,    0,    0,    0,    0,    0,    0,    0,    0,    0,    0,    0,  -26,    0,   -6,    0,    0,   -4,    0,    0,   -7,    0,    0,    0,    0,   -6,   -4,   -5,  -10,    0,    0,    0,    0,    0,    0,   -8,    0,    0,    0,    0,    0,    0,   -4,   -5,    0,   -6,    0,    0,   -4,    0,    0,    0,    0,    0,    0,    0,    0,    0,    0,   -6,    0,    0,    0,  -29,   -5,    0,    0,    0,    0,    0,    0,    0,    0,  -12,    0,    0,    0,    0,    0,    0,    0,    0,    0,    0,  -24,  -20,    0,    0,
       0,  -16,    0,    0,    0,  -10,    8,    9,    0,    0,   -7,    0,    0,    0,    0,    0,    0,    0,    0,    0,    0,    0,    0,    0,    0,    0,    0,    0,    0,  -12,    0,    0,    0,    0,    0,    0,    0,    0,    0,    0,    0,    0,    0,    0,    0,    0,    0,    0,   -9,    0,    0,    0,    0,    0,    0,    0,    0,    0,    0,    0,    0,    0,    0,    0,    0,    0,    0,  -18,    0,    0,    0,    0,    0,    0,    0,    0,    0,    0,    0,    0,    0,   -5,    0,    0,    0,    0,    0,    0,    0,    0,    0,    0,    0,    0,    0,    0,    0,   -6,    0,    0,    0,    0,    0,    0,    0,    0,    0,    0,    0,    0,    0,    0,    0,    0,   -6,    0,    0,    0,  -14,   -5,    0,   -5,    0,   10,    0,    0,    0,    0,  -12,    0,    0,    0,    0,    0,    0,    0,    0,    0,    0,  -13,  -13,    0,    0,
       0,    0,    0,   -8,   10,  -16,   12,  -20,    9,    4,    0,   -6,    0,    0,    0,    0,    0,    0,    0,    0,    0,    0,    0,    0,    0,    0,    0,    0,    0,   11,    0,    0,    0,    0,    0,    0,    0,    0,    0,    0,    0,    0,    0,    0,    0,    0,    0,   -6,    7,  -20,    0,    0,    0,    0,    0,    0,    0,    0,    0,    0,    0,    0,    0,    0,    0,    0,    0,    9,  -14,    0,    8,    5,    5,   10,    8,   10,    0,    0,  -22,  -21,   14,    0,    0,    0,   -4,   -8,    0,    0,    8,   -8,   10,    0,    7,    0,  -16,    0,   -8,  -16,  -14,  -11,   14,  -20,    0,  -10,    6,    0,    6,    5,   -7,    4,    0,    0,    0,    5,   -7,    0,  -16,   -8,    8,  -16,    0,  -10,  -21,   15,    0,   -7,   -6,    0,  -23,    0,    0,    0,    0,    0,    0,    0,    0,    0,    0,    0,    0,    0,    0,
       0,    4,    0,  -12,   13,    0,  -32,  -12,  -38,   -5,   11,  -12,    0,    0,    0,    0,    0,    0,    0,    0,    0,    0,    0,    0,    0,    0,    0,    0,    0,   15,    0,    0,    0,    0,    0,    0,    0,    0,    0,    0,    0,    0,    0,    0,    0,    0,    0,   -7,   10,  -16,    0,    0,    0,    0,    0,    0,    0,    0,    0,    0,    0,    0,    0,    0,    0,    0,    0,   13,   -8,    0,  -35,  -26,    8,  -26,  -24,   10,    0,   -4,  -10,   -9,   13,    0,    0,   -8,  -16,   -6,   -7,   -7,  -22,  -15,    0,    0,  -23,  -12,  -22,   -7,  -15,    0,    0,  -16,    0,    0,   -7,    0,    0,   -6,  -12,    8,  -13,  -15,    0,   21,    0,    8,    0,    0,   -8,  -15,   11,    0,    0,    0,    0,  -32,   -9,    0,   -8,    0,    0,    0,    0,    0,    0,    0,    0,    0,    0,    0,    0,   11,   15,    0,    0,
       0,  -23,    0,   -7,    0,  -32,   12,    0,   10,    8,  -13,    0,    0,    0,    0,    0,    0,    0,    0,    0,    0,    0,    0,    0,    0,    0,    0,    0,    0,  -10,    0,    0,    0,    0,    0,    0,    0,    0,    0,    0,    0,    0,    0,    0,    0,    0,    0,   -4,    0,   -6,    5,    0,    0,    0,    0,    0,    0,    0,    0,    0,    0,    0,    0,    0,    0,    0,    0,  -33,   -8,    8,   13,    5,    0,   15,    8,   10,    5,    0,  -10,  -11,   15,  -17,    0,    0,    0,    0,    0,    0,    8,    0,   10,    0,    7,    0,   -4,    0,    0,  -11,   -8,    0,   10,  -10,    0,   -8,    6,    0,    6,    0,    0,    4,    0,    0,    0,    0,   -7,    0,   -8,    0,  -28,   -9,    0,  -14,   -7,   15,    0,   -7,    0,    0,  -17,    0,    0,    0,    0,    0,    0,    0,    0,    0,    0,  -30,  -26,    0,    0,
       0,    0,    0,    0,   -5,   -5,    0,    4,  -12,    4,   -8,    0,    0,    0,    0,    0,    0,    0,    0,    0,    0,    0,    0,    0,    0,    0,    0,    0,    0,   -9,    0,    0,    0,    0,    0,    0,    0,    0,    0,    0,    0,    0,    0,    0,    0,    0,    0,    0,   -7,    4,    4,    0,    0,    0,    0,    0,    0,    0,    0,    0,    0,    0,    0,    0,    0,    0,    0,   -7,    0,   -4,    0,    0,    0,   -4,    0,   -5,    0,    0,    0,    0,   -9,    0,   -4,   -7,    0,    0,    0,    0,    0,    0,    0,    0,    0,    0,    0,    0,    0,    0,    0,    0,   -3,    0,    0,    0,    0,    0,    0,    0,    0,    0,    0,    0,    0,    0,    0,    0,    0,    0,   -8,    0,    0,    0,    0,    0,    0,    0,    0,    0,    0,    0,    0,    0,    0,    0,    0,    0,    0,    0,    0,    0,    0,    0,    0,
       0,   -7,    0,    0,    9,  -14,   11,    0,   14,    0,   -5,    0,    0,    0,    0,    0,    0,    0,    0,    0,    0,    0,    0,    0,    0,    0,    0,    0,    0,    8,    0,    0,    0,    0,    0,    0,    0,    0,    0,    0,    0,    0,    0,    0,    0,    0,    0,   -6,    8,   -6,    0,    0,    0,    0,    0,    0,    0,    0,    0,    0,    0,    0,    0,    0,    0,    0,    0,  -11,    0,    0,    8,    6,    0,    8,    6,    8,    5,    0,    0,  -12,    8,  -12,    0,    0,    0,    0,    0,    0,    6,    0,    8,    0,    8,    0,    0,    0,    0,    0,    9,    0,    8,   -8,    0,    0,    0,    0,    0,    0,    0,    0,    0,    0,   24,    0,    0,    0,    0,    0,   -8,    0,    0,   -9,    0,   14,    0,    0,    0,    0,    0,    0,    0,    0,    0,    0,    0,    0,    0,    0,    0,   -5,   -5,    0,    0,
       0,    0,    0,   -8,   10,  -16,   12,  -20,    9,    4,    4,   -6,    0,    0,    0,    0,    0,    0,    0,    0,    0,    0,    0,    0,    0,    0,    0,    0,    0,   11,    0,    0,    0,    0,    0,    0,    0,    0,    0,    0,    0,    0,    0,    0,    0,    0,    0,   -5,    9,  -20,    0,    0,    0,    0,    0,    0,    0,    0,    0,    0,    0,    0,    0,    0,    0,    0,    0,    9,  -14,    0,    8,    5,    7,   10,    8,   10,    0,    0,  -22,  -18,   14,    0,    0,    0,   -4,   -8,    0,    0,    8,   -7,   10,    0,    7,    0,  -16,    0,   -7,  -11,   -9,  -10,   14,  -15,    0,  -10,    0,    0,    0,    7,   -6,    4,    0,    0,    0,    7,   -7,    0,  -14,   -7,   10,  -10,    0,   -5,  -17,   15,    0,   -4,   -6,    0,  -18,    0,    0,    0,    0,    0,    0,    0,    0,    0,    0,    0,    0,    0,    0,
       0,    0,    0,    0,   -5,   -5,    0,    4,  -12,    4,   -8,    0,    0,    0,    0,    0,    0,    0,    0,    0,    0,    0,    0,    0,    0,    0,    0,    0,    0,   -9,    0,    0,    0,    0,    0,    0,    0,    0,    0,    0,    0,    0,    0,    0,    0,    0,    0,    0,   -7,    4,    4,    0,    0,    0,    0,    0,    0,    0,    0,    0,    0,    0,    0,    0,    0,    0,    0,   -7,    0,   -4,    0,    0,    0,   -4,    0,   -4,    0,    0,    0,    0,   -9,    0,    0,   -6,    0,    0,    0,    0,    0,    0,    0,    0,    0,    0,    0,    0,    0,    0,    0,    0,   -3,    0,    0,    0,    0,    0,    0,    0,    0,    0,    0,    0,    0,    0,    0,    0,    0,    0,   -7,    0,    0,    0,    0,    0,    0,    0,    0,    0,    0,    0,    0,    0,    0,    0,    0,    0,    0,    0,    0,    0,    0,    0,    0,
       0,    0,    0,   -4,   -6,   -4,    0,    0,    0,    0,   -6,    0,    0,    0,    0,    0,    0,    0,    0,    0,    0,    0,    0,    0,    0,    0,    0,   -4,    0,   -5,    0,    0,    0,    0,    0,    0,    0,    0,    0,    0,    0,    0,    0,    0,    0,    0,    0,    0,   -5,    0,    0,    0,    0,    0,    0,    0,    0,    0,    0,    0,    0,    0,    0,    0,    0,    0,    0,   -4,    0,    0,    0,    0,    0,    0,    0,    0,    0,    0,    0,    0,    0,    0,    0,    0,    0,    0,    0,    0,    0,    0,    0,    0,    0,    0,    0,    0,    0,    0,    0,   -5,    0,   -5,    0,    0,    0,    0,    0,    0,    0,    0,    0,    0,    0,    0,    0,    0,    0,    0,   -5,    0,    0,    0,    0,    0,    0,    0,    0,    0,    0,    0,    0,    0,    0,    0,    0,    0,    0,    0,    0,   -8,   -6,    0,    0,
       0,    0,    0,    0,   -8,    0,  -16,    8,  -21,    0,   -8,    0,    0,    0,    0,    0,    0,    0,    0,    0,    0,    0,    0,    0,    0,    0,    0,   -4,    0,   -8,    0,    0,    0,    0,    0,    0,    0,    0,    0,    0,    0,    0,    0,    0,    0,    0,    0,    0,  -10,    4,    0,    0,    0,    0,    0,    0,    0,    0,    0,    0,    0,    0,    0,    0,    0,    0,    0,   -9,    0,    0,   -9,    0,  -10,  -10,    0,  -14,   -8,    0,    0,    0,  -15,    0,  -11,   -6,    0,    0,    0,    0,    0,    0,    0,    0,    0,    0,    0,    0,    0,    0,    0,    0,    0,    0,    0,    0,    0,    0,    0,    0,    0,    0,    0,    0,    0,    0,    0,    0,    0,    0,  -12,    0,    0,    0,    0,   -9,    0,    0,    0,  -10,    0,    0,    0,    0,    0,    0,    0,    0,    0,    0,    0,    0,    4,    0,    0,
       0,    0,    0,    0,   -3,    0,  -42,    0,  -32,    5,    0,    0,    0,    0,    0,    0,    0,    0,    0,    0,    0,    0,    0,    0,    0,    0,    0,   -6,    0,   -5,    0,    0,    0,    0,    0,    0,    0,    0,    0,    0,    0,    0,    0,    0,    0,    0,    0,    0,   -4,   -4,    5,    0,    0,    0,    0,    0,    0,    0,    0,    0,    0,    0,    0,    0,    0,    0,    0,    5,    0,    0,  -36,  -24,    0,  -27,  -22,   -6,   -5,    0,    0,    0,   -9,    0,   -4,    0,   -8,    0,    0,    0,  -17,    0,    0,    0,  -17,   -4,   -6,    0,    0,    0,    4,    0,    5,    0,    0,    0,    0,    0,    0,    0,    0,    0,    0,    0,    0,    0,    0,    5,    0,    0,    0,    4,    0,    5,    0,  -24,    0,    0,    0,    0,    0,    0,    0,    0,    0,    0,    0,    0,    0,    0,    0,   12,   12,    0,    0,
       0,    7,    0,   -7,   10,    0,  -32,  -22,  -39,  -24,   10,  -14,    0,    0,    0,    0,    0,    0,    0,    0,    0,    0,    0,    0,    0,    0,    0,    0,    0,   12,    0,    0,    0,    0,    0,    0,    0,    0,    0,    0,    0,    0,    0,    0,    0,    0,    0,   -7,    8,  -30,  -26,    0,    0,    0,    0,    0,    0,    0,    0,    0,    0,    0,    0,    0,    0,    0,    0,   10,    0,    0,  -33,  -26,    6,  -33,  -25,    8,    0,   -4,   -9,   -4,   10,    0,    0,    0,  -30,    0,    0,    0,  -18,  -19,    0,    0,  -19,   -8,  -30,    0,  -20,    0,    0,  -22,  -30,    0,    0,    0,    0,    0,  -14,    6,  -17,  -29,    0,   19,    0,    6,    0,    0,    0,  -19,    9,    0,    0,    7,    0,  -20,   -5,    0,   -6,    0,    0,    0,    0,    0,    0,    0,    0,    0,    0,    0,    0,   11,    8,    0,    0,
       0,   -5,    0,    0,  -13,    0,  -16,    7,  -16,    0,  -10,    0,    0,    0,    0,    0,    0,    0,    0,    0,    0,    0,    0,    0,    0,    0,    0,   -6,    0,  -15,    0,    0,    0,    0,    0,    0,    0,    0,    0,    0,    0,    0,    0,    0,    0,    0,    0,    0,  -10,    0,    0,    0,    0,    0,    0,    0,    0,    0,    0,    0,    0,    0,    0,    0,    0,    0,    0,   -4,    0,    0,  -14,  -13,  -13,  -11,  -12,  -17,  -11,    0,    0,    0,  -16,    0,  -14,   -5,    0,    0,    0,    0,  -10,    0,    0,    0,  -11,   -4,    0,    0,    0,    0,    0,    0,    0,    0,    0,    0,    0,    0,    0,   -4,    0,    0,    0,    0,    0,   -4,    0,    0,    0,    0,  -14,    0,    0,    0,    0,  -14,    0,    0,    0,  -13,    0,    0,    0,    0,    0,    0,    0,    0,    0,    0,    0,    0,    0,    0,    0,
       0,    0,    0,   -8,   10,  -10,   10,  -13,    9,    7,    8,   -6,    0,    0,    0,    0,    0,    0,    0,    0,    0,    0,    0,    0,    0,    0,    0,    0,    0,   12,    0,    0,    0,    0,    0,    0,    0,    0,    0,    0,    0,    0,    0,    0,    0,    0,    0,   -6,    8,  -15,    0,    0,    0,    0,    0,    0,    0,    0,    0,    0,    0,    0,    0,    0,    0,    0,    0,   10,  -11,    7,   10,    5,    6,   14,    8,   10,    4,    0,  -15,  -16,   14,    0,    0,    0,    0,   -7,    0,    0,    8,   -7,   10,    0,    7,    0,  -12,    0,   -7,   -8,   -7,   -9,   10,  -13,    0,   -8,    0,    0,    0,    6,   -6,    4,    0,    0,    0,    6,   -5,    0,  -12,   -7,    8,   -8,    0,    0,  -14,   15,    0,   -5,   -5,    0,  -16,    0,    0,    0,    0,    0,    0,    0,    0,    0,    0,    4,    6,    0,    0,
       0,    0,    0,    0,   -8,    0,  -16,    8,  -21,    0,   -8,    0,    0,    0,    0,    0,    0,    0,    0,    0,    0,    0,    0,    0,    0,    0,    0,   -4,    0,   -8,    0,    0,    0,    0,    0,    0,    0,    0,    0,    0,    0,    0,    0,    0,    0,    0,    0,    0,   -9,    4,    0,    0,    0,    0,    0,    0,    0,    0,    0,    0,    0,    0,    0,    0,    0,    0,    0,   -9,    0,    0,   -9,    0,  -10,  -10,    0,  -14,   -8,    0,    0,    0,  -15,    0,  -10,   -6,    0,    0,    0,    0,    0,    0,    0,    0,    0,    0,    0,    0,    0,    0,    0,    0,    0,    0,    0,    0,    0,    0,    0,    0,    0,    0,    0,    0,    0,    0,    0,    0,    0,    0,  -12,    0,    0,    0,    0,   -8,    0,    0,    0,   -9,    0,    0,    0,    0,    0,    0,    0,    0,    0,    0,    0,    0,    4,    0,    0,
       0,  -10,    0,    0,   -8,  -12,    0,    6,    0,    0,  -13,    0,    0,    0,    0,    0,    0,    0,    0,    0,    0,    0,    0,    0,    0,    0,    0,    0,    0,  -14,    0,    0,    0,    0,    0,    0,    0,    0,    0,    0,    0,    0,    0,    0,    0,    0,    0,    0,   -7,    0,    0,    0,    0,    0,    0,    0,    0,    0,    0,    0,    0,    0,    0,    0,    0,    0,    0,    0,    0,    0,    0,    0,    0,    0,    0,    0,    0,    0,    0,    0,    0,    0,    0,    0,    0,    0,    0,    0,    0,    0,    0,    0,    0,    0,    0,    0,    0,    0,    0,    0,    0,    0,    0,    0,    0,    0,    0,    0,    0,    0,    0,    0,    0,    0,    0,    0,    0,    0,    0,    0,    0,    0,    0,    0,    0,    0,    0,    0,   -6,    0,    0,    0,    0,    0,    0,    0,    0,    0,    0,   -9,   -9,    0,    0,
       0,    0,    0,    0,    0,   -7,    0,   10,   -8,    0,    0,    0,    0,    0,    0,    0,    0,    0,    0,    0,    0,    0,    0,    0,    0,    0,    0,   -4,    0,    0,    0,    0,    0,    0,    0,    0,    0,    0,    0,    0,    0,    0,    0,    0,    0,    0,    0,    0,    0,    0,    0,    0,    0,    0,    0,    0,    0,    0,    0,    0,    0,    0,    0,    0,    0,    0,    0,    0,    0,    0,    0,    0,    0,    0,    0,    0,    0,    0,    0,    0,    0,    0,    0,    0,    0,    0,    0,    0,    0,    0,   -6,    0,    0,    0,    0,    0,    0,    0,    0,    0,   -4,    0,    0,    0,    0,    0,    0,    0,    0,    0,    0,    0,    0,    0,    0,    0,    0,    0,    0,    0,    0,    0,    0,    0,    0,    0,    0,    0,   -6,    0,    0,    0,    0,    0,    0,    0,    0,    0,    0,    0,    0,    0,    0,
       0,   -8,    0,    0,   -7,   -6,    0,    0,    0,    0,   -7,    0,    0,    0,    0,    0,    0,    0,    0,    0,    0,    0,    0,    0,    0,    0,    0,    0,    0,  -11,    0,    0,    0,    0,    0,    0,    0,    0,    0,    0,    0,    0,    0,    0,    0,    0,    0,    0,   -7,    0,    0,    0,    0,    0,    0,    0,    0,    0,    0,    0,    0,    0,    0,    0,    0,    0,    0,    0,    0,    0,    0,    0,    0,    0,    0,    0,    0,    0,    0,    0,    0,    0,    0,    0,    0,    0,    0,    0,    0,    0,    0,    0,    0,    0,    0,    0,    0,    0,    0,    0,    0,    0,    0,    0,    0,    0,    0,    0,    0,    0,    0,    0,    0,    0,    0,    0,    0,    0,    0,    0,    0,    0,    0,    0,    0,    0,    0,    0,   -5,    0,    0,    0,    0,    0,    0,    0,    0,    0,    0,   -6,   -5,    0,    0,
       0,    0,    0,    0,    0,    0,  -23,    0,  -15,    6,    0,    0,    0,    0,    0,    0,    0,    0,    0,    0,    0,    0,    0,    0,    0,    0,    0,    0,    0,   -8,    0,    0,    0,    0,    0,    0,    0,    0,    0,    0,    0,    0,    0,    0,    0,    0,    0,    0,    0,    0,    6,    0,    0,    0,    0,    0,    0,    0,    0,    0,    0,    0,    0,    0,    0,    0,    0,    0,    0,    0,    0,    0,    0,    0,    0,    0,    0,    0,    0,    0,    0,    0,    0,    0,    0,    0,    0,    0,  -12,    0,    8,    0,  -13,    0,    0,    0,    0,    8,   10,    0,    9,    0,    0,    8,    0,    0,    0,    0,    0,    0,    0,    0,    0,    0,   10,   10,    0,    0,    0,   10,    0,    0,   10,    0,    0,    0,    0,    0,    0,    0,    0,    0,    0,    0,    0,    0,    0,    0,    0,    7,    9,    0,    0,
       0,   -8,    0,    0,    9,   -9,   11,    0,   13,    0,   -5,    0,    0,    0,    0,    0,    0,    0,    0,    0,    0,    0,    0,    0,    0,    0,    0,    0,    0,    8,    0,    0,    0,    0,    0,    0,    0,    0,    0,    0,    0,    0,    0,    0,    0,    0,    0,    0,    8,   -4,    0,    0,    0,    0,    0,    0,    0,    0,    0,    0,    0,    0,    0,    0,    0,    0,    0,    0,    0,    0,    0,    0,    0,    0,    0,    0,    0,    0,    0,    0,    0,    0,    0,    0,    0,    0,    0,    0,    6,    0,    8,    0,    8,    0,    0,    0,    0,   -5,    9,    0,    8,   -5,    0,   -4,    4,    0,    0,    0,    0,    0,    0,    0,   24,    0,    0,    0,    0,    0,    0,    0,    0,    0,    0,    0,    0,    0,    0,    0,    0,    0,    0,    0,    0,    0,    0,    0,    0,    0,    0,   -7,   -4,    0,    0,
       0,   -9,    0,    0,   -9,  -12,   -8,    5,   -5,    0,  -10,    0,    0,    0,    0,    0,    0,    0,    0,    0,    0,    0,    0,    0,    0,    0,    0,    0,    0,  -13,    0,    0,    0,    0,    0,    0,    0,    0,    0,    0,    0,    0,    0,    0,    0,    0,    0,    0,   -7,    4,    0,    0,    0,    0,    0,    0,    0,    0,    0,    0,    0,    0,    0,    0,    0,    0,    0,    0,    0,    0,    0,    0,    0,    0,    0,    0,    0,    0,    0,    0,    0,    0,    0,    0,    0,    0,    0,    0,    0,    0,    0,    0,    0,    0,    0,    0,    0,    0,    0,    0,   -6,    0,    0,    0,    0,    0,    0,    0,    0,    0,    0,    0,    0,    0,    0,    0,    0,    0,    0,    0,    0,    0,    0,    0,    0,    0,    0,    0,   -4,    0,    0,    0,    0,    0,    0,    0,    0,    0,    0,   -4,   -7,    0,    0,
       0,    0,    0,   -5,    0,    5,    5,  -18,    8,    4,    0,   -9,    0,    0,    0,    0,    0,    0,    0,    0,    0,    0,    0,    0,    0,    0,    0,    0,    0,  -10,    0,    0,    0,    0,    0,    0,    0,    0,    0,    0,    0,    0,    0,    0,    0,    0,    0,   -5,    0,  -14,    0,    0,    0,    0,    0,    0,    0,    0,    0,    0,    0,    0,    0,    0,    0,    0,    0,    0,    0,    0,    0,    0,    0,    0,    0,    0,    0,    0,    0,    0,    0,    0,    0,    0,   -4,    0,    0,    0,    8,   -6,   10,    5,    7,    0,  -14,    0,   -6,    6,    8,   -7,    8,    0,    0,    6,    6,    0,    6,    0,    0,    0,    0,    0,    0,    0,    8,    4,    0,   -6,    0,    7,    0,    0,    0,    0,    0,    0,    0,    0,    0,    0,    0,    0,    0,    0,    0,    0,    0,    0,    0,    5,   10,    0,    0,
       0,   -5,    0,    0,   -4,    0,    4,    6,    0,    0,   -4,    0,    0,    0,    0,    0,    0,    0,    0,    0,    0,    0,    0,    0,    0,    0,    0,    0,    0,  -10,    0,    0,    0,    0,    0,    0,    0,    0,    0,    0,    0,    0,    0,    0,    0,    0,    0,    0,   -5,    0,    0,    0,    0,    0,    0,    0,    0,    0,    0,    0,    0,    0,    0,    0,    0,    0,    0,    0,    0,    0,    0,    0,    0,    0,    0,    0,    0,    0,    0,    0,    0,    0,    0,    0,    0,    0,    0,    0,    0,    0,    0,    0,    5,    0,    0,    0,    0,    0,    0,    0,    0,    0,    0,    0,    0,    0,    0,    0,    0,    0,    0,    0,    0,    0,    0,    0,    0,    0,    0,    0,    0,    0,    0,    0,    0,    0,    0,    0,    0,    0,    0,    0,    0,    0,    0,    0,    0,    0,    0,    0,    0,    0,    0,
       0,    0,    0,   -5,    0,    5,    5,  -18,    8,    4,    0,   -9,    0,    0,    0,    0,    0,    0,    0,    0,    0,    0,    0,    0,    0,    0,    0,    0,    0,  -10,    0,    0,    0,    0,    0,    0,    0,    0,    0,    0,    0,    0,    0,    0,    0,    0,    0,   -5,    0,  -14,    0,    0,    0,    0,    0,    0,    0,    0,    0,    0,    0,    0,    0,    0,    0,    0,    0,    0,    0,    0,    0,    0,    0,    0,    0,    0,    0,    0,    0,    0,    0,    0,    0,    0,   -4,    0,    0,    0,    8,   -7,   10,    5,    7,    0,  -14,    0,   -7,    8,   10,   -8,    8,    0,    0,    8,    6,    0,    6,    0,   -5,    0,    0,    0,    0,    0,   10,    5,    0,   -7,    0,    8,    0,    0,    0,    0,    0,    0,    0,    0,    0,    0,    0,    0,    0,    0,    0,    0,    0,    0,    0,    5,   10,    0,    0,
       0,    0,    0,    0,   -6,    0,    0,    5,    0,    0,   -6,    0,    0,    0,    0,    0,    0,    0,    0,    0,    0,    0,    0,    0,    0,    0,    0,    0,    0,   -9,    0,    0,    0,    0,    0,    0,    0,    0,    0,    0,    0,    0,    0,    0,    0,    0,    0,    0,   -5,    0,    0,    0,    0,    0,    0,    0,    0,    0,    0,    0,    0,    0,    0,    0,    0,    0,    0,    0,    0,    0,    0,    0,    0,    0,    0,    0,    0,    0,    0,    0,    0,    0,    0,    0,    0,    0,    0,    0,    0,    0,    0,    0,    0,    0,    0,    0,    0,    0,    0,    0,    0,    0,    0,    0,    0,    0,    0,    0,    0,    0,    0,    0,    0,    0,    0,    0,    0,    0,    0,    0,    0,    0,    0,    0,    0,    0,    0,    0,   -6,    0,    0,    0,    0,    0,    0,    0,    0,    0,    0,    0,    0,    0,    0,
       0,   -5,    0,    0,   -5,   -6,    0,    0,    0,    0,   -6,    0,    0,    0,    0,    0,    0,    0,    0,    0,    0,    0,    0,    0,    0,    0,    0,    0,    0,  -11,    0,    0,    0,    0,    0,    0,    0,    0,    0,    0,    0,    0,    0,    0,    0,    0,    0,    0,   -7,    0,    0,    0,    0,    0,    0,    0,    0,    0,    0,    0,    0,    0,    0,    0,    0,    0,    0,    0,    0,    0,    0,    0,    0,    0,    0,    0,    0,    0,    0,    0,    0,    0,    0,    0,    0,    0,    0,    0,    0,    0,    0,    0,    0,    0,    0,    0,    0,    0,    0,    0,    0,    0,    0,    0,    0,    0,    0,    0,    0,    0,    0,    0,    0,    0,    0,    0,    0,    0,    0,    0,    0,    0,    0,    0,    0,    0,    0,    0,   -8,    0,    0,    0,    0,    0,    0,    0,    0,    0,    0,    0,    0,    0,    0,
       0,    0,    0,    0,   -6,    0,    0,    5,    0,    0,   -6,    0,    0,    0,    0,    0,    0,    0,    0,    0,    0,    0,    0,    0,    0,    0,    0,    0,    0,   -9,    0,    0,    0,    0,    0,    0,    0,    0,    0,    0,    0,    0,    0,    0,    0,    0,    0,    0,   -6,    0,    0,    0,    0,    0,    0,    0,    0,    0,    0,    0,    0,    0,    0,    0,    0,    0,    0,    0,    0,    0,    0,    0,    0,    0,    0,    0,    0,    0,    0,    0,    0,    0,    0,    0,    0,    0,    0,    0,    0,    0,    0,    0,    0,    0,    0,    0,    0,    0,    0,    0,    0,    0,    0,    0,    0,    0,    0,    0,    0,    0,    0,    0,    0,    0,    0,    0,    0,    0,    0,    0,    0,    0,    0,    0,    0,    0,    0,    0,   -6,    0,    0,    0,    0,    0,    0,    0,    0,    0,    0,    0,    0,    0,    0,
       0,  -12,    0,    0,  -10,  -12,  -12,    5,  -11,    0,  -11,    0,    0,    0,    0,    0,    0,    0,    0,    0,    0,    0,    0,    0,    0,    0,    0,    0,    0,  -14,    0,    0,    0,    0,    0,    0,    0,    0,    0,    0,    0,    0,    0,    0,    0,    0,    0,    0,   -8,    4,    0,    0,    0,    0,    0,    0,    0,    0,    0,    0,    0,    0,    0,    0,    0,    0,    0,    0,    0,    0,    0,    0,    0,    0,    0,    0,    0,    0,    0,    0,    0,    0,    0,    0,    0,    0,    0,    0,    0,    0,   -6,    0,    0,    0,    0,    0,    0,    0,    0,    0,   -7,    0,    0,    0,    0,    0,    0,    0,    0,    0,    0,    0,    0,    0,    0,    0,    0,    0,    0,    0,    0,    0,    0,    0,    0,    0,    0,    0,   -6,    0,    0,    0,    0,    0,    0,    0,    0,    0,    0,  -10,  -10,    0,    0,
       0,  -12,    0,    0,  -12,   -6,    0,   10,   -8,    0,   -8,    0,    0,    0,    0,    0,    0,    0,    0,    0,    0,    0,    0,    0,    0,    0,    0,   -6,    0,  -14,    0,    0,    0,    0,    0,    0,    0,    0,    0,    0,    0,    0,    0,    0,    0,    0,    0,    0,  -11,    0,    0,    0,    0,    0,    0,    0,    0,    0,    0,    0,    0,    0,    0,    0,    0,    0,    0,    0,    0,    0,    0,    0,    0,    0,    0,    0,    0,    0,    0,    0,    0,    0,    0,    0,    0,    0,    0,    0,    0,    0,   -6,    0,    0,    0,    0,    0,    0,    0,    0,    0,    0,    0,    0,    0,    0,    0,    0,   -4,    0,    0,    0,    0,    0,    0,    0,    0,    0,    0,    0,    0,    0,    0,    0,    0,    0,    0,    0,    0,   -5,    0,    0,    0,    0,    0,    0,    0,    0,    0,    0,   -9,  -10,    0,    0,
       0,    0,    0,    0,    0,    0,    7,   -4,    0,    4,   -5,   -4,    0,    0,    0,    0,    0,    0,    0,    0,    0,    0,    0,    0,    0,    0,    0,    0,    0,  -14,    0,    0,    0,    0,    0,    0,    0,    0,    0,    0,    0,    0,    0,    0,    0,    0,    0,    0,   -7,   -6,    0,    0,    0,    0,    0,    0,    0,    0,    0,    0,    0,    0,    0,    0,    0,    0,    0,    0,    0,    0,    0,    0,    0,    0,    0,    0,    0,    0,    0,    0,    0,    0,    0,    0,    0,    0,    0,    0,    0,    0,    6,    0,    0,    0,  -10,    0,    0,    0,    0,    0,    5,    0,    0,    0,    0,    0,    0,    0,    0,    0,    0,    0,    0,    0,    4,    0,    0,    0,    0,    4,    0,    0,    0,    0,    0,    0,    0,    0,    0,    0,    0,    0,    0,    0,    0,    0,    0,    0,    0,    4,   10,    0,    0,
       0,    0,    0,    0,    0,    0,  -15,    0,  -17,    0,    0,    0,    0,    0,    0,    0,    0,    0,    0,    0,    0,    0,    0,    0,    0,    0,    0,    0,    0,  -10,    0,    0,    0,    0,    0,    0,    0,    0,    0,    0,    0,    0,    0,    0,    0,    0,    0,    0,   -6,    0,    0,    0,    0,    0,    0,    0,    0,    0,    0,    0,    0,    0,    0,    0,    0,    0,    0,    0,    0,    0,    0,    0,    0,    0,    0,    0,    0,    0,    0,    0,    0,    0,    0,    0,    0,    0,    0,    0,  -12,    0,    6,    0,  -11,    0,    0,    0,    0,    6,    8,   -4,    7,    0,    0,    6,    0,    0,    0,    0,    0,    0,    0,    0,    0,    0,    8,    8,    0,    0,    0,    8,    0,    0,    8,    0,    0,    0,    0,    0,    0,    0,    0,    0,    0,    0,    0,    0,    0,    0,    0,    5,    7,    0,    0,
       0,    0,    0,    0,    0,    0,  -12,    0,  -13,    0,    0,    0,    0,    0,    0,    0,    0,    0,    0,    0,    0,    0,    0,    0,    0,    0,    0,    0,    0,   -8,    0,    0,    0,    0,    0,    0,    0,    0,    0,    0,    0,    0,    0,    0,    0,    0,    0,    0,    0,    0,    0,    0,    0,    0,    0,    0,    0,    0,    0,    0,    0,    0,    0,    0,    0,    0,    0,    0,    0,    0,    0,    0,    0,    0,    0,    0,    0,    0,    0,    0,    0,    0,    0,    0,    0,    0,    0,    0,  -10,    0,    8,    0,   -8,    0,    0,    0,    0,    8,   10,   -4,    9,    0,    0,    8,    0,    0,    0,    0,    0,    0,    0,    0,    0,    0,   10,    8,    0,    0,    0,   10,    0,    0,    5,    0,    0,    0,    0,    0,    0,    0,    0,    0,    0,    0,    0,    0,    0,    0,    0,    4,    8,    0,    0,
       0,  -18,    0,    0,  -14,   -7,    0,   10,   -9,    0,  -12,    0,    0,    0,    0,    0,    0,    0,    0,    0,    0,    0,    0,    0,    0,    0,    0,   -6,    0,  -15,    0,    0,    0,    0,    0,    0,    0,    0,    0,    0,    0,    0,    0,    0,    0,    0,    0,    0,  -11,    0,    0,    0,    0,    0,    0,    0,    0,    0,    0,    0,    0,    0,    0,    0,    0,    0,    0,    0,    0,    0,    0,    0,    0,    0,    0,    0,    0,    0,    0,    0,    0,    0,    0,    0,    0,    0,    0,    0,    0,    0,   -8,   -4,    0,    0,    0,    0,    0,   -4,   -4,    0,   -6,   -2,    0,    0,    0,    0,   -3,   -4,    0,    0,    0,    0,    0,   -4,    0,    0,    0,    0,    0,    0,    0,    0,    0,    0,    0,    0,    0,    0,   -7,    0,    0,    0,    0,    0,    0,    0,    0,    0,    0,  -18,  -14,    0,    0,
       0,    0,    0,   -5,    0,    5,    8,   -8,    8,    6,    0,   -4,    0,    0,    0,    0,    0,    0,    0,    0,    0,    0,    0,    0,    0,    0,    0,    0,    0,  -12,    0,    0,    0,    0,    0,    0,    0,    0,    0,    0,    0,    0,    0,    0,    0,    0,    0,   -4,    0,  -11,    0,    0,    0,    0,    0,    0,    0,    0,    0,    0,    0,    0,    0,    0,    0,    0,    0,    0,    0,    0,    0,    0,    0,    0,    0,    0,    0,    0,    0,    0,    0,    0,    0,    0,    0,    0,    0,    0,    8,   -4,   10,    5,    7,    0,  -10,    0,   -4,    6,    8,   -6,   13,    0,    0,    6,    6,    0,    6,    0,    0,    0,    0,    0,    0,    0,    8,    5,    0,   -4,    0,    7,    0,    0,    0,    0,    0,    0,    0,    0,    0,    0,    0,    0,    0,    0,    0,    0,    0,    0,    0,    6,   11,    0,    0,
       0,  -29,    0,    0,   -9,  -21,    0,    4,    0,    0,   -9,    0,    0,    0,    0,    0,    0,    0,    0,    0,    0,    0,    0,    0,    0,    0,    0,   -4,    0,  -13,    0,    0,    0,    0,    0,    0,    0,    0,    0,    0,    0,    0,    0,    0,    0,    0,    0,    0,   -8,    0,    0,    0,    0,    0,    0,    0,    0,    0,    0,    0,    0,    0,    0,    0,    0,    0,    0,    0,    0,    0,    0,    0,    0,    0,    0,    0,    0,    0,    0,    0,    0,    0,    0,    0,    0,    0,    0,    0,    0,    0,    0,    0,    4,    0,    0,    0,    0,  -14,   -9,    0,    0,    0,    0,  -11,    0,    0,    0,    0,    0,    0,    0,    0,    0,    0,  -10,    0,    0,    0,    0,   -9,    0,    0,    0,    0,    0,    0,    0,    0,  -16,    0,    0,    0,    0,    0,    0,    0,    0,    0,    0,  -25,  -28,    0,    0,
       0,  -10,    0,    0,  -10,  -12,  -12,    5,  -11,    0,  -11,    0,    0,    0,    0,    0,    0,    0,    0,    0,    0,    0,    0,    0,    0,    0,    0,    0,    0,  -14,    0,    0,    0,    0,    0,    0,    0,    0,    0,    0,    0,    0,    0,    0,    0,    0,    0,    0,   -7,    4,    0,    0,    0,    0,    0,    0,    0,    0,    0,    0,    0,    0,    0,    0,    0,    0,    0,    0,    0,    0,    0,    0,    0,    0,    0,    0,    0,    0,    0,    0,    0,    0,    0,    0,    0,    0,    0,    0,    0,    0,    0,    0,    0,    0,    0,    0,    0,    0,    0,    0,   -7,    0,    0,    0,    0,    0,    0,    0,    0,    0,    0,    0,    0,    0,    0,    0,    0,    0,    0,    0,    0,    0,    0,    0,    0,    0,    0,    0,    0,    0,    0,    0,    0,    0,    0,    0,    0,    0,    0,  -10,  -10,    0,    0,
       0,  -12,    0,    0,  -10,  -12,  -12,    5,  -11,    0,  -11,    0,    0,    0,    0,    0,    0,    0,    0,    0,    0,    0,    0,    0,    0,    0,    0,    0,    0,  -14,    0,    0,    0,    0,    0,    0,    0,    0,    0,    0,    0,    0,    0,    0,    0,    0,    0,    0,   -8,    4,    0,    0,    0,    0,    0,    0,    0,    0,    0,    0,    0,    0,    0,    0,    0,    0,    0,    0,    0,    0,    0,    0,    0,    0,    0,    0,    0,    0,    0,    0,    0,    0,    0,    0,    0,    0,    0,    0,    0,    0,   -6,    0,    0,    0,    0,    0,    0,    0,    0,    0,   -7,    0,    0,    0,    0,    0,    0,    0,    0,    0,    0,    0,    0,    0,    0,    0,    0,    0,    0,    0,    0,    0,    0,    0,    0,    0,    0,    0,   -5,    0,    0,    0,    0,    0,    0,    0,    0,    0,    0,  -10,  -10,    0,    0,
       0,    0,    0,    0,   -6,    0,    0,    5,    0,    0,   -6,    0,    0,    0,    0,    0,    0,    0,    0,    0,    0,    0,    0,    0,    0,    0,    0,    0,    0,  -10,    0,    0,    0,    0,    0,    0,    0,    0,    0,    0,    0,    0,    0,    0,    0,    0,    0,    0,   -7,    0,    0,    0,    0,    0,    0,    0,    0,    0,    0,    0,    0,    0,    0,    0,    0,    0,    0,    0,    0,    0,    0,    0,    0,    0,    0,    0,    0,    0,    0,    0,    0,    0,    0,    0,    0,    0,    0,    0,    0,    0,    0,    0,    0,    0,    0,    0,    0,    0,    0,    0,    0,    0,    0,    0,    0,    0,    0,    0,    0,    0,    0,    0,    0,    0,    0,    0,    0,    0,    0,    0,    0,    0,    0,    0,    0,    0,    0,    0,   -6,    0,    0,    0,    0,    0,    0,    0,    0,    0,    0,    0,    0,    0,    0,
       0,  -14,    0,   -6,    0,   -9,    0,    6,    0,    0,   -8,    0,    0,    0,    0,    0,    0,    0,    0,    0,    0,    0,    0,    0,    0,    0,    0,    0,    0,    0,    0,    0,    0,    0,    0,    0,    0,    0,    0,    0,    0,    0,    0,    0,    0,    0,    0,    0,    0,    0,    0,    0,    0,    0,    0,    0,    0,    0,    0,    0,    0,    0,    0,    0,    0,    0,    0,    0,    0,    0,    0,    0,    0,    0,    0,    0,    0,    0,    0,    0,    0,    0,    0,    0,    0,    0,    0,    0,    0,    0,    0,    0,    0,    0,    0,    0,    0,    0,    0,    0,    0,    0,    0,    0,    0,    0,    0,   -6,    0,    0,    0,    0,   11,    0,    0,    0,    0,    0,    0,    0,    0,    0,    0,    0,    0,    0,    0,    0,   -4,    0,    0,    0,    0,    0,    0,    0,    0,    0,    0,  -14,  -10,    0,    0,
       0,    0,    0,    0,    0,    0,    6,    0,    0,    0,   -4,    0,    0,    0,    0,    0,    0,    0,    0,    0,    0,    0,    0,    0,    0,    0,    0,    0,    0,  -10,    0,    0,    0,    0,    0,    0,    0,    0,    0,    0,    0,    0,    0,    0,    0,    0,    0,    0,   -7,   -5,    0,    0,    0,    0,    0,    0,    0,    0,    0,    0,    0,    0,    0,    0,    0,    0,    0,    0,    0,    0,    0,    0,    0,    0,    0,    0,    0,    0,    0,    0,    0,    0,    0,    0,    0,    0,    0,    0,    0,    0,    6,    0,    0,    0,    0,    0,    0,    0,    0,   -4,    6,    0,    0,    0,    0,    0,    0,    0,    0,    0,    0,    0,    0,    0,    0,    0,    0,    0,    0,    0,    0,    0,    0,    0,    0,    0,    0,    0,    0,    0,    0,    0,    0,    0,    0,    0,    0,    0,    0,    0,    0,    0,    0,
       0,    0,    0,    0,   -5,   -4,    0,    0,   -4,    0,  -14,    0,    0,    0,    0,    0,    0,    0,    0,    0,    0,    0,    0,    0,    0,    0,    0,    0,    0,  -14,    0,    0,    0,    0,    0,    0,    0,    0,    0,    0,    0,    0,    0,    0,    0,    0,    0,    0,   -7,    0,    0,    0,    0,    0,    0,    0,    0,    0,    0,    0,    0,    0,    0,    0,    0,    0,    0,    0,    0,    0,    0,    0,    0,    0,    0,    0,    0,    0,    0,    0,    0,    0,    0,    0,    0,    0,    0,    0,    0,    0,    0,    0,    0,    0,    0,    0,    0,    0,    0,    0,    0,    0,    0,    0,    0,    0,    0,    0,    0,    0,    0,    0,    0,    0,    0,    0,    0,    0,    0,    0,    0,    0,    0,    0,    0,    0,    0,    0,   -4,    0,    0,    0,    0,    0,    0,    0,    0,    0,    0,    0,    0,    0,    0,
       0,    0,    0,    0,    4,    0,    0,    5,    0,    0,    0,    0,    0,    0,    0,    0,    0,    0,    0,    0,    0,    0,    0,    0,    0,    0,    0,    0,    0,    0,    0,    0,    0,    0,    0,    0,    0,    0,    0,    0,    0,    0,    0,    0,    0,    0,    0,    0,    0,    0,    0,    0,    0,    0,    0,    0,    0,    0,    0,    0,    0,    0,    0,    0,    0,    0,    0,    0,    0,    0,    0,    0,    0,    0,    0,    0,    0,    0,    0,    0,    0,    0,    0,    0,    0,    0,    0,    0,    0,    0,    0,    0,    0,    0,    0,    0,    0,    0,    0,    0,    0,    0,    0,    0,    0,    0,    0,    0,    0,    0,    0,    0,    0,    0,    0,    0,    0,    0,    0,    0,    0,    0,    0,    0,    0,    0,    0,    0,   -6,    0,    0,    0,    0,    0,    0,    0,    0,    0,    0,    0,    0,    0,    0,
       0,    0,    0,   -4,    5,    0,    0,    5,    0,    0,    0,    0,    0,    0,    0,    0,    0,    0,    0,    0,    0,    0,    0,    0,    0,    0,    0,    0,    0,    4,    0,    0,    0,    0,    0,    0,    0,    0,    0,    0,    0,    0,    0,    0,    0,    0,    0,    0,    0,    0,    0,    0,    0,    0,    0,    0,    0,    0,    0,    0,    0,    0,    0,    0,    0,    0,    0,    0,    0,    0,    0,    0,    0,    0,    0,    0,    0,    0,    0,    0,    0,    0,    0,    0,    0,    0,    0,    0,    0,    0,    0,    0,    0,    0,    0,    0,    0,    0,    0,    0,    0,    0,    0,    0,    0,    0,    0,    0,    0,    0,    0,    0,   12,    0,    0,    0,    0,    0,    0,    0,    0,    0,    0,    0,    0,    0,    0,    0,   -6,    0,    0,    0,    0,    0,    0,    0,    0,    0,    0,    0,    0,    0,    0,
       0,  -14,    0,   -4,   -6,   -9,    0,    6,    0,    0,   -8,    0,    0,    0,    0,    0,    0,    0,    0,    0,    0,    0,    0,    0,    0,    0,    0,    0,    0,  -14,    0,    0,    0,    0,    0,    0,    0,    0,    0,    0,    0,    0,    0,    0,    0,    0,    0,    0,  -11,    0,    0,    0,    0,    0,    0,    0,    0,    0,    0,    0,    0,    0,    0,    0,    0,    0,    0,    0,    0,    0,    0,    0,    0,    0,    0,    0,    0,    0,    0,    0,    0,    0,    0,    0,    0,    0,    0,    0,    0,    0,    0,    0,    0,    0,    0,    0,    0,    0,    0,    0,    0,    0,    0,    0,    0,    0,    0,    0,    0,    0,    0,    0,   -4,    0,    0,    0,    0,    0,    0,    0,    0,    0,    0,    0,    0,    0,    0,    0,   -7,    0,    0,    0,    0,    0,    0,    0,    0,    0,    0,  -14,  -10,    0,    0,
       0,    0,    0,    0,   -6,    0,    0,    5,    0,    0,   -6,    0,    0,    0,    0,    0,    0,    0,    0,    0,    0,    0,    0,    0,    0,    0,    0,    0,    0,   -4,    0,    0,    0,    0,    0,    0,    0,    0,    0,    0,    0,    0,    0,    0,    0,    0,    0,    0,   -4,    0,    0,    0,    0,    0,    0,    0,    0,    0,    0,    0,    0,    0,    0,    0,    0,    0,    0,    0,    0,    0,    0,    0,    0,    0,    0,    0,    0,    0,    0,    0,    0,    0,    0,    0,    0,    0,    0,    0,    0,    0,    0,    0,    0,    0,    0,    0,    0,    0,    0,    0,    0,    0,    0,    0,    0,    0,    0,    0,    0,    0,    0,    0,    0,    0,    0,    0,    0,    0,    0,    0,    0,    0,    0,    0,    0,    0,    0,    0,   -6,    0,    0,    0,    0,    0,    0,    0,    0,    0,    0,    0,    0,    0,    0,
       0,  -20,    0,    0,  -11,  -18,    0,    0,    0,    0,  -11,    0,    0,    0,    0,    0,    0,    0,    0,    0,    0,    0,    0,    0,    0,    0,    0,   -6,    0,  -15,    0,    0,    0,    0,    0,    0,    0,    0,    0,    0,    0,    0,    0,    0,    0,    0,    0,    0,  -10,    0,    0,    0,    0,    0,    0,    0,    0,    0,    0,    0,    0,    0,    0,    0,    0,    0,    0,    0,    0,    0,    0,    0,    0,    0,    0,    0,    0,    0,    0,    0,    0,    0,    0,    0,    0,    0,    0,    0,    0,    0,    0,    0,    0,    0,    0,    0,    0,  -13,   -9,    0,    0,   -4,    0,   -9,    0,    0,   -4,   -4,    0,    0,    0,    0,    0,   -4,  -13,    0,    0,    0,    0,  -10,    0,    0,    0,    0,    0,    0,    0,    0,  -18,    0,    0,    0,    0,    0,    0,    0,    0,    0,    0,  -18,  -14,    0,    0,
       5,    9,    0,   -4,   11,    0,  -39,  -20,  -25,    0,   14,  -11,    0,    0,    0,    0,    0,    0,    0,    0,    0,    0,    0,    0,    0,    0,    0,    0,    0,   15,    0,    0,    0,    0,    0,    0,    0,    0,    0,    0,    0,    0,    0,    0,    0,    0,    0,    0,   15,  -24,    0,    0,    0,    0,    0,    0,    0,    0,    0,    0,    0,    0,    0,    0,    0,    0,    0,   14,   -5,    0,  -33,  -21,   12,  -25,  -19,   12,    8,    0,   -5,   -6,   11,   10,    8,    0,   -7,    0,   -4,   -4,  -20,  -20,    0,    0,  -21,  -10,  -20,   -6,  -21,    0,    0,  -24,    0,    0,   -4,    0,    0,    0,  -16,   14,  -18,  -13,    0,    0,    0,   14,    0,    0,   -5,  -21,   14,    0,    0,    5,   -4,  -37,   -7,    0,   -7,    5,    0,    0,    0,    0,    0,    0,    0,    0,    0,    0,    0,   12,   12,    0,    0,
       0,    6,    0,    0,    0,    7,  -21,    0,  -17,    7,    0,    0,    0,    0,    0,    0,    0,    0,    0,    0,    0,    0,    0,    0,    0,    0,    0,    0,    0,   -4,    0,    0,    0,    0,    0,    0,    0,    0,    0,    0,    0,    0,    0,    0,    0,    0,    0,    0,    0,    0,    8,    0,    0,    0,    0,    0,    0,    0,    0,    0,    0,    0,    0,    0,    0,    0,    0,    0,    0,    0,    0,    0,    0,    0,    0,    0,    0,    0,    0,    0,    0,    0,    0,    0,    0,    0,    0,    0,   -8,    0,   11,    7,   -9,    0,    0,    0,    0,   12,   14,    0,   12,    7,    0,   12,    7,    0,    0,    0,    0,    0,    0,    0,    0,    0,   14,   13,    0,    0,    0,   14,    0,    0,   10,    0,    0,    0,    0,    0,    0,    0,    0,    0,    0,    0,    0,    0,    0,    0,    0,    9,   13,    0,    0,
       0,   -7,    0,   -4,    0,   -7,    8,    0,    0,    0,   -7,    0,    0,    0,    0,    0,    0,    0,    0,    0,    0,    0,    0,    0,    0,    0,    0,    0,    0,    0,    0,    0,    0,    0,    0,    0,    0,    0,    0,    0,    0,    0,    0,    0,    0,    0,    0,    0,    0,    0,    0,    0,    0,    0,    0,    0,    0,    0,    0,    0,    0,    0,    0,    0,    0,    0,    0,    0,    0,    0,    0,    0,    0,    0,    0,    0,    0,    0,    0,    0,    0,    0,    0,    0,    0,    0,    0,    0,    0,    0,    4,    0,    5,    0,    0,    0,    0,    0,    0,    0,    4,   -6,    0,    0,    0,    0,    0,    0,    0,    0,    0,    0,   14,    0,    0,    0,    0,    0,    0,    0,    0,    0,    0,    0,    0,    0,    0,    0,    0,    0,    0,    0,    0,    0,    0,    0,    0,    0,    0,   -6,    0,    0,    0,
       0,  -37,    0,   -4,    0,  -29,    8,    0,    0,    0,   -8,    0,    0,    0,    0,    0,    0,    0,    0,    0,    0,    0,    0,    0,    0,    0,    0,   -4,    0,    0,    0,    0,    0,    0,    0,    0,    0,    0,    0,    0,    0,    0,    0,    0,    0,    0,    0,    0,    0,    0,    0,    0,    0,    0,    0,    0,    0,    0,    0,    0,    0,    0,    0,    0,    0,    0,    0,    0,    0,    0,    0,    0,    0,    0,    0,    0,    0,    0,    0,    0,    0,    0,    0,    0,    0,    0,    0,    0,    0,    0,    4,    0,    5,    0,    0,    0,    0,  -17,    0,    0,    4,   -8,    0,  -13,    0,    0,    0,    0,    0,    0,    0,    0,   14,    0,  -12,    0,    0,    0,    0,  -14,    0,    0,   -8,    0,    0,    0,    0,    0,    0,    0,    0,    0,    0,    0,    0,    0,    0,    0,    0,  -33,  -36,    0,    0,
       0,  -13,    0,    0,    0,   -4,    0,   12,    0,    0,   -8,    0,    0,    0,    0,    0,    0,    0,    0,    0,    0,    0,    0,    0,    0,    0,    0,   -4,    0,    0,    0,    0,    0,    0,    0,    0,    0,    0,    0,    0,    0,    0,    0,    0,    0,    0,    0,    0,    0,    0,    0,    0,    0,    0,    0,    0,    0,    0,    0,    0,    0,    0,    0,    0,    0,    0,    0,  -18,    0,   -7,    0,    0,   -6,    0,    0,   -9,    0,    0,    0,    0,   -8,    0,   -6,   -7,    0,    0,    0,    0,    0,    0,   -5,    0,    0,    0,    0,    0,    0,    0,    0,    0,    0,    0,    0,    0,    0,    0,    0,    0,    0,    0,    0,    0,   14,    0,    0,    0,    0,    0,  -22,    0,    0,    0,    0,    0,    0,    0,    0,    0,    0,    0,    0,    0,    0,    0,    0,    0,    0,    0,    0,  -13,   -9,    0,    0,
       0,  -20,    0,    0,    0,  -13,    0,   10,    6,    0,   -9,    0,    0,    0,    0,    0,    0,    0,    0,    0,    0,    0,    0,    0,    0,    0,    0,    0,    0,    0,    0,    0,    0,    0,    0,    0,    0,    0,    0,    0,    0,    0,    0,    0,    0,    0,    0,    0,    0,    0,    0,    0,    0,    0,    0,    0,    0,    0,    0,    0,    0,    0,    0,    0,    0,    0,    0,    0,    0,    0,    0,    0,    0,    0,    0,    0,    0,    0,    0,    0,    0,    0,    0,    0,    0,    0,    0,    0,    0,    0,    0,    0,    0,    0,    0,    0,    0,   -9,    0,    0,    0,    0,    0,   -6,    0,    0,    0,    0,    0,    0,    0,    0,   17,    0,   -6,    0,    0,    0,    0,   -5,    0,    0,    0,    0,    0,    0,    0,    0,    0,    0,    0,    0,    0,    0,    0,    0,    0,    0,    0,  -18,  -18,    0,    0,
       0,    0,    0,  -13,   10,    0,  -26,  -18,  -30,   -9,    7,  -18,    0,    0,    0,    0,    0,    0,    0,    0,    0,    0,    0,    0,    0,    0,    0,    0,    0,   11,    0,    0,    0,    0,    0,    0,    0,    0,    0,    0,    0,    0,    0,    0,    0,    0,    0,   -6,   11,  -26,   -8,    0,    0,    0,    0,    0,    0,    0,    0,    0,    0,    0,    0,    0,    0,    0,    0,    8,  -13,   -4,  -29,  -25,    8,  -28,  -24,   10,    0,   -5,  -13,  -14,    8,    5,    0,  -11,  -14,   -9,  -11,  -11,  -27,  -23,    0,   -7,  -28,  -16,  -23,  -12,  -24,    0,    0,  -25,    0,   -7,  -11,    0,   -7,  -10,  -20,    9,  -21,  -17,    0,    0,    0,    9,    0,    0,  -13,  -23,   12,    0,    0,    0,   -8,  -24,  -14,    0,  -13,    0,    0,    0,    0,    0,    0,    0,    0,    0,    0,    0,    0,    0,    4,    0,    0,
       0,    0,    0,    0,    0,    0,  -13,    0,  -11,    0,    0,    0,    0,    0,    0,    0,    0,    0,    0,    0,    0,    0,    0,    0,    0,    0,    0,    0,    0,   -9,    0,    0,    0,    0,    0,    0,    0,    0,    0,    0,    0,    0,    0,    0,    0,    0,    0,    0,    0,    0,    4,    0,    0,    0,    0,    0,    0,    0,    0,    0,    0,    0,    0,    0,    0,    0,    0,    0,    0,    0,    0,    0,    0,    0,    0,    0,    0,    0,    0,    0,    0,    0,    0,    0,    0,    0,    0,    0,  -10,    0,    7,    0,   -9,    0,    0,    0,    0,    8,   10,    0,    8,    0,    0,    8,    0,    0,    0,    0,    0,    0,    0,    0,    0,    0,   10,    9,    0,    0,    0,   10,    0,    0,    5,    0,    0,    0,    0,    0,    0,    0,    0,    0,    0,    0,    0,    0,    0,    0,    0,    0,    9,    0,    0,
       0,  -24,    0,   -6,   -5,  -11,    4,    6,    0,    0,  -12,    0,    0,    0,    0,    0,    0,    0,    0,    0,    0,    0,    0,    0,    0,    0,    0,   -6,    0,  -17,    0,    0,    0,    0,    0,    0,    0,    0,    0,    0,    0,    0,    0,    0,    0,    0,    0,    0,  -12,    0,    0,    0,    0,    0,    0,    0,    0,    0,    0,    0,    0,    0,    0,    0,    0,    0,    0,  -25,    0,    0,    0,    0,    0,    0,    0,    0,    0,    0,    0,    0,    0,   -7,    0,    0,    0,    0,    0,    0,    0,    0,    0,    0,    0,    0,    0,    0,    0,    0,    0,    0,    0,    0,    0,    0,    0,    0,    0,    0,    0,    0,    0,    0,    0,    0,    0,    0,    0,    0,  -28,    0,    0,   -4,    0,    6,    0,    0,    0,    0,    0,    0,    0,    0,    0,    0,    0,    0,    0,    0,    0,  -24,  -20,    0,    0,
       0,  -13,    0,   -4,   -6,   -8,    0,    6,    0,    0,   -8,    0,    0,    0,    0,    0,    0,    0,    0,    0,    0,    0,    0,    0,    0,    0,    0,    0,    0,  -14,    0,    0,    0,    0,    0,    0,    0,    0,    0,    0,    0,    0,    0,    0,    0,    0,    0,    0,  -11,    0,    0,    0,    0,    0,    0,    0,    0,    0,    0,    0,    0,    0,    0,    0,    0,    0,    0,    0,    0,    0,    0,    0,    0,    0,    0,    0,    0,    0,    0,    0,    0,    0,    0,    0,    0,    0,    0,    0,    0,    0,    0,    0,    0,    0,    0,    0,    0,    0,    0,    0,    0,    0,    0,    0,    0,    0,    0,    0,    0,    0,    0,    0,   -4,    0,    0,    0,    0,    0,    0,    0,    0,    0,    0,    0,    0,    0,    0,    0,   -7,    0,    0,    0,    0,    0,    0,    0,    0,    0,    0,  -11,   -8,    0,    0,
       0,    0,    0,    0,   -8,    0,    0,    5,   -7,    0,   -6,    0,    0,    0,    0,    0,    0,    0,    0,    0,    0,    0,    0,    0,    0,    0,    0,   -4,    0,  -11,    0,    0,    0,    0,    0,    0,    0,    0,    0,    0,    0,    0,    0,    0,    0,    0,    0,    0,   -8,    0,    0,    0,    0,    0,    0,    0,    0,    0,    0,    0,    0,    0,    0,    0,    0,    0,    0,    0,    0,    0,    0,    0,   -7,    0,    0,    0,    0,    0,    0,    0,    0,    0,   -6,   -6,    0,    0,    0,    0,    0,    0,    0,    0,    0,    0,    0,    0,    0,    0,    0,    0,    0,    0,    0,    0,    0,    0,    0,    0,    0,    0,    0,    0,    0,    0,    0,    0,    0,    0,  -10,    0,    0,    0,    0,    0,    0,    0,    0,    0,    0,    0,    0,    0,    0,    0,    0,    0,    0,    0,    0,    0,    0,    0,    0,
       0,    0,    0,   -7,    0,  -14,    0,    0,    0,    0,    0,    0,    0,    0,    0,    0,    0,    0,    0,    0,    0,    0,    0,    0,    0,    0,    0,   -7,    0,    0,    0,    0,    0,    0,    0,    0,    0,    0,    0,    0,    0,    0,    0,    0,    0,    0,    0,    0,    0,    0,    0,    0,    0,    0,    0,    0,    0,    0,    0,    0,    0,    0,    0,    0,    0,    0,    0,    0,   -6,    0,    0,    0,    0,    0,    0,    0,    0,    0,   -7,   -9,    0,    0,    0,    0,    0,    0,    0,    0,    0,    0,    0,    0,    0,    0,    0,    0,    0,  -15,    0,    0,    0,   -8,    0,  -12,    0,    0,    0,    0,    0,    0,    0,    0,    6,    0,  -10,    0,   -7,    0,    0,  -15,    0,  -13,   -6,    0,    0,   -6,    0,    0,    0,    0,    0,    0,    0,    0,    0,    0,    0,    0,    0,    0,    0,    0,    0,
       0,    0,    0,   -4,    0,    0,    7,    0,    0,    0,    0,    0,    0,    0,    0,    0,    0,    0,    0,    0,    0,    0,    0,    0,    0,    0,    0,    0,    0,    0,    0,    0,    0,    0,    0,    0,    0,    0,    0,    0,    0,    0,    0,    0,    0,    0,    0,    0,    0,   -4,    0,    0,    0,    0,    0,    0,    0,    0,    0,    0,    0,    0,    0,    0,    0,    0,    0,    0,    0,    0,    0,    0,    0,    0,    0,    0,    0,    0,    0,    0,    0,    0,    0,    0,    0,    0,    0,    0,    0,    0,    4,    0,    5,    0,    0,    0,    0,    4,    6,    0,    5,    0,    0,    4,    0,    0,    0,    0,    0,    0,    0,    0,   14,    0,    6,    0,    0,    0,    0,    5,    0,    0,    0,    0,    0,    0,    0,    0,    0,    0,    0,    0,    0,    0,    0,    0,    0,    0,    0,    0,    5,    0,    0,
       0,    0,    0,    0,    0,    0,    0,    5,    0,    0,   -6,    0,    0,    0,    0,    0,    0,    0,    0,    0,    0,    0,    0,    0,    0,    0,    0,    0,    0,    0,    0,    0,    0,    0,    0,    0,    0,    0,    0,    0,    0,    0,    0,    0,    0,    0,    0,    0,    0,    0,    0,    0,    0,    0,    0,    0,    0,    0,    0,    0,    0,    0,    0,    0,    0,    0,    0,    0,    0,    0,    0,    0,    0,    0,    0,    0,    0,    0,    0,    0,    0,    0,    0,    0,    0,    0,    0,    0,    0,    0,    0,    0,    0,    0,    0,    0,    0,    0,    0,    0,    0,    0,    0,    0,    0,    0,    0,    0,    0,    0,    0,    0,   10,    0,    0,    0,    0,    0,    0,    0,    0,    0,    0,    0,    0,    0,    0,    0,   -6,    0,    0,    0,    0,    0,    0,    0,    0,    0,    0,    0,    0,    0,    0,
       0,    0,    0,    0,    0,    0,    9,    0,    0,    0,    0,    0,    0,    0,    0,    0,    0,    0,    0,    0,    0,    0,    0,    0,    0,    0,    0,    0,    0,    0,    0,    0,    0,    0,    0,    0,    0,    0,    0,    0,    0,    0,    0,    0,    0,    0,    0,    0,    0,    0,    0,    0,    0,    0,    0,    0,    0,    0,    0,    0,    0,    0,    0,    0,    0,    0,    0,    0,    0,    0,    5,    0,    0,    5,    0,    5,    0,    0,    0,   -7,    5,    0,    0,    0,    0,    0,    0,    0,    0,    0,    0,    0,    0,    0,    0,    0,    0,    0,    0,    0,    0,    0,    0,    0,    0,    0,    0,    0,    0,    0,    0,    0,    0,    0,    0,    0,    0,    0,    0,    0,    0,    0,    0,   11,    0,    0,    0,    0,    0,    0,    0,    0,    0,    0,    0,    0,    0,    0,    0,    0,    0,    0,    0,
       0,   -9,    0,    0,   -7,   -5,    0,   10,    0,    0,   -7,    0,    0,    0,    0,    0,    0,    0,    0,    0,    0,    0,    0,    0,    0,    0,    0,    0,    0,  -11,    0,    0,    0,    0,    0,    0,    0,    0,    0,    0,    0,    0,    0,    0,    0,    0,    0,    0,   -7,    0,    0,    0,    0,    0,    0,    0,    0,    0,    0,    0,    0,    0,    0,    0,    0,    0,    0,    0,    0,    0,    0,    0,    0,    0,    0,    0,    0,    0,    0,    0,    0,    0,    0,    0,    0,    0,    0,    0,    0,    0,    0,    0,    0,    0,    0,    0,    0,    0,    0,    0,    0,    0,    0,    0,    0,    0,    0,    0,    0,    0,    0,    0,    0,    0,    0,    0,    0,    0,    0,    0,    0,    0,    0,    0,    0,    0,    0,    0,   -4,    0,    0,    0,    0,    0,    0,    0,    0,    0,    0,   -7,   -7,    0,    0,
       0,    0,    0,    0,   -8,    0,   -6,    8,  -13,    0,   -6,    0,    0,    0,    0,    0,    0,    0,    0,    0,    0,    0,    0,    0,    0,    0,    0,    0,    0,  -11,    0,    0,    0,    0,    0,    0,    0,    0,    0,    0,    0,    0,    0,    0,    0,    0,    0,    0,   -8,    0,    0,    0,    0,    0,    0,    0,    0,    0,    0,    0,    0,    0,    0,    0,    0,    0,    0,    0,    0,    0,   -7,    0,   -8,   -8,    0,  -12,   -7,    0,    0,    0,  -11,    0,  -10,   -6,    0,    0,    0,    0,    0,    0,    0,    0,    0,    0,    0,    0,    0,    0,    0,    0,    0,    0,    0,    0,    0,    0,    0,    0,    0,    0,    0,    0,    0,    0,    0,    0,    0,    0,  -12,    0,    0,    0,    0,   -8,    0,    0,    0,   -9,    0,    0,    0,    0,    0,    0,    0,    0,    0,    0,    0,    0,    0,    0,    0,
       0,    0,    0,    0,    0,   -6,    0,    8,   -6,    0,    0,    0,    0,    0,    0,    0,    0,    0,    0,    0,    0,    0,    0,    0,    0,    0,    0,    0,    0,    0,    0,    0,    0,    0,    0,    0,    0,    0,    0,    0,    0,    0,    0,    0,    0,    0,    0,    0,    0,    0,    0,    0,    0,    0,    0,    0,    0,    0,    0,    0,    0,    0,    0,    0,    0,    0,    0,    0,    0,   -5,    0,    0,    0,    0,    0,    0,    0,    0,    0,    0,    0,    0,    0,   -7,    0,    0,    0,    0,    0,    0,   -6,    0,    0,    0,    0,    0,    0,   -8,   -6,    0,   -4,    0,    0,   -7,    0,    0,    0,    0,    0,    0,    0,    0,    0,    0,   -4,    0,    0,    0,    0,   -7,    0,    0,    0,    0,    0,    0,    0,    0,  -15,    0,    0,    0,    0,    0,    0,    0,    0,    0,    0,    0,    0,    0,    0,
       0,    0,    0,   -4,    0,    0,    7,    0,    0,    0,   -6,    0,    0,    0,    0,    0,    0,    0,    0,    0,    0,    0,    0,    0,    0,    0,    0,    0,    0,    0,    0,    0,    0,    0,    0,    0,    0,    0,    0,    0,    0,    0,    0,    0,    0,    0,    0,   -5,    0,   -6,    0,    0,    0,    0,    0,    0,    0,    0,    0,    0,    0,    0,    0,    0,    0,    0,    0,    0,    0,    0,    0,    0,    0,    0,    0,    0,    0,    0,    0,    0,    0,    0,    0,    0,    0,    0,    0,    0,    0,    0,    5,    0,    0,    0,    0,    0,    0,    0,    0,   -4,    5,    0,    0,    0,    0,    0,    0,    0,    0,    0,    0,    0,   15,    0,    0,    0,    0,    0,    0,    0,    0,    0,    0,    0,    0,    0,    0,    0,    0,    0,    0,    0,    0,    0,    0,    0,    0,    0,    0,    0,    0,    0,    0,
       0,    0,    0,    0,    0,    0,    0,    0,    0,    0,    0,    0,    0,    0,    0,    0,    0,    0,    0,    0,    0,    0,    0,    0,    0,    0,    0,    0,    0,    0,    0,    0,    0,    0,    0,    0,    0,    0,    0,    0,    0,    0,    0,    0,    0,    0,    0,    0,    0,    0,    0,    0,    0,    0,    0,    0,    0,    0,    0,    0,    0,    0,    0,    0,    0,    0,    0,    0,    0,    0,    0,    0,    0,    0,    0,    0,    0,    0,    0,    0,    0,    0,    0,    0,    0,    0,    0,    0,    0,    0,    0,    0,    0,    0,    0,    0,    0,    0,    0,    0,    0,    0,    0,    0,    0,    0,    0,    0,    0,    0,    0,    0,    0,    0,    0,    0,    0,    0,    0,    0,    0,    0,    0,    0,    0,    0,    0,    0,    0,   -1,    8,    0,    0,   -5,   -6,   -1,   -8,   -6,    0,    0,    0,    0,  -15,
       0,    0,    0,    0,    0,    0,    0,    0,    0,    0,    0,    0,    0,    0,    0,    0,    0,    0,    0,    0,    0,    0,    0,    0,    0,    0,    0,    0,    0,    0,    0,    0,    0,    0,    0,    0,    0,    0,    0,    0,    0,    0,    0,    0,    0,    0,    0,    0,    0,    0,    0,    0,    0,    0,    0,    0,    0,    0,    0,    0,    0,    0,    0,    0,    0,    0,    0,    0,    0,    0,    0,    0,    0,    0,    0,    0,    0,    0,    0,    0,    0,    0,    0,    0,    0,    0,    0,    0,    0,    0,    0,    0,    0,    0,    0,    0,    0,    0,    0,    0,    0,    0,    0,    0,    0,    0,    0,    0,    0,    0,    0,    0,    0,    0,    0,    0,    0,    0,    0,    0,    0,    0,    0,    0,    0,    0,    0,    0,    0,    0,    0,    0,    0,    0,    0,    0,  -12,    0,    0,    0,    0,    0,  -12,
       0,    0,    0,    0,    0,    0,    0,    0,    0,    0,    0,    0,    0,    0,    0,    0,    0,    0,    0,    0,    0,    0,    0,    0,    0,    0,    0,    0,    0,    0,    0,    0,    0,    0,    0,    0,    0,    0,    0,    0,    0,    0,    0,    0,    0,    0,    0,    0,    0,    0,    0,    0,    0,    0,    0,    0,    0,    0,    0,    0,    0,    0,    0,    0,    0,    0,    0,    0,    0,    0,    0,    0,    0,    0,    0,    0,    0,    0,    0,    0,    0,    0,    0,    0,    0,    0,    0,    0,    0,    0,    0,    0,    0,    0,    0,    0,    0,    0,    0,    0,    0,    0,    0,    0,    0,    0,    0,    0,    0,    0,    0,    0,    0,    0,    0,    0,    0,    0,    0,    0,    0,    0,    0,    0,    0,    0,    0,    0,    0,    0,    0,   -5,    0,    0,    0,    0,    0,   -5,    0,    0,    0,    0,    0,
       0,    0,    0,    0,    0,    0,    0,    0,    0,    0,    0,    0,    0,    0,    0,    0,    0,    0,    0,    0,    0,    0,    0,    0,    0,    0,    0,    0,    0,    0,    0,    0,    0,    0,    0,    0,    0,    0,    0,    0,    0,    0,    0,    0,    0,    0,    0,    0,    0,    0,    0,    0,    0,    0,    0,    0,    0,    0,    0,    0,    0,    0,    0,    0,    0,    0,    0,    0,    0,    0,    0,    0,    0,    0,    0,    0,    0,    0,    0,    0,    0,    0,    0,    0,    0,    0,    0,    0,    0,    0,    0,    0,    0,    0,    0,    0,    0,    0,    0,    0,    0,    0,    0,    0,    0,    0,    0,    0,    0,    0,    0,    0,    0,    0,    0,    0,    0,    0,    0,    0,    0,    0,    0,    0,    0,    0,    0,    0,    0,    0,   -6,    0,    0,    0,    0,    0,  -15,   -2,    5,    0,    0,    0,   -6,
       0,    0,    0,    0,    0,    0,    0,    0,    0,    0,    0,    0,    0,    0,    0,    0,    0,    0,    0,    0,    0,    0,    0,    0,    0,    0,    0,    0,    0,    0,    0,    0,    0,    0,    0,    0,    0,    0,    0,    0,    0,    0,    0,    0,    0,    0,    0,    0,    0,    0,    0,    0,    0,    0,    0,    0,    0,    0,    0,    0,    0,    0,    0,    0,    0,    0,    0,    0,    0,    0,    0,    0,    0,    0,    0,    0,    0,    0,    0,    0,    0,    0,    0,    0,    0,    0,    0,    0,    0,    0,    0,    0,    0,    0,    0,    0,    0,    0,    0,    0,    0,    0,    0,    0,    0,    0,    0,    0,    0,    0,    0,    0,    0,    0,    0,    0,    0,    0,    0,    0,    0,    0,    0,    0,    0,    0,    0,    0,    0,   -5,    0,    0,    0,    0,    0,    0,   -9,    0,    0,    0,    0,    0,    0,
       0,    0,    0,    0,    0,    0,    0,    0,    0,    0,    0,    0,    0,    0,    0,    0,    0,    0,    0,    0,    0,    0,    0,    0,    0,    0,    0,    0,    0,    0,    0,    0,    0,    0,    0,    0,    0,    0,    0,    0,    0,    0,    0,    0,    0,    0,    0,    0,    0,    0,    0,    0,    0,    0,    0,    0,    0,    0,    0,    0,    0,    0,    0,    0,    0,    0,    0,    0,    0,    0,    0,    0,    0,    0,    0,    0,    0,    0,    0,    0,    0,    0,    0,    0,    0,    0,    0,    0,    0,    0,    0,    0,    0,    0,    0,    0,    0,    0,    0,    0,    0,    0,    0,    0,    0,    0,    0,    0,    0,    0,    0,    0,    0,    0,    0,    0,    0,    0,    0,    0,    0,    0,    0,    0,    0,    0,    0,    0,    0,    0,   -6,    0,    0,    0,    0,    0,  -24,   -3,    1,    0,    0,    0,  -12,
       0,    0,    0,    0,    0,    0,    0,    0,    0,    0,    0,    0,    0,    0,    0,    0,    0,    0,    0,    0,    0,    0,    0,    0,    0,    0,    0,    0,    0,    0,    0,    0,    0,    0,    0,    0,    0,    0,    0,    0,    0,    0,    0,    0,    0,    0,    0,    0,    0,    0,    0,    0,    0,    0,    0,    0,    0,    0,    0,    0,    0,    0,    0,    0,    0,    0,    0,    0,    0,    0,    0,    0,    0,    0,    0,    0,    0,    0,    0,    0,    0,    0,    0,    0,    0,    0,    0,    0,    0,    0,    0,    0,    0,    0,    0,    0,    0,    0,    0,    0,    0,    0,    0,    0,    0,    0,    0,    0,    0,    0,    0,    0,    0,    0,    0,    0,    0,    0,    0,    0,    0,    0,    0,    0,    0,    0,    0,    0,    0,    0,    0,    0,    0,    0,    0,    0,    0,    0,    0,    0,    0,    0,    3,
       0,    0,    0,    0,    0,    0,    0,    0,    0,    0,    0,    0,    0,    0,    0,    0,    0,    0,    0,    0,    0,    0,    0,    0,    0,    0,    0,    0,    0,    0,    0,    0,    0,    0,    0,    0,    0,    0,    0,    0,    0,    0,    0,    0,    0,    0,    0,    0,    0,    0,    0,    0,    0,    0,    0,    0,    0,    0,    0,    0,    0,    0,    0,    0,    0,    0,    0,    0,    0,    0,    0,    0,    0,    0,    0,    0,    0,    0,    0,    0,    0,    0,    0,    0,    0,    0,    0,    0,    0,    0,    0,    0,    0,    0,    0,    0,    0,    0,    0,    0,    0,    0,    0,    0,    0,    0,    0,    0,    0,    0,    0,    0,    0,    0,    0,    0,    0,    0,    0,    0,    0,    0,    0,    0,    0,    0,    0,    0,    0,   -6,   -3,    0,    0,    0,    0,    0,   -8,    0,    0,    0,    0,    0,    0,
       0,    0,    0,    0,    0,    0,    0,    0,    0,    0,    0,    0,    0,    0,    0,    0,    0,    0,    0,    0,    0,    0,    0,    0,    0,    0,    0,    0,    0,    0,    0,    0,    0,    0,    0,    0,    0,    0,    0,    0,    0,    0,    0,    0,    0,    0,    0,    0,    0,    0,    0,    0,    0,    0,    0,    0,    0,    0,    0,    0,    0,    0,    0,    0,    0,    0,    0,    0,    0,    0,    0,    0,    0,    0,    0,    0,    0,    0,    0,    0,    0,    0,    0,    0,    0,    0,    0,    0,    0,    0,    0,    0,    0,    0,    0,    0,    0,    0,    0,    0,    0,    0,    0,    0,    0,    0,    0,    0,    0,    0,    0,    0,    0,    0,    0,    0,    0,    0,    0,    0,    0,    0,    0,    0,    0,    0,    0,    0,    0,    0,    0,    0,    0,    0,    0,    0,  -14,    0,    0,    0,    0,    0,    0,
       0,    0,    0,    0,    0,    0,    0,    0,    0,    0,    0,    0,    0,    0,    0,    0,    0,    0,    0,    0,    0,    0,    0,    0,    0,    0,    0,    0,    0,    0,    0,    0,    0,    0,    0,    0,    0,    0,    0,    0,    0,    0,    0,    0,    0,    0,    0,    0,    0,    0,    0,    0,    0,    0,    0,    0,    0,    0,    0,    0,    0,    0,    0,    0,    0,    0,    0,    0,    0,    0,    0,    0,    0,    0,    0,    0,    0,    0,    0,    0,    0,    0,    0,    0,    0,    0,    0,    0,    0,    0,    0,    0,    0,    0,    0,    0,    0,    0,    0,    0,    0,    0,    0,    0,    0,    0,    0,    0,    0,    0,    0,    0,    0,    0,    0,    0,    0,    0,    0,    0,    0,    0,    0,    0,    0,    0,    0,    0,    0,    0,   -9,    0,    0,    0,    0,    0,    0,    0,    0,    0,    0,    0,    0,
       0,    0,    0,    0,    0,    0,    0,    0,    0,    0,    0,    0,    0,    0,    0,    0,    0,    0,    0,    0,    0,    0,    0,    0,    0,    0,    0,    0,    0,    0,    0,    0,    0,    0,    0,    0,    0,    0,    0,    0,    0,    0,    0,    0,    0,    0,    0,    0,    0,    0,    0,    0,    0,    0,    0,    0,    0,    0,    0,    0,    0,    0,    0,    0,    0,    0,    0,    0,    0,    0,    0,    0,    0,    0,    0,    0,    0,    0,    0,    0,    0,    0,    0,    0,    0,    0,    0,    0,    0,    0,    0,    0,    0,    0,    0,    0,    0,    0,    0,    0,    0,    0,    0,    0,    0,    0,    0,    0,    0,    0,    0,    0,    0,    0,    0,    0,    0,    0,    0,    0,    0,    0,    0,    0,    0,    0,    0,    0,    0,    0,   -5,    0,   10,    0,    0,    0,    0,    5,    0,    0,    0,    0,    9,
       0,    0,    0,    0,    0,    0,    0,    0,    0,    0,    0,    0,    0,    0,    0,    0,    0,    0,    0,    0,    0,    0,    0,    0,    0,    0,    0,    0,    0,    0,    0,    0,    0,    0,    0,    0,    0,    0,    0,    0,    0,    0,    0,    0,    0,    0,    0,    0,    0,    0,    0,    0,    0,    0,    0,    0,    0,    0,    0,    0,    0,    0,    0,    0,    0,    0,    0,    0,    0,    0,    0,    0,    0,    0,    0,    0,    0,    0,    0,    0,    0,    0,    0,    0,    0,    0,    0,    0,    0,    0,    0,    0,    0,    0,    0,    0,    0,    0,    0,    0,    0,    0,    0,    0,    0,    0,    0,    0,    0,    0,    0,    0,    0,    0,    0,    0,    0,    0,    0,    0,    0,    0,    0,    0,    0,    0,    0,    0,    0,   -8,  -34,  -23,    0,   -8,   -5,  -17,    0,   -8,  -33,    0,    0,    0,   -6,
       0,    0,    0,    0,    0,    0,    0,    0,    0,    0,    0,    0,    0,    0,    0,    0,    0,    0,    0,    0,    0,    0,    0,    0,    0,    0,    0,    0,    0,    0,    0,    0,    0,    0,    0,    0,    0,    0,    0,    0,    0,    0,    0,    0,    0,    0,    0,    0,    0,    0,    0,    0,    0,    0,    0,    0,    0,    0,    0,    0,    0,    0,    0,    0,    0,    0,    0,    0,    0,    0,    0,    0,    0,    0,    0,    0,    0,    0,    0,    0,    0,    0,    0,    0,    0,    0,    0,    0,    0,    0,    0,    0,    0,    0,    0,    0,    0,    0,    0,    0,    0,    0,    0,    0,    0,    0,    0,    0,    0,    0,    0,    0,    0,    0,    0,    0,    0,    0,    0,    0,    0,    0,    0,    0,    0,    0,    0,    0,    0,    0,   -9,   -3,    0,    0,    0,    0,   -6,    0,    0,    0,    0,    0,    0,
       0,    0,    0,    0,    0,    0,    0,    0,    0,    0,    0,    0,    0,    0,    0,    0,    0,    0,    0,    0,    0,    0,    0,    0,    0,    0,    0,    0,    0,    0,    0,    0,    0,    0,    0,    0,    0,    0,    0,    0,    0,    0,    0,    0,    0,    0,    0,    0,    0,    0,    0,    0,    0,    0,    0,    0,    0,    0,    0,    0,    0,    0,    0,    0,    0,    0,    0,    0,    0,    0,    0,    0,    0,    0,    0,    0,    0,    0,    0,    0,    0,    0,    0,    0,    0,    0,    0,    0,    0,    0,    0,    0,    0,    0,    0,    0,    0,    0,    0,    0,    0,    0,    0,    0,    0,    0,    0,    0,    0,    0,    0,    0,    0,    0,    0,    0,    0,    0,    0,    0,    0,    0,    0,    0,    0,    0,    0,    0,    0,    0,    0,    0,    0,    0,    0,    0,  -33,    0,    0,    0,    0,    0,    0,
       0,    0,    0,    0,    0,    0,    0,    0,    0,    0,    0,    0,  -33,    0,  -12,  -12,  -38,   -8,  -12,    6,    8,    7,   11,   13,    6,   10,    9,    0,    0,    0,  -11,    0,  -13,  -17,    0,    0,    0,    0,    0,   -8,    0,    0,    5,    5,    0,    5,    0,    0,    0,    0,    0,  -78,    0,  -11,    0,    0,    0,  -28,    0,    0,    0,    0,    0,    0,    0,    0,    0,    8,    0,    6,  -38,  -24,    0,  -33,  -22,    5,    0,   -8,  -12,   -5,    6,    6,    0,    0,  -11,    0,    0,    0,  -17,  -13,    0,    0,  -18,   -6,  -17,    0,  -12,    0,    0,  -21,    0,    0,    0,    0,    0,    0,   -8,    6,   -9,   -8,    0,    0,    0,    6,    0,    0,    0,  -11,    6,    0,    0,    0,    0,  -40,   -6,    0,   -4,    0,    0,    0,    0,    0,    0,    0,    0,    0,    0,    0,    0,    0,    0,    0,    0,
       0,    0,    0,    0,    0,    0,    0,    0,    0,    0,    0,    0,  -39,    0,  -15,  -15,  -42,    0,  -15,   -8,    7,    5,   11,   12,    6,    9,    7,    0,    0,    0,  -25,   -4,  -29,  -29,   -8,   -4,   -4,    0,  -17,  -31,    0,  -13,   -4,   -4,    0,   -4,  -13,    0,    0,    0,    0,  -52,   -8,  -25,   -4,   -4,   -4,  -29,   -4,   -4,   -4,    0,    0,    0,    0,    0,    0,    7,   -7,   -8,  -42,  -26,    0,  -39,  -25,    0,    0,    0,  -15,  -10,    6,    0,    0,   -5,  -25,    0,   -8,   -8,  -23,  -20,    0,   -6,  -25,  -12,  -29,  -10,  -20,    0,    0,  -28,    0,    0,   -8,    0,   -6,   -7,  -15,    0,  -18,  -31,    0,    0,    0,    0,    0,    0,   -7,  -20,    5,    0,    0,    0,   -5,  -43,  -12,   -5,  -11,    0,   -7,    0,    0,    0,    0,    0,    0,    0,    0,    0,    0,    0,    0,    0,    0,
       0,    0,    0,    0,    0,    0,    0,    0,    0,    0,    0,    0,    8,    0,  -13,  -13,    9,    0,  -13,    4,  -30,   -8,  -50,  -30,    9,  -43,    8,    0,    0,    0,    4,    4,    0,    0,    4,    4,    4,   12,    4,    4,    0,    4,  -16,  -12,    8,  -16,   10,    0,    0,    0,    0,    9,    0,    4,    4,    4,    4,    0,    4,    4,    4,    0,    0,    0,    0,    0,    0,    0,    0,    0,    0,    0,    0,    0,    0,    0,    0,    0,    0,    0,    0,    0,    0,    0,    0,    0,    0,    0,    0,    0,    0,    0,    0,    0,    0,    0,    0,    0,    0,    0,    0,    0,    0,    0,    0,    0,    0,    0,    0,    0,    0,    0,    0,    0,    0,    0,    0,    0,    0,    0,    0,    0,    0,    0,    0,    0,    0,    0,    0,    0,    0,    0,    0,    0,    0,    0,    0,    0,    0,    0,    0,    0,    0,
};

static const EpdLigaturePair ubuntu_12_boldLigaturePairs[] = {
    { 0x00660066, 0xFB00 }, // f f -> U+FB00
    { 0x00660069, 0xFB01 }, // f i -> U+FB01
    { 0x0066006C, 0xFB02 }, // f l -> U+FB02
    { 0xFB000069, 0xFB03 }, // U+FB00 i -> U+FB03
    { 0xFB00006C, 0xFB04 }, // U+FB00 l -> U+FB04
};

static const EpdFontData ubuntu_12_bold = {
    ubuntu_12_boldBitmaps,
    ubuntu_12_boldGlyphs,
    ubuntu_12_boldIntervals,
    409,
    29,
    24,
    -5,
    false,
    nullptr,
    0,
    nullptr,
    ubuntu_12_boldKernLeftClasses,
    ubuntu_12_boldKernRightClasses,
    ubuntu_12_boldKernMatrix,
    634,
    615,
    167,
    143,
    ubuntu_12_boldLigaturePairs,
    5,
};
